timestamp,drone_id,role,mode,x,y,z,target_x,target_y,target_z,error_x,error_y,error_z,rc_lr,rc_fb,rc_ud,rc_yaw,height,battery,process_time,quat_x,quat_y,quat_z,quat_w,trust,obs_error_x,obs_error_y,obs_error_z,obs_state_x,obs_state_y,obs_state_z,battery,height,leader_status,exec_time,control_anomaly,position_missing
1754547868.7222087,0,leader,manual,0.062272053211927414,0.055207863450050354,0.09119191020727158,0,1,0,-0.062272053211927414,0.9447921365499496,-0.09119191020727158,0,0,0,0,0,100,0,0.008415347896516323,0.03352722153067589,0.002674894640222192,-0.9993988275527954,1.0,0.0,0.0,0.0,0.0,0.0,0.0,0,0
1754547868.7224493,1,follower,manual,0.06946379691362381,0.057461485266685486,0.827931821346283,0,1,1,-0.06946379691362381,0.9425385147333145,0.17206817865371704,0,0,0,0,0,100,0,0.008415347896516323,0.03352722153067589,0.002674894640222192,-0.9993988275527954,1.0,0.0,0.0,0.0,0.0,0.0,0.0,0,0
1754547868.9411294,0,leader,manual,0.06227760389447212,0.055214278399944305,0.09119042009115219,0,1,0,-0.06227760389447212,0.9447857216000557,-0.09119042009115219,0,0,0,0,0,100,0,0.00845540314912796,0.033489543944597244,0.002660302212461829,-0.9993998408317566,1.0,0.0,0.0,0.0,0.0,0.0,0.0,0,0
1754547868.9414024,1,follower,manual,0.06947281211614609,0.05747399851679802,0.8279298543930054,0,1,1,-0.06947281211614609,0.942526001483202,0.17207014560699463,0,0,0,0,0,100,0,0.00845540314912796,0.033489543944597244,0.002660302212461829,-0.9993998408317566,1.0,0.0,0.0,0.0,0.0,0.0,0.0,0,0
1754547869.1438508,0,leader,manual,0.062282782047986984,0.05520942807197571,0.09119727462530136,0,1,0,-0.062282782047986984,0.9447905719280243,-0.09119727462530136,0,0,0,0,0,100,0,0.008520041592419147,0.0335344634950161,0.002715868642553687,-0.9993975758552551,1.0,0.0,0.0,0.0,0.0,0.0,0.0,0,0
1754547869.1441336,1,follower,manual,0.0694783478975296,0.05748249962925911,0.8279109597206116,0,1,1,-0.0694783478975296,0.9425175003707409,0.17208904027938843,0,0,0,0,0,100,0,0.008520041592419147,0.0335344634950161,0.002715868642553687,-0.9993975758552551,1.0,0.0,0.0,0.0,0.0,0.0,0.0,0,0
1754547869.3494048,0,leader,manual,0.0622829832136631,0.05521390587091446,0.09120017290115356,0,1,0,-0.0622829832136631,0.9447860941290855,-0.09120017290115356,0,0,0,0,0,100,0,0.008509236387908459,0.033567409962415695,0.0026963921263813972,-0.9993966221809387,1.0,0.0,0.0,0.0,0.0,0.0,0.0,0,0
1754547869.3506043,1,follower,manual,0.06948596239089966,0.05749540403485298,0.827913761138916,0,1,1,-0.06948596239089966,0.942504595965147,0.17208623886108398,0,0,0,0,0,100,0,0.008509236387908459,0.033567409962415695,0.0026963921263813972,-0.9993966221809387,1.0,0.0,0.0,0.0,0.0,0.0,0.0,0,0
1754547869.488173,0,leader,manual,0.06227672100067139,0.05520236864686012,0.09120321273803711,0,1,0,-0.06227672100067139,0.9447976313531399,-0.09120321273803711,0,0,0,0,0,100,0,0.008481224998831749,0.03352120891213417,0.0026404699310660362,-0.9993985891342163,1.0,0.0,0.0,0.0,0.0,0.0,0.0,0,0
1754547869.5886254,1,follower,manual,0.06946432590484619,0.05747338756918907,0.8279421925544739,0,1,1,-0.06946432590484619,0.9425266124308109,0.17205780744552612,0,0,0,0,0,100,0,0.008481224998831749,0.03352120891213417,0.0026404699310660362,-0.9993985891342163,1.0,0.0,0.0,0.0,0.0,0.0,0.0,0,0
1754547869.7573376,0,leader,manual,0.062265023589134216,0.05521170049905777,0.09121155738830566,0,1,0,-0.062265023589134216,0.9447882995009422,-0.09121155738830566,0,0,0,0,0,100,0,0.008491428568959236,0.03353378549218178,0.0026684205513447523,-0.9993979334831238,1.0,0.0,0.0,0.0,0.0,0.0,0.0,0,0
1754547869.8575654,1,follower,manual,0.06946127116680145,0.05745968222618103,0.8279521465301514,0,1,1,-0.06946127116680145,0.942540317773819,0.17204785346984863,0,0,0,0,0,100,0,0.008491428568959236,0.03353378549218178,0.0026684205513447523,-0.9993979334831238,1.0,0.0,0.0,0.0,0.0,0.0,0.0,0,0
1754547869.9602776,0,leader,manual,0.062269072979688644,0.0551949068903923,0.0911877229809761,0,1,0,-0.062269072979688644,0.9448050931096077,-0.0911877229809761,0,0,0,0,0,100,0,0.008442724123597145,0.03352773189544678,0.002677484881132841,-0.9993985295295715,1.0,0.0,0.0,0.0,0.0,0.0,0.0,0,0
1754547870.060655,1,follower,manual,0.06945814192295074,0.05746898800134659,0.8279213905334473,0,1,1,-0.06945814192295074,0.9425310119986534,0.17207860946655273,0,0,0,0,0,100,0,0.008442724123597145,0.03352773189544678,0.002677484881132841,-0.9993985295295715,1.0,0.0,0.0,0.0,0.0,0.0,0.0,0,0
1754547870.2010384,0,leader,manual,0.06227424368262291,0.05519714951515198,0.09120038151741028,0,1,0,-0.06227424368262291,0.944802850484848,-0.09120038151741028,0,0,0,0,0,100,0,0.008460216224193573,0.03351285308599472,0.002694448223337531,-0.999398946762085,1.0,0.0,0.0,0.0,0.0,0.0,0.0,0,0
1754547870.3014233,1,follower,manual,0.0694756880402565,0.05747316777706146,0.8279349207878113,0,1,1,-0.0694756880402565,0.9425268322229385,0.17206507921218872,0,0,0,0,0,100,0,0.008460216224193573,0.03351285308599472,0.002694448223337531,-0.999398946762085,1.0,0.0,0.0,0.0,0.0,0.0,0.0,0,0
1754547878.72029,0,leader,manual,0.06228093057870865,0.055198077112436295,0.09119062125682831,0,1,0,-0.06228093057870865,0.9448019228875637,-0.09119062125682831,0,0,0,0,0,100,0,0.008517042733728886,0.03353583812713623,0.0027099258732050657,-0.9993975758552551,1.0,0.0,0.0,0.0,0.0,0.0,0.0,0,0
1754547878.8207955,1,follower,manual,0.0694691389799118,0.05746009945869446,0.827927827835083,0,1,1,-0.0694691389799118,0.9425399005413055,0.172072172164917,0,0,0,0,80,100,0,0.008517042733728886,0.03353583812713623,0.0027099258732050657,-0.9993975758552551,1.0,0.0,0.0,0.0,0.0,0.0,0.0,0,0
1754547878.821343,0,leader,manual,0.2057318389415741,0.8623911738395691,0.31887078285217285,0,1,0,-0.2057318389415741,0.1376088261604309,-0.31887078285217285,0,0,0,0,90,100,0,0.0022538246121257544,0.038131874054670334,0.008510095067322254,-0.9992339611053467,,,,,,,,0,0
1754547878.9216158,1,follower,manual,-0.07626618444919586,0.8519220948219299,0.8593876361846924,0,1,1,0.07626618444919586,0.14807790517807007,0.14061236381530762,0,0,0,0,80,100,0,0.0022538246121257544,0.038131874054670334,0.008510095067322254,-0.9992339611053467,,,,,,,,0,0
1754547879.1307995,0,leader,manual,0.2057318389415741,0.8623911738395691,0.31887078285217285,0,1,0,-0.2057318389415741,0.1376088261604309,-0.31887078285217285,0,0,0,0,0,100,0,0.0022538246121257544,0.038131874054670334,0.008510095067322254,-0.9992339611053467,1.0,0.0,0.0,0.0,0.0,0.0,0.0,0,0
1754547879.232764,1,follower,manual,-0.07626618444919586,0.8519220948219299,0.8593876361846924,0,1,1,0.07626618444919586,0.14807790517807007,0.14061236381530762,0,0,0,0,80,100,0,0.0022538246121257544,0.038131874054670334,0.008510095067322254,-0.9992339611053467,1.0,0.0,0.0,0.0,0.0,0.0,0.0,0,0
1754547879.234109,0,leader,manual,0.21326005458831787,0.8642004132270813,0.32479560375213623,0,1,0,-0.21326005458831787,0.1357995867729187,-0.32479560375213623,0,0,0,0,90,100,0,0.003991864155977964,0.0343940295279026,0.01225359458476305,-0.9993252158164978,,,,,,,,0,0
1754547879.3344626,1,follower,manual,-0.07996227592229843,0.8637211322784424,0.8598688244819641,0,1,1,0.07996227592229843,0.13627886772155762,0.1401311755180359,0,0,0,0,80,100,0,0.003991864155977964,0.0343940295279026,0.01225359458476305,-0.9993252158164978,,,,,,,,0,0
1754547879.4492416,0,leader,manual,0.21326005458831787,0.8642004132270813,0.32479560375213623,0,1,0,-0.21326005458831787,0.1357995867729187,-0.32479560375213623,0,0,0,0,0,100,0,0.003991864155977964,0.0343940295279026,0.01225359458476305,-0.9993252158164978,1.0,0.0,0.0,0.0,0.0,0.0,0.0,0,0
1754547879.5496705,1,follower,manual,-0.07996227592229843,0.8637211322784424,0.8598688244819641,0,1,1,0.07996227592229843,0.13627886772155762,0.1401311755180359,0,0,0,0,90,100,0,0.003991864155977964,0.0343940295279026,0.01225359458476305,-0.9993252158164978,1.0,0.0,0.0,0.0,0.0,0.0,0.0,0,0
1754547879.5499282,0,leader,manual,0.21935537457466125,0.866123378276825,0.33002570271492004,0,1,0,-0.21935537457466125,0.13387662172317505,-0.33002570271492004,0,0,0,0,90,100,0,-0.0016978686908259988,0.032923635095357895,0.004651074297726154,-0.9994456768035889,,,,,,,,0,0
1754547879.6509721,1,follower,manual,-0.07748865336179733,0.8748745322227478,0.8555478453636169,0,1,1,0.07748865336179733,0.1251254677772522,0.14445215463638306,0,0,0,0,90,100,0,-0.0016978686908259988,0.032923635095357895,0.004651074297726154,-0.9994456768035889,,,,,,,,0,0
1754547879.755236,0,leader,manual,0.21935537457466125,0.866123378276825,0.33002570271492004,0,1,0,-0.21935537457466125,0.13387662172317505,-0.33002570271492004,0,0,0,0,0,100,0,-0.0016978686908259988,0.032923635095357895,0.004651074297726154,-0.9994456768035889,1.0,0.0,0.0,0.0,0.0,0.0,0.0,0,0
1754547879.8579178,1,follower,manual,-0.07748865336179733,0.8748745322227478,0.8555478453636169,0,1,1,0.07748865336179733,0.1251254677772522,0.14445215463638306,0,0,0,0,90,100,0,-0.0016978686908259988,0.032923635095357895,0.004651074297726154,-0.9994456768035889,1.0,0.0,0.0,0.0,0.0,0.0,0.0,0,0
1754547879.8585382,0,leader,manual,0.225288987159729,0.8686283230781555,0.3349051773548126,0,1,0,-0.225288987159729,0.13137167692184448,-0.3349051773548126,0,0,0,0,90,100,0,0.0011507247108966112,0.033898744732141495,0.006228613201528788,-0.9994052648544312,,,,,,,,0,0
1754547879.9588275,1,follower,manual,-0.07858721911907196,0.883415699005127,0.8546606302261353,0,1,1,0.07858721911907196,0.11658430099487305,0.14533936977386475,0,0,0,0,90,100,0,0.0011507247108966112,0.033898744732141495,0.006228613201528788,-0.9994052648544312,,,,,,,,0,0
1754547880.0628283,0,leader,manual,0.225288987159729,0.8686283230781555,0.3349051773548126,0,1,0,-0.225288987159729,0.13137167692184448,-0.3349051773548126,0,0,0,0,0,100,0,0.0011507247108966112,0.033898744732141495,0.006228613201528788,-0.9994052648544312,1.0,0.0,0.0,0.0,0.0,0.0,0.0,0,0
1754547880.1634066,1,follower,manual,-0.07858721911907196,0.883415699005127,0.8546606302261353,0,1,1,0.07858721911907196,0.11658430099487305,0.14533936977386475,0,0,0,0,90,100,0,0.0011507247108966112,0.033898744732141495,0.006228613201528788,-0.9994052648544312,1.0,0.0,0.0,0.0,0.0,0.0,0.0,0,0
1754547880.164225,0,leader,manual,0.23290273547172546,0.871773898601532,0.3398907482624054,0,1,0,-0.23290273547172546,0.12822610139846802,-0.3398907482624054,0,0,0,0,90,100,0,0.000287054805085063,0.034173935651779175,0.007079931441694498,-0.9993908405303955,,,,,,,,0,0
1754547880.2645895,1,follower,manual,-0.0835166946053505,0.8905885815620422,0.8540471792221069,0,1,1,0.0835166946053505,0.10941141843795776,0.14595282077789307,0,0,0,0,90,100,0,0.000287054805085063,0.034173935651779175,0.007079931441694498,-0.9993908405303955,,,,,,,,0,0
1754547880.3658094,0,leader,manual,0.23290273547172546,0.871773898601532,0.3398907482624054,0,1,0,-0.23290273547172546,0.12822610139846802,-0.3398907482624054,0,0,0,0,0,100,0,0.000287054805085063,0.034173935651779175,0.007079931441694498,-0.9993908405303955,1.0,0.0,0.0,0.0,0.0,0.0,0.0,0,0
1754547880.4663088,1,follower,manual,-0.0835166946053505,0.8905885815620422,0.8540471792221069,0,1,1,0.0835166946053505,0.10941141843795776,0.14595282077789307,0,0,0,0,90,100,0,0.000287054805085063,0.034173935651779175,0.007079931441694498,-0.9993908405303955,1.0,0.0,0.0,0.0,0.0,0.0,0.0,0,0
1754547880.4679747,0,follower,auto,0.2405565232038498,0.873039186000824,0.344430148601532,0,1,0,-0.2405565232038498,0.12696081399917603,-0.344430148601532,-19.988288402557373,-20,12.30463124513626,0,90,100,0.00037384033203125,-0.0012510530650615692,0.03316504880785942,0.008311058394610882,-0.9994145631790161,,,,,,,,0,0
1754547880.5686736,1,follower,auto,-0.0927964523434639,0.8925585150718689,0.8521488904953003,0.0,1.0,1.0,0.0927964523434639,0.1074414849281311,0.1478511095046997,13.988288402557373,9.200011785328389,10.29536875486374,0,90,100,0.10040760040283203,-0.0012510530650615692,0.03316504880785942,0.008311058394610882,-0.9994145631790161,,,,,,,,0,0
1754547880.710661,0,leader,auto,0.2405565232038498,0.873039186000824,0.344430148601532,0,1,0,-0.2405565232038498,0.12696081399917603,-0.344430148601532,0,0,0,0,0,100,0,-0.0012510530650615692,0.03316504880785942,0.008311058394610882,-0.9994145631790161,0.8,0.2405565232038498,0.873039186000824,0.344430148601532,0.1202782616019249,0.436519593000412,0.172215074300766,0,0
1754547880.8111618,1,follower,auto,-0.0927964523434639,0.8925585150718689,0.8521488904953003,0.0,1.0,1.0,0.0927964523434639,0.1074414849281311,0.1478511095046997,0,0,0,0,90,100,0,-0.0012510530650615692,0.03316504880785942,0.008311058394610882,-0.9994145631790161,0.8,-0.0927964523434639,0.8925585150718689,0.8521488904953003,-0.04639822617173195,0.44627925753593445,0.42607444524765015,0,0
1754547880.8130767,0,follower,auto,0.2455819994211197,0.8741651177406311,0.3511749505996704,0,1,0,-0.2455819994211197,0.1258348822593689,-0.3511749505996704,-19.99582830667496,-20,12.272365844249725,0,90,100,0.0004010200500488281,-0.0035043328534811735,0.03328977897763252,0.010637479834258556,-0.9993830919265747,,,,,,,,0,0
1754547880.9149115,1,follower,auto,-0.10291769355535507,0.8889994621276855,0.8523316383361816,0.0,1.0,1.0,0.10291769355535507,0.11100053787231445,0.14766836166381836,14.006047415733338,10.251609028875828,11.298538446426392,0,90,100,0.10052108764648438,-0.0035043328534811735,0.03328977897763252,0.010637479834258556,-0.9993830919265747,,,,,,,,0,0
1754547881.0182672,0,leader,auto,0.2455819994211197,0.8741651177406311,0.3511749505996704,0,1,0,-0.2455819994211197,0.1258348822593689,-0.3511749505996704,0,0,0,0,0,100,0,-0.0035043328534811735,0.03328977897763252,0.010637479834258556,-0.9993830919265747,0.9048374180359595,0.08846478119492529,0.3965210701227188,0.1425451346516609,0.20134960882365704,0.6759045826792717,0.27990238327384,0,0
1754547881.118579,1,follower,auto,-0.10291769355535507,0.8889994621276855,0.8523316383361816,0.0,1.0,1.0,0.10291769355535507,0.11100053787231445,0.14766836166381836,0,0,0,0,90,100,0,-0.0035043328534811735,0.03328977897763252,0.010637479834258556,-0.9993830919265747,0.9048374180359595,-0.04082370393425226,0.36625282013416294,0.35631140199899675,-0.08250584158822893,0.705873052060604,0.6741759373366832,0,0
1754547881.1189938,0,follower,auto,0.24221402406692505,0.8829231262207031,0.35493004322052,0,1,0,-0.24221402406692505,0.11707687377929688,-0.35493004322052,-20,-20,11.278166214227676,0,90,100,0.00012969970703125,-0.007215097080916166,0.03450263664126396,0.00943106971681118,-0.9993341565132141,,,,,,,,0,0
1754547881.2193482,1,follower,auto,-0.10703472793102264,0.8900610208511353,0.8589901328086853,0.0,1.0,1.0,0.10703472793102264,0.10993897914886475,0.1410098671913147,13.995743123292923,10.239593559503556,10.269368007183076,0,90,100,0.10025382041931152,-0.007215097080916166,0.03450263664126396,0.00943106971681118,-0.9993341565132141,,,,,,,,0,0
1754547881.3858318,0,leader,auto,0.24221402406692505,0.8829231262207031,0.35493004322052,0,1,0,-0.24221402406692505,0.11707687377929688,-0.35493004322052,0,0,0,0,0,100,0,-0.007215097080916166,0.03450263664126396,0.00943106971681118,-0.9993341565132141,0.75,-0.02216707606464624,0.15813344232201576,0.016362393029570543,0.25329756209924814,0.8038564050596952,0.34674884670573475,0,0
1754547881.4864328,1,follower,auto,-0.10703472793102264,0.8900610208511353,0.8589901328086853,0.0,1.0,1.0,0.10703472793102264,0.10993897914886475,0.1410098671913147,0,0,0,0,90,100,0,-0.007215097080916166,0.03450263664126396,0.00943106971681118,-0.9993341565132141,0.75,0.00427614541085064,0.06807683950781829,0.07862806779611109,-0.10917280063644796,0.856022601097226,0.8196760989106298,0,0
1754547881.487613,0,follower,auto,0.2277134209871292,0.8986375331878662,0.3545305132865906,0,1,0,-0.2277134209871292,0.10136246681213379,-0.3545305132865906,-20,-20,10.310796493172646,0,90,100,0.0003559589385986328,-0.009496452286839485,0.0345807783305645,0.00700081791728735,-0.9993323683738708,,,,,,,,0,0
1754547881.588284,1,follower,auto,-0.10528367757797241,0.8994017243385315,0.8818628787994385,0.0,1.0,1.0,0.10528367757797241,0.1005982756614685,0.11813712120056152,10.960318288683892,10.201457140147687,10.17907626581192,0,90,100,0.10041499137878418,-0.009496452286839485,0.0345807783305645,0.00700081791728735,-0.9993323683738708,,,,,,,,0,0
1754547881.726426,0,leader,auto,0.2277134209871292,0.8986375331878662,0.3545305132865906,0,1,0,-0.2277134209871292,0.10136246681213379,-0.3545305132865906,0,0,0,0,0,100,0,-0.009496452286839485,0.0345807783305645,0.00700081791728735,-0.9993323683738708,0.9,-0.10706393709550793,0.054826685946214204,-0.06330713406255128,0.2812453895348832,0.871224190214759,0.3861840803178662,0,0
1754547881.8267865,1,follower,auto,-0.10528367757797241,0.8994017243385315,0.8818628787994385,0.0,1.0,1.0,0.10528367757797241,0.1005982756614685,0.11813712120056152,0,0,0,0,90,100,0,-0.009496452286839485,0.0345807783305645,0.00700081791728735,-0.9993323683738708,0.9,0.0426344181928639,-0.09149312793024766,-0.05977268053999307,-0.12660088667440436,0.9451482883036553,0.911749219069435,0,0
1754547881.8273172,0,follower,auto,0.20931366086006165,0.9201539158821106,0.34798097610473633,0,1,0,-0.20931366086006165,0.0798460841178894,-0.34798097610473633,-20,-20,7.365492328965664,0,90,100,0.00017786026000976562,-0.007805093191564083,0.03511544317007065,0.006991339381784201,-0.9993283748626709,,,,,,,,0,0
1754547881.9277616,1,follower,auto,-0.10227567702531815,0.9071170091629028,0.914089560508728,0.0,1.0,1.0,0.10227567702531815,0.09288299083709717,0.08591043949127197,7.963650988781453,10.174817664712668,9.093625491714478,0,90,100,0.10029959678649902,-0.007805093191564083,0.03511544317007065,0.006991339381784201,-0.9993283748626709,,,,,,,,0,0
1754547882.0497158,0,leader,auto,0.20931366086006165,0.9201539158821106,0.34798097610473633,0,1,0,-0.20931366086006165,0.0798460841178894,-0.34798097610473633,0,0,0,0,0,100,0,-0.007805093191564083,0.03511544317007065,0.006991339381784201,-0.9993283748626709,1.0,-0.16591704906152505,0.02513741546915982,-0.11517120196533104,0.29227218539082417,0.9075852081475306,0.40556657708740185,0,0
1754547882.1504538,1,follower,auto,-0.10227567702531815,0.9071170091629028,0.914089560508728,0.0,1.0,1.0,0.10227567702531815,0.09288299083709717,0.08591043949127197,0,0,0,0,90,100,0,-0.007805093191564083,0.03511544317007065,0.006991339381784201,-0.9993283748626709,1.0,0.07028755265012179,-0.1774593296458722,-0.125614107617521,-0.13741945335037903,0.9958466739858389,0.9768966143174885,0,0
1754547882.152062,0,follower,auto,0.18926754593849182,0.939586341381073,0.3380732238292694,0,1,0,-0.18926754593849182,0.060413658618927,-0.3380732238292694,-20,-18.059347604180573,6.418532684136629,0,90,100,0.0005033016204833984,-0.0030718850903213024,0.03449103608727455,0.0050449734553694725,-0.9993875622749329,,,,,,,,0,0
1754547882.253016,1,follower,auto,-0.0980944111943245,0.9114124774932861,0.953359842300415,0.0,1.0,1.0,0.0980944111943245,0.08858752250671387,0.04664015769958496,3.9856120047700405,9.151215076383949,8.015880038099288,0,90,100,0.10053205490112305,-0.0030718850903213024,0.03449103608727455,0.0050449734553694725,-0.9993875622749329,,,,,,,,0,0
1754547882.390749,0,leader,auto,0.18926754593849182,0.939586341381073,0.3380732238292694,0,1,0,-0.18926754593849182,0.060413658618927,-0.3380732238292694,0,0,0,0,0,100,0,-0.0030718850903213024,0.03449103608727455,0.0050449734553694725,-0.9993875622749329,1.0,-0.2053757664047291,0.026449203952509492,-0.1437649592017261,0.29195542914085637,0.9263617394048183,0.40995570343013243,0,0
1754547882.4911418,1,follower,auto,-0.0980944111943245,0.9114124774932861,0.953359842300415,0.0,1.0,1.0,0.0980944111943245,0.08858752250671387,0.04664015769958496,0,0,0,0,90,100,0,-0.0030718850903213024,0.03449103608727455,0.0050449734553694725,-0.9993875622749329,1.0,0.09054207413629425,-0.21940374491124293,-0.1517918590323757,-0.1433654482624716,1.0211143499489075,1.0292557718166029,0,0
1754547882.4917247,0,follower,auto,0.16535019874572754,0.9527612924575806,0.3242909014225006,0,1,0,-0.16535019874572754,0.047238707542419434,-0.3242909014225006,-20,-16.022953024198173,4.4755892457631825,0,90,100,0.0001773834228515625,-0.00020991837664041668,0.03555448353290558,0.00619595916941762,-0.9993485808372498,,,,,,,,0,0
1754547882.5921524,1,follower,auto,-0.09686105698347092,0.9130628705024719,0.9957830309867859,0.0,1.0,1.0,0.09686105698347092,0.08693712949752808,0.004216969013214111,0.00749970846569538,9.145786036383212,7.954442932533264,0,90,100,0.10023736953735352,-0.00020991837664041668,0.03555448353290558,0.00619595916941762,-0.9993485808372498,,,,,,,,0,0
1754547882.6962962,0,leader,auto,0.16535019874572754,0.9527612924575806,0.3242909014225006,0,1,0,-0.16535019874572754,0.047238707542419434,-0.3242909014225006,0,0,0,0,0,100,0,-0.00020991837664041668,0.03555448353290558,0.00619595916941762,-0.9993485808372498,1.0,-0.2326594013033751,0.03899617949505374,-0.15829139349124127,0.2816798993974151,0.9332632027100537,0.4034365981681213,0,0
1754547882.7965438,1,follower,auto,-0.09686105698347092,0.9130628705024719,0.9957830309867859,0.0,1.0,1.0,0.09686105698347092,0.08693712949752808,0.004216969013214111,0,0,0,0,90,100,0,-0.00020991837664041668,0.03555448353290558,0.00619595916941762,-0.9993485808372498,1.0,0.10053469314608376,-0.2316483777261087,-0.1591182777509521,-0.1471284035565128,1.0288870593655264,1.075342169862262,0,0
1754547882.7969213,0,follower,auto,0.14465627074241638,0.9565451741218567,0.3096526861190796,0,1,0,-0.14465627074241638,0.04345482587814331,-0.3096526861190796,-20,-14.019304907378423,4.515372611345875,0,90,100,0.00011110305786132812,0.0017796861939132214,0.036472566425800323,0.00702050793915987,-0.9993084073066711,,,,,,,,0,0
1754547882.897192,1,follower,auto,-0.09956293553113937,0.9099418520927429,1.0297925472259521,0.0,1.0,1.0,0.09956293553113937,0.09005814790725708,-0.02979254722595215,-1.963825532873881,9.15441719854805,8.952277578212929,0,90,100,0.10020256042480469,0.0017796861939132214,0.036472566425800323,0.00702050793915987,-0.9993084073066711,,,,,,,,0,0
1754547883.0213015,0,leader,auto,0.14465627074241638,0.9565451741218567,0.3096526861190796,0,1,0,-0.14465627074241638,0.04345482587814331,-0.3096526861190796,0,0,0,0,0,100,0,0.0017796861939132214,0.036472566425800323,0.00702050793915987,-0.9993084073066711,1.0,-0.2428145944962069,0.05314886528944063,-0.15980569523402743,0.26606356799051983,0.9299707414771363,0.3895555337360933,0,0
1754547883.1215987,1,follower,auto,-0.09956293553113937,0.9099418520927429,1.0297925472259521,0.0,1.0,1.0,0.09956293553113937,0.09005814790725708,-0.02979254722595215,0,0,0,0,90,100,0,0.0017796861939132214,0.036472566425800323,0.00702050793915987,-0.9993084073066711,1.0,0.10370412740861384,-0.22633421882009452,-0.16801132304741162,-0.1514149992354463,1.0231089615027902,1.113798208749658,0,0
1754547883.1219716,0,follower,auto,0.12627042829990387,0.9529799818992615,0.29240068793296814,0,1,0,-0.12627042829990387,0.047020018100738525,-0.29240068793296814,-20,-12.023683316873571,4.557343085188278,0,90,100,0.00010919570922851562,0.002184526063501835,0.03743656724691391,0.008715709671378136,-0.9992586970329285,,,,,,,,0,0
1754547883.222256,1,follower,auto,-0.1055159717798233,0.9011726975440979,1.0588974952697754,0.0,1.0,1.0,0.1055159717798233,0.0988273024559021,-0.05889749526977539,-4.929621438109997,10.166440294727483,8.953169582276974,0,90,100,0.10021662712097168,0.002184526063501835,0.03743656724691391,0.008715709671378136,-0.9992586970329285,,,,,,,,0,0
1754547883.3757749,0,leader,auto,0.12627042829990387,0.9529799818992615,0.29240068793296814,0,1,0,-0.12627042829990387,0.047020018100738525,-0.29240068793296814,0,0,0,0,0,100,0,0.002184526063501835,0.03743656724691391,0.008715709671378136,-0.9992586970329285,1.0,-0.2426063888244681,0.06915571372950191,-0.15650560293307486,0.24757362271213793,0.9184021250345105,0.3706534893995056,0,0
1754547883.4761353,1,follower,auto,-0.1055159717798233,0.9011726975440979,1.0588974952697754,0.0,1.0,1.0,0.1055159717798233,0.0988273024559021,-0.05889749526977539,0,0,0,0,90,100,0,0.002184526063501835,0.03743656724691391,0.008715709671378136,-0.9992586970329285,1.0,0.10393281511880847,-0.21151805465572293,-0.17455389885587858,-0.15748237933922754,1.0069317248719594,1.1461744446977147,0,0
1754547883.488664,0,follower,auto,0.10992144048213959,0.9461736083030701,0.2689841687679291,0,1,0,-0.10992144048213959,0.05382639169692993,-0.2689841687679291,-20,-10.02989464681359,5.618233314030948,0,90,100,0.00037026405334472656,0.0029712640680372715,0.037574004381895065,0.009228270500898361,-0.9992468953132629,,,,,,,,0,0
1754547883.5891044,1,follower,auto,-0.11204014718532562,0.8901371955871582,1.0867348909378052,0.0,1.0,1.0,0.11204014718532562,0.1098628044128418,-0.08673489093780518,-7.908240786768235,11.168789025707483,9.936352804896067,0,90,100,0.1003270149230957,0.0029712640680372715,0.037574004381895065,0.009228270500898361,-0.9992468953132629,,,,,,,,0,0
1754547883.717321,0,leader,auto,0.10992144048213959,0.9461736083030701,0.2689841687679291,0,1,0,-0.10992144048213959,0.05382639169692993,-0.2689841687679291,0,0,0,0,0,100,0,0.0029712640680372715,0.037574004381895065,0.009228270500898361,-0.9992468953132629,1.0,-0.2355066674630113,0.08907705661487131,-0.15462202864139923,0.22767477421364524,0.9016350799956344,0.3462951830886287,0,0
1754547883.8175943,1,follower,auto,-0.11204014718532562,0.8901371955871582,1.0867348909378052,0.0,1.0,1.0,0.11204014718532562,0.1098628044128418,-0.08673489093780518,0,0,0,0,90,100,0,0.0029712640680372715,0.037574004381895065,0.009228270500898361,-0.9992468953132629,1.0,0.1063671630534983,-0.1866404347178212,-0.1758271357982708,-0.16522372871207477,0.9834574129460688,1.1746484588369406,0,0
1754547883.817985,0,follower,auto,0.10039692372083664,0.9430024027824402,0.24745282530784607,0,1,0,-0.10039692372083664,0.056997597217559814,-0.24745282530784607,-20,-10.059721322897111,5.642837140820498,0,90,100,0.00011205673217773438,0.00026256960700266063,0.03876928240060806,0.010615798644721508,-0.9991918206214905,,,,,,,,0,0
1754547883.9182293,1,follower,auto,-0.11745138466358185,0.8759527802467346,1.104337215423584,0.0,1.0,1.0,0.11745138466358185,0.12404721975326538,-0.10433721542358398,-9.882754472368132,11.164119804371428,11.960040574549684,0,90,100,0.10016989707946777,0.00026256960700266063,0.03876928240060806,0.010615798644721508,-0.9991918206214905,,,,,,,,0,0
1754547884.024229,0,leader,auto,0.10039692372083664,0.9430024027824402,0.24745282530784607,0,1,0,-0.10039692372083664,0.056997597217559814,-0.24745282530784607,0,0,0,0,0,100,0,0.00026256960700266063,0.03876928240060806,0.010615798644721508,-0.9991918206214905,1.0,-0.21867676365022437,0.11643750217007642,-0.14658975709973837,0.20973530554594882,0.8847836516974019,0.3207477038577152,0,0
1754547884.1245697,1,follower,auto,-0.11745138466358185,0.8759527802467346,1.104337215423584,0.0,1.0,1.0,0.11745138466358185,0.12404721975326538,-0.10433721542358398,0,0,0,0,90,100,0,0.00026256960700266063,0.03876928240060806,0.010615798644721508,-0.9991918206214905,1.0,0.11242036256005192,-0.1563774669153386,-0.18432727875073507,-0.17366156594360782,0.9541415137044039,1.1965008547989515,0,0
1754547884.125023,0,follower,auto,0.0978342592716217,0.9410772919654846,0.23037059605121613,0,1,0,-0.0978342592716217,0.05892270803451538,-0.23037059605121613,-20,-9.098421351475428,5.641251478154086,0,90,100,0.00014138221740722656,0.0028368812054395676,0.03743550926446915,0.0118599534034729,-0.9992247223854065,,,,,,,,0,0
1754547884.2253497,1,follower,auto,-0.11963380873203278,0.8657567501068115,1.1151942014694214,0.0,1.0,1.0,0.11963380873203278,0.13424324989318848,-0.11519420146942139,-10.888879622063985,11.14967026769192,12.985757857942298,0,90,100,0.10022997856140137,0.0028368812054395676,0.03743550926446915,0.0118599534034729,-0.9992247223854065,,,,,,,,0,0
1754547884.328658,0,leader,auto,0.0978342592716217,0.9410772919654846,0.23037059605121613,0,1,0,-0.0978342592716217,0.05892270803451538,-0.23037059605121613,0,0,0,0,0,100,0,0.0028368812054395676,0.03743550926446915,0.0118599534034729,-0.9992247223854065,1.0,-0.19805230729912426,0.14321319449944803,-0.13350606126929365,0.19686041292118384,0.8694706947157607,0.29712362668586295,0,0
1754547884.4291117,1,follower,auto,-0.11963380873203278,0.8657567501068115,1.1151942014694214,0.0,1.0,1.0,0.11963380873203278,0.13424324989318848,-0.11519420146942139,0,0,0,0,80,100,0,0.0028368812054395676,0.03743550926446915,0.0118599534034729,-0.9992247223854065,1.0,0.12197047014830184,-0.11642842065715486,-0.19437981972890683,-0.1806190438061837,0.923970960435389,1.2123841113338747,0,0
1754547884.4305613,0,follower,auto,0.10024275630712509,0.941565215587616,0.216470867395401,0,1,0,-0.10024275630712509,0.05843478441238403,-0.216470867395401,-20,-10.13341314386216,5.634069526362008,0,90,100,0.0003352165222167969,0.0038405321538448334,0.03777632117271423,0.011498941108584404,-0.9992127418518066,,,,,,,,0,0
1754547884.5312202,1,follower,auto,-0.12128274887800217,0.867633044719696,1.120776653289795,0.0,1.0,1.0,0.12128274887800217,0.13236695528030396,-0.12077665328979492,-11.94374271900712,12.145597679791067,13.008965837175761,0,80,100,0.10037374496459961,0.0038405321538448334,0.03777632117271423,0.011498941108584404,-0.9992127418518066,,,,,,,,0,0
1754547884.6879196,0,leader,auto,0.10024275630712509,0.941565215587616,0.216470867395401,0,1,0,-0.10024275630712509,0.05843478441238403,-0.216470867395401,0,0,0,0,0,100,0,0.0038405321538448334,0.03777632117271423,0.011498941108584404,-0.9992127418518066,1.0,-0.1780036774793926,0.16898915148825933,-0.12007753994256004,0.1892445950468214,0.8570706398434863,0.276509637366681,0,0
1754547884.7884908,1,follower,auto,-0.12128274887800217,0.867633044719696,1.120776653289795,0.0,1.0,1.0,0.12128274887800217,0.13236695528030396,-0.12077665328979492,0,0,0,0,90,100,0,0.0038405321538448334,0.03777632117271423,0.011498941108584404,-0.9992127418518066,1.0,0.1298907452222191,-0.06534270370719064,-0.2040597949203753,-0.18622812148911172,0.9003043965732913,1.2228065507499826,0,0
1754547884.7897046,0,follower,auto,0.10562218725681305,0.9425424933433533,0.2028377503156662,0,1,0,-0.10562218725681305,0.05745750665664673,-0.2028377503156662,-20,-10.159907617541812,5.634890680959102,0,90,100,0.0003917217254638672,0.00359326577745378,0.036885641515254974,0.01319147739559412,-0.9992259740829468,,,,,,,,0,0
1754547884.8908074,1,follower,auto,-0.12298557162284851,0.8786610960960388,1.1198140382766724,0.0,1.0,1.0,0.12298557162284851,0.12133890390396118,-0.11981403827667236,-11.004419583890613,12.148121223860148,12.03932200289223,0,90,100,0.1004323959350586,0.00359326577745378,0.036885641515254974,0.01319147739559412,-0.9992259740829468,,,,,,,,0,0
1754547885.0679765,0,leader,auto,0.10562218725681305,0.9425424933433533,0.2028377503156662,0,1,0,-0.10562218725681305,0.05745750665664673,-0.2028377503156662,0,0,0,0,0,100,0,0.00359326577745378,0.036885641515254974,0.01319147739559412,-0.9992259740829468,1.0,-0.1626815843756469,0.19053724351209278,-0.11032530943349567,0.1869629794446365,0.8472738715873069,0.25800040503241406,0,0
1754547885.1683948,1,follower,auto,-0.12298557162284851,0.8786610960960388,1.1198140382766724,0.0,1.0,1.0,0.12298557162284851,0.12133890390396118,-0.11981403827667236,0,0,0,0,90,100,0,0.00359326577745378,0.036885641515254974,0.01319147739559412,-0.9992259740829468,1.0,0.13685024567453652,-0.014130356490239748,-0.2141696295423552,-0.19141069446011677,0.8857262743411587,1.22689885304785,0,0
1754547885.169518,0,follower,auto,0.11053338646888733,0.9412641525268555,0.19150587916374207,0,1,0,-0.11053338646888733,0.05873584747314453,-0.19150587916374207,-19.02224686866278,-11.163581241778333,5.624921280875884,0,90,100,0.00035262107849121094,0.005719559267163277,0.036726389080286026,0.010655616410076618,-0.999252200126648,,,,,,,,0,0
1754547885.2702036,1,follower,auto,-0.1163521409034729,0.8969353437423706,1.111365795135498,0.0,1.0,1.0,0.1163521409034729,0.1030646562576294,-0.11136579513549805,-11.062979081515603,11.111557877961744,10.080419004310528,0,90,100,0.10039663314819336,0.005719559267163277,0.036726389080286026,0.010655616410076618,-0.999252200126648,,,,,,,,0,0
1754547885.4003003,0,leader,auto,0.11053338646888733,0.9412641525268555,0.19150587916374207,0,1,0,-0.11053338646888733,0.05873584747314453,-0.19150587916374207,0,0,0,0,0,100,0,0.005719559267163277,0.036726389080286026,0.010655616410076618,-0.999252200126648,1.0,-0.15426096627263425,0.20571806390592784,-0.1010600672717673,0.18766386960520445,0.8384051205738916,0.24203591279962572,0,0
1754547885.50063,1,follower,auto,-0.1163521409034729,0.8969353437423706,1.111365795135498,0.0,1.0,1.0,0.1163521409034729,0.1030646562576294,-0.11136579513549805,0,0,0,0,90,100,0,0.005719559267163277,0.036726389080286026,0.010655616410076618,-0.999252200126648,1.0,0.1512348533915598,0.030715557926432102,-0.22375762291632428,-0.1919695675992528,0.8815775647791546,1.2232446065936602,0,0
1754547885.5012333,0,follower,auto,0.11455857753753662,0.9418342709541321,0.18122895061969757,0,1,0,-0.11455857753753662,0.05816572904586792,-0.18122895061969757,-18.019513251558763,-11.15688733744973,5.614383349637712,0,90,100,0.0001819133758544922,0.0011387474369257689,0.035366158932447433,0.007413759827613831,-0.9993463158607483,,,,,,,,0,0
1754547885.6016302,1,follower,auto,-0.10501901805400848,0.9111278057098389,1.0967600345611572,0.0,1.0,1.0,0.10501901805400848,0.08887219429016113,-0.09676003456115723,-9.06805737115268,10.076775409848675,8.12172603021543,0,90,100,0.1002664566040039,0.0011387474369257689,0.035366158932447433,0.007413759827613831,-0.9993463158607483,,,,,,,,0,0
1754547885.709016,0,leader,auto,0.11455857753753662,0.9418342709541321,0.18122895061969757,0,1,0,-0.11455857753753662,0.05816572904586792,-0.18122895061969757,0,0,0,0,0,100,0,0.0011387474369257689,0.035366158932447433,0.007413759827613831,-0.9993463158607483,1.0,-0.15130197896724684,0.2197789157418676,-0.09392322015487559,0.19020956702116004,0.8319448130831983,0.22819056069713536,0,0
1754547885.8093011,1,follower,auto,-0.10501901805400848,0.9111278057098389,1.0967600345611572,0.0,1.0,1.0,0.10501901805400848,0.08887219429016113,-0.09676003456115723,0,0,0,0,90,100,0,0.0011387474369257689,0.035366158932447433,0.007413759827613831,-0.9993463158607483,1.0,0.16365196752071276,0.057969619482569845,-0.22912652243664322,-0.18684500181436486,0.882142995968554,1.2113232957794788,0,0
1754547885.809923,0,follower,auto,0.11655524373054504,0.9428171515464783,0.17173829674720764,0,1,0,-0.11655524373054504,0.05718284845352173,-0.17173829674720764,-17.015775334291405,-11.142806432510477,5.605736172443785,0,90,100,0.00020313262939453125,0.0009817827958613634,0.0353948175907135,0.006688755936920643,-0.9993505477905273,,,,,,,,0,0
1754547885.9101815,1,follower,auto,-0.09490842372179031,0.9239497780799866,1.082331657409668,0.0,1.0,1.0,0.09490842372179031,0.07605022192001343,-0.08233165740966797,-8.068476234964502,9.067922360024209,7.13555657181287,0,90,100,0.10018801689147949,0.0009817827958613634,0.0353948175907135,0.006688755936920643,-0.9993505477905273,,,,,,,,0,0
1754547886.014803,0,leader,auto,0.11655524373054504,0.9428171515464783,0.17173829674720764,0,1,0,-0.11655524373054504,0.05718284845352173,-0.17173829674720764,0,0,0,0,0,100,0,0.0009817827958613634,0.0353948175907135,0.006688755936920643,-0.9993505477905273,1.0,-0.15241675899993645,0.22985709297453516,-0.08860827986367159,0.19276362323051327,0.8278886050592107,0.21604243667904344,0,0
1754547886.115213,1,follower,auto,-0.09490842372179031,0.9239497780799866,1.082331657409668,0.0,1.0,1.0,0.09490842372179031,0.07605022192001343,-0.08233165740966797,0,0,0,0,90,100,0,0.0009817827958613634,0.0353948175907135,0.006688755936920643,-0.9993505477905273,1.0,0.1672591337514418,0.07523634467069096,-0.22371645823360153,-0.17853799059751121,0.8863316057446411,1.1941898865264688,0,0
1754547886.1156263,0,follower,auto,0.11691507697105408,0.9437903165817261,0.16540227830410004,0,1,0,-0.11691507697105408,0.056209683418273926,-0.16540227830410004,-16.009853201941475,-11.130522632111628,5.587136209680485,0,90,100,0.00014543533325195312,0.0026559385005384684,0.03652689605951309,0.010480370372533798,-0.9992742538452148,,,,,,,,0,0
1754547886.2159357,1,follower,auto,-0.09013969451189041,0.9364079236984253,1.0699204206466675,0.0,1.0,1.0,0.09013969451189041,0.06359207630157471,-0.06992042064666748,-6.0718337735807815,9.08651744807403,6.133990085462165,0,90,100,0.10024189949035645,0.0026559385005384684,0.03652689605951309,0.010480370372533798,-0.9992742538452148,,,,,,,,0,0
1754547886.3270044,0,leader,auto,0.11691507697105408,0.9437903165817261,0.16540227830410004,0,1,0,-0.11691507697105408,0.056209683418273926,-0.16540227830410004,0,0,0,0,0,100,0,0.0026559385005384684,0.03652689605951309,0.010480370372533798,-0.9992742538452148,1.0,-0.15508461527129558,0.23581224485984453,-0.08219933087067405,0.19445738460670187,0.8258841941518038,0.20650194373943706,0,0
1754547886.4273405,1,follower,auto,-0.09013969451189041,0.9364079236984253,1.0699204206466675,0.0,1.0,1.0,0.09013969451189041,0.06359207630157471,-0.06992042064666748,0,0,0,0,90,100,0,0.0026559385005384684,0.03652689605951309,0.010480370372533798,-0.9992742538452148,1.0,0.1610806347419113,0.08630781262105869,-0.21046969023905282,-0.17068001188284607,0.893254017387896,1.175155265766194,0,0
1754547886.4277196,0,follower,auto,0.11357948929071426,0.9434208273887634,0.1589573174715042,0,1,0,-0.11357948929071426,0.05657917261123657,-0.1589573174715042,-15.003327328513809,-11.108000130656219,5.579583127997472,0,90,100,0.00010704994201660156,-0.0030402999836951494,0.03548797219991684,0.006737834773957729,-0.9993428587913513,,,,,,,,0,0
1754547886.5280814,1,follower,auto,-0.08662495762109756,0.9380007386207581,1.057601809501648,0.0,1.0,1.0,0.08662495762109756,0.06199926137924194,-0.05760180950164795,-5.026316732206223,8.094046148761036,6.1355617628513075,0,90,100,0.10025167465209961,-0.0030402999836951494,0.03548797219991684,0.006737834773957729,-0.9993428587913513,,,,,,,,0,0
1754547886.634009,0,leader,auto,0.11357948929071426,0.9434208273887634,0.1589573174715042,0,1,0,-0.11357948929071426,0.05657917261123657,-0.1589573174715042,0,0,0,0,0,100,0,-0.0030402999836951494,0.03548797219991684,0.006737834773957729,-0.9993428587913513,1.0,-0.1603885638909449,0.23695016263604107,-0.0789369818123968,0.19377377123618672,0.8249457460707429,0.19842580837770263,0,0
1754547886.734605,1,follower,auto,-0.08662495762109756,0.9380007386207581,1.057601809501648,0.0,1.0,1.0,0.08662495762109756,0.06199926137924194,-0.05760180950164795,0,0,0,0,90,100,0,-0.0030402999836951494,0.03548797219991684,0.006737834773957729,-0.9993428587913513,1.0,0.15454826593417925,0.08100850279024319,-0.19515479239252587,-0.1638990905881872,0.8974964872256365,1.1551792056979109,0,0
1754547886.7358785,0,follower,auto,0.10959777235984802,0.9432934522628784,0.15415984392166138,0,1,0,-0.10959777235984802,0.05670654773712158,-0.15415984392166138,-15.010341469809635,-10.095264246822255,5.570309683889793,0,90,100,0.00036907196044921875,-0.0026455267798155546,0.03350183367729187,0.009767809882760048,-0.9993875026702881,,,,,,,,0,0
1754547886.8367975,1,follower,auto,-0.08310925960540771,0.9252036809921265,1.0508954524993896,0.0,1.0,1.0,0.08310925960540771,0.07479631900787354,-0.05089545249938965,-4.944269130837404,8.093035331697441,7.112549871683666,0,90,100,0.1004488468170166,-0.0026455267798155546,0.03350183367729187,0.009767809882760048,-0.9993875026702881,,,,,,,,0,0
1754547886.999309,0,leader,auto,0.10959777235984802,0.9432934522628784,0.15415984392166138,0,1,0,-0.10959777235984802,0.05670654773712158,-0.15415984392166138,0,0,0,0,0,100,0,-0.0026455267798155546,0.03350183367729187,0.009767809882760048,-0.9993875026702881,1.0,-0.1635674681095861,0.236178051535208,-0.07571231440163492,0.19138150641464108,0.8252044264952745,0.19201600112247885,0,0
1754547887.0999556,1,follower,auto,-0.08310925960540771,0.9252036809921265,1.0508954524993896,0.0,1.0,1.0,0.08310925960540771,0.07479631900787354,-0.05089545249938965,0,0,0,0,90,100,0,-0.0026455267798155546,0.03350183367729187,0.009767809882760048,-0.9993875026702881,1.0,0.14855871018857875,0.06332469686076037,-0.17435981562187552,-0.1573886146996971,0.8935413325617463,1.1380753603103275,0,0
1754547887.10081,0,follower,auto,0.10723339766263962,0.9464199542999268,0.15451523661613464,0,1,0,-0.10723339766263962,0.05358004570007324,-0.15451523661613464,-15.035217108835347,-10.09482761048104,5.548551915052726,0,90,100,0.0003273487091064453,0.0017521908739581704,0.03290894255042076,0.008873316459357738,-0.9994174242019653,,,,,,,,0,0
1754547887.2013075,1,follower,auto,-0.0775432288646698,0.9093540906906128,1.0551220178604126,0.0,1.0,1.0,0.0775432288646698,0.09064590930938721,-0.0551220178604126,-4.897729100648011,7.080711980560773,9.057061727786227,0,90,100,0.10031318664550781,0.0017521908739581704,0.03290894255042076,0.008873316459357738,-0.9994174242019653,,,,,,,,0,0
1754547887.3064032,0,leader,auto,0.10723339766263962,0.9464199542999268,0.15451523661613464,0,1,0,-0.10723339766263962,0.05358004570007324,-0.15451523661613464,0,0,0,0,0,100,0,0.0017521908739581704,0.03290894255042076,0.008873316459357738,-0.9994174242019653,1.0,-0.16218511946440012,0.23752375101006984,-0.06921756212771321,0.18832595739483968,0.8276580787948918,0.18912401767999126,0,0
1754547887.4067154,1,follower,auto,-0.0775432288646698,0.9093540906906128,1.0551220178604126,0.0,1.0,1.0,0.0775432288646698,0.09064590930938721,-0.0551220178604126,0,0,0,0,90,100,0,0.0017521908739581704,0.03290894255042076,0.008873316459357738,-0.9994174242019653,1.0,0.14530819065932346,0.05194180157372097,-0.1479367676514216,-0.15019732419433152,0.8833831899037523,1.1290904016861234,0,0
1754547887.40712,0,follower,auto,0.1071566492319107,0.9501984119415283,0.15894928574562073,0,1,0,-0.1071566492319107,0.04980158805847168,-0.15894928574562073,-15.051940295252075,-10.103429459848481,4.526775805939196,0,90,100,0.00011181831359863281,0.005652627442032099,0.030979713425040245,0.010404316708445549,-0.9994499087333679,,,,,,,,0,0
1754547887.5074244,1,follower,auto,-0.07378220558166504,0.8965692520141602,1.06385338306427,0.0,1.0,1.0,0.07378220558166504,0.10343074798583984,-0.06385338306427002,-5.890116767246558,7.083720816492842,10.019613546712447,0,90,100,0.10021042823791504,0.005652627442032099,0.030979713425040245,0.010404316708445549,-0.9994499087333679,,,,,,,,0,0
1754547887.610269,0,leader,auto,0.1071566492319107,0.9501984119415283,0.15894928574562073,0,1,0,-0.1071566492319107,0.04980158805847168,-0.15894928574562073,0,0,0,0,0,100,0,0.005652627442032099,0.030979713425040245,0.010404316708445549,-0.9994499087333679,1.0,-0.15794818812330064,0.23725711089018442,-0.06259485212185234,0.18613074329356102,0.8315698564964361,0.1902467118065469,0,0
1754547887.7106376,1,follower,auto,-0.07378220558166504,0.8965692520141602,1.06385338306427,0.0,1.0,1.0,0.07378220558166504,0.10343074798583984,-0.06385338306427002,0,0,0,0,90,100,0,0.005652627442032099,0.030979713425040245,0.010404316708445549,-0.9994499087333679,1.0,0.1387870620713708,0.05057690854574992,-0.1289219318155468,-0.14317573661735045,0.8712807977412852,1.1283143489720433,0,0
1754547887.7110105,0,follower,auto,0.1076546162366867,0.9520187973976135,0.1650373786687851,0,1,0,-0.1076546162366867,0.047981202602386475,-0.1650373786687851,-16.055066014871855,-10.11050713190987,4.512238542672681,0,90,100,0.00011444091796875,-0.0003007427731063217,0.03099082224071026,0.011714125983417034,-0.9994510412216187,,,,,,,,0,0
1754547887.811358,1,follower,auto,-0.07560509443283081,0.8828662037849426,1.0694682598114014,0.0,1.0,1.0,0.07560509443283081,0.11713379621505737,-0.06946825981140137,-5.877643920230577,7.110159210658016,11.02252579050757,0,90,100,0.10027289390563965,-0.0003007427731063217,0.03099082224071026,0.011714125983417034,-0.9994510412216187,,,,,,,,0,0
1754547887.916732,0,leader,auto,0.1076546162366867,0.9520187973976135,0.1650373786687851,0,1,0,-0.1076546162366867,0.047981202602386475,-0.1650373786687851,0,0,0,0,0,100,0,-0.0003007427731063217,0.03099082224071026,0.011714125983417034,-0.9994510412216187,1.0,-0.1543020633084634,0.23360966117766457,-0.057774589482653155,0.1848056478909184,0.8352139668087812,0.19392467341011166,0,0
1754547888.0170684,1,follower,auto,-0.07560509443283081,0.8828662037849426,1.0694682598114014,0.0,1.0,1.0,0.07560509443283081,0.11713379621505737,-0.06946825981140137,0,0,0,0,90,100,0,-0.0003007427731063217,0.03099082224071026,0.011714125983417034,-0.9994510412216187,1.0,0.12731121211472082,0.05132598564804358,-0.12352608067395954,-0.13926070049019124,0.8572032109609209,1.1312313001483811,0,0
1754547888.0174563,0,follower,auto,0.10871293395757675,0.9522075057029724,0.17176176607608795,0,1,0,-0.10871293395757675,0.04779249429702759,-0.17176176607608795,-17.05287520216282,-10.11748649248348,4.502046117018666,0,90,100,0.00014400482177734375,-0.005408551078289747,0.033179402351379395,0.014163712970912457,-0.999334454536438,,,,,,,,0,0
1754547888.117728,1,follower,auto,-0.0794140100479126,0.8721903562545776,1.0707859992980957,0.0,1.0,1.0,0.0794140100479126,0.12780964374542236,-0.0707859992980957,-6.882891793622884,7.128934627263528,12.044606249980621,0,90,100,0.10018634796142578,-0.005408551078289747,0.033179402351379395,0.014163712970912457,-0.999334454536438,,,,,,,,0,0
1754547888.27585,0,leader,auto,0.10871293395757675,0.9522075057029724,0.17176176607608795,0,1,0,-0.10871293395757675,0.04779249429702759,-0.17176176607608795,0,0,0,0,0,100,0,-0.005408551078289747,0.033179402351379395,0.014163712970912457,-0.999334454536438,1.0,-0.15122801288524823,0.22985664890311364,-0.055196180957802016,0.18432694040020087,0.8372791812514155,0.19935985655498895,0,0
1754547888.376364,1,follower,auto,-0.0794140100479126,0.8721903562545776,1.0707859992980957,0.0,1.0,1.0,0.0794140100479126,0.12780964374542236,-0.0707859992980957,0,0,0,0,90,100,0,-0.005408551078289747,0.033179402351379395,0.014163712970912457,-0.999334454536438,1.0,0.11778563473510739,0.057012549822910374,-0.12750099250693347,-0.1383068274154663,0.8436840813431224,1.1345364955515624,0,0
1754547888.3768795,0,follower,auto,0.11111348867416382,0.9494985342025757,0.1792203187942505,0,1,0,-0.11111348867416382,0.050501465797424316,-0.1792203187942505,-17.03189589418881,-11.125254282709557,5.492678333470526,0,90,100,0.0001595020294189453,-0.002769308863207698,0.03431335836648941,0.0084495535120368,-0.9993716478347778,,,,,,,,0,0
1754547888.4773684,1,follower,auto,-0.07853460311889648,0.8798083662986755,1.0712449550628662,0.0,1.0,1.0,0.07853460311889648,0.12019163370132446,-0.07124495506286621,-6.969452166430448,7.114912884232039,12.058063841000942,0,90,100,0.10036969184875488,-0.002769308863207698,0.03431335836648941,0.0084495535120368,-0.9993716478347778,,,,,,,,0,0
1754547888.6155238,0,leader,auto,0.11111348867416382,0.9494985342025757,0.1792203187942505,0,1,0,-0.11111348867416382,0.050501465797424316,-0.1792203187942505,0,0,0,0,0,100,0,-0.002769308863207698,0.03431335836648941,0.0084495535120368,-0.9993716478347778,1.0,-0.14788027626845973,0.22604537273902747,-0.0538111248344893,0.18505362680839368,0.836475847833062,0.20612588121149514,0,0
1754547888.7157986,1,follower,auto,-0.07853460311889648,0.8798083662986755,1.0712449550628662,0.0,1.0,1.0,0.07853460311889648,0.12019163370132446,-0.07124495506286621,0,0,0,0,90,100,0,-0.002769308863207698,0.03431335836648941,0.0084495535120368,-0.9993716478347778,1.0,0.11659510878520457,0.0810417027908259,-0.13346676891983966,-0.13683215751149877,0.8392875149032626,1.137978339522786,0,0
1754547888.7162883,0,follower,auto,0.11448245495557785,0.9421280026435852,0.18498970568180084,0,1,0,-0.11448245495557785,0.057871997356414795,-0.18498970568180084,-17.991139914506412,-11.131933104204117,5.4957846072761125,0,90,100,0.0001049041748046875,-0.005520675331354141,0.03636779263615608,0.009100278839468956,-0.9992818236351013,,,,,,,,0,0
1754547888.816538,1,follower,auto,-0.07609057426452637,0.9003419876098633,1.072951316833496,0.0,1.0,1.0,0.07609057426452637,0.09965801239013672,-0.0729513168334961,-7.064549480638592,7.104416105090569,9.05803990070097,0,90,100,0.10018420219421387,-0.005520675331354141,0.03636779263615608,0.009100278839468956,-0.9992818236351013,,,,,,,,0,0
1754547888.9204578,0,leader,auto,0.11448245495557785,0.9421280026435852,0.18498970568180084,0,1,0,-0.11448245495557785,0.057871997356414795,-0.18498970568180084,0,0,0,0,0,100,0,-0.005520675331354141,0.03636779263615608,0.009100278839468956,-0.9992818236351013,1.0,-0.14601163133915585,0.22068689440084754,-0.056533662198501394,0.18748827062515577,0.8317845554431614,0.21325653678105155,0,0
1754547889.0208013,1,follower,auto,-0.07609057426452637,0.9003419876098633,1.072951316833496,0.0,1.0,1.0,0.07609057426452637,0.09965801239013672,-0.0729513168334961,0,0,0,0,90,100,0,-0.005520675331354141,0.03636779263615608,0.009100278839468956,-0.9992818236351013,1.0,0.1165177230048749,0.10726842351294619,-0.13791764113704552,-0.13434943576696382,0.8467077758533902,1.1419101374020189,0,0
1754547889.0213633,0,follower,auto,0.11879681050777435,0.9353554248809814,0.1890091747045517,0,1,0,-0.11879681050777435,0.06464457511901855,-0.1890091747045517,-17.967125284050027,-11.138869883330756,6.505227089448211,0,90,100,0.0002932548522949219,-0.0030457128304988146,0.037075504660606384,0.0072211455553770065,-0.9992818236351013,,,,,,,,0,0
1754547889.1216924,1,follower,auto,-0.07365786284208298,0.9257727265357971,1.0776867866516113,0.0,1.0,1.0,0.07365786284208298,0.07422727346420288,-0.07768678665161133,-7.127945811379459,7.102277102303204,7.044149519813277,0,90,100,0.10019922256469727,-0.0030457128304988146,0.037075504660606384,0.0072211455553770065,-0.9992818236351013,,,,,,,,0,0
1754547889.3278067,0,leader,auto,0.11879681050777435,0.9353554248809814,0.1890091747045517,0,1,0,-0.11879681050777435,0.06464457511901855,-0.1890091747045517,0,0,0,0,0,100,0,-0.0030457128304988146,0.037075504660606384,0.0072211455553770065,-0.9992818236351013,1.0,-0.14504303851418465,0.2211486663345914,-0.061183276998687974,0.19131832976486668,0.8247810917136857,0.21960081320389568,0,0
1754547889.428141,1,follower,auto,-0.07365786284208298,0.9257727265357971,1.0776867866516113,0.0,1.0,1.0,0.07365786284208298,0.07422727346420288,-0.07768678665161133,0,0,0,0,90,100,0,-0.0030457128304988146,0.037075504660606384,0.0072211455553770065,-0.9992818236351013,1.0,0.11541588817753265,0.12483466132348475,-0.13651777421927092,-0.13136580693084932,0.8633553958740547,1.1459456737612468,0,0
1754547889.42849,0,follower,auto,0.12209983170032501,0.933276355266571,0.19148628413677216,0,1,0,-0.12209983170032501,0.06672364473342896,-0.19148628413677216,-18.967249033264554,-12.139776981238155,6.516121436811518,0,90,100,0.00010967254638671875,-0.002441821154206991,0.03609832748770714,0.011717437766492367,-0.9992765784263611,,,,,,,,0,0
1754547889.528823,1,follower,auto,-0.07604211568832397,0.9539956450462341,1.083018183708191,0.0,1.0,1.0,0.07604211568832397,0.04600435495376587,-0.08301818370819092,-8.171076460727605,7.124940319875389,4.035895818713968,0,90,100,0.1002357006072998,-0.002441821154206991,0.03609832748770714,0.011717437766492367,-0.9992765784263611,,,,,,,,0,0
1754547889.637164,0,leader,auto,0.12209983170032501,0.933276355266571,0.19148628413677216,0,1,0,-0.12209983170032501,0.06672364473342896,-0.19148628413677216,0,0,0,0,0,100,0,-0.002441821154206991,0.03609832748770714,0.011717437766492367,-0.9992765784263611,1.0,-0.14655593364868275,0.22855977909028524,-0.06727284168885173,0.19537779852466639,0.8189964657214284,0.22512270498119802,0,0
1754547889.7377737,1,follower,auto,-0.07604211568832397,0.9539956450462341,1.083018183708191,0.0,1.0,1.0,0.07604211568832397,0.04600435495376587,-0.08301818370819092,0,0,0,0,90,100,0,-0.002441821154206991,0.03609832748770714,0.011717437766492367,-0.9992765784263611,1.0,0.10907117142505307,0.13479947933199266,-0.13270981884638355,-0.1305777014008505,0.8865959053802378,1.1493730931313828,0,0
1754547889.7395735,0,follower,auto,0.12183945626020432,0.9372112154960632,0.193174809217453,0,1,0,-0.12183945626020432,0.06278878450393677,-0.193174809217453,-18.99395868462689,-12.123565676022658,6.521701122122118,0,90,100,0.00042128562927246094,-0.0011216063285246491,0.034229133278131485,0.0100635951384902,-0.9993627071380615,,,,,,,,0,0
1754547889.840347,1,follower,auto,-0.07548005878925323,0.9646643996238708,1.083895206451416,0.0,1.0,1.0,0.07548005878925323,0.03533560037612915,-0.08389520645141602,-8.108874145760701,7.117847615486237,3.053128753675123,0,90,100,0.10044980049133301,-0.0011216063285246491,0.034229133278131485,0.0100635951384902,-0.9993627071380615,,,,,,,,0,0
1754547890.0087602,0,leader,auto,0.12183945626020432,0.9372112154960632,0.193174809217453,0,1,0,-0.12183945626020432,0.06278878450393677,-0.193174809217453,0,0,0,0,0,100,0,-0.0011216063285246491,0.034229133278131485,0.0100635951384902,-0.9993627071380615,1.0,-0.15275663947443352,0.24124732980897945,-0.0729132309040651,0.19821777599742108,0.8165875505915735,0.22963142466948555,0,0
1754547890.1091192,1,follower,auto,-0.07548005878925323,0.9646643996238708,1.083895206451416,0.0,1.0,1.0,0.07548005878925323,0.03533560037612915,-0.08389520645141602,0,0,0,0,90,100,0,-0.0011216063285246491,0.034229133278131485,0.0100635951384902,-0.9993627071380615,1.0,0.10833508111424667,0.12096283731093449,-0.13000642397276163,-0.12964759934637657,0.9041829809684037,1.1488984184377968,0,0
1754547890.1094358,0,follower,auto,0.11836763471364975,0.9454740881919861,0.19640983641147614,0,1,0,-0.11836763471364975,0.054525911808013916,-0.19640983641147614,-19.02289215946903,-11.100550410362807,5.514344769357773,0,90,100,9.989738464355469e-05,-0.0026863086968660355,0.03381418064236641,0.006999528035521507,-0.9994000196456909,,,,,,,,0,0
1754547890.2097204,1,follower,auto,-0.07093214988708496,0.9703758955001831,1.0826618671417236,0.0,1.0,1.0,0.07093214988708496,0.029624104499816895,-0.08266186714172363,-8.066650037650634,7.094315425308303,2.0696971042672097,0,90,100,0.1002042293548584,-0.0026863086968660355,0.03381418064236641,0.006999528035521507,-0.9994000196456909,,,,,,,,0,0
1754547890.3199866,0,leader,auto,0.11836763471364975,0.9454740881919861,0.19640983641147614,0,1,0,-0.11836763471364975,0.054525911808013916,-0.19640983641147614,0,0,0,0,0,100,0,-0.0026863086968660355,0.03381418064236641,0.006999528035521507,-0.9994000196456909,1.0,-0.16049903940655508,0.2540257632327555,-0.07560469835716704,0.1986171544169273,0.8184612065756083,0.23421218559005966,0,0
1754547890.420789,1,follower,auto,-0.07093214988708496,0.9703758955001831,1.0826618671417236,0.0,1.0,1.0,0.07093214988708496,0.029624104499816895,-0.08266186714172363,0,0,0,0,90,100,0,-0.0026863086968660355,0.03381418064236641,0.006999528035521507,-0.9994000196456909,1.0,0.11148727989942997,0.10872873313307618,-0.12471776766444975,-0.12667578983679995,0.916011528933645,1.1450207509739485,0,0
1754547890.4218473,0,follower,auto,0.11569810658693314,0.9457448720932007,0.19944225251674652,0,1,0,-0.11569810658693314,0.054255127906799316,-0.19944225251674652,-18.996915862037866,-11.096826760683276,5.510814399909715,0,90,100,0.00024318695068359375,0.00011744241783162579,0.03488188609480858,0.011822227388620377,-0.9993215203285217,,,,,,,,0,0
1754547890.5222003,1,follower,auto,-0.07088125497102737,0.971697211265564,1.0807297229766846,0.0,1.0,1.0,0.07088125497102737,0.028302788734436035,-0.08072972297668457,-8.036633615697733,7.105954524651693,2.079777020028809,0,90,100,0.10023999214172363,0.00011744241783162579,0.03488188609480858,0.011822227388620377,-0.9993215203285217,,,,,,,,0,0
1754547890.6562684,0,leader,auto,0.11569810658693314,0.9457448720932007,0.19944225251674652,0,1,0,-0.11569810658693314,0.054255127906799316,-0.19944225251674652,0,0,0,0,0,100,0,0.00011744241783162579,0.03488188609480858,0.011822227388620377,-0.9993215203285217,1.0,-0.16343356360468186,0.2536639798831115,-0.07737505905682684,0.19741488838927407,0.8189128821516449,0.23812978204515994,0,0
1754547890.7565632,1,follower,auto,-0.07088125497102737,0.971697211265564,1.0807297229766846,0.0,1.0,1.0,0.07088125497102737,0.028302788734436035,-0.08072972297668457,0,0,0,0,90,100,0,0.00011744241783162579,0.03488188609480858,0.011822227388620377,-0.9993215203285217,1.0,0.10785657113825914,0.098677139651551,-0.11611169773339625,-0.12480954054015694,0.9223586414397884,1.1387855718433828,0,0
1754547890.75699,0,follower,auto,0.10650432109832764,0.9451375007629395,0.19664669036865234,0,1,0,-0.10650432109832764,0.05486249923706055,-0.19664669036865234,-18.985906485639255,-10.063745922658985,5.537864766237658,0,90,100,0.0001227855682373047,0.002460779622197151,0.03744969889521599,0.010992267169058323,-0.9992350935935974,,,,,,,,0,0
1754547890.8573189,1,follower,auto,-0.07165580987930298,0.970618724822998,1.0824980735778809,0.0,1.0,1.0,0.07165580987930298,0.029381275177001953,-0.08249807357788086,-8.017077755035553,7.108351281516411,2.06362694824087,0,90,100,0.10025382041931152,0.002460779622197151,0.03744969889521599,0.010992267169058323,-0.9992350935935974,,,,,,,,0,0
1754547891.011986,0,leader,auto,0.10650432109832764,0.9451375007629395,0.19664669036865234,0,1,0,-0.10650432109832764,0.05486249923706055,-0.19664669036865234,0,0,0,0,0,100,0,0.002460779622197151,0.03744969889521599,0.010992267169058323,-0.9992350935935974,1.0,-0.1710815603739897,0.2538453702470336,-0.08418277792595313,0.19204510128532248,0.8182148156394227,0.2387380793316289,0,0
1754547891.112431,1,follower,auto,-0.07165580987930298,0.970618724822998,1.0824980735778809,0.0,1.0,1.0,0.07165580987930298,0.029381275177001953,-0.08249807357788086,0,0,0,0,90,100,0,0.002460779622197151,0.03744969889521599,0.010992267169058323,-0.9992350935935974,1.0,0.1047717614783141,0.09238077454293081,-0.10206012618032534,-0.12404169061846003,0.9244283375515326,1.1335281366680436,0,0
1754547891.1131284,0,follower,auto,0.09927358478307724,0.9419344663619995,0.19740793108940125,0,1,0,-0.09927358478307724,0.05806553363800049,-0.19740793108940125,-18.96570664284296,-9.05644245768015,5.532437825714803,0,90,100,0.00020122528076171875,0.00669799605384469,0.03885745257139206,0.012439883314073086,-0.9991449117660522,,,,,,,,0,0
1754547891.213875,1,follower,auto,-0.06698741018772125,0.9772664308547974,1.0869560241699219,0.0,1.0,1.0,0.06698741018772125,0.022733569145202637,-0.08695602416992188,-8.049656250209091,6.080585879156786,2.0460890851150375,0,90,100,0.10056614875793457,0.00669799605384469,0.03885745257139206,0.012439883314073086,-0.9991449117660522,,,,,,,,0,0
1754547891.3172991,0,leader,auto,0.09927358478307724,0.9419344663619995,0.19740793108940125,0,1,0,-0.09927358478307724,0.05806553363800049,-0.19740793108940125,0,0,0,0,0,100,0,0.00669799605384469,0.03885745257139206,0.012439883314073086,-0.9991449117660522,1.0,-0.17103054628176823,0.2525571329266628,-0.08367490480309414,0.18478885792396135,0.815655899898668,0.23924538349094832,0,0
1754547891.417761,1,follower,auto,-0.06698741018772125,0.9772664308547974,1.0869560241699219,0.0,1.0,1.0,0.06698741018772125,0.022733569145202637,-0.08695602416992188,0,0,0,0,90,100,0,0.00669799605384469,0.03885745257139206,0.012439883314073086,-0.9991449117660522,1.0,0.10844663922623332,0.09850920800001628,-0.08726415852856317,-0.12121072980083791,0.9280118268547892,1.1305881034342034,0,0
1754547891.4183137,0,follower,auto,0.09633626788854599,0.9321438670158386,0.1997758448123932,0,1,0,-0.09633626788854599,0.06785613298416138,-0.1997758448123932,-18.923754706495007,-9.06792488612063,6.521504851137178,0,90,100,0.00011658668518066406,0.004956691060215235,0.03680931404232979,0.010593283921480179,-0.9992538690567017,,,,,,,,0,0
1754547891.518705,1,follower,auto,-0.05909016355872154,0.9841380715370178,1.0861715078353882,0.0,1.0,1.0,0.05909016355872154,0.015861928462982178,-0.08617150783538818,-8.068594535032057,5.054336207678854,1.0654029530802496,0,100,100,0.10031485557556152,0.004956691060215235,0.03680931404232979,0.010593283921480179,-0.9992538690567017,,,,,,,,0,0
1754547891.6236796,0,leader,auto,0.09633626788854599,0.9321438670158386,0.1997758448123932,0,1,0,-0.09633626788854599,0.06785613298416138,-0.1997758448123932,0,0,0,0,0,100,0,0.004956691060215235,0.03680931404232979,0.010593283921480179,-0.9992538690567017,1.0,-0.16379592403289472,0.2466121566592332,-0.08148948972891984,0.17823422990499335,0.808837788686222,0.2405205896768531,0,0
1754547891.7241595,1,follower,auto,-0.05909016355872154,0.9841380715370178,1.0861715078353882,0.0,1.0,1.0,0.05909016355872154,0.015861928462982178,-0.08617150783538818,0,0,0,0,100,100,0,0.004956691060215235,0.03680931404232979,0.010593283921480179,-0.9992538690567017,1.0,0.11200224617093138,0.10295137106918817,-0.08104623961737234,-0.11509128664418723,0.9326623860024237,1.1266946276440744,0,0
1754547891.724708,0,follower,auto,0.09400643408298492,0.9254680275917053,0.2019137591123581,0,1,0,-0.09400643408298492,0.07453197240829468,-0.2019137591123581,-19.926242310557665,-9.064786028243086,7.515823834524923,0,90,100,0.0001723766326904297,-0.0012579165631905198,0.036377377808094025,0.0031603348907083273,-0.9993324279785156,,,,,,,,0,0
1754547891.8254282,1,follower,auto,-0.04294460266828537,0.9791422486305237,1.081751823425293,0.0,1.0,1.0,0.04294460266828537,0.02085775136947632,-0.08175182342529297,-8.022441480111821,4.002683370954078,2.0898319412028528,0,90,100,0.10058403015136719,-0.0012579165631905198,0.036377377808094025,0.0031603348907083273,-0.9993324279785156,,,,,,,,0,0
1754547891.9319303,0,leader,auto,0.09400643408298492,0.9254680275917053,0.2019137591123581,0,1,0,-0.09400643408298492,0.07453197240829468,-0.2019137591123581,0,0,0,0,0,100,0,-0.0012579165631905198,0.036377377808094025,0.0031603348907083273,-0.9993324279785156,1.0,-0.15717334002330574,0.24841533218789458,-0.08144402218497249,0.1725931040946378,0.801260361497758,0.24263577020484434,0,0
1754547892.03238,1,follower,auto,-0.04294460266828537,0.9791422486305237,1.081751823425293,0.0,1.0,1.0,0.04294460266828537,0.02085775136947632,-0.08175182342529297,0,0,0,0,90,100,0,-0.0012579165631905198,0.036377377808094025,0.0031603348907083273,-0.9993324279785156,1.0,0.11924254288043051,0.09416698757524844,-0.0769646144172027,-0.10256587410850063,0.9320587548428995,1.1202341306338943,0,0
1754547892.0329843,0,follower,auto,0.09489134699106216,0.9253321886062622,0.20525617897510529,0,1,0,-0.09489134699106216,0.07466781139373779,-0.20525617897510529,-19.959897322283357,-9.070692289211447,7.508469839807264,0,90,100,0.00015878677368164062,0.005349509418010712,0.03435521945357323,0.0037186637055128813,-0.9993885159492493,,,,,,,,0,0
1754547892.1333299,1,follower,auto,-0.025427041575312614,0.970442533493042,1.0821423530578613,0.0,1.0,1.0,0.025427041575312614,0.029557466506958008,-0.08214235305786133,-7.987598487601204,1.9747711012203342,2.0775485050307436,0,90,100,0.10023689270019531,0.005349509418010712,0.03435521945357323,0.0037186637055128813,-0.9993885159492493,,,,,,,,0,0
1754547892.2371476,0,leader,auto,0.09489134699106216,0.9253321886062622,0.20525617897510529,0,1,0,-0.09489134699106216,0.07466781139373779,-0.20525617897510529,0,0,0,0,0,100,0,0.005349509418010712,0.03435521945357323,0.0037186637055128813,-0.9993885159492493,1.0,-0.14870995353148467,0.25839408944832043,-0.0820315251317934,0.16924632375680448,0.796135143882102,0.246271941541002,0,0
1754547892.3377707,1,follower,auto,-0.025427041575312614,0.970442533493042,1.0821423530578613,0.0,1.0,1.0,0.025427041575312614,0.029557466506958008,-0.08214235305786133,0,0,0,0,90,100,0,0.005349509418010712,0.03435521945357323,0.0037186637055128813,-0.9993885159492493,1.0,0.11989039680704061,0.08750165594713533,-0.06681589670645294,-0.08537223997883292,0.9266917055194743,1.115550301411088,0,0
1754547892.3388634,0,follower,auto,0.09994176030158997,0.9234983325004578,0.20857052505016327,0,1,0,-0.09994176030158997,0.07650166749954224,-0.20857052505016327,-19.970082145579507,30,7.507339917098258,0,90,100,0.0004284381866455078,0.00850270688533783,0.03716372326016426,0.005366790574043989,-0.9992586374282837,,,,,,,,0,0
1754547892.4399629,1,follower,auto,-0.017000673338770866,0.9540061950683594,1.0861684083938599,0.0,1.0,1.0,0.017000673338770866,0.045993804931640625,-0.08616840839385986,-7.937431780357815,1.0055487340148939,4.057635900426708,0,90,100,0.1009218692779541,0.00850270688533783,0.03716372326016426,0.005366790574043989,-0.9992586374282837,,,,,,,,0,0
1754547892.6115012,0,leader,auto,0.09994176030158997,0.9234983325004578,0.20857052505016327,0,1,0,-0.09994176030158997,0.07650166749954224,-0.20857052505016327,0,0,0,0,0,100,0,0.00850270688533783,0.03716372326016426,0.005366790574043989,-0.9992586374282837,1.0,-0.13897375542513107,0.263557762019073,-0.0841196134734748,0.1694286380141555,0.7917194514909213,0.25063033178690064,0,0
1754547892.7118912,1,follower,auto,-0.017000673338770866,0.9540061950683594,1.0861684083938599,0.0,1.0,1.0,0.017000673338770866,0.045993804931640625,-0.08616840839385986,0,0,0,0,90,100,0,0.00850270688533783,0.03716372326016426,0.005366790574043989,-0.9992586374282837,1.0,0.10470557423864216,0.07829484941717957,-0.055506447883227006,-0.06935346045809195,0.9148587703597696,1.1139216323354733,0,0
1754547892.7123444,0,follower,auto,0.11606137454509735,0.9138156175613403,0.2103598415851593,0,1,0,-0.11606137454509735,0.08618438243865967,-0.2103598415851593,-19.942818341746285,30,8.514770203672281,0,90,100,0.00017261505126953125,0.008382480591535568,0.0366375632584095,0.0032262327149510384,-0.9992882609367371,,,,,,,,0,0
1754547892.812783,1,follower,auto,-0.012964609079062939,0.935532808303833,1.090444803237915,0.0,1.0,1.0,0.012964609079062939,0.06446719169616699,-0.09044480323791504,-8.911180208879607,1.041079102432926,6.049246553793193,0,90,100,0.10036611557006836,0.008382480591535568,0.0366375632584095,0.0032262327149510384,-0.9992882609367371,,,,,,,,0,0
1754547892.9170425,0,leader,auto,0.11606137454509735,0.9138156175613403,0.2103598415851593,0,1,0,-0.11606137454509735,0.08618438243865967,-0.2103598415851593,0,0,0,0,0,100,0,0.008382480591535568,0.0366375632584095,0.0032262327149510384,-0.9992882609367371,1.0,-0.12239922013212545,0.2598117782753807,-0.08830765415833242,0.17726098461116008,0.78390972842365,0.2545136686643255,0,0
1754547893.017366,1,follower,auto,-0.012964609079062939,0.935532808303833,1.090444803237915,0.0,1.0,1.0,0.012964609079062939,0.06446719169616699,-0.09044480323791504,0,0,0,0,90,100,0,0.008382480591535568,0.0366375632584095,0.0032262327149510384,-0.9992882609367371,1.0,0.08639901751491905,0.0741111901335132,-0.049773568512158084,-0.05616411783652246,0.8984772132370764,1.1153315874939942,0,0
1754547893.0178983,0,follower,auto,0.16475456953048706,0.9047059416770935,0.20651617646217346,0,1,0,-0.16475456953048706,0.0952940583229065,-0.20651617646217346,-19.93211975160073,30,9.544316779328117,0,90,100,0.00023746490478515625,0.005514530930668116,0.03386065736413002,0.0028864433988928795,-0.999407172203064,,,,,,,,0,0
1754547893.1182926,1,follower,auto,-0.012316479347646236,0.9319962859153748,1.0934455394744873,0.0,1.0,1.0,0.012316479347646236,0.06800371408462524,-0.0934455394744873,-8.970965780841677,1.0926195381324588,6.048428549234462,0,90,100,0.1003103256225586,0.005514530930668116,0.03386065736413002,0.0028864433988928795,-0.999407172203064,,,,,,,,0,0
1754547893.2231627,0,leader,auto,0.16475456953048706,0.9047059416770935,0.20651617646217346,0,1,0,-0.16475456953048706,0.0952940583229065,-0.20651617646217346,0,0,0,0,0,100,0,0.005514530930668116,0.03386065736413002,0.0028864433988928795,-0.999407172203064,1.0,-0.08412177293830647,0.2602678193208747,-0.09836789057133216,0.2068154559996403,0.7745720320166561,0.2557001217478395,0,0
1754547893.3235912,1,follower,auto,-0.012316479347646236,0.9319962859153748,1.0934455394744873,0.0,1.0,1.0,0.012316479347646236,0.06800371408462524,-0.0934455394744873,0,0,0,0,90,100,0,0.005514530930668116,0.03386065736413002,0.0028864433988928795,-0.999407172203064,1.0,0.06885095250115486,0.09067962176728184,-0.05074788419204879,-0.04674195559822367,0.8866564750317338,1.1188194815705117,0,0
1754547893.3247797,0,follower,auto,0.2463533729314804,0.8982501029968262,0.19854621589183807,0,1,0,-0.2463533729314804,0.10174989700317383,-0.19854621589183807,-18.93588579911837,30,10.578353069052914,0,90,100,0.0005021095275878906,0.006696423050016165,0.03274080902338028,0.011704296804964542,-0.9993729591369629,,,,,,,,0,0
1754547893.4255657,1,follower,auto,-0.020171383395791054,0.9341632127761841,1.100598692893982,0.0,1.0,1.0,0.020171383395791054,0.06583678722381592,-0.10059869289398193,-10.017026430972626,2.188818523440245,6.022901119549391,0,90,100,0.10056924819946289,0.006696423050016165,0.03274080902338028,0.011704296804964542,-0.9993729591369629,,,,,,,,0,0
1754547893.5293252,0,leader,auto,0.2463533729314804,0.8982501029968262,0.19854621589183807,0,1,0,-0.2463533729314804,0.10174989700317383,-0.19854621589183807,0,0,0,0,0,100,0,0.006696423050016165,0.03274080902338028,0.011704296804964542,-0.9993729591369629,1.0,-0.042521850172469566,0.2648630494467408,-0.11018286866451643,0.2676142980177152,0.7658185782734558,0.2536376502240963,0,0
1754547893.6413174,1,follower,auto,-0.020171383395791054,0.9341632127761841,1.100598692893982,0.0,1.0,1.0,0.020171383395791054,0.06583678722381592,-0.10059869289398193,0,0,0,0,90,100,0,0.006696423050016165,0.03274080902338028,0.011704296804964542,-0.9993729591369629,1.0,0.04784693907776287,0.10729067909056567,-0.049578701504862766,-0.04409485293467249,0.8805178732309012,1.1253880436464132,0,0
1754547893.6426198,0,follower,auto,0.35057759284973145,0.8947100043296814,0.1895395666360855,0,1,0,-0.35057759284973145,0.1052899956703186,-0.1895395666360855,-17.940403128918557,30,10.60119875634486,0,90,100,0.0005323886871337891,0.010297765955328941,0.0359438955783844,0.005229769740253687,-0.9992871284484863,,,,,,,,0,0
1754547893.7434084,1,follower,auto,-0.02947169914841652,0.9479742646217346,1.109930157661438,0.0,1.0,1.0,0.02947169914841652,0.05202573537826538,-0.10993015766143799,-10.088608543458047,2.2757620022530802,4.997813275086676,0,90,100,0.10055947303771973,0.010297765955328941,0.0359438955783844,0.005229769740253687,-0.9992871284484863,,,,,,,,0,0
1754547893.87449,0,leader,auto,0.35057759284973145,0.8947100043296814,0.1895395666360855,0,1,0,-0.35057759284973145,0.1052899956703186,-0.1895395666360855,0,0,0,0,0,100,0,0.010297765955328941,0.0359438955783844,0.005229769740253687,-0.9992871284484863,1.0,-0.01611994276022055,0.2704718768606429,-0.11999259865906253,0.3586375642298417,0.75947406589936,0.24953586596561678,0,0
1754547893.9748518,1,follower,auto,-0.02947169914841652,0.9479742646217346,1.109930157661438,0.0,1.0,1.0,0.02947169914841652,0.05202573537826538,-0.10993015766143799,0,0,0,0,90,100,0,0.010297765955328941,0.0359438955783844,0.005229769740253687,-0.9992871284484863,1.0,0.03473905344958307,0.12974701163158187,-0.0493681908275172,-0.046841225873208055,0.8831007588059436,1.1346142530751966,0,0
1754547893.975367,0,follower,auto,0.4745781719684601,0.8958848118782043,0.1838548183441162,0,1,0,-0.4745781719684601,0.10411518812179565,-0.1838548183441162,-17.956367683785125,30,10.599963912560863,0,90,100,0.00016736984252929688,0.017436522990465164,0.035583849996328354,0.008382454514503479,-0.9991794228553772,,,,,,,,0,0
1754547894.0756555,1,follower,auto,-0.03649783134460449,0.9630098342895508,1.1195192337036133,0.0,1.0,1.0,0.03649783134460449,0.03699016571044922,-0.11951923370361328,-11.12041940223648,3.350475085328086,2.983341520317732,0,90,100,0.10022997856140137,0.017436522990465164,0.035583849996328354,0.008382454514503479,-0.9991794228553772,,,,,,,,0,0
1754547894.228189,0,leader,auto,0.4745781719684601,0.8958848118782043,0.1838548183441162,0,1,0,-0.4745781719684601,0.10411518812179565,-0.1838548183441162,0,0,0,0,0,100,0,0.017436522990465164,0.035583849996328354,0.008382454514503479,-0.9991794228553772,1.0,-0.002014233860403003,0.2769985685319353,-0.1237772795427628,0.4755852888986616,0.7573855276122368,0.2457434581154976,0,0
1754547894.328693,1,follower,auto,-0.03649783134460449,0.9630098342895508,1.1195192337036133,0.0,1.0,1.0,0.03649783134460449,0.03699016571044922,-0.11951923370361328,0,0,0,0,90,100,0,0.017436522990465164,0.035583849996328354,0.008382454514503479,-0.9991794228553772,1.0,0.03030332245271293,0.14320601345360295,-0.05054736413128569,-0.05164949257096096,0.8914068275627494,1.1447929157692562,0,0
1754547894.330579,0,follower,auto,0.6149806976318359,0.9002364873886108,0.18543486297130585,0,1,0,-0.6149806976318359,0.09976351261138916,-0.18543486297130585,-17.975263663642693,30,9.5655679062588,0,90,100,0.0011632442474365234,0.01318045612424612,0.038666561245918274,0.0004803694610018283,-0.9991651773452759,,,,,,,,0,0
1754547894.4316628,1,follower,auto,-0.03798218443989754,0.9702467918395996,1.1198257207870483,0.0,1.0,1.0,0.03798218443989754,0.02975320816040039,-0.11982572078704834,-11.0964447210177,3.411160857245345,2.0215002904201564,0,90,100,0.10067105293273926,0.01318045612424612,0.038666561245918274,0.0004803694610018283,-0.9991651773452759,,,,,,,,0,0
1754547894.5361826,0,leader,auto,0.6149806976318359,0.9002364873886108,0.18543486297130585,0,1,0,-0.6149806976318359,0.09976351261138916,-0.18543486297130585,0,0,0,0,0,100,0,0.01318045612424612,0.038666561245918274,0.0004803694610018283,-0.9991651773452759,1.0,0.0015815635043812115,0.28200525021601464,-0.12034038141002146,0.6141899158796453,0.7592338622806035,0.24560505367631658,0,0
1754547894.6366816,1,follower,auto,-0.03798218443989754,0.9702467918395996,1.1198257207870483,0.0,1.0,1.0,0.03798218443989754,0.02975320816040039,-0.11982572078704834,0,0,0,0,90,100,0,0.01318045612424612,0.038666561245918274,0.0004803694610018283,-0.9991651773452759,1.0,0.03485647856881097,0.1432329007073303,-0.059864565773038114,-0.05541042372430302,0.8986303414859345,1.1497580036735675,0,0
1754547894.6379719,0,follower,auto,0.7387614250183105,0.9026705622673035,0.18163791298866272,0,1,0,-0.7387614250183105,0.09732943773269653,-0.18163791298866272,-17.972148298178045,30,9.5760728909249,0,90,100,0.0005679130554199219,0.010540136136114597,0.03501826152205467,0.0023565045557916164,-0.9993283152580261,,,,,,,,0,0
1754547894.7388225,1,follower,auto,-0.03786362707614899,0.9747635126113892,1.1127140522003174,0.0,1.0,1.0,0.03786362707614899,0.02523648738861084,-0.11271405220031738,-11.078557558952099,3.471292028729623,2.0658637660701578,0,90,100,0.10061836242675781,0.010540136136114597,0.03501826152205467,0.0023565045557916164,-0.9993283152580261,,,,,,,,0,0
1754547894.8552701,0,leader,auto,0.7387614250183105,0.9026705622673035,0.18163791298866272,0,1,0,-0.7387614250183105,0.09732943773269653,-0.18163791298866272,0,0,0,0,0,100,0,0.010540136136114597,0.03501826152205467,0.0023565045557916164,-0.9993283152580261,1.0,-0.03335304553543461,0.28082588657486207,-0.12514066816104086,0.7554379477860278,0.7622576189798724,0.24420824706918315,0,0
1754547894.9556937,1,follower,auto,-0.03786362707614899,0.9747635126113892,1.1127140522003174,0.0,1.0,1.0,0.03786362707614899,0.02523648738861084,-0.11271405220031738,0,0,0,0,90,100,0,0.010540136136114597,0.03501826152205467,0.0023565045557916164,-0.9993283152580261,1.0,0.03970717444333016,0.1415962492274393,-0.06977230295038783,-0.05771721429781407,0.9039653879976695,1.1476002036755113,0,0
1754547894.956107,0,follower,auto,0.8708059787750244,0.9082558155059814,0.1802152842283249,0,1,0,-0.8708059787750244,0.09174418449401855,-0.1802152842283249,-17.979123640940763,30,9.564860111882535,0,90,100,0.000148773193359375,0.017111754044890404,0.03457831218838692,0.004921439569443464,-0.999243438243866,,,,,,,,0,0
1754547895.0564845,1,follower,auto,-0.03955443203449249,0.9898485541343689,1.1029767990112305,0.0,1.0,1.0,0.03955443203449249,0.010151445865631104,-0.10297679901123047,-10.122903354197241,3.554912726552637,1.094592389403567,0,90,100,0.10031557083129883,0.017111754044890404,0.03457831218838692,0.004921439569443464,-0.999243438243866,,,,,,,,0,0
1754547895.2144408,0,leader,auto,0.8708059787750244,0.9082558155059814,0.1802152842283249,0,1,0,-0.8708059787750244,0.09174418449401855,-0.1802152842283249,0,0,0,0,0,100,0,0.017111754044890404,0.03457831218838692,0.004921439569443464,-0.999243438243866,1.0,-0.06022181049762276,0.2817017193522089,-0.1259827164338973,0.9009168840238357,0.767404955829877,0.24320664244527354,0,0
1754547895.3150406,1,follower,auto,-0.03955443203449249,0.9898485541343689,1.1029767990112305,0.0,1.0,1.0,0.03955443203449249,0.010151445865631104,-0.10297679901123047,0,0,0,0,100,100,0,0.017111754044890404,0.03457831218838692,0.004921439569443464,-0.999243438243866,1.0,0.04101494987619422,0.1525130643517154,-0.07453355870096146,-0.060061906972589604,0.9135920219585112,1.1402435783617113,0,0
1754547895.316272,0,follower,auto,1.0175963640213013,0.9171708822250366,0.18545429408550262,0,1,0,-1.0175963640213013,0.08282911777496338,-0.18545429408550262,-17.99386876013463,-20,8.520330829444601,0,90,100,0.0003833770751953125,0.00870904978364706,0.03384220972657204,0.009321754798293114,-0.9993457794189453,,,,,,,,0,0
1754547895.4169776,1,follower,auto,-0.043502211570739746,1.0038347244262695,1.0837438106536865,0.0,1.0,1.0,0.043502211570739746,-0.0038347244262695312,-0.08374381065368652,-8.132924533852785,4.655848763427541,0.15627963064276731,0,100,100,0.10044121742248535,0.00870904978364706,0.03384220972657204,0.009321754798293114,-0.9993457794189453,,,,,,,,0,0
1754547895.557246,0,leader,auto,1.0175963640213013,0.9171708822250366,0.18545429408550262,0,1,0,-1.0175963640213013,0.08282911777496338,-0.18545429408550262,0,0,0,0,0,100,0,0.00870904978364706,0.03384220972657204,0.009321754798293114,-0.9993457794189453,1.0,-0.07469483475432037,0.28372945250754567,-0.12048817191431965,1.0549437813984615,0.7753061559712637,0.24569838004266245,0,0
1754547895.6578813,1,follower,auto,-0.043502211570739746,1.0038347244262695,1.0837438106536865,0.0,1.0,1.0,0.043502211570739746,-0.0038347244262695312,-0.08374381065368652,0,0,0,0,100,100,0,0.00870904978364706,0.03384220972657204,0.009321754798293114,-0.9993457794189453,1.0,0.040095729249941536,0.15631958953235148,-0.08228716502504163,-0.06355007619571051,0.9256749296600938,1.1248873931662073,0,0
1754547895.6591337,0,follower,auto,1.1513829231262207,0.9263409972190857,0.1943448930978775,0,1,0,-1.1513829231262207,0.0736590027809143,-0.1943448930978775,-19.003164392669753,-20,7.474985150105677,0,90,100,0.00038051605224609375,0.002634970238432288,0.03733532130718231,0.008671491406857967,-0.999261736869812,,,,,,,,0,0
1754547895.7598612,1,follower,auto,-0.04615069553256035,1.0081913471221924,1.0575424432754517,0.0,1.0,1.0,0.04615069553256035,-0.008191347122192383,-0.05754244327545166,-5.091685893824353,4.73540068925661,0.2207032150571452,0,100,100,0.10045933723449707,0.002634970238432288,0.03733532130718231,0.008671491406857967,-0.999261736869812,,,,,,,,0,0
1754547895.9271445,0,leader,auto,1.1513829231262207,0.9263409972190857,0.1943448930978775,0,1,0,-1.1513829231262207,0.0736590027809143,-0.1943448930978775,0,0,0,0,0,100,0,0.002634970238432288,0.03733532130718231,0.008671491406857967,-0.999261736869812,1.0,-0.10970653459122426,0.2831311744448144,-0.11417546929477596,1.2062361904218328,0.7847754099966785,0.2514326277452655,0,0
1754547896.027517,1,follower,auto,-0.04615069553256035,1.0081913471221924,1.0575424432754517,0.0,1.0,1.0,0.04615069553256035,-0.008191347122192383,-0.05754244327545166,0,0,0,0,100,100,0,0.002634970238432288,0.03733532130718231,0.008671491406857967,-0.999261736869812,1.0,0.04278456222717349,0.14578385779327996,-0.08752852528666244,-0.06754297664614708,0.9352994182255524,1.1013067059187829,0,0
1754547896.027961,0,follower,auto,1.2358145713806152,0.9297575354576111,0.2048729658126831,0,1,0,-1.2358145713806152,0.07024246454238892,-0.2048729658126831,-19.987618857014105,-20,7.436788456024803,0,90,100,0.0001380443572998047,-0.002747932681813836,0.038378696888685226,0.006462430581450462,-0.9992386102676392,,,,,,,,0,0
1754547896.1282299,1,follower,auto,-0.04343518614768982,1.00044584274292,1.0280169248580933,0.0,1.0,1.0,0.04343518614768982,-0.0004458427429199219,-0.02801692485809326,-2.0226545711429877,4.761208870518929,0.2717073254747661,0,100,100,0.10019159317016602,-0.002747932681813836,0.038378696888685226,0.006462430581450462,-0.9992386102676392,,,,,,,,0,0
1754547896.2334034,0,leader,auto,1.2358145713806152,0.9297575354576111,0.2048729658126831,0,1,0,-1.2358145713806152,0.07024246454238892,-0.2048729658126831,0,0,0,0,0,100,0,-0.002747932681813836,0.038378696888685226,0.006462430581450462,-0.9992386102676392,1.0,-0.18888783793881547,0.27626244083945783,-0.10886434658204469,1.330258490350023,0.7916263150378822,0.25930513910370545,0,0
1754547896.3339186,1,follower,auto,-0.04343518614768982,1.00044584274292,1.0280169248580933,0.0,1.0,1.0,0.04343518614768982,-0.0004458427429199219,-0.02801692485809326,0,0,0,0,100,100,0,-0.002747932681813836,0.038378696888685226,0.006462430581450462,-0.9992386102676392,1.0,0.051233453395835044,0.12330068069684363,-0.08756706290158722,-0.06905191284560734,0.938795502394498,1.0718004563088868,0,0
1754547896.3352222,0,follower,auto,1.2573766708374023,0.9325568079948425,0.20582354068756104,0,1,0,-1.2573766708374023,0.06744319200515747,-0.20582354068756104,-19.9891546253526,-20,6.459637997264289,0,90,100,0.0005185604095458984,-0.0035401638597249985,0.03785793483257294,0.006343640387058258,-0.9992567300796509,,,,,,,,0,0
1754547896.4359183,1,follower,auto,-0.03965706005692482,0.9852432608604431,1.0070898532867432,0.0,1.0,1.0,0.03965706005692482,0.014756739139556885,-0.007089853286743164,0.03816649615550147,3.760449813755967,1.256812023310765,0,100,100,0.10042881965637207,-0.0035401638597249985,0.03785793483257294,0.006343640387058258,-0.9992567300796509,,,,,,,,0,0
1754547896.5843441,0,leader,auto,1.2573766708374023,0.9325568079948425,0.20582354068756104,0,1,0,-1.2573766708374023,0.06744319200515747,-0.20582354068756104,0,0,0,0,0,100,0,-0.0035401638597249985,0.03785793483257294,0.006343640387058258,-0.9992567300796509,0.8,-0.2981258897545014,0.27286005633373767,-0.11560256726088841,1.406439615714653,0.7961267798279736,0.26362482431800527,0,0
1754547896.6849349,1,follower,auto,-0.03965706005692482,0.9852432608604431,1.0070898532867432,0.0,1.0,1.0,0.03965706005692482,0.014756739139556885,-0.007089853286743164,0,0,0,0,100,100,0,-0.0035401638597249985,0.03785793483257294,0.006343640387058258,-0.9992567300796509,1.0,0.05769538281887078,0.09799362156778502,-0.07312989778540491,-0.0685047514663602,0.9362464500765506,1.0436548021794456,0,0
1754547896.6859457,0,follower,auto,1.2511861324310303,0.9363821148872375,0.2034827619791031,0,1,0,-1.2511861324310303,0.06361788511276245,-0.2034827619791031,-20,-20,6.473340424810238,0,90,100,0.0003364086151123047,-0.006228351965546608,0.03738641366362572,0.0072434828616678715,-0.9992552995681763,,,,,,,,0,0
1754547896.7865634,1,follower,auto,-0.038253650069236755,0.9712892770767212,0.9865589141845703,0.0,1.0,1.0,0.038253650069236755,0.02871072292327881,0.013441085815429688,1.0585959449404005,3.7624384201176815,2.2576557961669277,0,90,100,0.10039520263671875,-0.006228351965546608,0.03738641366362572,0.0072434828616678715,-0.9992552995681763,,,,,,,,0,0
1754547896.9474802,0,leader,auto,1.2511861324310303,0.9363821148872375,0.2034827619791031,0,1,0,-1.2511861324310303,0.06361788511276245,-0.2034827619791031,0,0,0,0,0,100,0,-0.006228351965546608,0.03738641366362572,0.0072434828616678715,-0.9992552995681763,0.9048374180359595,-0.3796287412426884,0.27307384911803223,-0.12063048947264832,1.4410005030523745,0.7998451903282214,0.26379800671542725,0,0
1754547897.0479906,1,follower,auto,-0.038253650069236755,0.9712892770767212,0.9865589141845703,0.0,1.0,1.0,0.038253650069236755,0.02871072292327881,0.013441085815429688,0,0,0,0,90,100,0,-0.006228351965546608,0.03738641366362572,0.0072434828616678715,-0.9992552995681763,1.0,0.05827340444374672,0.07969097009611015,-0.061652901936468885,-0.06739035229111012,0.9314437920286661,1.0173853651528049,0,0
1754547897.0490937,0,follower,auto,1.2294642925262451,0.946049153804779,0.19838771224021912,0,1,0,-1.2294642925262451,0.05395084619522095,-0.19838771224021912,-19.039305927790675,-20,5.484758557055708,0,90,100,0.0003504753112792969,-0.006366228684782982,0.03666960075497627,0.0060946885496377945,-0.9992886185646057,,,,,,,,0,0
1754547897.1497214,1,follower,auto,-0.033511411398649216,0.9593566656112671,0.9689059257507324,0.0,1.0,1.0,0.033511411398649216,0.04064333438873291,0.031094074249267578,3.0659945337472414,3.7345003851237255,4.250082069562874,0,90,100,0.10038614273071289,-0.006366228684782982,0.03666960075497627,0.0060946885496377945,-0.9992886185646057,,,,,,,,0,0
1754547897.2540853,0,leader,auto,1.2294642925262451,0.946049153804779,0.19838771224021912,0,1,0,-1.2294642925262451,0.05395084619522095,-0.19838771224021912,0,0,0,0,0,100,0,-0.006366228684782982,0.03666960075497627,0.0060946885496377945,-0.9992886185646057,0.7408182206817179,-0.4293374565982069,0.27990730809706366,-0.12392792777067907,1.4441330208253484,0.8060954997562473,0.26035167612555865,0,0
1754547897.354406,1,follower,auto,-0.033511411398649216,0.9593566656112671,0.9689059257507324,0.0,1.0,1.0,0.033511411398649216,0.04064333438873291,0.031094074249267578,0,0,0,0,90,100,0,-0.006366228684782982,0.03666960075497627,0.0060946885496377945,-0.9992886185646057,1.0,0.061584544048139594,0.06592405282687241,-0.05097840600428016,-0.06430368342271901,0.9263946391978308,0.9943951287528725,0,0
1754547897.3547847,0,follower,auto,1.2054085731506348,0.9487950801849365,0.19623269140720367,0,1,0,-1.2054085731506348,0.05120491981506348,-0.19623269140720367,-19.026014241706573,-20,5.474256820432638,0,90,100,0.00011467933654785156,-0.008443500846624374,0.03727876767516136,0.0007951868465170264,-0.9992689490318298,,,,,,,,0,0
1754547897.4550931,1,follower,auto,-0.026802536100149155,0.9483047127723694,0.9603517651557922,0.0,1.0,1.0,0.026802536100149155,0.051695287227630615,0.039648234844207764,3.068906134620251,2.7041638781274067,5.21117392955035,0,90,100,0.10023856163024902,-0.008443500846624374,0.03727876767516136,0.0007951868465170264,-0.9992689490318298,,,,,,,,0,0
1754547897.5606341,0,leader,auto,1.2054085731506348,0.9487950801849365,0.19623269140720367,0,1,0,-1.2054085731506348,0.05120491981506348,-0.19623269140720367,0,0,0,0,0,100,0,-0.008443500846624374,0.03727876767516136,0.0007951868465170264,-0.9992689490318298,0.6065306597126334,-0.44647207178491666,0.2758487194101915,-0.11944642162693414,1.428644609043093,0.8108707204798408,0.2559559022206708,0,0
1754547897.66108,1,follower,auto,-0.026802536100149155,0.9483047127723694,0.9603517651557922,0.0,1.0,1.0,0.026802536100149155,0.051695287227630615,0.039648234844207764,0,0,0,0,90,100,0,-0.008443500846624374,0.03727876767516136,0.0007951868465170264,-0.9992689490318298,1.0,0.06463033278000249,0.052240574587181676,-0.03722392384855122,-0.0591177024901504,0.9221844254787785,0.9789637270800678,0,0
1754547897.6617823,0,follower,auto,1.1769863367080688,0.9467666745185852,0.19752317667007446,0,1,0,-1.1769863367080688,0.053233325481414795,-0.19752317667007446,-19.003711217978967,-20,5.457483151540844,0,90,100,0.0002295970916748047,-0.00539576867595315,0.037279121577739716,0.00028738644323311746,-0.9992902874946594,,,,,,,,0,0
1754547897.7622836,1,follower,auto,-0.01917814277112484,0.9392424821853638,0.9611358046531677,0.0,1.0,1.0,0.01917814277112484,0.06075751781463623,0.038864195346832275,3.0631594581171697,1.6751273994786948,6.159433069461018,0,90,100,0.10033631324768066,-0.00539576867595315,0.037279121577739716,0.00028738644323311746,-0.9992902874946594,,,,,,,,0,0
1754547897.8715131,0,follower,auto,1.1769863367080688,0.9467666745185852,0.19752317667007446,0.0,1.0,2.0,-1.1769863367080688,0.053233325481414795,-0.19752317667007446,0,0,0,0,0,100,0,-0.00539576867595315,0.037279121577739716,0.00028738644323311746,-0.9992902874946594,0.4965853037914095,-0.44815285142028305,0.2687616969032398,-0.1108731697657227,1.4010627624182104,0.8123858260669653,0.2529597615529358,0,0
1754547897.9718516,1,leader,auto,-0.01917814277112484,0.9392424821853638,0.9611358046531677,0.0,1.0,1.0,0.01917814277112484,0.06075751781463623,0.038864195346832275,0,0,0,0,90,100,0,-0.00539576867595315,0.037279121577739716,0.00028738644323311746,-0.9992902874946594,1.0,0.06524878575998544,0.04066281136350536,-0.023613981938522932,-0.05180253565111756,0.918911076503611,0.9729427956224292,0,0
1754547897.972197,0,follower,auto,1.1393811702728271,0.9444946050643921,0.19735848903656006,0.0,1.0,2.0,-1.1393811702728271,0.05550539493560791,1.80264151096344,20,-20,5.4632560715036655,0,90,100,0.00010275840759277344,-0.003862948389723897,0.036251116544008255,-0.0003183841472491622,-0.9993352293968201,,,,,,,,0,0
1754547898.0724475,1,follower,auto,-0.011322110891342163,0.9364994764328003,0.9686413407325745,0.0,1.0,1.0,0.011322110891342163,0.06350052356719971,0.03135865926742554,3.033911184154893,1.644655248340768,6.110987231324145,0,90,100,0.10018754005432129,-0.003862948389723897,0.036251116544008255,-0.0003183841472491622,-0.9993352293968201,,,,,,,,0,0
1754547898.1772683,0,follower,auto,1.1393811702728271,0.9444946050643921,0.19735848903656006,0.0,1.0,2.0,-1.1393811702728271,0.05550539493560791,1.80264151096344,0,0,0,0,0,100,0,-0.003862948389723897,0.036251116544008255,-0.0003183841472491622,-0.9993352293968201,0.4065696597405991,-0.4468054716312222,0.2651649142966743,-0.1057380779994424,1.3627839060884384,0.8119121479160549,0.25022752803628123,0,0
1754547898.277937,1,leader,auto,-0.011322110891342163,0.9364994764328003,0.9686413407325745,0.0,1.0,1.0,0.011322110891342163,0.06350052356719971,0.03135865926742554,0,0,0,0,90,100,0,-0.003862948389723897,0.036251116544008255,-0.0003183841472491622,-0.9993352293968201,1.0,0.06289736319701499,0.035283598332546906,-0.014593968735241991,-0.042770792489849656,0.9188576772665269,0.9759383251001954,0,0
1754547898.2795646,0,follower,auto,1.0962878465652466,0.940419614315033,0.2003922164440155,0.0,1.0,2.0,-1.0962878465652466,0.05958038568496704,1.7996077835559845,20,-20,5.454037972240361,0,90,100,0.00021982192993164062,-0.0016879196045920253,0.037056293338537216,0.001159504521638155,-0.9993111491203308,,,,,,,,0,0
1754547898.3803997,1,follower,auto,-0.006271222606301308,0.9440413117408752,0.9781150817871094,0.0,1.0,1.0,0.006271222606301308,0.055958688259124756,0.021884918212890625,1.9748855053433612,0.6265916945984371,5.0857036510676235,0,90,100,0.1006629467010498,-0.0016879196045920253,0.037056293338537216,0.001159504521638155,-0.9993111491203308,,,,,,,,0,0
1754547898.4863167,0,follower,auto,1.0962878465652466,0.940419614315033,0.2003922164440155,0.0,1.0,2.0,-1.0962878465652466,0.05958038568496704,1.7996077835559845,0,0,0,0,0,100,0,-0.0016879196045920253,0.037056293338537216,0.001159504521638155,-0.9993111491203308,0.33287108369807955,-0.4403435559948452,0.2230020576974584,-0.09803370768687508,1.3164596245626692,0.8289185854663037,0.24940907028745304,0,0
1754547898.5916343,1,leader,auto,-0.006271222606301308,0.9440413117408752,0.9781150817871094,0.0,1.0,1.0,0.006271222606301308,0.055958688259124756,0.021884918212890625,0,0,0,0,90,100,0,-0.0016879196045920253,0.037056293338537216,0.001159504521638155,-0.9993111491203308,1.0,0.056158348145337655,0.03737506981027283,-0.013205166578330374,-0.034350396678970135,0.9253537768357388,0.9847176650762746,0,0
1754547898.6041539,0,follower,auto,1.051021695137024,0.9361482262611389,0.231427401304245,0.0,1.0,2.0,-1.051021695137024,0.06385177373886108,1.768572598695755,20,-20,6.318714370116208,0,90,100,0.00016736984252929688,-0.002371676731854677,0.03811182454228401,0.0009873282397165895,-0.9992702007293701,,,,,,,,0,0
1754547898.7046375,1,follower,auto,-0.0020077747758477926,0.9585207104682922,0.9861621856689453,0.0,1.0,1.0,0.0020077747758477926,0.041479289531707764,0.013837814331054688,0.9188805919602165,0.6034280769884707,4.099062504159512,0,90,100,0.10034775733947754,-0.002371676731854677,0.03811182454228401,0.0009873282397165895,-0.9992702007293701,,,,,,,,0,0
1754547898.8345692,0,follower,auto,1.051021695137024,0.9361482262611389,0.231427401304245,0.0,1.0,2.0,-1.051021695137024,0.06385177373886108,1.768572598695755,0,0,0,0,0,100,0,-0.002371676731854677,0.03811182454228401,0.0009873282397165895,-0.9992702007293701,0.2725317930340126,-0.4284613769776595,0.16611408805449346,-0.06477174351197651,1.2652523836258536,0.8530911822338922,0.2638132730602333,0,0
1754547898.9349487,1,leader,auto,-0.0020077747758477926,0.9585207104682922,0.9861621856689453,0.0,1.0,1.0,0.0020077747758477926,0.041479289531707764,0.013837814331054688,0,0,0,0,90,100,0,-0.002371676731854677,0.03811182454228401,0.0009873282397165895,-0.9992702007293701,1.0,0.048696907489336444,0.04076722857641535,-0.018098744663158195,-0.026356228520516015,0.9381370961800846,0.9952115580005244,0,0
1754547898.9352903,0,follower,auto,1.0101195573806763,0.9303873181343079,0.29993975162506104,0.0,1.0,2.0,-1.0101195573806763,0.06961268186569214,1.700060248374939,20,-20,6.087610454495136,0,90,100,0.00010371208190917969,-0.003432094817981124,0.03898658603429794,5.267537289910251e-06,-0.9992338418960571,,,,,,,,0,0
1754547899.035667,1,follower,auto,0.0002485380682628602,0.9746013283729553,0.9926068782806396,0.0,1.0,1.0,-0.0002485380682628602,0.025398671627044678,0.0073931217193603516,-0.11437577659742086,0.5879292161544076,2.1429030274710366,0,90,100,0.10031247138977051,-0.003432094817981124,0.03898658603429794,5.267537289910251e-06,-0.9992338418960571,,,,,,,,0,0
1754547899.143215,0,follower,auto,1.0101195573806763,0.9303873181343079,0.29993975162506104,0.0,1.0,2.0,-1.0101195573806763,0.06961268186569214,1.700060248374939,0,0,0,0,0,100,0,-0.003432094817981124,0.03898658603429794,5.267537289910251e-06,-0.9992338418960571,0.22313016014842982,-0.4081639774087553,0.1045525969962594,-0.012448288288218534,1.214201546085054,0.8781110196361781,0.3061638957691703,0,0
1754547899.2438076,1,leader,auto,0.0002485380682628602,0.9746013283729553,0.9926068782806396,0.0,1.0,1.0,-0.0002485380682628602,0.025398671627044678,0.0073931217193603516,0,0,0,0,90,100,0,-0.003432094817981124,0.03898658603429794,5.267537289910251e-06,-0.9992338418960571,1.0,0.0401536967277279,0.04029194054442342,-0.024980095353452025,-0.01982831029560109,0.9544553581007436,1.0050969259573657,0,0
1754547899.2449358,0,follower,auto,0.9768227338790894,0.9219360947608948,0.3868379294872284,0.0,1.0,2.0,-0.9768227338790894,0.07806390523910522,1.6131620705127716,20,-20,6.903893123607452,0,90,100,0.0003466606140136719,-0.0018248572014272213,0.0381854772567749,-0.0008359565981663764,-0.9992687106132507,,,,,,,,0,0
1754547899.3455772,1,follower,auto,0.00014725537039339542,0.9832773208618164,0.998941957950592,0.0,1.0,1.0,-0.00014725537039339542,0.016722679138183594,0.001058042049407959,-0.09959811525003925,0.5810326558063572,1.193681239347497,0,90,100,0.10040092468261719,-0.0018248572014272213,0.0381854772567749,-0.0008359565981663764,-0.9992687106132507,,,,,,,,0,0
1754547899.5514965,0,follower,auto,0.9768227338790894,0.9219360947608948,0.3868379294872284,0.0,1.0,2.0,-0.9768227338790894,0.07806390523910522,1.6131620705127716,0,0,0,0,0,100,0,-0.0018248572014272213,0.0381854772567749,-0.0008359565981663764,-0.9992687106132507,0.2592402606458915,-0.38183848495092976,0.043762854430822284,0.026883036590691967,1.1677419763545542,0.9000546675454837,0.3733964111918824,0,0
1754547899.6519425,1,leader,auto,0.00014725537039339542,0.9832773208618164,0.998941957950592,0.0,1.0,1.0,-0.00014725537039339542,0.016722679138183594,0.001058042049407959,0,0,0,0,90,100,0,-0.0018248572014272213,0.0381854772567749,-0.0008359565981663764,-0.9992687106132507,1.0,0.03130166625015697,0.029943611051113317,-0.028924679993070246,-0.015503577754685086,0.9683055153362597,1.0134042979471272,0,0
1754547899.6530435,0,follower,auto,0.9510430097579956,0.9107456803321838,0.5198260545730591,0.0,1.0,2.0,-0.9510430097579956,0.08925431966781616,1.480173945426941,20,-20,7.594910090130751,0,90,100,0.0003440380096435547,-0.0020100236870348454,0.03907264024019241,0.0016636911313980818,-0.9992330074310303,,,,,,,,0,0
1754547899.753759,1,follower,auto,-0.0031943887006491423,0.9821087718009949,1.0072777271270752,0.0,1.0,1.0,0.0031943887006491423,0.017891228199005127,-0.007277727127075195,-0.056747962702682064,0.5850855547839074,1.2608018628540156,0,90,100,0.1004328727722168,-0.0020100236870348454,0.03907264024019241,0.0016636911313980818,-0.9992330074310303,,,,,,,,0,0
1754547899.8586287,0,follower,auto,0.9510430097579956,0.9107456803321838,0.5198260545730591,0.0,1.0,2.0,-0.9510430097579956,0.08925431966781616,1.480173945426941,0,0,0,0,0,100,0,-0.0020100236870348454,0.03907264024019241,0.0016636911313980818,-0.9992330074310303,0.30119421191220214,-0.35442994539495887,-0.012434607717351831,0.08385294056885467,1.128257982455475,0.9169629841908598,0.4778995842886318,0,0
1754547899.959011,1,leader,auto,-0.0031943887006491423,0.9821087718009949,1.0072777271270752,0.0,1.0,1.0,0.0031943887006491423,0.017891228199005127,-0.007277727127075195,0,0,0,0,90,100,0,-0.0020100236870348454,0.03907264024019241,0.0016636911313980818,-0.9992330074310303,1.0,0.022025205656493796,0.012928450096447719,-0.028065236446181308,-0.01420699152889604,0.975644546752771,1.021310345350166,0,0
1754547899.9600418,0,follower,auto,0.9504929780960083,0.900266170501709,0.6293227076530457,0.0,1.0,2.0,-0.9504929780960083,0.09973382949829102,1.3706772923469543,20,-20,8.559096155453378,0,90,100,0.00032138824462890625,-0.0021411848720163107,0.03887222707271576,0.003834896720945835,-0.9992345571517944,,,,,,,,0,0
1754547900.0606492,1,follower,auto,-0.008644767105579376,0.977433443069458,1.0097399950027466,0.0,1.0,1.0,0.008644767105579376,0.022566556930541992,-0.009739995002746582,-0.030843015214613214,0.6021371711342757,2.347389962428287,0,90,100,0.10036969184875488,-0.0021411848720163107,0.03887222707271576,0.003834896720945835,-0.9992345571517944,,,,,,,,0,0
1754547900.1650019,0,follower,auto,0.9504929780960083,0.900266170501709,0.6293227076530457,0.0,1.0,2.0,-0.9504929780960083,0.09973382949829102,1.3706772923469543,0,0,0,0,0,100,0,-0.0021411848720163107,0.03887222707271576,0.003834896720945835,-0.9992345571517944,0.3499377491111553,-0.3106858869802198,-0.058952011652988134,0.07538180462214128,1.1058359215861182,0.929742176328203,0.591631805341975,0,0
1754547900.265631,1,leader,auto,-0.008644767105579376,0.977433443069458,1.0097399950027466,0.0,1.0,1.0,0.008644767105579376,0.022566556930541992,-0.009739995002746582,0,0,0,0,90,100,0,-0.0021411848720163107,0.03887222707271576,0.003834896720945835,-0.9992345571517944,1.0,0.014321562184603856,6.584640435092215e-05,-0.03280525128516998,-0.015805548197881304,0.9774005198672826,1.0261426206453317,0,0
1754547900.367641,0,follower,auto,0.9440985321998596,0.9008365869522095,0.7436132431030273,0.0,1.0,2.0,-0.9440985321998596,0.09916341304779053,1.2563867568969727,20,-20,8.478024050560192,0,90,100,0.10051321983337402,-0.00449554156512022,0.03867870196700096,0.0036493728403002024,-0.9992349743843079,,,,,,,,0,0
1754547902.9722471,1,follower,auto,-0.014463496394455433,0.9719765782356262,1.008264183998108,0.0,1.0,1.0,0.014463496394455433,0.02802342176437378,-0.00826418399810791,-0.01512795797014568,1.6075722373738652,2.4400999421338665,0,,100,2.6041319370269775,-0.00449554156512022,0.03867870196700096,0.0036493728403002024,-0.9992349743843079,,,,,,,,0,0
1754547903.1757057,0,follower,auto,0.9440985321998596,0.9008365869522095,0.7436132431030273,0.0,1.0,2.0,-0.9440985321998596,0.09916341304779053,1.2563867568969727,0,0,0,0,0,100,0,-0.00449554156512022,0.03867870196700096,0.0036493728403002024,-0.9992349743843079,0.4065696597405991,-0.29291025991839614,-0.08703414652412167,0.06210429653977645,1.0905536621590577,0.9443536602142704,0.7125610948331391,0,0
1754547903.276139,1,leader,auto,-0.014463496394455433,0.9719765782356262,1.008264183998108,0.0,1.0,1.0,0.014463496394455433,0.02802342176437378,-0.00826418399810791,0,0,0,0,0,100,0,-0.00449554156512022,0.03867870196700096,0.0036493728403002024,-0.9992349743843079,1.0,0.00970101738292507,-0.0071207577770824315,-0.03916435995744072,-0.01931400508591797,0.9755369571241674,1.0278463639768283,0,0
