timestamp,drone_id,role,mode,x,y,z,target_x,target_y,target_z,error_x,error_y,error_z,rc_lr,rc_fb,rc_ud,rc_yaw,trust,obs_error_x,obs_error_y,obs_error_z,obs_state_x,obs_state_y,obs_state_z,cbf_fire_flag,rc_safe_x,rc_safe_z,rc_diff_norm,qp_status,active_constraint_id,rc_nom_x,rc_nom_z,h_x,HOh_x,h2_value,h2_satisfied,h3_value,h3_satisfied,velocity_diff_x,velocity_diff_y
1767853719.482639,0,leader,manual,0.848051130771637,0.03441076725721359,0.8578534126281738,0.9,1,1,0.05194886922836306,0.9655892327427864,0.14214658737182617,0,0,0,0,1.0,0,0,0,0,0,0,False,,,,,,,,,,,,,,,
1767853719.6831734,1,follower,manual,0.07322560995817184,0.058483537286520004,0.8531820178031921,0.1,1,1,0.02677439004182816,0.94151646271348,0.14681798219680786,0,0,0,0,1.0,0,0,0,0,0,0,False,,,,,,,,,,,,,,,
1767853719.7866366,0,leader,manual,0.8480964303016663,0.03445017337799072,0.8578993678092957,0.9,1,1,0.05190356969833376,0.9655498266220093,0.14210063219070435,0,0,0,0,1.0,0,0,0,0,0,0,False,,,,,,,,,,,,,,,
1767853719.8875432,1,follower,manual,0.07322406768798828,0.058495961129665375,0.853186309337616,0.1,1,1,0.026775932312011724,0.9415040388703346,0.14681369066238403,0,0,0,0,1.0,0,0,0,0,0,0,False,,,,,,,,,,,,,,,
1767853720.0883517,0,leader,manual,0.848494827747345,0.034773245453834534,0.8583534955978394,0.9,1,1,0.05150517225265505,0.9652267545461655,0.14164650440216064,0,0,0,0,1.0,0,0,0,0,0,0,False,,,,,,,,,,,,,,,
1767853720.1903524,1,follower,manual,0.07321704179048538,0.05852743238210678,0.853187084197998,0.1,1,1,0.026782958209514623,0.9414725676178932,0.14681291580200195,0,0,0,0,1.0,0,0,0,0,0,0,False,,,,,,,,,,,,,,,
1767853720.3184237,0,leader,manual,0.8480900526046753,0.03443583846092224,0.8578888773918152,0.9,1,1,0.05190994739532473,0.9655641615390778,0.14211112260818481,0,0,0,0,1.0,0,0,0,0,0,0,False,,,,,,,,,,,,,,,
1767853720.4191422,1,follower,manual,0.07322508096694946,0.058518871665000916,0.8531785011291504,0.1,1,1,0.026774919033050543,0.9414811283349991,0.1468214988708496,0,0,0,0,1.0,0,0,0,0,0,0,False,,,,,,,,,,,,,,,
1767853720.598167,0,leader,manual,0.8480924963951111,0.0344354510307312,0.8578701019287109,0.9,1,1,0.05190750360488894,0.9655645489692688,0.14212989807128906,0,0,0,0,1.0,0,0,0,0,0,0,False,,,,,,,,,,,,,,,
1767853720.6985524,1,follower,manual,0.0732230693101883,0.05851239711046219,0.8531811237335205,0.1,1,1,0.026776930689811712,0.9414876028895378,0.1468188762664795,0,0,0,0,1.0,0,0,0,0,0,0,False,,,,,,,,,,,,,,,
1767853720.834739,0,leader,manual,0.8480883836746216,0.03442457318305969,0.8578583002090454,0.9,1,1,0.05191161632537844,0.9655754268169403,0.1421416997909546,0,0,0,0,1.0,0,0,0,0,0,0,False,,,,,,,,,,,,,,,
1767853720.9352498,1,follower,manual,0.07322277128696442,0.05850709229707718,0.8531821966171265,0.1,1,1,0.02677722871303559,0.9414929077029228,0.14681780338287354,0,0,0,0,1.0,0,0,0,0,0,0,False,,,,,,,,,,,,,,,
1767853721.1380694,0,leader,manual,0.8484865427017212,0.034756869077682495,0.8583487272262573,0.9,1,1,0.05151345729827883,0.9652431309223175,0.14165127277374268,0,0,0,0,1.0,0,0,0,0,0,0,False,,,,,,,,,,,,,,,
1767853721.2385445,1,follower,manual,0.07323422282934189,0.058500103652477264,0.8531782031059265,0.1,1,1,0.026765777170658117,0.9414998963475227,0.1468217968940735,0,0,0,0,1.0,0,0,0,0,0,0,False,,,,,,,,,,,,,,,
1767853721.3720868,0,leader,manual,0.8480516076087952,0.034384485334157944,0.8578407168388367,0.9,1,1,0.051948392391204856,0.9656155146658421,0.14215928316116333,0,0,0,0,1.0,0,0,0,0,0,0,False,,,,,,,,,,,,,,,
1767853721.4726148,1,follower,manual,0.07321249693632126,0.0584942027926445,0.8531680107116699,0.1,1,1,0.026787503063678747,0.9415057972073555,0.14683198928833008,0,0,0,0,1.0,0,0,0,0,0,0,False,,,,,,,,,,,,,,,
1767853726.084014,0,leader,manual,0.8480430841445923,0.03441563993692398,0.8578711152076721,0.9,1,1,0.05195691585540774,0.965584360063076,0.14212888479232788,0,0,0,0,1.0,0,0,0,0,0,0,False,,,,,,,,,,,,,,,
1767853726.1844819,1,follower,manual,0.07320462167263031,0.058517780154943466,0.8531985878944397,0.1,1,1,0.026795378327369695,0.9414822198450565,0.1468014121055603,0,0,0,0,1.0,0,0,0,0,0,0,False,,,,,,,,,,,,,,,
1767853726.1874063,0,follower,auto,0.8041921854019165,0.7903011441230774,0.7889994382858276,0.9,1,1,0.09580781459808352,0.2096988558769226,0.21100056171417236,20,8.67397380888462,20,0,,,,,,,,True,9.0,21.0,0.0,optimal,0,9.0,21.0,1.4982446229626896,-4939185.77628778,0.2890908318823101,True,0.0,True,0.0,0.0
1767853726.2895179,1,follower,auto,0.02793934941291809,0.8135730624198914,0.8426896333694458,0.09999999999999998,1.0,1.0,0.07206065058708189,0.18642693758010864,0.1573103666305542,14.990225794315338,6.990026191115379,17.97745011806488,0,,,,,,,,True,7.0,15.0,0.0,optimal,0,7.0,15.0,0.9935960588033939,-68104.47174543388,0.47786040223295706,True,0.0,True,0.0,0.0
1767853726.526147,0,leader,auto,0.8041921854019165,0.7903011441230774,0.7889994382858276,0.9,1,1,0.09580781459808352,0.2096988558769226,0.21100056171417236,0,0,0,0,1.0,0,0,0,0,0,0,False,,,,,,,,,,,,,,,
1767853726.6265624,1,follower,auto,0.02793934941291809,0.8135730624198914,0.8426896333694458,0.09999999999999998,1.0,1.0,0.07206065058708189,0.18642693758010864,0.1573103666305542,0,0,0,0,1.0,0,0,0,0,0,0,False,,,,,,,,,,,,,,,
1767853726.6289008,0,follower,auto,0.7801957130432129,0.7926807403564453,0.7856587767601013,0.9,1,1,0.11980428695678713,0.2073192596435547,0.21434122323989868,20,10.713472060412169,20,0,,,,,,,,True,11.0,21.0,0.0,optimal,0,11.0,21.0,1.4516238409112874,-3332856.8088703696,0.45811692740122023,True,0.0,True,0.0,0.0
1767853726.7300727,1,follower,auto,0.025996915996074677,0.8167450428009033,0.8504582643508911,0.09999999999999998,1.0,1.0,0.0740030840039253,0.18325495719909668,0.1495417356491089,13.985896297693252,6.983210960865021,17.96299574017525,0,,,,,,,,True,7.0,14.0,0.0,optimal,0,7.0,14.0,1.0144133633949282,-81374.29403774382,0.48718584288503586,True,0.0,True,0.0,0.0
1767853726.840261,0,leader,auto,0.7801957130432129,0.7926807403564453,0.7856587767601013,0.9,1,1,0.11980428695678713,0.2073192596435547,0.21434122323989868,0,0,0,0,1.0,0,0,0,0,0,0,False,,,,,,,,,,,,,,,
1767853726.9407814,1,follower,auto,0.025996915996074677,0.8167450428009033,0.8504582643508911,0.09999999999999998,1.0,1.0,0.0740030840039253,0.18325495719909668,0.1495417356491089,0,0,0,0,1.0,0,0,0,0,0,0,False,,,,,,,,,,,,,,,
1767853726.9430926,0,follower,auto,0.7664780020713806,0.8128299713134766,0.8027268648147583,0.9,1,1,0.1335219979286194,0.18717002868652344,0.1972731351852417,18.977042823195458,12.717032204426825,18.001368438363077,0,,,,,,,,True,13.0,19.0,0.0,optimal,0,13.0,19.0,1.4745858119694248,-4045589.5551983817,0.43027416886860753,True,0.0,True,0.0,0.0
1767853727.0442092,1,follower,auto,0.02999519743025303,0.8207593560218811,0.8541827201843262,0.09999999999999998,1.0,1.0,0.07000480256974695,0.1792406439781189,0.14581727981567383,13.990412615180016,6.969019183173776,16.97075918388367,0,,,,,,,,True,7.0,14.0,0.0,optimal,0,7.0,14.0,1.0247105515147008,-88860.42399164176,0.5692231505217262,True,0.0,True,0.0,0.0
1767853727.1778862,0,leader,auto,0.7664780020713806,0.8128299713134766,0.8027268648147583,0.9,1,1,0.1335219979286194,0.18717002868652344,0.1972731351852417,0,0,0,0,1.0,0,0,0,0,0,0,False,,,,,,,,,,,,,,,
1767853727.2783556,1,follower,auto,0.02999519743025303,0.8207593560218811,0.8541827201843262,0.09999999999999998,1.0,1.0,0.07000480256974695,0.1792406439781189,0.14581727981567383,0,0,0,0,1.0,0,0,0,0,0,0,False,,,,,,,,,,,,,,,
1767853727.280395,0,follower,auto,0.7553669214248657,0.8343670964241028,0.8415811061859131,0.9,1,1,0.1446330785751343,0.16563290357589722,0.15841889381408691,14.961446128356457,13.720659763118626,15.954536597716809,0,,,,,,,,True,14.0,15.0,0.0,optimal,0,14.0,15.0,1.5604190504578974,-8340936.049892188,0.38671125407579676,True,0.0,True,0.0,0.0
1767853727.3813837,1,follower,auto,0.03811288997530937,0.8259603381156921,0.8643569350242615,0.09999999999999998,1.0,1.0,0.061887110024690606,0.17403966188430786,0.13564306497573853,12.995100488078593,5.953727322169393,16.97532583413124,0,,,,,,,,True,6.0,13.0,0.0,optimal,0,6.0,13.0,1.052922438531067,-113071.93015803034,0.6204912297761899,True,0.0,True,0.0,0.0
1767853727.4835553,0,leader,auto,0.7553669214248657,0.8343670964241028,0.8415811061859131,0.9,1,1,0.1446330785751343,0.16563290357589722,0.15841889381408691,0,0,0,0,1.0,0,0,0,0,0,0,False,,,,,,,,,,,,,,,
1767853727.5840187,1,follower,auto,0.03811288997530937,0.8259603381156921,0.8643569350242615,0.09999999999999998,1.0,1.0,0.061887110024690606,0.17403966188430786,0.13564306497573853,0,0,0,0,1.0,0,0,0,0,0,0,False,,,,,,,,,,,,,,,
1767853727.586722,0,follower,auto,0.743269681930542,0.8506252765655518,0.8870638012886047,0.9,1,1,0.15673031806945803,0.14937472343444824,0.11293619871139526,10.962737854858636,14.730240486629606,13.925372154351473,0,,,,,,,,True,15.0,11.0,0.0,optimal,0,15.0,11.0,1.666395808922323,-20342801.948736843,0.391555755896407,True,0.0,True,0.0,0.0
1767853727.6879787,1,follower,auto,0.04904593899846077,0.8356968760490417,0.8851331472396851,0.09999999999999998,1.0,1.0,0.05095406100153921,0.16430312395095825,0.11486685276031494,10.991472785297633,4.938342518950477,15.970100351982117,0,,,,,,,,True,5.0,11.0,0.0,optimal,0,5.0,11.0,1.1109993397143558,-185553.3662840669,0.6687698266875104,True,0.0,True,0.0,0.0
1767853727.7897174,0,leader,auto,0.743269681930542,0.8506252765655518,0.8870638012886047,0.9,1,1,0.15673031806945803,0.14937472343444824,0.11293619871139526,0,0,0,0,1.0,0,0,0,0,0,0,False,,,,,,,,,,,,,,,
1767853727.89014,1,follower,auto,0.04904593899846077,0.8356968760490417,0.8851331472396851,0.09999999999999998,1.0,1.0,0.05095406100153921,0.16430312395095825,0.11486685276031494,0,0,0,0,1.0,0,0,0,0,0,0,False,,,,,,,,,,,,,,,
1767853727.8918326,0,follower,auto,0.7292550802230835,0.8580055236816406,0.9217080473899841,0.9,1,1,0.17074491977691653,0.14199447631835938,0.07829195261001587,6.97726748971355,16.745337025103808,13.928358256827712,0,,,,,,,,True,17.0,7.0,0.0,optimal,0,17.0,7.0,1.7430667440446173,-38728887.622575894,0.4396037883292749,True,0.0,True,0.0,0.0
1767853727.9929473,1,follower,auto,0.06528910249471664,0.8481585383415222,0.9077916145324707,0.09999999999999998,1.0,1.0,0.034710897505283334,0.15184146165847778,0.0922083854675293,8.983994896478533,2.917229888716333,14.968082076195717,0,,,,,,,,True,3.0,9.0,0.0,optimal,0,3.0,9.0,1.176139896852506,-323053.62108334823,0.7259046825040314,True,0.0,True,0.0,0.0
1767853728.0950987,0,leader,auto,0.7292550802230835,0.8580055236816406,0.9217080473899841,0.9,1,1,0.17074491977691653,0.14199447631835938,0.07829195261001587,0,0,0,0,1.0,0,0,0,0,0,0,False,,,,,,,,,,,,,,,
1767853728.1954873,1,follower,auto,0.06528910249471664,0.8481585383415222,0.9077916145324707,0.09999999999999998,1.0,1.0,0.034710897505283334,0.15184146165847778,0.0922083854675293,0,0,0,0,1.0,0,0,0,0,0,0,False,,,,,,,,,,,,,,,
1767853728.1969643,0,follower,auto,0.7199758291244507,0.8591448068618774,0.9457089304924011,0.9,1,1,0.18002417087554934,0.14085519313812256,0.05429106950759888,4.993303451502955,17.750183143176987,13.943077044132625,0,,,,,,,,True,18.0,5.0,0.0,optimal,0,18.0,5.0,1.7984395062289225,-61622358.55458237,0.439817650699743,True,0.0,True,0.0,0.0
1767853728.298173,1,follower,auto,0.08004836738109589,0.8599019050598145,0.9291784763336182,0.09999999999999998,1.0,1.0,0.01995163261890409,0.14009809494018555,0.07082152366638184,6.978843125482523,0.9064821135964968,13.968666497195912,0,,,,,,,,True,1.0,7.0,0.0,optimal,0,1.0,7.0,1.238958858335661,-550876.7957140967,0.7177672569552314,True,0.0,True,0.0,0.0
1767853728.4026687,0,leader,auto,0.7199758291244507,0.8591448068618774,0.9457089304924011,0.9,1,1,0.18002417087554934,0.14085519313812256,0.05429106950759888,0,0,0,0,1.0,0,0,0,0,0,0,False,,,,,,,,,,,,,,,
1767853728.5030792,1,follower,auto,0.08004836738109589,0.8599019050598145,0.9291784763336182,0.09999999999999998,1.0,1.0,0.01995163261890409,0.14009809494018555,0.07082152366638184,0,0,0,0,1.0,0,0,0,0,0,0,False,,,,,,,,,,,,,,,
1767853728.5046234,0,follower,auto,0.7261242270469666,0.8631946444511414,0.9629884958267212,0.9,1,1,0.17387577295303347,0.13680535554885864,0.03701150417327881,2.9933426163091172,16.730325458931432,12.957002247108004,0,,,,,,,,True,17.0,3.0,0.0,optimal,0,17.0,3.0,1.8575917320258868,-101156268.1770711,0.336627835208733,True,0.0,True,0.0,0.0
1767853728.6059039,1,follower,auto,0.08894955366849899,0.8645036220550537,0.948151707649231,0.09999999999999998,1.0,1.0,0.011050446331500985,0.1354963779449463,0.05184829235076904,4.9874003980100525,0.9125116419961148,12.97084229151164,0,,,,,,,,True,1.0,5.0,0.0,optimal,0,1.0,5.0,1.2950553914652088,-886512.0910863256,0.6747050881165524,True,0.0,True,0.0,0.0
1767853728.7166543,0,leader,auto,0.7261242270469666,0.8631946444511414,0.9629884958267212,0.9,1,1,0.17387577295303347,0.13680535554885864,0.03701150417327881,0,0,0,0,1.0,0,0,0,0,0,0,False,,,,,,,,,,,,,,,
1767853728.817077,1,follower,auto,0.08894955366849899,0.8645036220550537,0.948151707649231,0.09999999999999998,1.0,1.0,0.011050446331500985,0.1354963779449463,0.05184829235076904,0,0,0,0,1.0,0,0,0,0,0,0,False,,,,,,,,,,,,,,,
1767853728.8186464,0,follower,auto,0.7416008710861206,0.8613044619560242,0.9735895991325378,0.9,1,1,0.15839912891387942,0.13869553804397583,0.026410400867462158,2.0036491849867675,14.708114016514273,12.974226814726885,0,,,,,,,,True,15.0,2.0,0.0,optimal,0,15.0,2.0,1.9114381586672864,-158764557.81610975,0.2713276338468209,True,0.0,True,0.0,0.0
1767853728.9201906,1,follower,auto,0.0945364460349083,0.8694704174995422,0.9702898263931274,0.09999999999999998,1.0,1.0,0.005463553965091683,0.13052958250045776,0.02971017360687256,1.9866971869927756,-0.07700294210701901,12.962875127076371,0,,,,,,,,True,0.0,2.0,0.0,optimal,0,0.0,2.0,1.3606893132240439,-1545449.3230932218,0.6178214479657191,True,0.0,True,0.0,0.0
1767853729.0688722,0,leader,auto,0.7416008710861206,0.8613044619560242,0.9735895991325378,0.9,1,1,0.15839912891387942,0.13869553804397583,0.026410400867462158,0,0,0,0,1.0,0,0,0,0,0,0,False,,,,,,,,,,,,,,,
1767853729.1693776,1,follower,auto,0.0945364460349083,0.8694704174995422,0.9702898263931274,0.09999999999999998,1.0,1.0,0.005463553965091683,0.13052958250045776,0.02971017360687256,0,0,0,0,1.0,0,0,0,0,0,0,False,,,,,,,,,,,,,,,
1767853729.1718643,0,follower,auto,0.7618825435638428,0.8541848063468933,0.9683265089988708,0.9,1,1,0.13811745643615725,0.1458151936531067,0.03167349100112915,3.0168234215631538,12.689773434850947,14.00788380486366,0,,,,,,,,True,13.0,3.0,0.0,optimal,0,13.0,3.0,1.9264477472161219,-180007624.66120365,0.2447176862956732,True,0.0,True,0.0,0.0
1767853729.2730212,1,follower,auto,0.09846354275941849,0.8727248311042786,0.9887276887893677,0.09999999999999998,1.0,1.0,0.0015364572405814902,0.12727516889572144,0.011272311210632324,0.9851506949562464,-0.06614316172358309,11.956646564626475,0,,,,,,,,True,0.0,1.0,0.0,optimal,0,0.0,1.0,1.416005200620868,-2467008.01564459,0.5786384043780024,True,0.0,True,0.0,0.0
1767853729.4307842,0,leader,auto,0.7618825435638428,0.8541848063468933,0.9683265089988708,0.9,1,1,0.13811745643615725,0.1458151936531067,0.03167349100112915,0,0,0,0,1.0,0,0,0,0,0,0,False,,,,,,,,,,,,,,,
1767853729.5311992,1,follower,auto,0.09846354275941849,0.8727248311042786,0.9887276887893677,0.09999999999999998,1.0,1.0,0.0015364572405814902,0.12727516889572144,0.011272311210632324,0,0,0,0,1.0,0,0,0,0,0,0,False,,,,,,,,,,,,,,,
1767853729.5325909,0,follower,auto,0.7651166915893555,0.8558293581008911,0.9447669982910156,0.9,1,1,0.13488330841064455,0.1441706418991089,0.055233001708984375,5.007849527193739,12.706686870188527,14.051383006520858,0,,,,,,,,True,13.0,5.0,0.0,optimal,0,13.0,5.0,1.8627552310994724,-105626395.88338006,0.3562221148113863,True,0.0,True,0.0,0.0
1767853729.6335938,1,follower,auto,0.09901924431324005,0.8729976415634155,0.9969180226325989,0.09999999999999998,1.0,1.0,0.0009807556867599265,0.12700235843658447,0.003081977367401123,-0.009673168626468375,-0.059572998720279075,11.95734126717561,0,,,,,,,,True,0.0,0.0,0.0,optimal,0,0.0,0.0,1.4405683772266547,-3035833.1530555654,0.5519258579816659,True,0.0,True,0.0,0.0
1767853729.7811673,0,leader,auto,0.7651166915893555,0.8558293581008911,0.9447669982910156,0.9,1,1,0.13488330841064455,0.1441706418991089,0.055233001708984375,0,0,0,0,1.0,0,0,0,0,0,0,False,,,,,,,,,,,,,,,
1767853729.8816848,1,follower,auto,0.09901924431324005,0.8729976415634155,0.9969180226325989,0.09999999999999998,1.0,1.0,0.0009807556867599265,0.12700235843658447,0.003081977367401123,0,0,0,0,1.0,0,0,0,0,0,0,False,,,,,,,,,,,,,,,
1767853729.8833406,0,follower,auto,0.7579933404922485,0.8589965105056763,0.9201449751853943,0.9,1,1,0.1420066595077515,0.14100348949432373,0.07985502481460571,7.002928641317378,13.728003402152959,14.071614201410947,0,,,,,,,,True,14.0,7.0,0.0,optimal,0,14.0,7.0,1.781365654774922,-53402994.99282446,0.42464397747411786,True,0.0,True,0.0,0.0
1767853729.9843361,1,follower,auto,0.09869248420000076,0.87501460313797,0.9957320690155029,0.09999999999999998,1.0,1.0,0.0013075157999992149,0.12498539686203003,0.00426793098449707,-0.01000771736116439,-0.059682100587448696,11.963521131368617,0,,,,,,,,True,0.0,0.0,0.0,optimal,0,0.0,0.0,1.4369546287189645,-2944588.1416329104,0.5581499573032114,True,0.0,True,0.0,0.0
1767853730.0880892,0,leader,auto,0.7579933404922485,0.8589965105056763,0.9201449751853943,0.9,1,1,0.1420066595077515,0.14100348949432373,0.07985502481460571,0,0,0,0,1.0,0,0,0,0,0,0,False,,,,,,,,,,,,,,,
1767853730.1885803,1,follower,auto,0.09869248420000076,0.87501460313797,0.9957320690155029,0.09999999999999998,1.0,1.0,0.0013075157999992149,0.12498539686203003,0.00426793098449707,0,0,0,0,1.0,0,0,0,0,0,0,False,,,,,,,,,,,,,,,
1767853730.1899629,0,follower,auto,0.744717001914978,0.8654991984367371,0.9073180556297302,0.9,1,1,0.155282998085022,0.13450080156326294,0.09268194437026978,8.994084585928348,14.745334646865517,13.06254621575604,0,,,,,,,,True,15.0,9.0,0.0,optimal,0,15.0,9.0,1.7251475226426778,-33321024.50845604,0.5006072558685352,True,0.0,True,0.0,0.0
1767853730.2913678,1,follower,auto,0.09503493458032608,0.8736364841461182,0.9892799854278564,0.09999999999999998,1.0,1.0,0.0049650654196738975,0.12636351585388184,0.010720014572143555,0.9973347343951129,-0.058701557267713894,11.972285928038401,0,,,,,,,,True,0.0,1.0,0.0,optimal,0,0.0,1.0,1.416986513786683,-2487548.0876849834,0.5444475084516103,True,0.0,True,0.0,0.0
1767853730.3958843,0,leader,auto,0.744717001914978,0.8654991984367371,0.9073180556297302,0.9,1,1,0.155282998085022,0.13450080156326294,0.09268194437026978,0,0,0,0,1.0,0,0,0,0,0,0,False,,,,,,,,,,,,,,,
1767853730.4966166,1,follower,auto,0.09503493458032608,0.8736364841461182,0.9892799854278564,0.09999999999999998,1.0,1.0,0.0049650654196738975,0.12636351585388184,0.010720014572143555,0,0,0,0,1.0,0,0,0,0,0,0,False,,,,,,,,,,,,,,,
1767853730.4985867,0,follower,auto,0.7206393480300903,0.874258279800415,0.8939321041107178,0.9,1,1,0.1793606519699097,0.12574172019958496,0.10606789588928223,9.986452026374169,16.774019725744363,12.063029024214536,0,,,,,,,,True,17.0,10.0,0.0,optimal,0,17.0,10.0,1.6523677807997665,-18080285.77348409,0.5918838234078002,True,0.0,True,0.0,0.0
1767853730.6022873,1,follower,auto,0.09735731780529022,0.8749449253082275,0.9837560653686523,0.09999999999999998,1.0,1.0,0.0026426821947097556,0.12505507469177246,0.016243934631347656,0.9982886913403768,-0.07581815783351908,11.971247057112349,0,,,,,,,,True,0.0,1.0,0.0,optimal,0,0.0,1.0,1.4010105088485045,-2173393.3966546324,0.6262688006725337,True,0.0,True,0.0,0.0
1767853730.735665,0,leader,auto,0.7206393480300903,0.874258279800415,0.8939321041107178,0.9,1,1,0.1793606519699097,0.12574172019958496,0.10606789588928223,0,0,0,0,1.0,0,0,0,0,0,0,False,,,,,,,,,,,,,,,
1767853730.8361218,1,follower,auto,0.09735731780529022,0.8749449253082275,0.9837560653686523,0.09999999999999998,1.0,1.0,0.0026426821947097556,0.12505507469177246,0.016243934631347656,0,0,0,0,1.0,0,0,0,0,0,0,False,,,,,,,,,,,,,,,
1767853730.8381612,0,follower,auto,0.6998931765556335,0.8819732069969177,0.8918039798736572,0.9,1,1,0.20010682344436648,0.11802679300308228,0.10819602012634277,9.984475816251942,19.786737889744174,11.045594603422579,0,,,,,,,,True,20.0,10.0,0.0,optimal,0,20.0,10.0,1.6169687769812868,-13425417.54610286,0.5748571321938576,True,0.0,True,0.0,0.0
1767853730.9392655,1,follower,auto,0.10431760549545288,0.878038763999939,0.975904643535614,0.09999999999999998,1.0,1.0,-0.004317605495452903,0.12196123600006104,0.024095356464385986,1.997327354043272,-0.09510720580270957,11.977262449023812,0,,,,,,,,True,0.0,2.0,0.0,optimal,0,0.0,2.0,1.3791766796262928,-1807048.4965112398,0.6898898821272631,True,0.0,True,0.0,0.0
1767853731.0560882,0,leader,auto,0.6998931765556335,0.8819732069969177,0.8918039798736572,0.9,1,1,0.20010682344436648,0.11802679300308228,0.10819602012634277,0,0,0,0,1.0,0,0,0,0,0,0,False,,,,,,,,,,,,,,,
1767853731.1565747,1,follower,auto,0.10431760549545288,0.878038763999939,0.975904643535614,0.09999999999999998,1.0,1.0,-0.004317605495452903,0.12196123600006104,0.024095356464385986,0,0,0,0,1.0,0,0,0,0,0,0,False,,,,,,,,,,,,,,,
1767853731.1579845,0,follower,auto,0.6953497529029846,0.8831948637962341,0.884095311164856,0.9,1,1,0.2046502470970154,0.11680513620376587,0.11590468883514404,10.992511447597177,19.769607953637042,11.04833629626134,0,,,,,,,,True,20.0,11.0,0.0,optimal,0,20.0,11.0,1.5892311092507811,-10630780.497207731,0.4750784303339249,True,0.0,True,0.0,0.0
1767853731.2590215,1,follower,auto,0.10682439804077148,0.8789383172988892,0.9687183499336243,0.09999999999999998,1.0,1.0,-0.006824398040771507,0.12106168270111084,0.03128165006637573,2.99935677876757,-0.09475259325936755,11.977288471984174,0,,,,,,,,True,0.0,3.0,0.0,optimal,0,0.0,3.0,1.3585450434485211,-1517664.359497,0.6668337681309084,True,0.0,True,0.0,0.0
1767853731.3640916,0,leader,auto,0.6953497529029846,0.8831948637962341,0.884095311164856,0.9,1,1,0.2046502470970154,0.11680513620376587,0.11590468883514404,0,0,0,0,1.0,0,0,0,0,0,0,False,,,,,,,,,,,,,,,
1767853731.564752,1,follower,auto,0.10682439804077148,0.8789383172988892,0.9687183499336243,0.09999999999999998,1.0,1.0,-0.006824398040771507,0.12106168270111084,0.03128165006637573,0,0,0,0,1.0,0,0,0,0,0,0,False,,,,,,,,,,,,,,,
1767853731.5660403,0,follower,auto,0.7003363370895386,0.8819397687911987,0.8792997002601624,0.9,1,1,0.19966366291046145,0.11806023120880127,0.12070029973983765,11.999197239854524,18.749543611797453,11.053528074676093,0,,,,,,,,True,19.0,12.0,0.0,optimal,0,19.0,12.0,1.5829386481857655,-10082363.972251086,0.42218493723329403,True,0.0,True,0.0,0.0
1767853731.6669464,1,follower,auto,0.10697949677705765,0.8803351521492004,0.9832216501235962,0.09999999999999998,1.0,1.0,-0.00697949677705767,0.11966484785079956,0.01677834987640381,0.9981846358498526,-0.08876552416692768,10.94192766729811,0,,,,,,,,True,0.0,1.0,0.0,optimal,0,0.0,1.0,1.401391076126036,-2180395.3799328245,0.6188576686391963,True,0.0,True,0.0,0.0
1767853731.8818734,0,leader,auto,0.7003363370895386,0.8819397687911987,0.8792997002601624,0.9,1,1,0.19966366291046145,0.11806023120880127,0.12070029973983765,0,0,0,0,1.0,0,0,0,0,0,0,False,,,,,,,,,,,,,,,
1767853731.9822588,1,follower,auto,0.10697949677705765,0.8803351521492004,0.9832216501235962,0.09999999999999998,1.0,1.0,-0.00697949677705767,0.11966484785079956,0.01677834987640381,0,0,0,0,1.0,0,0,0,0,0,0,False,,,,,,,,,,,,,,,
1767853731.9837599,0,follower,auto,0.7216721773147583,0.8765780329704285,0.8901452422142029,0.9,1,1,0.17832782268524172,0.12342196702957153,0.10985475778579712,10.005860829466162,16.71004765634023,12.027326396421879,0,,,,,,,,True,17.0,10.0,0.0,optimal,0,17.0,10.0,1.6433145259610087,-16755266.875329372,0.3005410766754071,True,0.0,True,0.0,0.0
1767853732.0848281,1,follower,auto,0.09620734304189682,0.8745391964912415,0.9806869626045227,0.09999999999999998,1.0,1.0,0.0037926569581031577,0.12546080350875854,0.019313037395477295,1.007412424508351,-0.060324475028546425,11.960838649582325,0,,,,,,,,True,0.0,1.0,0.0,optimal,0,0.0,1.0,1.3916897340821883,-2008722.4494041398,0.5352467235636161,True,0.0,True,0.0,0.0
1767853732.2584205,0,leader,auto,0.7216721773147583,0.8765780329704285,0.8901452422142029,0.9,1,1,0.17832782268524172,0.12342196702957153,0.10985475778579712,0,0,0,0,1.0,0,0,0,0,0,0,False,,,,,,,,,,,,,,,
1767853732.3588867,1,follower,auto,0.09620734304189682,0.8745391964912415,0.9806869626045227,0.09999999999999998,1.0,1.0,0.0037926569581031577,0.12546080350875854,0.019313037395477295,0,0,0,0,1.0,0,0,0,0,0,0,False,,,,,,,,,,,,,,,
1767853732.3601823,0,follower,auto,0.7425901293754578,0.8705353140830994,0.9120189547538757,0.9,1,1,0.15740987062454226,0.12946468591690063,0.08798104524612427,8.010818831716053,14.691340561030158,11.997747686420766,0,,,,,,,,True,15.0,8.0,0.0,optimal,0,15.0,8.0,1.7352376288300868,-36266033.308577016,0.26074204255819416,True,0.0,True,0.0,0.0
1767853732.461241,1,follower,auto,0.08990992605686188,0.8733683228492737,0.9799211025238037,0.09999999999999998,1.0,1.0,0.0100900739431381,0.12663167715072632,0.02007889747619629,2.002252271063214,0.9499545191680099,11.972105933282213,0,,,,,,,,True,1.0,2.0,0.0,optimal,0,1.0,2.0,1.3882502644988208,-1951151.4829996533,0.5350096688827801,True,0.0,True,0.0,0.0
1767853732.5889862,0,leader,auto,0.7425901293754578,0.8705353140830994,0.9120189547538757,0.9,1,1,0.15740987062454226,0.12946468591690063,0.08798104524612427,0,0,0,0,1.0,0,0,0,0,0,0,False,,,,,,,,,,,,,,,
1767853732.690082,1,follower,auto,0.08990992605686188,0.8733683228492737,0.9799211025238037,0.09999999999999998,1.0,1.0,0.0100900739431381,0.12663167715072632,0.02007889747619629,0,0,0,0,1.0,0,0,0,0,0,0,False,,,,,,,,,,,,,,,
1767853732.6915033,0,follower,auto,0.7607462406158447,0.868522584438324,0.9424049258232117,0.9,1,1,0.1392537593841553,0.13147741556167603,0.05759507417678833,5.006093286452911,12.684613456254556,12.964189438854124,0,,,,,,,,True,13.0,5.0,0.0,optimal,0,13.0,5.0,1.8492668126502054,-94343419.96257839,0.2333645100790269,True,0.0,True,0.0,0.0
1767853732.7924755,1,follower,auto,0.08896119892597198,0.8701143860816956,0.9702790379524231,0.09999999999999998,1.0,1.0,0.011038801074027993,0.12988561391830444,0.029720962047576904,2.0044640440604344,0.9508937638269277,12.000629324869346,0,,,,,,,,True,1.0,2.0,0.0,optimal,0,1.0,2.0,1.3596345443566489,-1531719.3934588316,0.5528561927852287,True,0.0,True,0.0,0.0
1767853732.8946087,0,leader,auto,0.7607462406158447,0.868522584438324,0.9424049258232117,0.9,1,1,0.1392537593841553,0.13147741556167603,0.05759507417678833,0,0,0,0,1.0,0,0,0,0,0,0,False,,,,,,,,,,,,,,,
1767853732.9955194,1,follower,auto,0.08896119892597198,0.8701143860816956,0.9702790379524231,0.09999999999999998,1.0,1.0,0.011038801074027993,0.12988561391830444,0.029720962047576904,0,0,0,0,1.0,0,0,0,0,0,0,False,,,,,,,,,,,,,,,
1767853732.9969122,0,follower,auto,0.7714921832084656,0.8697311878204346,0.9579229950904846,0.9,1,1,0.12850781679153445,0.13026881217956543,0.04207700490951538,3.999162050419516,11.692678162820743,12.973485918293735,0,,,,,,,,True,12.0,4.0,0.0,optimal,0,12.0,4.0,1.9107396483653738,-157839319.57502222,0.2991529512264518,True,0.0,True,0.0,0.0
1767853733.0978768,1,follower,auto,0.09575194120407104,0.8674870729446411,0.9752896428108215,0.09999999999999998,1.0,1.0,0.004248058795928933,0.1325129270553589,0.024710357189178467,2.005792723025717,-0.05932221973340477,12.990093581424961,0,,,,,,,,True,0.0,2.0,0.0,optimal,0,0.0,2.0,1.3756479644292292,-1753917.3696742344,0.5998822506333003,True,0.0,True,0.0,0.0
1767853733.1999063,0,leader,auto,0.7714921832084656,0.8697311878204346,0.9579229950904846,0.9,1,1,0.12850781679153445,0.13026881217956543,0.04207700490951538,0,0,0,0,1.0,0,0,0,0,0,0,False,,,,,,,,,,,,,,,
1767853733.300377,1,follower,auto,0.09575194120407104,0.8674870729446411,0.9752896428108215,0.09999999999999998,1.0,1.0,0.004248058795928933,0.1325129270553589,0.024710357189178467,0,0,0,0,1.0,0,0,0,0,0,0,False,,,,,,,,,,,,,,,
1767853733.301806,0,follower,auto,0.7710491418838501,0.8763909935951233,0.9634841084480286,0.9,1,1,0.12895085811614992,0.12360900640487671,0.036515891551971436,2.9904417933027347,11.712117930760266,11.991373233392936,0,,,,,,,,True,12.0,3.0,0.0,optimal,0,12.0,3.0,1.9263025148797426,-179789060.18268928,0.41181723613655613,True,0.0,True,0.0,0.0
1767853733.5030656,1,follower,auto,0.1010800451040268,0.873538076877594,0.9837761521339417,0.09999999999999998,1.0,1.0,-0.0010800451040268166,0.126461923122406,0.01622384786605835,0.9950290184992068,-0.0634663266789936,11.980000611945036,0,,,,,,,,True,0.0,1.0,0.0,optimal,0,0.0,1.0,1.4018088451596378,-2188108.1212840024,0.5927769854006314,True,0.0,True,0.0,0.0
1767853733.6078386,0,leader,auto,0.7710491418838501,0.8763909935951233,0.9634841084480286,0.9,1,1,0.12895085811614992,0.12360900640487671,0.036515891551971436,0,0,0,0,1.0,0,0,0,0,0,0,False,,,,,,,,,,,,,,,
1767853733.7082312,1,follower,auto,0.1010800451040268,0.873538076877594,0.9837761521339417,0.09999999999999998,1.0,1.0,-0.0010800451040268166,0.126461923122406,0.01622384786605835,0,0,0,0,1.0,0,0,0,0,0,0,False,,,,,,,,,,,,,,,
1767853733.7096105,0,follower,auto,0.747586190700531,0.8761314749717712,0.9574937224388123,0.9,1,1,0.15241380929946902,0.12386852502822876,0.042506277561187744,4.00076552000643,14.759968380633081,12.021225210307568,0,,,,,,,,True,15.0,4.0,0.0,optimal,0,15.0,4.0,1.8731730634746762,-115254320.77392426,0.5600411877830349,True,0.0,True,0.0,0.0
1767853733.8106537,1,follower,auto,0.11033280193805695,0.8831470012664795,1.0023083686828613,0.09999999999999998,1.0,1.0,-0.010332801938056968,0.11685299873352051,-0.002308368682861328,-0.01690452773041984,-1.0826680545285947,10.954384236813796,0,,,,,,,,True,-1.0,0.0,0.0,optimal,0,-1.0,0.0,1.4591037617980622,-3550083.573939426,0.6249576531076919,True,0.0,True,0.0,0.0
1767853733.9137871,0,leader,auto,0.747586190700531,0.8761314749717712,0.9574937224388123,0.9,1,1,0.15241380929946902,0.12386852502822876,0.042506277561187744,0,0,0,0,1.0,0,0,0,0,0,0,False,,,,,,,,,,,,,,,
1767853734.0141637,1,follower,auto,0.11033280193805695,0.8831470012664795,1.0023083686828613,0.09999999999999998,1.0,1.0,-0.010332801938056968,0.11685299873352051,-0.002308368682861328,0,0,0,0,1.0,0,0,0,0,0,0,False,,,,,,,,,,,,,,,
1767853734.0156178,0,follower,auto,0.7352549433708191,0.8759772777557373,0.9488613605499268,0.9,1,1,0.16474505662918093,0.1240227222442627,0.05113863945007324,5.008251352450255,15.759460810811246,12.042648304187814,0,,,,,,,,True,16.0,5.0,0.0,optimal,0,16.0,5.0,1.8297990738458112,-80146161.0208309,0.5120048753882824,True,0.0,True,0.0,0.0
1767853734.1165705,1,follower,auto,0.10582398623228073,0.8967186212539673,1.0227913856506348,0.09999999999999998,1.0,1.0,-0.005823986232280753,0.10328137874603271,-0.022791385650634766,-2.029999007459484,-0.07025223355518599,9.935102704549196,0,,,,,,,,True,0.0,-2.0,0.0,optimal,0,0.0,-2.0,1.52009232027387,-5938180.31970245,0.5347302427593934,True,0.0,True,0.0,0.0
1767853734.2194228,0,leader,auto,0.7352549433708191,0.8759772777557373,0.9488613605499268,0.9,1,1,0.16474505662918093,0.1240227222442627,0.05113863945007324,0,0,0,0,1.0,0,0,0,0,0,0,False,,,,,,,,,,,,,,,
1767853734.3198466,1,follower,auto,0.10582398623228073,0.8967186212539673,1.0227913856506348,0.09999999999999998,1.0,1.0,-0.005823986232280753,0.10328137874603271,-0.022791385650634766,0,0,0,0,1.0,0,0,0,0,0,0,False,,,,,,,,,,,,,,,
1767853734.321174,0,follower,auto,0.7292346358299255,0.8799052834510803,0.9372917413711548,0.9,1,1,0.17076536417007449,0.12009471654891968,0.06270825862884521,6.00405523328215,16.74974719880251,12.053300024474728,0,,,,,,,,True,17.0,6.0,0.0,optimal,0,17.0,6.0,1.7875907039077306,-56264656.556506254,0.4442714402105956,True,0.0,True,0.0,0.0
1767853734.4222457,1,follower,auto,0.09831812977790833,0.9016731977462769,1.021203637123108,0.09999999999999998,1.0,1.0,0.0016818702220916526,0.09832680225372314,-0.02120363712310791,-2.0217715833413608,-0.06114165899165517,8.956603561456312,0,,,,,,,,True,0.0,-2.0,0.0,optimal,0,0.0,-2.0,1.5137269602395977,-5627945.088559578,0.5364002522125949,True,0.0,True,0.0,0.0
1767853734.5260723,0,leader,auto,0.7292346358299255,0.8799052834510803,0.9372917413711548,0.9,1,1,0.17076536417007449,0.12009471654891968,0.06270825862884521,0,0,0,0,1.0,0,0,0,0,0,0,False,,,,,,,,,,,,,,,
1767853734.627099,1,follower,auto,0.09831812977790833,0.9016731977462769,1.021203637123108,0.09999999999999998,1.0,1.0,0.0016818702220916526,0.09832680225372314,-0.02120363712310791,0,0,0,0,1.0,0,0,0,0,0,0,False,,,,,,,,,,,,,,,
1767853734.6284623,0,follower,auto,0.7265540361404419,0.8861160278320312,0.9248079657554626,0.9,1,1,0.17344596385955813,0.11388397216796875,0.07519203424453735,6.998165719950885,16.743639700258456,11.057777719439587,0,,,,,,,,True,17.0,7.0,0.0,optimal,0,17.0,7.0,1.747958506712186,-40351723.042469345,0.41967155054405614,True,0.0,True,0.0,0.0
1767853734.729487,1,follower,auto,0.09760762006044388,0.9040147066116333,1.0120247602462769,0.09999999999999998,1.0,1.0,0.0023923799395560996,0.0959852933883667,-0.012024760246276855,-1.0142564640589955,-0.06798524046244632,8.972488298480306,0,,,,,,,,True,0.0,-1.0,0.0,optimal,0,0.0,-1.0,1.4857461230916749,-4445014.821146528,0.6011980666987976,True,0.0,True,0.0,0.0
1767853734.8315845,0,leader,auto,0.7265540361404419,0.8861160278320312,0.9248079657554626,0.9,1,1,0.17344596385955813,0.11388397216796875,0.07519203424453735,0,0,0,0,1.0,0,0,0,0,0,0,False,,,,,,,,,,,,,,,
1767853734.9319818,1,follower,auto,0.09760762006044388,0.9040147066116333,1.0120247602462769,0.09999999999999998,1.0,1.0,0.0023923799395560996,0.0959852933883667,-0.012024760246276855,0,0,0,0,1.0,0,0,0,0,0,0,False,,,,,,,,,,,,,,,
1767853734.9334154,0,follower,auto,0.7296983599662781,0.8953052163124084,0.9119197130203247,0.9,1,1,0.17030164003372195,0.10469478368759155,0.08808028697967529,7.991112233771291,16.732884639350974,10.06666518173859,0,,,,,,,,True,17.0,8.0,0.0,optimal,0,17.0,8.0,1.715976972552872,-30851958.49610357,0.3634769824937548,True,0.0,True,0.0,0.0
1767853735.0343664,1,follower,auto,0.09757295250892639,0.9083912372589111,1.0168768167495728,0.09999999999999998,1.0,1.0,0.002427047491073586,0.09160876274108887,-0.016876816749572754,-1.01303226310457,-0.0693064683178139,8.952540230889497,0,,,,,,,,True,0.0,-1.0,0.0,optimal,0,0.0,-1.0,1.500435758253626,-5031300.543858042,0.5838174372922943,True,0.0,True,0.0,0.0
1767853735.1390994,0,leader,auto,0.7296983599662781,0.8953052163124084,0.9119197130203247,0.9,1,1,0.17030164003372195,0.10469478368759155,0.08808028697967529,0,0,0,0,1.0,0,0,0,0,0,0,False,,,,,,,,,,,,,,,
1767853735.2394664,1,follower,auto,0.09757295250892639,0.9083912372589111,1.0168768167495728,0.09999999999999998,1.0,1.0,0.002427047491073586,0.09160876274108887,-0.016876816749572754,0,0,0,0,1.0,0,0,0,0,0,0,False,,,,,,,,,,,,,,,
1767853735.2408335,0,follower,auto,0.738270103931427,0.8990991115570068,0.9016966223716736,0.9,1,1,0.16172989606857302,0.10090088844299316,0.09830337762832642,8.994174583307924,15.722010286971452,10.064407870656984,0,,,,,,,,True,16.0,9.0,0.0,optimal,0,16.0,9.0,1.699796167527078,-26932329.730245616,0.3310352844301756,True,0.0,True,0.0,0.0
1767853735.3419075,1,follower,auto,0.10326413065195084,0.9068849682807922,1.0082485675811768,0.09999999999999998,1.0,1.0,-0.0032641306519508584,0.09311503171920776,-0.008248567581176758,-0.003633001203671713,-0.07610811751780126,8.965106441300922,0,,,,,,,,True,0.0,0.0,0.0,optimal,0,0.0,0.0,1.4754772222899746,-4076133.6955222455,0.6421394456893345,True,0.0,True,0.0,0.0
1767853735.4568906,0,leader,auto,0.738270103931427,0.8990991115570068,0.9016966223716736,0.9,1,1,0.16172989606857302,0.10090088844299316,0.09830337762832642,0,0,0,0,1.0,0,0,0,0,0,0,False,,,,,,,,,,,,,,,
1767853735.5573308,1,follower,auto,0.10326413065195084,0.9068849682807922,1.0082485675811768,0.09999999999999998,1.0,1.0,-0.0032641306519508584,0.09311503171920776,-0.008248567581176758,0,0,0,0,1.0,0,0,0,0,0,0,False,,,,,,,,,,,,,,,
1767853735.558616,0,follower,auto,0.7521964907646179,0.890199601650238,0.9054037928581238,0.9,1,1,0.1478035092353821,0.10980039834976196,0.09459620714187622,9.007759981617934,13.707867005519427,10.034729693975072,0,,,,,,,,True,14.0,9.0,0.0,optimal,0,14.0,9.0,1.730959381698606,-34986886.258696035,0.31332755295218717,True,0.0,True,0.0,0.0
1767853735.659647,1,follower,auto,0.10648319125175476,0.8884739875793457,0.9851750135421753,0.09999999999999998,1.0,1.0,-0.006483191251754783,0.1115260124206543,0.014824986457824707,1.0238137111796928,-0.07089961844890477,10.998526242888515,0,,,,,,,,True,0.0,1.0,0.0,optimal,0,0.0,1.0,1.4070834908691583,-2287859.5336448173,0.6138377250284767,True,0.0,True,0.0,0.0
1767853735.8271067,0,leader,auto,0.7521964907646179,0.890199601650238,0.9054037928581238,0.9,1,1,0.1478035092353821,0.10980039834976196,0.09459620714187622,0,0,0,0,1.0,0,0,0,0,0,0,False,,,,,,,,,,,,,,,
1767853735.9274676,1,follower,auto,0.10648319125175476,0.8884739875793457,0.9851750135421753,0.09999999999999998,1.0,1.0,-0.006483191251754783,0.1115260124206543,0.014824986457824707,0,0,0,0,1.0,0,0,0,0,0,0,False,,,,,,,,,,,,,,,
1767853735.9278746,0,follower,auto,0.7685300707817078,0.880325973033905,0.9152446389198303,0.9,1,1,0.13146992921829226,0.11967402696609497,0.08475536108016968,8.012226426144125,12.69423340405594,11.019426081134684,0,,,,,,,,True,13.0,8.0,0.0,optimal,0,13.0,8.0,1.7835558576870576,-54392880.70561733,0.29408145829058985,True,0.0,True,0.0,0.0
1767853736.0282524,1,follower,auto,0.10446754097938538,0.8737550973892212,0.9901441931724548,0.09999999999999998,1.0,1.0,-0.004467540979385398,0.1262449026107788,0.009855806827545166,0.02823225539129952,-0.056383779413131344,11.97189006755249,0,,,,,,,,True,0.0,0.0,0.0,optimal,0,0.0,0.0,1.421443183563866,-2582996.189768184,0.5344430306222434,True,0.0,True,0.0,0.0
1767853736.1671932,0,leader,auto,0.7685300707817078,0.880325973033905,0.9152446389198303,0.9,1,1,0.13146992921829226,0.11967402696609497,0.08475536108016968,0,0,0,0,1.0,0,0,0,0,0,0,False,,,,,,,,,,,,,,,
1767853736.2677138,1,follower,auto,0.10446754097938538,0.8737550973892212,0.9901441931724548,0.09999999999999998,1.0,1.0,-0.004467540979385398,0.1262449026107788,0.009855806827545166,0,0,0,0,1.0,0,0,0,0,0,0,False,,,,,,,,,,,,,,,
1767853736.2735744,0,follower,auto,0.7892913222312927,0.8804245591163635,0.9219778180122375,0.9,1,1,0.1107086777687073,0.11957544088363647,0.07802218198776245,7.001403163891936,10.685131691263827,11.014983671413006,0,,,,,,,,True,11.0,7.0,0.0,optimal,0,11.0,7.0,1.8350017062684665,-83716989.55318142,0.26144880967024675,True,0.0,True,0.0,0.0
1767853736.3771577,1,follower,auto,0.12107457965612411,0.8733567595481873,0.9864468574523926,0.09999999999999998,1.0,1.0,-0.021074579656124137,0.12664324045181274,0.013553142547607422,1.0111121277844966,-2.076060849430152,11.97858601054399,0,,,,,,,,True,-2.0,1.0,0.0,optimal,0,-2.0,1.0,1.4141833138690005,-2429322.325243022,0.6502013161971621,True,0.0,True,0.0,0.0
1767853736.6694992,0,leader,auto,0.7892913222312927,0.8804245591163635,0.9219778180122375,0.9,1,1,0.1107086777687073,0.11957544088363647,0.07802218198776245,0,0,0,0,1.0,0,0,0,0,0,0,False,,,,,,,,,,,,,,,
1767853736.770259,1,follower,auto,0.12107457965612411,0.8733567595481873,0.9864468574523926,0.09999999999999998,1.0,1.0,-0.021074579656124137,0.12664324045181274,0.013553142547607422,0,0,0,0,1.0,0,0,0,0,0,0,False,,,,,,,,,,,,,,,
1767853736.7717204,0,follower,auto,0.7852703332901001,0.8812977075576782,0.9287914633750916,0.9,1,1,0.11472966670989992,0.11870229244232178,0.07120853662490845,7.001709857172342,10.72351029703519,11.004787240119619,0,,,,,,,,True,11.0,7.0,0.0,optimal,0,11.0,7.0,1.8480945421590804,-93421587.62127285,0.48090386797838247,True,0.0,True,0.0,0.0
1767853736.872667,1,follower,auto,0.13933946192264557,0.8848656415939331,0.9692686796188354,0.09999999999999998,1.0,1.0,-0.03933946192264559,0.1151343584060669,0.03073132038116455,2.986443371916892,-3.093936350075003,11.006342975380566,0,,,,,,,,True,-3.0,3.0,0.0,optimal,0,-3.0,3.0,1.3681659385577682,-1646359.619242973,0.6393884098126448,True,0.0,True,0.0,0.0
1767853736.977785,0,leader,auto,0.7852703332901001,0.8812977075576782,0.9287914633750916,0.9,1,1,0.11472966670989992,0.11870229244232178,0.07120853662490845,0,0,0,0,1.0,0,0,0,0,0,0,False,,,,,,,,,,,,,,,
1767853737.0782528,1,follower,auto,0.13933946192264557,0.8848656415939331,0.9692686796188354,0.09999999999999998,1.0,1.0,-0.03933946192264559,0.1151343584060669,0.03073132038116455,0,0,0,0,1.0,0,0,0,0,0,0,False,,,,,,,,,,,,,,,
1767853737.0797153,0,follower,auto,0.773726761341095,0.8950326442718506,0.9384074211120605,0.9,1,1,0.12627323865890505,0.10496735572814941,0.06159257888793945,5.983961034591965,11.74929579764456,9.996581625846577,0,,,,,,,,True,12.0,6.0,0.0,optimal,0,12.0,6.0,1.8576690103256284,-101221757.5331103,0.5655707639177909,True,0.0,True,0.0,0.0
1767853737.1811182,1,follower,auto,0.14589466154575348,0.8978984951972961,0.9678400158882141,0.09999999999999998,1.0,1.0,-0.0458946615457535,0.10210150480270386,0.03215998411178589,2.978757518334711,-4.089338264425873,9.99644144835548,0,,,,,,,,True,-4.0,3.0,0.0,optimal,0,-4.0,3.0,1.3658395645102623,-1614276.4539917018,0.6111609704221408,True,0.0,True,0.0,0.0
1767853737.3011944,0,leader,auto,0.773726761341095,0.8950326442718506,0.9384074211120605,0.9,1,1,0.12627323865890505,0.10496735572814941,0.06159257888793945,0,0,0,0,1.0,0,0,0,0,0,0,False,,,,,,,,,,,,,,,
1767853737.4015582,1,follower,auto,0.14589466154575348,0.8978984951972961,0.9678400158882141,0.09999999999999998,1.0,1.0,-0.0458946615457535,0.10210150480270386,0.03215998411178589,0,0,0,0,1.0,0,0,0,0,0,0,False,,,,,,,,,,,,,,,
1767853737.4034615,0,follower,auto,0.7664301991462708,0.9166227579116821,0.9555343985557556,0.9,1,1,0.13356980085372927,0.08337724208831787,0.044465601444244385,3.9689434097933685,12.748556370257885,7.982363132091628,0,,,,,,,,True,13.0,4.0,0.0,optimal,0,13.0,4.0,1.8959956355424574,-139517716.23500726,0.5115886444413043,True,0.0,True,0.0,0.0
1767853737.5045023,1,follower,auto,0.13659000396728516,0.9197649955749512,0.9761942625045776,0.09999999999999998,1.0,1.0,-0.03659000396728518,0.08023500442504883,0.023805737495422363,1.9651168224226012,-3.064851573377931,7.983437447853316,0,,,,,,,,True,-3.0,2.0,0.0,optimal,0,-3.0,2.0,1.3878063298352168,-1943841.5137616775,0.49053269368711727,True,0.0,True,0.0,0.0
1767853737.6733844,0,leader,auto,0.7664301991462708,0.9166227579116821,0.9555343985557556,0.9,1,1,0.13356980085372927,0.08337724208831787,0.044465601444244385,0,0,0,0,1.0,0,0,0,0,0,0,False,,,,,,,,,,,,,,,
1767853737.7738554,1,follower,auto,0.13659000396728516,0.9197649955749512,0.9761942625045776,0.09999999999999998,1.0,1.0,-0.03659000396728518,0.08023500442504883,0.023805737495422363,0,0,0,0,1.0,0,0,0,0,0,0,False,,,,,,,,,,,,,,,
1767853737.7752774,0,follower,auto,0.7570879459381104,0.9343653917312622,0.9675328731536865,0.9,1,1,0.14291205406188967,0.06563460826873779,0.03246712684631348,2.9711714515306924,13.754215982770786,5.983276722863992,0,,,,,,,,True,14.0,3.0,0.0,optimal,0,14.0,3.0,1.9168348916715012,-166097884.99937832,0.5171839652432842,True,0.0,True,0.0,0.0
1767853737.8762765,1,follower,auto,0.13451167941093445,0.9420798420906067,0.9825066924095154,0.09999999999999998,1.0,1.0,-0.03451167941093447,0.05792015790939331,0.01749330759048462,0.9585741929117017,-3.0699146157235155,4.983391711445877,0,,,,,,,,True,-3.0,1.0,0.0,optimal,0,-3.0,1.0,1.4059194849369514,-2265463.217654672,0.5627086681664255,True,0.0,True,0.0,0.0
1767853738.002457,0,leader,auto,0.7570879459381104,0.9343653917312622,0.9675328731536865,0.9,1,1,0.14291205406188967,0.06563460826873779,0.03246712684631348,0,0,0,0,1.0,0,0,0,0,0,0,False,,,,,,,,,,,,,,,
1767853738.1028671,1,follower,auto,0.13451167941093445,0.9420798420906067,0.9825066924095154,0.09999999999999998,1.0,1.0,-0.03451167941093447,0.05792015790939331,0.01749330759048462,0,0,0,0,1.0,0,0,0,0,0,0,False,,,,,,,,,,,,,,,
1767853738.1044116,0,follower,auto,0.7594491839408875,0.9465821981430054,0.9617695808410645,0.9,1,1,0.14055081605911257,0.05341780185699463,0.03823041915893555,2.9750583113795033,13.74155553639408,5.007641116152906,0,,,,,,,,True,14.0,3.0,0.0,optimal,0,14.0,3.0,1.9035333704607411,-148602531.74632117,0.44107120261418775,True,0.0,True,0.0,0.0
1767853738.2055755,1,follower,auto,0.13997606933116913,0.9467537999153137,0.9791101813316345,0.09999999999999998,1.0,1.0,-0.03997606933116915,0.05324620008468628,0.02088981866836548,1.9825830190152876,-3.081325417462893,4.993900766412088,0,,,,,,,,True,-3.0,2.0,0.0,optimal,0,-3.0,2.0,1.3973602285043047,-2107358.167695332,0.6229605819168603,True,0.0,True,0.0,0.0
1767853738.3932738,0,leader,auto,0.7594491839408875,0.9465821981430054,0.9617695808410645,0.9,1,1,0.14055081605911257,0.05341780185699463,0.03823041915893555,0,0,0,0,1.0,0,0,0,0,0,0,False,,,,,,,,,,,,,,,
1767853738.493742,1,follower,auto,0.13997606933116913,0.9467537999153137,0.9791101813316345,0.09999999999999998,1.0,1.0,-0.03997606933116915,0.05324620008468628,0.02088981866836548,0,0,0,0,1.0,0,0,0,0,0,0,False,,,,,,,,,,,,,,,
1767853738.495122,0,follower,auto,0.7679296135902405,0.9507917761802673,0.9340814352035522,0.9,1,1,0.13207038640975954,0.049208223819732666,0.06591856479644775,5.980571549939081,12.729792308421361,4.050759362867685,0,,,,,,,,True,13.0,6.0,0.0,optimal,0,13.0,6.0,1.8363054542243362,-84636424.07159041,0.39904839576803275,True,0.0,True,0.0,0.0
1767853738.5965657,1,follower,auto,0.14878050982952118,0.9350292682647705,0.9716168642044067,0.09999999999999998,1.0,1.0,-0.0487805098295212,0.06497073173522949,0.02838313579559326,2.0161896907320904,-4.0887022091281136,5.994031844985386,0,,,,,,,,True,-4.0,2.0,0.0,optimal,0,-4.0,2.0,1.3777918351159433,-1786008.5840219508,0.626259336853883,True,0.0,True,0.0,0.0
1767853738.7135448,0,leader,auto,0.7679296135902405,0.9507917761802673,0.9340814352035522,0.9,1,1,0.13207038640975954,0.049208223819732666,0.06591856479644775,0,0,0,0,1.0,0,0,0,0,0,0,False,,,,,,,,,,,,,,,
1767853738.8140075,1,follower,auto,0.14878050982952118,0.9350292682647705,0.9716168642044067,0.09999999999999998,1.0,1.0,-0.0487805098295212,0.06497073173522949,0.02838313579559326,0,0,0,0,1.0,0,0,0,0,0,0,False,,,,,,,,,,,,,,,
1767853738.8154676,0,follower,auto,0.7767731547355652,0.9386398792266846,0.9126564860343933,0.9,1,1,0.12322684526443484,0.06136012077331543,0.08734351396560669,8.003730185928037,11.722662774476834,6.056607652810577,0,,,,,,,,True,12.0,8.0,0.0,optimal,0,12.0,8.0,1.7889748814528823,-56921476.74009107,0.3847705296835258,True,0.0,True,0.0,0.0
1767853738.916451,1,follower,auto,0.1502378135919571,0.9202142953872681,0.95816570520401,0.09999999999999998,1.0,1.0,-0.050237813591957114,0.07978570461273193,0.04183429479598999,4.029276442260483,-5.078514809272638,7.000773605838984,0,,,,,,,,True,-5.0,4.0,0.0,optimal,0,-5.0,4.0,1.3388186244659992,-1284311.6443284042,0.5611944549706825,True,0.0,True,0.0,0.0
1767853739.0801208,0,leader,auto,0.7767731547355652,0.9386398792266846,0.9126564860343933,0.9,1,1,0.12322684526443484,0.06136012077331543,0.08734351396560669,0,0,0,0,1.0,0,0,0,0,0,0,False,,,,,,,,,,,,,,,
1767853739.1807275,1,follower,auto,0.1502378135919571,0.9202142953872681,0.95816570520401,0.09999999999999998,1.0,1.0,-0.050237813591957114,0.07978570461273193,0.04183429479598999,0,0,0,0,1.0,0,0,0,0,0,0,False,,,,,,,,,,,,,,,
1767853739.18308,0,follower,auto,0.7834322452545166,0.9190376996994019,0.9048377871513367,0.9,1,1,0.11656775474548342,0.08096230030059814,0.09516221284866333,9.022949837476638,10.723494571820924,8.044665980192233,0,,,,,,,,True,11.0,9.0,0.0,optimal,0,11.0,9.0,1.7773352911127973,-51628167.05383987,0.43493726962690704,True,0.0,True,0.0,0.0
1767853739.2843618,1,follower,auto,0.15520067512989044,0.9066815376281738,0.9609479904174805,0.09999999999999998,1.0,1.0,-0.055200675129890464,0.09331846237182617,0.03905200958251953,3.0287021719607528,-5.0800938418513395,8.978894278626314,0,,,,,,,,True,-5.0,3.0,0.0,optimal,0,-5.0,3.0,1.3484562802656481,-1393472.8415422635,0.5743395081652634,True,0.0,True,0.0,0.0
1767853739.40242,0,leader,auto,0.7834322452545166,0.9190376996994019,0.9048377871513367,0.9,1,1,0.11656775474548342,0.08096230030059814,0.09516221284866333,0,0,0,0,1.0,0,0,0,0,0,0,False,,,,,,,,,,,,,,,
1767853739.5029266,1,follower,auto,0.15520067512989044,0.9066815376281738,0.9609479904174805,0.09999999999999998,1.0,1.0,-0.055200675129890464,0.09331846237182617,0.03905200958251953,0,0,0,0,1.0,0,0,0,0,0,0,False,,,,,,,,,,,,,,,
1767853739.5042965,0,follower,auto,0.7807762622833252,0.9045112729072571,0.9088729023933411,0.9,1,1,0.11922373771667483,0.09548872709274292,0.09112709760665894,9.025049400696345,10.738569533370741,9.03208503730661,0,,,,,,,,True,11.0,9.0,0.0,optimal,0,11.0,9.0,1.7845344268433565,-54841053.820359565,0.5210905967664201,True,0.0,True,0.0,0.0
1767853739.6052437,1,follower,auto,0.15938922762870789,0.9004738330841064,0.9822999835014343,0.09999999999999998,1.0,1.0,-0.05938922762870791,0.09952616691589355,0.017700016498565674,1.0165712076184992,-5.082680351984675,8.942995283848248,0,,,,,,,,True,-5.0,1.0,0.0,optimal,0,-5.0,1.0,1.4126181669724285,-2397405.312110937,0.5549466993448904,True,0.0,True,0.0,0.0
1767853739.7192824,0,leader,auto,0.7807762622833252,0.9045112729072571,0.9088729023933411,0.9,1,1,0.11922373771667483,0.09548872709274292,0.09112709760665894,0,0,0,0,1.0,0,0,0,0,0,0,False,,,,,,,,,,,,,,,
1767853739.8197012,1,follower,auto,0.15938922762870789,0.9004738330841064,0.9822999835014343,0.09999999999999998,1.0,1.0,-0.05938922762870791,0.09952616691589355,0.017700016498565674,0,0,0,0,1.0,0,0,0,0,0,0,False,,,,,,,,,,,,,,,
1767853739.8212693,0,follower,auto,0.7733924984931946,0.8941775560379028,0.9236836433410645,0.9,1,1,0.12660750150680544,0.10582244396209717,0.07631635665893555,7.021457731953022,11.751910996420028,10.005498148702282,0,,,,,,,,True,12.0,7.0,0.0,optimal,0,12.0,7.0,1.8150110730424331,-70805046.24543458,0.5586658421628519,True,0.0,True,0.0,0.0
1767853739.9223433,1,follower,auto,0.16087304055690765,0.8951625823974609,0.9803169369697571,0.09999999999999998,1.0,1.0,-0.060873040556907676,0.10483741760253906,0.01968306303024292,1.0107411096619918,-6.082910303918176,9.970863052679956,0,,,,,,,,True,-6.0,1.0,0.0,optimal,0,-6.0,1.0,1.407218369057548,-2290468.495075814,0.5672026195715371,True,0.0,True,0.0,0.0
1767853740.1268983,0,leader,auto,0.7733924984931946,0.8941775560379028,0.9236836433410645,0.9,1,1,0.12660750150680544,0.10582244396209717,0.07631635665893555,0,0,0,0,1.0,0,0,0,0,0,0,False,,,,,,,,,,,,,,,
1767853740.227303,1,follower,auto,0.16087304055690765,0.8951625823974609,0.9803169369697571,0.09999999999999998,1.0,1.0,-0.060873040556907676,0.10483741760253906,0.01968306303024292,0,0,0,0,1.0,0,0,0,0,0,0,False,,,,,,,,,,,,,,,
1767853740.2287154,0,follower,auto,0.7707421779632568,0.881989598274231,0.9284961223602295,0.9,1,1,0.1292578220367432,0.11801040172576904,0.07150387763977051,4.020907774278747,12.752595749045266,11.00540829983434,-1,,,,,,,,True,13.0,4.0,0.0,optimal,0,13.0,4.0,1.8246446764897564,-76758360.84187609,0.5130073143498605,True,0.0,True,0.0,0.0
1767853740.3301477,1,follower,auto,0.16718406975269318,0.8801746964454651,0.9688732028007507,0.09999999999999998,1.0,1.0,-0.0671840697526932,0.11982530355453491,0.031126797199249268,4.022993441287499,-6.091708034213678,10.995855442069132,-1,,,,,,,,True,-6.0,4.0,0.0,optimal,0,-6.0,4.0,1.3755389990852085,-1752301.9645348676,0.6058720785108356,True,0.0,True,0.0,0.0
1767853740.4552555,0,leader,auto,0.7707421779632568,0.881989598274231,0.9284961223602295,0.9,1,1,0.1292578220367432,0.11801040172576904,0.07150387763977051,0,0,0,0,1.0,0,0,0,0,0,0,False,,,,,,,,,,,,,,,
1767853740.5556662,1,follower,auto,0.16718406975269318,0.8801746964454651,0.9688732028007507,0.09999999999999998,1.0,1.0,-0.0671840697526932,0.11982530355453491,0.031126797199249268,0,0,0,0,1.0,0,0,0,0,0,0,False,,,,,,,,,,,,,,,
1767853740.5574067,0,follower,auto,0.7736081480979919,0.8914750814437866,0.9190129041671753,0.9,1,1,0.12639185190200808,0.10852491855621338,0.08098709583282471,-4.014321604517333,13.733773351980702,10.012629404923562,-10,,,,,,,,True,14.0,-4.0,0.0,optimal,0,14.0,-4.0,1.8020671889965656,-63525158.61124081,0.41915836390444705,True,0.0,True,0.0,0.0
1767853740.7587016,1,follower,auto,0.14398297667503357,0.8703538775444031,0.9288833141326904,0.09999999999999998,1.0,1.0,-0.04398297667503359,0.12964612245559692,0.07111668586730957,7.027914492208904,1.9549152173768594,12.050085832292485,-10,,,,,,,,True,2.0,7.0,0.0,optimal,0,2.0,7.0,1.252438622979024,-617641.844889604,0.41236637982804214,True,0.0,True,0.0,0.0
1767853740.907711,0,leader,auto,0.7736081480979919,0.8914750814437866,0.9190129041671753,0.9,1,1,0.12639185190200808,0.10852491855621338,0.08098709583282471,0,0,0,0,1.0,0,0,0,0,0,0,False,,,,,,,,,,,,,,,
1767853741.0083737,1,follower,auto,0.14398297667503357,0.8703538775444031,0.9288833141326904,0.09999999999999998,1.0,1.0,-0.04398297667503359,0.12964612245559692,0.07111668586730957,0,0,0,0,1.0,0,0,0,0,0,0,False,,,,,,,,,,,,,,,
1767853741.111398,0,follower,auto,0.773072361946106,0.8772121071815491,0.9324218034744263,0.9,1,1,0.12692763805389407,0.12278789281845093,0.06757819652557373,14.010233661786547,-2.269505322494073,11.971893079775942,-21,,,,,,,,True,-2.0,14.0,0.0,optimal,0,-2.0,14.0,1.8394730998738589,-86912526.43138926,0.5990147997737612,True,0.0,True,0.0,0.0
1767853741.2122386,1,follower,auto,0.13106000423431396,0.8626824021339417,0.8996673822402954,0.09999999999999998,1.0,1.0,-0.031060004234313987,0.13731759786605835,0.10033261775970459,0.02148161110852545,-10.042130070871975,13.066838352446153,-21,,,,,,,,True,-10.0,0.0,0.0,optimal,0,-10.0,0.0,1.1662455056172996,-296982.1191521515,0.39772438543546074,True,0.0,True,0.0,0.0
1767853741.414354,0,leader,auto,0.773072361946106,0.8772121071815491,0.9324218034744263,0.9,1,1,0.12692763805389407,0.12278789281845093,0.06757819652557373,0,0,0,0,1.0,0,0,0,0,0,0,False,,,,,,,,,,,,,,,
1767853741.51475,1,follower,auto,0.13106000423431396,0.8626824021339417,0.8996673822402954,0.09999999999999998,1.0,1.0,-0.031060004234313987,0.13731759786605835,0.10033261775970459,0,0,0,0,1.0,0,0,0,0,0,0,False,,,,,,,,,,,,,,,
1767853741.5161679,0,follower,auto,0.7604972720146179,0.8813043832778931,0.9375890493392944,0.9,1,1,0.1395027279853821,0.11869561672210693,0.062410950660705566,6.993409006254622,12.737880118930947,10.95967598238539,-25,,,,,,,,True,13.0,7.0,0.0,optimal,0,13.0,7.0,1.835018375521932,-83728682.26541239,0.4547199513692758,True,0.0,True,0.0,0.0
1767853741.6172454,1,follower,auto,0.09857714176177979,0.866219699382782,0.8673312664031982,0.09999999999999998,1.0,1.0,0.0014228582382201926,0.13378030061721802,0.13266873359680176,13.006492313198967,-0.009797716911693385,13.086176223446248,-25,,,,,,,,True,0.0,13.0,0.0,optimal,0,0.0,13.0,1.0693122449616959,-130048.6292868917,0.31281223089632126,True,0.0,True,0.0,0.0
1767853741.7299044,0,leader,auto,0.7604972720146179,0.8813043832778931,0.9375890493392944,0.9,1,1,0.1395027279853821,0.11869561672210693,0.062410950660705566,0,0,0,0,1.0,0,0,0,0,0,0,False,,,,,,,,,,,,,,,
1767853741.830284,1,follower,auto,0.09857714176177979,0.866219699382782,0.8673312664031982,0.09999999999999998,1.0,1.0,0.0014228582382201926,0.13378030061721802,0.13266873359680176,0,0,0,0,1.0,0,0,0,0,0,0,False,,,,,,,,,,,,,,,
1767853741.8325057,0,follower,auto,0.739215612411499,0.8827213048934937,0.9568619132041931,0.9,1,1,0.160784387588501,0.11727869510650635,0.043138086795806885,-14.008664024097696,6.7548183142079745,10.926947402593347,20,,,,,,,,True,7.0,-14.0,0.0,optimal,0,7.0,-14.0,1.8588863557778894,-102258991.4201213,0.6328493101578321,True,0.0,True,0.0,0.0
1767853741.934109,1,follower,auto,0.08025716245174408,0.8665258884429932,0.8484712839126587,0.09999999999999998,1.0,1.0,0.019742837548255898,0.13347411155700684,0.1515287160873413,1.0064633004822503,14.978304471428377,13.08628802862445,20,,,,,,,,True,15.0,1.0,0.0,optimal,0,15.0,1.0,1.0148160156618597,-81655.58217397425,0.5417074742799679,True,0.0,True,0.0,0.0
1767853742.1195705,0,leader,auto,0.739215612411499,0.8827213048934937,0.9568619132041931,0.9,1,1,0.160784387588501,0.11727869510650635,0.043138086795806885,0,0,0,0,1.0,0,0,0,0,0,0,False,,,,,,,,,,,,,,,
1767853742.2227352,1,follower,auto,0.08025716245174408,0.8665258884429932,0.8484712839126587,0.09999999999999998,1.0,1.0,0.019742837548255898,0.13347411155700684,0.1515287160873413,0,0,0,0,1.0,0,0,0,0,0,0,False,,,,,,,,,,,,,,,
1767853742.2240233,0,follower,auto,0.7076942324638367,0.8814800977706909,0.9694548845291138,0.9,1,1,0.19230576753616335,0.11851990222930908,0.03054511547088623,6.992184473448105,16.77831282251876,10.907200636636274,2,,,,,,,,True,17.0,7.0,0.0,optimal,0,17.0,7.0,1.85012878432905,-95027031.71089368,0.5108709005537169,True,0.0,True,0.0,0.0
1767853742.3249447,1,follower,auto,0.06274572014808655,0.8604780435562134,0.8059461712837219,0.09999999999999998,1.0,1.0,0.03725427985191343,0.13952195644378662,0.19405382871627808,19.016339514999334,-1.0317946307911927,13.134484490772127,2,,,,,,,,True,-1.0,19.0,0.0,optimal,0,-1.0,19.0,0.8994324276875143,-30389.78704094067,0.38740182553091235,True,0.0,True,0.0,0.0
1767853742.5060282,0,leader,auto,0.7076942324638367,0.8814800977706909,0.9694548845291138,0.9,1,1,0.19230576753616335,0.11851990222930908,0.03054511547088623,0,0,0,0,1.0,0,0,0,0,0,0,False,,,,,,,,,,,,,,,
1767853742.6064994,1,follower,auto,0.06274572014808655,0.8604780435562134,0.8059461712837219,0.09999999999999998,1.0,1.0,0.03725427985191343,0.13952195644378662,0.19405382871627808,0,0,0,0,1.0,0,0,0,0,0,0,False,,,,,,,,,,,,,,,
1767853742.6079197,0,follower,auto,0.6829490065574646,0.8719353675842285,0.9467016458511353,0.9,1,1,0.21705099344253542,0.12806463241577148,0.053298354148864746,5.007763395480247,20,11.946491536906676,0,,,,,,,,True,21.0,5.0,0.0,optimal,0,21.0,5.0,1.7493649976662113,-40830760.400421396,0.4722898895471092,True,0.0,True,0.0,0.0
1767853742.7089498,1,follower,auto,0.028605643659830093,0.8610673546791077,0.7682734727859497,0.09999999999999998,1.0,1.0,0.07139435634016988,0.13893264532089233,0.2317265272140503,20,6.9918388070030675,13.14215068215729,0,,,,,,,,True,7.0,23.0,0.0,optimal,0,7.0,23.0,0.7993358846217262,-12844.991819668423,0.35847122399115183,True,0.0,True,0.0,0.0
1767853742.895943,0,leader,auto,0.6829490065574646,0.8719353675842285,0.9467016458511353,0.9,1,1,0.21705099344253542,0.12806463241577148,0.053298354148864746,0,0,0,0,1.0,0,0,0,0,0,0,False,,,,,,,,,,,,,,,
1767853742.996318,1,follower,auto,0.028605643659830093,0.8610673546791077,0.7682734727859497,0.09999999999999998,1.0,1.0,0.07139435634016988,0.13893264532089233,0.2317265272140503,0,0,0,0,1.0,0,0,0,0,0,0,False,,,,,,,,,,,,,,,
1767853743.0013459,0,follower,auto,0.664076566696167,0.8693192005157471,0.9141093492507935,0.9,1,1,0.23592343330383303,0.13068079948425293,0.08589065074920654,20,12.757375160248065,12.982626880112683,7,,,,,,,,True,13.0,21.0,0.0,optimal,0,13.0,21.0,1.6307029380734712,-15069398.281401671,0.47749096479266884,True,0.0,True,0.0,0.0
1767853743.1030498,1,follower,auto,-0.0030306170228868723,0.873556911945343,0.7596597671508789,0.09999999999999998,1.0,1.0,0.10303061702288685,0.12644308805465698,0.2403402328491211,20,-6.000048916001956,12.095885348423128,7,,,,,,,,True,-6.0,25.0,0.0,optimal,0,-6.0,25.0,0.7767519136181458,-10570.828744580214,0.28656656466382363,True,0.0,True,0.0,0.0
1767853743.2122297,0,leader,auto,0.664076566696167,0.8693192005157471,0.9141093492507935,0.9,1,1,0.23592343330383303,0.13068079948425293,0.08589065074920654,0,0,0,0,1.0,0,0,0,0,0,0,False,,,,,,,,,,,,,,,
1767853743.3136032,1,follower,auto,-0.0030306170228868723,0.873556911945343,0.7596597671508789,0.09999999999999998,1.0,1.0,0.10303061702288685,0.12644308805465698,0.2403402328491211,0,0,0,0,1.0,0,0,0,0,0,0,False,,,,,,,,,,,,,,,
1767853743.3150349,0,follower,auto,0.6486541032791138,0.8667008280754089,0.8944810032844543,0.9,1,1,0.25134589672088625,0.13329917192459106,0.10551899671554565,20,8.753606934808767,12.991791555197059,9,,,,,,,,True,9.0,25.0,0.0,optimal,0,9.0,25.0,1.5553294142220495,-7990944.7348348275,0.5398776503647807,True,0.0,True,0.0,0.0
1767853743.4182017,1,follower,auto,-0.011092140339314938,0.8821753859519958,0.7821265459060669,0.09999999999999998,1.0,1.0,0.11109214033931492,0.11782461404800415,0.2178734540939331,20,-8.032019238250749,11.028185688049735,9,,,,,,,,True,-8.0,22.0,0.0,optimal,0,-8.0,22.0,0.8339715152943288,-17310.26068821132,0.4543888701987778,True,0.0,True,0.0,0.0
1767853743.6043472,0,leader,auto,0.6486541032791138,0.8667008280754089,0.8944810032844543,0.9,1,1,0.25134589672088625,0.13329917192459106,0.10551899671554565,0,0,0,0,1.0,0,0,0,0,0,0,False,,,,,,,,,,,,,,,
1767853743.7047513,1,follower,auto,-0.011092140339314938,0.8821753859519958,0.7821265459060669,0.09999999999999998,1.0,1.0,0.11109214033931492,0.11782461404800415,0.2178734540939331,0,0,0,0,1.0,0,0,0,0,0,0,False,,,,,,,,,,,,,,,
1767853743.706099,0,follower,auto,0.6258394718170166,0.865401029586792,0.8740633130073547,0.9,1,1,0.2741605281829834,0.134598970413208,0.12593668699264526,20,-8.234082110637628,13.011949499520963,16,,,,,,,,True,-8.0,28.0,0.0,optimal,0,-8.0,28.0,1.46972503263695,-3883012.536287323,0.7910319719369139,True,0.0,True,0.0,0.0
1767853743.807037,1,follower,auto,-0.02187160775065422,0.8945446014404297,0.8134182691574097,0.09999999999999998,1.0,1.0,0.1218716077506542,0.10545539855957031,0.18658173084259033,13.967541242056196,-16.042313015814436,9.980342391905529,16,,,,,,,,True,-16.0,14.0,0.0,optimal,0,-16.0,14.0,0.9155459169820443,-34896.07188782348,0.3392042731143197,True,0.0,True,0.0,0.0
1767853743.9236183,0,leader,auto,0.6258394718170166,0.865401029586792,0.8740633130073547,0.9,1,1,0.2741605281829834,0.134598970413208,0.12593668699264526,0,0,0,0,1.0,0,0,0,0,0,0,False,,,,,,,,,,,,,,,
1767853744.0241199,1,follower,auto,-0.02187160775065422,0.8945446014404297,0.8134182691574097,0.09999999999999998,1.0,1.0,0.1218716077506542,0.10545539855957031,0.18658173084259033,0,0,0,0,1.0,0,0,0,0,0,0,False,,,,,,,,,,,,,,,
1767853744.025642,0,follower,auto,0.6025131940841675,0.8744421005249023,0.8880308866500854,0.9,1,1,0.29748680591583254,0.12555789947509766,0.11196911334991455,-20,18.7756753312456,11.968675368450077,21,,,,,,,,True,19.0,-25.0,0.0,optimal,0,19.0,-25.0,1.479651891340128,-4222263.088259255,0.5684076911739508,True,0.0,True,0.0,0.0
1767853744.126792,1,follower,auto,-0.02868380956351757,0.9059244990348816,0.8286222815513611,0.09999999999999998,1.0,1.0,0.12868380956351755,0.09407550096511841,0.17137771844863892,-7.0336268156727835,19.944180615046378,8.99225600057165,21,,,,,,,,True,20.0,-7.0,0.0,optimal,0,20.0,-7.0,0.9560599279658204,-49388.68304905244,0.7698743802762014,True,0.0,True,0.0,0.0
1767853744.274625,0,leader,auto,0.6025131940841675,0.8744421005249023,0.8880308866500854,0.9,1,1,0.29748680591583254,0.12555789947509766,0.11196911334991455,0,0,0,0,1.0,0,0,0,0,0,0,False,,,,,,,,,,,,,,,
1767853744.37503,1,follower,auto,-0.02868380956351757,0.9059244990348816,0.8286222815513611,0.09999999999999998,1.0,1.0,0.12868380956351755,0.09407550096511841,0.17137771844863892,0,0,0,0,1.0,0,0,0,0,0,0,False,,,,,,,,,,,,,,,
1767853744.3762994,0,follower,auto,0.583681583404541,0.8884819149971008,0.9212104678153992,0.9,1,1,0.316318416595459,0.11151808500289917,0.07878953218460083,-20,20,10.923594216889736,25,,,,,,,,True,25.0,-20.0,0.0,optimal,0,25.0,-20.0,1.5505233846336979,-7673914.311789415,0.4189505570209645,True,0.0,True,0.0,0.0
1767853744.4773402,1,follower,auto,-0.04951898008584976,0.9078451991081238,0.8433828353881836,0.09999999999999998,1.0,1.0,0.14951898008584974,0.09215480089187622,0.1566171646118164,-2.0166739239084923,20,9.00428062371409,25,,,,,,,,True,21.0,-2.0,0.0,optimal,0,21.0,-2.0,0.9971295718043383,-70194.59990116133,0.6815003233594228,True,0.0,True,0.0,0.0
1767853744.582191,0,leader,auto,0.583681583404541,0.8884819149971008,0.9212104678153992,0.9,1,1,0.316318416595459,0.11151808500289917,0.07878953218460083,0,0,0,0,1.0,0,0,0,0,0,0,False,,,,,,,,,,,,,,,
1767853744.6826537,1,follower,auto,-0.04951898008584976,0.9078451991081238,0.8433828353881836,0.09999999999999998,1.0,1.0,0.14951898008584974,0.09215480089187622,0.1566171646118164,0,0,0,0,1.0,0,0,0,0,0,0,False,,,,,,,,,,,,,,,
1767853744.68401,0,follower,auto,0.5765319466590881,0.9020107388496399,0.9435290098190308,0.9,1,1,0.3234680533409119,0.09798926115036011,0.05647099018096924,-17.023290060002765,20,8.92943345713216,25,,,,,,,,True,27.0,-17.0,0.0,optimal,0,27.0,-17.0,1.606165087707629,-12258980.48603357,0.33240686703473815,True,0.0,True,0.0,0.0
1767853744.7857697,1,follower,auto,-0.05811052769422531,0.9020122289657593,0.8736963272094727,0.09999999999999998,1.0,1.0,0.1581105276942253,0.09798777103424072,0.12630367279052734,-0.9952134868439497,19.950607892288676,8.982612632429587,25,,,,,,,,True,20.0,-1.0,0.0,optimal,0,20.0,-1.0,1.0804184328176958,-142971.64593213995,0.7552266501517618,True,0.0,True,0.0,0.0
1767853744.9004636,0,leader,auto,0.5765319466590881,0.9020107388496399,0.9435290098190308,0.9,1,1,0.3234680533409119,0.09798926115036011,0.05647099018096924,0,0,0,0,1.0,0,0,0,0,0,0,False,,,,,,,,,,,,,,,
1767853745.000819,1,follower,auto,-0.05811052769422531,0.9020122289657593,0.8736963272094727,0.09999999999999998,1.0,1.0,0.1581105276942253,0.09798777103424072,0.12630367279052734,0,0,0,0,1.0,0,0,0,0,0,0,False,,,,,,,,,,,,,,,
1767853745.0023344,0,follower,auto,0.5817088484764099,0.9045660495758057,0.9656173586845398,0.9,1,1,0.3182911515235901,0.09543395042419434,0.034382641315460205,-12.015797303926695,20,8.94317416598677,25,,,,,,,,True,29.0,-12.0,0.0,optimal,0,29.0,-12.0,1.6764194264731977,-22130474.997475415,0.14487973394247405,True,0.0,True,0.0,0.0
1767853745.1040456,1,follower,auto,-0.087619848549366,0.8912555575370789,0.9260376691818237,0.09999999999999998,1.0,1.0,0.18761984854936598,0.10874444246292114,0.07396233081817627,-1.9794200456421513,19.988317212946388,9.936658250426051,25,,,,,,,,True,20.0,-2.0,0.0,optimal,0,20.0,-2.0,1.2312606717853423,-516027.7867471391,0.49726612794173464,True,0.0,True,0.0,0.0
1767853745.3131077,0,leader,auto,0.5817088484764099,0.9045660495758057,0.9656173586845398,0.9,1,1,0.3182911515235901,0.09543395042419434,0.034382641315460205,0,0,0,0,1.0,0,0,0,0,0,0,False,,,,,,,,,,,,,,,
1767853745.416097,1,follower,auto,-0.087619848549366,0.8912555575370789,0.9260376691818237,0.09999999999999998,1.0,1.0,0.18761984854936598,0.10874444246292114,0.07396233081817627,0,0,0,0,1.0,0,0,0,0,0,0,False,,,,,,,,,,,,,,,
1767853745.4176743,0,follower,auto,0.6014812588691711,0.892932653427124,0.9776725769042969,0.9,1,1,0.2985187411308289,0.10706734657287598,0.022327423095703125,-16.000229302409814,19.658755379782555,9.983024199874041,25,,,,,,,,True,20.560199600806317,-16.888212944772654,3.4416163545650202,optimal,0,24.0,-17.0,1.735295949305828,-36283789.85814399,0.0,True,0.0,True,0.0,0.0
1767853745.5210817,1,follower,auto,-0.15127168595790863,0.864777147769928,1.0021356344223022,0.09999999999999998,1.0,1.0,0.2512716859579086,0.13522285223007202,-0.002135634422302246,-15.950315027006893,19.073317300020808,12.869852513889908,25,,,,,,,,True,19.0,-16.0,0.0,optimal,0,19.0,-16.0,1.4692945871738403,-3868932.833264851,0.10288584737188217,True,0.0,True,0.0,0.0
1767853745.7023158,0,leader,auto,0.6014812588691711,0.892932653427124,0.9776725769042969,0.9,1,1,0.2985187411308289,0.10706734657287598,0.022327423095703125,0,0,0,0,1.0,0,0,0,0,0,0,False,,,,,,,,,,,,,,,
1767853745.8027046,1,follower,auto,-0.15127168595790863,0.864777147769928,1.0021356344223022,0.09999999999999998,1.0,1.0,0.2512716859579086,0.13522285223007202,-0.002135634422302246,0,0,0,0,1.0,0,0,0,0,0,0,False,,,,,,,,,,,,,,,
1767853745.8047788,0,follower,auto,0.6175258159637451,0.8618213534355164,0.9765816330909729,0.9,1,1,0.2824741840362549,0.13817864656448364,0.0234183669090271,-20,-0.3754999821286093,13.02712679078306,17,,,,,,,,True,0.0,-28.0,0.0,optimal,0,0.0,-28.0,1.7516314525632937,-41614661.42618666,0.1255814551849424,True,0.0,True,0.0,0.0
1767853745.9059086,1,follower,auto,-0.21046781539916992,0.8334791660308838,1.0573608875274658,0.09999999999999998,1.0,1.0,0.3104678153991699,0.1665208339691162,-0.05736088752746582,-20,19.114292767226445,15.860526993638407,17,,,,,,,,True,19.112018624375295,-30.0,26.112018624375295,infeasible,0,-7.0,-30.0,1.659669635319235,-19224739.772427924,-0.0037041250212594967,False,0.0,True,0.0,0.0
1767853746.0079293,0,leader,auto,0.6175258159637451,0.8618213534355164,0.9765816330909729,0.9,1,1,0.2824741840362549,0.13817864656448364,0.0234183669090271,0,0,0,0,1.0,0,0,0,0,0,0,False,,,,,,,,,,,,,,,
1767853746.108355,1,follower,auto,-0.21046781539916992,0.8334791660308838,1.0573608875274658,0.09999999999999998,1.0,1.0,0.3104678153991699,0.1665208339691162,-0.05736088752746582,0,0,0,0,1.0,0,0,0,0,0,0,False,,,,,,,,,,,,,,,
1767853746.1098855,0,follower,auto,0.6254645586013794,0.8364373445510864,0.9629323482513428,0.9,1,1,0.2745354413986206,0.16356265544891357,0.03706765174865723,20,9.617474562856534,16.067857520729675,8,,,,,,,,True,10.372710742725332,21.103665741360746,7.706725600590106,optimal,0,18.0,20.0,1.7213769696266064,-32282836.328110367,2.7755575615628914e-17,True,0.0,True,0.0,0.0
1767853746.2109582,1,follower,auto,-0.2416778802871704,0.8117783665657043,1.0884075164794922,0.09999999999999998,1.0,1.0,0.3416778802871704,0.18822163343429565,-0.08840751647949219,15.052937784632883,20,17.876517961015143,8,,,,,,,,True,30.0,15.0,0.0,optimal,0,30.0,15.0,1.771446636228648,-49140305.926542826,0.2192135223393329,True,0.0,True,0.0,0.0
1767853746.3167393,0,leader,auto,0.6254645586013794,0.8364373445510864,0.9629323482513428,0.9,1,1,0.2745354413986206,0.16356265544891357,0.03706765174865723,0,0,0,0,1.0,0,0,0,0,0,0,False,,,,,,,,,,,,,,,
1767853746.4172368,1,follower,auto,-0.2416778802871704,0.8117783665657043,1.0884075164794922,0.09999999999999998,1.0,1.0,0.3416778802871704,0.18822163343429565,-0.08840751647949219,0,0,0,0,1.0,0,0,0,0,0,0,False,,,,,,,,,,,,,,,
1767853746.4187298,0,follower,auto,0.6374700665473938,0.833223283290863,0.9318896532058716,0.9,1,1,0.2625299334526062,0.16677671670913696,0.06811034679412842,17.00981132793584,1.6141820857325135,16.114727159783357,3,,,,,,,,True,2.7791913897039286,17.934934178331805,20.600116694864315,optimal,0,23.0,14.0,1.6466760647019698,-17235552.609369654,6.938893903907228e-18,True,0.0,True,0.0,0.0
1767853746.519987,1,follower,auto,-0.2320377677679062,0.8149502873420715,1.101094365119934,0.09999999999999998,1.0,1.0,0.33203776776790617,0.18504971265792847,-0.10109436511993408,0.016452342283976514,20,17.891713851210426,3,,,,,,,,True,30.0,0.0,0.0,optimal,0,30.0,0.0,1.8073446916895173,-66398498.24688956,0.7603011105075245,True,0.0,True,0.0,0.0
1767853746.7303886,0,leader,auto,0.6374700665473938,0.833223283290863,0.9318896532058716,0.9,1,1,0.2625299334526062,0.16677671670913696,0.06811034679412842,0,0,0,0,1.0,0,0,0,0,0,0,False,,,,,,,,,,,,,,,
1767853746.8308115,1,follower,auto,-0.2320377677679062,0.8149502873420715,1.101094365119934,0.09999999999999998,1.0,1.0,0.33203776776790617,0.18504971265792847,-0.10109436511993408,0,0,0,0,1.0,0,0,0,0,0,0,False,,,,,,,,,,,,,,,
1767853746.832221,0,follower,auto,0.6485004425048828,0.8513968586921692,0.9333977103233337,0.9,1,1,0.2514995574951172,0.1486031413078308,0.06660228967666626,20,12.631913677704302,14.079887583150002,8,,,,,,,,True,13.0,22.0,0.0,optimal,0,13.0,22.0,1.6651818198892046,-20136314.963726163,0.0701432586086232,True,0.0,True,0.0,0.0
1767853746.933363,1,follower,auto,-0.18007256090641022,0.8202765583992004,1.0969438552856445,0.09999999999999998,1.0,1.0,0.2800725609064102,0.17972344160079956,-0.09694385528564453,12.00899272978671,20,16.925374210571334,8,,,,,,,,True,26.0,12.0,0.0,optimal,0,26.0,12.0,1.7726558041259701,-49641205.89906958,1.0304399660474366,True,0.0,True,0.0,0.0
1767853747.0931587,0,leader,auto,0.6485004425048828,0.8513968586921692,0.9333977103233337,0.9,1,1,0.2514995574951172,0.1486031413078308,0.06660228967666626,0,0,0,0,1.0,0,0,0,0,0,0,False,,,,,,,,,,,,,,,
1767853747.1935608,1,follower,auto,-0.18007256090641022,0.8202765583992004,1.0969438552856445,0.09999999999999998,1.0,1.0,0.2800725609064102,0.17972344160079956,-0.09694385528564453,0,0,0,0,1.0,0,0,0,0,0,0,False,,,,,,,,,,,,,,,
1767853747.1956327,0,follower,auto,0.6378380060195923,0.8746232986450195,0.9776526093482971,0.9,1,1,0.26216199398040774,0.12537670135498047,0.02234739065170288,20,2.6857094984507466,12.006744075862626,15,,,,,,,,True,3.0,26.0,0.0,optimal,0,3.0,26.0,1.7802945558368806,-52925464.38659832,0.5451405505319022,True,0.0,True,0.0,0.0
1767853747.2967105,1,follower,auto,-0.12811312079429626,0.82880699634552,1.1184759140014648,0.09999999999999998,1.0,1.0,0.22811312079429624,0.17119300365447998,-0.11847591400146484,19.007271156252525,15.901386845255367,16.91194289550039,15,,,,,,,,True,16.0,19.0,0.0,optimal,0,16.0,19.0,1.825877255922531,-77555256.62961398,0.9227507817615439,True,0.0,True,0.0,0.0
1767853747.4412103,0,leader,auto,0.6378380060195923,0.8746232986450195,0.9776526093482971,0.9,1,1,0.26216199398040774,0.12537670135498047,0.02234739065170288,0,0,0,0,1.0,0,0,0,0,0,0,False,,,,,,,,,,,,,,,
1767853747.5418313,1,follower,auto,-0.12811312079429626,0.82880699634552,1.1184759140014648,0.09999999999999998,1.0,1.0,0.22811312079429624,0.17119300365447998,-0.11847591400146484,0,0,0,0,1.0,0,0,0,0,0,0,False,,,,,,,,,,,,,,,
1767853747.5445065,0,follower,auto,0.6202678084373474,0.8886927962303162,1.040132999420166,0.9,1,1,0.2797321915626526,0.11130720376968384,-0.040132999420166016,-20,-0.27106699135136886,10.957634025051611,19,,,,,,,,True,0.0,-28.0,0.0,optimal,0,0.0,-28.0,1.946741810086627,-213308730.78075582,0.5886673653636305,True,0.0,True,0.0,0.0
1767853747.6460876,1,follower,auto,-0.08313250541687012,0.8454540371894836,1.1641325950622559,0.09999999999999998,1.0,1.0,0.1831325054168701,0.15454596281051636,-0.16413259506225586,-20,-13.122541231958726,14.881719356730141,19,,,,,,,,True,-13.0,-20.0,0.0,optimal,0,-13.0,-20.0,1.966248307405524,-251098061.02227855,0.5999833698776942,True,0.0,True,0.0,0.0
1767853747.8005865,0,leader,auto,0.6202678084373474,0.8886927962303162,1.040132999420166,0.9,1,1,0.2797321915626526,0.11130720376968384,-0.040132999420166016,0,0,0,0,1.0,0,0,0,0,0,0,False,,,,,,,,,,,,,,,
1767853747.9011114,1,follower,auto,-0.08313250541687012,0.8454540371894836,1.1641325950622559,0.09999999999999998,1.0,1.0,0.1831325054168701,0.15454596281051636,-0.16413259506225586,0,0,0,0,1.0,0,0,0,0,0,0,False,,,,,,,,,,,,,,,
1767853747.9033537,0,follower,auto,0.6054813861846924,0.893504798412323,1.0953576564788818,0.9,1,1,0.29451861381530764,0.106495201587677,-0.09535765647888184,-20,-11.248781613055563,9.953746005187755,17,,,,,,,,True,-11.0,-28.0,0.0,optimal,0,-11.0,-28.0,2.1017737611019265,-778764842.2377522,0.7573141447907096,True,0.0,True,0.0,0.0
1767853748.1045125,1,follower,auto,-0.048615869134664536,0.8689957857131958,1.2183643579483032,0.09999999999999998,1.0,1.0,0.1486158691346645,0.1310042142868042,-0.21836435794830322,-13.026738851409457,-20,12.860144920216369,17,,,,,,,,True,-22.0,-13.0,0.0,optimal,0,-22.0,-13.0,2.145139569398803,-1118136837.8882513,0.43998852536412203,True,0.0,True,0.0,0.0
1767853748.2114477,0,leader,auto,0.6054813861846924,0.893504798412323,1.0953576564788818,0.9,1,1,0.29451861381530764,0.106495201587677,-0.09535765647888184,0,0,0,0,1.0,0,0,0,0,0,0,False,,,,,,,,,,,,,,,
1767853748.4128811,1,follower,auto,-0.048615869134664536,0.8689957857131958,1.2183643579483032,0.09999999999999998,1.0,1.0,0.1486158691346645,0.1310042142868042,-0.21836435794830322,0,0,0,0,1.0,0,0,0,0,0,0,False,,,,,,,,,,,,,,,
1767853748.4160607,0,follower,auto,0.6140051484107971,0.8761403560638428,1.1242587566375732,0.9,1,1,0.2859948515892029,0.12385964393615723,-0.12425875663757324,8.023725502531308,20,11.992609822836615,7,,,,,,,,True,29.0,8.0,0.0,optimal,0,29.0,8.0,2.2052188307888003,-1844898719.3560123,0.3195359294844421,True,0.0,True,0.0,0.0
1767853748.5171344,1,follower,auto,0.018209105357527733,0.8908876776695251,1.263306975364685,0.09999999999999998,1.0,1.0,0.08179089464247224,0.10911232233047485,-0.26330697536468506,-15.044887449962289,20,9.85851437064003,7,,,,,,,,True,23.0,-15.0,0.0,optimal,0,23.0,-15.0,2.2995830608876755,-4047722867.9294987,1.1223959226618303,True,0.0,True,0.0,0.0
1767853748.6255984,0,leader,auto,0.6140051484107971,0.8761403560638428,1.1242587566375732,0.9,1,1,0.2859948515892029,0.12385964393615723,-0.12425875663757324,0,0,0,0,1.0,0,0,0,0,0,0,False,,,,,,,,,,,,,,,
1767853748.7260518,1,follower,auto,0.018209105357527733,0.8908876776695251,1.263306975364685,0.09999999999999998,1.0,1.0,0.08179089464247224,0.10911232233047485,-0.26330697536468506,0,0,0,0,1.0,0,0,0,0,0,0,False,,,,,,,,,,,,,,,
1767853748.728403,0,follower,auto,0.631071925163269,0.8606750965118408,1.1179695129394531,0.9,1,1,0.268928074836731,0.13932490348815918,-0.11796951293945312,-1.962867410766906,20,13.040605807807177,3,,,,,,,,True,29.0,-2.0,0.0,optimal,0,29.0,-2.0,2.2060771195308058,-1858138728.9739647,0.18191989525763402,True,0.0,True,0.0,0.0
1767853748.8296359,1,follower,auto,0.04310210421681404,0.8901676535606384,1.2427754402160645,0.09999999999999998,1.0,1.0,0.05689789578318594,0.10983234643936157,-0.24277544021606445,-20,12.848194946500367,9.94852563158271,3,,,,,,,,True,13.0,-21.0,0.0,optimal,0,13.0,-21.0,2.2291240264082144,-2251423907.743214,1.0223574471187349,True,0.0,True,0.0,0.0
1767853748.9465148,0,leader,auto,0.631071925163269,0.8606750965118408,1.1179695129394531,0.9,1,1,0.268928074836731,0.13932490348815918,-0.11796951293945312,0,0,0,0,1.0,0,0,0,0,0,0,False,,,,,,,,,,,,,,,
1767853749.0470974,1,follower,auto,0.04310210421681404,0.8901676535606384,1.2427754402160645,0.09999999999999998,1.0,1.0,0.05689789578318594,0.10983234643936157,-0.24277544021606445,0,0,0,0,1.0,0,0,0,0,0,0,False,,,,,,,,,,,,,,,
1767853749.0507493,0,follower,auto,0.6604349613189697,0.8567163348197937,1.1299540996551514,0.9,1,1,0.2395650386810303,0.1432836651802063,-0.12995409965515137,-6.9737798438631975,20,14.016889857443013,2,,,,,,,,True,26.0,-7.0,0.0,optimal,0,26.0,-7.0,2.282924705115024,-3523716013.305908,0.08029329540607749,True,0.0,True,0.0,0.0
1767853749.1522963,1,follower,auto,0.043152354657649994,0.8895934820175171,1.2145594358444214,0.09999999999999998,1.0,1.0,0.056847645342349984,0.11040651798248291,-0.2145594358444214,-19.016295198305464,8.904369665753158,11.000301160620443,2,,,,,,,,True,9.0,-19.0,0.0,optimal,0,9.0,-19.0,2.13157618475564,-998557402.0765778,0.7554232513595089,True,0.0,True,0.0,0.0
1767853749.2682211,0,leader,auto,0.6604349613189697,0.8567163348197937,1.1299540996551514,0.9,1,1,0.2395650386810303,0.1432836651802063,-0.12995409965515137,0,0,0,0,1.0,0,0,0,0,0,0,False,,,,,,,,,,,,,,,
1767853749.3686237,1,follower,auto,0.043152354657649994,0.8895934820175171,1.2145594358444214,0.09999999999999998,1.0,1.0,0.056847645342349984,0.11040651798248291,-0.2145594358444214,0,0,0,0,1.0,0,0,0,0,0,0,False,,,,,,,,,,,,,,,
1767853749.3711877,0,follower,auto,0.6954965591430664,0.8642774224281311,1.1614807844161987,0.9,1,1,0.20450344085693362,0.1357225775718689,-0.16148078441619873,-0.9932785579610908,20,12.960844117639017,6,,,,,,,,True,22.63520283987155,-1.9462442230897332,2.365408060378338,optimal,0,25.0,-2.0,2.434233860764112,-12400681592.252722,5.551115123125783e-17,True,0.0,True,0.0,0.0
1767853749.4727757,1,follower,auto,0.05017735809087753,0.8940985798835754,1.1761499643325806,0.09999999999999998,1.0,1.0,0.049822641909122445,0.10590142011642456,-0.17614996433258057,-12.018947348387245,12.920515851402675,10.05298549908602,6,,,,,,,,True,13.0,-12.0,0.0,optimal,0,13.0,-12.0,2.001996470197091,-338533510.71541256,0.7714446665142282,True,0.0,True,0.0,0.0
1767853749.6358588,0,leader,auto,0.6954965591430664,0.8642774224281311,1.1614807844161987,0.9,1,1,0.20450344085693362,0.1357225775718689,-0.16148078441619873,0,0,0,0,1.0,0,0,0,0,0,0,False,,,,,,,,,,,,,,,
1767853749.7362776,1,follower,auto,0.05017735809087753,0.8940985798835754,1.1761499643325806,0.09999999999999998,1.0,1.0,0.049822641909122445,0.10590142011642456,-0.17614996433258057,0,0,0,0,1.0,0,0,0,0,0,0,False,,,,,,,,,,,,,,,
1767853749.7386487,0,follower,auto,0.741872251033783,0.8675392866134644,1.195006012916565,0.9,1,1,0.15812774896621706,0.13246071338653564,-0.19500601291656494,-3.996097955138953,10.641716511963445,12.91814124007152,8,,,,,,,,True,11.330006404497446,-4.166398790749805,12.723569618984223,optimal,0,24.0,-3.0,2.6134198206772425,-54871818520.8168,2.7755575615628914e-17,True,0.0,True,0.0,0.0
1767853749.8399107,1,follower,auto,0.0688663199543953,0.8907607793807983,1.1330491304397583,0.09999999999999998,1.0,1.0,0.031133680045604684,0.10923922061920166,-0.1330491304397583,-7.007474137005569,10.918758935193537,10.098072907740486,8,,,,,,,,True,11.0,-7.0,0.0,optimal,0,11.0,-7.0,1.8615920324541118,-104602496.61854596,0.7438761047009931,True,0.0,True,0.0,0.0
1767853749.9573379,0,leader,auto,0.741872251033783,0.8675392866134644,1.195006012916565,0.9,1,1,0.15812774896621706,0.13246071338653564,-0.19500601291656494,0,0,0,0,1.0,0,0,0,0,0,0,False,,,,,,,,,,,,,,,
1767853750.0577338,1,follower,auto,0.0688663199543953,0.8907607793807983,1.1330491304397583,0.09999999999999998,1.0,1.0,0.031133680045604684,0.10923922061920166,-0.1330491304397583,0,0,0,0,1.0,0,0,0,0,0,0,False,,,,,,,,,,,,,,,
1767853750.060158,0,follower,auto,0.7953684329986572,0.8682501912117004,1.2074782848358154,0.9,1,1,0.1046315670013428,0.13174980878829956,-0.20747828483581543,-5.995978284904799,-2.384670549938489,12.920749778446933,11,,,,,,,,True,-2.7436314199130365,-6.088520659391538,26.066272458228568,infeasible,0,23.0,-2.0,2.7380930373965975,-154185421559.06293,-4.85722573273506e-17,False,0.0,True,0.0,0.0
1767853750.1627042,1,follower,auto,0.09398971498012543,0.8841376900672913,1.0960875749588013,0.09999999999999998,1.0,1.0,0.0060102850198745505,0.11586230993270874,-0.09608757495880127,-3.9976439899973157,7.918552517077422,11.114970963184419,11,,,,,,,,True,8.0,-4.0,0.0,optimal,0,8.0,-4.0,1.746329613459912,-39803942.91194146,0.7180207508144165,True,0.0,True,0.0,0.0
1767853750.2942147,0,leader,auto,0.7953684329986572,0.8682501912117004,1.2074782848358154,0.9,1,1,0.1046315670013428,0.13174980878829956,-0.20747828483581543,0,0,0,0,1.0,0,0,0,0,0,0,False,,,,,,,,,,,,,,,
1767853750.3953092,1,follower,auto,0.09398971498012543,0.8841376900672913,1.0960875749588013,0.09999999999999998,1.0,1.0,0.0060102850198745505,0.11586230993270874,-0.09608757495880127,0,0,0,0,1.0,0,0,0,0,0,0,False,,,,,,,,,,,,,,,
1767853750.3976834,0,follower,auto,0.8371092081069946,0.8669179677963257,1.2121992111206055,0.9,1,1,0.0628907918930054,0.13308203220367432,-0.21219921112060547,-4.997696607896519,7.623783298847256,12.922358575492316,12,,,,,,,,True,8.337487055199041,-5.644957374833817,12.935804327212887,infeasible,0,21.0,-3.0,2.8223779648595433,-309795551279.37,-2.7755575615628914e-17,False,0.0,True,0.0,0.0
1767853750.4987948,1,follower,auto,0.13092854619026184,0.8702991604804993,1.0646915435791016,0.09999999999999998,1.0,1.0,-0.030928546190261863,0.12970083951950073,-0.06469154357910156,-4.981274925791385,3.9020449873331473,12.121968279416675,12,,,,,,,,True,4.0,-5.0,0.0,optimal,0,4.0,-5.0,1.655401910755447,-18547345.49097551,0.7301319044808641,True,0.0,True,0.0,0.0
1767853750.603131,0,leader,auto,0.8371092081069946,0.8669179677963257,1.2121992111206055,0.9,1,1,0.0628907918930054,0.13308203220367432,-0.21219921112060547,0,0,0,0,1.0,0,0,0,0,0,0,False,,,,,,,,,,,,,,,
1767853750.7036035,1,follower,auto,0.13092854619026184,0.8702991604804993,1.0646915435791016,0.09999999999999998,1.0,1.0,-0.030928546190261863,0.12970083951950073,-0.06469154357910156,0,0,0,0,1.0,0,0,0,0,0,0,False,,,,,,,,,,,,,,,
1767853750.7059958,0,follower,auto,0.8700053691864014,0.8625270128250122,1.2058534622192383,0.9,1,1,0.029994630813598655,0.1374729871749878,-0.20585346221923828,-5.993606175776968,11.634156349932306,12.939534468838339,13,,,,,,,,True,12.91374761007473,-6.503393021479344,7.243974289763486,infeasible,0,20.0,-5.0,2.8568453769785287,-412029960529.84753,-5.551115123125783e-17,False,0.0,True,0.0,0.0
1767853750.8071337,1,follower,auto,0.1545095592737198,0.8639466166496277,1.0540565252304077,0.09999999999999998,1.0,1.0,-0.05450955927371981,0.13605338335037231,-0.054056525230407715,-6.98654847583865,1.9172308964766052,13.095159354369436,13,,,,,,,,True,2.0,-7.0,0.0,optimal,0,2.0,-7.0,1.6289648875181677,-14850734.776516797,0.6555289282307061,True,0.0,True,0.0,0.0
1767853750.9845362,0,leader,auto,0.8700053691864014,0.8625270128250122,1.2058534622192383,0.9,1,1,0.029994630813598655,0.1374729871749878,-0.20585346221923828,0,0,0,0,1.0,0,0,0,0,0,0,False,,,,,,,,,,,,,,,
1767853751.0849628,1,follower,auto,0.1545095592737198,0.8639466166496277,1.0540565252304077,0.09999999999999998,1.0,1.0,-0.05450955927371981,0.13605338335037231,-0.054056525230407715,0,0,0,0,1.0,0,0,0,0,0,0,False,,,,,,,,,,,,,,,
1767853751.088068,0,follower,auto,0.9203663468360901,0.86380934715271,1.2116278409957886,0.9,1,1,-0.020366346836090066,0.13619065284729004,-0.21162784099578857,-7.9981982631077315,0.6071227991387704,12.928826341446866,16,,,,,,,,True,1.7302079753962119,-8.826167519652062,18.666142036069388,optimal,0,20.0,-5.0,2.9667440784603145,-1022306103111.1871,3.8163916471489756e-17,True,0.0,True,0.0,0.0
1767853751.1899312,1,follower,auto,0.18269552290439606,0.8678050637245178,1.0571404695510864,0.09999999999999998,1.0,1.0,-0.08269552290439608,0.13219493627548218,-0.057140469551086426,-9.002325516944214,3.9241242287706433,13.070420318412959,16,,,,,,,,True,4.0,-9.0,0.0,optimal,0,4.0,-9.0,1.6480640960030883,-17437854.260537148,0.6716903623336019,True,0.0,True,0.0,0.0
1767853751.3153014,0,leader,auto,0.9203663468360901,0.86380934715271,1.2116278409957886,0.9,1,1,-0.020366346836090066,0.13619065284729004,-0.21162784099578857,0,0,0,0,1.0,0,0,0,0,0,0,False,,,,,,,,,,,,,,,
1767853751.4156954,1,follower,auto,0.18269552290439606,0.8678050637245178,1.0571404695510864,0.09999999999999998,1.0,1.0,-0.08269552290439608,0.13219493627548218,-0.057140469551086426,0,0,0,0,1.0,0,0,0,0,0,0,False,,,,,,,,,,,,,,,
1767853751.4227426,0,follower,auto,0.9421455264091492,0.8727985620498657,1.232745885848999,0.9,1,1,-0.04214552640914915,0.12720143795013428,-0.23274588584899902,-0.012838175493179237,-20,11.906568058436104,20,,,,,,,,True,-23.0,0.0,0.0,optimal,0,-23.0,0.0,3.080046497859405,-2606580328097.6,0.4947552968142898,True,0.0,True,0.0,0.0
1767853751.5259073,1,follower,auto,0.20805728435516357,0.8691108822822571,1.0781351327896118,0.09999999999999998,1.0,1.0,-0.1080572843551636,0.13088911771774292,-0.07813513278961182,8.999709299324428,-9.074548012949494,13.040143927326255,20,,,,,,,,True,-9.0,9.0,0.0,optimal,0,-9.0,9.0,1.723798330918131,-32945763.35588329,0.5851944545990792,True,0.0,True,0.0,0.0
1767853751.6906898,0,leader,auto,0.9421455264091492,0.8727985620498657,1.232745885848999,0.9,1,1,-0.04214552640914915,0.12720143795013428,-0.23274588584899902,0,0,0,0,1.0,0,0,0,0,0,0,False,,,,,,,,,,,,,,,
1767853751.7911522,1,follower,auto,0.20805728435516357,0.8691108822822571,1.0781351327896118,0.09999999999999998,1.0,1.0,-0.1080572843551636,0.13088911771774292,-0.07813513278961182,0,0,0,0,1.0,0,0,0,0,0,0,False,,,,,,,,,,,,,,,
1767853751.7934105,0,follower,auto,0.9433318376541138,0.884452760219574,1.2553504705429077,0.9,1,1,-0.04333183765411375,0.11554723978042603,-0.2553504705429077,-9.024500188767224,-20,10.902927216799554,24,,,,,,,,True,-24.0,-9.0,0.0,optimal,0,-24.0,-9.0,3.1611302303670947,-5090309526510.88,0.753211730599506,True,0.0,True,0.0,0.0
1767853751.8944232,1,follower,auto,0.23262779414653778,0.869145393371582,1.1123924255371094,0.09999999999999998,1.0,1.0,-0.1326277941465378,0.13085460662841797,-0.11239242553710938,5.005833752250217,-16.0825226664476,13.009440413352982,24,,,,,,,,True,-16.0,5.0,0.0,optimal,0,-16.0,5.0,1.8439250245389265,-90215067.66766883,0.49817799308672817,True,0.0,True,0.0,0.0
1767853752.0306227,0,leader,auto,0.9433318376541138,0.884452760219574,1.2553504705429077,0.9,1,1,-0.04333183765411375,0.11554723978042603,-0.2553504705429077,0,0,0,0,1.0,0,0,0,0,0,0,False,,,,,,,,,,,,,,,
1767853752.1310456,1,follower,auto,0.23262779414653778,0.869145393371582,1.1123924255371094,0.09999999999999998,1.0,1.0,-0.1326277941465378,0.13085460662841797,-0.11239242553710938,0,0,0,0,1.0,0,0,0,0,0,0,False,,,,,,,,,,,,,,,
1767853752.1332917,0,follower,auto,0.9323838353157043,0.8832406997680664,1.2530676126480103,0.9,1,1,-0.032383835315704323,0.1167593002319336,-0.25306761264801025,-12.01102803216556,-20,10.948859388384669,25,,,,,,,,True,-22.0,-12.0,0.0,optimal,0,-22.0,-12.0,3.1325856708734166,-4021955335378.683,0.9061294055513549,True,0.0,True,0.0,0.0
1767853752.234355,1,follower,auto,0.2516998052597046,0.8662552237510681,1.150905966758728,0.09999999999999998,1.0,1.0,-0.1516998052597046,0.13374477624893188,-0.15090596675872803,2.0105969111012048,-20,12.979200239669423,25,,,,,,,,True,-21.0,2.0,0.0,optimal,0,-21.0,2.0,1.9788433030473436,-278977168.47308934,0.43971014249835255,True,0.0,True,0.0,0.0
1767853752.3457575,0,leader,auto,0.9323838353157043,0.8832406997680664,1.2530676126480103,0.9,1,1,-0.032383835315704323,0.1167593002319336,-0.25306761264801025,0,0,0,0,1.0,0,0,0,0,0,0,False,,,,,,,,,,,,,,,
1767853752.446176,1,follower,auto,0.2516998052597046,0.8662552237510681,1.150905966758728,0.09999999999999998,1.0,1.0,-0.1516998052597046,0.13374477624893188,-0.15090596675872803,0,0,0,0,1.0,0,0,0,0,0,0,False,,,,,,,,,,,,,,,
1767853752.4482899,0,follower,auto,0.9368518590927124,0.8860180974006653,1.2305572032928467,0.9,1,1,-0.03685185909271238,0.11398190259933472,-0.23055720329284668,-10.007038300592242,-20,10.996354189024403,25,,,,,,,,True,-20.0,-10.0,0.0,optimal,0,-20.0,-10.0,3.0625196397542305,-2255357579991.956,0.774715048223275,True,0.0,True,0.0,0.0
1767853752.5493565,1,follower,auto,0.2699715495109558,0.8803739547729492,1.1602259874343872,0.09999999999999998,1.0,1.0,-0.16997154951095583,0.11962604522705078,-0.1602259874343872,3.98561984216829,-20,10.998683589128,25,,,,,,,,True,-22.0,4.0,0.0,optimal,0,-22.0,4.0,2.0192349668978324,-390974633.5987146,0.44587872064904177,True,0.0,True,0.0,0.0
1767853752.7475288,0,leader,auto,0.9368518590927124,0.8860180974006653,1.2305572032928467,0.9,1,1,-0.03685185909271238,0.11398190259933472,-0.23055720329284668,0,0,0,0,1.0,0,0,0,0,0,0,False,,,,,,,,,,,,,,,
1767853752.847955,1,follower,auto,0.2699715495109558,0.8803739547729492,1.1602259874343872,0.09999999999999998,1.0,1.0,-0.16997154951095583,0.11962604522705078,-0.1602259874343872,0,0,0,0,1.0,0,0,0,0,0,0,False,,,,,,,,,,,,,,,
1767853752.8502073,0,follower,auto,0.9564316272735596,0.8860504031181335,1.1754575967788696,0.9,1,1,-0.05643162727355955,0.11394959688186646,-0.17545759677886963,-1.9986937075133735,-18.29934358864641,11.062312712939391,22,,,,,,,,True,-18.0,-2.0,0.0,optimal,0,-18.0,-2.0,2.9119196162531744,-649756592438.7612,0.6364063451443369,True,0.0,True,0.0,0.0
1767853752.9517925,1,follower,auto,0.3046192228794098,0.892591655254364,1.1400271654129028,0.09999999999999998,1.0,1.0,-0.2046192228794098,0.10740834474563599,-0.14002716541290283,11.976833162175595,-20,10.03107464046101,22,,,,,,,,True,-21.0,12.0,0.0,optimal,0,-21.0,12.0,1.9724819742399364,-264530278.62531322,0.5328630762875963,True,0.0,True,0.0,0.0
1767853753.0566297,0,leader,auto,0.9564316272735596,0.8860504031181335,1.1754575967788696,0.9,1,1,-0.05643162727355955,0.11394959688186646,-0.17545759677886963,0,0,0,0,1.0,0,0,0,0,0,0,False,,,,,,,,,,,,,,,
1767853753.157148,1,follower,auto,0.3046192228794098,0.892591655254364,1.1400271654129028,0.09999999999999998,1.0,1.0,-0.2046192228794098,0.10740834474563599,-0.14002716541290283,0,0,0,0,1.0,0,0,0,0,0,0,False,,,,,,,,,,,,,,,
1767853753.1598325,0,follower,auto,0.9615016579627991,0.8768324255943298,1.1327171325683594,0.9,1,1,-0.06150165796279905,0.12316757440567017,-0.13271713256835938,3.019429601512086,-14.278690650372551,12.060239888272228,20,,,,,,,,True,-14.0,3.0,0.0,optimal,0,-14.0,3.0,2.780250673247457,-218596756919.90506,0.7001466088974357,True,0.0,True,0.0,0.0
1767853753.2615364,1,follower,auto,0.3314357101917267,0.8964687585830688,1.0927858352661133,0.09999999999999998,1.0,1.0,-0.2314357101917267,0.10353124141693115,-0.09278583526611328,19.980741736372405,-14.121343390853344,10.08115337863809,20,,,,,,,,True,-14.0,20.0,0.0,optimal,0,-14.0,20.0,1.8368163470146643,-84999460.113551,0.5893552715778172,True,0.0,True,0.0,0.0
1767853753.4647639,0,leader,auto,0.9615016579627991,0.8768324255943298,1.1327171325683594,0.9,1,1,-0.06150165796279905,0.12316757440567017,-0.13271713256835938,0,0,0,0,1.0,0,0,0,0,0,0,False,,,,,,,,,,,,,,,
1767853753.5652213,1,follower,auto,0.3314357101917267,0.8964687585830688,1.0927858352661133,0.09999999999999998,1.0,1.0,-0.2314357101917267,0.10353124141693115,-0.09278583526611328,0,0,0,0,1.0,0,0,0,0,0,0,False,,,,,,,,,,,,,,,
1767853753.5678375,0,follower,auto,0.9285910725593567,0.884594738483429,1.0865286588668823,0.9,1,1,-0.028591072559356667,0.11540526151657104,-0.08652865886688232,2.001044694686452,-8.204763124379172,11.048307892156107,18,,,,,,,,True,-8.0,2.0,0.0,optimal,0,-8.0,2.0,2.5693545654428847,-38073655500.76895,0.9247726089402786,True,0.0,True,0.0,0.0
1767853753.6689658,1,follower,auto,0.35237303376197815,0.9023816585540771,1.0079741477966309,0.09999999999999998,1.0,1.0,-0.25237303376197817,0.09761834144592285,-0.00797414779663086,20,-2.1353607780787764,9.159170290992398,18,,,,,,,,True,-2.0,25.0,0.0,optimal,0,-2.0,25.0,1.5881527853455952,-10534731.368583452,0.637657090322721,True,0.0,True,0.0,0.0
1767853753.7746773,0,leader,auto,0.9285910725593567,0.884594738483429,1.0865286588668823,0.9,1,1,-0.028591072559356667,0.11540526151657104,-0.08652865886688232,0,0,0,0,1.0,0,0,0,0,0,0,False,,,,,,,,,,,,,,,
1767853753.875148,1,follower,auto,0.35237303376197815,0.9023816585540771,1.0079741477966309,0.09999999999999998,1.0,1.0,-0.25237303376197817,0.09761834144592285,-0.00797414779663086,0,0,0,0,1.0,0,0,0,0,0,0,False,,,,,,,,,,,,,,,
1767853753.8772717,0,follower,auto,0.8950944542884827,0.89530348777771,1.0562442541122437,0.9,1,1,0.004905545711517356,0.10469651222229004,-0.05624425411224365,-1.0136524444507005,-5.179069446501927,10.017903138301511,20,,,,,,,,True,-5.0,-1.0,0.0,optimal,0,-5.0,-1.0,2.41309026055537,-10402685774.865181,0.9727342140273799,True,0.0,True,0.0,0.0
1767853753.9787893,1,follower,auto,0.34164273738861084,0.8995137810707092,0.9499455690383911,0.09999999999999998,1.0,1.0,-0.24164273738861086,0.10048621892929077,0.05005443096160889,20,-0.1024418117837136,10.155614675869268,20,,,,,,,,True,0.0,24.0,0.0,optimal,0,0.0,24.0,1.409061913184447,-2326432.6412343103,0.4994609596885415,True,0.0,True,0.0,0.0
1767853754.1422794,0,leader,auto,0.8950944542884827,0.89530348777771,1.0562442541122437,0.9,1,1,0.004905545711517356,0.10469651222229004,-0.05624425411224365,0,0,0,0,1.0,0,0,0,0,0,0,False,,,,,,,,,,,,,,,
1767853754.2430196,1,follower,auto,0.34164273738861084,0.8995137810707092,0.9499455690383911,0.09999999999999998,1.0,1.0,-0.24164273738861086,0.10048621892929077,0.05005443096160889,0,0,0,0,1.0,0,0,0,0,0,0,False,,,,,,,,,,,,,,,
1767853754.24538,0,follower,auto,0.8713083267211914,0.8826903700828552,1.0311237573623657,0.9,1,1,0.028691673278808616,0.11730962991714478,-0.031123757362365723,-2.9834039488341344,-2.199046956353723,10.996722933143895,20,,,,,,,,True,-2.0,-3.0,0.0,optimal,0,-2.0,-3.0,2.293518160573131,-3848498111.101344,0.8392535805033654,True,0.0,True,0.0,0.0
1767853754.346566,1,follower,auto,0.28789985179901123,0.8953802585601807,0.9032821655273438,0.09999999999999998,1.0,1.0,-0.18789985179901125,0.10461974143981934,0.09671783447265625,19.999994722932936,4.977080135445713,10.145780125436104,20,,,,,,,,True,5.0,20.0,0.0,optimal,0,5.0,20.0,1.242087160753004,-565700.5442803549,0.26100048341593496,True,0.0,True,0.0,0.0
1767853754.4656463,0,leader,auto,0.8713083267211914,0.8826903700828552,1.0311237573623657,0.9,1,1,0.028691673278808616,0.11730962991714478,-0.031123757362365723,0,0,0,0,1.0,0,0,0,0,0,0,False,,,,,,,,,,,,,,,
1767853754.5662217,1,follower,auto,0.28789985179901123,0.8953802585601807,0.9032821655273438,0.09999999999999998,1.0,1.0,-0.18789985179901125,0.10461974143981934,0.09671783447265625,0,0,0,0,1.0,0,0,0,0,0,0,False,,,,,,,,,,,,,,,
1767853754.5683365,0,follower,auto,0.8644249439239502,0.8744165897369385,1.0143885612487793,0.9,1,1,0.03557505607604983,0.12558341026306152,-0.014388561248779297,3.0206374188987635,1.7533573899110142,11.978600811866082,15,,,,,,,,True,2.0,3.0,0.0,optimal,0,2.0,3.0,2.230603198119072,-2279332937.2112026,0.6169222791887211,True,0.0,True,0.0,0.0
1767853754.6698394,1,follower,auto,0.22368434071540833,0.8906846046447754,0.8772208094596863,0.09999999999999998,1.0,1.0,-0.12368434071540835,0.10931539535522461,0.12277919054031372,-2.999318699499857,7.034437170106447,10.118073761456285,15,,,,,,,,True,7.277014261478989,-3.4450830860149946,21.759103933215794,optimal,0,-14.0,-8.0,1.1367718422900803,-231101.645676337,1.3877787807814457e-17,True,0.0,True,0.0,0.0
1767853754.7959979,0,leader,auto,0.8644249439239502,0.8744165897369385,1.0143885612487793,0.9,1,1,0.03557505607604983,0.12558341026306152,-0.014388561248779297,0,0,0,0,1.0,0,0,0,0,0,0,False,,,,,,,,,,,,,,,
1767853754.8968506,1,follower,auto,0.22368434071540833,0.8906846046447754,0.8772208094596863,0.09999999999999998,1.0,1.0,-0.12368434071540835,0.10931539535522461,0.12277919054031372,0,0,0,0,1.0,0,0,0,0,0,0,False,,,,,,,,,,,,,,,
1767853754.9036808,0,follower,auto,0.8580992817878723,0.8743106722831726,1.0082887411117554,0.9,1,1,0.04190071821212771,0.1256893277168274,-0.008288741111755371,1.0051087676503725,2.7281272302699087,11.959402189107882,6,,,,,,,,True,3.0,1.0,0.0,optimal,0,3.0,1.0,2.201269303969346,-1785176776.211277,0.5356272332358865,True,0.0,True,0.0,0.0
1767853755.006626,1,follower,auto,0.1757572889328003,0.8762960433959961,0.8674626350402832,0.09999999999999998,1.0,1.0,-0.07575728893280032,0.1237039566040039,0.1325373649597168,7.019549891334506,-5.9586304427271255,12.089581256029927,6,,,,,,,,True,-6.840737783199081,7.271187942919772,6.28907225602759,optimal,0,-13.0,6.0,1.0908446828443226,-156266.27343514265,2.7755575615628914e-17,True,0.0,True,0.0,0.0
1767853755.1897297,0,leader,auto,0.8580992817878723,0.8743106722831726,1.0082887411117554,0.9,1,1,0.04190071821212771,0.1256893277168274,-0.008288741111755371,0,0,0,0,1.0,0,0,0,0,0,0,False,,,,,,,,,,,,,,,
1767853755.2901933,1,follower,auto,0.1757572889328003,0.8762960433959961,0.8674626350402832,0.09999999999999998,1.0,1.0,-0.07575728893280032,0.1237039566040039,0.1325373649597168,0,0,0,0,1.0,0,0,0,0,0,0,False,,,,,,,,,,,,,,,
1767853755.2925074,0,follower,auto,0.8490100502967834,0.8566769957542419,1.0135984420776367,0.9,1,1,0.050989949703216575,0.14332300424575806,-0.013598442077636719,-1.9799085929686289,3.7178149720618725,13.931838334039494,-1,,,,,,,,True,4.0,-2.0,0.0,optimal,0,4.0,-2.0,2.2017983093647957,-1793062671.6337857,0.48170008916059043,True,0.0,True,0.0,0.0
1767853755.3935962,1,follower,auto,0.13936547935009003,0.8485591411590576,0.8539884686470032,0.09999999999999998,1.0,1.0,-0.03936547935009005,0.15144085884094238,0.14601153135299683,15.044473119909087,-0.9648598240460506,15.093143925940371,-1,,,,,,,,True,-1.0,15.0,0.0,optimal,0,-1.0,15.0,1.042707510063537,-103628.10867040808,0.19348152735443977,True,0.0,True,0.0,0.0
1767853755.5554578,0,leader,auto,0.8490100502967834,0.8566769957542419,1.0135984420776367,0.9,1,1,0.050989949703216575,0.14332300424575806,-0.013598442077636719,0,0,0,0,1.0,0,0,0,0,0,0,False,,,,,,,,,,,,,,,
1767853755.6559389,1,follower,auto,0.13936547935009003,0.8485591411590576,0.8539884686470032,0.09999999999999998,1.0,1.0,-0.03936547935009005,0.15144085884094238,0.14601153135299683,0,0,0,0,1.0,0,0,0,0,0,0,False,,,,,,,,,,,,,,,
1767853755.6573293,0,follower,auto,0.8530719876289368,0.8502606153488159,1.0118935108184814,0.9,1,1,0.046928012371063255,0.14973938465118408,-0.011893510818481445,-2.988640659293367,1.685084623503375,13.928746781836642,-7,,,,,,,,True,2.0,-3.0,0.0,optimal,0,2.0,-3.0,2.2035538041322185,-1819481933.2664657,0.3608610517019674,True,0.0,True,0.0,0.0
1767853755.8585184,1,follower,auto,0.10412664711475372,0.841271162033081,0.8379321098327637,0.09999999999999998,1.0,1.0,-0.004126647114753745,0.15872883796691895,0.16206789016723633,12.025277510385072,9.044884808479383,15.101127121649794,-7,,,,,,,,True,9.0,12.0,0.0,optimal,0,9.0,12.0,0.9909046891609108,-66554.61340247456,0.22514112408608472,True,0.0,True,0.0,0.0
1767853755.9985726,0,leader,auto,0.8530719876289368,0.8502606153488159,1.0118935108184814,0.9,1,1,0.046928012371063255,0.14973938465118408,-0.011893510818481445,0,0,0,0,1.0,0,0,0,0,0,0,False,,,,,,,,,,,,,,,
1767853756.0989854,1,follower,auto,0.10412664711475372,0.841271162033081,0.8379321098327637,0.09999999999999998,1.0,1.0,-0.004126647114753745,0.15872883796691895,0.16206789016723633,0,0,0,0,1.0,0,0,0,0,0,0,False,,,,,,,,,,,,,,,
1767853756.1006973,0,follower,auto,0.8428285121917725,0.8564739227294922,1.0143722295761108,0.8951939821243287,1.0,1.024030089378357,0.0523654699325562,0.1435260772705078,0.009657859802246094,-3.0212748121144872,2.6842141502969525,13.933313645032255,-10,,,,,,,,True,3.0,-3.0,0.0,optimal,0,3.0,-3.0,2.1936831506747176,-1675825341.5887702,0.3983998399002578,True,0.0,True,0.0,0.0
1767853756.201779,1,follower,auto,0.060482967644929886,0.8136488795280457,0.8617380857467651,0.09519398212432861,1.0,1.024030089378357,0.03471101447939873,0.18635112047195435,0.1622920036315918,6.059241176098691,15.06747449448068,18.042529810727423,-10,,,,,,,,True,15.0,6.0,0.0,optimal,0,15.0,6.0,1.047988803548402,-108408.12555396606,0.29198531777247205,True,0.0,True,0.0,0.0
1767853756.303878,0,leader,auto,0.8428285121917725,0.8564739227294922,1.0143722295761108,0.8951939821243287,1.0,1.024030089378357,0.0523654699325562,0.1435260772705078,0.009657859802246094,0,0,0,0,1.0,0,0,0,0,0,0,False,,,,,,,,,,,,,,,
1767853756.4042678,1,follower,auto,0.060482967644929886,0.8136488795280457,0.8617380857467651,0.09519398212432861,1.0,1.024030089378357,0.03471101447939873,0.18635112047195435,0.1622920036315918,0,0,0,0,1.0,0,0,0,0,0,0,False,,,,,,,,,,,,,,,
1767853756.4058595,0,follower,auto,0.8375200033187866,0.8596039414405823,1.0253349542617798,0.9020586872100831,1.0,0.989706563949585,0.06453868389129647,0.14039605855941772,-0.03562839031219478,-7.034672748175934,-1.326994054060487,13.926396575065615,-15,,,,,,,,True,-1.0,-7.0,0.0,optimal,0,-1.0,-7.0,2.218086478651886,-2053660994.691536,0.3991504509446463,True,0.0,True,0.0,0.0
1767853756.5068603,1,follower,auto,0.0338948629796505,0.7887886166572571,0.884819746017456,0.10205868721008304,1.0,0.989706563949585,0.06816382423043255,0.21121138334274292,0.10488681793212895,-3.926557234987585,11.057490380551991,20,-15,,,,,,,,True,11.0,-4.0,0.0,optimal,0,11.0,-4.0,1.1088745906962607,-182224.51400657478,0.21926853511470137,True,0.0,True,0.0,0.0
1767853756.615259,0,leader,auto,0.8375200033187866,0.8596039414405823,1.0253349542617798,0.9020586872100831,1.0,0.989706563949585,0.06453868389129647,0.14039605855941772,-0.03562839031219478,0,0,0,0,1.0,0,0,0,0,0,0,False,,,,,,,,,,,,,,,
1767853756.7157257,1,follower,auto,0.0338948629796505,0.7887886166572571,0.884819746017456,0.10205868721008304,1.0,0.989706563949585,0.06816382423043255,0.21121138334274292,0.10488681793212895,0,0,0,0,1.0,0,0,0,0,0,0,False,,,,,,,,,,,,,,,
1767853756.7171779,0,follower,auto,0.8326538801193237,0.8597307205200195,1.0359618663787842,0.9081595611572266,1.0,0.9592021942138672,0.0755056810379029,0.14026927947998047,-0.07675967216491697,1.9639265148855225,9.661272485517694,13.912406780508805,-24,,,,,,,,True,10.0,2.0,0.0,optimal,0,10.0,2.0,2.242491339047563,-2516553054.109561,0.15690958801194108,True,0.0,True,0.0,0.0
1767853756.8184607,1,follower,auto,0.004041067790240049,0.7777434587478638,0.8697066307067871,0.10815956115722658,1.0,0.9592021942138672,0.10411849336698653,0.22225654125213623,0.0894955635070801,13.061461647491166,3.0664235095997383,20,-24,,,,,,,,True,3.0951934522318068,13.82167128288721,4.176811356564213,optimal,0,-1.0,13.0,1.0661125844310242,-126545.93927664208,0.0,True,0.0,True,0.0,0.0
1767853757.0321748,0,leader,auto,0.8326538801193237,0.8597307205200195,1.0359618663787842,0.9081595611572266,1.0,0.9592021942138672,0.0755056810379029,0.14026927947998047,-0.07675967216491697,0,0,0,0,1.0,0,0,0,0,0,0,False,,,,,,,,,,,,,,,
1767853757.132568,1,follower,auto,0.004041067790240049,0.7777434587478638,0.8697066307067871,0.10815956115722658,1.0,0.9592021942138672,0.10411849336698653,0.22225654125213623,0.0894955635070801,0,0,0,0,1.0,0,0,0,0,0,0,False,,,,,,,,,,,,,,,
1767853757.2356112,0,follower,auto,0.830098032951355,0.837337851524353,1.0465757846832275,0.914393858909607,1.0,0.9280307054519653,0.08429582595825202,0.16266214847564697,-0.11854507923126223,-13.989665242880077,1.637668072062763,15.89402802890171,25,,,,,,,,True,2.0,-14.0,0.0,optimal,0,2.0,-14.0,2.2709594020782498,-3189670395.441596,0.20747127197629653,True,0.0,True,0.0,0.0
1767853765.5547793,1,follower,auto,-0.0469001941382885,0.7959364056587219,0.8387933373451233,0.11439385890960696,1.0,0.9280307054519653,0.16129405304789546,0.20406359434127808,0.08923736810684202,0.0025735934199421447,18.112847083934053,20,25,,,,,,,,True,18.0,0.0,0.0,optimal,0,18.0,0.0,0.9845672283299023,-63042.0885736693,0.05217055435358309,True,0.0,True,0.0,0.0
1767853765.7462099,0,leader,auto,0.830098032951355,0.837337851524353,1.0465757846832275,0.914393858909607,1.0,0.9280307054519653,0.08429582595825202,0.16266214847564697,-0.11854507923126223,0,0,0,0,1.0,0,0,0,0,0,0,False,,,,,,,,,,,,,,,
1767853765.8466077,1,follower,auto,-0.0469001941382885,0.7959364056587219,0.8387933373451233,0.11439385890960696,1.0,0.9280307054519653,0.16129405304789546,0.20406359434127808,0.08923736810684202,0,0,0,0,1.0,0,0,0,0,0,0,False,,,,,,,,,,,,,,,
1767853765.9505613,0,leader,auto,0.9156327247619629,0.03614085540175438,1.1572033166885376,1.0891188097000124,1.0,0.054405951499938876,0.1734860849380495,0.9638591445982456,-1.1027973651885987,0,0,0,0,1.0,0,0,0,0,0,0,False,,,,,,,,,,,,,,,
1767853766.0509844,1,follower,auto,-0.41994285583496094,0.05511666461825371,0.8473988771438599,0.2891188097000122,1.0,0.054405951499938876,0.7090616655349731,0.9448833353817463,-0.792992925643921,0,0,0,0,1.0,0,0,0,0,0,0,False,,,,,,,,,,,,,,,
1767853766.2884047,0,leader,auto,0.9156327247619629,0.03614085540175438,1.1572033166885376,1.094963278770447,1.0,0.025183606147766022,0.1793305540084842,0.9638591445982456,-1.1320197105407717,0,0,0,0,1.0,0,0,0,0,0,0,False,,,,,,,,,,,,,,,
1767853766.38906,1,follower,auto,-0.41985654830932617,0.05486074835062027,0.8476017117500305,0.29496327877044676,1.0,0.025183606147766022,0.714819827079773,0.9451392516493797,-0.8224181056022645,0,0,0,0,1.0,0,0,0,0,0,0,False,,,,,,,,,,,,,,,
1767853766.5346477,0,leader,auto,0.9156327247619629,0.03614085540175438,1.1572033166885376,1.0990504646301273,1.0,0.0047476768493651435,0.18341773986816445,0.9638591445982456,-1.1524556398391725,0,0,0,0,1.0,0,0,0,0,0,0,False,,,,,,,,,,,,,,,
1767853766.6350782,1,follower,auto,-0.41989409923553467,0.05519944056868553,0.8472093343734741,0.2990504646301269,1.0,0.0047476768493651435,0.7189445638656615,0.9448005594313145,-0.842461657524109,0,0,0,0,1.0,0,0,0,0,0,0,False,,,,,,,,,,,,,,,
1767853766.760489,0,leader,auto,0.9156327247619629,0.03614085540175438,1.1572033166885376,1.1058173704147343,1.0,-0.02908685207366953,0.19018464565277138,0.9638591445982456,-1.1862901687622072,0,0,0,0,1.0,0,0,0,0,0,0,False,,,,,,,,,,,,,,,
1767853766.862329,1,follower,auto,-0.41983354091644287,0.0547589436173439,0.8476887345314026,0.30581737041473384,1.0,-0.02908685207366953,0.7256509113311767,0.9452410563826561,-0.8767755866050722,0,0,0,0,1.0,0,0,0,0,0,0,False,,,,,,,,,,,,,,,
1767853766.9793553,0,leader,auto,0.9156327247619629,0.03614085540175438,1.1572033166885376,1.1107328462600712,1.0,-0.053664231300354095,0.1951001214981083,0.9638591445982456,-1.2108675479888917,0,0,0,0,1.0,0,0,0,0,0,0,False,,,,,,,,,,,,,,,
1767853767.0797381,1,follower,auto,-0.4198256731033325,0.0547596774995327,0.8476508855819702,0.31073284626007075,1.0,-0.053664231300354095,0.7305585193634032,0.9452403225004673,-0.9013151168823244,0,0,0,0,1.0,0,0,0,0,0,0,False,,,,,,,,,,,,,,,
1767853767.1850271,0,leader,auto,0.9156327247619629,0.03614085540175438,1.1572033166885376,1.1152865409851078,1.0,-0.0764327049255372,0.19965381622314493,0.9638591445982456,-1.2336360216140747,0,0,0,0,1.0,0,0,0,0,0,0,False,,,,,,,,,,,,,,,
1767853767.2854037,1,follower,auto,-0.4199213981628418,0.055326614528894424,0.8469939827919006,0.3152865409851074,1.0,-0.0764327049255372,0.7352079391479491,0.9446733854711056,-0.9234266877174379,0,0,0,0,1.0,0,0,0,0,0,0,False,,,,,,,,,,,,,,,
1767853767.4298003,0,leader,auto,0.9156327247619629,0.03614085540175438,1.1572033166885376,1.119624633789063,1.0,-0.0981231689453126,0.20399190902710007,0.9638591445982456,-1.2553264856338502,0,0,0,0,1.0,0,0,0,0,0,0,False,,,,,,,,,,,,,,,
1767853767.5302205,1,follower,auto,-0.41991788148880005,0.054685480892658234,0.847848117351532,0.3196246337890625,1.0,-0.0981231689453126,0.7395425152778625,0.9453145191073418,-0.9459712862968446,0,0,0,0,1.0,0,0,0,0,0,0,False,,,,,,,,,,,,,,,
1767853767.6832597,0,leader,auto,0.9156327247619629,0.03614085540175438,1.1572033166885376,1.1237436532974248,1.0,-0.11871826648712169,0.20811092853546187,0.9638591445982456,-1.2759215831756592,0,0,0,0,1.0,0,0,0,0,0,0,False,,,,,,,,,,,,,,,
1767853767.7836425,1,follower,auto,-0.4199443757534027,0.054703500121831894,0.8478226661682129,0.32374365329742427,1.0,-0.11871826648712169,0.743688029050827,0.9452964998781681,-0.9665409326553346,0,0,0,0,1.0,0,0,0,0,0,0,False,,,,,,,,,,,,,,,
1767853767.88629,0,leader,auto,0.9156327247619629,0.03614085540175438,1.1572033166885376,1.1286353778839116,1.0,-0.14317688941955578,0.21300265312194866,0.9638591445982456,-1.3003802061080934,0,0,0,0,1.0,0,0,0,0,0,0,False,,,,,,,,,,,,,,,
1767853767.9867017,1,follower,auto,-0.4199635982513428,0.05479247495532036,0.8477032780647278,0.32863537788391106,1.0,-0.14317688941955578,0.7485989761352538,0.9452075250446796,-0.9908801674842835,0,0,0,0,1.0,0,0,0,0,0,0,False,,,,,,,,,,,,,,,
1767853768.0914476,0,leader,auto,0.9156327247619629,0.03614085540175438,1.1572033166885376,1.1337020063400274,1.0,-0.1685100317001344,0.2180692815780645,0.9638591445982456,-1.325713348388672,0,0,0,0,1.0,0,0,0,0,0,0,False,,,,,,,,,,,,,,,
1767853768.19201,1,follower,auto,-0.41994935274124146,0.05553474649786949,0.8468344211578369,0.3337020063400268,1.0,-0.1685100317001344,0.7536513590812682,0.9444652535021305,-1.0153444528579714,0,0,0,0,1.0,0,0,0,0,0,0,False,,,,,,,,,,,,,,,
1767853768.2996738,0,leader,auto,0.9156327247619629,0.03614085540175438,1.1572033166885376,1.1377614784240728,1.0,-0.18880739212036146,0.22212875366210993,0.9638591445982456,-1.346010708808899,0,0,0,0,1.0,0,0,0,0,0,0,False,,,,,,,,,,,,,,,
1767853768.400304,1,follower,auto,-0.4199425280094147,0.05483250692486763,0.8477652072906494,0.33776147842407217,1.0,-0.18880739212036146,0.7577040064334868,0.9451674930751324,-1.0365725994110109,0,0,0,0,1.0,0,0,0,0,0,0,False,,,,,,,,,,,,,,,
