timestamp,drone_id,role,mode,x,y,z,target_x,target_y,target_z,error_x,error_y,error_z,rc_lr,rc_fb,rc_ud,rc_yaw,trust,obs_error_x,obs_error_y,obs_error_z,obs_state_x,obs_state_y,obs_state_z,cbf_fire_flag,rc_safe_x,rc_safe_z,rc_diff_norm,qp_status,active_constraint_id,rc_nom_x,rc_nom_z,h_x,HOh_x,h2_value,h2_satisfied,h3_value,h3_satisfied,velocity_diff_x,velocity_diff_y
1767766727.6653159,0,leader,manual,0.8494391441345215,0.036563847213983536,0.8360183835029602,0.9,1,1,0.05056085586547854,0.9634361527860165,0.1639816164970398,0,0,0,0,1.0,0,0,0,0,0,0,False,,,,,,,,,,,,,,,
1767766727.6655943,1,follower,manual,0.07521537691354752,0.04682687297463417,0.8693901300430298,0.1,1,1,0.02478462308645249,0.9531731270253658,0.13060986995697021,0,0,0,0,1.0,0,0,0,0,0,0,False,,,,,,,,,,,,,,,
1767766727.872913,0,leader,manual,0.849433183670044,0.03655419871211052,0.8360129594802856,0.9,1,1,0.05056681632995608,0.9634458012878895,0.16398704051971436,0,0,0,0,1.0,0,0,0,0,0,0,False,,,,,,,,,,,,,,,
1767766727.873151,1,follower,manual,0.07516635209321976,0.046897049993276596,0.8692658543586731,0.1,1,1,0.02483364790678025,0.9531029500067234,0.1307341456413269,0,0,0,0,1.0,0,0,0,0,0,0,False,,,,,,,,,,,,,,,
1767766728.0121398,0,leader,manual,0.8503730893135071,0.03547190874814987,0.837368369102478,0.9,1,1,0.04962691068649294,0.9645280912518501,0.16263163089752197,0,0,0,0,1.0,0,0,0,0,0,0,False,,,,,,,,,,,,,,,
1767766728.01219,1,follower,manual,0.07505858689546585,0.047171734273433685,0.8689001798629761,0.1,1,1,0.024941413104534155,0.9528282657265663,0.13109982013702393,0,0,0,0,1.0,0,0,0,0,0,0,False,,,,,,,,,,,,,,,
1767766728.2421489,0,leader,manual,0.8503624200820923,0.03551812842488289,0.8373722434043884,0.9,1,1,0.04963757991790774,0.9644818715751171,0.16262775659561157,0,0,0,0,1.0,0,0,0,0,0,0,False,,,,,,,,,,,,,,,
1767766728.242316,1,follower,manual,0.07514699548482895,0.04705289378762245,0.8691474199295044,0.1,1,1,0.024853004515171057,0.9529471062123775,0.1308525800704956,0,0,0,0,1.0,0,0,0,0,0,0,False,,,,,,,,,,,,,,,
1767766728.4486213,0,leader,manual,0.8503671884536743,0.03551961109042168,0.8373607993125916,0.9,1,1,0.049632811546325706,0.9644803889095783,0.16263920068740845,0,0,0,0,1.0,0,0,0,0,0,0,False,,,,,,,,,,,,,,,
1767766728.448852,1,follower,manual,0.07519858330488205,0.04693727567791939,0.8692881464958191,0.1,1,1,0.024801416695117956,0.9530627243220806,0.1307118535041809,0,0,0,0,1.0,0,0,0,0,0,0,False,,,,,,,,,,,,,,,
1767766728.6911163,0,leader,manual,0.8494471311569214,0.0365912951529026,0.835997462272644,0.9,1,1,0.050552868843078635,0.9634087048470974,0.16400253772735596,0,0,0,0,1.0,0,0,0,0,0,0,False,,,,,,,,,,,,,,,
1767766728.6914446,1,follower,manual,0.0751342847943306,0.04710129275918007,0.8690725564956665,0.1,1,1,0.02486571520566941,0.9528987072408199,0.1309274435043335,0,0,0,0,1.0,0,0,0,0,0,0,False,,,,,,,,,,,,,,,
1767766728.82295,0,leader,manual,0.8503663539886475,0.035520706325769424,0.8373628258705139,0.9,1,1,0.04963364601135256,0.9644792936742306,0.16263717412948608,0,0,0,0,1.0,0,0,0,0,0,0,False,,,,,,,,,,,,,,,
1767766728.8231504,1,follower,manual,0.07521025091409683,0.04691045731306076,0.8693291544914246,0.1,1,1,0.024789749085903173,0.9530895426869392,0.13067084550857544,0,0,0,0,1.0,0,0,0,0,0,0,False,,,,,,,,,,,,,,,
1767766729.0257945,0,leader,manual,0.8503769636154175,0.03546664118766785,0.8373703956604004,0.9,1,1,0.04962303638458254,0.9645333588123322,0.1626296043395996,0,0,0,0,1.0,0,0,0,0,0,0,False,,,,,,,,,,,,,,,
1767766729.0264604,1,follower,manual,0.0753195658326149,0.04656735062599182,0.8697293400764465,0.1,1,1,0.024680434167385107,0.9534326493740082,0.13027065992355347,0,0,0,0,1.0,0,0,0,0,0,0,False,,,,,,,,,,,,,,,
1767766729.2374296,0,leader,manual,0.8503814935684204,0.03546682745218277,0.8373717069625854,0.9,1,1,0.04961850643157961,0.9645331725478172,0.16262829303741455,0,0,0,0,1.0,0,0,0,0,0,0,False,,,,,,,,,,,,,,,
1767766729.2376618,1,follower,manual,0.07524584233760834,0.0467400923371315,0.86948561668396,0.1,1,1,0.024754157662391668,0.9532599076628685,0.13051438331604004,0,0,0,0,1.0,0,0,0,0,0,0,False,,,,,,,,,,,,,,,
1767766729.5192323,0,leader,manual,0.8494455814361572,0.036587588489055634,0.8360039591789246,0.9,1,1,0.050554418563842796,0.9634124115109444,0.16399604082107544,0,0,0,0,1.0,0,0,0,0,0,0,False,,,,,,,,,,,,,,,
1767766729.5194385,1,follower,manual,0.0752282664179802,0.04684540256857872,0.8693793416023254,0.1,1,1,0.02477173358201981,0.9531545974314213,0.13062065839767456,0,0,0,0,1.0,0,0,0,0,0,0,False,,,,,,,,,,,,,,,
1767766729.750866,0,leader,manual,0.8494607210159302,0.03654530644416809,0.8360071778297424,0.9,1,1,0.050539278984069846,0.9634546935558319,0.16399282217025757,0,0,0,0,1.0,0,0,0,0,0,0,False,,,,,,,,,,,,,,,
1767766729.751091,1,follower,manual,0.07523591071367264,0.04679499566555023,0.869432806968689,0.1,1,1,0.024764089286327368,0.9532050043344498,0.13056719303131104,0,0,0,0,1.0,0,0,0,0,0,0,False,,,,,,,,,,,,,,,
1767766729.9268837,0,leader,manual,0.8494536280632019,0.03657372295856476,0.8360031843185425,0.9,1,1,0.05054637193679812,0.9634262770414352,0.16399681568145752,0,0,0,0,1.0,0,0,0,0,0,0,False,,,,,,,,,,,,,,,
1767766729.9270427,1,follower,manual,0.07517566531896591,0.0469307117164135,0.8692536354064941,0.1,1,1,0.024824334681034094,0.9530692882835865,0.13074636459350586,0,0,0,0,1.0,0,0,0,0,0,0,False,,,,,,,,,,,,,,,
1767766730.149304,0,leader,manual,0.8503756523132324,0.035467471927404404,0.8373638391494751,0.9,1,1,0.0496243476867676,0.9645325280725956,0.1626361608505249,0,0,0,0,1.0,0,0,0,0,0,0,False,,,,,,,,,,,,,,,
1767766730.149467,1,follower,manual,0.07509307563304901,0.04709509387612343,0.8690268397331238,0.1,1,1,0.024906924366950994,0.9529049061238766,0.13097316026687622,0,0,0,0,1.0,0,0,0,0,0,0,False,,,,,,,,,,,,,,,
1767766730.355776,0,leader,manual,0.8494378328323364,0.03655848279595375,0.8360062837600708,0.9,1,1,0.050562167167663596,0.9634415172040462,0.1639937162399292,0,0,0,0,1.0,0,0,0,0,0,0,False,,,,,,,,,,,,,,,
1767766730.356038,1,follower,manual,0.07523903995752335,0.04676106572151184,0.8694674372673035,0.1,1,1,0.02476096004247666,0.9532389342784882,0.13053256273269653,0,0,0,0,1.0,0,0,0,0,0,0,False,,,,,,,,,,,,,,,
1767766730.5063012,0,leader,manual,0.8503491282463074,0.035513561218976974,0.8373555541038513,0.9,1,1,0.04965087175369265,0.964486438781023,0.16264444589614868,0,0,0,0,1.0,0,0,0,0,0,0,False,,,,,,,,,,,,,,,
1767766730.5064816,1,follower,manual,0.07530543208122253,0.046624671667814255,0.8696582913398743,0.1,1,1,0.02469456791877747,0.9533753283321857,0.13034170866012573,0,0,0,0,1.0,0,0,0,0,0,0,False,,,,,,,,,,,,,,,
1767766730.7088847,0,leader,manual,0.8503603935241699,0.03551749885082245,0.8373637199401855,0.9,1,1,0.0496396064758301,0.9644825011491776,0.16263628005981445,0,0,0,0,1.0,0,0,0,0,0,0,False,,,,,,,,,,,,,,,
1767766730.7091126,1,follower,manual,0.07519351691007614,0.04693995788693428,0.8692789673805237,0.1,1,1,0.024806483089923864,0.9530600421130657,0.13072103261947632,0,0,0,0,1.0,0,0,0,0,0,0,False,,,,,,,,,,,,,,,
1767766730.988435,0,leader,manual,0.8503652811050415,0.03551797196269035,0.8373604416847229,0.9,1,1,0.04963471889495852,0.9644820280373096,0.1626395583152771,0,0,0,0,1.0,0,0,0,0,0,0,False,,,,,,,,,,,,,,,
1767766730.9886737,1,follower,manual,0.07501711696386337,0.04735369607806206,0.8687279224395752,0.1,1,1,0.024982883036136633,0.9526463039219379,0.1312720775604248,0,0,0,0,1.0,0,0,0,0,0,0,False,,,,,,,,,,,,,,,
1767766731.12069,0,leader,manual,0.8503603935241699,0.03551203012466431,0.8373614549636841,0.9,1,1,0.0496396064758301,0.9644879698753357,0.16263854503631592,0,0,0,0,1.0,0,0,0,0,0,0,False,,,,,,,,,,,,,,,
1767766731.221167,1,follower,manual,0.07524728029966354,0.046816155314445496,0.8694370985031128,0.1,1,1,0.024752719700336462,0.9531838446855545,0.1305629014968872,0,0,0,0,1.0,0,0,0,0,0,0,False,,,,,,,,,,,,,,,
1767766731.3228855,0,leader,manual,0.8503780961036682,0.035483863204717636,0.8373644948005676,0.9,1,1,0.04962190389633181,0.9645161367952824,0.16263550519943237,0,0,0,0,1.0,0,0,0,0,0,0,False,,,,,,,,,,,,,,,
1767766731.423299,1,follower,manual,0.0751921758055687,0.046911146491765976,0.8692959547042847,0.1,1,1,0.02480782419443131,0.953088853508234,0.13070404529571533,0,0,0,0,1.0,0,0,0,0,0,0,False,,,,,,,,,,,,,,,
1767766731.5271306,0,leader,manual,0.8503783941268921,0.03548508509993553,0.8373714685440063,0.9,1,1,0.04962160587310793,0.9645149149000645,0.16262853145599365,0,0,0,0,1.0,0,0,0,0,0,0,False,,,,,,,,,,,,,,,
1767766731.628278,1,follower,manual,0.07514971494674683,0.04703439027070999,0.8691530227661133,0.1,1,1,0.02485028505325318,0.95296560972929,0.13084697723388672,0,0,0,0,1.0,0,0,0,0,0,0,False,,,,,,,,,,,,,,,
1767766731.7316873,0,leader,manual,0.8494505882263184,0.03659139573574066,0.8360022306442261,0.9,1,1,0.05054941177368166,0.9634086042642593,0.16399776935577393,0,0,0,0,1.0,0,0,0,0,0,0,False,,,,,,,,,,,,,,,
1767766731.8320875,1,follower,manual,0.07514017075300217,0.047048550099134445,0.8691279888153076,0.1,1,1,0.02485982924699784,0.9529514499008656,0.13087201118469238,0,0,0,0,1.0,0,0,0,0,0,0,False,,,,,,,,,,,,,,,
1767766731.936648,0,leader,manual,0.8494693636894226,0.036547813564538956,0.8360175490379333,0.9,1,1,0.050530636310577415,0.963452186435461,0.16398245096206665,0,0,0,0,1.0,0,0,0,0,0,0,False,,,,,,,,,,,,,,,
1767766732.0370066,1,follower,manual,0.07513852417469025,0.04703482612967491,0.8691322207450867,0.1,1,1,0.02486147582530976,0.9529651738703251,0.13086777925491333,0,0,0,0,1.0,0,0,0,0,0,0,False,,,,,,,,,,,,,,,
1767766732.1392963,0,leader,manual,0.8503601551055908,0.03551042824983597,0.837360143661499,0.9,1,1,0.0496398448944092,0.964489571750164,0.16263985633850098,0,0,0,0,1.0,0,0,0,0,0,0,False,,,,,,,,,,,,,,,
1767766732.2412157,1,follower,manual,0.07515999674797058,0.0470038466155529,0.8691747188568115,0.1,1,1,0.024840003252029424,0.9529961533844471,0.13082528114318848,0,0,0,0,1.0,0,0,0,0,0,0,False,,,,,,,,,,,,,,,
1767766732.3468902,0,leader,manual,0.8503569960594177,0.03550241142511368,0.8373529314994812,0.9,1,1,0.0496430039405823,0.9644975885748863,0.1626470685005188,0,0,0,0,1.0,0,0,0,0,0,0,False,,,,,,,,,,,,,,,
1767766732.4481351,1,follower,manual,0.0752832368016243,0.04668564349412918,0.86956387758255,0.1,1,1,0.024716763198375707,0.9533143565058708,0.13043612241744995,0,0,0,0,1.0,0,0,0,0,0,0,False,,,,,,,,,,,,,,,
1767766732.6299736,0,leader,manual,0.8503581285476685,0.03550635278224945,0.837348222732544,0.9,1,1,0.049641871452331565,0.9644936472177505,0.16265177726745605,0,0,0,0,1.0,0,0,0,0,0,0,False,,,,,,,,,,,,,,,
1767766732.7304494,1,follower,manual,0.07519263029098511,0.04691419005393982,0.8692654967308044,0.1,1,1,0.024807369709014898,0.9530858099460602,0.13073450326919556,0,0,0,0,1.0,0,0,0,0,0,0,False,,,,,,,,,,,,,,,
1767766732.83452,0,leader,manual,0.8494470715522766,0.03657972067594528,0.8360007405281067,0.9,1,1,0.05055292844772341,0.9634202793240547,0.1639992594718933,0,0,0,0,1.0,0,0,0,0,0,0,False,,,,,,,,,,,,,,,
1767766732.9349525,1,follower,manual,0.07531188428401947,0.04665156081318855,0.8696262836456299,0.1,1,1,0.024688115715980535,0.9533484391868114,0.13037371635437012,0,0,0,0,1.0,0,0,0,0,0,0,False,,,,,,,,,,,,,,,
1767766733.0380096,0,leader,manual,0.8503538370132446,0.035506222397089005,0.8373604416847229,0.9,1,1,0.04964616298675539,0.964493777602911,0.1626395583152771,0,0,0,0,1.0,0,0,0,0,0,0,False,,,,,,,,,,,,,,,
1767766733.1384795,1,follower,manual,0.07528197765350342,0.04669347405433655,0.8695634603500366,0.1,1,1,0.024718022346496588,0.9533065259456635,0.13043653964996338,0,0,0,0,1.0,0,0,0,0,0,0,False,,,,,,,,,,,,,,,
1767766733.2427092,0,leader,manual,0.8503640294075012,0.035514429211616516,0.837353527545929,0.9,1,1,0.0496359705924988,0.9644855707883835,0.16264647245407104,0,0,0,0,1.0,0,0,0,0,0,0,False,,,,,,,,,,,,,,,
1767766733.343213,1,follower,manual,0.07522912323474884,0.04682658985257149,0.8693955540657043,0.1,1,1,0.024770876765251165,0.9531734101474285,0.13060444593429565,0,0,0,0,1.0,0,0,0,0,0,0,False,,,,,,,,,,,,,,,
1767766733.4469156,0,leader,manual,0.8503522276878357,0.035504307597875595,0.8373582363128662,0.9,1,1,0.04964777231216433,0.9644956924021244,0.1626417636871338,0,0,0,0,1.0,0,0,0,0,0,0,False,,,,,,,,,,,,,,,
1767766733.5473027,1,follower,manual,0.07508081197738647,0.047144949436187744,0.8689661026000977,0.1,1,1,0.02491918802261353,0.9528550505638123,0.13103389739990234,0,0,0,0,1.0,0,0,0,0,0,0,False,,,,,,,,,,,,,,,
1767766733.6512742,0,leader,manual,0.8494437336921692,0.03657681494951248,0.8359985947608948,0.9,1,1,0.05055626630783083,0.9634231850504875,0.16400140523910522,0,0,0,0,1.0,0,0,0,0,0,0,False,,,,,,,,,,,,,,,
1767766733.752117,1,follower,manual,0.07517419010400772,0.04694043844938278,0.8692269921302795,0.1,1,1,0.024825809895992285,0.9530595615506172,0.13077300786972046,0,0,0,0,1.0,0,0,0,0,0,0,False,,,,,,,,,,,,,,,
1767766733.9544268,0,leader,manual,0.8503558039665222,0.03550774231553078,0.8373547196388245,0.9,1,1,0.049644196033477805,0.9644922576844692,0.16264528036117554,0,0,0,0,1.0,0,0,0,0,0,0,False,,,,,,,,,,,,,,,
1767766734.0548263,1,follower,manual,0.07525057345628738,0.04676932841539383,0.8694632649421692,0.1,1,1,0.02474942654371262,0.9532306715846062,0.1305367350578308,0,0,0,0,1.0,0,0,0,0,0,0,False,,,,,,,,,,,,,,,
1767766734.1686873,0,leader,manual,0.8503559827804565,0.035507649183273315,0.837347149848938,0.9,1,1,0.04964401721954348,0.9644923508167267,0.162652850151062,0,0,0,0,1.0,0,0,0,0,0,0,False,,,,,,,,,,,,,,,
1767766734.2690551,1,follower,manual,0.07524080574512482,0.04681553691625595,0.869422972202301,0.1,1,1,0.02475919425487519,0.953184463083744,0.13057702779769897,0,0,0,0,1.0,0,0,0,0,0,0,False,,,,,,,,,,,,,,,
1767766734.439546,0,leader,manual,0.8503631353378296,0.03547978401184082,0.837368369102478,0.9,1,1,0.04963686466217043,0.9645202159881592,0.16263163089752197,0,0,0,0,1.0,0,0,0,0,0,0,False,,,,,,,,,,,,,,,
1767766734.5401654,1,follower,manual,0.07523224502801895,0.04681476205587387,0.8694091439247131,0.1,1,1,0.024767754971981054,0.9531852379441261,0.13059085607528687,0,0,0,0,1.0,0,0,0,0,0,0,False,,,,,,,,,,,,,,,
1767766734.6739564,0,leader,manual,0.8503632545471191,0.03551263362169266,0.8373596668243408,0.9,1,1,0.04963674545288088,0.9644873663783073,0.16264033317565918,0,0,0,0,1.0,0,0,0,0,0,0,False,,,,,,,,,,,,,,,
1767766734.774571,1,follower,manual,0.07525720447301865,0.04678718373179436,0.8694623708724976,0.1,1,1,0.02474279552698136,0.9532128162682056,0.13053762912750244,0,0,0,0,1.0,0,0,0,0,0,0,False,,,,,,,,,,,,,,,
1767766734.933039,0,leader,manual,0.8494486212730408,0.036579545587301254,0.8360021114349365,0.9,1,1,0.05055137872695925,0.9634204544126987,0.16399788856506348,0,0,0,0,1.0,0,0,0,0,0,0,False,,,,,,,,,,,,,,,
1767766735.033439,1,follower,manual,0.07514933496713638,0.0470135398209095,0.8691555857658386,0.1,1,1,0.024850665032863622,0.9529864601790905,0.13084441423416138,0,0,0,0,1.0,0,0,0,0,0,0,False,,,,,,,,,,,,,,,
1767766735.1432984,0,leader,manual,0.8494671583175659,0.036551494151353836,0.8360053896903992,0.9,1,1,0.050532841682434104,0.9634485058486462,0.16399461030960083,0,0,0,0,1.0,0,0,0,0,0,0,False,,,,,,,,,,,,,,,
1767766735.2444532,1,follower,manual,0.07520850747823715,0.04689722880721092,0.8693074584007263,0.1,1,1,0.024791492521762853,0.9531027711927891,0.13069254159927368,0,0,0,0,1.0,0,0,0,0,0,0,False,,,,,,,,,,,,,,,
1767766735.34683,0,leader,manual,0.8494490385055542,0.036573756486177444,0.8359948396682739,0.9,1,1,0.05055096149444582,0.9634262435138226,0.16400516033172607,0,0,0,0,1.0,0,0,0,0,0,0,False,,,,,,,,,,,,,,,
1767766735.4472275,1,follower,manual,0.07514119148254395,0.04702574387192726,0.8691155314445496,0.1,1,1,0.02485880851745606,0.9529742561280727,0.13088446855545044,0,0,0,0,1.0,0,0,0,0,0,0,False,,,,,,,,,,,,,,,
1767766735.6534646,0,leader,manual,0.8494523167610168,0.03656623139977455,0.8360041975975037,0.9,1,1,0.050547683238983177,0.9634337686002254,0.16399580240249634,0,0,0,0,1.0,0,0,0,0,0,0,False,,,,,,,,,,,,,,,
1767766735.7539287,1,follower,manual,0.07521715760231018,0.046854954212903976,0.8693586587905884,0.1,1,1,0.024782842397689825,0.953145045787096,0.13064134120941162,0,0,0,0,1.0,0,0,0,0,0,0,False,,,,,,,,,,,,,,,
1767766735.9174013,0,leader,manual,0.8503644466400146,0.035502783954143524,0.8373557925224304,0.9,1,1,0.049635553359985374,0.9644972160458565,0.16264420747756958,0,0,0,0,1.0,0,0,0,0,0,0,False,,,,,,,,,,,,,,,
1767766736.0178728,1,follower,manual,0.07495090365409851,0.047471050173044205,0.8685330748558044,0.1,1,1,0.025049096345901495,0.9525289498269558,0.13146692514419556,0,0,0,0,1.0,0,0,0,0,0,0,False,,,,,,,,,,,,,,,
1767766736.1209211,0,leader,manual,0.8503816723823547,0.03547138720750809,0.8373737335205078,0.9,1,1,0.049618327617645286,0.9645286127924919,0.1626262664794922,0,0,0,0,1.0,0,0,0,0,0,0,False,,,,,,,,,,,,,,,
1767766736.2212958,1,follower,manual,0.07521221041679382,0.04688674956560135,0.8693246841430664,0.1,1,1,0.024787789583206182,0.9531132504343987,0.1306753158569336,0,0,0,0,1.0,0,0,0,0,0,0,False,,,,,,,,,,,,,,,
1767766736.326262,0,leader,manual,0.8503782153129578,0.0354757159948349,0.8373708724975586,0.9,1,1,0.04962178468704226,0.9645242840051651,0.1626291275024414,0,0,0,0,1.0,0,0,0,0,0,0,False,,,,,,,,,,,,,,,
1767766736.4267104,1,follower,manual,0.07508151978254318,0.047169413417577744,0.8689491152763367,0.1,1,1,0.024918480217456823,0.9528305865824223,0.13105088472366333,0,0,0,0,1.0,0,0,0,0,0,0,False,,,,,,,,,,,,,,,
1767766736.5301511,0,leader,manual,0.8503747582435608,0.03546679764986038,0.8373708128929138,0.9,1,1,0.04962524175643923,0.9645332023501396,0.16262918710708618,0,0,0,0,1.0,0,0,0,0,0,0,False,,,,,,,,,,,,,,,
1767766736.6305857,1,follower,manual,0.0752246305346489,0.04683054983615875,0.8693642020225525,0.1,1,1,0.02477536946535111,0.9531694501638412,0.1306357979774475,0,0,0,0,1.0,0,0,0,0,0,0,False,,,,,,,,,,,,,,,
1767766736.7352464,0,leader,manual,0.8494482040405273,0.03656607121229172,0.8360046744346619,0.9,1,1,0.05055179595947268,0.9634339287877083,0.16399532556533813,0,0,0,0,1.0,0,0,0,0,0,0,False,,,,,,,,,,,,,,,
1767766736.8356414,1,follower,manual,0.07505112886428833,0.04722354933619499,0.8688525557518005,0.1,1,1,0.024948871135711675,0.952776450663805,0.13114744424819946,0,0,0,0,1.0,0,0,0,0,0,0,False,,,,,,,,,,,,,,,
1767766736.9391463,0,leader,manual,0.850365936756134,0.03550167754292488,0.8373563289642334,0.9,1,1,0.04963406324386599,0.9644983224570751,0.1626436710357666,0,0,0,0,1.0,0,0,0,0,0,0,False,,,,,,,,,,,,,,,
1767766737.0396287,1,follower,manual,0.07505422830581665,0.0472276546061039,0.8688560724258423,0.1,1,1,0.024945771694183355,0.9527723453938961,0.13114392757415771,0,0,0,0,1.0,0,0,0,0,0,0,False,,,,,,,,,,,,,,,
1767766737.1441805,0,leader,manual,0.850359320640564,0.03550618141889572,0.8373620510101318,0.9,1,1,0.04964067935943606,0.9644938185811043,0.16263794898986816,0,0,0,0,1.0,0,0,0,0,0,0,False,,,,,,,,,,,,,,,
1767766737.2446363,1,follower,manual,0.07513630390167236,0.04704834893345833,0.8690966367721558,0.1,1,1,0.024863696098327642,0.9529516510665417,0.13090336322784424,0,0,0,0,1.0,0,0,0,0,0,0,False,,,,,,,,,,,,,,,
1767766737.3477612,0,leader,manual,0.8494501709938049,0.03658229485154152,0.8360090851783752,0.9,1,1,0.05054982900619509,0.9634177051484585,0.16399091482162476,0,0,0,0,1.0,0,0,0,0,0,0,False,,,,,,,,,,,,,,,
1767766737.4481735,1,follower,manual,0.07527345418930054,0.04675300419330597,0.8694966435432434,0.1,1,1,0.02472654581069947,0.953246995806694,0.1305033564567566,0,0,0,0,1.0,0,0,0,0,0,0,False,,,,,,,,,,,,,,,
1767766737.5535192,0,leader,manual,0.8494448661804199,0.03658080846071243,0.8359997868537903,0.9,1,1,0.0505551338195801,0.9634191915392876,0.16400021314620972,0,0,0,0,1.0,0,0,0,0,0,0,False,,,,,,,,,,,,,,,
1767766737.6539898,1,follower,manual,0.07508661597967148,0.04717175289988518,0.8689476847648621,0.1,1,1,0.024913384020328527,0.9528282471001148,0.13105231523513794,0,0,0,0,1.0,0,0,0,0,0,0,False,,,,,,,,,,,,,,,
1767766737.8119323,0,leader,manual,0.8503538966178894,0.03551704064011574,0.837353527545929,0.9,1,1,0.04964610338211062,0.9644829593598843,0.16264647245407104,0,0,0,0,1.0,0,0,0,0,0,0,False,,,,,,,,,,,,,,,
1767766737.912329,1,follower,manual,0.07510873675346375,0.047110870480537415,0.8690185546875,0.1,1,1,0.02489126324653626,0.9528891295194626,0.1309814453125,0,0,0,0,1.0,0,0,0,0,0,0,False,,,,,,,,,,,,,,,
1767766743.023122,0,leader,manual,0.8494740128517151,0.03655221313238144,0.8360056281089783,0.9,1,1,0.050525987148284934,0.9634477868676186,0.16399437189102173,0,0,0,0,1.0,0,0,0,0,0,0,False,,,,,,,,,,,,,,,
1767766743.1235707,1,follower,manual,0.07518169283866882,0.046949613839387894,0.8692317008972168,0.1,1,1,0.024818307161331182,0.9530503861606121,0.1307682991027832,0,0,0,0,1.0,0,0,0,0,0,0,False,,,,,,,,,,,,,,,
1767766743.226321,0,follower,auto,0.8414962291717529,0.8275195956230164,0.7380349636077881,0.9,1,1,0.05850377082824709,0.17248040437698364,0.2619650363922119,20,8.670022999271751,17.04051752448082,-1,,,,,,,,True,9.0,25.0,0.0,optimal,0,9.0,25.0,1.7508464748256165,2.444284597574945,0.28956738207290134,True,0.0,True,0.0,0.0
1767766743.3281004,1,follower,auto,0.05583670362830162,0.8675020337104797,0.8345052599906921,0.09999999999999998,1.0,1.0,0.04416329637169836,0.13249796628952026,0.16549474000930786,14.983207376003266,5.99397700072825,12.95948247551918,-1,,,,,,,,True,6.0,15.0,0.0,optimal,0,6.0,15.0,1.2940220264148996,1.6603688106042431,0.4322368405739423,True,0.0,True,0.0,0.0
1767766743.730592,0,leader,auto,0.8414962291717529,0.8275195956230164,0.7380349636077881,0.9,1,1,0.05850377082824709,0.17248040437698364,0.2619650363922119,0,0,0,0,1.0,0,0,0,0,0,0,False,,,,,,,,,,,,,,,
1767766743.8309648,1,follower,auto,0.05583670362830162,0.8675020337104797,0.8345052599906921,0.09999999999999998,1.0,1.0,0.04416329637169836,0.13249796628952026,0.16549474000930786,0,0,0,0,1.0,0,0,0,0,0,0,False,,,,,,,,,,,,,,,
1767766743.833505,0,follower,auto,0.8561769127845764,0.8540991544723511,0.7568511366844177,0.9,1,1,0.043823087215423606,0.14590084552764893,0.24314886331558228,20,6.650076393187046,14.0080027282238,-1,,,,,,,,True,7.0,23.0,0.0,optimal,0,7.0,23.0,1.822713685770241,2.658018887400248,0.24368221381951174,True,0.0,True,0.0,0.0
1767766743.9345884,1,follower,auto,0.06706751883029938,0.8884735107421875,0.8323537707328796,0.09999999999999998,1.0,1.0,0.0329324811697006,0.1115264892578125,0.16764622926712036,15.959138709306718,4.98127511830628,10.97099977016449,-1,,,,,,,,True,5.0,16.0,0.0,optimal,0,5.0,16.0,1.2896646224681754,1.6661954101623142,0.47967315825610374,True,0.0,True,0.0,0.0
1767766744.0488853,0,leader,auto,0.8561769127845764,0.8540991544723511,0.7568511366844177,0.9,1,1,0.043823087215423606,0.14590084552764893,0.24314886331558228,0,0,0,0,1.0,0,0,0,0,0,0,False,,,,,,,,,,,,,,,
1767766744.149313,1,follower,auto,0.06706751883029938,0.8884735107421875,0.8323537707328796,0.09999999999999998,1.0,1.0,0.0329324811697006,0.1115264892578125,0.16764622926712036,0,0,0,0,1.0,0,0,0,0,0,0,False,,,,,,,,,,,,,,,
1767766744.1516542,0,follower,auto,0.8605841398239136,0.8807175159454346,0.7899314761161804,0.9,1,1,0.03941586017608645,0.11928248405456543,0.21006852388381958,19.967177413821222,5.659569344937801,10.97282202398777,-1,,,,,,,,True,6.0,20.0,0.0,optimal,0,6.0,20.0,1.9145282747917334,3.0778561903880024,0.27232756073143616,True,0.0,True,0.0,0.0
1767766744.2527516,1,follower,auto,0.07646925747394562,0.9063451886177063,0.8413975834846497,0.09999999999999998,1.0,1.0,0.02353074252605436,0.0936548113822937,0.15860241651535034,14.958790845036507,3.9772368117496373,8.967802293777465,-1,,,,,,,,True,4.0,15.0,0.0,optimal,0,4.0,15.0,1.3151950243170742,1.8477935238838434,0.5085425290232974,True,0.0,True,0.0,0.0
1767766744.3639553,0,leader,auto,0.8605841398239136,0.8807175159454346,0.7899314761161804,0.9,1,1,0.03941586017608645,0.11928248405456543,0.21006852388381958,0,0,0,0,1.0,0,0,0,0,0,0,False,,,,,,,,,,,,,,,
1767766744.4643373,1,follower,auto,0.07646925747394562,0.9063451886177063,0.8413975834846497,0.09999999999999998,1.0,1.0,0.02353074252605436,0.0936548113822937,0.15860241651535034,0,0,0,0,1.0,0,0,0,0,0,0,False,,,,,,,,,,,,,,,
1767766744.4664383,0,follower,auto,0.8658637404441833,0.9074411392211914,0.8319658637046814,0.9,1,1,0.03413625955581667,0.0925588607788086,0.1680341362953186,15.960008534705638,4.661919109290839,8.942735192763806,-1,,,,,,,,True,5.0,16.0,0.0,optimal,0,5.0,16.0,2.0338530790905502,3.301128737600273,0.2504399367292336,True,0.0,True,0.0,0.0
1767766744.5676734,1,follower,auto,0.08467832952737808,0.9235272407531738,0.8565769195556641,0.09999999999999998,1.0,1.0,0.015321670472621896,0.07647275924682617,0.14342308044433594,13.962460791933536,2.9769270101465284,6.967362810754776,-1,,,,,,,,True,3.0,14.0,0.0,optimal,0,3.0,14.0,1.3574713581626818,1.9803958670279582,0.49585297610175605,True,0.0,True,0.0,0.0
1767766744.6697333,0,leader,auto,0.8658637404441833,0.9074411392211914,0.8319658637046814,0.9,1,1,0.03413625955581667,0.0925588607788086,0.1680341362953186,0,0,0,0,1.0,0,0,0,0,0,0,False,,,,,,,,,,,,,,,
1767766744.7701843,1,follower,auto,0.08467832952737808,0.9235272407531738,0.8565769195556641,0.09999999999999998,1.0,1.0,0.015321670472621896,0.07647275924682617,0.14342308044433594,0,0,0,0,1.0,0,0,0,0,0,0,False,,,,,,,,,,,,,,,
1767766744.7723012,0,follower,auto,0.8706004619598389,0.9262664318084717,0.8745889067649841,0.9,1,1,0.029399538040161155,0.07373356819152832,0.12541109323501587,11.967820414577723,3.665149707322121,6.928563662644625,-1,,,,,,,,True,4.0,12.0,0.0,optimal,0,4.0,12.0,2.1574398269660393,3.37635440374979,0.2593726218792053,True,0.0,True,0.0,0.0
1767766744.8734035,1,follower,auto,0.09467875212430954,0.9395154118537903,0.8806582689285278,0.09999999999999998,1.0,1.0,0.005321247875690438,0.06048458814620972,0.11934173107147217,10.96505541916728,0.9727353269272297,5.96041820394516,-1,,,,,,,,True,1.0,11.0,0.0,optimal,0,1.0,11.0,1.4251813216645355,2.1619823432336123,0.49570355389468584,True,0.0,True,0.0,0.0
1767766744.9782822,0,leader,auto,0.8706004619598389,0.9262664318084717,0.8745889067649841,0.9,1,1,0.029399538040161155,0.07373356819152832,0.12541109323501587,0,0,0,0,1.0,0,0,0,0,0,0,False,,,,,,,,,,,,,,,
1767766745.078793,1,follower,auto,0.09467875212430954,0.9395154118537903,0.8806582689285278,0.09999999999999998,1.0,1.0,0.005321247875690438,0.06048458814620972,0.11934173107147217,0,0,0,0,1.0,0,0,0,0,0,0,False,,,,,,,,,,,,,,,
1767766745.0865738,0,follower,auto,0.8689603805541992,0.936703085899353,0.9186815023422241,0.9,1,1,0.031039619445800803,0.06329691410064697,0.08131849765777588,6.982721025787234,2.679543935529828,5.917962952815413,-1,,,,,,,,True,3.0,7.0,0.0,optimal,0,3.0,7.0,2.277749348060889,3.321337259899837,0.3483048797650187,True,0.0,True,0.0,0.0
1767766745.1895583,1,follower,auto,0.10745177417993546,0.953832745552063,0.9084797501564026,0.09999999999999998,1.0,1.0,-0.0074517741799354775,0.04616725444793701,0.09152024984359741,8.965951699721932,-0.0374059304740056,3.9581198703870775,-1,,,,,,,,True,0.0,9.0,0.0,optimal,0,0.0,9.0,1.505361090375058,2.268645281081761,0.5300743600039599,True,0.0,True,0.0,0.0
1767766745.3801582,0,leader,auto,0.8689603805541992,0.936703085899353,0.9186815023422241,0.9,1,1,0.031039619445800803,0.06329691410064697,0.08131849765777588,0,0,0,0,1.0,0,0,0,0,0,0,False,,,,,,,,,,,,,,,
1767766745.4805758,1,follower,auto,0.10745177417993546,0.953832745552063,0.9084797501564026,0.09999999999999998,1.0,1.0,-0.0074517741799354775,0.04616725444793701,0.09152024984359741,0,0,0,0,1.0,0,0,0,0,0,0,False,,,,,,,,,,,,,,,
1767766745.4829526,0,follower,auto,0.857506275177002,0.9421931505203247,0.963956892490387,0.9,1,1,0.04249372482299807,0.05780684947967529,0.03604310750961304,2.9961719612605693,3.7048563598163247,4.910058037269986,-1,,,,,,,,True,4.0,3.0,0.0,optimal,0,4.0,3.0,2.388486795038047,3.126797350505297,0.4495460474646286,True,0.0,True,0.0,0.0
1767766745.5840855,1,follower,auto,0.12086561322212219,0.9670299887657166,0.9411728978157043,0.09999999999999998,1.0,1.0,-0.020865613222122215,0.03297001123428345,0.058827102184295654,5.964883848520553,-1.0498842227174647,2.954526452053356,-1,,,,,,,,True,-1.0,6.0,0.0,optimal,0,-1.0,6.0,1.6015878178580742,2.2628733863781716,0.537390467302267,True,0.0,True,0.0,0.0
1767766745.69285,0,leader,auto,0.857506275177002,0.9421931505203247,0.963956892490387,0.9,1,1,0.04249372482299807,0.05780684947967529,0.03604310750961304,0,0,0,0,1.0,0,0,0,0,0,0,False,,,,,,,,,,,,,,,
1767766745.7932796,1,follower,auto,0.12086561322212219,0.9670299887657166,0.9411728978157043,0.09999999999999998,1.0,1.0,-0.020865613222122215,0.03297001123428345,0.058827102184295654,0,0,0,0,1.0,0,0,0,0,0,0,False,,,,,,,,,,,,,,,
1767766745.795559,0,follower,auto,0.8439528942108154,0.9507195353507996,0.9882897734642029,0.9,1,1,0.05604710578918459,0.04928046464920044,0.01171022653579712,-0.005683434476634263,4.7222707254459655,3.936090245911144,-1,,,,,,,,True,5.0,0.0,0.0,optimal,0,5.0,0.0,2.4372629374449404,2.8460068352271173,0.529172962420166,True,0.0,True,0.0,0.0
1767766745.8967164,1,follower,auto,0.1318572610616684,0.9729520678520203,0.9665313959121704,0.09999999999999998,1.0,1.0,-0.03185726106166842,0.027047932147979736,0.03346860408782959,2.9757951128758298,-2.057751300576741,1.9606739632573031,-1,,,,,,,,True,-2.0,3.0,0.0,optimal,0,-2.0,3.0,1.6781006724907839,2.262521790794438,0.5595566573254399,True,0.0,True,0.0,0.0
1767766746.0016096,0,leader,auto,0.8439528942108154,0.9507195353507996,0.9882897734642029,0.9,1,1,0.05604710578918459,0.04928046464920044,0.01171022653579712,0,0,0,0,1.0,0,0,0,0,0,0,False,,,,,,,,,,,,,,,
1767766746.102065,1,follower,auto,0.1318572610616684,0.9729520678520203,0.9665313959121704,0.09999999999999998,1.0,1.0,-0.03185726106166842,0.027047932147979736,0.03346860408782959,0,0,0,0,1.0,0,0,0,0,0,0,False,,,,,,,,,,,,,,,
1767766746.1041276,0,follower,auto,0.8321733474731445,0.9594060778617859,1.002727746963501,0.9,1,1,0.06782665252685549,0.04059392213821411,-0.0027277469635009766,-1.0072313250512421,5.731298376314944,3.9582977572288103,-1,,,,,,,,True,6.0,-1.0,0.0,optimal,0,6.0,-1.0,2.460703161738659,2.6849686431443796,0.5438227530131304,True,0.0,True,0.0,0.0
1767766746.2051938,1,follower,auto,0.14181829988956451,0.978977620601654,0.9858729243278503,0.09999999999999998,1.0,1.0,-0.041818299889564536,0.021022379398345947,0.014127075672149658,0.9797275885426195,-3.06485122888786,1.9681693331088514,-1,,,,,,,,True,-3.0,1.0,0.0,optimal,0,-3.0,1.0,1.737930777434164,2.1578701397977134,0.569585543346103,True,0.0,True,0.0,0.0
1767766746.334266,0,leader,auto,0.8321733474731445,0.9594060778617859,1.002727746963501,0.9,1,1,0.06782665252685549,0.04059392213821411,-0.0027277469635009766,0,0,0,0,1.0,0,0,0,0,0,0,False,,,,,,,,,,,,,,,
1767766746.4346755,1,follower,auto,0.14181829988956451,0.978977620601654,0.9858729243278503,0.09999999999999998,1.0,1.0,-0.041818299889564536,0.021022379398345947,0.014127075672149658,0,0,0,0,1.0,0,0,0,0,0,0,False,,,,,,,,,,,,,,,
1767766746.4366899,0,follower,auto,0.8156043887138367,0.9675350785255432,1.0083725452423096,0.9,1,1,0.08439561128616335,0.03246492147445679,-0.00837254524230957,-1.007505629462318,7.749251503972145,2.979678611850917,-1,,,,,,,,True,8.0,-1.0,0.0,optimal,0,8.0,-1.0,2.4503982541300346,2.486106643303142,0.592554054964294,True,0.0,True,0.0,0.0
1767766746.5376909,1,follower,auto,0.15370050072669983,0.9850882291793823,1.0016535520553589,0.09999999999999998,1.0,1.0,-0.05370050072669985,0.014911770820617676,-0.0016535520553588867,-0.01868739913454078,-5.078612044762082,0.971265478482422,-1,,,,,,,,True,-5.0,0.0,0.0,optimal,0,-5.0,0.0,1.7885872343241147,2.0888252862945165,0.5910891304895605,True,0.0,True,0.0,0.0
1767766746.7272193,0,leader,auto,0.8156043887138367,0.9675350785255432,1.0083725452423096,0.9,1,1,0.08439561128616335,0.03246492147445679,-0.00837254524230957,0,0,0,0,1.0,0,0,0,0,0,0,False,,,,,,,,,,,,,,,
1767766746.8278937,1,follower,auto,0.15370050072669983,0.9850882291793823,1.0016535520553589,0.09999999999999998,1.0,1.0,-0.05370050072669985,0.014911770820617676,-0.0016535520553588867,0,0,0,0,1.0,0,0,0,0,0,0,False,,,,,,,,,,,,,,,
1767766746.8302085,0,follower,auto,0.7992474436759949,0.9761622548103333,1.0051251649856567,0.9,1,1,0.10075255632400515,0.023837745189666748,-0.005125164985656738,-1.012182704687809,8.762170461603382,1.9995302593994675,-1,,,,,,,,True,9.0,-1.0,0.0,optimal,0,9.0,-1.0,2.4141982384957132,2.3375953702974717,0.5960686338023342,True,0.0,True,0.0,0.0
1767766746.931607,1,follower,auto,0.16445070505142212,0.9836644530296326,1.0067641735076904,0.09999999999999998,1.0,1.0,-0.06445070505142214,0.01633554697036743,-0.00676417350769043,-0.004751488061399528,-6.089114130541834,0.983405283793979,-1,,,,,,,,True,-6.0,0.0,0.0,optimal,0,-6.0,0.0,1.8073823089582233,1.8876950183924508,0.5959233975692351,True,0.0,True,0.0,0.0
1767766747.0447836,0,leader,auto,0.7992474436759949,0.9761622548103333,1.0051251649856567,0.9,1,1,0.10075255632400515,0.023837745189666748,-0.005125164985656738,0,0,0,0,1.0,0,0,0,0,0,0,False,,,,,,,,,,,,,,,
1767766747.1451628,1,follower,auto,0.16445070505142212,0.9836644530296326,1.0067641735076904,0.09999999999999998,1.0,1.0,-0.06445070505142214,0.01633554697036743,-0.00676417350769043,0,0,0,0,1.0,0,0,0,0,0,0,False,,,,,,,,,,,,,,,
1767766747.146695,0,follower,auto,0.7925879955291748,0.9794660806655884,0.9985206127166748,0.9,1,1,0.10741200447082522,0.02053391933441162,0.0014793872833251953,-1.009800641322343,9.756430545803422,2.0099410158481756,-1,,,,,,,,True,10.0,-1.0,0.0,optimal,0,10.0,-1.0,2.383759757393714,2.3093814198499,0.5533147395025244,True,0.0,True,0.0,0.0
1767766747.2483132,1,follower,auto,0.17212159931659698,0.9769952893257141,1.003203272819519,0.09999999999999998,1.0,1.0,-0.07212159931659701,0.02300471067428589,-0.003203272819519043,0.008960709186896303,-7.090988068594084,1.9977481178358714,-1,,,,,,,,True,-7.0,0.0,0.0,optimal,0,-7.0,0.0,1.7992459243666163,1.728029592687639,0.5957486447562778,True,0.0,True,0.0,0.0
1767766747.3544328,0,leader,auto,0.7925879955291748,0.9794660806655884,0.9985206127166748,0.9,1,1,0.10741200447082522,0.02053391933441162,0.0014793872833251953,0,0,0,0,1.0,0,0,0,0,0,0,False,,,,,,,,,,,,,,,
1767766747.4548962,1,follower,auto,0.17212159931659698,0.9769952893257141,1.003203272819519,0.09999999999999998,1.0,1.0,-0.07212159931659701,0.02300471067428589,-0.003203272819519043,0,0,0,0,1.0,0,0,0,0,0,0,False,,,,,,,,,,,,,,,
1767766747.4563081,0,follower,auto,0.7964808344841003,0.9784185886383057,0.9902464151382446,0.9,1,1,0.10351916551589968,0.021581411361694336,0.009753584861755371,-0.004513203198971885,9.738951727407132,2.0162624251272248,-1,,,,,,,,True,10.0,0.0,0.0,optimal,0,10.0,0.0,2.3652160975328784,2.391109081404536,0.4671543945682466,True,0.0,True,0.0,0.0
1767766747.5579426,1,follower,auto,0.17445410788059235,0.9707896113395691,0.9984479546546936,0.09999999999999998,1.0,1.0,-0.07445410788059237,0.029210388660430908,0.0015520453453063965,1.0134002177752568,-7.082362922118171,2.0024615048144914,-1,,,,,,,,True,-7.0,1.0,0.0,optimal,0,-7.0,1.0,1.7857805085652478,1.7046721901967594,0.5531309146762519,True,0.0,True,0.0,0.0
1767766747.7374473,0,leader,auto,0.7964808344841003,0.9784185886383057,0.9902464151382446,0.9,1,1,0.10351916551589968,0.021581411361694336,0.009753584861755371,0,0,0,0,1.0,0,0,0,0,0,0,False,,,,,,,,,,,,,,,
1767766747.8382363,1,follower,auto,0.17445410788059235,0.9707896113395691,0.9984479546546936,0.09999999999999998,1.0,1.0,-0.07445410788059237,0.029210388660430908,0.0015520453453063965,0,0,0,0,1.0,0,0,0,0,0,0,False,,,,,,,,,,,,,,,
1767766747.8399634,0,follower,auto,0.8151202201843262,0.9704530239105225,0.9843305945396423,0.8943974542617799,1.0,1.0280127286911012,0.07927723407745368,0.02954697608947754,0.04368213415145883,3.007810965926867,7.706315279530571,2.013989991647779,-1,,,,,,,,True,8.0,3.0,0.0,optimal,0,8.0,3.0,2.3776582872397527,2.647259182730373,0.36290895040607996,True,0.0,True,0.0,0.0
1767766747.9410715,1,follower,auto,0.17164407670497894,0.9660888910293579,0.9907370805740356,0.09439745426177981,1.0,1.0280127286911012,-0.07724662244319913,0.03391110897064209,0.03727564811706552,4.010814657593891,-7.064483624644894,3.008796822630604,-1,,,,,,,,True,-7.0,4.0,0.0,optimal,0,-7.0,4.0,1.7617587324663033,1.7233625112495263,0.4850824114595948,True,0.0,True,0.0,0.0
1767766748.0699668,0,leader,auto,0.8151202201843262,0.9704530239105225,0.9843305945396423,0.8943974542617799,1.0,1.0280127286911012,0.07927723407745368,0.02954697608947754,0.04368213415145883,0,0,0,0,1.0,0,0,0,0,0,0,False,,,,,,,,,,,,,,,
1767766748.170495,1,follower,auto,0.17164407670497894,0.9660888910293579,0.9907370805740356,0.09439745426177981,1.0,1.0280127286911012,-0.07724662244319913,0.03391110897064209,0.03727564811706552,0,0,0,0,1.0,0,0,0,0,0,0,False,,,,,,,,,,,,,,,
1767766748.1735647,0,follower,auto,0.832309365272522,0.9627100229263306,0.9871572852134705,0.9020586824417115,1.0,0.9897065877914429,0.06974931716918953,0.037289977073669434,0.0025493025779724787,0.013311399624175203,5.690995495744671,2.9997386536308466,-1,,,,,,,,True,6.0,0.0,0.0,optimal,0,6.0,0.0,2.414375670483848,2.7318130702373513,0.33934691578555887,True,0.0,True,0.0,0.0
1767766748.2753348,1,follower,auto,0.16488374769687653,0.9642863273620605,0.9869441986083984,0.10205868244171146,1.0,0.9897065877914429,-0.06282506525516507,0.03571367263793945,0.0027623891830445,1.0043036988929288,-6.046786307539886,3.008314791680348,-1,,,,,,,,True,-6.0,1.0,0.0,optimal,0,-6.0,1.0,1.7481897000297393,1.6773115823333182,0.4273267602240136,True,0.0,True,0.0,0.0
1767766748.3779724,0,leader,auto,0.832309365272522,0.9627100229263306,0.9871572852134705,0.9020586824417115,1.0,0.9897065877914429,0.06974931716918953,0.037289977073669434,0.0025493025779724787,0,0,0,0,1.0,0,0,0,0,0,0,False,,,,,,,,,,,,,,,
1767766748.4783127,1,follower,auto,0.16488374769687653,0.9642863273620605,0.9869441986083984,0.10205868244171146,1.0,0.9897065877914429,-0.06282506525516507,0.03571367263793945,0.0027623891830445,0,0,0,0,1.0,0,0,0,0,0,0,False,,,,,,,,,,,,,,,
1767766748.480685,0,follower,auto,0.8415507078170776,0.9589328169822693,0.9919008016586304,0.9087446403503419,1.0,0.956276798248291,0.06719393253326422,0.04106718301773071,-0.03562400341033933,-3.990178070543579,5.691687454500236,3.9904615039023263,-1,,,,,,,,True,6.0,-4.0,0.0,optimal,0,6.0,-4.0,2.4439755958170886,2.6230525884645646,0.370756911925654,True,0.0,True,0.0,0.0
1767766748.5817876,1,follower,auto,0.15568706393241882,0.961951494216919,0.9835433959960938,0.10874464035034181,1.0,0.956276798248291,-0.04694242358207701,0.038048505783081055,-0.027266597747802712,-1.9968362306488938,-4.033680968101724,3.0102627102616344,-1,,,,,,,,True,-4.0,-2.0,0.0,optimal,0,-4.0,-2.0,1.7351394696795197,1.5881213999931088,0.3951892409392546,True,0.0,True,0.0,0.0
1767766748.6849148,0,leader,auto,0.8415507078170776,0.9589328169822693,0.9919008016586304,0.9087446403503419,1.0,0.956276798248291,0.06719393253326422,0.04106718301773071,-0.03562400341033933,0,0,0,0,1.0,0,0,0,0,0,0,False,,,,,,,,,,,,,,,
1767766748.7853756,1,follower,auto,0.15568706393241882,0.961951494216919,0.9835433959960938,0.10874464035034181,1.0,0.956276798248291,-0.04694242358207701,0.038048505783081055,-0.027266597747802712,0,0,0,0,1.0,0,0,0,0,0,0,False,,,,,,,,,,,,,,,
1767766748.787292,0,follower,auto,0.8478108048439026,0.9573913812637329,0.9962868094444275,0.9148733997344971,1.0,0.9256330013275147,0.06706259489059452,0.04260861873626709,-0.0706538081169128,-6.994996619247905,4.690124637996685,3.986196191382185,-1,,,,,,,,True,5.0,-7.0,0.0,optimal,0,5.0,-7.0,2.4676573769274506,2.5115386850842496,0.3822285925758761,True,0.0,True,0.0,0.0
1767766748.8889735,1,follower,auto,0.1432567685842514,0.9585698246955872,0.9808846116065979,0.11487339973449706,1.0,0.9256330013275147,-0.028383368849754342,0.04143017530441284,-0.05525161027908321,-4.994904558507603,-3.0201482421922394,4.011844771387664,-1,,,,,,,,True,-3.0,-5.0,0.0,optimal,0,-3.0,-5.0,1.7235417346384259,1.5113891719565922,0.3457498946562226,True,0.0,True,0.0,0.0
1767766749.0076203,0,leader,auto,0.8478108048439026,0.9573913812637329,0.9962868094444275,0.9148733997344971,1.0,0.9256330013275147,0.06706259489059452,0.04260861873626709,-0.0706538081169128,0,0,0,0,1.0,0,0,0,0,0,0,False,,,,,,,,,,,,,,,
1767766749.1080108,1,follower,auto,0.1432567685842514,0.9585698246955872,0.9808846116065979,0.11487339973449706,1.0,0.9256330013275147,-0.028383368849754342,0.04143017530441284,-0.05525161027908321,0,0,0,0,1.0,0,0,0,0,0,0,False,,,,,,,,,,,,,,,
1767766749.1103275,0,follower,auto,0.8566200733184814,0.9538722634315491,0.9960524439811707,0.9210180234909058,1.0,0.8949098825454712,0.06439795017242433,0.04612773656845093,-0.10114256143569944,-9.994874302513454,4.680171169464448,3.9902166254734324,-1,,,,,,,,True,5.0,-10.0,0.0,optimal,0,5.0,-10.0,2.4819708651541945,2.3804838410156175,0.3313675395654518,True,0.0,True,0.0,0.0
1767766749.2116199,1,follower,auto,0.131523996591568,0.952298641204834,0.9772948026657104,0.12101802349090574,1.0,0.8949098825454712,-0.010505973100662258,0.047701358795166016,-0.08238492012023924,-7.989760271146298,-2.010694636290303,4.014014123106744,-1,,,,,,,,True,-2.0,-8.0,0.0,optimal,0,-2.0,-8.0,1.7096984956625392,1.4103499801099757,0.33602650218909175,True,0.0,True,0.0,0.0
1767766749.3178785,0,leader,auto,0.8566200733184814,0.9538722634315491,0.9960524439811707,0.9210180234909058,1.0,0.8949098825454712,0.06439795017242433,0.04612773656845093,-0.10114256143569944,0,0,0,0,1.0,0,0,0,0,0,0,False,,,,,,,,,,,,,,,
1767766749.418283,1,follower,auto,0.131523996591568,0.952298641204834,0.9772948026657104,0.12101802349090574,1.0,0.8949098825454712,-0.010505973100662258,0.047701358795166016,-0.08238492012023924,0,0,0,0,1.0,0,0,0,0,0,0,False,,,,,,,,,,,,,,,
1767766749.420104,0,follower,auto,0.865771472454071,0.9494318962097168,0.9878900647163391,0.9274793481826782,1.0,0.862603259086609,0.06170787572860714,0.0505681037902832,-0.12528680562973016,-12.993928058972077,3.6721383933200418,5.0039220195834435,-1,,,,,,,,True,4.0,-13.0,0.0,optimal,0,4.0,-13.0,2.4733770871968823,2.136231804225545,0.309394557026014,True,0.0,True,0.0,0.0
1767766749.5212166,1,follower,auto,0.12352313846349716,0.946434497833252,0.9741019010543823,0.12747934818267814,1.0,0.862603259086609,0.003956209719180981,0.05356550216674805,-0.11149864196777337,-10.988478629778147,-0.007945115037271742,5.011654858894571,-1,,,,,,,,True,0.0,-11.0,0.0,optimal,0,0.0,-11.0,1.6982343804280162,1.3343455989932027,0.36731872766707646,True,0.0,True,0.0,0.0
1767766749.6233332,0,leader,auto,0.865771472454071,0.9494318962097168,0.9878900647163391,0.9274793481826782,1.0,0.862603259086609,0.06170787572860714,0.0505681037902832,-0.12528680562973016,0,0,0,0,1.0,0,0,0,0,0,0,False,,,,,,,,,,,,,,,
1767766749.7243822,1,follower,auto,0.12352313846349716,0.946434497833252,0.9741019010543823,0.12747934818267814,1.0,0.862603259086609,0.003956209719180981,0.05356550216674805,-0.11149864196777337,0,0,0,0,1.0,0,0,0,0,0,0,False,,,,,,,,,,,,,,,
1767766749.72605,0,follower,auto,0.8726876378059387,0.94633948802948,0.9747143983840942,0.9336625003814697,1.0,0.8316874980926514,0.060974862575530975,0.05366051197052002,-0.14302690029144283,-13.996084142455492,3.6706138864598863,5.017451430136698,-1,,,,,,,,True,4.0,-14.0,0.0,optimal,0,4.0,-14.0,2.4463662699806705,1.967208638610453,0.3097107575181203,True,0.0,True,0.0,0.0
1767766749.8302,1,follower,auto,0.12069584429264069,0.9411494135856628,0.9698005318641663,0.13366250038146965,1.0,0.8316874980926514,0.012966656088828965,0.05885058641433716,-0.13811303377151485,-12.988082223710514,-0.011707880663129474,5.009242698165006,-1,,,,,,,,True,0.0,-13.0,0.0,optimal,0,0.0,-13.0,1.6848810902976992,1.2545315918577473,0.40474109641632405,True,0.0,True,0.0,0.0
1767766749.9541137,0,leader,auto,0.8726876378059387,0.94633948802948,0.9747143983840942,0.9336625003814697,1.0,0.8316874980926514,0.060974862575530975,0.05366051197052002,-0.14302690029144283,0,0,0,0,1.0,0,0,0,0,0,0,False,,,,,,,,,,,,,,,
1767766750.0545623,1,follower,auto,0.12069584429264069,0.9411494135856628,0.9698005318641663,0.13366250038146965,1.0,0.8316874980926514,0.012966656088828965,0.05885058641433716,-0.13811303377151485,0,0,0,0,1.0,0,0,0,0,0,0,False,,,,,,,,,,,,,,,
1767766750.0562449,0,follower,auto,0.8827253580093384,0.9441766142845154,0.9547466039657593,0.9398421955108642,1.0,0.8007890224456787,0.05711683750152585,0.05582338571548462,-0.15395758152008054,-14.999835074761222,2.661913431747025,5.03163879453383,-1,,,,,,,,True,3.0,-15.0,0.0,optimal,0,3.0,-15.0,2.4054917394226245,1.8249753300054887,0.2702102443725327,True,0.0,True,0.0,0.0
1767766750.1573474,1,follower,auto,0.11754875630140305,0.9337266087532043,0.9562342166900635,0.1398421955108642,1.0,0.8007890224456787,0.02229343920946114,0.06627339124679565,-0.15544519424438474,-14.983336880081026,-0.008123826595322103,6.018622422043153,-1,,,,,,,,True,0.0,-15.0,0.0,optimal,0,0.0,-15.0,1.6444358039669293,1.0106494843645266,0.38236490608939966,True,0.0,True,0.0,0.0
1767766750.342808,0,leader,auto,0.8827253580093384,0.9441766142845154,0.9547466039657593,0.9398421955108642,1.0,0.8007890224456787,0.05711683750152585,0.05582338571548462,-0.15395758152008054,0,0,0,0,1.0,0,0,0,0,0,0,False,,,,,,,,,,,,,,,
1767766750.4432967,1,follower,auto,0.11754875630140305,0.9337266087532043,0.9562342166900635,0.1398421955108642,1.0,0.8007890224456787,0.02229343920946114,0.06627339124679565,-0.15544519424438474,0,0,0,0,1.0,0,0,0,0,0,0,False,,,,,,,,,,,,,,,
1767766750.445007,0,follower,auto,0.8917163014411926,0.9389856457710266,0.9263328313827515,0.9463850164413452,1.0,0.768074917793274,0.05466871500015258,0.06101435422897339,-0.1582579135894775,-15.996207105642172,2.6551674660483795,6.046202790675289,-1,,,,,,,,True,3.0,-16.0,0.0,optimal,0,3.0,-16.0,2.3395833081362967,1.6542175738771079,0.26042888548913673,True,0.0,True,0.0,0.0
1767766750.5460947,1,follower,auto,0.10959671437740326,0.9291906356811523,0.9289453029632568,0.14638501644134516,1.0,0.768074917793274,0.0367883020639419,0.07080936431884766,-0.16087038516998287,-15.98648853441272,1.0044603995972348,7.0390609590481725,-1,,,,,,,,True,1.0,-16.0,0.0,optimal,0,1.0,-16.0,1.5638961186630758,0.7548450489471963,0.3291634312489953,True,0.0,True,0.0,0.0
1767766750.6502943,0,leader,auto,0.8917163014411926,0.9389856457710266,0.9263328313827515,0.9463850164413452,1.0,0.768074917793274,0.05466871500015258,0.06101435422897339,-0.1582579135894775,0,0,0,0,1.0,0,0,0,0,0,0,False,,,,,,,,,,,,,,,
1767766750.7510016,1,follower,auto,0.10959671437740326,0.9291906356811523,0.9289453029632568,0.14638501644134516,1.0,0.768074917793274,0.0367883020639419,0.07080936431884766,-0.16087038516998287,0,0,0,0,1.0,0,0,0,0,0,0,False,,,,,,,,,,,,,,,
1767766750.7526922,0,follower,auto,0.8932281732559204,0.9367123246192932,0.8997369408607483,0.954159893989563,1.0,0.7292005300521851,0.060931720733642614,0.06328767538070679,-0.1705364108085632,-16.9979999649303,3.6606091969442307,6.047190989237346,-1,,,,,,,,True,4.0,-17.0,0.0,optimal,0,4.0,-17.0,2.2671200731083148,1.451624558790844,0.2851426501391715,True,0.0,True,0.0,0.0
1767766750.853838,1,follower,auto,0.10136352479457855,0.9290066361427307,0.9000905156135559,0.15415989398956298,1.0,0.7292005300521851,0.05279636919498443,0.07099336385726929,-0.1708899855613708,-16.993712503016575,3.0105480231372557,7.048255989798039,-1,,,,,,,,True,3.0,-17.0,0.0,optimal,0,3.0,-17.0,1.480528016069814,0.5405601527446984,0.3121781384503891,True,0.0,True,0.0,0.0
1767766750.9703853,0,leader,auto,0.8932281732559204,0.9367123246192932,0.8997369408607483,0.954159893989563,1.0,0.7292005300521851,0.060931720733642614,0.06328767538070679,-0.1705364108085632,0,0,0,0,1.0,0,0,0,0,0,0,False,,,,,,,,,,,,,,,
1767766751.0707104,1,follower,auto,0.10136352479457855,0.9290066361427307,0.9000905156135559,0.15415989398956298,1.0,0.7292005300521851,0.05279636919498443,0.07099336385726929,-0.1708899855613708,0,0,0,0,1.0,0,0,0,0,0,0,False,,,,,,,,,,,,,,,
1767766751.0723593,0,follower,auto,0.8914259672164917,0.9360097050666809,0.8688265085220337,0.9603149127960205,1.0,0.6984254360198975,0.06888894557952885,0.06399029493331909,-0.1704010725021362,-16.998828664653804,3.6647832567760927,6.051293019885217,-1,,,,,,,,True,4.0,-17.0,0.0,optimal,0,4.0,-17.0,2.178326265460479,1.2929443005290306,0.3067534359583956,True,0.0,True,0.0,0.0
1767766751.1734297,1,follower,auto,0.09274685382843018,0.9329504370689392,0.8646196722984314,0.1603149127960205,1.0,0.6984254360198975,0.06756805896759033,0.06704956293106079,-0.1661942362785339,-17.00276896426099,4.014491694275381,6.060981481149235,-1,,,,,,,,True,4.0,-17.0,0.0,optimal,0,4.0,-17.0,1.3807888289189505,0.3802338019728671,0.3042385644173577,True,0.0,True,0.0,0.0
1767766751.2897274,0,leader,auto,0.8914259672164917,0.9360097050666809,0.8688265085220337,0.9603149127960205,1.0,0.6984254360198975,0.06888894557952885,0.06399029493331909,-0.1704010725021362,0,0,0,0,1.0,0,0,0,0,0,0,False,,,,,,,,,,,,,,,
1767766751.3901992,1,follower,auto,0.09274685382843018,0.9329504370689392,0.8646196722984314,0.1603149127960205,1.0,0.6984254360198975,0.06756805896759033,0.06704956293106079,-0.1661942362785339,0,0,0,0,1.0,0,0,0,0,0,0,False,,,,,,,,,,,,,,,
1767766751.391898,0,follower,auto,0.8871074318885803,0.9358229041099548,0.8356263041496277,0.9667066621780396,1.0,0.6664666891098022,0.07959923028945926,0.06417709589004517,-0.16915961503982546,-16.99870269657174,4.668857979454684,6.052345795403241,-1,,,,,,,,True,5.0,-17.0,0.0,optimal,0,5.0,-17.0,2.080857220048346,1.1708731940456591,0.31587014434502636,True,0.0,True,0.0,0.0
1767766751.4929967,1,follower,auto,0.08555524051189423,0.9365968704223633,0.8227586150169373,0.16670666217803953,1.0,0.6664666891098022,0.08115142166614531,0.06340312957763672,-0.15629192590713503,-16.006135728922537,5.014227293152762,6.075913744591009,-1,,,,,,,,True,5.0,-16.0,0.0,optimal,0,5.0,-16.0,1.267010052780574,0.22832191593593537,0.3115614645942555,True,0.0,True,0.0,0.0
1767766751.6292841,0,leader,auto,0.8871074318885803,0.9358229041099548,0.8356263041496277,0.9667066621780396,1.0,0.6664666891098022,0.07959923028945926,0.06417709589004517,-0.16915961503982546,0,0,0,0,1.0,0,0,0,0,0,0,False,,,,,,,,,,,,,,,
1767766751.7297451,1,follower,auto,0.08555524051189423,0.9365968704223633,0.8227586150169373,0.16670666217803953,1.0,0.6664666891098022,0.08115142166614531,0.06340312957763672,-0.15629192590713503,0,0,0,0,1.0,0,0,0,0,0,0,False,,,,,,,,,,,,,,,
1767766751.7315288,0,follower,auto,0.879560649394989,0.9341714978218079,0.7993337512016296,0.9730976581573486,1.0,0.6345117092132568,0.0935370087623596,0.06582850217819214,-0.1648220419883728,-16.99720623541176,6.6741469375127815,6.05115514748404,-1,,,,,,,,True,7.0,-17.0,0.0,optimal,0,7.0,-17.0,1.9718951329758332,1.0756415887112847,0.3224786853897583,True,0.0,True,0.0,0.0
1767766751.833042,1,follower,auto,0.07714403420686722,0.9351746439933777,0.7710039019584656,0.17309765815734857,1.0,0.6345117092132568,0.09595362395048135,0.06482535600662231,-0.13649219274520874,-14.000372515012936,7.0156857101557115,6.098262269682387,-1,,,,,,,,True,7.0,-14.0,0.0,optimal,0,7.0,-14.0,1.131402120807355,0.0859134282184793,0.30480335301026046,True,0.0,True,0.0,0.0
1767766751.99284,0,leader,auto,0.879560649394989,0.9341714978218079,0.7993337512016296,0.9730976581573486,1.0,0.6345117092132568,0.0935370087623596,0.06582850217819214,-0.1648220419883728,0,0,0,0,1.0,0,0,0,0,0,0,False,,,,,,,,,,,,,,,
1767766752.093709,1,follower,auto,0.07714403420686722,0.9351746439933777,0.7710039019584656,0.17309765815734857,1.0,0.6345117092132568,0.09595362395048135,0.06482535600662231,-0.13649219274520874,0,0,0,0,1.0,0,0,0,0,0,0,False,,,,,,,,,,,,,,,
1767766752.0955503,0,follower,auto,0.874646008014679,0.9324380159378052,0.759186863899231,0.9799130630493164,1.0,0.600434684753418,0.1052670550346374,0.06756198406219482,-0.15875217914581297,-16.998711785221992,7.670422181914278,6.0465270509514495,-1,,,,,,,,True,8.0,-17.0,0.0,optimal,0,8.0,-17.0,1.8605571975523942,1.0228414631689267,0.28859510079356987,True,0.0,True,0.0,0.0
1767766752.1969273,1,follower,auto,0.06722019612789154,0.9286101460456848,0.7044865489006042,0.1799130630493163,1.0,0.600434684753418,0.11269286692142477,0.07138985395431519,-0.10405186414718626,-6.990106385317479,9.02002409650497,7.132695117052406,-1,,,,,,,,True,9.209080795178416,-7.2535812161763245,3.7522484569520853,optimal,0,9.0,-11.0,0.9653064012499599,-0.08147817870700752,0.27556699407728846,True,0.0,True,0.0,0.0
1767766752.333197,0,leader,auto,0.874646008014679,0.9324380159378052,0.759186863899231,0.9799130630493164,1.0,0.600434684753418,0.1052670550346374,0.06756198406219482,-0.15875217914581297,0,0,0,0,1.0,0,0,0,0,0,0,False,,,,,,,,,,,,,,,
1767766752.4336445,1,follower,auto,0.06722019612789154,0.9286101460456848,0.7044865489006042,0.1799130630493163,1.0,0.600434684753418,0.11269286692142477,0.07138985395431519,-0.10405186414718626,0,0,0,0,1.0,0,0,0,0,0,0,False,,,,,,,,,,,,,,,
1767766752.4353364,0,follower,auto,0.8726506233215332,0.928290069103241,0.7306551337242126,0.9871773052215576,1.0,0.5641134738922119,0.11452668190002435,0.07170993089675903,-0.16654165983200075,-16.99989180545357,8.666606054344781,7.023072093075314,-1,,,,,,,,True,9.0,-17.0,0.0,optimal,0,9.0,-17.0,1.7860311685452201,1.1311753440123857,0.2686057934078659,True,0.0,True,0.0,0.0
1767766752.5366645,1,follower,auto,0.0660543441772461,0.9140353202819824,0.6503497958183289,0.1871773052215575,1.0,0.5641134738922119,0.12112296104431142,0.08596467971801758,-0.08623632192611697,-7.973162952234457,10.009310987352169,8.134856846230033,-1,,,,,,,,True,10.112793476162828,-8.035678744680588,1.9675569527626195,optimal,0,10.0,-10.0,0.837667829123957,-0.040807926973326525,0.365103483031804,True,0.0,True,0.0,0.0
1767766752.6532495,0,leader,auto,0.8726506233215332,0.928290069103241,0.7306551337242126,0.9871773052215576,1.0,0.5641134738922119,0.11452668190002435,0.07170993089675903,-0.16654165983200075,0,0,0,0,1.0,0,0,0,0,0,0,False,,,,,,,,,,,,,,,
1767766752.7538192,1,follower,auto,0.0660543441772461,0.9140353202819824,0.6503497958183289,0.1871773052215575,1.0,0.5641134738922119,0.12112296104431142,0.08596467971801758,-0.08623632192611697,0,0,0,0,1.0,0,0,0,0,0,0,False,,,,,,,,,,,,,,,
1767766752.7562852,0,follower,auto,0.8741118311882019,0.9252446889877319,0.7000908851623535,0.9939743375778197,1.0,0.5301283121109008,0.11986250638961782,0.07475531101226807,-0.16996257305145268,-18.00458416515692,8.664306633364859,7.016973910732806,-1,,,,,,,,True,9.0,-18.0,0.0,optimal,0,9.0,-18.0,1.7142896260729528,1.0440617720645191,0.2562296127996044,True,0.0,True,0.0,0.0
1767766752.85748,1,follower,auto,0.075385183095932,0.900840163230896,0.60824054479599,0.19397433757781968,1.0,0.5301283121109008,0.11858915448188767,0.099159836769104,-0.07811223268508916,-8.966869185319576,9.98967050019468,9.121973380534888,-1,,,,,,,,True,10.0,-9.0,0.0,optimal,0,10.0,-9.0,0.7438800309601199,0.041246473496390934,0.491055672518531,True,0.0,True,0.0,0.0
1767766753.0059075,0,leader,auto,0.8741118311882019,0.9252446889877319,0.7000908851623535,0.9939743375778197,1.0,0.5301283121109008,0.11986250638961782,0.07475531101226807,-0.16996257305145268,0,0,0,0,1.0,0,0,0,0,0,0,False,,,,,,,,,,,,,,,
1767766753.1063962,1,follower,auto,0.075385183095932,0.900840163230896,0.60824054479599,0.19397433757781968,1.0,0.5301283121109008,0.11858915448188767,0.099159836769104,-0.07811223268508916,0,0,0,0,1.0,0,0,0,0,0,0,False,,,,,,,,,,,,,,,
1767766753.1081016,0,follower,auto,0.8790945410728455,0.9224728941917419,0.6668556928634644,1.0003876209259033,1.0,0.49806189537048334,0.12129307985305782,0.07752710580825806,-0.168793797492981,-18.003032071513246,8.663061253008754,7.020618477345628,-1,,,,,,,,True,9.0,-18.0,0.0,optimal,0,9.0,-18.0,1.6443594201119522,1.0358600481980043,0.24530427558237972,True,0.0,True,0.0,0.0
1767766753.2092443,1,follower,auto,0.0919705405831337,0.9028913378715515,0.5765624046325684,0.20038762092590323,1.0,0.49806189537048334,0.10841708034276953,0.09710866212844849,-0.07850050926208502,-8.98749595223398,8.970756122170583,9.102856508937192,-1,,,,,,,,True,9.0,-9.0,0.0,optimal,0,9.0,-9.0,0.6774451914034116,0.16817911138132874,0.5804209153908605,True,0.0,True,0.0,0.0
1767766753.367851,0,leader,auto,0.8790945410728455,0.9224728941917419,0.6668556928634644,1.0003876209259033,1.0,0.49806189537048334,0.12129307985305782,0.07752710580825806,-0.168793797492981,0,0,0,0,1.0,0,0,0,0,0,0,False,,,,,,,,,,,,,,,
1767766753.46842,1,follower,auto,0.0919705405831337,0.9028913378715515,0.5765624046325684,0.20038762092590323,1.0,0.49806189537048334,0.10841708034276953,0.09710866212844849,-0.07850050926208502,0,0,0,0,1.0,0,0,0,0,0,0,False,,,,,,,,,,,,,,,
1767766753.4696448,0,follower,auto,0.8886355757713318,0.9234911203384399,0.630260169506073,1.0074228048324585,1.0,0.46288597583770746,0.11878722906112671,0.07650887966156006,-0.16737419366836553,-18.00245341012547,8.659614720501754,7.029043993616439,-1,,,,,,,,True,9.0,-18.0,0.0,optimal,0,9.0,-18.0,1.5771612372983432,1.013212602677559,0.2193396605848783,True,0.0,True,0.0,0.0
1767766753.5705218,1,follower,auto,0.11135087162256241,0.916995644569397,0.5478104948997498,0.20742280483245845,1.0,0.46288597583770746,0.09607193320989604,0.08300435543060303,-0.08492451906204229,-9.013759388382825,7.958889571222274,8.090336267962073,-1,,,,,,,,True,8.0,-9.0,0.0,optimal,0,8.0,-9.0,0.6203058498331628,0.1753588389724397,0.609718273426088,True,0.0,True,0.0,0.0
1767766753.781479,0,leader,auto,0.8886355757713318,0.9234911203384399,0.630260169506073,1.0074228048324585,1.0,0.46288597583770746,0.11878722906112671,0.07650887966156006,-0.16737419366836553,0,0,0,0,1.0,0,0,0,0,0,0,False,,,,,,,,,,,,,,,
1767766753.8819385,1,follower,auto,0.11135087162256241,0.916995644569397,0.5478104948997498,0.20742280483245845,1.0,0.46288597583770746,0.09607193320989604,0.08300435543060303,-0.08492451906204229,0,0,0,0,1.0,0,0,0,0,0,0,False,,,,,,,,,,,,,,,
1767766753.8843029,0,follower,auto,0.8708431720733643,0.8700379133224487,0.5939774513244629,1.014649567604065,1.0,0.42675216197967525,0.14380639553070074,0.12996208667755127,-0.16722528934478764,-17.931045940010755,10.724009515228348,12.02931355609427,-1,,,,,,,,True,11.0,-18.0,0.0,optimal,0,11.0,-18.0,1.4651544943531667,0.7686992512756594,0.5218356132150053,True,0.0,True,0.0,0.0
1767766753.9855688,1,follower,auto,0.1702926903963089,0.8736584186553955,0.5094428658485413,0.21464956760406495,1.0,0.42675216197967525,0.04435687720775605,0.1263415813446045,-0.08269070386886601,-7.951861954049943,2.87449350929338,12.100559959892635,-1,,,,,,,,True,3.0,-8.0,0.0,optimal,0,3.0,-8.0,0.5579744998149292,0.2026881041199023,0.8370417294372245,True,0.0,True,0.0,0.0
1767766754.188718,0,leader,auto,0.8708431720733643,0.8700379133224487,0.5939774513244629,1.014649567604065,1.0,0.42675216197967525,0.14380639553070074,0.12996208667755127,-0.16722528934478764,0,0,0,0,1.0,0,0,0,0,0,0,False,,,,,,,,,,,,,,,
1767766754.2896664,1,follower,auto,0.1702926903963089,0.8736584186553955,0.5094428658485413,0.21464956760406495,1.0,0.42675216197967525,0.04435687720775605,0.1263415813446045,-0.08269070386886601,0,0,0,0,1.0,0,0,0,0,0,0,False,,,,,,,,,,,,,,,
1767766754.2928326,0,follower,auto,0.882764995098114,0.8754012584686279,0.5136765837669373,1.022950119972229,1.0,0.38524940013885495,0.14018512487411505,0.12459874153137207,-0.1284271836280823,-13.979995196130576,11.713631429816031,12.107454794567616,-1,,,,,,,,True,12.0,-14.0,0.0,optimal,0,12.0,-14.0,1.3168142530479818,0.6373166968139288,0.2989902721590217,True,0.0,True,0.0,0.0
1767766754.3941853,1,follower,auto,0.22367145121097565,0.8909550309181213,0.482320100069046,0.22295011997222902,1.0,0.38524940013885495,-0.0007213312387466253,0.10904496908187866,-0.09707069993019107,-9.013428718422853,-1.151559258097177,10.066861038233103,-1,,,,,,,,True,-1.0,-9.0,0.0,optimal,0,-1.0,-9.0,0.5249816970864845,0.26082069232252797,0.8408081327862723,True,0.0,True,0.0,0.0
1767766754.5499172,0,leader,auto,0.882764995098114,0.8754012584686279,0.5136765837669373,1.022950119972229,1.0,0.38524940013885495,0.14018512487411505,0.12459874153137207,-0.1284271836280823,0,0,0,0,1.0,0,0,0,0,0,0,False,,,,,,,,,,,,,,,
1767766754.6503315,1,follower,auto,0.22367145121097565,0.8909550309181213,0.482320100069046,0.22295011997222902,1.0,0.38524940013885495,-0.0007213312387466253,0.10904496908187866,-0.09707069993019107,0,0,0,0,1.0,0,0,0,0,0,0,False,,,,,,,,,,,,,,,
1767766754.652457,0,follower,auto,0.8962321877479553,0.8848670721054077,0.43892163038253784,1.0311222743988038,1.0,0.3443886280059814,0.13489008665084845,0.11513292789459229,-0.09453300237655643,-9.995585603674263,11.71067624755047,11.123283136284885,-1,,,,,,,,True,12.0,-10.0,0.0,optimal,0,12.0,-10.0,1.1948059623556893,0.6627296195671051,0.2814775052384175,True,0.0,True,0.0,0.0
1767766754.7537057,1,follower,auto,0.25458860397338867,0.9141519665718079,0.42202767729759216,0.23112227439880373,1.0,0.3443886280059814,-0.023466329574584943,0.08584803342819214,-0.07763904929161075,1.956403365202247,-0.1331788712542549,8.099171307511705,-1,,,,,,,,True,-0.45074901786877186,2.2324633751035847,9.577946572336167,optimal,0,-3.0,-7.0,0.42495039497591175,-0.16490874618360757,0.7218312490317754,True,0.0,True,0.0,0.0
1767766754.9058695,0,leader,auto,0.8962321877479553,0.8848670721054077,0.43892163038253784,1.0311222743988038,1.0,0.3443886280059814,0.13489008665084845,0.11513292789459229,-0.09453300237655643,0,0,0,0,1.0,0,0,0,0,0,0,False,,,,,,,,,,,,,,,
1767766755.0063884,1,follower,auto,0.25458860397338867,0.9141519665718079,0.42202767729759216,0.23112227439880373,1.0,0.3443886280059814,-0.023466329574584943,0.08584803342819214,-0.07763904929161075,0,0,0,0,1.0,0,0,0,0,0,0,False,,,,,,,,,,,,,,,
1767766755.0088792,0,follower,auto,0.9046021699905396,0.886663556098938,0.39065584540367126,1.0383121347427369,1.0,0.3084393262863159,0.13370996475219732,0.11333644390106201,-0.08221651911735539,-8.989709463703635,11.72165493377251,11.09034972745077,-1,,,,,,,,True,12.0,-9.0,0.0,optimal,0,12.0,-9.0,1.1215729209033214,0.8129802513758932,0.39582828122197944,True,0.0,True,0.0,0.0
1767766755.1102397,1,follower,auto,0.28115251660346985,0.9221866130828857,0.36784932017326355,0.23831213474273683,1.0,0.3084393262863159,-0.04284038186073302,0.07781338691711426,-0.059409993886947676,2.9655675677262243,-2.127622428423205,7.105466224738234,-1,,,,,,,,True,-2.2288532900161897,3.5538547455069978,8.991534079092771,infeasible,0,-5.0,-5.0,0.34220918011766016,-0.1476462941484924,0.7018943470340543,True,0.0,True,0.0,0.0
1767766755.2376473,0,leader,auto,0.9046021699905396,0.886663556098938,0.39065584540367126,1.0383121347427369,1.0,0.3084393262863159,0.13370996475219732,0.11333644390106201,-0.08221651911735539,0,0,0,0,1.0,0,0,0,0,0,0,False,,,,,,,,,,,,,,,
1767766755.3381565,1,follower,auto,0.28115251660346985,0.9221866130828857,0.36784932017326355,0.23831213474273683,1.0,0.3084393262863159,-0.04284038186073302,0.07781338691711426,-0.059409993886947676,0,0,0,0,1.0,0,0,0,0,0,0,False,,,,,,,,,,,,,,,
1767766755.3398225,0,follower,auto,0.916130542755127,0.8867629766464233,0.3572404980659485,1.0454428577423096,1.0,0.2727857112884521,0.12931231498718265,0.11323702335357666,-0.0844547867774964,-8.984639654334785,10.723458029473433,11.061037612431932,-1,,,,,,,,True,11.0,-9.0,0.0,optimal,0,11.0,-9.0,1.084156442893159,0.9309357936069822,0.41028197110149944,True,0.0,True,0.0,0.0
1767766755.4409986,1,follower,auto,0.30406540632247925,0.9269400238990784,0.33094462752342224,0.24544285774230956,1.0,0.2727857112884521,-0.05862254858016969,0.07305997610092163,-0.05815891623497016,-1.0287174819766731,-4.123844268597972,7.0863104236091,-1,,,,,,,,True,-4.559134200524445,-1.0624271286334137,4.192919551985279,infeasible,0,-6.0,-5.0,0.2929247453320934,-0.0667804044189193,0.697312566068995,True,0.0,True,0.0,0.0
1767766755.5435226,0,leader,auto,0.916130542755127,0.8867629766464233,0.3572404980659485,1.0454428577423096,1.0,0.2727857112884521,0.12931231498718265,0.11323702335357666,-0.0844547867774964,0,0,0,0,1.0,0,0,0,0,0,0,False,,,,,,,,,,,,,,,
1767766755.744182,1,follower,auto,0.30406540632247925,0.9269400238990784,0.33094462752342224,0.24544285774230956,1.0,0.2727857112884521,-0.05862254858016969,0.07305997610092163,-0.05815891623497016,0,0,0,0,1.0,0,0,0,0,0,0,False,,,,,,,,,,,,,,,
1767766755.7457747,0,follower,auto,0.9266050457954407,0.8877732753753662,0.33070796728134155,1.0520581197738648,1.0,0.2397094011306762,0.1254530739784241,0.11222672462463379,-0.09099856615066534,-9.985058850221753,10.72973503364462,11.043040069423226,-1,,,,,,,,True,11.0,-10.0,0.0,optimal,0,11.0,-10.0,1.0586726377982691,0.9809480631732812,0.46397884026221486,True,0.0,True,0.0,0.0
1767766755.846869,1,follower,auto,0.3284509778022766,0.9274597764015198,0.30209967494010925,0.2520581197738647,1.0,0.2397094011306762,-0.07639285802841189,0.07254022359848022,-0.062390273809433044,-5.020876155223228,-8.12897459927732,7.070939970432663,-1,,,,,,,,True,-8.0,-5.0,0.0,optimal,0,-8.0,-5.0,0.2612439333583006,0.010029856042079122,0.6709545831347494,True,0.0,True,0.0,0.0
1767766756.0891533,0,leader,auto,0.9266050457954407,0.8877732753753662,0.33070796728134155,1.0520581197738648,1.0,0.2397094011306762,0.1254530739784241,0.11222672462463379,-0.09099856615066534,0,0,0,0,1.0,0,0,0,0,0,0,False,,,,,,,,,,,,,,,
1767766756.1896281,1,follower,auto,0.3284509778022766,0.9274597764015198,0.30209967494010925,0.2520581197738647,1.0,0.2397094011306762,-0.07639285802841189,0.07254022359848022,-0.062390273809433044,0,0,0,0,1.0,0,0,0,0,0,0,False,,,,,,,,,,,,,,,
1767766756.1914551,0,follower,auto,0.9303562045097351,0.887999415397644,0.31802797317504883,1.060175304412842,1.0,0.19912347793579094,0.1298190999031068,0.11200058460235596,-0.11890449523925789,-12.980935446313893,10.745641473213846,11.024370466912421,-1,,,,,,,,True,11.0,-13.0,0.0,optimal,0,11.0,-13.0,1.0447324321666385,0.9775063378543976,0.5327621501481008,True,0.0,True,0.0,0.0
1767766756.2930658,1,follower,auto,0.3495943248271942,0.9353033304214478,0.29868751764297485,0.26017530441284187,1.0,0.19912347793579094,-0.08941902041435235,0.06469666957855225,-0.09956403970718392,-8.03101286981278,-10.131980420135063,6.0300996558126645,-1,,,,,,,,True,-10.0,-8.0,0.0,optimal,0,-10.0,-8.0,0.2701179427900791,0.13862692603452004,0.6599130542502093,True,0.0,True,0.0,0.0
1767766756.4407017,0,leader,auto,0.9303562045097351,0.887999415397644,0.31802797317504883,1.060175304412842,1.0,0.19912347793579094,0.1298190999031068,0.11200058460235596,-0.11890449523925789,0,0,0,0,1.0,0,0,0,0,0,0,False,,,,,,,,,,,,,,,
1767766756.541645,1,follower,auto,0.3495943248271942,0.9353033304214478,0.29868751764297485,0.26017530441284187,1.0,0.19912347793579094,-0.08941902041435235,0.06469666957855225,-0.09956403970718392,0,0,0,0,1.0,0,0,0,0,0,0,False,,,,,,,,,,,,,,,
1767766756.543836,0,follower,auto,0.935119092464447,0.8915629982948303,0.3111405074596405,1.0690996217727662,1.0,0.15450189113616936,0.13398052930831916,0.10843700170516968,-0.15663861632347115,-16.984462904182635,10.74843514093161,10.01282333315749,-1,,,,,,,,True,11.0,-17.0,0.0,optimal,0,11.0,-17.0,1.0423966399334141,0.9675963654467796,0.52509266781913,True,0.0,True,0.0,0.0
1767766756.6450176,1,follower,auto,0.35789990425109863,0.9398204684257507,0.2978002429008484,0.26909962177276614,1.0,0.15450189113616936,-0.08880028247833249,0.06017953157424927,-0.14329835176467903,-13.029303298991243,-10.116003093905032,6.01331387663653,-1,,,,,,,,True,-10.0,-13.0,0.0,optimal,0,-10.0,-13.0,0.2745775690355983,0.050334135663795354,0.6128416150425054,True,0.0,True,0.0,0.0
1767766756.7732928,0,leader,auto,0.935119092464447,0.8915629982948303,0.3111405074596405,1.0690996217727662,1.0,0.15450189113616936,0.13398052930831916,0.10843700170516968,-0.15663861632347115,0,0,0,0,1.0,0,0,0,0,0,0,False,,,,,,,,,,,,,,,
1767766756.874091,1,follower,auto,0.35789990425109863,0.9398204684257507,0.2978002429008484,0.26909962177276614,1.0,0.15450189113616936,-0.08880028247833249,0.06017953157424927,-0.14329835176467903,0,0,0,0,1.0,0,0,0,0,0,0,False,,,,,,,,,,,,,,,
1767766756.8762279,0,follower,auto,0.9364177584648132,0.8986790776252747,0.2996804118156433,1.076138834953308,1.0,0.1193058252334594,0.13972107648849486,0.10132092237472534,-0.18037458658218392,-18.994990969433655,10.751419077659847,10.019648398403344,-1,,,,,,,,True,11.0,-19.0,0.0,optimal,0,11.0,-19.0,1.0263669794099022,0.8450723351025557,0.5356760663985408,True,0.0,True,0.0,0.0
1767766756.977496,1,follower,auto,0.3549778461456299,0.9353328943252563,0.2989204227924347,0.27613883495330804,1.0,0.1193058252334594,-0.07883901119232184,0.06466710567474365,-0.1796145975589753,-15.012450808108246,-8.094843989499443,6.0012210583829,-1,,,,,,,,True,-8.616872298088875,-15.137724934336447,0.9435598151875612,optimal,0,-9.0,-16.0,0.27428311320903315,-0.014848038116035855,0.5509218052950525,True,0.0,True,0.0,0.0
1767766757.0865855,0,leader,auto,0.9364177584648132,0.8986790776252747,0.2996804118156433,1.076138834953308,1.0,0.1193058252334594,0.13972107648849486,0.10132092237472534,-0.18037458658218392,0,0,0,0,1.0,0,0,0,0,0,0,False,,,,,,,,,,,,,,,
1767766757.1869795,1,follower,auto,0.3549778461456299,0.9353328943252563,0.2989204227924347,0.27613883495330804,1.0,0.1193058252334594,-0.07883901119232184,0.06466710567474365,-0.1796145975589753,0,0,0,0,1.0,0,0,0,0,0,0,False,,,,,,,,,,,,,,,
1767766757.1887214,0,follower,auto,0.9398647546768188,0.905267596244812,0.2830701172351837,1.082795581817627,1.0,0.08602209091186516,0.14293082714080807,0.09473240375518799,-0.19704802632331855,-20,10.743935285194278,9.033817079080348,-1,,,,,,,,True,11.0,-21.0,0.0,optimal,0,11.0,-21.0,1.0065445655904413,0.7776571772503544,0.4843676445315995,True,0.0,True,0.0,0.0
1767766757.2899778,1,follower,auto,0.34365367889404297,0.9254252314567566,0.2994935214519501,0.2827955818176269,1.0,0.08602209091186516,-0.060858097076416096,0.07457476854324341,-0.2134714305400849,-12.995099413102983,-5.072237523236285,6.992650624815915,-1,,,,,,,,True,-5.193182330658114,-13.470075601234605,7.107611278236973,optimal,0,-8.0,-20.0,0.2672877418610498,-0.11133369846788571,0.5033312254770873,True,0.0,True,0.0,0.0
1767766757.3982172,0,leader,auto,0.9398647546768188,0.905267596244812,0.2830701172351837,1.082795581817627,1.0,0.08602209091186516,0.14293082714080807,0.09473240375518799,-0.19704802632331855,0,0,0,0,1.0,0,0,0,0,0,0,False,,,,,,,,,,,,,,,
1767766757.4986436,1,follower,auto,0.34365367889404297,0.9254252314567566,0.2994935214519501,0.2827955818176269,1.0,0.08602209091186516,-0.060858097076416096,0.07457476854324341,-0.2134714305400849,0,0,0,0,1.0,0,0,0,0,0,0,False,,,,,,,,,,,,,,,
1767766757.500923,0,follower,auto,0.9496329426765442,0.9086713790893555,0.2607366144657135,1.0890381574630736,1.0,0.05480921268463128,0.13940521478652945,0.09132862091064453,-0.2059274017810822,-20,10.726520141537058,9.049255772713781,-1,,,,,,,,True,11.0,-22.0,0.0,optimal,0,11.0,-22.0,0.9905229224052683,0.7905147329240167,0.38413035772937876,True,0.0,True,0.0,0.0
1767766757.602211,1,follower,auto,0.3318350315093994,0.9196062088012695,0.29178372025489807,0.2890381574630736,1.0,0.05480921268463128,-0.04279687404632582,0.08039379119873047,-0.23697450757026678,-7.99325062182728,-0.05762723412466353,7.996539101452915,-1,,,,,,,,True,0.026839487915070848,-8.619500842287197,15.592355506403484,infeasible,0,-6.0,-23.0,0.24703594779753085,-0.24095090868463193,0.5279287850502467,True,0.0,True,0.0,0.0
1767766757.7393143,0,leader,auto,0.9496329426765442,0.9086713790893555,0.2607366144657135,1.0890381574630736,1.0,0.05480921268463128,0.13940521478652945,0.09132862091064453,-0.2059274017810822,0,0,0,0,1.0,0,0,0,0,0,0,False,,,,,,,,,,,,,,,
1767766757.8397708,1,follower,auto,0.3318350315093994,0.9196062088012695,0.29178372025489807,0.2890381574630736,1.0,0.05480921268463128,-0.04279687404632582,0.08039379119873047,-0.23697450757026678,0,0,0,0,1.0,0,0,0,0,0,0,False,,,,,,,,,,,,,,,
1767766757.842716,0,follower,auto,0.9627147912979126,0.9081975817680359,0.23125673830509186,1.0952822017669677,1.0,0.023588991165161062,0.13256741046905507,0.09180241823196411,-0.2076677471399308,-20,9.712302742414197,9.066706828917253,-1,,,,,,,,True,10.0,-22.0,0.0,optimal,0,10.0,-22.0,0.971556186700385,0.7681474888652999,0.3312207792091265,True,0.0,True,0.0,0.0
1767766757.947398,1,follower,auto,0.32697024941444397,0.9166401028633118,0.2757743299007416,0.2952822017669676,1.0,0.023588991165161062,-0.03168804764747635,0.08335989713668823,-0.2521853387355805,-4.996405963382672,0.9428116259862414,8.004348109141375,-1,,,,,,,,True,1.9306713968723992,-5.183574653688723,20.419437103369805,optimal,0,-6.0,-24.0,0.2187353549350884,-0.3094270806387838,0.5877995514733414,True,0.0,True,0.0,0.0
1767766758.1130736,0,leader,auto,0.9627147912979126,0.9081975817680359,0.23125673830509186,1.0952822017669677,1.0,0.023588991165161062,0.13256741046905507,0.09180241823196411,-0.2076677471399308,0,0,0,0,1.0,0,0,0,0,0,0,False,,,,,,,,,,,,,,,
1767766758.2135386,1,follower,auto,0.32697024941444397,0.9166401028633118,0.2757743299007416,0.2952822017669676,1.0,0.023588991165161062,-0.03168804764747635,0.08335989713668823,-0.2521853387355805,0,0,0,0,1.0,0,0,0,0,0,0,False,,,,,,,,,,,,,,,
1767766758.2152562,0,follower,auto,0.9858611822128296,0.9062133431434631,0.188913956284523,1.1021867990493774,1.0,-0.010933995246887276,0.11632561683654785,0.09378665685653687,-0.19984795153141027,-20,8.689328508440411,9.094950301094409,-1,,,,,,,,True,9.0,-21.0,0.0,optimal,0,9.0,-21.0,0.9565247097576717,0.8211889717165743,0.2101022109529162,True,0.0,True,0.0,0.0
1767766758.3164372,1,follower,auto,0.33038100600242615,0.9095043540000916,0.2536652982234955,0.3021867990493774,1.0,-0.010933995246887276,-0.02819420695304875,0.09049564599990845,-0.26459929347038275,-2.9902492123489233,3.9385437962260674,9.007575465582427,-1,,,,,,,,True,4.2884749974643,-3.811126693663482,23.13534351961301,optimal,0,-5.0,-25.0,0.1871629908734856,-0.3426849761999509,0.6535803126404415,True,0.0,True,0.0,0.0
1767766758.4188128,0,leader,auto,0.9858611822128296,0.9062133431434631,0.188913956284523,1.1021867990493774,1.0,-0.010933995246887276,0.11632561683654785,0.09378665685653687,-0.19984795153141027,0,0,0,0,1.0,0,0,0,0,0,0,False,,,,,,,,,,,,,,,
1767766758.519879,1,follower,auto,0.33038100600242615,0.9095043540000916,0.2536652982234955,0.3021867990493774,1.0,-0.010933995246887276,-0.02819420695304875,0.09049564599990845,-0.26459929347038275,0,0,0,0,1.0,0,0,0,0,0,0,False,,,,,,,,,,,,,,,
1767766758.5216386,0,follower,auto,1.008028507232666,0.9065737724304199,0.14559189975261688,1.1095729207992553,1.0,-0.04786460399627693,0.10154441356658928,0.09342622756958008,-0.1934565037488938,-20,6.6801786940883865,9.11319994418131,-1,,,,,,,,True,7.0,-20.0,0.0,optimal,0,7.0,-20.0,0.9429103724199099,0.8145514743204769,0.1301558292012624,True,0.0,True,0.0,0.0
1767766758.6228924,1,follower,auto,0.33831533789634705,0.9010186791419983,0.2367531657218933,0.30957292079925525,1.0,-0.04786460399627693,-0.0287424170970918,0.09898132085800171,-0.2846177697181702,-4.983635006834407,3.935054909600223,8.993452864003961,-1,,,,,,,,True,4.763884718478957,-5.737077009831122,23.397549847828067,infeasible,0,-5.0,-27.0,0.16726249505715113,-0.34143836009797685,0.6920807825623756,True,0.0,True,0.0,0.0
1767766758.7264512,0,leader,auto,1.008028507232666,0.9065737724304199,0.14559189975261688,1.1095729207992553,1.0,-0.04786460399627693,0.10154441356658928,0.09342622756958008,-0.1934565037488938,0,0,0,0,1.0,0,0,0,0,0,0,False,,,,,,,,,,,,,,,
1767766758.8277256,1,follower,auto,0.33831533789634705,0.9010186791419983,0.2367531657218933,0.30957292079925525,1.0,-0.04786460399627693,-0.0287424170970918,0.09898132085800171,-0.2846177697181702,0,0,0,0,1.0,0,0,0,0,0,0,False,,,,,,,,,,,,,,,
1767766758.8298688,0,follower,auto,1.0324537754058838,0.9035629034042358,0.09688589721918106,1.1156963062286376,1.0,-0.07848153114318855,0.08324253082275379,0.09643709659576416,-0.17536742836236963,-17.99858493225133,5.67188144479964,9.135227723474225,-1,,,,,,,,True,6.0,-18.0,0.0,optimal,0,6.0,-18.0,0.9322335726490099,0.8628217560620104,0.05347241727809371,True,0.0,True,0.0,0.0
1767766758.9311037,1,follower,auto,0.35202476382255554,0.8977985382080078,0.21922993659973145,0.31569630622863754,1.0,-0.07848153114318855,-0.03632845759391801,0.10220146179199219,-0.29771146774292,-6.98931203284542,3.929438921741666,9.98021695086741,-1,,,,,,,,True,4.7588797942259475,-7.018283860888282,24.473441499860375,optimal,0,-6.0,-29.0,0.1512131360455798,-0.3527514076255967,0.734249114669468,True,0.0,True,0.0,0.0
1767766759.0332313,0,leader,auto,1.0324537754058838,0.9035629034042358,0.09688589721918106,1.1156963062286376,1.0,-0.07848153114318855,0.08324253082275379,0.09643709659576416,-0.17536742836236963,0,0,0,0,1.0,0,0,0,0,0,0,False,,,,,,,,,,,,,,,
1767766759.134293,1,follower,auto,0.35202476382255554,0.8977985382080078,0.21922993659973145,0.31569630622863754,1.0,-0.07848153114318855,-0.03632845759391801,0.10220146179199219,-0.29771146774292,0,0,0,0,1.0,0,0,0,0,0,0,False,,,,,,,,,,,,,,,
1767766759.136675,0,follower,auto,1.0547676086425781,0.8957775831222534,0.050266560167074203,1.1218602085113525,1.0,-0.10930104255676278,0.06709259986877436,0.10422241687774658,-0.15956760272383697,-15.986945300747024,3.670480523391884,10.14890166676191,-1,,,,,,,,True,4.0,-16.0,0.0,optimal,0,4.0,-16.0,0.9253279954796871,0.8721303321521812,0.05780686699233514,True,0.0,True,0.0,0.0
1767766759.2383041,1,follower,auto,0.36738061904907227,0.9007641673088074,0.2050483077764511,0.32186020851135244,1.0,-0.10930104255676278,-0.045520410537719824,0.09923583269119263,-0.3143493503332139,-8.00335097789371,1.9272517791068617,8.962340952543567,-1,,,,,,,,True,2.949609973129345,-8.986360243092165,23.69529519539166,optimal,0,-8.0,-30.0,0.14206163555131696,-0.3390895015399076,0.7220145969646447,True,0.0,True,0.0,0.0
1767766759.3430967,0,leader,auto,1.0547676086425781,0.8957775831222534,0.050266560167074203,1.1218602085113525,1.0,-0.10930104255676278,0.06709259986877436,0.10422241687774658,-0.15956760272383697,0,0,0,0,1.0,0,0,0,0,0,0,False,,,,,,,,,,,,,,,
1767766759.4435606,1,follower,auto,0.36738061904907227,0.9007641673088074,0.2050483077764511,0.32186020851135244,1.0,-0.10930104255676278,-0.045520410537719824,0.09923583269119263,-0.3143493503332139,0,0,0,0,1.0,0,0,0,0,0,0,False,,,,,,,,,,,,,,,
1767766759.4457448,0,follower,auto,1.066681981086731,0.8887341618537903,0.008821805007755756,1.1280099296569823,1.0,-0.14004964828491218,0.06132794857025137,0.11126583814620972,-0.14887145329266793,-14.979248916700204,3.686437636579371,11.153469269539857,-1,,,,,,,,True,4.0,-15.0,0.0,optimal,0,4.0,-15.0,0.9067100780264636,0.7766333851688814,0.16341413644168734,True,0.0,True,0.0,0.0
1767766759.547264,1,follower,auto,0.385003000497818,0.9091824293136597,0.18996675312519073,0.3280099296569823,1.0,-0.14004964828491218,-0.05699307084083571,0.09081757068634033,-0.3300164014101029,-9.019572266219866,1.9204657442652007,8.951126666613117,-1,,,,,,,,True,2.52079112044774,-9.35350417391382,23.643316559602663,optimal,0,-9.0,-30.0,0.1342814308104408,-0.3362568270843327,0.7433915027997726,True,0.0,True,0.0,0.0
1767766759.67919,0,leader,auto,1.066681981086731,0.8887341618537903,0.008821805007755756,1.1280099296569823,1.0,-0.14004964828491218,0.06132794857025137,0.11126583814620972,-0.14887145329266793,0,0,0,0,1.0,0,0,0,0,0,0,False,,,,,,,,,,,,,,,
1767766759.779595,1,follower,auto,0.385003000497818,0.9091824293136597,0.18996675312519073,0.3280099296569823,1.0,-0.14004964828491218,-0.05699307084083571,0.09081757068634033,-0.3300164014101029,0,0,0,0,1.0,0,0,0,0,0,0,False,,,,,,,,,,,,,,,
1767766759.78134,0,follower,auto,1.0678958892822266,0.89238041639328,-0.026412835344672203,1.1341827535629272,1.0,-0.1709137678146363,0.06628686428070063,0.10761958360671997,-0.1445009324699641,-14.991747287987089,3.712117020656257,10.151618476397452,-1,,,,,,,,True,4.0,-15.0,0.0,optimal,0,4.0,-15.0,0.87468643287215,0.6625457366719976,0.30417744116566325,True,0.0,True,0.0,0.0
1767766759.8825855,1,follower,auto,0.4055713713169098,0.9142807722091675,0.17360219359397888,0.33418275356292715,1.0,-0.1709137678146363,-0.07138861775398264,0.08571922779083252,-0.3445159614086152,-10.018917259657028,0.9073083220387346,7.944775296301826,-1,,,,,,,,True,1.9619657506339312,-10.13270428048305,23.190473557607135,infeasible,0,-10.0,-30.0,0.12822805244649899,-0.32821352695039313,0.7703958256666275,True,0.0,True,0.0,0.0
1767766760.0242755,0,leader,auto,1.0678958892822266,0.89238041639328,-0.026412835344672203,1.1341827535629272,1.0,-0.1709137678146363,0.06628686428070063,0.10761958360671997,-0.1445009324699641,0,0,0,0,1.0,0,0,0,0,0,0,False,,,,,,,,,,,,,,,
1767766760.124731,1,follower,auto,0.4055713713169098,0.9142807722091675,0.17360219359397888,0.33418275356292715,1.0,-0.1709137678146363,-0.07138861775398264,0.08571922779083252,-0.3445159614086152,0,0,0,0,1.0,0,0,0,0,0,0,False,,,,,,,,,,,,,,,
1767766760.1264088,0,follower,auto,1.0633418560028076,0.9069499969482422,-0.05414790287613869,1.1408896207809447,1.0,-0.20444810390472418,0.07754776477813707,0.09305000305175781,-0.1503002010285855,-15.014325925254349,5.734739500930782,9.143216925680386,-1,,,,,,,,True,6.0,-15.0,0.0,optimal,0,6.0,-15.0,0.8394799952372407,0.6477378005742429,0.376260409599312,True,0.0,True,0.0,0.0
1767766760.227622,1,follower,auto,0.42504048347473145,0.9172247052192688,0.15534517168998718,0.34088962078094465,1.0,-0.20444810390472418,-0.0841508626937868,0.0827752947807312,-0.35979327559471136,-8.010940466130865,0.8970951024909272,7.943651238818075,-1,,,,,,,,True,1.7917911331298093,-8.735240337193133,25.345680227147508,infeasible,0,-12.0,-30.0,0.1201367066498123,-0.35636088858077675,0.7786308044676986,True,0.0,True,0.0,0.0
1767766760.3919284,0,leader,auto,1.0633418560028076,0.9069499969482422,-0.05414790287613869,1.1408896207809447,1.0,-0.20444810390472418,0.07754776477813707,0.09305000305175781,-0.1503002010285855,0,0,0,0,1.0,0,0,0,0,0,0,False,,,,,,,,,,,,,,,
1767766760.4923744,1,follower,auto,0.42504048347473145,0.9172247052192688,0.15534517168998718,0.34088962078094465,1.0,-0.20444810390472418,-0.0841508626937868,0.0827752947807312,-0.35979327559471136,0,0,0,0,1.0,0,0,0,0,0,0,False,,,,,,,,,,,,,,,
1767766760.4942262,0,follower,auto,1.054283857345581,0.9250890612602234,-0.08654405176639557,1.1477870559692382,1.0,-0.23893527984619145,0.09350319862365719,0.07491093873977661,-0.15239122807979588,-16.028118440432408,6.7573815365585315,7.148033060996159,-1,,,,,,,,True,7.0,-16.0,0.0,optimal,0,7.0,-16.0,0.7924602729892265,0.5733993908931945,0.4135337408971095,True,0.0,True,0.0,0.0
1767766760.5955076,1,follower,auto,0.44742822647094727,0.925872802734375,0.1292772889137268,0.3477870559692382,1.0,-0.23893527984619145,-0.09964117050170906,0.074127197265625,-0.36821256875991826,-6.013213300885288,1.8801733666008549,6.951692068253191,-1,,,,,,,,True,2.610279733257144,-6.638774265348264,28.6644075578479,infeasible,0,-14.0,-30.0,0.10618192418554734,-0.3983867423683342,0.8309445702217688,True,0.0,True,0.0,0.0
1767766760.7171662,0,leader,auto,1.054283857345581,0.9250890612602234,-0.08654405176639557,1.1477870559692382,1.0,-0.23893527984619145,0.09350319862365719,0.07491093873977661,-0.15239122807979588,0,0,0,0,1.0,0,0,0,0,0,0,False,,,,,,,,,,,,,,,
1767766760.817559,1,follower,auto,0.44742822647094727,0.925872802734375,0.1292772889137268,0.3477870559692382,1.0,-0.23893527984619145,-0.09964117050170906,0.074127197265625,-0.36821256875991826,0,0,0,0,1.0,0,0,0,0,0,0,False,,,,,,,,,,,,,,,
1767766760.8197553,0,follower,auto,1.0499032735824585,0.9327403903007507,-0.11128676682710648,1.155148320198059,1.0,-0.27574160099029543,0.10524504661560052,0.06725960969924927,-0.16445483416318896,-17.016953051007704,7.76300733733036,6.1390721514428925,-1,,,,,,,,True,8.0,-17.0,0.0,optimal,0,8.0,-17.0,0.7633948615228869,0.6328707096999144,0.413316550432356,True,0.0,True,0.0,0.0
1767766760.9210372,1,follower,auto,0.4637354910373688,0.9356496930122375,0.10461775958538055,0.355148320198059,1.0,-0.27574160099029543,-0.1085871708393098,0.06435030698776245,-0.380359360575676,-4.017406027728774,3.8780315158052994,5.953092215262124,-1,,,,,,,,True,4.296242750366705,-4.841582571038931,31.706323530345358,infeasible,0,-15.0,-30.0,0.09061324085371464,-0.43487241457733644,0.840312148884516,True,0.0,True,0.0,0.0
1767766761.0227373,0,leader,auto,1.0499032735824585,0.9327403903007507,-0.11128676682710648,1.155148320198059,1.0,-0.27574160099029543,0.10524504661560052,0.06725960969924927,-0.16445483416318896,0,0,0,0,1.0,0,0,0,0,0,0,False,,,,,,,,,,,,,,,
1767766761.1232035,1,follower,auto,0.4637354910373688,0.9356496930122375,0.10461775958538055,0.355148320198059,1.0,-0.27574160099029543,-0.1085871708393098,0.06435030698776245,-0.380359360575676,0,0,0,0,1.0,0,0,0,0,0,0,False,,,,,,,,,,,,,,,
1767766761.125305,0,follower,auto,1.0498605966567993,0.9372710585594177,-0.13271528482437134,1.1616591501235962,1.0,-0.308295750617981,0.1117985534667969,0.06272894144058228,-0.17558046579360964,-18.007460861181293,8.762218935691887,6.132253409686841,-1,,,,,,,,True,9.0,-18.0,0.0,optimal,0,9.0,-18.0,0.7471053344142133,0.7042894396134642,0.3921552173403163,True,0.0,True,0.0,0.0
1767766761.2266092,1,follower,auto,0.4770173132419586,0.9460812211036682,0.08332233875989914,0.3616591501235962,1.0,-0.308295750617981,-0.11535816311836244,0.05391877889633179,-0.3916180893778801,-5.021699229840773,4.878211397197358,4.949228063241324,-1,,,,,,,,True,5.1699657899036175,-5.335084721954637,31.861976800553947,optimal,0,-15.0,-30.0,0.07781046802889541,-0.43216234118255203,0.8455681891436547,True,0.0,True,0.0,0.0
1767766761.3313568,0,leader,auto,1.0498605966567993,0.9372710585594177,-0.13271528482437134,1.1616591501235962,1.0,-0.308295750617981,0.1117985534667969,0.06272894144058228,-0.17558046579360964,0,0,0,0,1.0,0,0,0,0,0,0,False,,,,,,,,,,,,,,,
1767766761.431791,1,follower,auto,0.4770173132419586,0.9460812211036682,0.08332233875989914,0.3616591501235962,1.0,-0.308295750617981,-0.11535816311836244,0.05391877889633179,-0.3916180893778801,0,0,0,0,1.0,0,0,0,0,0,0,False,,,,,,,,,,,,,,,
1767766761.433987,0,follower,auto,1.056298017501831,0.9386599063873291,-0.15894943475723267,1.167770848274231,1.0,-0.33885424137115483,0.1114728307724,0.0613400936126709,-0.17990480661392216,-18.998166686527455,7.754592683316342,6.139169803235876,-1,,,,,,,,True,8.0,-19.0,0.0,optimal,0,8.0,-19.0,0.7420809898307097,0.7650390610271833,0.3324075079259189,True,0.0,True,0.0,0.0
1767766761.5354617,1,follower,auto,0.4892977774143219,0.9551637172698975,0.06404935568571091,0.367770848274231,1.0,-0.33885424137115483,-0.12152692914009089,0.04483628273010254,-0.40290359705686574,-5.023775234211784,3.8787518814285136,3.942613626231456,-1,,,,,,,,True,4.962595070821674,-5.834882582789078,31.99036248451755,infeasible,0,-16.0,-30.0,0.06756399063206092,-0.42997086155226294,0.8377745808817215,True,0.0,True,0.0,0.0
1767766761.6652668,0,leader,auto,1.056298017501831,0.9386599063873291,-0.15894943475723267,1.167770848274231,1.0,-0.33885424137115483,0.1114728307724,0.0613400936126709,-0.17990480661392216,0,0,0,0,1.0,0,0,0,0,0,0,False,,,,,,,,,,,,,,,
1767766761.7675126,1,follower,auto,0.4892977774143219,0.9551637172698975,0.06404935568571091,0.367770848274231,1.0,-0.33885424137115483,-0.12152692914009089,0.04483628273010254,-0.40290359705686574,0,0,0,0,1.0,0,0,0,0,0,0,False,,,,,,,,,,,,,,,
1767766761.7698944,0,follower,auto,1.069265604019165,0.9334812164306641,-0.1982201486825943,1.1739481782913208,1.0,-0.36974089145660405,0.10468257427215577,0.06651878356933594,-0.17152074277400975,-17.982403097102797,7.742261186540446,6.166128001831158,-1,,,,,,,,True,8.0,-18.0,0.0,optimal,0,8.0,-18.0,0.7444000105996254,0.8547850868181166,0.22141316095672203,True,0.0,True,0.0,0.0
1767766761.8713396,1,follower,auto,0.49969539046287537,0.9634841680526733,0.04700320586562157,0.37394817829132077,1.0,-0.36974089145660405,-0.1257472121715546,0.03651583194732666,-0.4167440973222256,-6.028138097759873,3.8831020314299924,2.92936627532831,-1,,,,,,,,True,4.821951824348645,-6.112091818364117,32.35474831795883,infeasible,0,-17.0,-30.0,0.05890799047711309,-0.43147963969755104,0.8051065691605507,True,0.0,True,0.0,0.0
1767766762.0088742,0,leader,auto,1.069265604019165,0.9334812164306641,-0.1982201486825943,1.1739481782913208,1.0,-0.36974089145660405,0.10468257427215577,0.06651878356933594,-0.17152074277400975,0,0,0,0,1.0,0,0,0,0,0,0,False,,,,,,,,,,,,,,,
1767766762.1093202,1,follower,auto,0.49969539046287537,0.9634841680526733,0.04700320586562157,0.37394817829132077,1.0,-0.36974089145660405,-0.1257472121715546,0.03651583194732666,-0.4167440973222256,0,0,0,0,1.0,0,0,0,0,0,0,False,,,,,,,,,,,,,,,
1767766762.1110454,0,follower,auto,1.0851532220840454,0.9199883341789246,-0.24454401433467865,1.180668158531189,1.0,-0.40334079265594486,0.09551493644714348,0.08001166582107544,-0.1587967783212662,-15.964610238298702,6.7318308241070275,8.191516411825175,-1,,,,,,,,True,7.0,-16.0,0.0,optimal,0,7.0,-16.0,0.7528152760116265,0.9205867068805298,0.14481650385153993,True,0.0,True,0.0,0.0
1767766762.2123234,1,follower,auto,0.5075461268424988,0.960202693939209,0.027379993349313736,0.38066815853118885,1.0,-0.40334079265594486,-0.12687796831130993,0.039797306060791016,-0.4307207860052586,-4.017416431139943,6.890667814684029,2.9202251898148393,-1,,,,,,,,True,7.280414564677169,-4.770756401394699,35.01504339552293,infeasible,0,-17.0,-30.0,0.04573272825794411,-0.46131891645010986,0.7995508109838022,True,0.0,True,0.0,0.0
1767766762.34824,0,leader,auto,1.0851532220840454,0.9199883341789246,-0.24454401433467865,1.180668158531189,1.0,-0.40334079265594486,0.09551493644714348,0.08001166582107544,-0.1587967783212662,0,0,0,0,1.0,0,0,0,0,0,0,False,,,,,,,,,,,,,,,
1767766762.448677,1,follower,auto,0.5075461268424988,0.960202693939209,0.027379993349313736,0.38066815853118885,1.0,-0.40334079265594486,-0.12687796831130993,0.039797306060791016,-0.4307207860052586,0,0,0,0,1.0,0,0,0,0,0,0,False,,,,,,,,,,,,,,,
1767766762.4509418,0,follower,auto,1.1102527379989624,0.9130786657333374,-0.29155778884887695,1.1874846792221068,1.0,-0.4374233961105347,0.07723194122314436,0.0869213342666626,-0.14586560726165776,-14.969641585774697,4.712622282353072,8.206464363320478,-1,,,,,,,,True,5.0,-15.0,0.0,optimal,0,5.0,-15.0,0.786109297623762,1.0920946427435514,0.04319449540963144,True,0.0,True,0.0,0.0
1767766762.5522702,1,follower,auto,0.519585907459259,0.9514175057411194,0.0037624703254550695,0.3874846792221067,1.0,-0.4374233961105347,-0.1321012282371523,0.048582494258880615,-0.4411858664359898,-5.005190895685863,6.892131795654332,3.9160535520694775,-1,,,,,,,,True,7.399890149117599,-5.3736365366722865,35.378131621316065,optimal,0,-18.0,-30.0,0.03374614173866669,-0.46085872798643857,0.8247349214291637,True,0.0,True,0.0,0.0
1767766762.6543157,0,leader,auto,1.1102527379989624,0.9130786657333374,-0.29155778884887695,1.1874846792221068,1.0,-0.4374233961105347,0.07723194122314436,0.0869213342666626,-0.14586560726165776,0,0,0,0,1.0,0,0,0,0,0,0,False,,,,,,,,,,,,,,,
1767766762.754753,1,follower,auto,0.519585907459259,0.9514175057411194,0.0037624703254550695,0.3874846792221067,1.0,-0.4374233961105347,-0.1321012282371523,0.048582494258880615,-0.4411858664359898,0,0,0,0,1.0,0,0,0,0,0,0,False,,,,,,,,,,,,,,,
1767766762.7564263,0,follower,auto,1.1381287574768066,0.915193498134613,-0.3281213343143463,1.1942836475372314,1.0,-0.47141823768615726,0.056154890060424734,0.08480650186538696,-0.14329690337181095,-13.989333328732096,2.6999733255645717,8.199701505570038,-1,,,,,,,,True,3.0,-14.0,0.0,optimal,0,3.0,-14.0,0.8348793443135805,1.2305658995689557,0.02149052824003589,True,0.0,True,0.0,0.0
1767766762.8576746,1,follower,auto,0.535477340221405,0.9367519021034241,-0.02121066302061081,0.39428364753723133,1.0,-0.47141823768615726,-0.1411936926841737,0.06324809789657593,-0.45020757466554645,-6.987302443948183,5.891105908015262,5.914590084349483,-1,,,,,,,,True,6.4875516487264875,-7.210673471120142,34.19018415695369,infeasible,0,-19.0,-30.0,0.02597521109575346,-0.44206727228252884,0.8598443278961376,True,0.0,True,0.0,0.0
1767766762.96076,0,leader,auto,1.1381287574768066,0.915193498134613,-0.3281213343143463,1.1942836475372314,1.0,-0.47141823768615726,0.056154890060424734,0.08480650186538696,-0.14329690337181095,0,0,0,0,1.0,0,0,0,0,0,0,False,,,,,,,,,,,,,,,
1767766763.0612025,1,follower,auto,0.535477340221405,0.9367519021034241,-0.02121066302061081,0.39428364753723133,1.0,-0.47141823768615726,-0.1411936926841737,0.06324809789657593,-0.45020757466554645,0,0,0,0,1.0,0,0,0,0,0,0,False,,,,,,,,,,,,,,,
1767766763.0628967,0,follower,auto,1.1578449010849,0.91370689868927,-0.3577328622341156,1.200391707420349,1.0,-0.5019585371017456,0.04254680633544905,0.08629310131072998,-0.14422567486763005,-13.992216707804275,1.7094638157588569,8.189324953323133,-1,,,,,,,,True,2.0,-14.0,0.0,optimal,0,2.0,-14.0,0.8708447534563988,1.1466012304788447,0.14263703778459053,True,0.0,True,0.0,0.0
1767766763.1641414,1,follower,auto,0.5587498545646667,0.9266272187232971,-0.04636447876691818,0.4003917074203489,1.0,-0.5019585371017456,-0.15835814714431784,0.07337278127670288,-0.45559405833482747,-10.986143807639715,1.878494245296386,6.91396685667198,-1,,,,,,,,True,2.313146589817638,-11.884494821912092,28.74105145251336,infeasible,0,-20.0,-30.0,0.027986586100446076,-0.37233547282445745,0.8948649337122967,True,0.0,True,0.0,0.0
1767766763.3044004,0,leader,auto,1.1578449010849,0.91370689868927,-0.3577328622341156,1.200391707420349,1.0,-0.5019585371017456,0.04254680633544905,0.08629310131072998,-0.14422567486763005,0,0,0,0,1.0,0,0,0,0,0,0,False,,,,,,,,,,,,,,,
1767766763.404764,1,follower,auto,0.5587498545646667,0.9266272187232971,-0.04636447876691818,0.4003917074203489,1.0,-0.5019585371017456,-0.15835814714431784,0.07337278127670288,-0.45559405833482747,0,0,0,0,1.0,0,0,0,0,0,0,False,,,,,,,,,,,,,,,
1767766763.4062612,0,follower,auto,1.168858289718628,0.9114664196968079,-0.3853818476200104,1.206520972251892,1.0,-0.5326048612594605,0.03766268253326399,0.08853358030319214,-0.14722301363945012,-14.990403316598675,1.7286247424096564,8.181649502550222,-1,,,,,,,,True,2.0,-15.0,0.0,optimal,0,2.0,-15.0,0.8893670222989585,1.0285376140541644,0.26938569420280606,True,0.0,True,0.0,0.0
1767766763.5074148,1,follower,auto,0.5835642218589783,0.9259108304977417,-0.07765158265829086,0.4065209722518919,1.0,-0.5326048612594605,-0.1770432496070864,0.0740891695022583,-0.45495327860116963,-11.99937918533982,1.8674197034375868,6.923597512937668,-1,,,,,,,,True,2.2665822703339558,-12.437318409412967,29.95521323134307,infeasible,0,-22.0,-30.0,0.028925386664921338,-0.38841623952885207,0.9098415915124078,True,0.0,True,0.0,0.0
1767766763.6107838,0,leader,auto,1.168858289718628,0.9114664196968079,-0.3853818476200104,1.206520972251892,1.0,-0.5326048612594605,0.03766268253326399,0.08853358030319214,-0.14722301363945012,0,0,0,0,1.0,0,0,0,0,0,0,False,,,,,,,,,,,,,,,
1767766763.7112248,1,follower,auto,0.5835642218589783,0.9259108304977417,-0.07765158265829086,0.4065209722518919,1.0,-0.5326048612594605,-0.1770432496070864,0.0740891695022583,-0.45495327860116963,0,0,0,0,1.0,0,0,0,0,0,0,False,,,,,,,,,,,,,,,
1767766763.7129223,0,follower,auto,1.1705571413040161,0.90913325548172,-0.4082008898258209,1.2133862924575805,1.0,-0.5669314622879029,0.04282915115356434,0.09086674451828003,-0.158730572462082,-15.98770552831338,1.753361232036671,9.171598990972239,-1,,,,,,,,True,2.0,-16.0,0.0,optimal,0,2.0,-16.0,0.8886310976866014,0.9140879501924302,0.369194929945018,True,0.0,True,0.0,0.0
1767766763.8142114,1,follower,auto,0.6066697835922241,0.9288848638534546,-0.10551955550909042,0.4133862924575804,1.0,-0.5669314622879029,-0.19328349113464371,0.07111513614654541,-0.4614119067788125,-14.010036717385354,-0.14100145906397693,6.923840752645458,-1,,,,,,,,True,0.07994796858665154,-14.342275097797057,28.72295672946827,infeasible,0,-24.0,-30.0,0.03366304740958165,-0.3741343758387339,0.9214380468880468,True,0.0,True,0.0,0.0
1767766764.0429904,0,leader,auto,1.1705571413040161,0.90913325548172,-0.4082008898258209,1.2133862924575805,1.0,-0.5669314622879029,0.04282915115356434,0.09086674451828003,-0.158730572462082,0,0,0,0,1.0,0,0,0,0,0,0,False,,,,,,,,,,,,,,,
1767766764.1434188,1,follower,auto,0.6066697835922241,0.9288848638534546,-0.10551955550909042,0.4133862924575804,1.0,-0.5669314622879029,-0.19328349113464371,0.07111513614654541,-0.4614119067788125,0,0,0,0,1.0,0,0,0,0,0,0,False,,,,,,,,,,,,,,,
1767766764.1449647,0,follower,auto,1.1677149534225464,0.9089630842208862,-0.4395196735858917,1.2195217609405515,1.0,-0.5976088047027589,0.05180680751800515,0.09103691577911377,-0.15808913111686718,-15.991461257926959,2.769782447503305,9.175278760214269,-1,,,,,,,,True,3.0,-16.0,0.0,optimal,0,3.0,-16.0,0.8772160823297768,0.8851891648863042,0.4184971659282778,True,0.0,True,0.0,0.0
1767766764.2460558,1,follower,auto,0.6180557012557983,0.9259266257286072,-0.1479119509458542,0.4195217609405515,1.0,-0.5976088047027589,-0.19853394031524685,0.07407337427139282,-0.4496968537569047,-10.003919619956703,8.867960384863052,6.946229248659052,-1,,,,,,,,True,9.495424978562284,-10.918647285383553,38.54920901800833,optimal,0,-24.0,-30.0,0.0159588441415513,-0.4935663832426133,0.9158691888319461,True,0.0,True,0.0,0.0
1767766764.3494754,0,leader,auto,1.1677149534225464,0.9089630842208862,-0.4395196735858917,1.2195217609405515,1.0,-0.5976088047027589,0.05180680751800515,0.09103691577911377,-0.15808913111686718,0,0,0,0,1.0,0,0,0,0,0,0,False,,,,,,,,,,,,,,,
1767766764.449922,1,follower,auto,0.6180557012557983,0.9259266257286072,-0.1479119509458542,0.4195217609405515,1.0,-0.5976088047027589,-0.19853394031524685,0.07407337427139282,-0.4496968537569047,0,0,0,0,1.0,0,0,0,0,0,0,False,,,,,,,,,,,,,,,
1767766764.4516068,0,follower,auto,1.169166922569275,0.9122846126556396,-0.46753787994384766,1.2281591033935544,1.0,-0.6407955169677736,0.05899218082427948,0.08771538734436035,-0.17325763702392594,-16.994307864306073,3.771112675096481,8.170662841594106,-1,,,,,,,,True,4.0,-17.0,0.0,optimal,0,4.0,-17.0,0.8780050820686489,0.9792815844631035,0.3692063371133474,True,0.0,True,0.0,0.0
1767766764.5528457,1,follower,auto,0.628096342086792,0.9347918629646301,-0.18296919763088226,0.42815910339355434,1.0,-0.6407955169677736,-0.19993723869323765,0.06520813703536987,-0.45782631933689133,-13.019661723804203,8.870529486041496,5.945264631902051,-1,,,,,,,,True,9.268371549023676,-13.207833227209782,37.26608928300752,optimal,0,-24.0,-30.0,0.005013544593615082,-0.4719487784871562,0.9568708036138818,True,0.0,True,0.0,0.0
1767766764.686958,0,leader,auto,1.169166922569275,0.9122846126556396,-0.46753787994384766,1.2281591033935544,1.0,-0.6407955169677736,0.05899218082427948,0.08771538734436035,-0.17325763702392594,0,0,0,0,1.0,0,0,0,0,0,0,False,,,,,,,,,,,,,,,
1767766764.7873309,1,follower,auto,0.628096342086792,0.9347918629646301,-0.18296919763088226,0.42815910339355434,1.0,-0.6407955169677736,-0.19993723869323765,0.06520813703536987,-0.45782631933689133,0,0,0,0,1.0,0,0,0,0,0,0,False,,,,,,,,,,,,,,,
1767766764.789002,0,follower,auto,1.1748411655426025,0.9174515604972839,-0.5022262930870056,1.234295558929443,1.0,-0.6714777946472169,0.059454393386840554,0.08254843950271606,-0.1692515015602113,-16.99920198541811,3.7671763587671188,8.174029451041187,-1,,,,,,,,True,4.0,-17.0,0.0,optimal,0,4.0,-17.0,0.8902567206344101,1.0771777533376783,0.3448751623415445,True,0.0,True,0.0,0.0
1767766764.8901737,1,follower,auto,0.6386916637420654,0.9375388026237488,-0.22846712172031403,0.43429555892944305,1.0,-0.6714777946472169,-0.20439610481262238,0.06246119737625122,-0.4430106729269029,-15.014960389265934,8.869616638142237,5.961783575920722,-1,,,,,,,,True,9.644498943626573,-15.27126460426214,37.64541078820371,infeasible,0,-25.0,-30.0,-0.0083428546795416,-0.47027679453431415,0.9826089352053453,True,0.0,True,0.0,0.0
1767766765.05334,0,leader,auto,1.1748411655426025,0.9174515604972839,-0.5022262930870056,1.234295558929443,1.0,-0.6714777946472169,0.059454393386840554,0.08254843950271606,-0.1692515015602113,0,0,0,0,1.0,0,0,0,0,0,0,False,,,,,,,,,,,,,,,
1767766765.1537683,1,follower,auto,0.6386916637420654,0.9375388026237488,-0.22846712172031403,0.43429555892944305,1.0,-0.6714777946472169,-0.20439610481262238,0.06246119737625122,-0.4430106729269029,0,0,0,0,1.0,0,0,0,0,0,0,False,,,,,,,,,,,,,,,
1767766765.1554828,0,follower,auto,1.1871342658996582,0.9239059686660767,-0.5461825728416443,1.2410419702529905,1.0,-0.7052098512649537,0.05390770435333225,0.07609403133392334,-0.15902727842330944,-16.006948028152976,2.7561156749927305,7.180774556794395,-1,,,,,,,,True,3.0,-16.0,0.0,optimal,0,3.0,-16.0,0.9214205953073942,1.2112951151423703,0.31530431717563223,True,0.0,True,0.0,0.0
1767766765.2566955,1,follower,auto,0.6487943530082703,0.9321824312210083,-0.2898148000240326,0.4410419702529904,1.0,-0.7052098512649537,-0.20775238275527985,0.0678175687789917,-0.41539505124092113,-17.998684210577462,8.871503529154769,5.992652338447709,-1,,,,,,,,True,9.251784638588674,-18.90369780437383,36.00434242344827,optimal,0,-25.0,-30.0,-0.024888069215642517,-0.4419835730991576,0.9947968229820956,True,0.0,True,0.0,0.0
1767766765.3602161,0,leader,auto,1.1871342658996582,0.9239059686660767,-0.5461825728416443,1.2410419702529905,1.0,-0.7052098512649537,0.05390770435333225,0.07609403133392334,-0.15902727842330944,0,0,0,0,1.0,0,0,0,0,0,0,False,,,,,,,,,,,,,,,
1767766765.4606633,1,follower,auto,0.6487943530082703,0.9321824312210083,-0.2898148000240326,0.4410419702529904,1.0,-0.7052098512649537,-0.20775238275527985,0.0678175687789917,-0.41539505124092113,0,0,0,0,1.0,0,0,0,0,0,0,False,,,,,,,,,,,,,,,
1767766765.462372,0,follower,auto,1.2001816034317017,0.9229676127433777,-0.5831661820411682,1.2483718967437742,1.0,-0.7418594837188722,0.048190293312072585,0.07703238725662231,-0.158693301677704,-16.000257100267945,2.7500756710828336,7.17105928784568,-1,,,,,,,,True,3.0,-16.0,0.0,optimal,0,3.0,-16.0,0.9573524950511951,1.3229601333163994,0.30297397391509295,True,0.0,True,0.0,0.0
1767766765.5636592,1,follower,auto,0.6569668054580688,0.9269862174987793,-0.3390473425388336,0.4483718967437742,1.0,-0.7418594837188722,-0.20859490871429465,0.0730137825012207,-0.4028121411800386,-20,5.876273154784295,6.989601131887,-1,,,,,,,,True,6.54761114942945,-22.271037427055703,32.48058853668725,optimal,0,-25.0,-30.0,-0.0324888585824083,-0.3954551468797314,0.9688245002437001,True,0.0,True,0.0,0.0
1767766765.703664,0,leader,auto,1.2001816034317017,0.9229676127433777,-0.5831661820411682,1.2483718967437742,1.0,-0.7418594837188722,0.048190293312072585,0.07703238725662231,-0.158693301677704,0,0,0,0,1.0,0,0,0,0,0,0,False,,,,,,,,,,,,,,,
1767766765.8040977,1,follower,auto,0.6569668054580688,0.9269862174987793,-0.3390473425388336,0.4483718967437742,1.0,-0.7418594837188722,-0.20859490871429465,0.0730137825012207,-0.4028121411800386,0,0,0,0,1.0,0,0,0,0,0,0,False,,,,,,,,,,,,,,,
1767766765.8058126,0,follower,auto,1.214253306388855,0.9146468639373779,-0.6315814256668091,1.2545109081268309,1.0,-0.7725545406341554,0.04025760173797588,0.08535313606262207,-0.14097311496734632,-13.986877336145561,1.7456468985694942,8.176451783138392,-1,,,,,,,,True,2.0,-14.0,0.0,optimal,0,2.0,-14.0,1.0017247636567765,1.3949241646943917,0.31187305353503103,True,0.0,True,0.0,0.0
1767766765.90726,1,follower,auto,0.666418731212616,0.9223182797431946,-0.4056534171104431,0.4545109081268308,1.0,-0.7725545406341554,-0.21190782308578515,0.07768172025680542,-0.3669011235237123,-20,-0.12258202298609813,7.016673203709948,-1,,,,,,,,True,0.4103817390111004,-26.402588080571185,25.663765753301234,optimal,0,-25.0,-30.0,-0.03698479698603102,-0.31092044183971695,0.9190795111437375,True,0.0,True,0.0,0.0
1767766766.010054,0,leader,auto,1.214253306388855,0.9146468639373779,-0.6315814256668091,1.2545109081268309,1.0,-0.7725545406341554,0.04025760173797588,0.08535313606262207,-0.14097311496734632,0,0,0,0,1.0,0,0,0,0,0,0,False,,,,,,,,,,,,,,,
1767766766.1106918,1,follower,auto,0.666418731212616,0.9223182797431946,-0.4056534171104431,0.4545109081268308,1.0,-0.7725545406341554,-0.21190782308578515,0.07768172025680542,-0.3669011235237123,0,0,0,0,1.0,0,0,0,0,0,0,False,,,,,,,,,,,,,,,
1767766766.1126418,0,follower,auto,1.2209243774414062,0.9136384725570679,-0.6817681789398193,1.2613841676712034,1.0,-0.8069208383560182,0.04045979022979718,0.08636152744293213,-0.1251526594161989,-11.990530785334444,1.7524034093087404,8.178211285220945,-1,,,,,,,,True,2.0,-12.0,0.0,optimal,0,2.0,-12.0,1.0336960063057836,1.3964731826404104,0.33877661746405274,True,0.0,True,0.0,0.0
1767766766.213901,1,follower,auto,0.6687523126602173,0.9260871410369873,-0.4662744402885437,0.4613841676712034,1.0,-0.8069208383560182,-0.2073681449890139,0.0739128589630127,-0.34064639806747454,-20,-1.1120298087839138,7.019344009161958,-1,,,,,,,,True,-1.0604506789844912,-28.843145472944503,22.968701213783763,infeasible,0,-24.0,-30.0,-0.041632930933759915,-0.2768380600723545,0.8589292745869701,True,0.0,True,0.0,0.0
1767766766.3179522,0,leader,auto,1.2209243774414062,0.9136384725570679,-0.6817681789398193,1.2613841676712034,1.0,-0.8069208383560182,0.04045979022979718,0.08636152744293213,-0.1251526594161989,0,0,0,0,1.0,0,0,0,0,0,0,False,,,,,,,,,,,,,,,
1767766766.4183512,1,follower,auto,0.6687523126602173,0.9260871410369873,-0.4662744402885437,0.4613841676712034,1.0,-0.8069208383560182,-0.2073681449890139,0.0739128589630127,-0.34064639806747454,0,0,0,0,1.0,0,0,0,0,0,0,False,,,,,,,,,,,,,,,
1767766766.4196405,0,follower,auto,1.2191945314407349,0.9190040230751038,-0.7302983999252319,1.2675162124633788,1.0,-0.8375810623168947,0.04832168102264389,0.08099597692489624,-0.10728266239166273,-11.001667629841666,2.766933777042195,8.170037144287635,-1,,,,,,,,True,3.0,-11.0,0.0,optimal,0,3.0,-11.0,1.049472658503115,1.3289811028974934,0.42959031113218993,True,0.0,True,0.0,0.0
1767766766.520695,1,follower,auto,0.6702885031700134,0.9281010031700134,-0.5336843729019165,0.4675162124633787,1.0,-0.8375810623168947,-0.20277229070663472,0.07189899682998657,-0.30389668941497816,-20,-9.109777690966244,7.035314037561705,-1,,,,,,,,True,-9.675278887030792,-27.669614461027763,13.341535753608909,optimal,0,-23.0,-27.0,-0.03957868554030747,-0.16117133243716403,0.7495684906401996,True,0.0,True,0.0,0.0
1767766766.6246905,0,leader,auto,1.2191945314407349,0.9190040230751038,-0.7302983999252319,1.2675162124633788,1.0,-0.8375810623168947,0.04832168102264389,0.08099597692489624,-0.10728266239166273,0,0,0,0,1.0,0,0,0,0,0,0,False,,,,,,,,,,,,,,,
1767766766.725159,1,follower,auto,0.6702885031700134,0.9281010031700134,-0.5336843729019165,0.4675162124633787,1.0,-0.8375810623168947,-0.20277229070663472,0.07189899682998657,-0.30389668941497816,0,0,0,0,1.0,0,0,0,0,0,0,False,,,,,,,,,,,,,,,
1767766766.726892,0,follower,auto,1.2168257236480713,0.9251723885536194,-0.7737041711807251,1.2736519861221312,1.0,-0.8682599306106569,0.05682626247405986,0.07482761144638062,-0.09455575942993177,-10.007417159546524,3.773159806760539,7.152539465029302,-1,,,,,,,,True,4.0,-10.0,0.0,optimal,0,4.0,-10.0,1.06557881505338,1.3597362896815322,0.4838647911992853,True,0.0,True,0.0,0.0
1767766766.8282833,1,follower,auto,0.6714276671409607,0.9299378395080566,-0.6032031774520874,0.4736519861221311,1.0,-0.8682599306106569,-0.19777568101882959,0.07006216049194336,-0.26505675315856947,-20,-18.10966362972239,7.051350855040637,-1,,,,,,,,True,-18.272013776322943,-23.573017828442133,3.771767585050603,infeasible,0,-22.0,-23.0,-0.028533991961440186,-0.04611978637072289,0.6264487488106001,True,0.0,True,0.0,0.0
1767766766.9411106,0,leader,auto,1.2168257236480713,0.9251723885536194,-0.7737041711807251,1.2736519861221312,1.0,-0.8682599306106569,0.05682626247405986,0.07482761144638062,-0.09455575942993177,0,0,0,0,1.0,0,0,0,0,0,0,False,,,,,,,,,,,,,,,
1767766767.0418594,1,follower,auto,0.6714276671409607,0.9299378395080566,-0.6032031774520874,0.4736519861221311,1.0,-0.8682599306106569,-0.19777568101882959,0.07006216049194336,-0.26505675315856947,0,0,0,0,1.0,0,0,0,0,0,0,False,,,,,,,,,,,,,,,
1767766767.0435274,0,follower,auto,1.2159152030944824,0.933454692363739,-0.8140572905540466,1.279803714752197,1.0,-0.8990185737609865,0.06388851165771459,0.06654530763626099,-0.08496128320693985,-9.014777353545758,4.770472232709047,6.1333109077213,-1,,,,,,,,True,5.0,-9.0,0.0,optimal,0,5.0,-9.0,1.0870817628664453,1.425981149189961,0.508614645857904,True,0.0,True,0.0,0.0
1767766767.1447291,1,follower,auto,0.665098249912262,0.9298450350761414,-0.6755161881446838,0.47980371475219696,1.0,-0.8990185737609865,-0.185294535160065,0.07015496492385864,-0.22350238561630265,-19.999350879080176,-20,7.069815512182738,-1,,,,,,,,True,-20.0,-20.0,0.0,optimal,0,-20.0,-20.0,-0.01683838566280621,0.019263571093742493,0.5063589135406473,True,0.0,True,0.0,0.0
1767766767.2464662,0,leader,auto,1.2159152030944824,0.933454692363739,-0.8140572905540466,1.279803714752197,1.0,-0.8990185737609865,0.06388851165771459,0.06654530763626099,-0.08496128320693985,0,0,0,0,1.0,0,0,0,0,0,0,False,,,,,,,,,,,,,,,
1767766767.3469288,1,follower,auto,0.665098249912262,0.9298450350761414,-0.6755161881446838,0.47980371475219696,1.0,-0.8990185737609865,-0.185294535160065,0.07015496492385864,-0.22350238561630265,0,0,0,0,1.0,0,0,0,0,0,0,False,,,,,,,,,,,,,,,
1767766767.3485646,0,follower,auto,1.2148605585098267,0.9374890923500061,-0.8477060198783875,1.2861326742172239,1.0,-0.9306633710861207,0.07127211570739722,0.0625109076499939,-0.08295735120773329,-8.01090323064945,5.7615862829118125,6.111235960972243,-1,,,,,,,,True,6.0,-8.0,0.0,optimal,0,6.0,-8.0,1.1067856528824775,1.4490325335740482,0.5177842873543673,True,0.0,True,0.0,0.0
1767766767.450618,1,follower,auto,0.642748236656189,0.9331045746803284,-0.737464427947998,0.48613267421722384,1.0,-0.9306633710861207,-0.15661556243896513,0.06689542531967163,-0.1931989431381227,-18.0025256030223,-13.065405061617357,6.070154146099814,-1,,,,,,,,True,-13.443189259704088,-18.314069770393562,3.7917913977098663,infeasible,0,-17.0,-17.0,-0.020485349734689684,-0.04676721583959459,0.3871117561313193,True,0.0,True,0.0,0.0
1767766767.5561469,0,leader,auto,1.2148605585098267,0.9374890923500061,-0.8477060198783875,1.2861326742172239,1.0,-0.9306633710861207,0.07127211570739722,0.0625109076499939,-0.08295735120773329,0,0,0,0,1.0,0,0,0,0,0,0,False,,,,,,,,,,,,,,,
1767766767.6568632,1,follower,auto,0.642748236656189,0.9331045746803284,-0.737464427947998,0.48613267421722384,1.0,-0.9306633710861207,-0.15661556243896513,0.06689542531967163,-0.1931989431381227,0,0,0,0,1.0,0,0,0,0,0,0,False,,,,,,,,,,,,,,,
1767766767.6622949,0,follower,auto,1.2089558839797974,0.9356001019477844,-0.8837050199508667,1.2922508668899533,1.0,-0.9612543344497682,0.08329498291015591,0.06439989805221558,-0.07754931449890146,-7.999605573219722,6.752757867772256,6.102376695946435,-1,,,,,,,,True,7.0,-8.0,0.0,optimal,0,7.0,-8.0,1.1188038717448683,1.4385395658965767,0.5109242956729421,True,0.0,True,0.0,0.0
1767766767.7664058,1,follower,auto,0.6012319326400757,0.9373449087142944,-0.7943297624588013,0.49225086688995323,1.0,-0.9612543344497682,-0.10898106575012245,0.06265509128570557,-0.16692457199096689,-18.0073857698578,-4.019353068415779,6.069049397750118,-1,,,,,,,,True,-4.814558463156625,-18.51759310490047,8.00025195422228,optimal,0,-12.0,-15.0,-0.04189015410482505,-0.09639808641109243,0.24214361554230368,True,0.0,True,0.0,0.0
1767766767.910481,0,leader,auto,1.2089558839797974,0.9356001019477844,-0.8837050199508667,1.2922508668899533,1.0,-0.9612543344497682,0.08329498291015591,0.06439989805221558,-0.07754931449890146,0,0,0,0,1.0,0,0,0,0,0,0,False,,,,,,,,,,,,,,,
1767766768.0121856,1,follower,auto,0.6012319326400757,0.9373449087142944,-0.7943297624588013,0.49225086688995323,1.0,-0.9612543344497682,-0.10898106575012245,0.06265509128570557,-0.16692457199096689,0,0,0,0,1.0,0,0,0,0,0,0,False,,,,,,,,,,,,,,,
1767766768.0138059,0,follower,auto,1.192652702331543,0.9296476244926453,-0.9273641109466553,1.2985796308517452,1.0,-0.9928981542587281,0.10592692852020225,0.07035237550735474,-0.0655340433120728,-6.989258462370237,8.750409355103635,7.100944120548839,-1,,,,,,,,True,9.0,-7.0,0.0,optimal,0,9.0,-7.0,1.1150605517039571,1.3883265101316375,0.515803104187317,True,0.0,True,0.0,0.0
1767766768.1148903,1,follower,auto,0.543764054775238,0.9376069903373718,-0.8643118739128113,0.49857963085174517,1.0,-0.9928981542587281,-0.04518442392349287,0.062393009662628174,-0.1285862803459168,-12.005669041804623,-4.972636380310195,6.093671622646874,-1,,,,,,,,True,-5.0,-12.0,0.0,optimal,0,-5.0,-12.0,-0.06159751126052776,0.0354341555484175,0.02325505711024574,True,0.0,True,0.0,0.0
1767766768.2668324,0,leader,auto,1.192652702331543,0.9296476244926453,-0.9273641109466553,1.2985796308517452,1.0,-0.9928981542587281,0.10592692852020225,0.07035237550735474,-0.0655340433120728,0,0,0,0,1.0,0,0,0,0,0,0,False,,,,,,,,,,,,,,,
1767766768.3672082,1,follower,auto,0.543764054775238,0.9376069903373718,-0.8643118739128113,0.49857963085174517,1.0,-0.9928981542587281,-0.04518442392349287,0.062393009662628174,-0.1285862803459168,0,0,0,0,1.0,0,0,0,0,0,0,False,,,,,,,,,,,,,,,
1767766768.3688307,0,follower,auto,1.1746704578399658,0.9250999689102173,-0.9732673764228821,1.305535507202148,1.0,-1.0276775360107422,0.13086504936218213,0.07490003108978271,-0.05441015958786011,-5.987381165439129,11.742448164921898,7.097656825084291,-1,,,,,,,,True,12.0,-6.0,0.0,optimal,0,12.0,-6.0,1.1138326941081529,1.4640192307506454,0.4572819134168374,True,0.0,True,0.0,0.0
1767766768.4699335,1,follower,auto,0.4911175072193146,0.9362171292304993,-0.9316481947898865,0.5055355072021479,1.0,-1.0276775360107422,0.01441799998283333,0.06378287076950073,-0.09602934122085571,-9.00361581478481,0.04467600549598411,6.103409776679583,-1,,,,,,,,True,0.0,-9.0,0.0,optimal,0,0.0,-9.0,-0.062483430037318655,0.1595258437513392,0.04798163858894555,True,0.0,True,0.0,0.0
1767766768.600489,0,leader,auto,1.1746704578399658,0.9250999689102173,-0.9732673764228821,1.305535507202148,1.0,-1.0276775360107422,0.13086504936218213,0.07490003108978271,-0.05441015958786011,0,0,0,0,1.0,0,0,0,0,0,0,False,,,,,,,,,,,,,,,
1767766768.701113,1,follower,auto,0.4911175072193146,0.9362171292304993,-0.9316481947898865,0.5055355072021479,1.0,-1.0276775360107422,0.01441799998283333,0.06378287076950073,-0.09602934122085571,0,0,0,0,1.0,0,0,0,0,0,0,False,,,,,,,,,,,,,,,
1767766768.7033503,0,follower,auto,1.1608092784881592,0.9261348843574524,-1.016297698020935,1.3126369237899775,1.0,-1.0631846189498901,0.15182764530181836,0.07386511564254761,-0.04688692092895508,-5.994167335991335,13.730467214733928,7.092670839458347,-1,,,,,,,,True,14.0,-6.0,0.0,optimal,0,14.0,-6.0,1.1240414940059174,1.5821361087895467,0.3839788888181429,True,0.0,True,0.0,0.0
1767766768.8044496,1,follower,auto,0.4563807249069214,0.9374486207962036,-0.982012927532196,0.5126369237899775,1.0,-1.0631846189498901,0.05625619888305611,0.06255137920379639,-0.08117169141769409,-8.00598743091215,4.031703468088328,6.085326909539672,-1,,,,,,,,True,4.0,-8.0,0.0,optimal,0,4.0,-8.0,-0.049380171625274805,0.22050248252278742,0.21942816229207718,True,0.0,True,0.0,0.0
1767766768.9358518,0,leader,auto,1.1608092784881592,0.9261348843574524,-1.016297698020935,1.3126369237899775,1.0,-1.0631846189498901,0.15182764530181836,0.07386511564254761,-0.04688692092895508,0,0,0,0,1.0,0,0,0,0,0,0,False,,,,,,,,,,,,,,,
1767766769.0365684,1,follower,auto,0.4563807249069214,0.9374486207962036,-0.982012927532196,0.5126369237899775,1.0,-1.0631846189498901,0.05625619888305611,0.06255137920379639,-0.08117169141769409,0,0,0,0,1.0,0,0,0,0,0,0,False,,,,,,,,,,,,,,,
1767766769.0388372,0,follower,auto,1.1541922092437744,0.9281898140907288,-1.0552527904510498,1.3193273448944087,1.0,-1.0966367244720459,0.1651351356506343,0.07181018590927124,-0.04138393402099605,-4.999438785244307,14.714053915903142,7.085127674886477,-1,,,,,,,,True,15.0,-5.0,0.0,optimal,0,15.0,-5.0,1.1504653171827022,1.706636768670098,0.2996293195333237,True,0.0,True,0.0,0.0
1767766769.1400907,1,follower,auto,0.43471184372901917,0.9349187612533569,-1.0253411531448364,0.5193273448944087,1.0,-1.0966367244720459,0.08461550116538952,0.06508123874664307,-0.07129557132720943,-8.00000923326668,7.015037586475617,6.0719486305468,-1,,,,,,,,True,7.0,-8.0,0.0,optimal,0,7.0,-8.0,-0.025042285734170278,0.3061644919480762,0.36428124007822904,True,0.0,True,0.0,0.0
1767766769.293106,0,leader,auto,1.1541922092437744,0.9281898140907288,-1.0552527904510498,1.3193273448944087,1.0,-1.0966367244720459,0.1651351356506343,0.07181018590927124,-0.04138393402099605,0,0,0,0,1.0,0,0,0,0,0,0,False,,,,,,,,,,,,,,,
1767766769.3935437,1,follower,auto,0.43471184372901917,0.9349187612533569,-1.0253411531448364,0.5193273448944087,1.0,-1.0966367244720459,0.08461550116538952,0.06508123874664307,-0.07129557132720943,0,0,0,0,1.0,0,0,0,0,0,0,False,,,,,,,,,,,,,,,
1767766769.3952074,0,follower,auto,1.1684640645980835,0.9288558959960938,-1.0883604288101196,1.326040511131286,1.0,-1.130202555656433,0.15757644653320257,0.07114410400390625,-0.04184212684631339,-5.999959957101727,14.67323402582561,7.075017901226548,-1,,,,,,,,True,15.0,-6.0,0.0,optimal,0,15.0,-6.0,1.221476264446702,2.026757922270788,0.08665139211913894,True,0.0,True,0.0,0.0
1767766769.496337,1,follower,auto,0.42166849970817566,0.932567298412323,-1.0609012842178345,0.526040511131286,1.0,-1.130202555656433,0.10437201142311037,0.067432701587677,-0.06930127143859854,-7.997750868472626,9.00874550060785,6.058626379887841,-1,,,,,,,,True,9.0,-8.0,0.0,optimal,0,9.0,-8.0,0.0024145742833597272,0.33623491641530917,0.4455090633925528,True,0.0,True,0.0,0.0
1767766769.649605,0,leader,auto,1.1684640645980835,0.9288558959960938,-1.0883604288101196,1.326040511131286,1.0,-1.130202555656433,0.15757644653320257,0.07114410400390625,-0.04184212684631339,0,0,0,0,1.0,0,0,0,0,0,0,False,,,,,,,,,,,,,,,
1767766769.750047,1,follower,auto,0.42166849970817566,0.932567298412323,-1.0609012842178345,0.526040511131286,1.0,-1.130202555656433,0.10437201142311037,0.067432701587677,-0.06930127143859854,0,0,0,0,1.0,0,0,0,0,0,0,False,,,,,,,,,,,,,,,
1767766769.7518961,0,follower,auto,1.1941556930541992,0.9199725389480591,-1.1073336601257324,1.3331647348403926,1.0,-1.1658236742019652,0.13900904178619333,0.08002746105194092,-0.05849001407623278,-5.985446894138689,10.639757901665435,8.051105848063429,-1,,,,,,,,True,11.51564806760859,-6.962636287728832,1.4848221126413752,optimal,0,13.0,-7.0,1.3048619939754735,2.150256677184706,0.0,True,0.0,True,0.0,0.0
1767766769.8530111,1,follower,auto,0.42287689447402954,0.9290575385093689,-1.0879192352294922,0.5331647348403925,1.0,-1.1658236742019652,0.11028784036636297,0.0709424614906311,-0.07790443897247301,-8.998251026175371,9.995741927004921,7.046936326003248,-1,,,,,,,,True,10.0,-9.0,0.0,optimal,0,10.0,-9.0,0.03447389503283055,0.40118680399592815,0.5515637253704493,True,0.0,True,0.0,0.0
1767766769.9568193,0,leader,auto,1.1941556930541992,0.9199725389480591,-1.1073336601257324,1.3331647348403926,1.0,-1.1658236742019652,0.13900904178619333,0.08002746105194092,-0.05849001407623278,0,0,0,0,1.0,0,0,0,0,0,0,False,,,,,,,,,,,,,,,
1767766770.0572882,1,follower,auto,0.42287689447402954,0.9290575385093689,-1.0879192352294922,0.5331647348403925,1.0,-1.1658236742019652,0.11028784036636297,0.0709424614906311,-0.07790443897247301,0,0,0,0,1.0,0,0,0,0,0,0,False,,,,,,,,,,,,,,,
1767766770.059006,0,follower,auto,1.2146308422088623,0.8992316126823425,-1.120017170906067,1.3402990055084223,1.0,-1.2014950275421141,0.12566816329956,0.10076838731765747,-0.08147785663604723,-8.958291306844245,10.634310750793476,10.033224320146262,-1,,,,,,,,True,11.0,-9.0,0.0,optimal,0,11.0,-9.0,1.3697493750633731,2.149217364692576,0.006651010301245375,True,0.0,True,0.0,0.0
1767766770.1601064,1,follower,auto,0.43129974603652954,0.928645670413971,-1.1096420288085938,0.5402990055084222,1.0,-1.2014950275421141,0.1089992594718927,0.07135432958602905,-0.09185299873352037,-10.01016554835497,8.984727716904006,7.03954027556663,-1,,,,,,,,True,9.0,-10.0,0.0,optimal,0,9.0,-10.0,0.0676828742210332,0.47862306638105295,0.5924173835737563,True,0.0,True,0.0,0.0
1767766770.263373,0,leader,auto,1.2146308422088623,0.8992316126823425,-1.120017170906067,1.3402990055084223,1.0,-1.2014950275421141,0.12566816329956,0.10076838731765747,-0.08147785663604723,0,0,0,0,1.0,0,0,0,0,0,0,False,,,,,,,,,,,,,,,
1767766770.3637848,1,follower,auto,0.43129974603652954,0.928645670413971,-1.1096420288085938,0.5402990055084222,1.0,-1.2014950275421141,0.1089992594718927,0.07135432958602905,-0.09185299873352037,0,0,0,0,1.0,0,0,0,0,0,0,False,,,,,,,,,,,,,,,
1767766770.3657312,0,follower,auto,1.2319468259811401,0.8265892267227173,-1.1369116306304932,1.3464404869079585,1.0,-1.2322024345397948,0.11449366092681834,0.17341077327728271,-0.09529080390930167,-8.860812191352514,10.635975058862883,17.03449661747599,0,,,,,,,,True,11.0,-9.0,0.0,optimal,0,11.0,-9.0,1.4333494072773993,2.211500307447349,0.02720640319001269,True,0.0,True,0.0,0.0
1767766770.46727,1,follower,auto,0.44337600469589233,0.919093906879425,-1.1260793209075928,0.5464404869079584,1.0,-1.2322024345397948,0.1030644822120661,0.08090609312057495,-0.10612311363220206,-10.026160236844595,9.977502255982495,8.029330768535392,0,,,,,,,,True,10.0,-10.0,0.0,optimal,0,10.0,-10.0,0.09855759760820454,0.5038606693741412,0.6395621867949776,True,0.0,True,0.0,0.0
1767766770.5707486,0,leader,auto,1.2319468259811401,0.8265892267227173,-1.1369116306304932,1.3464404869079585,1.0,-1.2322024345397948,0.11449366092681834,0.17341077327728271,-0.09529080390930167,0,0,0,0,1.0,0,0,0,0,0,0,False,,,,,,,,,,,,,,,
1767766770.6714098,1,follower,auto,0.44337600469589233,0.919093906879425,-1.1260793209075928,0.5464404869079584,1.0,-1.2322024345397948,0.1030644822120661,0.08090609312057495,-0.10612311363220206,0,0,0,0,1.0,0,0,0,0,0,0,False,,,,,,,,,,,,,,,
1767766770.6739805,0,follower,auto,1.2756332159042358,0.742576003074646,-1.1613900661468506,1.352583527565002,1.0,-1.2629176378250122,0.07695031166076616,0.257423996925354,-0.10152757167816162,-8.783379540856263,-16.415285923007335,20,-1,,,,,,,,True,-16.00184940818624,-9.086370557869248,22.02081052409364,optimal,0,6.0,-10.0,1.5746769211159182,2.818736952968949,5.551115123125783e-17,True,0.0,True,0.0,0.0
1767766770.775717,1,follower,auto,0.4413629472255707,0.9346308708190918,-1.1267468929290771,0.552583527565002,1.0,-1.2629176378250122,0.11122058033943127,0.0653691291809082,-0.13617074489593506,-14.096432100370281,9.011620718570452,5.996455109581309,-1,,,,,,,,True,9.0,-14.0,0.0,optimal,0,9.0,-14.0,0.09761291897989405,0.32105161393553333,0.4250985620689547,True,0.0,True,0.0,0.0
1767766770.8796556,0,leader,auto,1.2756332159042358,0.742576003074646,-1.1613900661468506,1.352583527565002,1.0,-1.2629176378250122,0.07695031166076616,0.257423996925354,-0.10152757167816162,0,0,0,0,1.0,0,0,0,0,0,0,False,,,,,,,,,,,,,,,
1767766770.980073,1,follower,auto,0.4413629472255707,0.9346308708190918,-1.1267468929290771,0.552583527565002,1.0,-1.2629176378250122,0.11122058033943127,0.0653691291809082,-0.13617074489593506,0,0,0,0,1.0,0,0,0,0,0,0,False,,,,,,,,,,,,,,,
1767766770.9817917,0,follower,auto,1.3358523845672607,0.642238974571228,-1.1817820072174072,1.3587550735473628,1.0,-1.2937753677368165,0.02290268898010206,0.357761025428772,-0.11199336051940922,-7.707332928542966,-20,20,-1,,,,,,,,True,-30.0,-8.963711688090894,30.069028419442116,infeasible,0,0.0,-11.0,1.7593282987194334,3.2038297880301942,-0.12226338501877487,False,0.0,True,0.0,0.0
1767766771.1828713,1,follower,auto,0.44231367111206055,0.9409418106079102,-1.1333931684494019,0.5587550735473628,1.0,-1.2937753677368165,0.11644140243530221,0.059058189392089844,-0.1603821992874146,-17.1381376920446,9.037256509271831,4.9913525675728785,-1,,,,,,,,True,9.0,-17.0,0.0,optimal,0,9.0,-17.0,0.10682828949100048,0.4334862478607339,0.37308808997652754,True,0.0,True,0.0,0.0
1767766771.284155,0,leader,auto,1.3358523845672607,0.642238974571228,-1.1817820072174072,1.3587550735473628,1.0,-1.2937753677368165,0.02290268898010206,0.357761025428772,-0.11199336051940922,0,0,0,0,1.0,0,0,0,0,0,0,False,,,,,,,,,,,,,,,
1767766771.3845346,1,follower,auto,0.44231367111206055,0.9409418106079102,-1.1333931684494019,0.5587550735473628,1.0,-1.2937753677368165,0.11644140243530221,0.059058189392089844,-0.1603821992874146,0,0,0,0,1.0,0,0,0,0,0,0,False,,,,,,,,,,,,,,,
1767766771.386061,0,follower,auto,1.3960148096084595,0.4690759479999542,-1.201276183128357,1.3668945884704584,1.0,-1.334472942352295,-0.029120221138001057,0.5309240520000458,-0.13319675922393803,-9.533308019031487,-20,20,-1,,,,,,,,True,-30.0,-10.287782072100288,26.056317664486308,infeasible,0,-4.0,-12.0,1.9506456336692202,3.016785175969983,-0.03242593339014188,False,0.0,True,0.0,0.0
1767766771.487096,1,follower,auto,0.4444793164730072,0.9413211941719055,-1.1428663730621338,0.5668945884704584,1.0,-1.334472942352295,0.12241527199745117,0.05867880582809448,-0.19160656929016118,-20,9.060307268848291,4.990906881540861,-1,,,,,,,,True,9.0,-20.0,0.0,optimal,0,9.0,-20.0,0.12083903638637433,0.49521248390817824,0.29105303695407336,True,0.0,True,0.0,0.0
1767766771.6013093,0,leader,auto,1.3960148096084595,0.4690759479999542,-1.201276183128357,1.3668945884704584,1.0,-1.334472942352295,-0.029120221138001057,0.5309240520000458,-0.13319675922393803,0,0,0,0,1.0,0,0,0,0,0,0,False,,,,,,,,,,,,,,,
1767766771.7019062,1,follower,auto,0.4444793164730072,0.9413211941719055,-1.1428663730621338,0.5668945884704584,1.0,-1.334472942352295,0.12241527199745117,0.05867880582809448,-0.19160656929016118,0,0,0,0,1.0,0,0,0,0,0,0,False,,,,,,,,,,,,,,,
1767766771.8045285,0,follower,auto,1.4169694185256958,0.31314945220947266,-1.2115849256515503,1.3729793977737421,1.0,-1.3648969888687135,-0.043990020751953685,0.6868505477905273,-0.15331206321716317,-12.460404805061042,-13.468233730525698,20,-1,,,,,,,,True,-13.821547276737851,-13.627524698657068,7.830411205827942,optimal,0,-6.0,-14.0,2.024155439451571,2.526681929987387,0.0,True,0.0,True,0.0,0.0
1767766776.1151721,1,follower,auto,0.43956804275512695,0.938442587852478,-1.1650394201278687,0.5729793977737421,1.0,-1.3648969888687135,0.13341135501861512,0.06155741214752197,-0.19985756874084482,-20,10.079695491227588,6.013020627513482,-1,,,,,,,,True,10.0,-21.0,0.0,optimal,0,10.0,-21.0,0.14549749453558497,0.6020832130863161,0.19418301545224337,True,0.0,True,0.0,0.0
1767766776.269384,0,leader,auto,1.4169694185256958,0.31314945220947266,-1.2115849256515503,1.3729793977737421,1.0,-1.3648969888687135,-0.043990020751953685,0.6868505477905273,-0.15331206321716317,0,0,0,0,1.0,0,0,0,0,0,0,False,,,,,,,,,,,,,,,
1767766776.3700013,1,follower,auto,0.43956804275512695,0.938442587852478,-1.1650394201278687,0.5729793977737421,1.0,-1.3648969888687135,0.13341135501861512,0.06155741214752197,-0.19985756874084482,0,0,0,0,1.0,0,0,0,0,0,0,False,,,,,,,,,,,,,,,
