timestamp,drone_id,role,mode,x,y,z,target_x,target_y,target_z,error_x,error_y,error_z,rc_lr,rc_fb,rc_ud,rc_yaw,trust,obs_error_x,obs_error_y,obs_error_z,obs_state_x,obs_state_y,obs_state_z,cbf_fire_flag,rc_safe_x,rc_safe_z,rc_diff_norm,qp_status,active_constraint_id,rc_nom_x,rc_nom_z,h_x,HOh_x,h2_value,h2_satisfied,h3_value,h3_satisfied,velocity_diff_x,velocity_diff_y
1768551932.5772483,0,leader,manual,0.864166796207428,0.03500854969024658,0.8476378321647644,0.9,1,1,0.035833203792572044,0.9649914503097534,0.1523621678352356,0,0,0,0,1.0,0,0,0,0,0,0,False,,,,,,,,,,,,,,,
1768551932.6777194,1,follower,manual,0.06080750748515129,0.059010207653045654,0.8458395004272461,0.1,1,1,0.039192492514848715,0.9409897923469543,0.1541604995727539,0,0,0,0,1.0,0,0,0,0,0,0,False,,,,,,,,,,,,,,,
1768551932.7973807,0,leader,manual,0.8641678690910339,0.03500288724899292,0.8476272821426392,0.9,1,1,0.03583213090896609,0.9649971127510071,0.15237271785736084,0,0,0,0,1.0,0,0,0,0,0,0,False,,,,,,,,,,,,,,,
1768551932.8980172,1,follower,manual,0.06079646944999695,0.05899767205119133,0.8458507657051086,0.1,1,1,0.03920353055000306,0.9410023279488087,0.15414923429489136,0,0,0,0,1.0,0,0,0,0,0,0,False,,,,,,,,,,,,,,,
1768551933.0088336,0,leader,manual,0.8641664981842041,0.034998662769794464,0.8476341962814331,0.9,1,1,0.03583350181579592,0.9650013372302055,0.1523658037185669,0,0,0,0,1.0,0,0,0,0,0,0,False,,,,,,,,,,,,,,,
1768551933.1094136,1,follower,manual,0.0608036145567894,0.059007227420806885,0.8458420038223267,0.1,1,1,0.03919638544321061,0.9409927725791931,0.15415799617767334,0,0,0,0,1.0,0,0,0,0,0,0,False,,,,,,,,,,,,,,,
1768551933.2833807,0,leader,manual,0.864165186882019,0.03499802201986313,0.847640872001648,0.9,1,1,0.03583481311798098,0.9650019779801369,0.15235912799835205,0,0,0,0,1.0,0,0,0,0,0,0,False,,,,,,,,,,,,,,,
1768551933.383856,1,follower,manual,0.06080388277769089,0.05899970233440399,0.8458510637283325,0.1,1,1,0.03919611722230912,0.941000297665596,0.15414893627166748,0,0,0,0,1.0,0,0,0,0,0,0,False,,,,,,,,,,,,,,,
1768551933.4875135,0,leader,manual,0.8641660213470459,0.03499968349933624,0.8476311564445496,0.9,1,1,0.035833978652954124,0.9650003165006638,0.15236884355545044,0,0,0,0,1.0,0,0,0,0,0,0,False,,,,,,,,,,,,,,,
1768551933.5879822,1,follower,manual,0.06080634519457817,0.05899996683001518,0.84584641456604,0.1,1,1,0.039193654805421835,0.9410000331699848,0.15415358543395996,0,0,0,0,1.0,0,0,0,0,0,0,False,,,,,,,,,,,,,,,
1768551933.6904025,0,leader,manual,0.8642992973327637,0.03496226295828819,0.8476572036743164,0.9,1,1,0.03570070266723635,0.9650377370417118,0.1523427963256836,0,0,0,0,1.0,0,0,0,0,0,0,False,,,,,,,,,,,,,,,
1768551933.7909195,1,follower,manual,0.060811035335063934,0.05899593606591225,0.8458384275436401,0.1,1,1,0.03918896466493607,0.9410040639340878,0.15416157245635986,0,0,0,0,1.0,0,0,0,0,0,0,False,,,,,,,,,,,,,,,
1768551933.8951025,0,leader,manual,0.8642977476119995,0.03496124595403671,0.8476635813713074,0.9,1,1,0.03570225238800051,0.9650387540459633,0.15233641862869263,0,0,0,0,1.0,0,0,0,0,0,0,False,,,,,,,,,,,,,,,
1768551933.9957266,1,follower,manual,0.06080092489719391,0.058986369520425797,0.8458592891693115,0.1,1,1,0.0391990751028061,0.9410136304795742,0.15414071083068848,0,0,0,0,1.0,0,0,0,0,0,0,False,,,,,,,,,,,,,,,
1768551934.0991642,0,leader,manual,0.8641566634178162,0.034994933754205704,0.847632110118866,0.9,1,1,0.03584333658218386,0.9650050662457943,0.15236788988113403,0,0,0,0,1.0,0,0,0,0,0,0,False,,,,,,,,,,,,,,,
1768551934.1997445,1,follower,manual,0.06081255152821541,0.05899647995829582,0.8458465933799744,0.1,1,1,0.0391874484717846,0.9410035200417042,0.15415340662002563,0,0,0,0,1.0,0,0,0,0,0,0,False,,,,,,,,,,,,,,,
1768551934.3706489,0,leader,manual,0.8641630411148071,0.03499975427985191,0.8476315140724182,0.9,1,1,0.03583695888519289,0.9650002457201481,0.1523684859275818,0,0,0,0,1.0,0,0,0,0,0,0,False,,,,,,,,,,,,,,,
1768551934.4717753,1,follower,manual,0.060797981917858124,0.05899355933070183,0.8458534479141235,0.1,1,1,0.03920201808214188,0.9410064406692982,0.15414655208587646,0,0,0,0,1.0,0,0,0,0,0,0,False,,,,,,,,,,,,,,,
1768551934.5778391,0,leader,manual,0.864162802696228,0.03500233218073845,0.8476271629333496,0.9,1,1,0.035837197303771995,0.9649976678192616,0.1523728370666504,0,0,0,0,1.0,0,0,0,0,0,0,False,,,,,,,,,,,,,,,
1768551934.6782725,1,follower,manual,0.06080222874879837,0.058991242200136185,0.845850944519043,0.1,1,1,0.039197771251201635,0.9410087577998638,0.15414905548095703,0,0,0,0,1.0,0,0,0,0,0,0,False,,,,,,,,,,,,,,,
1768551934.780908,0,leader,manual,0.8641633987426758,0.034999262541532516,0.8476479649543762,0.9,1,1,0.03583660125732424,0.9650007374584675,0.15235203504562378,0,0,0,0,1.0,0,0,0,0,0,0,False,,,,,,,,,,,,,,,
1768551934.881409,1,follower,manual,0.06080714613199234,0.059005413204431534,0.8458443880081177,0.1,1,1,0.039192853868007665,0.9409945867955685,0.15415561199188232,0,0,0,0,1.0,0,0,0,0,0,0,False,,,,,,,,,,,,,,,
1768551934.9858305,0,leader,manual,0.864161491394043,0.03500654548406601,0.8476307392120361,0.9,1,1,0.03583850860595705,0.964993454515934,0.15236926078796387,0,0,0,0,1.0,0,0,0,0,0,0,False,,,,,,,,,,,,,,,
1768551935.0863757,1,follower,manual,0.0608036033809185,0.05899731069803238,0.8458621501922607,0.1,1,1,0.0391963966190815,0.9410026893019676,0.15413784980773926,0,0,0,0,1.0,0,0,0,0,0,0,False,,,,,,,,,,,,,,,
1768551935.1890337,0,leader,manual,0.8642984628677368,0.03496767207980156,0.8476709723472595,0.9,1,1,0.035701537132263206,0.9650323279201984,0.15232902765274048,0,0,0,0,1.0,0,0,0,0,0,0,False,,,,,,,,,,,,,,,
1768551935.289422,1,follower,manual,0.060808055102825165,0.05899956822395325,0.8458435535430908,0.1,1,1,0.03919194489717484,0.9410004317760468,0.15415644645690918,0,0,0,0,1.0,0,0,0,0,0,0,False,,,,,,,,,,,,,,,
1768551935.392924,0,leader,manual,0.8642916679382324,0.03496121987700462,0.8476666212081909,0.9,1,1,0.0357083320617676,0.9650387801229954,0.15233337879180908,0,0,0,0,1.0,0,0,0,0,0,0,False,,,,,,,,,,,,,,,
1768551935.4936118,1,follower,manual,0.060802046209573746,0.05899421498179436,0.8458597660064697,0.1,1,1,0.03919795379042626,0.9410057850182056,0.15414023399353027,0,0,0,0,1.0,0,0,0,0,0,0,False,,,,,,,,,,,,,,,
1768551935.5973284,0,leader,manual,0.8641576170921326,0.03500792011618614,0.8476364016532898,0.9,1,1,0.035842382907867454,0.9649920798838139,0.1523635983467102,0,0,0,0,1.0,0,0,0,0,0,0,False,,,,,,,,,,,,,,,
1768551935.6976714,1,follower,manual,0.060799870640039444,0.05899107828736305,0.845862090587616,0.1,1,1,0.03920012935996056,0.941008921712637,0.15413790941238403,0,0,0,0,1.0,0,0,0,0,0,0,False,,,,,,,,,,,,,,,
1768551935.8011124,0,leader,manual,0.8641600608825684,0.03500844165682793,0.8476336002349854,0.9,1,1,0.03583993911743166,0.9649915583431721,0.15236639976501465,0,0,0,0,1.0,0,0,0,0,0,0,False,,,,,,,,,,,,,,,
1768551935.901579,1,follower,manual,0.060800712555646896,0.05899135395884514,0.8458589315414429,0.1,1,1,0.03919928744435311,0.9410086460411549,0.15414106845855713,0,0,0,0,1.0,0,0,0,0,0,0,False,,,,,,,,,,,,,,,
1768551936.0583422,0,leader,manual,0.8641616106033325,0.03500234708189964,0.8476294875144958,0.9,1,1,0.0358383893966675,0.9649976529181004,0.15237051248550415,0,0,0,0,1.0,0,0,0,0,0,0,False,,,,,,,,,,,,,,,
1768551936.1587315,1,follower,manual,0.06080598384141922,0.05900244414806366,0.8458462357521057,0.1,1,1,0.039194016158580786,0.9409975558519363,0.1541537642478943,0,0,0,0,1.0,0,0,0,0,0,0,False,,,,,,,,,,,,,,,
1768551936.265447,0,leader,manual,0.8641622066497803,0.03499657288193703,0.8476346731185913,0.9,1,1,0.03583779335021975,0.965003427118063,0.1523653268814087,0,0,0,0,1.0,0,0,0,0,0,0,False,,,,,,,,,,,,,,,
1768551936.3659165,1,follower,manual,0.06080792844295502,0.05900711566209793,0.8458479642868042,0.1,1,1,0.03919207155704499,0.9409928843379021,0.1541520357131958,0,0,0,0,1.0,0,0,0,0,0,0,False,,,,,,,,,,,,,,,
1768551936.4714198,0,leader,manual,0.8641581535339355,0.034992996603250504,0.8476425409317017,0.9,1,1,0.035841846466064475,0.9650070033967495,0.15235745906829834,0,0,0,0,1.0,0,0,0,0,0,0,False,,,,,,,,,,,,,,,
1768551936.5719137,1,follower,manual,0.06079769879579544,0.058996573090553284,0.84586101770401,0.1,1,1,0.039202301204204565,0.9410034269094467,0.15413898229599,0,0,0,0,1.0,0,0,0,0,0,0,False,,,,,,,,,,,,,,,
1768551936.754984,0,leader,manual,0.8641635775566101,0.035000938922166824,0.8476434946060181,0.9,1,1,0.035836422443389915,0.9649990610778332,0.15235650539398193,0,0,0,0,1.0,0,0,0,0,0,0,False,,,,,,,,,,,,,,,
1768551936.8554506,1,follower,manual,0.06080688536167145,0.058998554944992065,0.8458565473556519,0.1,1,1,0.03919311463832856,0.9410014450550079,0.15414345264434814,0,0,0,0,1.0,0,0,0,0,0,0,False,,,,,,,,,,,,,,,
1768551936.9785728,0,leader,manual,0.8641597628593445,0.03500963747501373,0.8476306796073914,0.9,1,1,0.03584023714065554,0.9649903625249863,0.15236932039260864,0,0,0,0,1.0,0,0,0,0,0,0,False,,,,,,,,,,,,,,,
1768551937.078967,1,follower,manual,0.06080583110451698,0.05900343507528305,0.8458646535873413,0.1,1,1,0.03919416889548302,0.940996564924717,0.1541353464126587,0,0,0,0,1.0,0,0,0,0,0,0,False,,,,,,,,,,,,,,,
1768551937.1846704,0,leader,manual,0.8641616702079773,0.03500906378030777,0.8476321697235107,0.9,1,1,0.03583832979202273,0.9649909362196922,0.15236783027648926,0,0,0,0,1.0,0,0,0,0,0,0,False,,,,,,,,,,,,,,,
1768551937.2849762,1,follower,manual,0.06079914793372154,0.05900240316987038,0.8458535075187683,0.1,1,1,0.03920085206627846,0.9409975968301296,0.1541464924812317,0,0,0,0,1.0,0,0,0,0,0,0,False,,,,,,,,,,,,,,,
1768551942.4981146,0,leader,manual,0.864163339138031,0.035010430961847305,0.8476351499557495,0.9,1,1,0.035836660861969016,0.9649895690381527,0.1523648500442505,0,0,0,0,1.0,0,0,0,0,0,0,False,,,,,,,,,,,,,,,
1768551942.5985847,1,follower,manual,0.060811374336481094,0.05901356786489487,0.845843493938446,0.1,1,1,0.03918862566351891,0.9409864321351051,0.15415650606155396,0,0,0,0,1.0,0,0,0,0,0,0,False,,,,,,,,,,,,,,,
1768551942.605356,0,follower,auto,0.8081486225128174,0.8825989365577698,0.812760055065155,0.9,1,1,0.09185137748718264,0.11740106344223022,0.18723994493484497,17.97880643248558,8.711749370992184,11.006290431022643,0,,,,,,,,True,9.0,18.0,0.0,optimal,0,9.0,18.0,1.676543598244033,-361.0696558130592,0.42242309756245566,True,0.0,True,0.0,0.0
1768551942.7092059,1,follower,auto,0.12183760106563568,0.8321380615234375,0.8277372717857361,0.09999999999999998,1.0,1.0,-0.021837601065635703,0.1678619384765625,0.17226272821426392,17.02119356751442,-2.0477493709921837,15.993709568977357,0,,,,,,,,True,-2.0,17.0,0.0,optimal,0,-2.0,17.0,1.0778311039224586,-43.6179542467389,0.4994626397308345,True,0.0,True,0.0,0.0
1768551942.9786813,0,leader,auto,0.8081486225128174,0.8825989365577698,0.812760055065155,0.9,1,1,0.09185137748718264,0.11740106344223022,0.18723994493484497,0,0,0,0,1.0,0,0,0,0,0,0,False,,,,,,,,,,,,,,,
1768551943.0791461,1,follower,auto,0.12183760106563568,0.8321380615234375,0.8277372717857361,0.09999999999999998,1.0,1.0,-0.021837601065635703,0.1678619384765625,0.17226272821426392,0,0,0,0,1.0,0,0,0,0,0,0,False,,,,,,,,,,,,,,,
1768551943.0814362,0,follower,auto,0.7902243137359619,0.8906879425048828,0.8219681978225708,0.9,1,1,0.10977568626403811,0.10931205749511719,0.1780318021774292,16.965019234418868,9.733705870062114,9.99378206729889,0,,,,,,,,True,10.0,17.0,0.0,optimal,0,10.0,17.0,1.6721548220737277,-355.6825092908486,0.5078427769056212,True,0.0,True,0.0,0.0
1768551943.182541,1,follower,auto,0.10241774469614029,0.831667423248291,0.8347880244255066,0.09999999999999998,1.0,1.0,-0.0024177446961403115,0.16833257675170898,0.1652119755744934,16.025381622314452,-0.022652221977710725,15.985731724500656,0,,,,,,,,True,0.0,16.0,0.0,optimal,0,0.0,16.0,1.0922489045783905,-45.93023096603275,0.4063000924413165,True,0.0,True,0.0,0.0
1768551943.298929,0,leader,auto,0.7902243137359619,0.8906879425048828,0.8219681978225708,0.9,1,1,0.10977568626403811,0.10931205749511719,0.1780318021774292,0,0,0,0,1.0,0,0,0,0,0,0,False,,,,,,,,,,,,,,,
1768551943.3993099,1,follower,auto,0.10241774469614029,0.831667423248291,0.8347880244255066,0.09999999999999998,1.0,1.0,-0.0024177446961403115,0.16833257675170898,0.1652119755744934,0,0,0,0,1.0,0,0,0,0,0,0,False,,,,,,,,,,,,,,,
1768551943.4006689,0,follower,auto,0.7780494689941406,0.8979048132896423,0.8441380262374878,0.9,1,1,0.1219505310058594,0.10209518671035767,0.1558619737625122,14.96035821568966,11.73451854094863,9.973628127217292,0,,,,,,,,True,12.0,15.0,0.0,optimal,0,12.0,15.0,1.7121684497796736,-407.8312074493203,0.4815221774864441,True,0.0,True,0.0,0.0
1768551943.5017607,1,follower,auto,0.09329434484243393,0.8324503302574158,0.8561446666717529,0.09999999999999998,1.0,1.0,0.006705655157566048,0.16754966974258423,0.14385533332824707,14.026682321310043,-0.02956665833294389,15.965382657289505,0,,,,,,,,True,0.0,14.0,0.0,optimal,0,0.0,14.0,1.1479326317218188,-55.99501027733045,0.4358550255044009,True,0.0,True,0.0,0.0
1768551943.6577344,0,leader,auto,0.7780494689941406,0.8979048132896423,0.8441380262374878,0.9,1,1,0.1219505310058594,0.10209518671035767,0.1558619737625122,0,0,0,0,1.0,0,0,0,0,0,0,False,,,,,,,,,,,,,,,
1768551943.7624588,1,follower,auto,0.09329434484243393,0.8324503302574158,0.8561446666717529,0.09999999999999998,1.0,1.0,0.006705655157566048,0.16754966974258423,0.14385533332824707,0,0,0,0,1.0,0,0,0,0,0,0,False,,,,,,,,,,,,,,,
1768551943.767484,0,follower,auto,0.7668539881706238,0.9055594205856323,0.8839203715324402,0.9,1,1,0.13314601182937624,0.09444057941436768,0.11607962846755981,10.95683776203394,12.733570449531078,8.94079256118536,0,,,,,,,,True,13.0,11.0,0.0,optimal,0,13.0,11.0,1.8034010739156785,-557.1417787918025,0.43111205200992964,True,0.0,True,0.0,0.0
1768551943.868666,1,follower,auto,0.08311454951763153,0.834435224533081,0.8847363591194153,0.09999999999999998,1.0,1.0,0.016885450482368447,0.16556477546691895,0.11526364088058472,11.027128627085686,0.9696479632005096,15.954759386610984,0,,,,,,,,True,1.0,11.0,0.0,optimal,0,1.0,11.0,1.224503252608813,-73.86570607232038,0.4548057607932051,True,0.0,True,0.0,0.0
1768551944.030936,0,leader,auto,0.7668539881706238,0.9055594205856323,0.8839203715324402,0.9,1,1,0.13314601182937624,0.09444057941436768,0.11607962846755981,0,0,0,0,1.0,0,0,0,0,0,0,False,,,,,,,,,,,,,,,
1768551944.131257,1,follower,auto,0.08311454951763153,0.834435224533081,0.8847363591194153,0.09999999999999998,1.0,1.0,0.016885450482368447,0.16556477546691895,0.11526364088058472,0,0,0,0,1.0,0,0,0,0,0,0,False,,,,,,,,,,,,,,,
1768551944.1317139,0,follower,auto,0.7639896869659424,0.9092769026756287,0.9291943907737732,0.9,1,1,0.13601031303405764,0.09072309732437134,0.0708056092262268,6.963433167885542,12.724334088140726,8.919079138222934,0,,,,,,,,True,13.0,7.0,0.0,optimal,0,13.0,7.0,1.9263772884095354,-846.54155471482,0.36016446353426423,True,0.0,True,0.0,0.0
1768551944.2321086,1,follower,auto,0.08423436433076859,0.8428583741188049,0.914883553981781,0.09999999999999998,1.0,1.0,0.015765635669231393,0.15714162588119507,0.085116446018219,8.016459552938938,0.9536294885320962,14.95455571634531,0,,,,,,,,True,1.0,8.0,0.0,optimal,0,1.0,8.0,1.309091339462324,-99.99526347593162,0.5513887068114746,True,0.0,True,0.0,0.0
1768551944.3711138,0,leader,auto,0.7639896869659424,0.9092769026756287,0.9291943907737732,0.9,1,1,0.13601031303405764,0.09072309732437134,0.0708056092262268,0,0,0,0,1.0,0,0,0,0,0,0,False,,,,,,,,,,,,,,,
1768551944.471484,1,follower,auto,0.08423436433076859,0.8428583741188049,0.914883553981781,0.09999999999999998,1.0,1.0,0.015765635669231393,0.15714162588119507,0.085116446018219,0,0,0,0,1.0,0,0,0,0,0,0,False,,,,,,,,,,,,,,,
1768551944.4729135,0,follower,auto,0.7651394605636597,0.908694326877594,0.9590152502059937,0.9,1,1,0.13486053943634035,0.091305673122406,0.04098474979400635,3.973670254692674,12.718577237404585,8.934733846361517,0,,,,,,,,True,13.0,4.0,0.0,optimal,0,13.0,4.0,2.0142643344453064,-1140.0113537431655,0.358773249188149,True,0.0,True,0.0,0.0
1768551944.5739639,1,follower,auto,0.09151221066713333,0.850450336933136,0.9465895891189575,0.09999999999999998,1.0,1.0,0.008487789332866646,0.149549663066864,0.05341041088104248,5.011465733914137,-0.06100696551968155,13.949832722851514,0,,,,,,,,True,0.0,5.0,0.0,optimal,0,0.0,5.0,1.40109636404854,-138.47476016661525,0.5910835881921807,True,0.0,True,0.0,0.0
1768551944.6941607,0,leader,auto,0.7651394605636597,0.908694326877594,0.9590152502059937,0.9,1,1,0.13486053943634035,0.091305673122406,0.04098474979400635,0,0,0,0,1.0,0,0,0,0,0,0,False,,,,,,,,,,,,,,,
1768551944.7950785,1,follower,auto,0.09151221066713333,0.850450336933136,0.9465895891189575,0.09999999999999998,1.0,1.0,0.008487789332866646,0.149549663066864,0.05341041088104248,0,0,0,0,1.0,0,0,0,0,0,0,False,,,,,,,,,,,,,,,
1768551944.7964468,0,follower,auto,0.7650734186172485,0.9087976217269897,0.9731060266494751,0.9,1,1,0.1349265813827515,0.09120237827301025,0.026893973350524902,1.9770268729165912,12.722273237504721,8.960119782738412,0,,,,,,,,True,13.0,2.0,0.0,optimal,0,13.0,2.0,2.0554791416256877,-1310.350839754428,0.4006246355043802,True,0.0,True,0.0,0.0
1768551944.8973773,1,follower,auto,0.10254918038845062,0.8557433485984802,0.9633164405822754,0.09999999999999998,1.0,1.0,-0.0025491803884506448,0.14425665140151978,0.03668355941772461,3.0117145774568796,-0.07402552493563144,13.966419976862932,0,,,,,,,,True,0.0,3.0,0.0,optimal,0,0.0,3.0,1.4519117796767227,-165.8227460729083,0.6462533018088232,True,0.0,True,0.0,0.0
1768551945.0746326,0,leader,auto,0.7650734186172485,0.9087976217269897,0.9731060266494751,0.9,1,1,0.1349265813827515,0.09120237827301025,0.026893973350524902,0,0,0,0,1.0,0,0,0,0,0,0,False,,,,,,,,,,,,,,,
1768551945.1751297,1,follower,auto,0.10254918038845062,0.8557433485984802,0.9633164405822754,0.09999999999999998,1.0,1.0,-0.0025491803884506448,0.14425665140151978,0.03668355941772461,0,0,0,0,1.0,0,0,0,0,0,0,False,,,,,,,,,,,,,,,
1768551945.1766033,0,follower,auto,0.766104519367218,0.9086058735847473,0.9818050265312195,0.9,1,1,0.133895480632782,0.09139412641525269,0.018194973468780518,0.9812177838932192,12.726754638611721,8.972777181044973,0,,,,,,,,True,13.0,1.0,0.0,optimal,0,13.0,1.0,2.0827627112480642,-1436.555488610579,0.4189474529407412,True,0.0,True,0.0,0.0
1768551945.2778745,1,follower,auto,0.1182326152920723,0.8638041615486145,0.9686347842216492,0.09999999999999998,1.0,1.0,-0.01823261529207232,0.1361958384513855,0.03136521577835083,3.0054896295608784,-1.08854063976452,12.98752289399882,0,,,,,,,,True,-1.0,3.0,0.0,optimal,0,-1.0,3.0,1.4709675207445732,-177.46160995646454,0.6729584754031929,True,0.0,True,0.0,0.0
1768551945.3919604,0,leader,auto,0.766104519367218,0.9086058735847473,0.9818050265312195,0.9,1,1,0.133895480632782,0.09139412641525269,0.018194973468780518,0,0,0,0,1.0,0,0,0,0,0,0,False,,,,,,,,,,,,,,,
1768551945.492389,1,follower,auto,0.1182326152920723,0.8638041615486145,0.9686347842216492,0.09999999999999998,1.0,1.0,-0.01823261529207232,0.1361958384513855,0.03136521577835083,0,0,0,0,1.0,0,0,0,0,0,0,False,,,,,,,,,,,,,,,
1768551945.4943933,0,follower,auto,0.7685939073562622,0.9094691872596741,0.9824183583259583,0.9,1,1,0.13140609264373782,0.09053081274032593,0.017581641674041748,0.983528673590741,12.731431084367468,8.98581839715712,25,,,,,,,,True,13.0,1.0,0.0,optimal,0,13.0,1.0,2.0884012235269958,-1464.1725329903518,0.4333153227177263,True,0.0,True,0.0,0.0
1768551945.5954993,1,follower,auto,0.13742595911026,0.8728170394897461,0.965986430644989,0.09999999999999998,1.0,1.0,-0.03742595911026003,0.1271829605102539,0.034013569355010986,3.0000395490092546,-3.10248712679042,12.00483575280124,25,,,,,,,,True,-3.0,3.0,0.0,optimal,0,-3.0,3.0,1.46810254907261,-175.81635345364182,0.7126766977146605,True,0.0,True,0.0,0.0
1768551945.6988153,0,leader,auto,0.7685939073562622,0.9094691872596741,0.9824183583259583,0.9,1,1,0.13140609264373782,0.09053081274032593,0.017581641674041748,0,0,0,0,1.0,0,0,0,0,0,0,False,,,,,,,,,,,,,,,
1768551945.799186,1,follower,auto,0.13742595911026,0.8728170394897461,0.965986430644989,0.09999999999999998,1.0,1.0,-0.03742595911026003,0.1271829605102539,0.034013569355010986,0,0,0,0,1.0,0,0,0,0,0,0,False,,,,,,,,,,,,,,,
1768551945.8006084,0,follower,auto,0.7673086524009705,0.9123362302780151,0.977333128452301,0.9,1,1,0.13269134759902956,0.08766376972198486,0.022666871547698975,1.9825896993701224,12.741723542419921,7.999134179816463,0,,,,,,,,True,13.0,2.0,0.0,optimal,0,13.0,2.0,2.0713761804720563,-1382.77967994659,0.4859041270311566,True,0.0,True,0.0,0.0
1768551945.902012,1,follower,auto,0.1509934961795807,0.8802538514137268,0.9652161002159119,0.09999999999999998,1.0,1.0,-0.05099349617958071,0.1197461485862732,0.034783899784088135,2.999497910182551,-5.1037160306104825,11.00544007115249,0,,,,,,,,True,-5.0,3.0,0.0,optimal,0,-5.0,3.0,1.4697576962204582,-176.81558818328662,0.6703672503702193,True,0.0,True,0.0,0.0
1768551946.0055623,0,leader,auto,0.7673086524009705,0.9123362302780151,0.977333128452301,0.9,1,1,0.13269134759902956,0.08766376972198486,0.022666871547698975,0,0,0,0,1.0,0,0,0,0,0,0,False,,,,,,,,,,,,,,,
1768551946.1059859,1,follower,auto,0.1509934961795807,0.8802538514137268,0.9652161002159119,0.09999999999999998,1.0,1.0,-0.05099349617958071,0.1197461485862732,0.034783899784088135,0,0,0,0,1.0,0,0,0,0,0,0,False,,,,,,,,,,,,,,,
1768551946.1075687,0,follower,auto,0.7668222188949585,0.9144665002822876,0.9672751426696777,0.9,1,1,0.13317778110504153,0.0855334997177124,0.032724857330322266,2.9844959143228698,12.746019955279783,8.010709980984275,0,,,,,,,,True,13.0,3.0,0.0,optimal,0,13.0,3.0,2.041013099687311,-1248.4347735389388,0.4923400089628971,True,0.0,True,0.0,0.0
1768551946.2088082,1,follower,auto,0.1602371633052826,0.886754035949707,0.9595844745635986,0.09999999999999998,1.0,1.0,-0.060237163305282615,0.11324596405029297,0.04041552543640137,3.999255995822214,-6.1008518160977605,11.01043120471443,0,,,,,,,,True,-6.0,4.0,0.0,optimal,0,-6.0,4.0,1.4561632268912201,-168.7071793412207,0.6370268365113437,True,0.0,True,0.0,0.0
1768551946.3624766,0,leader,auto,0.7668222188949585,0.9144665002822876,0.9672751426696777,0.9,1,1,0.13317778110504153,0.0855334997177124,0.032724857330322266,0,0,0,0,1.0,0,0,0,0,0,0,False,,,,,,,,,,,,,,,
1768551946.4628963,1,follower,auto,0.1602371633052826,0.886754035949707,0.9595844745635986,0.09999999999999998,1.0,1.0,-0.060237163305282615,0.11324596405029297,0.04041552543640137,0,0,0,0,1.0,0,0,0,0,0,0,False,,,,,,,,,,,,,,,
1768551946.464276,0,follower,auto,0.7764734029769897,0.9144063591957092,0.9600877165794373,0.9,1,1,0.12352659702301028,0.08559364080429077,0.039912283420562744,4.989172282797914,10.732408948243366,8.011239039140865,1,,,,,,,,True,11.0,5.0,0.0,optimal,0,11.0,5.0,2.034867525636822,-1222.6534360891844,0.44071186496382736,True,0.0,True,0.0,0.0
1768551946.5652878,1,follower,auto,0.1677442044019699,0.8912062644958496,0.9553278684616089,0.09999999999999998,1.0,1.0,-0.06774420440196993,0.10879373550415039,0.04467213153839111,3.0004192600465602,-7.095677870213945,10.009522797130957,1,,,,,,,,True,-7.0,3.0,0.0,optimal,0,-7.0,3.0,1.4462177628314596,-162.9523551421638,0.6028497997518798,True,0.0,True,0.0,0.0
1768551946.667294,0,leader,auto,0.7764734029769897,0.9144063591957092,0.9600877165794373,0.9,1,1,0.12352659702301028,0.08559364080429077,0.039912283420562744,0,0,0,0,1.0,0,0,0,0,0,0,False,,,,,,,,,,,,,,,
1768551946.767984,1,follower,auto,0.1677442044019699,0.8912062644958496,0.9553278684616089,0.09999999999999998,1.0,1.0,-0.06774420440196993,0.10879373550415039,0.04467213153839111,0,0,0,0,1.0,0,0,0,0,0,0,False,,,,,,,,,,,,,,,
1768551946.7694411,0,follower,auto,0.781322181224823,0.9123654961585999,0.9563482403755188,0.9,1,1,0.11867781877517702,0.08763450384140015,0.0436517596244812,4.996816169793254,10.735533479452343,8.004876304756976,-25,,,,,,,,True,11.0,5.0,0.0,optimal,0,11.0,5.0,2.031514988118785,-1208.9008579649008,0.4720841637680181,True,0.0,True,0.0,0.0
1768551946.8705814,1,follower,auto,0.17470403015613556,0.8994364142417908,0.9472842216491699,0.09999999999999998,1.0,1.0,-0.07470403015613558,0.10056358575820923,0.05271577835083008,3.9922627918069598,-8.094592997086036,10.01619898112518,-25,,,,,,,,True,-8.0,4.0,0.0,optimal,0,-8.0,4.0,1.4252535563874393,-151.50245203440693,0.5971806744397592,True,0.0,True,0.0,0.0
1768551946.9739413,0,leader,auto,0.781322181224823,0.9123654961585999,0.9563482403755188,0.9,1,1,0.11867781877517702,0.08763450384140015,0.0436517596244812,0,0,0,0,1.0,0,0,0,0,0,0,False,,,,,,,,,,,,,,,
1768551947.0744243,1,follower,auto,0.17470403015613556,0.8994364142417908,0.9472842216491699,0.09999999999999998,1.0,1.0,-0.07470403015613558,0.10056358575820923,0.05271577835083008,0,0,0,0,1.0,0,0,0,0,0,0,False,,,,,,,,,,,,,,,
1768551947.075931,0,follower,auto,0.7758992910385132,0.9113016128540039,0.9502848386764526,0.9,1,1,0.12410070896148684,0.0886983871459961,0.04971516132354736,5.998863459937229,10.752920191019836,8.0062757610951,-25,,,,,,,,True,11.0,6.0,0.0,optimal,0,11.0,6.0,2.0054462631288517,-1107.2458198543734,0.5650238474804257,True,0.0,True,0.0,0.0
1768551947.176976,1,follower,auto,0.1782645732164383,0.9037993550300598,0.940834641456604,0.09999999999999998,1.0,1.0,-0.07826457321643832,0.09620064496994019,0.059165358543395996,4.993703416113408,-8.093491488931175,9.015813181853003,-25,,,,,,,,True,-8.0,5.0,0.0,optimal,0,-8.0,5.0,1.4078831620854193,-142.52406708609854,0.5833592834085255,True,0.0,True,0.0,0.0
1768551947.2794244,0,leader,auto,0.7758992910385132,0.9113016128540039,0.9502848386764526,0.9,1,1,0.12410070896148684,0.0886983871459961,0.04971516132354736,0,0,0,0,1.0,0,0,0,0,0,0,False,,,,,,,,,,,,,,,
1768551947.3797572,1,follower,auto,0.1782645732164383,0.9037993550300598,0.940834641456604,0.09999999999999998,1.0,1.0,-0.07826457321643832,0.09620064496994019,0.059165358543395996,0,0,0,0,1.0,0,0,0,0,0,0,False,,,,,,,,,,,,,,,
1768551947.381152,0,follower,auto,0.7663976550102234,0.9138860702514648,0.9402980804443359,0.9,1,1,0.13360234498977663,0.08611392974853516,0.05970191955566406,4.993127632651464,12.7684149356574,8.013569663038078,25,,,,,,,,True,13.0,5.0,0.0,optimal,0,13.0,5.0,1.9619243661368082,-955.9485072533722,0.5927607412590915,True,0.0,True,0.0,0.0
1768551947.482191,1,follower,auto,0.18369489908218384,0.9038378000259399,0.9353287816047668,0.09999999999999998,1.0,1.0,-0.08369489908218386,0.09616219997406006,0.06467121839523315,6.001337573148117,-8.100656474225996,9.012577718632134,25,,,,,,,,True,-8.0,6.0,0.0,optimal,0,-8.0,6.0,1.3940129672518382,-135.71635308581025,0.6168820565624691,True,0.0,True,0.0,0.0
1768551947.5855389,0,leader,auto,0.7663976550102234,0.9138860702514648,0.9402980804443359,0.9,1,1,0.13360234498977663,0.08611392974853516,0.05970191955566406,0,0,0,0,1.0,0,0,0,0,0,0,False,,,,,,,,,,,,,,,
1768551947.6859393,1,follower,auto,0.18369489908218384,0.9038378000259399,0.9353287816047668,0.09999999999999998,1.0,1.0,-0.08369489908218386,0.09616219997406006,0.06467121839523315,0,0,0,0,1.0,0,0,0,0,0,0,False,,,,,,,,,,,,,,,
1768551947.6873865,0,follower,auto,0.7567540407180786,0.9206228256225586,0.9301037192344666,0.9,1,1,0.1432459592819214,0.0793771743774414,0.06989628076553345,14.986849040661376,1.778463563379353,7.017805658361382,-25,,,,,,,,True,2.0,15.0,0.0,optimal,0,2.0,15.0,1.9179737659113933,-823.693211066753,0.7266688856250357,True,0.0,True,0.0,0.0
1768551947.7886047,1,follower,auto,0.19096256792545319,0.9114156365394592,0.9307316541671753,0.09999999999999998,1.0,1.0,-0.09096256792545321,0.08858436346054077,0.06926834583282471,-3.006545864696114,-10.110342333684349,8.008675831835482,-25,,,,,,,,True,-10.0,-3.0,0.0,optimal,0,-10.0,-3.0,1.3835602085846248,-131.04643798906852,0.6302324953451024,True,0.0,True,0.0,0.0
1768551947.8918297,0,leader,auto,0.7567540407180786,0.9206228256225586,0.9301037192344666,0.9,1,1,0.1432459592819214,0.0793771743774414,0.06989628076553345,0,0,0,0,1.0,0,0,0,0,0,0,False,,,,,,,,,,,,,,,
1768551947.992266,1,follower,auto,0.19096256792545319,0.9114156365394592,0.9307316541671753,0.09999999999999998,1.0,1.0,-0.09096256792545321,0.08858436346054077,0.06926834583282471,0,0,0,0,1.0,0,0,0,0,0,0,False,,,,,,,,,,,,,,,
1768551947.9943876,0,follower,auto,0.7507631182670593,0.9270839691162109,0.9193881154060364,0.9,1,1,0.1492368817329407,0.07291603088378906,0.08061188459396362,6.979385112546122,14.759029130922766,7.011306224042495,25,,,,,,,,True,15.0,7.0,0.0,optimal,0,15.0,7.0,1.8784083219059782,-720.2342348439333,0.5170915122233214,True,0.0,True,0.0,0.0
1768551948.0956388,1,follower,auto,0.14755305647850037,0.9040157198905945,0.9016309380531311,0.09999999999999998,1.0,1.0,-0.04755305647850039,0.09598428010940552,0.0983690619468689,10.015888694419024,-4.03154821530282,9.046806786144082,25,,,,,,,,True,-4.0,10.0,0.0,optimal,0,-4.0,10.0,1.2864416309838478,-93.24745254162653,0.1898467636955784,True,0.0,True,0.0,0.0
1768551948.1996822,0,leader,auto,0.7507631182670593,0.9270839691162109,0.9193881154060364,0.9,1,1,0.1492368817329407,0.07291603088378906,0.08061188459396362,0,0,0,0,1.0,0,0,0,0,0,0,False,,,,,,,,,,,,,,,
1768551948.300167,1,follower,auto,0.14755305647850037,0.9040157198905945,0.9016309380531311,0.09999999999999998,1.0,1.0,-0.04755305647850039,0.09598428010940552,0.0983690619468689,0,0,0,0,1.0,0,0,0,0,0,0,False,,,,,,,,,,,,,,,
1768551948.3023558,0,follower,auto,0.7463324069976807,0.9289340972900391,0.919084370136261,0.9,1,1,0.15366759300231936,0.07106590270996094,0.08091562986373901,7.987597082859944,14.74403737154216,6.9885721638722185,0,,,,,,,,True,15.0,8.0,0.0,optimal,0,15.0,8.0,1.8709129512999803,-701.8999524212563,0.4590629862954103,True,0.0,True,0.0,0.0
1768551948.4035692,1,follower,auto,0.11476447433233261,0.9127581715583801,0.8775609731674194,0.09999999999999998,1.0,1.0,-0.014764474332332633,0.08724182844161987,0.12243902683258057,11.997638408629166,-1.014096787152587,8.059572613979668,0,,,,,,,,True,-1.0,12.0,0.0,optimal,0,-1.0,12.0,1.2109455593627443,-71.20629457308448,0.2801530599202378,True,0.0,True,0.0,0.0
1768551948.59965,0,leader,auto,0.7463324069976807,0.9289340972900391,0.919084370136261,0.9,1,1,0.15366759300231936,0.07106590270996094,0.08091562986373901,0,0,0,0,1.0,0,0,0,0,0,0,False,,,,,,,,,,,,,,,
1768551948.7000377,1,follower,auto,0.11476447433233261,0.9127581715583801,0.8775609731674194,0.09999999999999998,1.0,1.0,-0.014764474332332633,0.08724182844161987,0.12243902683258057,0,0,0,0,1.0,0,0,0,0,0,0,False,,,,,,,,,,,,,,,
1768551948.7014527,0,follower,auto,0.74928879737854,0.9435691833496094,0.9232655167579651,0.9,1,1,0.15071120262145998,0.056430816650390625,0.07673448324203491,7.975580806495747,13.720834571753771,4.973588331905692,-25,,,,,,,,True,14.0,8.0,0.0,optimal,0,14.0,8.0,1.8872188730692963,-741.7562314603178,0.36116221221804556,True,0.0,True,0.0,0.0
1768551948.8032591,1,follower,auto,0.08683844655752182,0.9333399534225464,0.8686297535896301,0.09999999999999998,1.0,1.0,0.013161553442478158,0.06666004657745361,0.13137024641036987,12.975616587367078,-0.0055906533205206665,6.046840193374542,-25,,,,,,,,True,0.0,13.0,0.0,optimal,0,0.0,13.0,1.1807887582113352,-63.60996179252771,0.3700506764039681,True,0.0,True,0.0,0.0
1768551948.9050426,0,leader,auto,0.74928879737854,0.9435691833496094,0.9232655167579651,0.9,1,1,0.15071120262145998,0.056430816650390625,0.07673448324203491,0,0,0,0,1.0,0,0,0,0,0,0,False,,,,,,,,,,,,,,,
1768551949.0054803,1,follower,auto,0.08683844655752182,0.9333399534225464,0.8686297535896301,0.09999999999999998,1.0,1.0,0.013161553442478158,0.06666004657745361,0.13137024641036987,0,0,0,0,1.0,0,0,0,0,0,0,False,,,,,,,,,,,,,,,
1768551949.007091,0,follower,auto,0.7583697438240051,0.9592840671539307,0.9381090402603149,0.9,1,1,0.1416302561759949,0.040715932846069336,0.06189095973968506,5.9672310711628205,13.697716282989035,3.9539212487839723,0,,,,,,,,True,14.0,6.0,0.0,optimal,0,14.0,6.0,1.9433827200261313,-897.1314234076802,0.23542927913947367,True,0.0,True,0.0,0.0
1768551949.108172,1,follower,auto,0.06655821949243546,0.9427809715270996,0.8754030466079712,0.09999999999999998,1.0,1.0,0.03344178050756452,0.05721902847290039,0.12459695339202881,11.986431710590846,2.9957679861216637,5.024970119984027,0,,,,,,,,True,3.0,12.0,0.0,optimal,0,3.0,12.0,1.1962639772004922,-67.0116056559761,0.38022187377043715,True,0.0,True,0.0,0.0
1768551949.213883,0,leader,auto,0.7583697438240051,0.9592840671539307,0.9381090402603149,0.9,1,1,0.1416302561759949,0.040715932846069336,0.06189095973968506,0,0,0,0,1.0,0,0,0,0,0,0,False,,,,,,,,,,,,,,,
1768551949.314827,1,follower,auto,0.06655821949243546,0.9427809715270996,0.8754030466079712,0.09999999999999998,1.0,1.0,0.03344178050756452,0.05721902847290039,0.12459695339202881,0,0,0,0,1.0,0,0,0,0,0,0,False,,,,,,,,,,,,,,,
1768551949.316205,0,follower,auto,0.7635454535484314,0.9611308574676514,0.9604317545890808,0.9,1,1,0.13645454645156863,0.03886914253234863,0.03956824541091919,2.9783235762621763,12.69271246607168,2.9339880122751913,0,,,,,,,,True,13.0,3.0,0.0,optimal,0,13.0,3.0,2.015963009446621,-1146.646492977288,0.24326036203471113,True,0.0,True,0.0,0.0
1768551949.4173732,1,follower,auto,0.055809080600738525,0.9335161447525024,0.8843300938606262,0.09999999999999998,1.0,1.0,0.04419091939926145,0.06648385524749756,0.11566990613937378,11.017121984204628,3.9871553354122904,6.020304698762619,0,,,,,,,,True,4.0,11.0,0.0,optimal,0,4.0,11.0,1.21958490224567,-72.84697432739948,0.46560585048238995,True,0.0,True,0.0,0.0
1768551949.5208309,0,leader,auto,0.7635454535484314,0.9611308574676514,0.9604317545890808,0.9,1,1,0.13645454645156863,0.03886914253234863,0.03956824541091919,0,0,0,0,1.0,0,0,0,0,0,0,False,,,,,,,,,,,,,,,
1768551949.621289,1,follower,auto,0.055809080600738525,0.9335161447525024,0.8843300938606262,0.09999999999999998,1.0,1.0,0.04419091939926145,0.06648385524749756,0.11566990613937378,0,0,0,0,1.0,0,0,0,0,0,0,False,,,,,,,,,,,,,,,
1768551949.6230214,0,follower,auto,0.7653114795684814,0.9499512910842896,0.9770630598068237,0.8959233283996583,1.0,1.020383358001709,0.13061184883117682,0.05004870891571045,0.043320298194885254,13.000826623144919,3.7061812139602406,4.936582359731522,-25,,,,,,,,True,4.0,13.0,0.0,optimal,0,4.0,13.0,2.0675173834051948,-1364.3145164419486,0.4161357912830759,True,0.0,True,0.0,0.0
1768551949.724669,1,follower,auto,0.07821120321750641,0.9255794882774353,0.9002835154533386,0.09592332839965823,1.0,1.020383358001709,0.017712125182151817,0.0744205117225647,0.12009984254837036,8.021893485796744,-8.06787274079744,7.008648697798646,-25,,,,,,,,True,-8.0,8.0,0.0,optimal,0,-8.0,8.0,1.2670113559590905,-86.22728376431066,0.6343589238910285,True,0.0,True,0.0,0.0
1768551949.8830624,0,leader,auto,0.7653114795684814,0.9499512910842896,0.9770630598068237,0.8959233283996583,1.0,1.020383358001709,0.13061184883117682,0.05004870891571045,0.043320298194885254,0,0,0,0,1.0,0,0,0,0,0,0,False,,,,,,,,,,,,,,,
1768551949.9838219,1,follower,auto,0.07821120321750641,0.9255794882774353,0.9002835154533386,0.09592332839965823,1.0,1.020383358001709,0.017712125182151817,0.0744205117225647,0.12009984254837036,0,0,0,0,1.0,0,0,0,0,0,0,False,,,,,,,,,,,,,,,
1768551949.9859965,0,follower,auto,0.7707980275154114,0.933251678943634,0.9805049300193787,0.9020698261260987,1.0,0.9896508693695069,0.13127179861068727,0.06674832105636597,0.009145939350128196,0.014825764686815148,12.697094810576793,5.953030788141587,0,,,,,,,,True,13.0,0.0,0.0,optimal,0,13.0,0.0,2.086124887033334,-1452.9635516042076,0.29226123615875277,True,0.0,True,0.0,0.0
1768551950.088668,1,follower,auto,0.06979531794786453,0.9105502963066101,0.9012635350227356,0.1020698261260986,1.0,0.9896508693695069,0.032274508178234074,0.08944970369338989,0.08838733434677126,8.031968561176148,2.9628886963986636,8.024966947992205,0,,,,,,,,True,3.0,8.0,0.0,optimal,0,3.0,8.0,1.2685113209918568,-86.99475422523545,0.48623414035891327,True,0.0,True,0.0,0.0
1768551950.2227788,0,leader,auto,0.7707980275154114,0.933251678943634,0.9805049300193787,0.9020698261260987,1.0,0.9896508693695069,0.13127179861068727,0.06674832105636597,0.009145939350128196,0,0,0,0,1.0,0,0,0,0,0,0,False,,,,,,,,,,,,,,,
1768551950.3231776,1,follower,auto,0.06979531794786453,0.9105502963066101,0.9012635350227356,0.1020698261260986,1.0,0.9896508693695069,0.032274508178234074,0.08944970369338989,0.08838733434677126,0,0,0,0,1.0,0,0,0,0,0,0,False,,,,,,,,,,,,,,,
1768551950.3247068,0,follower,auto,0.7697266936302185,0.9352477788925171,0.9752135276794434,0.9093608379364014,1.0,0.9531958103179932,0.13963414430618293,0.06475222110748291,-0.022017717361450195,9.00451501565902,9.717287765360343,5.981909887563615,-25,,,,,,,,True,10.0,9.0,0.0,optimal,0,10.0,9.0,2.068834575135336,-1370.848015883351,0.4307375697673929,True,0.0,True,0.0,0.0
1768551950.425732,1,follower,auto,0.09944836050271988,0.9345858693122864,0.9260446429252625,0.10936083793640139,1.0,0.9531958103179932,0.00991247743368151,0.06541413068771362,0.027151167392730713,1.9767233741771244,-1.09050566619148,5.986932404267656,-25,,,,,,,,True,-1.0,2.0,0.0,optimal,0,-1.0,2.0,1.3435937400225182,-113.18724347411063,0.7611180957889712,True,0.0,True,0.0,0.0
1768551950.5287957,0,leader,auto,0.7697266936302185,0.9352477788925171,0.9752135276794434,0.9093608379364014,1.0,0.9531958103179932,0.13963414430618293,0.06475222110748291,-0.022017717361450195,0,0,0,0,1.0,0,0,0,0,0,0,False,,,,,,,,,,,,,,,
1768551950.6292,1,follower,auto,0.09944836050271988,0.9345858693122864,0.9260446429252625,0.10936083793640139,1.0,0.9531958103179932,0.00991247743368151,0.06541413068771362,0.027151167392730713,0,0,0,0,1.0,0,0,0,0,0,0,False,,,,,,,,,,,,,,,
1768551950.6309013,0,follower,auto,0.765529215335846,0.9409714937210083,0.9744884371757507,0.9160915231704713,1.0,0.919542384147644,0.15056230783462532,0.0590285062789917,-0.054946053028106734,-6.006778888232325,13.719437229980965,4.977037287047931,25,,,,,,,,True,14.0,-6.0,0.0,optimal,0,14.0,-6.0,2.060251570897704,-1332.0989553227002,0.4069958989185034,True,0.0,True,0.0,0.0
1768551950.732013,1,follower,auto,0.08578399568796158,0.9385788440704346,0.9158108830451965,0.11609152317047122,1.0,0.919542384147644,0.030307527482509644,0.06142115592956543,0.0037315011024474654,-0.011092623695997474,2.955903322087198,6.027423551984986,25,,,,,,,,True,3.0,0.0,0.0,optimal,0,3.0,0.0,1.3119797904654114,-101.91054004131016,0.4358336681678329,True,0.0,True,0.0,0.0
1768551950.8372624,0,leader,auto,0.765529215335846,0.9409714937210083,0.9744884371757507,0.9160915231704713,1.0,0.919542384147644,0.15056230783462532,0.0590285062789917,-0.054946053028106734,0,0,0,0,1.0,0,0,0,0,0,0,False,,,,,,,,,,,,,,,
1768551950.9376853,1,follower,auto,0.08578399568796158,0.9385788440704346,0.9158108830451965,0.11609152317047122,1.0,0.919542384147644,0.030307527482509644,0.06142115592956543,0.0037315011024474654,0,0,0,0,1.0,0,0,0,0,0,0,False,,,,,,,,,,,,,,,
1768551950.9393404,0,follower,auto,0.7637728452682495,0.9428122639656067,0.9788055419921875,0.9222168064117432,1.0,0.8889159679412841,0.15844396114349368,0.05718773603439331,-0.08988957405090336,4.999574329278823,16.72949077060817,4.9737624405298915,-25,,,,,,,,True,17.0,5.0,0.0,optimal,0,17.0,5.0,2.070315230195965,-1377.5408744808974,0.3784342428467351,True,0.0,True,0.0,0.0
1768551951.0404313,1,follower,auto,0.11091255396604538,0.9514453411102295,0.9280851483345032,0.12221680641174315,1.0,0.8889159679412841,0.011304252445697771,0.04855465888977051,-0.03916918039321904,-1.0234669396356546,2.9084624378670663,4.006670684846747,-25,,,,,,,,True,3.0,-1.0,0.0,optimal,0,3.0,-1.0,1.3518292255208508,-116.80000938616752,0.8099360735265465,True,0.0,True,0.0,0.0
1768551951.1439836,0,leader,auto,0.7637728452682495,0.9428122639656067,0.9788055419921875,0.9222168064117432,1.0,0.8889159679412841,0.15844396114349368,0.05718773603439331,-0.08988957405090336,0,0,0,0,1.0,0,0,0,0,0,0,False,,,,,,,,,,,,,,,
1768551951.2444518,1,follower,auto,0.11091255396604538,0.9514453411102295,0.9280851483345032,0.12221680641174315,1.0,0.8889159679412841,0.011304252445697771,0.04855465888977051,-0.03916918039321904,0,0,0,0,1.0,0,0,0,0,0,0,False,,,,,,,,,,,,,,,
1768551951.2504632,0,follower,auto,0.7617607712745667,0.9392988085746765,0.9842427372932434,0.9283851337432861,1.0,0.8580743312835692,0.16662436246871948,0.060701191425323486,-0.12616840600967416,-19.993474370532645,-3.268075510722404,5.956398502662012,23,,,,,,,,True,-3.0,-20.0,0.0,optimal,0,-3.0,-20.0,2.0833564158605626,-1440.2694647308201,0.649746519466676,True,0.0,True,0.0,0.0
1768551951.3517354,1,follower,auto,0.11481231451034546,0.9471896290779114,0.9002662301063538,0.12838513374328608,1.0,0.8580743312835692,0.013572819232940625,0.05281037092208862,-0.04219189882278451,-3.003904261621112,-3.078117011788803,5.065932405839118,23,,,,,,,,True,-3.0,-3.0,0.0,optimal,0,-3.0,-3.0,1.2740278227394826,-89.49355515251203,0.5210418310580077,True,0.0,True,0.0,0.0
1768551951.4993587,0,leader,auto,0.7617607712745667,0.9392988085746765,0.9842427372932434,0.9283851337432861,1.0,0.8580743312835692,0.16662436246871948,0.060701191425323486,-0.12616840600967416,0,0,0,0,1.0,0,0,0,0,0,0,False,,,,,,,,,,,,,,,
1768551951.5998933,1,follower,auto,0.11481231451034546,0.9471896290779114,0.9002662301063538,0.12838513374328608,1.0,0.8580743312835692,0.013572819232940625,0.05281037092208862,-0.04219189882278451,0,0,0,0,1.0,0,0,0,0,0,0,False,,,,,,,,,,,,,,,
1768551951.601579,0,follower,auto,0.7677437663078308,0.930425763130188,0.9902216792106628,0.9346799087524414,1.0,0.8266004562377929,0.16693614244461064,0.06957423686981201,-0.16362122297286996,-17.990109597889607,13.714158965330718,5.9528470069391215,-1,,,,,,,,True,14.0,-18.0,0.0,optimal,0,14.0,-18.0,2.110291583893981,-1576.3614589278084,0.3581531545611753,True,0.0,True,0.0,0.0
1768551951.7033982,1,follower,auto,0.10251682996749878,0.9250612854957581,0.9018404483795166,0.1346799087524414,1.0,0.8266004562377929,0.03216307878494262,0.07493871450424194,-0.07523999214172372,-6.970042241582952,1.9547370146979934,7.044335283771083,-1,,,,,,,,True,2.0,-7.0,0.0,optimal,0,2.0,-7.0,1.2757667831394692,-89.64278061093813,0.46851579360178713,True,0.0,True,0.0,0.0
1768551951.8056889,0,leader,auto,0.7677437663078308,0.930425763130188,0.9902216792106628,0.9346799087524414,1.0,0.8266004562377929,0.16693614244461064,0.06957423686981201,-0.16362122297286996,0,0,0,0,1.0,0,0,0,0,0,0,False,,,,,,,,,,,,,,,
1768551951.9061315,1,follower,auto,0.10251682996749878,0.9250612854957581,0.9018404483795166,0.1346799087524414,1.0,0.8266004562377929,0.03216307878494262,0.07493871450424194,-0.07523999214172372,0,0,0,0,1.0,0,0,0,0,0,0,False,,,,,,,,,,,,,,,
1768551951.907872,0,follower,auto,0.7726055979728699,0.9231833815574646,0.9760574102401733,0.941645131111145,1.0,0.7917743444442749,0.16903953313827513,0.0768166184425354,-0.18428306579589848,-19.992186173810968,13.709791499936998,6.980560380286654,-1,,,,,,,,True,14.0,-20.0,0.0,optimal,0,14.0,-20.0,2.0757653283439432,-1404.033406302103,0.36979991418442526,True,0.0,True,0.0,0.0
1768551952.0090408,1,follower,auto,0.1008225604891777,0.9113866686820984,0.8944461345672607,0.14164513111114496,1.0,0.7917743444442749,0.04082257062196726,0.08861333131790161,-0.10267179012298588,-9.969503960063959,1.9516861657163516,8.045758121232666,-1,,,,,,,,True,2.0,-10.0,0.0,optimal,0,2.0,-10.0,1.254745650913169,-83.43389312699571,0.5275263144340409,True,0.0,True,0.0,0.0
1768551952.1130157,0,leader,auto,0.7726055979728699,0.9231833815574646,0.9760574102401733,0.941645131111145,1.0,0.7917743444442749,0.16903953313827513,0.0768166184425354,-0.18428306579589848,0,0,0,0,1.0,0,0,0,0,0,0,False,,,,,,,,,,,,,,,
1768551952.2134206,1,follower,auto,0.1008225604891777,0.9113866686820984,0.8944461345672607,0.14164513111114496,1.0,0.7917743444442749,0.04082257062196726,0.08861333131790161,-0.10267179012298588,0,0,0,0,1.0,0,0,0,0,0,0,False,,,,,,,,,,,,,,,
1768551952.215107,0,follower,auto,0.7788920402526855,0.9142139554023743,0.9453303813934326,0.9477579021453857,1.0,0.7612104892730712,0.16886586189270014,0.08578604459762573,-0.1841198921203614,-19.98909937793446,13.702452692244774,8.020324311872328,-1,,,,,,,,True,14.0,-20.0,0.0,optimal,0,14.0,-20.0,1.9957531617478765,-1072.558368860903,0.32161716630922704,True,0.0,True,0.0,0.0
1768551952.316207,1,follower,auto,0.0950622707605362,0.9041392207145691,0.8909425735473633,0.14775790214538564,1.0,0.7612104892730712,0.05269563138484945,0.09586077928543091,-0.12973208427429206,-12.978974400833518,2.9601276552367515,9.030701781815432,-1,,,,,,,,True,3.0,-13.0,0.0,optimal,0,3.0,-13.0,1.2438585182287116,-80.28795731747347,0.49888281175727167,True,0.0,True,0.0,0.0
1768551952.4181926,0,leader,auto,0.7788920402526855,0.9142139554023743,0.9453303813934326,0.9477579021453857,1.0,0.7612104892730712,0.16886586189270014,0.08578604459762573,-0.1841198921203614,0,0,0,0,1.0,0,0,0,0,0,0,False,,,,,,,,,,,,,,,
1768551952.5185091,1,follower,auto,0.0950622707605362,0.9041392207145691,0.8909425735473633,0.14775790214538564,1.0,0.7612104892730712,0.05269563138484945,0.09586077928543091,-0.12973208427429206,0,0,0,0,1.0,0,0,0,0,0,0,False,,,,,,,,,,,,,,,
1768551952.5190382,0,follower,auto,0.7886661887168884,0.9119566679000854,0.9006850123405457,0.9539009571075439,1.0,0.7304952144622802,0.16523476839065543,0.08804333209991455,-0.1701897978782655,-17.99572440485487,13.689859646276929,8.057754220193626,25,,,,,,,,True,14.0,-18.0,0.0,optimal,0,14.0,-18.0,1.8840133010206572,-735.1308036693945,0.2196220699111498,True,0.0,True,0.0,0.0
1768551952.6234171,1,follower,auto,0.086944080889225,0.9045562148094177,0.8734252452850342,0.1539009571075438,1.0,0.7304952144622802,0.0669568762183188,0.09544378519058228,-0.14293003082275402,-13.992378959082147,4.971627950140485,9.035878606529874,25,,,,,,,,True,5.0,-14.0,0.0,optimal,0,5.0,-14.0,1.1939566175879284,-67.52864997255645,0.473801619055231,True,0.0,True,0.0,0.0
1768551952.7505841,0,leader,auto,0.7886661887168884,0.9119566679000854,0.9006850123405457,0.9539009571075439,1.0,0.7304952144622802,0.16523476839065543,0.08804333209991455,-0.1701897978782655,0,0,0,0,1.0,0,0,0,0,0,0,False,,,,,,,,,,,,,,,
1768551952.851854,1,follower,auto,0.086944080889225,0.9045562148094177,0.8734252452850342,0.1539009571075438,1.0,0.7304952144622802,0.0669568762183188,0.09544378519058228,-0.14293003082275402,0,0,0,0,1.0,0,0,0,0,0,0,False,,,,,,,,,,,,,,,
1768551952.8542254,0,follower,auto,0.802027702331543,0.9153112769126892,0.8474575281143188,0.9600454568862914,1.0,0.6997727155685424,0.15801775455474842,0.08468872308731079,-0.14768481254577648,-16.005469060600788,13.671495509227007,8.093339627154469,-1,,,,,,,,True,14.0,-16.0,0.0,optimal,0,14.0,-16.0,1.7589906653791645,-480.4947128672291,0.09839638311221974,True,0.0,True,0.0,0.0
1768551952.955881,1,follower,auto,0.07097088545560837,0.9070793986320496,0.8605813384056091,0.16004545688629135,1.0,0.6997727155685424,0.08907457143068298,0.09292060136795044,-0.16080862283706676,-15.998367967552715,6.995041488790109,9.018000173655702,-1,,,,,,,,True,7.0,-16.0,0.0,optimal,0,7.0,-16.0,1.1563188849999517,-59.031648176160644,0.41655842530143417,True,0.0,True,0.0,0.0
1768551953.202346,0,leader,auto,0.802027702331543,0.9153112769126892,0.8474575281143188,0.9600454568862914,1.0,0.6997727155685424,0.15801775455474842,0.08468872308731079,-0.14768481254577648,0,0,0,0,1.0,0,0,0,0,0,0,False,,,,,,,,,,,,,,,
1768551953.3027544,1,follower,auto,0.07097088545560837,0.9070793986320496,0.8605813384056091,0.16004545688629135,1.0,0.6997727155685424,0.08907457143068298,0.09292060136795044,-0.16080862283706676,0,0,0,0,1.0,0,0,0,0,0,0,False,,,,,,,,,,,,,,,
1768551953.3044229,0,follower,auto,0.8271149396896362,0.9230509400367737,0.7859711050987244,0.9666957139968871,1.0,0.6665214300155639,0.1395807743072509,0.07694905996322632,-0.11944967508316051,-10.013012004810866,9.635452052900161,7.120019649257601,0,,,,,,,,True,10.638444650767193,-10.882837372051513,2.3644599275263434,optimal,0,13.0,-11.0,1.637941246606625,-317.2158515418736,0.0,True,0.0,True,0.0,0.0
1768551953.4055746,1,follower,auto,0.04973436892032623,0.9167258739471436,0.8245388865470886,0.1666957139968871,1.0,0.6665214300155639,0.11696134507656086,0.08327412605285645,-0.15801745653152477,-15.010045638068549,11.02445713826823,8.036268673326836,0,,,,,,,,True,11.0,-15.0,0.0,optimal,0,11.0,-15.0,1.0569772094273044,-41.573093290148584,0.4068383129419293,True,0.0,True,0.0,0.0
1768551953.5155573,0,leader,auto,0.8271149396896362,0.9230509400367737,0.7859711050987244,0.9666957139968871,1.0,0.6665214300155639,0.1395807743072509,0.07694905996322632,-0.11944967508316051,0,0,0,0,1.0,0,0,0,0,0,0,False,,,,,,,,,,,,,,,
1768551953.6159754,1,follower,auto,0.04973436892032623,0.9167258739471436,0.8245388865470886,0.1666957139968871,1.0,0.6665214300155639,0.11696134507656086,0.08327412605285645,-0.15801745653152477,0,0,0,0,1.0,0,0,0,0,0,0,False,,,,,,,,,,,,,,,
1768551953.6173987,0,follower,auto,0.8464150428771973,0.9290720224380493,0.7500212788581848,0.975688338279724,1.0,0.6215583086013793,0.12927329540252674,0.07092797756195068,-0.12846297025680553,-11.010846364652602,6.627764959126403,7.089691077110273,0,,,,,,,,True,7.238577821875822,-11.812545084858455,4.765110754593592,optimal,0,12.0,-12.0,1.5790720624070596,-258.90684559698553,1.3877787807814457e-17,True,0.0,True,0.0,0.0
1768551953.7188227,1,follower,auto,0.04521866515278816,0.9287073612213135,0.7815639972686768,0.17568833827972397,1.0,0.6215583086013793,0.1304696731269358,0.07129263877868652,-0.16000568866729747,-8.018754166002283,13.016379454954887,7.056640561218937,0,,,,,,,,True,13.2727291532878,-8.270451534156738,7.734358452830655,optimal,0,13.0,-16.0,0.944551446773469,-28.049836798340937,0.4862408450110119,True,0.0,True,0.0,0.0
1768551953.8255181,0,leader,auto,0.8464150428771973,0.9290720224380493,0.7500212788581848,0.975688338279724,1.0,0.6215583086013793,0.12927329540252674,0.07092797756195068,-0.12846297025680553,0,0,0,0,1.0,0,0,0,0,0,0,False,,,,,,,,,,,,,,,
1768551953.9259758,1,follower,auto,0.04521866515278816,0.9287073612213135,0.7815639972686768,0.17568833827972397,1.0,0.6215583086013793,0.1304696731269358,0.07129263877868652,-0.16000568866729747,0,0,0,0,1.0,0,0,0,0,0,0,False,,,,,,,,,,,,,,,
1768551953.9284616,0,follower,auto,0.8632174134254456,0.9355227947235107,0.7180697917938232,0.9819540596008299,1.0,0.5902297019958495,0.11873664617538437,0.06447720527648926,-0.1278400897979738,-11.012275033758726,8.627982544411626,6.069372346293062,0,,,,,,,,True,9.102708267081542,-11.965523811488314,1.8976049450228087,optimal,0,11.0,-12.0,1.5289387605215645,-217.680789004002,0.0,True,0.0,True,0.0,0.0
1768551954.0297196,1,follower,auto,0.05339193716645241,0.9332868456840515,0.7327853441238403,0.1819540596008299,1.0,0.5902297019958495,0.12856212243437748,0.06671315431594849,-0.14255564212799088,-0.010503248940470727,11.998591470184751,6.07624712186929,0,,,,,,,,True,12.629191006608435,0.5276139575765786,14.54123270645136,infeasible,0,12.0,-14.0,0.8227108436409218,-18.161339564788946,0.5716985909604363,True,0.0,True,0.0,0.0
1768551954.153551,0,leader,auto,0.8632174134254456,0.9355227947235107,0.7180697917938232,0.9819540596008299,1.0,0.5902297019958495,0.11873664617538437,0.06447720527648926,-0.1278400897979738,0,0,0,0,1.0,0,0,0,0,0,0,False,,,,,,,,,,,,,,,
1768551954.2539248,1,follower,auto,0.05339193716645241,0.9332868456840515,0.7327853441238403,0.1819540596008299,1.0,0.5902297019958495,0.12856212243437748,0.06671315431594849,-0.14255564212799088,0,0,0,0,1.0,0,0,0,0,0,0,False,,,,,,,,,,,,,,,
1768551954.2557042,0,follower,auto,0.882305383682251,0.9408732652664185,0.6883841156959534,0.9881714820861814,1.0,0.5591425895690917,0.10586609840393046,0.05912673473358154,-0.12924152612686168,-12.013844394077852,7.623783899496319,5.052596339908579,0,,,,,,,,True,8.593015642221099,-12.01546277412888,1.4070693232454,optimal,0,10.0,-12.0,1.4908200365131372,-190.65459734914737,1.3877787807814457e-17,True,0.0,True,0.0,0.0
1768551954.3568182,1,follower,auto,0.06659578531980515,0.9320589303970337,0.6794194579124451,0.1881714820861814,1.0,0.5591425895690917,0.12157569676637625,0.06794106960296631,-0.12027686834335338,7.001816489645671,12.988300613685794,6.095734469049801,0,,,,,,,,True,13.114034406959565,7.729684844805234,19.761111728220836,infeasible,0,12.0,-12.0,0.6955656963248473,-11.492031147942958,0.5976956546404608,True,0.0,True,0.0,0.0
1768551954.4602554,0,leader,auto,0.882305383682251,0.9408732652664185,0.6883841156959534,0.9881714820861814,1.0,0.5591425895690917,0.10586609840393046,0.05912673473358154,-0.12924152612686168,0,0,0,0,1.0,0,0,0,0,0,0,False,,,,,,,,,,,,,,,
1768551954.5607104,1,follower,auto,0.06659578531980515,0.9320589303970337,0.6794194579124451,0.1881714820861814,1.0,0.5591425895690917,0.12157569676637625,0.06794106960296631,-0.12027686834335338,0,0,0,0,1.0,0,0,0,0,0,0,False,,,,,,,,,,,,,,,
1768551954.5625763,0,follower,auto,0.9026118516921997,0.9395214319229126,0.6667975783348083,0.9947128152847288,1.0,0.5264359235763548,0.09210096359252906,0.0604785680770874,-0.14036165475845352,-14.004228194770215,6.621822013110019,6.0325729679248745,0,,,,,,,,True,7.788295914883026,-14.04080630876911,1.2123910032347331,optimal,0,9.0,-14.0,1.4762251836231948,-181.1458276006766,0.0,True,0.0,True,0.0,0.0
1768551954.6639335,1,follower,auto,0.08712038397789001,0.9326433539390564,0.6393344402313232,0.19471281528472872,1.0,0.5264359235763548,0.10759243130683871,0.0673566460609436,-0.11289851665496842,5.00158675979043,10.975156196842894,6.089632434115895,0,,,,,,,,True,11.278999944701306,5.726380434939038,16.77520918834866,optimal,0,10.0,-11.0,0.6057733680016777,-8.169771947143047,0.663327386704244,True,0.0,True,0.0,0.0
1768551954.8164723,0,leader,auto,0.9026118516921997,0.9395214319229126,0.6667975783348083,0.9947128152847288,1.0,0.5264359235763548,0.09210096359252906,0.0604785680770874,-0.14036165475845352,0,0,0,0,1.0,0,0,0,0,0,0,False,,,,,,,,,,,,,,,
1768551954.9169087,1,follower,auto,0.08712038397789001,0.9326433539390564,0.6393344402313232,0.19471281528472872,1.0,0.5264359235763548,0.10759243130683871,0.0673566460609436,-0.11289851665496842,0,0,0,0,1.0,0,0,0,0,0,0,False,,,,,,,,,,,,,,,
1768551954.919055,0,follower,auto,0.9242135286331177,0.933820366859436,0.6432612538337708,1.0008560609817503,1.0,0.4957196950912474,0.07664253234863261,0.06617963314056396,-0.14754155874252334,-13.992175814574063,6.620412029758125,6.0327524689192185,0,,,,,,,,True,7.0,-14.0,0.0,optimal,0,7.0,-14.0,1.4613173810260442,-172.00275394398994,0.0344555711964295,True,0.0,True,0.0,0.0
1768551955.0202634,1,follower,auto,0.11071737110614777,0.936302900314331,0.6191290020942688,0.20085606098175024,1.0,0.4957196950912474,0.09013868987560247,0.06369709968566895,-0.12340930700302138,-7.006044302372739,8.966531116500587,6.059023772617009,0,,,,,,,,True,9.489178084330893,-7.055397577686696,4.968741119532818,optimal,0,9.0,-12.0,0.5648084995931704,-6.752708473386752,0.6682932714433952,True,0.0,True,0.0,0.0
1768551955.139835,0,leader,auto,0.9242135286331177,0.933820366859436,0.6432612538337708,1.0008560609817503,1.0,0.4957196950912474,0.07664253234863261,0.06617963314056396,-0.14754155874252334,0,0,0,0,1.0,0,0,0,0,0,0,False,,,,,,,,,,,,,,,
1768551955.2402809,1,follower,auto,0.11071737110614777,0.936302900314331,0.6191290020942688,0.20085606098175024,1.0,0.4957196950912474,0.09013868987560247,0.06369709968566895,-0.12340930700302138,0,0,0,0,1.0,0,0,0,0,0,0,False,,,,,,,,,,,,,,,
1768551955.241944,0,follower,auto,0.9411625266075134,0.9326806664466858,0.6131864786148071,1.0079824590682982,1.0,0.4600877046585082,0.06681993246078477,0.06731933355331421,-0.15309877395629895,-14.99355528744015,5.627593805144736,6.048523662428695,0,,,,,,,,True,6.0,-15.0,0.0,optimal,0,6.0,-15.0,1.425071477661073,-151.74407318935837,0.06931081995242107,True,0.0,True,0.0,0.0
1768551955.3437405,1,follower,auto,0.13241352140903473,0.9397621750831604,0.6078603863716125,0.20798245906829815,1.0,0.4600877046585082,0.07556893765926342,0.0602378249168396,-0.14777268171310437,-10.00883341133255,6.964596251903502,6.031101882618614,0,,,,,,,,True,7.400743774864978,-10.647108629590146,3.376755264282844,infeasible,0,7.0,-14.0,0.5449884163433996,-6.210493176339482,0.6577890046647032,True,0.0,True,0.0,0.0
1768551955.4453666,0,leader,auto,0.9411625266075134,0.9326806664466858,0.6131864786148071,1.0079824590682982,1.0,0.4600877046585082,0.06681993246078477,0.06731933355331421,-0.15309877395629895,0,0,0,0,1.0,0,0,0,0,0,0,False,,,,,,,,,,,,,,,
1768551955.5457895,1,follower,auto,0.13241352140903473,0.9397621750831604,0.6078603863716125,0.20798245906829815,1.0,0.4600877046585082,0.07556893765926342,0.0602378249168396,-0.14777268171310437,0,0,0,0,1.0,0,0,0,0,0,0,False,,,,,,,,,,,,,,,
1768551955.547486,0,follower,auto,0.9538112282752991,0.9344956278800964,0.5828885436058044,1.0144516897201536,1.0,0.4277415513992308,0.060640461444854576,0.06550437211990356,-0.15514699220657363,-14.998936400866368,5.637045291319641,6.055761332017373,0,,,,,,,,True,6.0,-15.0,0.0,optimal,0,6.0,-15.0,1.382503897056735,-130.8222453521085,0.1089108444251851,True,0.0,True,0.0,0.0
1768551955.6487224,1,follower,auto,0.15095917880535126,0.9399939775466919,0.5885022282600403,0.2144516897201536,1.0,0.4277415513992308,0.06349251091480235,0.060006022453308105,-0.16076067686080947,-2.0043591312755886,6.966106833374061,6.030693008828743,0,,,,,,,,True,7.92052875115866,-2.1518866118820696,13.980653600393586,optimal,0,6.0,-16.0,0.5077262145926589,-5.552377248200089,0.6510231393882504,True,0.0,True,0.0,0.0
1768551955.7529862,0,leader,auto,0.9538112282752991,0.9344956278800964,0.5828885436058044,1.0144516897201536,1.0,0.4277415513992308,0.060640461444854576,0.06550437211990356,-0.15514699220657363,0,0,0,0,1.0,0,0,0,0,0,0,False,,,,,,,,,,,,,,,
1768551955.8533943,1,follower,auto,0.15095917880535126,0.9399939775466919,0.5885022282600403,0.2144516897201536,1.0,0.4277415513992308,0.06349251091480235,0.060006022453308105,-0.16076067686080947,0,0,0,0,1.0,0,0,0,0,0,0,False,,,,,,,,,,,,,,,
1768551955.8550184,0,follower,auto,0.9648889303207397,0.9332129955291748,0.5549589395523071,1.0205516242980956,1.0,0.39724187850952136,0.055662693977355904,0.0667870044708252,-0.15771706104278577,-14.99839182450052,4.642033548043714,6.057296702951846,0,,,,,,,,True,5.0,-15.0,0.0,optimal,0,5.0,-15.0,1.3440494519968298,-114.32082182042409,0.1430258540914314,True,0.0,True,0.0,0.0
1768551955.956195,1,follower,auto,0.1642187088727951,0.934083878993988,0.5694454312324524,0.2205516242980956,1.0,0.39724187850952136,0.0563329154253005,0.06591612100601196,-0.17220355272293103,0.006466005796499708,6.9730471769021625,6.027842464664157,0,,,,,,,,True,7.744848389352468,0.8753419118194614,18.084856680244396,optimal,0,5.0,-17.0,0.4707817547278139,-4.873387125456626,0.6003988377218442,True,0.0,True,0.0,0.0
1768551956.0593598,0,leader,auto,0.9648889303207397,0.9332129955291748,0.5549589395523071,1.0205516242980956,1.0,0.39724187850952136,0.055662693977355904,0.0667870044708252,-0.15771706104278577,0,0,0,0,1.0,0,0,0,0,0,0,False,,,,,,,,,,,,,,,
1768551956.1598144,1,follower,auto,0.1642187088727951,0.934083878993988,0.5694454312324524,0.2205516242980956,1.0,0.39724187850952136,0.0563329154253005,0.06591612100601196,-0.17220355272293103,0,0,0,0,1.0,0,0,0,0,0,0,False,,,,,,,,,,,,,,,
1768551956.161626,0,follower,auto,0.9751298427581787,0.9295191764831543,0.5270513892173767,1.026700563430786,1.0,0.3664971828460692,0.05157072067260726,0.0704808235168457,-0.16055420637130752,-15.991987092118489,4.642456394012733,7.064137284186678,0,,,,,,,,True,5.0,-16.0,0.0,optimal,0,5.0,-16.0,1.3058132063309338,-99.95739304696835,0.13083735286932327,True,0.0,True,0.0,0.0
1768551956.2628975,1,follower,auto,0.17004753649234772,0.9366286396980286,0.5594562888145447,0.22670056343078593,1.0,0.3664971828460692,0.05665302693843821,0.06337136030197144,-0.1929591059684755,-2.0041428399818217,6.986619950999221,6.009154298966698,0,,,,,,,,True,7.584658968884703,-2.896660572033383,16.309445199568877,infeasible,0,5.0,-19.0,0.45146423257580426,-4.4786860801311175,0.5249821068302218,True,0.0,True,0.0,0.0
1768551956.4172935,0,leader,auto,0.9751298427581787,0.9295191764831543,0.5270513892173767,1.026700563430786,1.0,0.3664971828460692,0.05157072067260726,0.0704808235168457,-0.16055420637130752,0,0,0,0,1.0,0,0,0,0,0,0,False,,,,,,,,,,,,,,,
1768551956.517912,1,follower,auto,0.17004753649234772,0.9366286396980286,0.5594562888145447,0.22670056343078593,1.0,0.3664971828460692,0.05665302693843821,0.06337136030197144,-0.1929591059684755,0,0,0,0,1.0,0,0,0,0,0,0,False,,,,,,,,,,,,,,,
1768551956.5194547,0,follower,auto,0.9848843216896057,0.9285286068916321,0.4972134530544281,1.0328348159790037,1.0,0.3358259201049803,0.047950494289398016,0.07147139310836792,-0.1613875329494478,-15.9890312645498,3.638527841650237,7.0759435795030585,0,,,,,,,,True,4.0,-16.0,0.0,optimal,0,4.0,-16.0,1.2645322380627309,-86.41349134124331,0.1309163152763451,True,0.0,True,0.0,0.0
1768551956.6206074,1,follower,auto,0.16736336052417755,0.9480822682380676,0.552426815032959,0.23283481597900368,1.0,0.3358259201049803,0.06547145545482613,0.05191773176193237,-0.21660089492797868,-3.0229911693554246,8.006086480119645,4.992496831973067,0,,,,,,,,True,8.768810101572356,-3.5889610037561255,17.629820994760383,optimal,0,6.0,-21.0,0.4357131354463639,-4.227637015736423,0.44013441323550306,True,0.0,True,0.0,0.0
1768551956.7533352,0,leader,auto,0.9848843216896057,0.9285286068916321,0.4972134530544281,1.0328348159790037,1.0,0.3358259201049803,0.047950494289398016,0.07147139310836792,-0.1613875329494478,0,0,0,0,1.0,0,0,0,0,0,0,False,,,,,,,,,,,,,,,
1768551956.8537898,1,follower,auto,0.16736336052417755,0.9480822682380676,0.552426815032959,0.23283481597900368,1.0,0.3358259201049803,0.06547145545482613,0.05191773176193237,-0.21660089492797868,0,0,0,0,1.0,0,0,0,0,0,0,False,,,,,,,,,,,,,,,
1768551956.855483,0,follower,auto,0.9899309873580933,0.9311055541038513,0.4731401801109314,1.0399885940551756,1.0,0.3000570297241209,0.05005760669708237,0.06889444589614868,-0.1730831503868105,-16.995228390862437,4.642562722618219,6.075046867259788,0,,,,,,,,True,5.0,-17.0,0.0,optimal,0,5.0,-17.0,1.2270656098781054,-75.67903084090092,0.14301302108944602,True,0.0,True,0.0,0.0
1768551956.956729,1,follower,auto,0.1669679582118988,0.948228657245636,0.5419219732284546,0.23998859405517559,1.0,0.3000570297241209,0.07302063584327678,0.051771342754364014,-0.24186494350433368,-0.01180974294606218,10.009760982083924,4.989053680765531,0,,,,,,,,True,10.88693603290355,0.2554565833280833,24.564923077217188,infeasible,0,7.0,-24.0,0.41358013736572685,-3.995203618247862,0.48172649040051546,True,0.0,True,0.0,0.0
1768551957.0607378,0,leader,auto,0.9899309873580933,0.9311055541038513,0.4731401801109314,1.0399885940551756,1.0,0.3000570297241209,0.05005760669708237,0.06889444589614868,-0.1730831503868105,0,0,0,0,1.0,0,0,0,0,0,0,False,,,,,,,,,,,,,,,
1768551957.1611714,1,follower,auto,0.1669679582118988,0.948228657245636,0.5419219732284546,0.23998859405517559,1.0,0.3000570297241209,0.07302063584327678,0.051771342754364014,-0.24186494350433368,0,0,0,0,1.0,0,0,0,0,0,0,False,,,,,,,,,,,,,,,
1768551957.162904,0,follower,auto,0.9872809052467346,0.9345052242279053,0.4508167803287506,1.046711311340332,1.0,0.26644344329833963,0.05943040609359729,0.06549477577209473,-0.18437333703041098,-18.004671829512684,4.656693198279988,6.072955215492382,0,,,,,,,,True,5.0,-18.0,0.0,optimal,0,5.0,-18.0,1.1788765756195434,-63.87766220903332,0.22581845734540443,True,0.0,True,0.0,0.0
1768551957.265165,1,follower,auto,0.17035694420337677,0.9353094696998596,0.5245791077613831,0.24671131134033186,1.0,0.26644344329833963,0.07635436713695509,0.06469053030014038,-0.2581356644630434,7.014554981321504,12.002872894241705,5.9962544431292715,0,,,,,,,,True,12.473825174437335,7.92126974625338,33.373234241617666,optimal,0,7.0,-25.0,0.37888427649942424,-3.6395964177582716,0.5461535277816797,True,0.0,True,0.0,0.0
1768551957.437993,0,leader,auto,0.9872809052467346,0.9345052242279053,0.4508167803287506,1.046711311340332,1.0,0.26644344329833963,0.05943040609359729,0.06549477577209473,-0.18437333703041098,0,0,0,0,1.0,0,0,0,0,0,0,False,,,,,,,,,,,,,,,
1768551957.5383885,1,follower,auto,0.17035694420337677,0.9353094696998596,0.5245791077613831,0.24671131134033186,1.0,0.26644344329833963,0.07635436713695509,0.06469053030014038,-0.2581356644630434,0,0,0,0,1.0,0,0,0,0,0,0,False,,,,,,,,,,,,,,,
1768551957.5399354,0,follower,auto,0.9813462495803833,0.9346677660942078,0.4215296804904938,1.052880959510803,1.0,0.23559520244598367,0.07153470993041977,0.06533223390579224,-0.1859344780445101,-18.011400106302194,6.670113827197686,6.088075017547171,0,,,,,,,,True,7.0,-18.0,0.0,optimal,0,7.0,-18.0,1.1123578535903955,-50.38890996361365,0.22509119064096128,True,0.0,True,0.0,0.0
1768551957.6410887,1,follower,auto,0.17824096977710724,0.911590576171875,0.5133886337280273,0.252880959510803,1.0,0.23559520244598367,0.07463998973369579,0.088409423828125,-0.2777934312820437,3.0440460549385575,11.990099794475524,7.983689623117558,0,,,,,,,,True,12.37628663875892,3.5668656212726226,31.03607146420171,optimal,0,7.0,-27.0,0.35882680627624164,-3.3206690919648554,0.5950578198934074,True,0.0,True,0.0,0.0
1768551957.742798,0,leader,auto,0.9813462495803833,0.9346677660942078,0.4215296804904938,1.052880959510803,1.0,0.23559520244598367,0.07153470993041977,0.06533223390579224,-0.1859344780445101,0,0,0,0,1.0,0,0,0,0,0,0,False,,,,,,,,,,,,,,,
1768551957.843239,1,follower,auto,0.17824096977710724,0.911590576171875,0.5133886337280273,0.252880959510803,1.0,0.23559520244598367,0.07463998973369579,0.088409423828125,-0.2777934312820437,0,0,0,0,1.0,0,0,0,0,0,0,False,,,,,,,,,,,,,,,
1768551957.8449333,0,follower,auto,0.9789480566978455,0.9330704212188721,0.3934380114078522,1.0603985691070554,1.0,0.19800715446472145,0.08145051240920997,0.06692957878112793,-0.19543085694313073,-19.009836000666407,7.67300716826586,6.09618514794575,0,,,,,,,,True,8.0,-19.0,0.0,optimal,0,8.0,-19.0,1.0566712179409055,-41.270930563540084,0.17844116863129406,True,0.0,True,0.0,0.0
1768551957.946264,1,follower,auto,0.18790051341056824,0.906079113483429,0.50282222032547,0.2603985691070554,1.0,0.19800715446472145,0.07249805569648715,0.09392088651657104,-0.3048150658607485,5.028586882787682,12.98070761628994,8.97405342818502,0,,,,,,,,True,13.635479914839994,5.413456729547427,36.02974481224885,optimal,0,7.0,-30.0,0.3410594485184606,-3.1834822572473658,0.656701751232907,True,0.0,True,0.0,0.0
1768551958.0809398,0,leader,auto,0.9789480566978455,0.9330704212188721,0.3934380114078522,1.0603985691070554,1.0,0.19800715446472145,0.08145051240920997,0.06692957878112793,-0.19543085694313073,0,0,0,0,1.0,0,0,0,0,0,0,False,,,,,,,,,,,,,,,
1768551958.181345,1,follower,auto,0.18790051341056824,0.906079113483429,0.50282222032547,0.2603985691070554,1.0,0.19800715446472145,0.07249805569648715,0.09392088651657104,-0.3048150658607485,0,0,0,0,1.0,0,0,0,0,0,0,False,,,,,,,,,,,,,,,
1768551958.1830513,0,follower,auto,0.9805952310562134,0.9319095015525818,0.35750457644462585,1.0665026664733885,1.0,0.16748666763305642,0.08590743541717516,0.06809049844741821,-0.19001790881156944,-19.0049547754721,7.676144233492816,6.1150904390766225,0,,,,,,,,True,8.0,-19.0,0.0,optimal,0,8.0,-19.0,0.9969815457936657,-33.25342596865695,0.14178147765892973,True,0.0,True,0.0,0.0
1768551958.284538,1,follower,auto,0.21070364117622375,0.9155579805374146,0.4878407120704651,0.2665026664733885,1.0,0.16748666763305642,0.05579902529716474,0.08444201946258545,-0.32035404443740867,7.000099426399987,11.953962821197655,7.970133962217579,0,,,,,,,,True,12.912454169326228,7.095914988554753,37.93038148792824,optimal,0,5.0,-30.0,0.3203257368288024,-2.9664851017299423,0.7703424957779634,True,0.0,True,0.0,0.0
1768551958.4863348,0,leader,auto,0.9805952310562134,0.9319095015525818,0.35750457644462585,1.0665026664733885,1.0,0.16748666763305642,0.08590743541717516,0.06809049844741821,-0.19001790881156944,0,0,0,0,1.0,0,0,0,0,0,0,False,,,,,,,,,,,,,,,
1768551958.5868137,1,follower,auto,0.21070364117622375,0.9155579805374146,0.4878407120704651,0.2665026664733885,1.0,0.16748666763305642,0.05579902529716474,0.08444201946258545,-0.32035404443740867,0,0,0,0,1.0,0,0,0,0,0,0,False,,,,,,,,,,,,,,,
1768551958.5889351,0,follower,auto,0.9918972253799438,0.9380456805229187,0.30761370062828064,1.0732672262191771,1.0,0.13366386890411355,0.08137000083923329,0.0619543194770813,-0.1739498317241671,-17.011317918509132,7.670266933485212,6.1503659750090245,0,,,,,,,,True,8.0,-17.0,0.0,optimal,0,8.0,-17.0,0.9362004351589372,-26.560645547636184,0.053443119272987144,True,0.0,True,0.0,0.0
1768551958.6903493,1,follower,auto,0.2410825490951538,0.9281404614448547,0.47284868359565735,0.2732672262191771,1.0,0.13366386890411355,0.032184677124023287,0.07185953855514526,-0.3391848146915438,4.986275802341497,10.931047246096178,6.956953804786089,0,,,,,,,,True,11.90682653649361,5.942022778358194,37.02918525097745,optimal,0,3.0,-30.0,0.3046557966520207,-2.7708452922107503,0.7874543597303864,True,0.0,True,0.0,0.0
1768551958.847751,0,leader,auto,0.9918972253799438,0.9380456805229187,0.30761370062828064,1.0732672262191771,1.0,0.13366386890411355,0.08137000083923329,0.0619543194770813,-0.1739498317241671,0,0,0,0,1.0,0,0,0,0,0,0,False,,,,,,,,,,,,,,,
1768551958.9482048,1,follower,auto,0.2410825490951538,0.9281404614448547,0.47284868359565735,0.2732672262191771,1.0,0.13366386890411355,0.032184677124023287,0.07185953855514526,-0.3391848146915438,0,0,0,0,1.0,0,0,0,0,0,0,False,,,,,,,,,,,,,,,
1768551958.956912,0,follower,auto,1.0133081674575806,0.9460761547088623,0.2638048231601715,1.0813837051391602,1.0,0.093081474304199,0.06807553768157959,0.053923845291137695,-0.1707233488559725,-16.01849160892066,1.6555108038319175,5.1654673602898775,0,,,,,,,,True,2.7184778090385833,-16.099157207551244,3.4029260389375335,optimal,0,6.0,-17.0,0.910291690118981,-24.01727489758661,0.0,True,0.0,True,0.0,0.0
1768551959.0590222,1,follower,auto,0.26760783791542053,0.9312525987625122,0.4685143232345581,0.2813837051391601,1.0,0.093081474304199,0.01377586722373958,0.06874740123748779,-0.3754328489303591,-0.0030607164241682546,8.929283799111142,5.927389053313459,0,,,,,,,,True,9.31905013633438,0.10793433969883992,31.236105797209447,optimal,0,1.0,-30.0,0.3097343892242601,-2.7231676739507877,0.7405792170428682,True,0.0,True,0.0,0.0
1768551959.172014,0,leader,auto,1.0133081674575806,0.9460761547088623,0.2638048231601715,1.0813837051391602,1.0,0.093081474304199,0.06807553768157959,0.053923845291137695,-0.1707233488559725,0,0,0,0,1.0,0,0,0,0,0,0,False,,,,,,,,,,,,,,,
1768551959.2726412,1,follower,auto,0.26760783791542053,0.9312525987625122,0.4685143232345581,0.2813837051391601,1.0,0.093081474304199,0.01377586722373958,0.06874740123748779,-0.3754328489303591,0,0,0,0,1.0,0,0,0,0,0,0,False,,,,,,,,,,,,,,,
1768551959.27523,0,follower,auto,1.0335053205490112,0.9515792727470398,0.22783039510250092,1.0887687492370606,1.0,0.05615625381469704,0.05526342868804934,0.048420727252960205,-0.17167414128780387,-15.01464586181133,-0.3483857246120863,4.170041541478629,0,,,,,,,,True,-0.8930815360409925,-15.104227547809025,6.19050589054832,optimal,0,5.0,-17.0,0.8979707716381771,-22.896433531808064,2.0816681711721685e-17,True,0.0,True,0.0,0.0
1768551959.3771834,1,follower,auto,0.28696057200431824,0.9419787526130676,0.46798980236053467,0.28876874923706053,1.0,0.05615625381469704,0.0018081772327422918,0.05802124738693237,-0.41183354854583765,-2.012268718371922,7.93879124764779,4.903804058256306,0,,,,,,,,True,8.185253415179405,-2.3890924098409805,28.79862134587361,infeasible,0,0.0,-30.0,0.3194510673590325,-2.790275098390299,0.6811337042878393,True,0.0,True,0.0,0.0
1768551959.527439,0,leader,auto,1.0335053205490112,0.9515792727470398,0.22783039510250092,1.0887687492370606,1.0,0.05615625381469704,0.05526342868804934,0.048420727252960205,-0.17167414128780387,0,0,0,0,1.0,0,0,0,0,0,0,False,,,,,,,,,,,,,,,
1768551959.6278896,1,follower,auto,0.28696057200431824,0.9419787526130676,0.46798980236053467,0.28876874923706053,1.0,0.05615625381469704,0.0018081772327422918,0.05802124738693237,-0.41183354854583765,0,0,0,0,1.0,0,0,0,0,0,0,False,,,,,,,,,,,,,,,
1768551959.6295483,0,follower,auto,1.0446593761444092,0.95726078748703,0.19710321724414825,1.095117235183716,1.0,0.024413824081420676,0.050457859039306774,0.04273921251296997,-0.17268939316272758,-17.008791022070316,4.6646881979143595,4.170624475992201,0,,,,,,,,True,5.0,-17.0,0.0,optimal,0,5.0,-17.0,0.8773665476585684,-21.26367901028681,0.03307275339008148,True,0.0,True,0.0,0.0
1768551959.7307472,1,follower,auto,0.3046436309814453,0.9609555006027222,0.461760014295578,0.2951172351837159,1.0,0.024413824081420676,-0.009526395797729403,0.03904449939727783,-0.4373461902141573,0.9696472369759874,8.94089869463497,2.8980949809916488,0,,,,,,,,True,9.89184149177637,1.2285459042466265,32.75775644625357,infeasible,0,0.0,-30.0,0.31789050699538945,-2.8440724691837387,0.6690605841686899,True,0.0,True,0.0,0.0
1768551959.8683693,0,leader,auto,1.0446593761444092,0.95726078748703,0.19710321724414825,1.095117235183716,1.0,0.024413824081420676,0.050457859039306774,0.04273921251296997,-0.17268939316272758,0,0,0,0,1.0,0,0,0,0,0,0,False,,,,,,,,,,,,,,,
1768551959.968802,1,follower,auto,0.3046436309814453,0.9609555006027222,0.461760014295578,0.2951172351837159,1.0,0.024413824081420676,-0.009526395797729403,0.03904449939727783,-0.4373461902141573,0,0,0,0,1.0,0,0,0,0,0,0,False,,,,,,,,,,,,,,,
1768551959.97048,0,follower,auto,1.0474666357040405,0.9679635167121887,0.17089253664016724,1.1021920204162599,1.0,-0.01096010208129905,0.05472538471221933,0.03203648328781128,-0.1818526387214663,-18.010250183632394,4.6896851298044915,3.1665273777295586,0,,,,,,,,True,5.0,-18.0,0.0,optimal,0,5.0,-18.0,0.8473835886326193,-19.096857987370853,0.1423934578674842,True,0.0,True,0.0,0.0
1768551960.0717075,1,follower,auto,0.3345471918582916,0.9830542206764221,0.4462766647338867,0.3021920204162598,1.0,-0.01096010208129905,-0.032355171442031816,0.01694577932357788,-0.45723676681518577,3.9571772219875334,8.915575304210346,0.9066229373743436,0,,,,,,,,True,9.123623730867767,4.292029667950764,36.372043537795285,optimal,0,-3.0,-30.0,0.30746178980015726,-2.7904048817338905,0.7923294836308261,True,0.0,True,0.0,0.0
1768551960.1739542,0,leader,auto,1.0474666357040405,0.9679635167121887,0.17089253664016724,1.1021920204162599,1.0,-0.01096010208129905,0.05472538471221933,0.03203648328781128,-0.1818526387214663,0,0,0,0,1.0,0,0,0,0,0,0,False,,,,,,,,,,,,,,,
1768551960.2744777,1,follower,auto,0.3345471918582916,0.9830542206764221,0.4462766647338867,0.3021920204162598,1.0,-0.01096010208129905,-0.032355171442031816,0.01694577932357788,-0.45723676681518577,0,0,0,0,1.0,0,0,0,0,0,0,False,,,,,,,,,,,,,,,
1768551960.27679,0,follower,auto,1.0400668382644653,0.9814836978912354,0.1472928375005722,1.109010853767395,1.0,-0.045054268836975324,0.06894401550292972,0.01851630210876465,-0.19234710633754754,-19.021692028251415,5.715198398793661,1.1622099180117083,0,,,,,,,,True,6.0,-19.0,0.0,optimal,0,6.0,-19.0,0.8008274855369837,-16.17962921892553,0.24006892309027428,True,0.0,True,0.0,0.0
1768551960.3781018,1,follower,auto,0.3475460410118103,0.9822453260421753,0.4263749420642853,0.309010853767395,1.0,-0.045054268836975324,-0.03853518724441529,0.017754673957824707,-0.4714292109012606,12.989753918711509,12.92412492625122,0.9145469679990501,0,,,,,,,,True,13.438550154656614,13.816528316095486,46.798654733468126,optimal,0,-3.0,-30.0,0.27905922390759086,-2.6708819104584767,0.7186548518591798,True,0.0,True,0.0,0.0
1768551960.546999,0,leader,auto,1.0400668382644653,0.9814836978912354,0.1472928375005722,1.109010853767395,1.0,-0.045054268836975324,0.06894401550292972,0.01851630210876465,-0.19234710633754754,0,0,0,0,1.0,0,0,0,0,0,0,False,,,,,,,,,,,,,,,
1768551960.6472807,1,follower,auto,0.3475460410118103,0.9822453260421753,0.4263749420642853,0.309010853767395,1.0,-0.045054268836975324,-0.03853518724441529,0.017754673957824707,-0.4714292109012606,0,0,0,0,1.0,0,0,0,0,0,0,False,,,,,,,,,,,,,,,
1768551960.6478715,0,follower,auto,1.0264222621917725,1.0004754066467285,0.12586554884910583,1.1151355171203614,1.0,-0.07567758560180687,0.08871325492858895,-0.0004754066467285156,-0.2015431344509127,-20,7.740579764951743,0.154549653532947,0,,,,,,,,True,8.0,-20.0,0.0,optimal,0,8.0,-20.0,0.7453507855590682,-13.139745794216113,0.3189279935124567,True,0.0,True,0.0,0.0
1768551960.7484846,1,follower,auto,0.36349478363990784,0.9750960469245911,0.39741945266723633,0.31513551712036136,1.0,-0.07567758560180687,-0.04835926651954647,0.024903953075408936,-0.4730970382690432,19.016689563531926,15.913113982701912,1.9319597126114099,0,,,,,,,,True,16.135388942960343,19.71155168579842,53.63461810150322,optimal,0,-4.0,-30.0,0.23759057175898546,-2.3872654663876607,0.7660068581136318,True,0.0,True,0.0,0.0
1768551960.8528621,0,leader,auto,1.0264222621917725,1.0004754066467285,0.12586554884910583,1.1151355171203614,1.0,-0.07567758560180687,0.08871325492858895,-0.0004754066467285156,-0.2015431344509127,0,0,0,0,1.0,0,0,0,0,0,0,False,,,,,,,,,,,,,,,
1768551960.9534729,1,follower,auto,0.36349478363990784,0.9750960469245911,0.39741945266723633,0.31513551712036136,1.0,-0.07567758560180687,-0.04835926651954647,0.024903953075408936,-0.4730970382690432,0,0,0,0,1.0,0,0,0,0,0,0,False,,,,,,,,,,,,,,,
1768551960.9558005,0,follower,auto,1.0218453407287598,1.0148842334747314,0.10866992920637131,1.1225507974624636,1.0,-0.11275398731231713,0.10070545673370379,-0.014884233474731445,-0.22142391651868842,-20,9.741016238900864,-0.8462715622774228,0,,,,,,,,True,10.0,-22.0,0.0,optimal,0,10.0,-22.0,0.7147474230891642,-11.607502214936115,0.2426314856705395,True,0.0,True,0.0,0.0
1768551961.058109,1,follower,auto,0.37790849804878235,0.9766810536384583,0.394176721572876,0.3225507974624635,1.0,-0.11275398731231713,-0.055357700586318836,0.023318946361541748,-0.5069307088851931,6.015857296806351,9.907497526283448,1.8979766940494693,0,,,,,,,,True,10.418883068293342,6.482922145197016,39.607392786274254,optimal,0,-5.0,-30.0,0.24246728230030312,-2.187180519271292,0.7190834214116324,True,0.0,True,0.0,0.0
1768551961.2476134,0,leader,auto,1.0218453407287598,1.0148842334747314,0.10866992920637131,1.1225507974624636,1.0,-0.11275398731231713,0.10070545673370379,-0.014884233474731445,-0.22142391651868842,0,0,0,0,1.0,0,0,0,0,0,0,False,,,,,,,,,,,,,,,
1768551961.3480453,1,follower,auto,0.37790849804878235,0.9766810536384583,0.394176721572876,0.3225507974624635,1.0,-0.11275398731231713,-0.055357700586318836,0.023318946361541748,-0.5069307088851931,0,0,0,0,1.0,0,0,0,0,0,0,False,,,,,,,,,,,,,,,
1768551961.3497791,0,follower,auto,1.025876760482788,1.0275288820266724,0.08219487965106964,1.1287407016754152,1.0,-0.14370350837707543,0.1028639411926271,-0.027528882026672363,-0.22589838802814508,-20,9.738323464087498,-1.817799142941578,0,,,,,,,,True,10.0,-22.0,0.0,optimal,0,10.0,-22.0,0.6914744455905832,-10.534948049656393,0.14205720566247285,True,0.0,True,0.0,0.0
1768551961.4510314,1,follower,auto,0.4067389965057373,0.9831162691116333,0.41242730617523193,0.32874070167541514,1.0,-0.14370350837707543,-0.07799829483032217,0.0168837308883667,-0.5561308145523074,-11.98951148568935,-0.12037535147804486,0.8436735083139038,0,,,,,,,,True,0.9426282777106119,-12.182502819641755,19.50765361928395,optimal,0,-7.0,-30.0,0.29806064033268465,-2.3830181097290764,0.695599876865506,True,0.0,True,0.0,0.0
1768551961.555456,0,leader,auto,1.025876760482788,1.0275288820266724,0.08219487965106964,1.1287407016754152,1.0,-0.14370350837707543,0.1028639411926271,-0.027528882026672363,-0.22589838802814508,0,0,0,0,1.0,0,0,0,0,0,0,False,,,,,,,,,,,,,,,
1768551961.6559012,1,follower,auto,0.4067389965057373,0.9831162691116333,0.41242730617523193,0.32874070167541514,1.0,-0.14370350837707543,-0.07799829483032217,0.0168837308883667,-0.5561308145523074,0,0,0,0,1.0,0,0,0,0,0,0,False,,,,,,,,,,,,,,,
1768551961.6580327,0,follower,auto,1.0415204763412476,1.0341612100601196,0.05477122217416763,1.136597490310669,1.0,-0.18298745155334498,0.09507701396942148,-0.03416121006011963,-0.2377586737275126,-20,4.720988321212486,-2.7948463570608926,0,,,,,,,,True,5.369977907348258,-20.79023964973821,4.249717778715292,optimal,0,9.0,-23.0,0.6926364515907188,-10.456544326539687,2.7755575615628914e-17,True,0.0,True,0.0,0.0
1768551961.7595506,1,follower,auto,0.42530858516693115,0.9746962785720825,0.4298875629901886,0.336597490310669,1.0,-0.18298745155334498,-0.08871109485626216,0.02530372142791748,-0.6128750145435335,-16.96686497562929,-2.113912651124413,1.8151625515066414,0,,,,,,,,True,-2.089569489846583,-17.077533783729628,14.209972622281914,infeasible,0,-8.0,-30.0,0.3456787124205287,-2.840295269980868,0.6215210686337791,True,0.0,True,0.0,0.0
1768551961.8616126,0,leader,auto,1.0415204763412476,1.0341612100601196,0.05477122217416763,1.136597490310669,1.0,-0.18298745155334498,0.09507701396942148,-0.03416121006011963,-0.2377586737275126,0,0,0,0,1.0,0,0,0,0,0,0,False,,,,,,,,,,,,,,,
1768551961.9624524,1,follower,auto,0.42530858516693115,0.9746962785720825,0.4298875629901886,0.336597490310669,1.0,-0.18298745155334498,-0.08871109485626216,0.02530372142791748,-0.6128750145435335,0,0,0,0,1.0,0,0,0,0,0,0,False,,,,,,,,,,,,,,,
1768551961.9642513,0,follower,auto,1.0687460899353027,1.0365989208221436,0.022687291726469994,1.1427680158615112,1.0,-0.2138400793075564,0.07402192592620849,-0.036598920822143555,-0.2365273710340264,-13.042122385893725,-8.304435683516397,-2.7728841345320414,0,,,,,,,,True,-8.263692154928897,-13.034509887168086,18.228858751698873,optimal,0,7.0,-23.0,0.7155206496843503,-11.276902641934745,0.0,True,0.0,True,0.0,0.0
1768551962.066586,1,follower,auto,0.4400065541267395,0.9547597765922546,0.4331841468811035,0.3427680158615112,1.0,-0.2138400793075564,-0.09723853826522832,0.04524022340774536,-0.64702422618866,-7.938059640985143,0.8985346705249502,3.815251049527312,0,,,,,,,,True,1.0591394931372662,-8.666159814616137,23.586416099057807,optimal,0,-9.0,-30.0,0.36453885966470034,-3.2588331791592644,0.6102079318434722,True,0.0,True,0.0,0.0
1768551962.1697495,0,leader,auto,1.0687460899353027,1.0365989208221436,0.022687291726469994,1.1427680158615112,1.0,-0.2138400793075564,0.07402192592620849,-0.036598920822143555,-0.2365273710340264,0,0,0,0,1.0,0,0,0,0,0,0,False,,,,,,,,,,,,,,,
1768551962.2702813,1,follower,auto,0.4400065541267395,0.9547597765922546,0.4331841468811035,0.3427680158615112,1.0,-0.2138400793075564,-0.09723853826522832,0.04524022340774536,-0.64702422618866,0,0,0,0,1.0,0,0,0,0,0,0,False,,,,,,,,,,,,,,,
1768551962.2727685,0,follower,auto,1.096923589706421,1.0344709157943726,-0.006605091504752636,1.1489152097702027,1.0,-0.24457604885101344,0.051991620063781774,-0.03447091579437256,-0.2379709573462608,-13.038930252311964,-9.318759424217859,-2.773733980579235,0,,,,,,,,True,-9.858895936574058,-13.522536846815985,17.62410554535741,optimal,0,5.0,-23.0,0.7467803373834538,-12.703831326747023,0.0,True,0.0,True,0.0,0.0
1768551962.3740401,1,follower,auto,0.4513372778892517,0.940931499004364,0.405169814825058,0.34891520977020263,1.0,-0.24457604885101344,-0.10242206811904908,0.059068500995635986,-0.6497458636760715,13.064980560344036,10.912008758668051,4.858650516339774,0,,,,,,,,True,11.534814813279816,13.188686802005044,48.25982715182412,optimal,0,-10.0,-30.0,0.3231381720829094,-3.1877198325501137,0.6755390563112746,True,0.0,True,0.0,0.0
1768551962.478312,0,leader,auto,1.096923589706421,1.0344709157943726,-0.006605091504752636,1.1489152097702027,1.0,-0.24457604885101344,0.051991620063781774,-0.03447091579437256,-0.2379709573462608,0,0,0,0,1.0,0,0,0,0,0,0,False,,,,,,,,,,,,,,,
1768551962.578736,1,follower,auto,0.4513372778892517,0.940931499004364,0.405169814825058,0.34891520977020263,1.0,-0.24457604885101344,-0.10242206811904908,0.059068500995635986,-0.6497458636760715,0,0,0,0,1.0,0,0,0,0,0,0,False,,,,,,,,,,,,,,,
1768551962.5810127,0,follower,auto,1.1170493364334106,1.0346122980117798,-0.027919678017497063,1.155056986808777,1.0,-0.27528493404388454,0.03800765037536635,-0.034612298011779785,-0.24736525602638748,-20,-1.3144953833604813,-2.7967720420410656,0,,,,,,,,True,-1.323512348350067,-21.477251129958034,5.005698841084382,optimal,0,3.0,-24.0,0.7707594904294268,-14.04389330758928,0.0,True,0.0,True,0.0,0.0
1768551962.6822507,1,follower,auto,0.46263745427131653,0.9473550915718079,0.35392653942108154,0.35505698680877695,1.0,-0.27528493404388454,-0.10758046746253958,0.05264490842819214,-0.6292114734649661,20,20,4.913669908784295,0,,,,,,,,True,22.63782376882056,30.0,68.30247096822038,infeasible,0,-10.0,-30.0,0.24332438882230845,-2.7004071772923783,0.7783742396810749,True,0.0,True,0.0,0.0
1768551962.7839487,0,leader,auto,1.1170493364334106,1.0346122980117798,-0.027919678017497063,1.155056986808777,1.0,-0.27528493404388454,0.03800765037536635,-0.034612298011779785,-0.24736525602638748,0,0,0,0,1.0,0,0,0,0,0,0,False,,,,,,,,,,,,,,,
1768551962.884379,1,follower,auto,0.46263745427131653,0.9473550915718079,0.35392653942108154,0.35505698680877695,1.0,-0.27528493404388454,-0.10758046746253958,0.05264490842819214,-0.6292114734649661,0,0,0,0,1.0,0,0,0,0,0,0,False,,,,,,,,,,,,,,,
1768551962.8859909,0,follower,auto,1.1295185089111328,1.040460228919983,-0.04450259730219841,1.1612218141555788,1.0,-0.30610907077789334,0.03170330524444598,-0.04046022891998291,-0.26160647347569493,-20,2.6955373515908434,-3.82000011064486,0,,,,,,,,True,3.0,-26.0,0.0,optimal,0,3.0,-26.0,0.7833903858372722,-14.829724866338129,0.052949840971857176,True,0.0,True,0.0,0.0
1768551962.9880133,1,follower,auto,0.47033095359802246,0.9595692753791809,0.30371084809303284,0.36122181415557875,1.0,-0.30610907077789334,-0.10910913944244371,0.04043072462081909,-0.6098199188709261,20,20,3.939235720039894,0,,,,,,,,True,29.257198866242085,30.0,71.70165732271242,infeasible,0,-10.0,-30.0,0.16726277325484729,-2.2100799701297715,0.8437059129638359,True,0.0,True,0.0,0.0
1768551963.2525253,0,leader,auto,1.1295185089111328,1.040460228919983,-0.04450259730219841,1.1612218141555788,1.0,-0.30610907077789334,0.03170330524444598,-0.04046022891998291,-0.26160647347569493,0,0,0,0,1.0,0,0,0,0,0,0,False,,,,,,,,,,,,,,,
1768551963.3530376,1,follower,auto,0.47033095359802246,0.9595692753791809,0.30371084809303284,0.36122181415557875,1.0,-0.30610907077789334,-0.10910913944244371,0.04043072462081909,-0.6098199188709261,0,0,0,0,1.0,0,0,0,0,0,0,False,,,,,,,,,,,,,,,
1768551963.3546965,0,follower,auto,1.1428190469741821,1.0493838787078857,-0.07746917754411697,1.167336931228638,1.0,-0.33668465614318877,0.02451788425445578,-0.04938387870788574,-0.2592154785990718,-20,1.6971103922791635,-3.7876665958624374,0,,,,,,,,True,2.0,-25.0,0.0,optimal,0,2.0,-25.0,0.7846681100522228,-14.970976063286857,0.025823811664530405,True,0.0,True,0.0,0.0
1768551963.455907,1,follower,auto,0.48127198219299316,0.9477023482322693,0.30507948994636536,0.36733693122863786,1.0,-0.33668465614318877,-0.1139350509643553,0.05229765176773071,-0.6417641460895541,11.053006912271423,12.923249776139246,4.863250681050566,0,,,,,,,,True,13.54355428660564,11.056851214346622,47.8335770004351,optimal,0,-11.0,-30.0,0.17987614597627255,-1.8038527887044244,0.5573439356825154,True,0.0,True,0.0,0.0
1768551963.558142,0,leader,auto,1.1428190469741821,1.0493838787078857,-0.07746917754411697,1.167336931228638,1.0,-0.33668465614318877,0.02451788425445578,-0.04938387870788574,-0.2592154785990718,0,0,0,0,1.0,0,0,0,0,0,0,False,,,,,,,,,,,,,,,
1768551963.658577,1,follower,auto,0.48127198219299316,0.9477023482322693,0.30507948994636536,0.36733693122863786,1.0,-0.33668465614318877,-0.1139350509643553,0.05229765176773071,-0.6417641460895541,0,0,0,0,1.0,0,0,0,0,0,0,False,,,,,,,,,,,,,,,
1768551963.6607332,0,follower,auto,1.1500581502914429,1.046868920326233,-0.10105450451374054,1.1766950321197511,1.0,-0.3834751605987552,0.026636881828308256,-0.04686892032623291,-0.28242065608501465,-20,0.7181936273654508,-3.7785859976220517,0,,,,,,,,True,1.334552824512771,-27.557835339090023,0.7989552745439299,infeasible,0,2.0,-28.0,0.7818916974205521,-14.84931306971774,-2.7755575615628914e-17,False,0.0,True,0.0,0.0
1768551963.7620335,1,follower,auto,0.5186935067176819,0.935594379901886,0.31846359372138977,0.3766950321197511,1.0,-0.3834751605987552,-0.1419984745979308,0.06440562009811401,-0.701938754320145,-11.934918452083993,-2.1235579679207843,5.814114764403685,0,,,,,,,,True,-2.907983261658007,-12.497540910566176,20.721218822766282,infeasible,0,-14.0,-30.0,0.2390260481584181,-1.8263832533712803,0.6883981259860995,True,0.0,True,0.0,0.0
1768551963.8651931,0,leader,auto,1.1500581502914429,1.046868920326233,-0.10105450451374054,1.1766950321197511,1.0,-0.3834751605987552,0.026636881828308256,-0.04686892032623291,-0.28242065608501465,0,0,0,0,1.0,0,0,0,0,0,0,False,,,,,,,,,,,,,,,
1768551963.9656255,1,follower,auto,0.5186935067176819,0.935594379901886,0.31846359372138977,0.3766950321197511,1.0,-0.3834751605987552,-0.1419984745979308,0.06440562009811401,-0.701938754320145,0,0,0,0,1.0,0,0,0,0,0,0,False,,,,,,,,,,,,,,,
1768551963.9674978,0,follower,auto,1.1590102910995483,1.0385241508483887,-0.12190982699394226,1.1828180646896365,1.0,-0.4140903234481815,0.02380777359008812,-0.03852415084838867,-0.2921804964542392,-20,-0.27023238594292975,-2.7737724248471376,0,,,,,,,,True,0.9093989504087399,-28.199600559511264,1.3527933743570153,infeasible,0,2.0,-29.0,0.7863574737984105,-15.052124452829359,-2.7755575615628914e-17,False,0.0,True,0.0,0.0
1768551964.0688312,1,follower,auto,0.5543371438980103,0.9299777746200562,0.3218638598918915,0.3828180646896364,1.0,-0.4140903234481815,-0.17151907920837384,0.07002222537994385,-0.7359541833400729,-9.94182972704766,-3.142767596489097,6.80642442583185,0,,,,,,,,True,-3.5253857520598153,-10.022449157035197,24.097048923344044,infeasible,0,-17.0,-30.0,0.282850313301402,-2.3052966887002095,0.7131863901006946,True,0.0,True,0.0,0.0
1768551964.1720884,0,leader,auto,1.1590102910995483,1.0385241508483887,-0.12190982699394226,1.1828180646896365,1.0,-0.4140903234481815,0.02380777359008812,-0.03852415084838867,-0.2921804964542392,0,0,0,0,1.0,0,0,0,0,0,0,False,,,,,,,,,,,,,,,
1768551964.2725265,1,follower,auto,0.5543371438980103,0.9299777746200562,0.3218638598918915,0.3828180646896364,1.0,-0.4140903234481815,-0.17151907920837384,0.07002222537994385,-0.7359541833400729,0,0,0,0,1.0,0,0,0,0,0,0,False,,,,,,,,,,,,,,,
1768551964.2743607,0,follower,auto,1.1727159023284912,1.0297913551330566,-0.14266330003738403,1.1889537286758425,1.0,-0.44476864337921174,0.01623782634735127,-0.02979135513305664,-0.3021053433418277,-20,-2.2696569610087853,-1.7667929115266356,0,,,,,,,,True,-2.9866359718309226,-26.85741277468886,5.076329465330738,optimal,0,1.0,-30.0,0.8030525447143,-15.962567005902617,0.0,True,0.0,True,0.0,0.0
1768551964.375734,1,follower,auto,0.5834135413169861,0.9315288066864014,0.3218722343444824,0.38895372867584244,1.0,-0.44476864337921174,-0.19445981264114365,0.06847119331359863,-0.7666408777236942,-7.956909791575067,-3.1433483646172,5.802727336046521,0,,,,,,,,True,-3.6250612801028197,-8.340860566748919,26.561382901302512,infeasible,0,-19.0,-30.0,0.3159457697784185,-2.7091647548889535,0.6736151517717798,True,0.0,True,0.0,0.0
1768551964.5098395,0,leader,auto,1.1727159023284912,1.0297913551330566,-0.14266330003738403,1.1889537286758425,1.0,-0.44476864337921174,0.01623782634735127,-0.02979135513305664,-0.3021053433418277,0,0,0,0,1.0,0,0,0,0,0,0,False,,,,,,,,,,,,,,,
1768551964.6102812,1,follower,auto,0.5834135413169861,0.9315288066864014,0.3218722343444824,0.38895372867584244,1.0,-0.44476864337921174,-0.19445981264114365,0.06847119331359863,-0.7666408777236942,0,0,0,0,1.0,0,0,0,0,0,0,False,,,,,,,,,,,,,,,
1768551964.6121225,0,follower,auto,1.1917728185653687,1.0205624103546143,-0.1601780205965042,1.1950914096832277,1.0,-0.475457048416138,0.0033185911178590377,-0.020562410354614258,-0.3152790278196338,-20,-3.281043277157807,-1.7709328817835674,0,,,,,,,,True,-3.8524309133734222,-26.991005151561097,4.8882792412307055,optimal,0,0.0,-30.0,0.835901868756953,-17.991980788811443,0.0,True,0.0,True,0.0,0.0
1768551964.71338,1,follower,auto,0.5956143140792847,0.9348393082618713,0.3054598867893219,0.39509140968322765,1.0,-0.475457048416138,-0.20052290439605702,0.06516069173812866,-0.7809169352054599,6.032378452317061,5.882556991331049,5.824461314963527,0,,,,,,,,True,6.790830828532577,6.229719561892971,45.05930754035687,optimal,0,-20.0,-30.0,0.30362248036280404,-2.9041388492029094,0.6177269433726058,True,0.0,True,0.0,0.0
1768551964.8823924,0,leader,auto,1.1917728185653687,1.0205624103546143,-0.1601780205965042,1.1950914096832277,1.0,-0.475457048416138,0.0033185911178590377,-0.020562410354614258,-0.3152790278196338,0,0,0,0,1.0,0,0,0,0,0,0,False,,,,,,,,,,,,,,,
1768551964.9828703,1,follower,auto,0.5956143140792847,0.9348393082618713,0.3054598867893219,0.39509140968322765,1.0,-0.475457048416138,-0.20052290439605702,0.06516069173812866,-0.7809169352054599,0,0,0,0,1.0,0,0,0,0,0,0,False,,,,,,,,,,,,,,,
1768551964.9852486,0,follower,auto,1.212586522102356,1.0125446319580078,-0.18157951533794403,1.2018449211120608,1.0,-0.509224605560303,-0.010741600990295197,-0.012544631958007812,-0.327645090222359,-20,-5.295125259749133,-0.7723883792910345,0,,,,,,,,True,-5.524930874413222,-26.679153929546544,5.61275494226001,infeasible,0,-1.0,-30.0,0.871858118636706,-20.60516523968357,-2.7755575615628914e-17,False,0.0,True,0.0,0.0
1768551965.087051,1,follower,auto,0.5942460894584656,0.922282874584198,0.2722204327583313,0.4018449211120607,1.0,-0.509224605560303,-0.19240116834640486,0.077717125415802,-0.7814450383186343,19.0526434693623,17.915878070566734,6.8572945046982845,0,,,,,,,,True,18.81014962684666,19.13413924878936,61.99815363802341,optimal,0,-19.0,-30.0,0.24955325160614317,-2.6456048569352175,0.6013490062619272,True,0.0,True,0.0,0.0
1768551965.1988745,0,leader,auto,1.212586522102356,1.0125446319580078,-0.18157951533794403,1.2018449211120608,1.0,-0.509224605560303,-0.010741600990295197,-0.012544631958007812,-0.327645090222359,0,0,0,0,1.0,0,0,0,0,0,0,False,,,,,,,,,,,,,,,
1768551965.2992985,1,follower,auto,0.5942460894584656,0.922282874584198,0.2722204327583313,0.4018449211120607,1.0,-0.509224605560303,-0.19240116834640486,0.077717125415802,-0.7814450383186343,0,0,0,0,1.0,0,0,0,0,0,0,False,,,,,,,,,,,,,,,
1768551965.3010345,0,follower,auto,1.230594277381897,1.0084612369537354,-0.20930099487304688,1.2093179655075075,1.0,-0.5465898275375369,-0.021276311874389497,-0.008461236953735352,-0.33728883266449006,-20,-11.303563761887562,0.2351408597185204,0,,,,,,,,True,-11.439287279188395,-23.394804594397343,11.520796443182316,optimal,0,-2.0,-30.0,0.8989686271068735,-22.819423063735975,0.0,True,0.0,True,0.0,0.0
1768551965.4028418,1,follower,auto,0.5871483087539673,0.9080588221549988,0.24095401167869568,0.40931796550750743,1.0,-0.5465898275375369,-0.17783034324645985,0.09194117784500122,-0.7875438392162326,20,20,8.864655732678225,0,,,,,,,,True,27.22329654597533,25.80775503711373,71.2053753566103,optimal,0,-17.0,-30.0,0.1938564238953968,-2.310860701875583,0.5893778403156263,True,0.0,True,0.0,0.0
1768551965.583977,0,leader,auto,1.230594277381897,1.0084612369537354,-0.20930099487304688,1.2093179655075075,1.0,-0.5465898275375369,-0.021276311874389497,-0.008461236953735352,-0.33728883266449006,0,0,0,0,1.0,0,0,0,0,0,0,False,,,,,,,,,,,,,,,
1768551965.6845014,1,follower,auto,0.5871483087539673,0.9080588221549988,0.24095401167869568,0.40931796550750743,1.0,-0.5465898275375369,-0.17783034324645985,0.09194117784500122,-0.7875438392162326,0,0,0,0,1.0,0,0,0,0,0,0,False,,,,,,,,,,,,,,,
1768551965.6862473,0,follower,auto,1.2449067831039429,0.9974627494812012,-0.24554443359375,1.215633502006531,1.0,-0.5781675100326541,-0.029273281097411896,0.002537250518798828,-0.3326230764389041,-20,-12.302846123509887,0.2587916812406179,0,,,,,,,,True,-12.14621456998267,-22.641329386809684,12.533782481500122,optimal,0,-2.0,-30.0,0.914640973893333,-24.260513737369628,0.0,True,0.0,True,0.0,0.0
1768551965.7874866,1,follower,auto,0.5905795693397522,0.9080779552459717,0.22901466488838196,0.41563350200653093,1.0,-0.5781675100326541,-0.17494606733322127,0.09192204475402832,-0.807182174921036,14.044220215516285,18.936472760546238,8.831857606222288,0,,,,,,,,True,19.294343910635597,14.801937515271781,57.65841660179204,optimal,0,-17.0,-30.0,0.18034704934384704,-1.9733817373862705,0.5275275635029945,True,0.0,True,0.0,0.0
1768551965.889505,0,leader,auto,1.2449067831039429,0.9974627494812012,-0.24554443359375,1.215633502006531,1.0,-0.5781675100326541,-0.029273281097411896,0.002537250518798828,-0.3326230764389041,0,0,0,0,1.0,0,0,0,0,0,0,False,,,,,,,,,,,,,,,
1768551965.9899344,1,follower,auto,0.5905795693397522,0.9080779552459717,0.22901466488838196,0.41563350200653093,1.0,-0.5781675100326541,-0.17494606733322127,0.09192204475402832,-0.807182174921036,0,0,0,0,1.0,0,0,0,0,0,0,False,,,,,,,,,,,,,,,
1768551965.991746,0,follower,auto,1.2488213777542114,0.9878672957420349,-0.2715298533439636,1.2233267307281497,1.0,-0.6166336536407474,-0.025494647026061745,0.012132704257965088,-0.3451038002967838,-20,-10.28284797517457,1.2681467987628636,0,,,,,,,,True,-10.421888950641293,-23.20134876882043,10.823579447675957,infeasible,0,-2.0,-30.0,0.9118538814489576,-24.10606299349277,-1.3877787807814457e-17,False,0.0,True,0.0,0.0
1768551966.1931536,1,follower,auto,0.6071380972862244,0.9137206077575684,0.24647517502307892,0.42332673072814964,1.0,-0.6166336536407474,-0.18381136655807473,0.08627939224243164,-0.8631088286638263,-5.973964552629889,0.9119398318135832,7.769789373591559,0,,,,,,,,True,1.282311723442053,-6.292433166452593,30.55906200404567,infeasible,0,-18.0,-30.0,0.22594229610207317,-1.882738410565688,0.4016839300696518,True,0.0,True,0.0,0.0
1768551966.2973404,0,leader,auto,1.2488213777542114,0.9878672957420349,-0.2715298533439636,1.2233267307281497,1.0,-0.6166336536407474,-0.025494647026061745,0.012132704257965088,-0.3451038002967838,0,0,0,0,1.0,0,0,0,0,0,0,False,,,,,,,,,,,,,,,
1768551966.3978515,1,follower,auto,0.6071380972862244,0.9137206077575684,0.24647517502307892,0.42332673072814964,1.0,-0.6166336536407474,-0.18381136655807473,0.08627939224243164,-0.8631088286638263,0,0,0,0,1.0,0,0,0,0,0,0,False,,,,,,,,,,,,,,,
1768551966.399943,0,follower,auto,1.2441414594650269,0.9774003624916077,-0.3065527379512787,1.231440091133118,1.0,-0.6572004556655887,-0.012701368331908824,0.022599637508392334,-0.35064771771431,-19.005283299665372,-11.246326687240597,2.3139907315531927,0,,,,,,,,True,-11.52380604086292,-19.20208075548045,15.077982411346307,optimal,0,-1.0,-30.0,0.8854102543539137,-21.928688507950703,2.7755575615628914e-17,True,0.0,True,0.0,0.0
1768551966.501032,1,follower,auto,0.6531388759613037,0.9211974740028381,0.2998436689376831,0.431440091133118,1.0,-0.6572004556655887,-0.22169878482818572,0.07880252599716187,-0.9570441246032718,-20,-20,6.67427465242595,0,,,,,,,,True,-22.0,-30.0,0.0,optimal,0,-22.0,-30.0,0.3664407260316893,-2.7530910359710674,0.26610563389886654,True,0.0,True,0.0,0.0
1768551966.6226227,0,leader,auto,1.2441414594650269,0.9774003624916077,-0.3065527379512787,1.231440091133118,1.0,-0.6572004556655887,-0.012701368331908824,0.022599637508392334,-0.35064771771431,0,0,0,0,1.0,0,0,0,0,0,0,False,,,,,,,,,,,,,,,
1768551966.7229745,1,follower,auto,0.6531388759613037,0.9211974740028381,0.2998436689376831,0.431440091133118,1.0,-0.6572004556655887,-0.22169878482818572,0.07880252599716187,-0.9570441246032718,0,0,0,0,1.0,0,0,0,0,0,0,False,,,,,,,,,,,,,,,
1768551966.7247868,0,follower,auto,1.231468677520752,0.9743160605430603,-0.3285844922065735,1.2376054191589358,1.0,-0.688027095794678,0.006136741638183896,0.025683939456939697,-0.35944260358810454,-20,-7.2114465632152545,2.3199248228418696,0,,,,,,,,True,-7.480292246490917,-20.99758325540614,11.70462640737653,optimal,0,0.0,-30.0,0.8459988200267881,-19.03525070421464,0.0,True,0.0,True,0.0,0.0
1768551966.8263803,1,follower,auto,0.6886529922485352,0.9180595278739929,0.32468584179878235,0.4376054191589358,1.0,-0.688027095794678,-0.25104757308959935,0.08194047212600708,-1.0127129375934603,-20,-20,7.673013664908559,0,,,,,,,,True,-24.766919812151766,-29.720878391460083,0.3636416454715807,optimal,0,-25.0,-30.0,0.4544501213962273,-4.22441053155566,0.388025389356627,True,0.0,True,0.0,0.0
1768551966.9817498,0,leader,auto,1.231468677520752,0.9743160605430603,-0.3285844922065735,1.2376054191589358,1.0,-0.688027095794678,0.006136741638183896,0.025683939456939697,-0.35944260358810454,0,0,0,0,1.0,0,0,0,0,0,0,False,,,,,,,,,,,,,,,
1768551967.0821772,1,follower,auto,0.6886529922485352,0.9180595278739929,0.32468584179878235,0.4376054191589358,1.0,-0.688027095794678,-0.25104757308959935,0.08194047212600708,-1.0127129375934603,0,0,0,0,1.0,0,0,0,0,0,0,False,,,,,,,,,,,,,,,
1768551967.0840514,0,follower,auto,1.2102160453796387,0.9767636060714722,-0.3360166847705841,1.244104647636414,1.0,-0.7205232381820682,0.03388860225677526,0.023236393928527832,-0.3845065534114841,-20,1.816776493605614,2.297809738634463,0,,,,,,,,True,2.51398812777971,-29.3787467123102,0.7887732167134337,optimal,0,3.0,-30.0,0.7916138441679617,-15.556402930631315,0.0,True,0.0,True,0.0,0.0
1768551967.1857545,1,follower,auto,0.6984002590179443,0.9063395857810974,0.31822091341018677,0.4441046476364139,1.0,-0.7205232381820682,-0.25429561138153045,0.09366041421890259,-1.038744151592255,-6.955454383799255,-5.152542063057411,8.71758218009095,0,,,,,,,,True,-5.78128380051416,-7.484035379044119,29.602832890933197,optimal,0,-25.0,-30.0,0.4573488249381321,-4.843261114278234,0.4454024707344236,True,0.0,True,0.0,0.0
1768551967.2885737,0,leader,auto,1.2102160453796387,0.9767636060714722,-0.3360166847705841,1.244104647636414,1.0,-0.7205232381820682,0.03388860225677526,0.023236393928527832,-0.3845065534114841,0,0,0,0,1.0,0,0,0,0,0,0,False,,,,,,,,,,,,,,,
1768551967.3889303,1,follower,auto,0.6984002590179443,0.9063395857810974,0.31822091341018677,0.4441046476364139,1.0,-0.7205232381820682,-0.25429561138153045,0.09366041421890259,-1.038744151592255,0,0,0,0,1.0,0,0,0,0,0,0,False,,,,,,,,,,,,,,,
1768551967.390565,0,follower,auto,1.189073920249939,0.9866814017295837,-0.32422903180122375,1.251292018890381,1.0,-0.7564600944519047,0.06221809864044214,0.01331859827041626,-0.4322310626506809,-20,5.819019630019856,1.2468738347644912,0,,,,,,,,True,6.0,-30.0,0.0,optimal,0,6.0,-30.0,0.7448926610800934,-13.009404861654652,0.2045517020718297,True,0.0,True,0.0,0.0
1768551967.4922934,1,follower,auto,0.672071099281311,0.9052553772926331,0.28247880935668945,0.45129201889038106,1.0,-0.7564600944519047,-0.22077908039092997,0.09474462270736694,-1.038938903808594,20,20,8.787926349219145,0,,,,,,,,True,21.359114044012834,20.48214090473617,66.54667024733355,optimal,0,-22.0,-30.0,0.3640530895814522,-4.049929320571694,0.4031011190414214,True,0.0,True,0.0,0.0
1768551967.5973947,0,leader,auto,1.189073920249939,0.9866814017295837,-0.32422903180122375,1.251292018890381,1.0,-0.7564600944519047,0.06221809864044214,0.01331859827041626,-0.4322310626506809,0,0,0,0,1.0,0,0,0,0,0,0,False,,,,,,,,,,,,,,,
1768551967.701234,1,follower,auto,0.672071099281311,0.9052553772926331,0.28247880935668945,0.45129201889038106,1.0,-0.7564600944519047,-0.22077908039092997,0.09474462270736694,-1.038938903808594,0,0,0,0,1.0,0,0,0,0,0,0,False,,,,,,,,,,,,,,,
1768551967.701981,0,follower,auto,1.167105793952942,0.999803364276886,-0.29923009872436523,1.2574230098724368,1.0,-0.787115049362183,0.09031721591949493,0.00019663572311401367,-0.4878849506378178,-20,8.814003009815512,0.19261186267004335,0,,,,,,,,True,9.0,-30.0,0.0,optimal,0,9.0,-30.0,0.702544927536755,-10.998858916299968,0.3463449596957392,True,0.0,True,0.0,0.0
1768551967.802457,1,follower,auto,0.6325222849845886,0.9103937149047852,0.24004027247428894,0.4574230098724368,1.0,-0.787115049362183,-0.17509927511215184,0.08960628509521484,-1.027155321836472,20,20,7.8398020933200305,0,,,,,,,,True,30.0,30.0,76.21679604916491,infeasible,0,-17.0,-30.0,0.247844485885945,-2.9947830864666614,0.373736489615399,True,0.0,True,0.0,0.0
1768551967.9830372,0,leader,auto,1.167105793952942,0.999803364276886,-0.29923009872436523,1.2574230098724368,1.0,-0.787115049362183,0.09031721591949493,0.00019663572311401367,-0.4878849506378178,0,0,0,0,1.0,0,0,0,0,0,0,False,,,,,,,,,,,,,,,
1768551968.0834887,1,follower,auto,0.6325222849845886,0.9103937149047852,0.24004027247428894,0.4574230098724368,1.0,-0.787115049362183,-0.17509927511215184,0.08960628509521484,-1.027155321836472,0,0,0,0,1.0,0,0,0,0,0,0,False,,,,,,,,,,,,,,,
1768551968.0852482,0,follower,auto,1.1533074378967285,1.0096744298934937,-0.27398425340652466,1.2636454486846926,1.0,-0.8182272434234623,0.11033801078796412,-0.009674429893493652,-0.5442429900169377,-20,10.805548060780614,0.1582733132990179,0,,,,,,,,True,11.0,-30.0,0.0,optimal,0,11.0,-30.0,0.6813016040161224,-9.971606696933648,0.3181815507828368,True,0.0,True,0.0,0.0
1768551968.1865127,1,follower,auto,0.6214115023612976,0.9136245250701904,0.20279571413993835,0.4636454486846926,1.0,-0.8182272434234623,-0.157766053676605,0.08637547492980957,-1.0210229575634007,20,20,7.866569251898807,0,,,,,,,,True,30.0,23.41976424040182,69.84748536275384,infeasible,0,-15.0,-30.0,0.18017451108039095,-2.202516450308366,0.6790092644771386,True,0.0,True,0.0,0.0
1768551968.2901638,0,leader,auto,1.1533074378967285,1.0096744298934937,-0.27398425340652466,1.2636454486846926,1.0,-0.8182272434234623,0.11033801078796412,-0.009674429893493652,-0.5442429900169377,0,0,0,0,1.0,0,0,0,0,0,0,False,,,,,,,,,,,,,,,
1768551968.390716,1,follower,auto,0.6214115023612976,0.9136245250701904,0.20279571413993835,0.4636454486846926,1.0,-0.8182272434234623,-0.157766053676605,0.08637547492980957,-1.0210229575634007,0,0,0,0,1.0,0,0,0,0,0,0,False,,,,,,,,,,,,,,,
1768551968.3946035,0,follower,auto,1.159003496170044,1.007964015007019,-0.26262959837913513,1.2713074636459354,1.0,-0.8565373182296757,0.11230396747589144,-0.007964015007019043,-0.5939077198505406,-20,10.781238923205688,0.17275213040566376,0,,,,,,,,True,11.0,-30.0,0.0,optimal,0,11.0,-30.0,0.6997342517000358,-10.49573495461012,0.16628210041504604,True,0.0,True,0.0,0.0
1768551968.4969974,1,follower,auto,0.6345574259757996,0.9147206544876099,0.21273058652877808,0.47130746364593534,1.0,-0.8565373182296757,-0.16324996232986422,0.08527934551239014,-1.069267904758454,-1.9638647236285622,7.877028727098435,7.807875834609235,0,,,,,,,,True,8.625075220597292,-2.341282936997821,37.032404177845144,optimal,0,-16.0,-30.0,0.21074845583468838,-1.8658762930266701,0.6228168940232206,True,0.0,True,0.0,0.0
1768551968.6106284,0,leader,auto,1.159003496170044,1.007964015007019,-0.26262959837913513,1.2713074636459354,1.0,-0.8565373182296757,0.11230396747589144,-0.007964015007019043,-0.5939077198505406,0,0,0,0,1.0,0,0,0,0,0,0,False,,,,,,,,,,,,,,,
1768551968.7112436,1,follower,auto,0.6345574259757996,0.9147206544876099,0.21273058652877808,0.47130746364593534,1.0,-0.8565373182296757,-0.16324996232986422,0.08527934551239014,-1.069267904758454,0,0,0,0,1.0,0,0,0,0,0,0,False,,,,,,,,,,,,,,,
1768551968.7129385,0,follower,auto,1.175069808959961,0.9923790097236633,-0.26484930515289307,1.277518291473389,1.0,-0.8875914573669438,0.10244848251342797,0.00762099027633667,-0.6227421522140507,-20,9.767643223921583,0.20713884466187932,0,,,,,,,,True,10.0,-30.0,0.0,optimal,0,10.0,-30.0,0.7361853452162763,-12.015835621699024,0.00259569747326005,True,0.0,True,0.0,0.0
1768551968.8141708,1,follower,auto,0.6689624190330505,0.9033412933349609,0.24089297652244568,0.47751829147338887,1.0,-0.8875914573669438,-0.19144412755966167,0.09665870666503906,-1.1284844338893896,-20,-13.168956774197778,8.754361763985504,0,,,,,,,,True,-13.402055047990132,-23.800132892519812,8.353163462793454,infeasible,0,-19.0,-30.0,0.29653356073883996,-2.1662092362149554,0.5833900556619437,True,0.0,True,0.0,0.0
1768551969.016441,0,leader,auto,1.175069808959961,0.9923790097236633,-0.26484930515289307,1.277518291473389,1.0,-0.8875914573669438,0.10244848251342797,0.00762099027633667,-0.6227421522140507,0,0,0,0,1.0,0,0,0,0,0,0,False,,,,,,,,,,,,,,,
1768551969.1174664,1,follower,auto,0.6689624190330505,0.9033412933349609,0.24089297652244568,0.47751829147338887,1.0,-0.8875914573669438,-0.19144412755966167,0.09665870666503906,-1.1284844338893896,0,0,0,0,1.0,0,0,0,0,0,0,False,,,,,,,,,,,,,,,
1768551969.119391,0,follower,auto,1.204688549041748,0.972405195236206,-0.30184370279312134,1.2838605880737306,1.0,-0.9193029403686528,0.07917203903198256,0.027594804763793945,-0.6174592375755314,-10.005076038935204,-9.24990732123848,2.2909007755914232,0,,,,,,,,True,-9.21056810076232,-10.712878476430781,25.194752922272922,optimal,0,7.0,-30.0,0.790640858315053,-14.833822589576325,2.7755575615628914e-17,True,0.0,True,0.0,0.0
1768551969.3206737,1,follower,auto,0.7126642465591431,0.8871008157730103,0.2835603654384613,0.48386058807373056,1.0,-0.9193029403686528,-0.2288036584854125,0.11289918422698975,-1.202863305807114,-20,-20,10.6904014379953,0,,,,,,,,True,-22.0,-30.0,0.0,optimal,0,-22.0,-30.0,0.4219576146097661,-3.581102779259686,0.4571439663268453,True,0.0,True,0.0,0.0
1768551969.426544,0,leader,auto,1.204688549041748,0.972405195236206,-0.30184370279312134,1.2838605880737306,1.0,-0.9193029403686528,0.07917203903198256,0.027594804763793945,-0.6174592375755314,0,0,0,0,1.0,0,0,0,0,0,0,False,,,,,,,,,,,,,,,
1768551969.5269861,1,follower,auto,0.7126642465591431,0.8871008157730103,0.2835603654384613,0.48386058807373056,1.0,-0.9193029403686528,-0.2288036584854125,0.11289918422698975,-1.202863305807114,0,0,0,0,1.0,0,0,0,0,0,0,False,,,,,,,,,,,,,,,
1768551969.5292768,0,follower,auto,1.2483445405960083,0.9603525400161743,-0.3620116412639618,1.293990731239319,1.0,-0.9699536561965947,0.04564619064331077,0.039647459983825684,-0.6079420149326329,6.988051849574322,-20,3.3553494829535158,0,,,,,,,,True,-25.761363390878056,7.005570599367566,47.48843023588665,optimal,0,4.0,-30.0,0.8775053191825246,-20.529670283153912,5.551115123125783e-17,True,0.0,True,0.0,0.0
1768551969.6305861,1,follower,auto,0.7389377951622009,0.8737810254096985,0.2713896930217743,0.493990731239319,1.0,-0.9699536561965947,-0.2449470639228819,0.1262189745903015,-1.241343349218369,-10.939509435180641,-6.175770097979554,11.730187830840785,0,,,,,,,,True,-6.352305405949679,-11.57727239752526,25.51152713578428,infeasible,0,-24.0,-30.0,0.441171563619402,-4.473328291152159,0.6089112296075557,True,0.0,True,0.0,0.0
1768551969.820978,0,leader,auto,1.2483445405960083,0.9603525400161743,-0.3620116412639618,1.293990731239319,1.0,-0.9699536561965947,0.04564619064331077,0.039647459983825684,-0.6079420149326329,0,0,0,0,1.0,0,0,0,0,0,0,False,,,,,,,,,,,,,,,
1768551969.922671,1,follower,auto,0.7389377951622009,0.8737810254096985,0.2713896930217743,0.493990731239319,1.0,-0.9699536561965947,-0.2449470639228819,0.1262189745903015,-1.241343349218369,0,0,0,0,1.0,0,0,0,0,0,0,False,,,,,,,,,,,,,,,
1768551969.9233627,0,follower,auto,1.281151533126831,0.9676696062088013,-0.4000013470649719,1.3001892518997196,1.0,-1.0009462594985967,0.019037718772888512,0.03233039379119873,-0.6009449124336248,-5.047233173617579,-20,3.335695477920761,0,,,,,,,,True,-20.128764659034186,-5.784231426017119,32.1376437164511,optimal,0,1.0,-30.0,0.9514494214220499,-27.33270796742429,0.0,True,0.0,True,0.0,0.0
1768551970.0238144,1,follower,auto,0.7388752698898315,0.8597238063812256,0.2215038239955902,0.5001892518997195,1.0,-1.0009462594985967,-0.23868601799011202,0.14027619361877441,-1.222450083494187,8.07028849050885,15.8757185330842,13.800688940499795,0,,,,,,,,True,16.182866903739516,8.261651808123908,54.76541844889233,infeasible,0,-23.0,-30.0,0.36660487249503104,-3.8663174034787473,0.667759279243104,True,0.0,True,0.0,0.0
1768551970.1298287,0,leader,auto,1.281151533126831,0.9676696062088013,-0.4000013470649719,1.3001892518997196,1.0,-1.0009462594985967,0.019037718772888512,0.03233039379119873,-0.6009449124336248,0,0,0,0,1.0,0,0,0,0,0,0,False,,,,,,,,,,,,,,,
1768551970.2306595,1,follower,auto,0.7388752698898315,0.8597238063812256,0.2215038239955902,0.5001892518997195,1.0,-1.0009462594985967,-0.23868601799011202,0.14027619361877441,-1.222450083494187,0,0,0,0,1.0,0,0,0,0,0,0,False,,,,,,,,,,,,,,,
1768551970.2325015,0,follower,auto,1.2886332273483276,0.9825933575630188,-0.40859708189964294,1.3080607938766482,1.0,-1.0403039693832403,0.01942756652832056,0.0174066424369812,-0.6317068874835974,-20,-4.263040942252086,1.2809629663223,0,,,,,,,,True,-4.294326859080911,-24.421044745158305,7.691205277868438,optimal,0,1.0,-30.0,0.9690305280634273,-29.486835652172807,0.0,True,0.0,True,0.0,0.0
1768551970.3336933,1,follower,auto,0.7288845777511597,0.8675400018692017,0.18124422430992126,0.5080607938766482,1.0,-1.0403039693832403,-0.22082378387451151,0.13245999813079834,-1.2215481936931616,15.045959379450933,20,12.821510080699495,0,,,,,,,,True,26.165864561335745,15.017713425274472,65.92833253602791,optimal,0,-22.0,-30.0,0.29546686083911267,-3.188868098927486,0.6416768560735336,True,0.0,True,0.0,0.0
1768551970.4976027,0,leader,auto,1.2886332273483276,0.9825933575630188,-0.40859708189964294,1.3080607938766482,1.0,-1.0403039693832403,0.01942756652832056,0.0174066424369812,-0.6317068874835974,0,0,0,0,1.0,0,0,0,0,0,0,False,,,,,,,,,,,,,,,
1768551970.5980642,1,follower,auto,0.7288845777511597,0.8675400018692017,0.18124422430992126,0.5080607938766482,1.0,-1.0403039693832403,-0.22082378387451151,0.13245999813079834,-1.2215481936931616,0,0,0,0,1.0,0,0,0,0,0,0,False,,,,,,,,,,,,,,,
1768551970.600363,0,follower,auto,1.2791212797164917,0.999211847782135,-0.41011542081832886,1.3142507505416872,1.0,-1.0712537527084356,0.035129470825195463,0.0007881522178649902,-0.6611383318901067,-20,2.7745087082682827,0.24500835610610158,0,,,,,,,,True,3.0,-30.0,0.0,optimal,0,3.0,-30.0,0.9443309257982215,-27.113423768316935,0.11111555912392124,True,0.0,True,0.0,0.0
1768551970.701605,1,follower,auto,0.7336632013320923,0.8968086242675781,0.144947350025177,0.5142507505416871,1.0,-1.0712537527084356,-0.21941245079040517,0.10319137573242188,-1.2162011027336126,8.005421980672018,20,9.83338072663676,0,,,,,,,,True,22.262345690251962,8.03098636832317,57.601965927999764,optimal,0,-21.0,-30.0,0.2543192172933524,-2.614312379836896,0.7603151683296068,True,0.0,True,0.0,0.0
1768551970.804676,0,leader,auto,1.2791212797164917,0.999211847782135,-0.41011542081832886,1.3142507505416872,1.0,-1.0712537527084356,0.035129470825195463,0.0007881522178649902,-0.6611383318901067,0,0,0,0,1.0,0,0,0,0,0,0,False,,,,,,,,,,,,,,,
1768551970.9051044,1,follower,auto,0.7336632013320923,0.8968086242675781,0.144947350025177,0.5142507505416871,1.0,-1.0712537527084356,-0.21941245079040517,0.10319137573242188,-1.2162011027336126,0,0,0,0,1.0,0,0,0,0,0,0,False,,,,,,,,,,,,,,,
1768551970.9069211,0,follower,auto,1.274200677871704,1.0095016956329346,-0.4265124797821045,1.3216088914871218,1.0,-1.1080444574356085,0.047408213615417694,-0.00950169563293457,-0.681531977653504,-20,2.7880642149299018,0.25651108507270187,0,,,,,,,,True,3.725384584339324,-29.709011440761195,0.40010994504805975,optimal,0,4.0,-30.0,0.9290882231164859,-25.559184745025874,0.0,True,0.0,True,0.0,0.0
1768551971.008746,1,follower,auto,0.7522576451301575,0.9194120168685913,0.1265498846769333,0.5216088914871218,1.0,-1.1080444574356085,-0.23064875364303572,0.08058798313140869,-1.2345943421125418,-1.001918821557481,10.858680686908986,7.810846740383301,0,,,,,,,,True,11.264531761816592,-1.4613223769088073,44.59276014479553,optimal,0,-23.0,-30.0,0.25855676264544836,-2.426364019613842,0.7868837545425127,True,0.0,True,0.0,0.0
1768551971.2011712,0,leader,auto,1.274200677871704,1.0095016956329346,-0.4265124797821045,1.3216088914871218,1.0,-1.1080444574356085,0.047408213615417694,-0.00950169563293457,-0.681531977653504,0,0,0,0,1.0,0,0,0,0,0,0,False,,,,,,,,,,,,,,,
1768551971.3015974,1,follower,auto,0.7522576451301575,0.9194120168685913,0.1265498846769333,0.5216088914871218,1.0,-1.1080444574356085,-0.23064875364303572,0.08058798313140869,-1.2345943421125418,0,0,0,0,1.0,0,0,0,0,0,0,False,,,,,,,,,,,,,,,
1768551971.3034143,0,follower,auto,1.2826001644134521,1.0157815217971802,-0.47190266847610474,1.327751808166504,1.0,-1.13875904083252,0.04515164375305192,-0.015781521797180176,-0.6668563723564154,-15.051225944381047,-7.208703542189311,-0.6895369570733471,0,,,,,,,,True,-7.9302004294788,-15.347909970107054,18.894798875130277,infeasible,0,4.0,-30.0,0.9459530817921782,-26.963728764849535,-5.551115123125783e-17,False,0.0,True,0.0,0.0
1768551971.4046266,1,follower,auto,0.8056852221488953,0.9276477098464966,0.11382099241018295,0.527751808166504,1.0,-1.13875904083252,-0.27793341398239124,0.07235229015350342,-1.252580033242703,-16.985287718124425,-10.210375087345234,6.782974346720693,0,,,,,,,,True,-10.029225817815046,-17.070611246047214,21.334860437639524,optimal,0,-27.0,-30.0,0.32600532791253656,-2.7312324102761187,0.8172753836639896,True,0.0,True,0.0,0.0
1768551971.518622,0,leader,auto,1.2826001644134521,1.0157815217971802,-0.47190266847610474,1.327751808166504,1.0,-1.13875904083252,0.04515164375305192,-0.015781521797180176,-0.6668563723564154,0,0,0,0,1.0,0,0,0,0,0,0,False,,,,,,,,,,,,,,,
1768551971.6190019,1,follower,auto,0.8056852221488953,0.9276477098464966,0.11382099241018295,0.527751808166504,1.0,-1.13875904083252,-0.27793341398239124,0.07235229015350342,-1.252580033242703,0,0,0,0,1.0,0,0,0,0,0,0,False,,,,,,,,,,,,,,,
1768551971.6209066,0,follower,auto,1.297818660736084,1.0192221403121948,-0.5169603824615479,1.3356689834594728,1.0,-1.178344917297364,0.03785032272338884,-0.019222140312194824,-0.661384534835816,-4.050871783501234,-15.21040906740323,-0.6607455441290546,0,,,,,,,,True,-15.635542492123136,-4.014478284198983,31.977035241217926,infeasible,0,3.0,-30.0,0.9847213707280447,-30.953254412010875,-2.7755575615628914e-17,False,0.0,True,0.0,0.0
1768551971.7221904,1,follower,auto,0.8484996557235718,0.9185705184936523,0.10957296192646027,0.5356689834594728,1.0,-1.178344917297364,-0.312830672264099,0.08142948150634766,-1.2879178792238242,-20,-18.22363601312774,7.750901999054408,0,,,,,,,,True,-18.292077735497934,-21.588879494958398,14.416046333927847,infeasible,0,-30.0,-30.0,0.39163130167481763,-3.4681412431488408,0.7402486091270383,True,0.0,True,0.0,0.0
1768551971.8288615,0,leader,auto,1.297818660736084,1.0192221403121948,-0.5169603824615479,1.3356689834594728,1.0,-1.178344917297364,0.03785032272338884,-0.019222140312194824,-0.661384534835816,0,0,0,0,1.0,0,0,0,0,0,0,False,,,,,,,,,,,,,,,
1768551971.9292839,1,follower,auto,0.8484996557235718,0.9185705184936523,0.10957296192646027,0.5356689834594728,1.0,-1.178344917297364,-0.312830672264099,0.08142948150634766,-1.2879178792238242,0,0,0,0,1.0,0,0,0,0,0,0,False,,,,,,,,,,,,,,,
1768551971.9309242,0,follower,auto,1.3093384504318237,1.0231988430023193,-0.5571995973587036,1.3420205068588258,1.0,-1.210102534294129,0.03268205642700206,-0.023198843002319336,-0.6529029369354253,-4.055526236655213,-13.20188108799784,-1.6501708238403323,0,,,,,,,,True,-13.9696291469579,-4.075644614134379,30.984520579766002,optimal,0,3.0,-30.0,1.0177394117172072,-35.00545714206746,4.163336342344337e-17,True,0.0,True,0.0,0.0
1768551972.032262,1,follower,auto,0.8787250518798828,0.9090651273727417,0.10064475983381271,0.5420205068588257,1.0,-1.210102534294129,-0.33670454502105707,0.0909348726272583,-1.3107472941279417,-17.93866322101479,-13.216131370335036,8.73916870572509,0,,,,,,,,True,-13.593151877719826,-18.785243656187575,19.87348548087752,infeasible,0,-30.0,-30.0,0.43303228431712126,-4.225028843924402,0.7218985859598429,True,0.0,True,0.0,0.0
1768551972.2190998,0,leader,auto,1.3093384504318237,1.0231988430023193,-0.5571995973587036,1.3420205068588258,1.0,-1.210102534294129,0.03268205642700206,-0.023198843002319336,-0.6529029369354253,0,0,0,0,1.0,0,0,0,0,0,0,False,,,,,,,,,,,,,,,
1768551972.319589,1,follower,auto,0.8787250518798828,0.9090651273727417,0.10064475983381271,0.5420205068588257,1.0,-1.210102534294129,-0.33670454502105707,0.0909348726272583,-1.3107472941279417,0,0,0,0,1.0,0,0,0,0,0,0,False,,,,,,,,,,,,,,,
1768551972.3214536,0,follower,auto,1.3024585247039795,1.0271108150482178,-0.5907238125801086,1.348222041130066,1.0,-1.24111020565033,0.04576351642608656,-0.027110815048217773,-0.6503863930702214,-18.05990925811586,-3.17619911920407,-1.6631166637414792,0,,,,,,,,True,-3.507680565249469,-18.53912958152221,13.700978732155008,optimal,0,4.0,-30.0,1.0047294587431375,-33.62542001906432,0.0,True,0.0,True,0.0,0.0
1768551972.422693,1,follower,auto,0.8773137927055359,0.9016271233558655,0.058282047510147095,0.548222041130066,1.0,-1.24111020565033,-0.3290917515754699,0.09837287664413452,-1.2993922531604771,-1.9339047789017114,12.826042274680969,8.785433557013695,0,,,,,,,,True,13.69769438823861,-2.19280205397758,51.79506494307323,optimal,0,-30.0,-30.0,0.38145877544349416,-4.021153028235586,0.7804290265154814,True,0.0,True,0.0,0.0
1768551972.5252888,0,leader,auto,1.3024585247039795,1.0271108150482178,-0.5907238125801086,1.348222041130066,1.0,-1.24111020565033,0.04576351642608656,-0.027110815048217773,-0.6503863930702214,0,0,0,0,1.0,0,0,0,0,0,0,False,,,,,,,,,,,,,,,
1768551972.6257133,1,follower,auto,0.8773137927055359,0.9016271233558655,0.058282047510147095,0.548222041130066,1.0,-1.24111020565033,-0.3290917515754699,0.09837287664413452,-1.2993922531604771,0,0,0,0,1.0,0,0,0,0,0,0,False,,,,,,,,,,,,,,,
1768551972.6275651,0,follower,auto,1.288274884223938,1.0235706567764282,-0.6066041588783264,1.3560308742523195,1.0,-1.280154371261597,0.06775599002838151,-0.023570656776428223,-0.6735502123832706,-20,4.837731697883074,-1.7012856500513582,0,,,,,,,,True,5.789769085482043,-29.698437559642535,0.36760976980135596,optimal,0,6.0,-30.0,0.9711170640123563,-29.81663365642416,5.551115123125783e-17,True,0.0,True,0.0,0.0
1768551972.7288456,1,follower,auto,0.8576839566230774,0.902346670627594,0.011050248518586159,0.5560308742523195,1.0,-1.280154371261597,-0.30165308237075794,0.097653329372406,-1.2912046197801832,7.054025065796383,20,8.817502021098145,0,,,,,,,,True,30.0,7.905013687699217,70.97034636145342,infeasible,0,-30.0,-30.0,0.2968945659595257,-3.3507181794483376,0.7926231528301476,True,0.0,True,0.0,0.0
1768551972.8448005,0,leader,auto,1.288274884223938,1.0235706567764282,-0.6066041588783264,1.3560308742523195,1.0,-1.280154371261597,0.06775599002838151,-0.023570656776428223,-0.6735502123832706,0,0,0,0,1.0,0,0,0,0,0,0,False,,,,,,,,,,,,,,,
1768551972.945227,1,follower,auto,0.8576839566230774,0.902346670627594,0.011050248518586159,0.5560308742523195,1.0,-1.280154371261597,-0.30165308237075794,0.097653329372406,-1.2912046197801832,0,0,0,0,1.0,0,0,0,0,0,0,False,,,,,,,,,,,,,,,
1768551972.9470057,0,follower,auto,1.2841663360595703,1.0126185417175293,-0.6317519545555115,1.3621535062789918,1.0,-1.310767531394959,0.07798717021942148,-0.012618541717529297,-0.6790155768394475,-20,0.8225789150970769,-0.7043907277745673,0,,,,,,,,True,1.6574999005112492,-22.84153369473651,8.932297977375702,optimal,0,7.0,-30.0,0.9665421961978589,-29.087206362012445,0.0,True,0.0,True,0.0,0.0
1768551973.0482829,1,follower,auto,0.8361381888389587,0.9088097810745239,-0.031434811651706696,0.5621535062789917,1.0,-1.310767531394959,-0.273984682559967,0.09119021892547607,-1.2793327197432522,8.036389457791092,20,8.824473037456425,0,,,,,,,,True,30.0,8.184291788180829,68.60787228419879,infeasible,0,-27.0,-30.0,0.21878084656676577,-2.6419767658562714,0.7464076699159995,True,0.0,True,0.0,0.0
1768551973.2527955,0,leader,auto,1.2841663360595703,1.0126185417175293,-0.6317519545555115,1.3621535062789918,1.0,-1.310767531394959,0.07798717021942148,-0.012618541717529297,-0.6790155768394475,0,0,0,0,1.0,0,0,0,0,0,0,False,,,,,,,,,,,,,,,
1768551973.3532455,1,follower,auto,0.8361381888389587,0.9088097810745239,-0.031434811651706696,0.5621535062789917,1.0,-1.310767531394959,-0.273984682559967,0.09119021892547607,-1.2793327197432522,0,0,0,0,1.0,0,0,0,0,0,0,False,,,,,,,,,,,,,,,
1768551973.355119,0,follower,auto,1.2980555295944214,0.9926654100418091,-0.6850871443748474,1.3685425424575806,1.0,-1.3427127122879032,0.07048701286315917,0.007334589958190918,-0.6576255679130558,-6.004777660956553,-10.20830322678752,0.3404769972722927,0,,,,,,,,True,-10.761396025742716,-6.178287769822948,29.714325877607187,optimal,0,7.0,-30.0,1.0193058489234894,-34.99743182210966,5.551115123125783e-17,True,0.0,True,0.0,0.0
1768551973.4564106,1,follower,auto,0.8360839486122131,0.9110811352729797,-0.06548753380775452,0.5685425424575805,1.0,-1.3427127122879032,-0.2675414061546326,0.08891886472702026,-1.2772251784801487,0.029240422609162986,20,7.805656464721248,0,,,,,,,,True,30.0,-0.778781422854248,63.165493864398215,infeasible,0,-26.0,-30.0,0.18793789240345715,-2.1297777878517103,0.8534520736950819,True,0.0,True,0.0,0.0
1768551973.5584264,0,leader,auto,1.2980555295944214,0.9926654100418091,-0.6850871443748474,1.3685425424575806,1.0,-1.3427127122879032,0.07048701286315917,0.007334589958190918,-0.6576255679130558,0,0,0,0,1.0,0,0,0,0,0,0,False,,,,,,,,,,,,,,,
1768551973.65933,1,follower,auto,0.8360839486122131,0.9110811352729797,-0.06548753380775452,0.5685425424575805,1.0,-1.3427127122879032,-0.2675414061546326,0.08891886472702026,-1.2772251784801487,0,0,0,0,1.0,0,0,0,0,0,0,False,,,,,,,,,,,,,,,
1768551973.6615028,0,follower,auto,1.3124237060546875,0.9820981621742249,-0.7299283146858215,1.3767049264907836,1.0,-1.3835246324539188,0.06428122043609608,0.017901837825775146,-0.6535963177680972,0.9887831108002152,-15.211736395763955,1.356007776789701,0,,,,,,,,True,-15.847454015521802,1.779990193012349,38.56525669081305,optimal,0,6.0,-30.0,1.075423454108583,-42.94264433120941,5.551115123125783e-17,True,0.0,True,0.0,0.0
1768551973.7627847,1,follower,auto,0.8615905046463013,0.9026268720626831,-0.07413223385810852,0.5767049264907835,1.0,-1.3835246324539188,-0.28488557815551774,0.0973731279373169,-1.3093923985958102,-12.957477178346302,5.824209483931183,8.755224458463635,0,,,,,,,,True,6.103718650601671,-13.143181824147966,38.0422915294693,optimal,0,-28.0,-30.0,0.22380199193535288,-1.993789767418228,0.780040259122792,True,0.0,True,0.0,0.0
1768551973.8648934,0,leader,auto,1.3124237060546875,0.9820981621742249,-0.7299283146858215,1.3767049264907836,1.0,-1.3835246324539188,0.06428122043609608,0.017901837825775146,-0.6535963177680972,0,0,0,0,1.0,0,0,0,0,0,0,False,,,,,,,,,,,,,,,
1768551973.9653165,1,follower,auto,0.8615905046463013,0.9026268720626831,-0.07413223385810852,0.5767049264907835,1.0,-1.3835246324539188,-0.28488557815551774,0.0973731279373169,-1.3093923985958102,0,0,0,0,1.0,0,0,0,0,0,0,False,,,,,,,,,,,,,,,
1768551973.967395,0,follower,auto,1.3212774991989136,0.9813697934150696,-0.7643480896949768,1.3828325557708738,1.0,-1.4141627788543705,0.061555056571960254,0.01863020658493042,-0.6498146891593937,-2.030504220121256,-10.193513368251205,1.3587282206513989,0,,,,,,,,True,-10.393395125664213,-2.822232107316246,31.739163054099947,optimal,0,6.0,-30.0,1.1157545824147186,-49.90954640287604,6.245004513516506e-17,True,0.0,True,0.0,0.0
1768551974.0686467,1,follower,auto,0.903083086013794,0.8907262682914734,-0.07104504853487015,0.5828325557708738,1.0,-1.4141627788543705,-0.32025053024292016,0.10927373170852661,-1.3431177303195003,-20,-15.221381137183393,9.714120512928858,0,,,,,,,,True,-15.840650028555652,-23.274457938761653,15.675461959104338,optimal,0,-30.0,-30.0,0.29966185063064943,-2.3313241925509245,0.6775757860799829,True,0.0,True,0.0,0.0
1768551974.2237296,0,leader,auto,1.3212774991989136,0.9813697934150696,-0.7643480896949768,1.3828325557708738,1.0,-1.4141627788543705,0.061555056571960254,0.01863020658493042,-0.6498146891593937,0,0,0,0,1.0,0,0,0,0,0,0,False,,,,,,,,,,,,,,,
1768551974.3241532,1,follower,auto,0.903083086013794,0.8907262682914734,-0.07104504853487015,0.5828325557708738,1.0,-1.4141627788543705,-0.32025053024292016,0.10927373170852661,-1.3431177303195003,0,0,0,0,1.0,0,0,0,0,0,0,False,,,,,,,,,,,,,,,
1768551974.3258,0,follower,auto,1.3180848360061646,0.9887359738349915,-0.7797544002532959,1.3889502811431882,1.0,-1.4447514057159427,0.07086544513702364,0.011264026165008545,-0.6649970054626468,-20,0.845979075109279,1.3329495684027228,0,,,,,,,,True,1.9995985576917104,-20.39511659389936,10.828564070504743,optimal,0,7.0,-30.0,1.115710599370479,-50.163799910333175,0.0,True,0.0,True,0.0,0.0
1768551982.6408045,1,follower,auto,0.954555869102478,0.8827559351921082,-0.08147979527711868,0.5889502811431881,1.0,-1.4447514057159427,-0.3656055879592899,0.11724406480789185,-1.363271610438824,-20,-20,10.721464783870069,0,,,,,,,,True,-22.52092284703174,-26.720836356973404,8.166364506792435,optimal,0,-30.0,-30.0,0.3864365089992696,-3.2753697880160884,0.815966141843469,True,0.0,True,0.0,0.0
1768551982.7772624,0,leader,auto,1.3180848360061646,0.9887359738349915,-0.7797544002532959,1.3889502811431882,1.0,-1.4447514057159427,0.07086544513702364,0.011264026165008545,-0.6649970054626468,0,0,0,0,1.0,0,0,0,0,0,0,False,,,,,,,,,,,,,,,
1768551982.877728,1,follower,auto,0.954555869102478,0.8827559351921082,-0.08147979527711868,0.5889502811431881,1.0,-1.4447514057159427,-0.3656055879592899,0.11724406480789185,-1.363271610438824,0,0,0,0,1.0,0,0,0,0,0,0,False,,,,,,,,,,,,,,,
1768551982.8793652,0,follower,auto,1.2252686023712158,1.1399710178375244,-1.7779030799865723,1.5603927707672116,1.0,-2.30196385383606,0.3351241683959958,-0.13997101783752441,-0.5240607738494876,-20,2.7062112773285256,-11.734320819401159,2,,,,,,,,True,3.963889626882814,-30.0,26.036110373117186,infeasible,0,30.0,-30.0,2.4344198697958803,-4650.5242990346105,-4.115802516976852e-05,False,0.0,True,0.0,0.0
1768551982.9803746,1,follower,auto,0.24827919900417328,1.1028116941452026,-1.7871659994125366,0.7603927707672116,1.0,-2.30196385383606,0.5121135717630383,-0.10281169414520264,-0.5147978544235232,-20,20,-7.842522921242449,2,,,,,,,,True,30.0,-30.0,0.0,optimal,0,30.0,-30.0,1.0185393107018281,-33.60429478253085,0.14473630477351918,True,0.0,True,0.0,0.0
1768551983.082629,0,leader,auto,1.2252686023712158,1.1399710178375244,-1.7779030799865723,1.5603927707672116,1.0,-2.30196385383606,0.3351241683959958,-0.13997101783752441,-0.5240607738494876,0,0,0,0,1.0,0,0,0,0,0,0,False,,,,,,,,,,,,,,,
1768551983.183314,1,follower,auto,0.24827919900417328,1.1028116941452026,-1.7871659994125366,0.7603927707672116,1.0,-2.30196385383606,0.5121135717630383,-0.10281169414520264,-0.5147978544235232,0,0,0,0,1.0,0,0,0,0,0,0,False,,,,,,,,,,,,,,,
1768551983.1855383,0,follower,auto,1.2252686023712158,1.1399710178375244,-1.7779030799865723,1.5671834659576414,1.0,-2.335917329788208,0.34191486358642553,-0.13997101783752441,-0.5580142498016358,-20,2.6269752625175102,-12.623897685057942,2,,,,,,,,True,3.5712215308987894,-30.0,26.42877846910121,infeasible,0,30.0,-30.0,2.4344198697958803,-4651.095084555748,-6.312884930077117e-05,False,0.0,True,0.0,0.0
1768551983.2870774,1,follower,auto,0.2538667321205139,1.1026331186294556,-1.7892568111419678,0.7671834659576413,1.0,-2.335917329788208,0.5133167338371274,-0.10263311862945557,-0.5466605186462403,-20,20,-9.346521014356057,2,,,,,,,,True,30.0,-30.0,0.0,optimal,0,30.0,-30.0,1.0267318827535044,-35.66159971303806,0.6444749687950105,True,0.0,True,0.0,0.0
1768551983.4909158,0,leader,auto,1.2252686023712158,1.1399710178375244,-1.7779030799865723,1.5671834659576414,1.0,-2.335917329788208,0.34191486358642553,-0.13997101783752441,-0.5580142498016358,0,0,0,0,1.0,0,0,0,0,0,0,False,,,,,,,,,,,,,,,
1768551983.5920641,1,follower,auto,0.2538667321205139,1.1026331186294556,-1.7892568111419678,0.7671834659576413,1.0,-2.335917329788208,0.5133167338371274,-0.10263311862945557,-0.5466605186462403,0,0,0,0,1.0,0,0,0,0,0,0,False,,,,,,,,,,,,,,,
1768551983.694746,0,follower,auto,1.2252686023712158,1.1399710178375244,-1.7779030799865723,1.5733199357986447,1.0,-2.366599678993225,0.3480513334274289,-0.13997101783752441,-0.5886965990066528,-20,4.609588441596859,-12.892924881174274,0,,,,,,,,True,5.701581630606043,-30.0,24.298418369393957,infeasible,0,30.0,-30.0,2.4344198697958803,-4651.095084555748,-0.0001341394043042482,False,0.0,True,0.0,0.0
1768551986.6008685,1,follower,auto,0.2707429528236389,1.1064611673355103,-1.7950129508972168,0.7733199357986447,1.0,-2.366599678993225,0.5025769829750057,-0.10646116733551025,-0.5715867280960083,-20,20,-9.790947992558312,0,,,,,,,,True,30.0,-30.0,0.0,optimal,0,30.0,-30.0,1.0504607294951804,-38.91019577027329,0.71804873059244,True,0.0,True,0.0,0.0
1768551986.8027341,0,leader,auto,1.2252686023712158,1.1399710178375244,-1.7779030799865723,1.5733199357986447,1.0,-2.366599678993225,0.3480513334274289,-0.13997101783752441,-0.5886965990066528,0,0,0,0,1.0,0,0,0,0,0,0,False,,,,,,,,,,,,,,,
1768551986.9031563,1,follower,auto,0.2707429528236389,1.1064611673355103,-1.7950129508972168,0.7733199357986447,1.0,-2.366599678993225,0.5025769829750057,-0.10646116733551025,-0.5715867280960083,0,0,0,0,1.0,0,0,0,0,0,0,False,,,,,,,,,,,,,,,
1768551987.1075034,0,leader,auto,1.1298316717147827,0.06982151418924332,-1.992828130722046,1.6395949649810788,1.0,-2.6979748249053954,0.5097632932662961,0.9301784858107567,-0.7051466941833495,0,0,0,0,1.0,0,0,0,0,0,0,False,,,,,,,,,,,,,,,
1768551987.2090385,1,follower,auto,0.6115206480026245,0.044507019221782684,-1.7130271196365356,0.8395949649810794,1.0,-2.6979748249053954,0.22807431697845493,0.9554929807782173,-0.9849477052688598,0,0,0,0,1.0,0,0,0,0,0,0,False,,,,,,,,,,,,,,,
1768551987.3213253,0,leader,auto,1.1298316717147827,0.06982151418924332,-1.992828130722046,1.6456616544723508,1.0,-2.728308272361755,0.5158299827575681,0.9301784858107567,-0.7354801416397092,0,0,0,0,1.0,0,0,0,0,0,0,False,,,,,,,,,,,,,,,
1768551987.4260278,1,follower,auto,0.6115206480026245,0.044507019221782684,-1.7130271196365356,0.8456616544723514,1.0,-2.728308272361755,0.2341410064697269,0.9554929807782173,-1.0152811527252195,0,0,0,0,1.0,0,0,0,0,0,0,False,,,,,,,,,,,,,,,
1768551987.4867296,0,leader,auto,1.1298316717147827,0.06982151418924332,-1.992828130722046,1.6517665338516232,1.0,-2.7588326692581173,0.5219348621368405,0.9301784858107567,-0.7660045385360714,0,0,0,0,1.0,0,0,0,0,0,0,False,,,,,,,,,,,,,,,
1768551987.4870229,1,follower,auto,0.6115206480026245,0.044507019221782684,-1.7130271196365356,0.8517665338516239,1.0,-2.7588326692581173,0.24024588584899942,0.9554929807782173,-1.0458055496215817,0,0,0,0,1.0,0,0,0,0,0,0,False,,,,,,,,,,,,,,,
1768551987.6231484,0,leader,auto,1.1298316717147827,0.06982151418924332,-1.992828130722046,1.656124124526977,1.0,-2.7806206226348875,0.5262924528121944,0.9301784858107567,-0.7877924919128416,0,0,0,0,1.0,0,0,0,0,0,0,False,,,,,,,,,,,,,,,
1768551987.7237701,1,follower,auto,0.6115206480026245,0.044507019221782684,-1.7130271196365356,0.856124124526978,1.0,-2.7806206226348875,0.24460347652435344,0.9554929807782173,-1.0675935029983519,0,0,0,0,1.0,0,0,0,0,0,0,False,,,,,,,,,,,,,,,
1768551987.8933623,0,leader,auto,1.1298316717147827,0.06982151418924332,-1.992828130722046,1.6581453561782833,1.0,-2.7907267808914185,0.5283136844635006,0.9301784858107567,-0.7978986501693726,0,0,0,0,1.0,0,0,0,0,0,0,False,,,,,,,,,,,,,,,
1768551987.9937449,1,follower,auto,0.6115206480026245,0.044507019221782684,-1.7130271196365356,0.8581453561782841,1.0,-2.7907267808914185,0.24662470817565962,0.9554929807782173,-1.0776996612548828,0,0,0,0,1.0,0,0,0,0,0,0,False,,,,,,,,,,,,,,,
1768551988.0974612,0,leader,auto,1.1298316717147827,0.06982151418924332,-1.992828130722046,1.6620787763595577,1.0,-2.8103938817977907,0.532247104644775,0.9301784858107567,-0.8175657510757448,0,0,0,0,1.0,0,0,0,0,0,0,False,,,,,,,,,,,,,,,
1768551988.1978714,1,follower,auto,0.6115206480026245,0.044507019221782684,-1.7130271196365356,0.8620787763595585,1.0,-2.8103938817977907,0.25055812835693403,0.9554929807782173,-1.097366762161255,0,0,0,0,1.0,0,0,0,0,0,0,False,,,,,,,,,,,,,,,
1768551988.3011687,0,leader,auto,1.1298316717147827,0.06982151418924332,-1.992828130722046,1.6674588537216182,1.0,-2.8372942686080935,0.5376271820068355,0.9301784858107567,-0.8444661378860476,0,0,0,0,1.0,0,0,0,0,0,0,False,,,,,,,,,,,,,,,
1768551988.4015121,1,follower,auto,0.6115206480026245,0.044507019221782684,-1.7130271196365356,0.8674588537216191,1.0,-2.8372942686080935,0.2559382057189946,0.9554929807782173,-1.1242671489715579,0,0,0,0,1.0,0,0,0,0,0,0,False,,,,,,,,,,,,,,,
