timestamp,drone_id,role,mode,x,y,z,target_x,target_y,target_z,error_x,error_y,error_z,rc_lr,rc_fb,rc_ud,rc_yaw,trust,obs_error_x,obs_error_y,obs_error_z,obs_state_x,obs_state_y,obs_state_z
1756099917.418747,0,leader,manual,0.08657774329185486,0.05398084595799446,0.09692269563674927,0,1,0,-0.08657774329185486,0.9460191540420055,-0.09692269563674927,0,0,0,0,1.0,0.0,0.0,0.0,0.0,0.0,0.0
1756099917.5194285,1,follower,manual,0.09490515291690826,0.05761720612645149,0.9833331108093262,0,1,1,-0.09490515291690826,0.9423827938735485,0.016666889190673828,0,0,0,0,1.0,0.0,0.0,0.0,0.0,0.0,0.0
1756099917.715913,0,leader,manual,0.0865640938282013,0.05397601053118706,0.09692732244729996,0,1,0,-0.0865640938282013,0.9460239894688129,-0.09692732244729996,0,0,0,0,1.0,0.0,0.0,0.0,0.0,0.0,0.0
1756099917.8162851,1,follower,manual,0.09490393102169037,0.0576118640601635,0.9833422303199768,0,1,1,-0.09490393102169037,0.9423881359398365,0.016657769680023193,0,0,0,0,1.0,0.0,0.0,0.0,0.0,0.0,0.0
1756099918.01467,0,leader,manual,0.08657175302505493,0.053986672312021255,0.09692160040140152,0,1,0,-0.08657175302505493,0.9460133276879787,-0.09692160040140152,0,0,0,0,1.0,0.0,0.0,0.0,0.0,0.0,0.0
1756099918.1151187,1,follower,manual,0.0948982834815979,0.05762384086847305,0.9833357930183411,0,1,1,-0.0948982834815979,0.942376159131527,0.016664206981658936,0,0,0,0,1.0,0.0,0.0,0.0,0.0,0.0,0.0
1756099918.2173343,0,leader,manual,0.08656619489192963,0.05398905277252197,0.09693334996700287,0,1,0,-0.08656619489192963,0.946010947227478,-0.09693334996700287,0,0,0,0,1.0,0.0,0.0,0.0,0.0,0.0,0.0
1756099918.3176632,1,follower,manual,0.09489398449659348,0.0576278492808342,0.9833399653434753,0,1,1,-0.09489398449659348,0.9423721507191658,0.016660034656524658,0,0,0,0,1.0,0.0,0.0,0.0,0.0,0.0,0.0
1756099918.422383,0,leader,manual,0.08658137917518616,0.05396796017885208,0.09693171828985214,0,1,0,-0.08658137917518616,0.9460320398211479,-0.09693171828985214,0,0,0,0,1.0,0.0,0.0,0.0,0.0,0.0,0.0
1756099918.5228117,1,follower,manual,0.0949251651763916,0.057614974677562714,0.9833430051803589,0,1,1,-0.0949251651763916,0.9423850253224373,0.016656994819641113,0,0,0,0,1.0,0.0,0.0,0.0,0.0,0.0,0.0
1756099918.625346,0,leader,manual,0.08656780421733856,0.053974878042936325,0.09692607074975967,0,1,0,-0.08656780421733856,0.9460251219570637,-0.09692607074975967,0,0,0,0,1.0,0.0,0.0,0.0,0.0,0.0,0.0
1756099918.726044,1,follower,manual,0.0949043557047844,0.05762793868780136,0.9833305478096008,0,1,1,-0.0949043557047844,0.9423720613121986,0.01666945219039917,0,0,0,0,1.0,0.0,0.0,0.0,0.0,0.0,0.0
1756099918.8583777,0,leader,manual,0.08656731992959976,0.053983449935913086,0.09694100171327591,0,1,0,-0.08656731992959976,0.9460165500640869,-0.09694100171327591,0,0,0,0,1.0,0.0,0.0,0.0,0.0,0.0,0.0
1756099918.958675,1,follower,manual,0.0949125662446022,0.05762365460395813,0.9833375215530396,0,1,1,-0.0949125662446022,0.9423763453960419,0.01666247844696045,0,0,0,0,1.0,0.0,0.0,0.0,0.0,0.0,0.0
1756099919.1117082,0,leader,manual,0.08656653761863708,0.053979504853487015,0.09693007171154022,0,1,0,-0.08656653761863708,0.946020495146513,-0.09693007171154022,0,0,0,0,1.0,0.0,0.0,0.0,0.0,0.0,0.0
1756099919.212063,1,follower,manual,0.09490415453910828,0.05761979892849922,0.9833357334136963,0,1,1,-0.09490415453910828,0.9423802010715008,0.01666426658630371,0,0,0,0,1.0,0.0,0.0,0.0,0.0,0.0,0.0
1756099919.315588,0,leader,manual,0.08657431602478027,0.05397948622703552,0.09691829979419708,0,1,0,-0.08657431602478027,0.9460205137729645,-0.09691829979419708,0,0,0,0,1.0,0.0,0.0,0.0,0.0,0.0,0.0
1756099919.4158895,1,follower,manual,0.0949004665017128,0.05762326344847679,0.9833329916000366,0,1,1,-0.0949004665017128,0.9423767365515232,0.01666700839996338,0,0,0,0,1.0,0.0,0.0,0.0,0.0,0.0,0.0
1756099919.5190718,0,leader,manual,0.08657968789339066,0.053982336074113846,0.09693250060081482,0,1,0,-0.08657968789339066,0.9460176639258862,-0.09693250060081482,0,0,0,0,1.0,0.0,0.0,0.0,0.0,0.0,0.0
1756099919.6194208,1,follower,manual,0.09491418302059174,0.057626109570264816,0.9833424091339111,0,1,1,-0.09491418302059174,0.9423738904297352,0.016657590866088867,0,0,0,0,1.0,0.0,0.0,0.0,0.0,0.0,0.0
1756099919.7352343,0,leader,manual,0.0865679383277893,0.05399687960743904,0.09692510962486267,0,1,0,-0.0865679383277893,0.946003120392561,-0.09692510962486267,0,0,0,0,1.0,0.0,0.0,0.0,0.0,0.0,0.0
1756099919.8354912,1,follower,manual,0.09488869458436966,0.057630252093076706,0.9833362102508545,0,1,1,-0.09488869458436966,0.9423697479069233,0.016663789749145508,0,0,0,0,1.0,0.0,0.0,0.0,0.0,0.0,0.0
1756099920.0033453,0,leader,manual,0.08657470345497131,0.053988683968782425,0.09691984951496124,0,1,0,-0.08657470345497131,0.9460113160312176,-0.09691984951496124,0,0,0,0,1.0,0.0,0.0,0.0,0.0,0.0,0.0
1756099920.1038353,1,follower,manual,0.09491277486085892,0.057621344923973083,0.9833372831344604,0,1,1,-0.09491277486085892,0.9423786550760269,0.01666271686553955,0,0,0,0,1.0,0.0,0.0,0.0,0.0,0.0,0.0
1756099920.2077951,0,leader,manual,0.08656628429889679,0.05398228392004967,0.09692545980215073,0,1,0,-0.08656628429889679,0.9460177160799503,-0.09692545980215073,0,0,0,0,1.0,0.0,0.0,0.0,0.0,0.0,0.0
1756099920.3081048,1,follower,manual,0.09489861130714417,0.05761617794632912,0.9833418130874634,0,1,1,-0.09489861130714417,0.9423838220536709,0.01665818691253662,0,0,0,0,1.0,0.0,0.0,0.0,0.0,0.0,0.0
1756099920.413071,0,leader,manual,0.0865701287984848,0.05397867411375046,0.09692282229661942,0,1,0,-0.0865701287984848,0.9460213258862495,-0.09692282229661942,0,0,0,0,1.0,0.0,0.0,0.0,0.0,0.0,0.0
1756099920.5141306,1,follower,manual,0.09490169584751129,0.057621415704488754,0.9833327531814575,0,1,1,-0.09490169584751129,0.9423785842955112,0.01666724681854248,0,0,0,0,1.0,0.0,0.0,0.0,0.0,0.0,0.0
1756099920.6286948,0,leader,manual,0.08656580746173859,0.05397598072886467,0.09692417085170746,0,1,0,-0.08656580746173859,0.9460240192711353,-0.09692417085170746,0,0,0,0,1.0,0.0,0.0,0.0,0.0,0.0,0.0
1756099920.7290332,1,follower,manual,0.09490412473678589,0.05761457607150078,0.9833395481109619,0,1,1,-0.09490412473678589,0.9423854239284992,0.016660451889038086,0,0,0,0,1.0,0.0,0.0,0.0,0.0,0.0,0.0
1756099920.8342705,0,leader,manual,0.08656276762485504,0.05396527051925659,0.09693444520235062,0,1,0,-0.08656276762485504,0.9460347294807434,-0.09693444520235062,0,0,0,0,1.0,0.0,0.0,0.0,0.0,0.0,0.0
1756099920.934867,1,follower,manual,0.09490232169628143,0.057624414563179016,0.9833425283432007,0,1,1,-0.09490232169628143,0.942375585436821,0.016657471656799316,0,0,0,0,1.0,0.0,0.0,0.0,0.0,0.0,0.0
1756099921.0392115,0,leader,manual,0.08656331151723862,0.05397354066371918,0.09692875295877457,0,1,0,-0.08656331151723862,0.9460264593362808,-0.09692875295877457,0,0,0,0,1.0,0.0,0.0,0.0,0.0,0.0,0.0
1756099921.139685,1,follower,manual,0.0949007123708725,0.05761369317770004,0.9833382964134216,0,1,1,-0.0949007123708725,0.9423863068223,0.01666170358657837,0,0,0,0,1.0,0.0,0.0,0.0,0.0,0.0,0.0
1756099921.245582,0,leader,manual,0.08655989170074463,0.053964339196681976,0.09692691266536713,0,1,0,-0.08655989170074463,0.946035660803318,-0.09692691266536713,0,0,0,0,1.0,0.0,0.0,0.0,0.0,0.0,0.0
1756099921.346074,1,follower,manual,0.09489533305168152,0.05761174112558365,0.9833363890647888,0,1,1,-0.09489533305168152,0.9423882588744164,0.01666361093521118,0,0,0,0,1.0,0.0,0.0,0.0,0.0,0.0,0.0
1756099921.503126,0,leader,manual,0.08656144142150879,0.05397482216358185,0.09692647308111191,0,1,0,-0.08656144142150879,0.9460251778364182,-0.09692647308111191,0,0,0,0,1.0,0.0,0.0,0.0,0.0,0.0,0.0
1756099921.6035125,1,follower,manual,0.09489152580499649,0.0576019324362278,0.9833393692970276,0,1,1,-0.09489152580499649,0.9423980675637722,0.016660630702972412,0,0,0,0,1.0,0.0,0.0,0.0,0.0,0.0,0.0
1756099921.7899737,0,leader,manual,0.08657418936491013,0.05396943539381027,0.09692768007516861,0,1,0,-0.08657418936491013,0.9460305646061897,-0.09692768007516861,0,0,0,0,1.0,0.0,0.0,0.0,0.0,0.0,0.0
1756099921.8903801,1,follower,manual,0.09490179270505905,0.057628341019153595,0.9833425283432007,0,1,1,-0.09490179270505905,0.9423716589808464,0.016657471656799316,0,0,0,0,1.0,0.0,0.0,0.0,0.0,0.0,0.0
1756099928.205576,0,leader,manual,0.08655086159706116,0.05397539958357811,0.09693410992622375,0,1,0,-0.08655086159706116,0.9460246004164219,-0.09693410992622375,0,0,0,0,1.0,0.0,0.0,0.0,0.0,0.0,0.0
1756099928.306076,1,follower,manual,0.09488239884376526,0.057611528784036636,0.9833412170410156,0,1,1,-0.09488239884376526,0.9423884712159634,0.016658782958984375,0,0,0,0,1.0,0.0,0.0,0.0,0.0,0.0,0.0
1756099928.306563,0,follower,manual,0.08060432970523834,0.8044611811637878,0.08137400448322296,0,1,0,-0.08060432970523834,0.19553881883621216,-0.08137400448322296,0,0,0,0,,,,,,,
1756099928.4068272,1,follower,manual,0.04389907047152519,0.8049309253692627,0.9521461129188538,0,1,1,-0.04389907047152519,0.1950690746307373,0.04785388708114624,0,0,0,0,,,,,,,
1756099928.6413999,0,leader,manual,0.08060432970523834,0.8044611811637878,0.08137400448322296,0,1,0,-0.08060432970523834,0.19553881883621216,-0.08137400448322296,0,0,0,0,1.0,0.0,0.0,0.0,0.0,0.0,0.0
1756099928.741888,1,follower,manual,0.04389907047152519,0.8049309253692627,0.9521461129188538,0,1,1,-0.04389907047152519,0.1950690746307373,0.04785388708114624,0,0,0,0,1.0,0.0,0.0,0.0,0.0,0.0,0.0
1756099928.7540355,0,follower,manual,0.07813796401023865,0.8105594515800476,0.07624601572751999,0,1,0,-0.07813796401023865,0.1894405484199524,-0.07624601572751999,0,0,0,0,,,,,,,
1756099928.8543613,1,follower,manual,0.03474126756191254,0.7641180753707886,0.9551699161529541,0,1,1,-0.03474126756191254,0.23588192462921143,0.0448300838470459,0,0,0,0,,,,,,,
1756099928.995103,0,leader,manual,0.07813796401023865,0.8105594515800476,0.07624601572751999,0,1,0,-0.07813796401023865,0.1894405484199524,-0.07624601572751999,0,0,0,0,1.0,0.0,0.0,0.0,0.0,0.0,0.0
1756099929.0956008,1,follower,manual,0.03474126756191254,0.7641180753707886,0.9551699161529541,0,1,1,-0.03474126756191254,0.23588192462921143,0.0448300838470459,0,0,0,0,1.0,0.0,0.0,0.0,0.0,0.0,0.0
1756099929.096393,0,follower,manual,0.07495073229074478,0.8142217397689819,0.07417266815900803,0,1,0,-0.07495073229074478,0.18577826023101807,-0.07417266815900803,0,0,0,0,,,,,,,
1756099929.1967854,1,follower,manual,0.018475089222192764,0.7461600303649902,0.9622512459754944,0,1,1,-0.018475089222192764,0.25383996963500977,0.037748754024505615,0,0,0,0,,,,,,,
1756099929.3008533,0,leader,manual,0.07495073229074478,0.8142217397689819,0.07417266815900803,0,1,0,-0.07495073229074478,0.18577826023101807,-0.07417266815900803,0,0,0,0,1.0,0.0,0.0,0.0,0.0,0.0,0.0
1756099929.4011676,1,follower,manual,0.018475089222192764,0.7461600303649902,0.9622512459754944,0,1,1,-0.018475089222192764,0.25383996963500977,0.037748754024505615,0,0,0,0,1.0,0.0,0.0,0.0,0.0,0.0,0.0
1756099929.401444,0,follower,manual,0.07364405691623688,0.8155646324157715,0.0720551535487175,0,1,0,-0.07364405691623688,0.18443536758422852,-0.0720551535487175,0,0,0,0,,,,,,,
1756099929.5016685,1,follower,manual,0.006756219547241926,0.7453466653823853,0.9636309742927551,0,1,1,-0.006756219547241926,0.25465333461761475,0.03636902570724487,0,0,0,0,,,,,,,
1756099929.60669,0,leader,manual,0.07364405691623688,0.8155646324157715,0.0720551535487175,0,1,0,-0.07364405691623688,0.18443536758422852,-0.0720551535487175,0,0,0,0,1.0,0.0,0.0,0.0,0.0,0.0,0.0
1756099929.7073827,1,follower,manual,0.006756219547241926,0.7453466653823853,0.9636309742927551,0,1,1,-0.006756219547241926,0.25465333461761475,0.03636902570724487,0,0,0,0,1.0,0.0,0.0,0.0,0.0,0.0,0.0
1756099929.7078505,0,follower,manual,0.07413522154092789,0.8162958025932312,0.06917640566825867,0,1,0,-0.07413522154092789,0.1837041974067688,-0.06917640566825867,0,0,0,0,,,,,,,
1756099929.8081746,1,follower,manual,0.005779009312391281,0.7572594881057739,0.9656588435173035,0,1,1,-0.005779009312391281,0.24274051189422607,0.03434115648269653,0,0,0,0,,,,,,,
1756099929.9125953,0,leader,manual,0.07413522154092789,0.8162958025932312,0.06917640566825867,0,1,0,-0.07413522154092789,0.1837041974067688,-0.06917640566825867,0,0,0,0,1.0,0.0,0.0,0.0,0.0,0.0,0.0
1756099930.012926,1,follower,manual,0.005779009312391281,0.7572594881057739,0.9656588435173035,0,1,1,-0.005779009312391281,0.24274051189422607,0.03434115648269653,0,0,0,0,1.0,0.0,0.0,0.0,0.0,0.0,0.0
1756099930.0134745,0,follower,manual,0.07594624161720276,0.8173077702522278,0.0643828958272934,0,1,0,-0.07594624161720276,0.18269222974777222,-0.0643828958272934,0,0,0,0,,,,,,,
1756099930.1139424,1,follower,manual,0.010067065246403217,0.7594393491744995,0.9591099619865417,0,1,1,-0.010067065246403217,0.2405606508255005,0.04089003801345825,0,0,0,0,,,,,,,
1756099930.21946,0,leader,manual,0.07594624161720276,0.8173077702522278,0.0643828958272934,0,1,0,-0.07594624161720276,0.18269222974777222,-0.0643828958272934,0,0,0,0,1.0,0.0,0.0,0.0,0.0,0.0,0.0
1756099930.3226247,1,follower,manual,0.010067065246403217,0.7594393491744995,0.9591099619865417,0,1,1,-0.010067065246403217,0.2405606508255005,0.04089003801345825,0,0,0,0,1.0,0.0,0.0,0.0,0.0,0.0,0.0
1756099930.325106,0,follower,auto,0.07962844520807266,0.8232117295265198,0.05647604912519455,0,1,0,-0.07962844520807266,0.17678827047348022,-0.05647604912519455,-5.082571697235108,-7.083816641196608,18.07192152440548,0,,,,,,,
1756099930.4281244,1,follower,auto,0.009781244210898876,0.7544019818305969,0.9497439861297607,0.0,1.0,1.0,-0.009781244210898876,0.24559801816940308,0.05025601387023926,5.082571697235108,0.08381664119660855,20,0,,,,,,,
1756099930.6153185,0,leader,auto,0.07962844520807266,0.8232117295265198,0.05647604912519455,0,1,0,-0.07962844520807266,0.17678827047348022,-0.05647604912519455,0,0,0,0,0.9048374180359595,0.07962844520807266,0.8232117295265198,0.05647604912519455,0.07962844520807266,0.8232117295265198,0.05647604912519455
1756099930.7156413,1,follower,auto,0.009781244210898876,0.7544019818305969,0.9497439861297607,0.0,1.0,1.0,-0.009781244210898876,0.24559801816940308,0.05025601387023926,0,0,0,0,0.9048374180359595,0.009781244210898876,0.7544019818305969,0.9497439861297607,0.009781244210898876,0.7544019818305969,0.9497439861297607
1756099930.7160726,0,follower,auto,0.08023674041032791,0.845276415348053,0.049508463591337204,0,1,0,-0.08023674041032791,0.15472358465194702,-0.049508463591337204,-4.2001769065856935,-8.087248089537024,16.100756422430276,0,,,,,,,
1756099930.816364,1,follower,auto,0.009659032337367535,0.7556887269020081,0.9424189329147339,0.0,1.0,1.0,-0.009659032337367535,0.24431127309799194,0.05758106708526611,5.102100896835327,0.08520653955638409,20,0,,,,,,,
1756099930.9209793,0,leader,auto,0.08023674041032791,0.845276415348053,0.049508463591337204,0,1,0,-0.08023674041032791,0.15472358465194702,-0.049508463591337204,0,0,0,0,0.85,-0.011253228151425723,-0.022245446252822876,-0.02842807000577449,0.08023674041032791,0.845276415348053,0.049508463591337204
1756099931.0212805,1,follower,auto,0.009659032337367535,0.7556887269020081,0.9424189329147339,0.0,1.0,1.0,-0.009659032337367535,0.24431127309799194,0.05758106708526611,0,0,0,0,0.85,-0.0006252698849886652,-0.04905994553565973,-0.0843096923828126,0.009659032337367535,0.7556887269020081,0.9424189329147339
1756099931.0218663,0,follower,auto,0.07592032849788666,0.8718417286872864,0.04210776090621948,0,1,0,-0.07592032849788666,0.12815827131271362,-0.04210776090621948,-4.2550226593017575,-7.064542620368302,13.132511735782026,0,,,,,,,
1756099931.1222506,1,follower,auto,0.007666079793125391,0.7754693627357483,0.9526491165161133,0.0,1.0,1.0,-0.007666079793125391,0.2245306372642517,0.04735088348388672,4.030946869850158,0.09042948609218002,20,0,,,,,,,
1756099931.2285254,0,leader,auto,0.07592032849788666,0.8718417286872864,0.04210776090621948,0,1,0,-0.07592032849788666,0.12815827131271362,-0.04210776090621948,0,0,0,0,1.0,-0.023589989666573705,-0.01220991505336766,-0.04325625937911867,0.07592032849788666,0.8718417286872864,0.04210776090621948
1756099931.3289576,1,follower,auto,0.007666079793125391,0.7754693627357483,0.9526491165161133,0.0,1.0,1.0,-0.007666079793125391,0.2245306372642517,0.04735088348388672,0,0,0,0,1.0,-0.0023732878230437633,-0.032724558938026393,-0.08169587402343748,0.007666079793125391,0.7754693627357483,0.9526491165161133
1756099931.330189,0,follower,auto,0.0692807212471962,0.9003802537918091,0.03113272599875927,0,1,0,-0.0692807212471962,0.09961974620819092,-0.03113272599875927,-3.283470158100128,-6.049572341911029,10.171386708788575,0,,,,,,,
1756099931.4308817,1,follower,auto,0.00039119142456911504,0.7988839149475098,0.9589101672172546,0.0,1.0,1.0,-0.00039119142456911504,0.20111608505249023,0.04108983278274536,3.998044496536255,0.1157792832290288,20,0,,,,,,,
1756099931.5359006,0,leader,auto,0.0692807212471962,0.9003802537918091,0.03113272599875927,0,1,0,-0.0692807212471962,0.09961974620819092,-0.03113272599875927,0,0,0,0,1.0,-0.031562328245196794,-0.005249085725574476,-0.057367727774496086,0.0692807212471962,0.9003802537918091,0.03113272599875927
1756099931.6364603,1,follower,auto,0.00039119142456911504,0.7988839149475098,0.9589101672172546,0.0,1.0,1.0,-0.00039119142456911504,0.20111608505249023,0.04108983278274536,0,0,0,0,1.0,-0.0074223968918830895,-0.031158115893573757,-0.1007632544822692,0.00039119142456911504,0.7988839149475098,0.9589101672172546
1756099931.6377168,0,follower,auto,0.06097360700368881,0.9269523620605469,0.018855227157473564,0,1,0,-0.06097360700368881,0.07304763793945312,-0.018855227157473564,-1.2977595485210418,-6.045715038907528,8.192798222667724,0,,,,,,,
1756099931.7384336,1,follower,auto,-0.014470932073891163,0.8122404217720032,0.9553690552711487,0.0,1.0,1.0,0.014470932073891163,0.18775957822799683,0.04463094472885132,4.044431666660309,1.162887919819192,18.08013080418706,0,,,,,,,
1756099931.8421779,0,leader,auto,0.06097360700368881,0.9269523620605469,0.018855227157473564,0,1,0,-0.06097360700368881,0.07304763793945312,-0.018855227157473564,0,0,0,0,1.0,-0.03738566788521293,-0.0036170872597247605,-0.06539951475064038,0.06097360700368881,0.9269523620605469,0.018855227157473564
1756099931.942761,1,follower,auto,-0.014470932073891163,0.8122404217720032,0.9553690552711487,0.0,1.0,1.0,0.014470932073891163,0.18775957822799683,0.04463094472885132,0,0,0,0,1.0,-0.014448508925045078,-0.04334471882376367,-0.12451962186058041,-0.014470932073891163,0.8122404217720032,0.9553690552711487
1756099931.944059,0,follower,auto,0.05160156264901161,0.9480168223381042,0.006195796187967062,0,1,0,-0.05160156264901161,0.05198317766189575,-0.006195796187967062,-0.2744267796564102,-5.049397380890548,6.2103443674010785,0,,,,,,,
1756099932.0447497,1,follower,auto,-0.03356967866420746,0.8330797553062439,0.9532626867294312,0.0,1.0,1.0,0.03356967866420746,0.1669202446937561,0.04673731327056885,4.0224324810886385,3.20412656713302,16.073550698602496,0,,,,,,,
1756099932.2195017,0,leader,auto,0.05160156264901161,0.9480168223381042,0.006195796187967062,0,1,0,-0.05160156264901161,0.05198317766189575,-0.006195796187967062,0,0,0,0,1.0,-0.04225317296217751,-0.007609950466800686,-0.07005027421649049,0.05160156264901161,0.9480168223381042,0.006195796187967062
1756099932.3201566,1,follower,auto,-0.03356967866420746,0.8330797553062439,0.9532626867294312,0.0,1.0,1.0,0.03356967866420746,0.1669202446937561,0.04673731327056885,0,0,0,0,1.0,-0.016655333561579198,-0.03730564065125086,-0.13369383194874418,-0.03356967866420746,0.8330797553062439,0.9532626867294312
1756099932.3212163,0,follower,auto,0.04316911846399307,0.9657045602798462,-0.011671078391373158,0,1,0,-0.04316911846399307,0.03429543972015381,0.011671078391373158,0.7654952783856392,-4.066620042843253,4.24943705586382,0,,,,,,,
1756099932.4216716,1,follower,auto,-0.055063165724277496,0.8663166165351868,0.9485263824462891,0.0,1.0,1.0,0.055063165724277496,0.13368338346481323,0.05147361755371094,4.945023115527153,5.238727709945366,13.07066481515968,0,,,,,,,
1756099932.5276992,0,leader,auto,0.04316911846399307,0.9657045602798462,-0.011671078391373158,0,1,0,-0.04316911846399307,0.03429543972015381,0.011671078391373158,0,0,0,0,1.0,-0.04382777979567873,-0.010255648994951683,-0.07726504574073585,0.04316911846399307,0.9657045602798462,-0.011671078391373158
1756099932.6280699,1,follower,auto,-0.055063165724277496,0.8663166165351868,0.9485263824462891,0.0,1.0,1.0,0.055063165724277496,0.13368338346481323,0.05147361755371094,0,0,0,0,1.0,-0.014846627450505169,-0.02669220699856223,-0.14437568847184656,-0.055063165724277496,0.8663166165351868,0.9485263824462891
1756099932.62918,0,follower,auto,0.037010129541158676,0.9712070226669312,-0.026568878442049026,0,1,0,-0.037010129541158676,0.028792977333068848,0.026568878442049026,1.8471112829289913,-3.0915405459471432,3.259173552432025,0,,,,,,,
1756099932.7298555,1,follower,auto,-0.07364479452371597,0.8918681740760803,0.9463000893592834,0.0,1.0,1.0,0.07364479452371597,0.10813182592391968,0.05369991064071655,4.935617351547337,7.247083440511323,10.048778200053286,0,,,,,,,
1756099932.9105585,0,leader,auto,0.037010129541158676,0.9712070226669312,-0.026568878442049026,0,1,0,-0.037010129541158676,0.028792977333068848,0.026568878442049026,0,0,0,0,1.0,-0.042991277788597126,-0.0225910808882972,-0.07390950552349118,0.037010129541158676,0.9712070226669312,-0.026568878442049033
1756099933.0108342,1,follower,auto,-0.07364479452371597,0.8918681740760803,0.9463000893592834,0.0,1.0,1.0,0.07364479452371597,0.10813182592391968,0.05369991064071655,0,0,0,0,1.0,-0.005805243832897933,-0.037721001382225006,-0.14627380078255903,-0.07364479452371597,0.8918681740760803,0.9463000893592834
1756099933.0111823,0,follower,auto,0.028126653283834457,0.9695025682449341,-0.04138721898198128,0,1,0,-0.028126653283834457,0.030497431755065918,0.04138721898198128,3.923936968500676,-2.099908448227283,4.268697086792697,0,,,,,,,
1756099933.11147,1,follower,auto,-0.0965338945388794,0.9145716428756714,0.9410634636878967,0.0,1.0,1.0,0.0965338945388794,0.08542835712432861,0.05893653631210327,4.922685761456328,9.280016136940985,8.047919297040437,0,,,,,,,
1756099933.2172098,0,leader,auto,0.028126653283834457,0.9695025682449341,-0.04138721898198128,0,1,0,-0.028126653283834457,0.030497431755065918,0.04138721898198128,0,0,0,0,1.0,-0.04622782900171826,-0.030289644127010407,-0.0726546492337701,0.028126653283834457,0.9695025682449341,-0.04138721898198128
1756099933.3177013,1,follower,auto,-0.0965338945388794,0.9145716428756714,0.9410634636878967,0.0,1.0,1.0,0.0965338945388794,0.08542835712432861,0.05893653631210327,0,0,0,0,1.0,-0.0025173169781376736,-0.04324144739214131,-0.15055648352003992,-0.0965338945388794,0.9145716428756714,0.9410634636878967
1756099933.3197331,0,follower,auto,0.023012761026620865,0.9677821397781372,-0.05337939411401749,0,1,0,-0.023012761026620865,0.03221786022186279,0.05337939411401749,4.949906701283235,-2.1276961855495085,4.265295073336812,0,,,,,,,
1756099933.4209223,1,follower,auto,-0.11372040212154388,0.9225527048110962,0.9366214871406555,0.0,1.0,1.0,0.11372040212154388,0.07744729518890381,0.06337851285934448,5.977785457135629,11.275390171491107,7.038713278866092,0,,,,,,,
1756099933.5237455,0,leader,auto,0.023012761026620865,0.9677821397781372,-0.05337939411401749,0,1,0,-0.023012761026620865,0.03221786022186279,0.05337939411401749,0,0,0,0,1.0,-0.04178448370973181,-0.03241217649269035,-0.06973790195864056,0.023012761026620865,0.9677821397781372,-0.05337939411401749
1756099933.624118,1,follower,auto,-0.11372040212154388,0.9225527048110962,0.9366214871406555,0.0,1.0,1.0,0.11372040212154388,0.07744729518890381,0.06337851285934448,0,0,0,0,1.0,0.012616330609990511,-0.06029205317423547,-0.1487763646817324,-0.11372040212154388,0.9225527048110962,0.9366214871406555
1756099933.6246197,0,follower,auto,0.023138614371418953,0.9687061309814453,-0.06783965975046158,0,1,0,-0.023138614371418953,0.03129386901855469,0.06783965975046158,5.942797899972373,-2.1687241435022386,4.284641484602228,0,,,,,,,
1756099933.7251248,1,follower,auto,-0.12612025439739227,0.9232261776924133,0.93276047706604,0.0,1.0,1.0,0.12612025439739227,0.07677382230758667,0.06723952293395996,6.02880039839786,12.26458313479513,7.023510379045093,0,,,,,,,
1756099933.8300803,0,leader,auto,0.023138614371418953,0.9687061309814453,-0.06783965975046158,0,1,0,-0.023138614371418953,0.03129386901855469,0.06783965975046158,0,0,0,0,1.0,-0.03616536527068574,-0.032772932934307164,-0.07228701341886681,0.023138614371418953,0.9687061309814453,-0.06783965975046158
1756099933.9303844,1,follower,auto,-0.12612025439739227,0.9232261776924133,0.93276047706604,0.0,1.0,1.0,0.12612025439739227,0.07677382230758667,0.06723952293395996,0,0,0,0,1.0,0.02792139625169829,-0.06995990449502465,-0.14630752960706883,-0.12612025439739227,0.9232261776924133,0.93276047706604
1756099933.9309726,0,follower,auto,0.027274372056126595,0.9715142846107483,-0.08111396431922913,0,1,0,-0.027274372056126595,0.02848571538925171,0.08111396431922913,7.922474332073621,-2.206008897795416,3.2925008482289124,0,,,,,,,
1756099934.0313063,1,follower,auto,-0.13252118229866028,0.9173946380615234,0.928529679775238,0.0,1.0,1.0,0.13252118229866028,0.08260536193847656,0.07147032022476196,7.081703378644114,13.244280310092837,8.013466138675476,0,,,,,,,
1756099934.1438365,0,leader,auto,0.027274372056126595,0.9715142846107483,-0.08111396431922913,0,1,0,-0.027274372056126595,0.02848571538925171,0.08111396431922913,0,0,0,0,1.0,-0.03215426315803728,-0.03486519243222608,-0.07104847303066049,0.027274372056126595,0.9715142846107483,-0.08111396431922913
1756099934.2444675,1,follower,auto,-0.13252118229866028,0.9173946380615234,0.928529679775238,0.0,1.0,1.0,0.13252118229866028,0.08260536193847656,0.07147032022476196,0,0,0,0,1.0,0.04450961998597189,-0.07829612313592804,-0.14492237542587638,-0.13252118229866028,0.9173946380615234,0.928529679775238
1756099934.2457085,0,follower,auto,0.03405078127980232,0.9723030924797058,-0.0917447954416275,0,1,0,-0.03405078127980232,0.02769690752029419,0.0917447954416275,8.929322281902817,-3.236468330494802,3.2864413024947585,0,,,,,,,
1756099934.3463957,1,follower,auto,-0.13572517037391663,0.9193113446235657,0.9228495955467224,0.0,1.0,1.0,0.13572517037391663,0.08068865537643433,0.07715040445327759,7.060567870702304,13.232945585360667,8.013854638050397,0,,,,,,,
1756099934.5069602,0,leader,auto,0.03405078127980232,0.9723030924797058,-0.0917447954416275,0,1,0,-0.03405078127980232,0.02769690752029419,0.0917447954416275,0,0,0,0,1.0,-0.029790364727382362,-0.04271510097871167,-0.0674345920506806,0.03405078127980232,0.9723030924797058,-0.0917447954416275
1756099934.6074429,1,follower,auto,-0.13572517037391663,0.9193113446235657,0.9228495955467224,0.0,1.0,1.0,0.13572517037391663,0.08068865537643433,0.07715040445327759,0,0,0,0,1.0,0.058280262922918075,-0.07293181293348439,-0.145689785976713,-0.13572517037391663,0.9193113446235657,0.9228495955467224
1756099934.6080782,0,follower,auto,0.04282759130001068,0.968541145324707,-0.1002688780426979,0,1,0,-0.04282759130001068,0.03145885467529297,0.1002688780426979,9.968867626019057,-4.257905036351753,4.280823259114192,0,,,,,,,
1756099934.7085073,1,follower,auto,-0.13319014012813568,0.9312025904655457,0.9200175404548645,0.0,1.0,1.0,0.13319014012813568,0.06879740953445435,0.0799824595451355,6.993956365277159,13.209338483694356,5.996961301359653,0,,,,,,,
1756099934.8206055,0,leader,auto,0.04282759130001068,0.968541145324707,-0.1002688780426979,0,1,0,-0.04282759130001068,0.03145885467529297,0.1002688780426979,0,0,0,0,1.0,-0.029239010377701602,-0.05363227222584799,-0.06456820930880655,0.04282759130001068,0.968541145324707,-0.1002688780426979
1756099934.92131,1,follower,auto,-0.13319014012813568,0.9312025904655457,0.9200175404548645,0.0,1.0,1.0,0.13319014012813568,0.06879740953445435,0.0799824595451355,0,0,0,0,1.0,0.07375541105394096,-0.06564193274823982,-0.14211422431950282,-0.13319014012813568,0.9312025904655457,0.9200175404548645
1756099934.9227602,0,follower,auto,0.04854849725961685,0.9654103517532349,-0.10643050074577332,0,1,0,-0.04854849725961685,0.03458964824676514,0.10643050074577332,9.981150326200645,-4.248079769355557,4.273990487622907,0,,,,,,,
1756099935.024022,1,follower,auto,-0.1264905333518982,0.9353260397911072,0.919542670249939,0.0,1.0,1.0,0.1264905333518982,0.06467396020889282,0.08045732975006104,8.003527717021043,12.181343650067795,5.977218150732851,0,,,,,,,
1756099935.1585448,0,leader,auto,0.04854849725961685,0.9654103517532349,-0.10643050074577332,0,1,0,-0.04854849725961685,0.03458964824676514,0.10643050074577332,0,0,0,0,1.0,-0.03479847885199344,-0.059752049934789664,-0.06261248011139736,0.04854849725961685,0.9654103517532349,-0.10643050074577332
1756099935.2589598,1,follower,auto,-0.1264905333518982,0.9353260397911072,0.919542670249939,0.0,1.0,1.0,0.1264905333518982,0.06467396020889282,0.08045732975006104,0,0,0,0,1.0,0.0867040014048554,-0.07646516966504113,-0.13722714727475993,-0.1264905333518982,0.9353260397911072,0.919542670249939
1756099935.2602012,0,follower,auto,0.05548899620771408,0.9632381796836853,-0.1109219640493393,0,1,0,-0.05548899620771408,0.0367618203163147,0.1109219640493393,10.98924674065957,-5.240750248295814,4.272503326406387,0,,,,,,,
1756099935.360833,1,follower,auto,-0.11133623123168945,0.9423616528511047,0.9230716824531555,0.0,1.0,1.0,0.11133623123168945,0.057638347148895264,0.07692831754684448,6.985730220147055,11.1279312480226,4.946901559721808,0,,,,,,,
1756099935.4663775,0,leader,auto,0.05548899620771408,0.9632381796836853,-0.1109219640493393,0,1,0,-0.05548899620771408,0.0367618203163147,0.1109219640493393,0,0,0,0,1.0,-0.03573905690173834,-0.06518945576298041,-0.06145956239282699,0.05548899620771408,0.9632381796836853,-0.1109219640493393
1756099935.5667884,1,follower,auto,-0.11133623123168945,0.9423616528511047,0.9230716824531555,0.0,1.0,1.0,0.11133623123168945,0.057638347148895264,0.07692831754684448,0,0,0,0,1.0,0.10213780031460312,-0.0769686234677236,-0.13096685418086507,-0.11133623123168945,0.9423616528511047,0.9230716824531555
1756099935.5673497,0,follower,auto,0.06184975430369377,0.9615173935890198,-0.11222585290670395,0,1,0,-0.06184975430369377,0.038482606410980225,0.11222585290670395,11.000771514988093,-6.2286068664678185,4.267071206292601,0,,,,,,,
1756099935.6677423,1,follower,auto,-0.09625332057476044,0.9525629281997681,0.9311754703521729,0.0,1.0,1.0,0.09625332057476044,0.047437071800231934,0.06882452964782715,5.956103518387104,9.104697757623638,3.9101906835709155,0,,,,,,,
1756099935.769856,0,leader,auto,0.06184975430369377,0.9615173935890198,-0.11222585290670395,0,1,0,-0.06184975430369377,0.038482606410980225,0.11222585290670395,0,0,0,0,1.0,-0.0394152045880474,-0.07181594918297707,-0.05885691752946243,0.06184975430369377,0.9615173935890198,-0.11222585290670395
1756099935.8702538,1,follower,auto,-0.09625332057476044,0.9525629281997681,0.9311754703521729,0.0,1.0,1.0,0.09625332057476044,0.047437071800231934,0.06882452964782715,0,0,0,0,1.0,0.10706607208046981,-0.07617057399114158,-0.12348096879393422,-0.09625332057476044,0.9525629281997681,0.9311754703521729
1756099935.8706646,0,follower,auto,0.06536849588155746,0.9597291350364685,-0.10994361340999603,0,1,0,-0.06536849588155746,0.040270864963531494,0.10994361340999603,10.00732731354718,-6.204937006434448,5.255995660698739,0,,,,,,,
1756099935.9709198,1,follower,auto,-0.0833759531378746,0.9566971063613892,0.9409598708152771,0.0,1.0,1.0,0.0833759531378746,0.04330289363861084,0.0590401291847229,4.969882334107287,8.098900615919247,3.8865030184291047,0,,,,,,,
1756099936.0784526,0,leader,auto,0.06536849588155746,0.9597291350364685,-0.10994361340999603,0,1,0,-0.06536849588155746,0.040270864963531494,0.10994361340999603,0,0,0,0,1.0,-0.04612091569734836,-0.07857523620487217,-0.056006445329914716,0.06536849588155746,0.9597291350364685,-0.10994361340999603
1756099936.1789272,1,follower,auto,-0.0833759531378746,0.9566971063613892,0.9409598708152771,0.0,1.0,1.0,0.0833759531378746,0.04330289363861084,0.0590401291847229,0,0,0,0,1.0,0.10754126229322208,-0.08362354025710239,-0.11830168878578218,-0.0833759531378746,0.9566971063613892,0.9409598708152771
1756099936.1909933,0,follower,auto,0.06536431610584259,0.9572523236274719,-0.1055513247847557,0,1,0,-0.06536431610584259,0.042747676372528076,0.1055513247847557,10.005337286986364,-6.181899742007449,5.251759428583481,0,,,,,,,
1756099936.2913902,1,follower,auto,-0.07962251454591751,0.950289785861969,0.9542266726493835,0.0,1.0,1.0,0.07962251454591751,0.049710214138031006,0.045773327350616455,4.025138961325326,7.13434193782467,3.8568219952256158,0,,,,,,,
1756099936.432088,0,leader,auto,0.06536431610584259,0.9572523236274719,-0.1055513247847557,0,1,0,-0.06536431610584259,0.042747676372528076,0.1055513247847557,0,0,0,0,1.0,-0.053081519115520476,-0.08455660220257233,-0.05579200514228616,0.06536431610584259,0.9572523236274719,-0.1055513247847557
1756099936.5327854,1,follower,auto,-0.07962251454591751,0.950289785861969,0.9542266726493835,0.0,1.0,1.0,0.07962251454591751,0.049710214138031006,0.045773327350616455,0,0,0,0,1.0,0.10006375832661926,-0.09411750883682468,-0.11160768910606222,-0.07962251454591751,0.950289785861969,0.9542266726493835
1756099936.535196,0,follower,auto,0.0615604929625988,0.9570398330688477,-0.09849173575639725,0,1,0,-0.0615604929625988,0.042960166931152344,0.09849173575639725,8.99390218049212,-6.155025157696066,5.2364866625675255,0,,,,,,,
1756099936.6359918,1,follower,auto,-0.07896163314580917,0.9477915167808533,0.9616159200668335,0.0,1.0,1.0,0.07896163314580917,0.05220848321914673,0.038384079933166504,3.026625884488296,7.153958171762402,4.875402651502808,0,,,,,,,
1756099936.7969778,0,leader,auto,0.0615604929625988,0.9570398330688477,-0.09849173575639725,0,1,0,-0.0615604929625988,0.042960166931152344,0.09849173575639725,0,0,0,0,1.0,-0.05987817107812561,-0.0872242225070321,-0.05502894385921434,0.0615604929625988,0.9570398330688477,-0.09849173575639725
1756099936.8975682,1,follower,auto,-0.07896163314580917,0.9477915167808533,0.9616159200668335,0.0,1.0,1.0,0.07896163314580917,0.05220848321914673,0.038384079933166504,0,0,0,0,1.0,0.09810171757299802,-0.08858654584963621,-0.11464560417158043,-0.07896163314580917,0.9477915167808533,0.9616159200668335
1756099936.999003,0,follower,auto,0.05729273334145546,0.9551132917404175,-0.0919765904545784,0,1,0,-0.05729273334145546,0.04488670825958252,0.0919765904545784,9.009442962974083,-5.141423904557842,5.226719275158903,0,,,,,,,
1756099937.0998645,1,follower,auto,-0.07889802753925323,0.954989492893219,0.9620031118392944,0.0,1.0,1.0,0.07889802753925323,0.045010507106781006,0.037996888160705566,2.974575430427513,7.158761255639009,3.917857703350222,0,,,,,,,
1756099937.5024712,0,leader,auto,0.05729273334145546,0.9551132917404175,-0.0919765904545784,0,1,0,-0.05729273334145546,0.04488670825958252,0.0919765904545784,0,0,0,0,1.0,-0.0629044424490337,-0.09269872210690822,-0.05750813761676862,0.05729273334145546,0.9551132917404175,-0.0919765904545784
1756099937.7030375,1,follower,auto,-0.07889802753925323,0.954989492893219,0.9620031118392944,0.0,1.0,1.0,0.07889802753925323,0.045010507106781006,0.037996888160705566,0,0,0,0,1.0,0.09877229689682815,-0.07660173378966473,-0.11964432621777754,-0.07889802753925323,0.954989492893219,0.9620031118392944
1756099937.704258,0,follower,auto,0.04347787797451019,0.9407579302787781,-0.08527228236198425,0,1,0,-0.04347787797451019,0.059242069721221924,0.08527228236198425,8.08164596014314,-4.087691647010987,6.201250899148661,0,,,,,,,
1756099937.8049092,1,follower,auto,-0.08345174044370651,0.9561545848846436,0.948749303817749,0.0,1.0,1.0,0.08345174044370651,0.043845415115356445,0.05125069618225098,4.968958689652241,8.170040839075211,4.009630094105671,0,,,,,,,
1756099937.9257615,0,leader,auto,0.04347787797451019,0.9407579302787781,-0.08527228236198425,0,1,0,-0.04347787797451019,0.059242069721221924,0.08527228236198425,0,0,0,0,1.0,-0.07381869555245144,-0.10857506187667698,-0.05909520584414611,0.04347787797451019,0.9407579302787781,-0.08527228236198425
1756099938.0261796,1,follower,auto,-0.08345174044370651,0.9561545848846436,0.948749303817749,0.0,1.0,1.0,0.08345174044370651,0.043845415115356445,0.05125069618225098,0,0,0,0,1.0,0.09538740182764821,-0.08101308931365359,-0.13002452414206744,-0.08345174044370651,0.9561545848846436,0.948749303817749
1756099938.026876,0,follower,auto,0.03767409920692444,0.9343666434288025,-0.08359353989362717,0,1,0,-0.03767409920692444,0.06563335657119751,0.08359353989362717,8.061837368765751,-3.1017541668408946,7.214131027851307,0,,,,,,,
1756099938.1274452,1,follower,auto,-0.08359023928642273,0.9477357864379883,0.9439516663551331,0.0,1.0,1.0,0.08359023928642273,0.05226421356201172,0.05604833364486694,5.015546384418713,8.151416490423431,5.00223262910088,0,,,,,,,
1756099938.2344282,0,leader,auto,0.03767409920692444,0.9343666434288025,-0.08359353989362717,0,1,0,-0.03767409920692444,0.06563335657119751,0.08359353989362717,0,0,0,0,1.0,-0.06546618886695584,-0.10217812951255567,-0.06677631001688307,0.03767409920692444,0.9343666434288025,-0.08359353989362717
1756099938.335117,1,follower,auto,-0.08359023928642273,0.9477357864379883,0.9439516663551331,0.0,1.0,1.0,0.08359023928642273,0.05226421356201172,0.05604833364486694,0,0,0,0,1.0,0.1022494126188016,-0.09070515308256644,-0.11777651222871954,-0.08359023928642273,0.9477357864379883,0.9439516663551331
1756099938.3367631,0,follower,auto,0.03257375583052635,0.9287257790565491,-0.08274020999670029,0,1,0,-0.03257375583052635,0.07127422094345093,0.08274020999670029,8.052672478425288,-3.103977824646051,8.223265902219357,0,,,,,,,
1756099938.4380276,1,follower,auto,-0.08286639302968979,0.9414278864860535,0.9443655014038086,0.0,1.0,1.0,0.08286639302968979,0.05857211351394653,0.055634498596191406,5.020727457691642,8.137257809623405,4.9763211020947695,0,,,,,,,
1756099938.6479528,0,leader,auto,0.03257375583052635,0.9287257790565491,-0.08274020999670029,0,1,0,-0.03257375583052635,0.07127422094345093,0.08274020999670029,0,0,0,0,1.0,-0.06393653631059171,-0.10335885663284605,-0.0708092750151516,0.03257375583052635,0.9287257790565491,-0.08274020999670029
1756099938.7483659,1,follower,auto,-0.08286639302968979,0.9414278864860535,0.9443655014038086,0.0,1.0,1.0,0.08286639302968979,0.05857211351394653,0.055634498596191406,0,0,0,0,1.0,0.1051282094515461,-0.08816749178731076,-0.1105006816128058,-0.08286639302968979,0.9414278864860535,0.9443655014038086
1756099938.7493649,0,follower,auto,0.031066477298736572,0.9234429597854614,-0.08365395665168762,0,1,0,-0.031066477298736572,0.07655704021453857,0.08365395665168762,8.043408519288237,-3.1220675132864164,8.246330811386747,0,,,,,,,
1756099938.849915,1,follower,auto,-0.08456951379776001,0.9317693710327148,0.9540721774101257,0.0,1.0,1.0,0.08456951379776001,0.06823062896728516,0.04592782258987427,4.041365067389433,8.145535185839034,5.916614986631906,0,,,,,,,
1756099938.9860463,0,leader,auto,0.031066477298736572,0.9234429597854614,-0.08365395665168762,0,1,0,-0.031066477298736572,0.07655704021453857,0.08365395665168762,0,0,0,0,1.0,-0.05961125711199396,-0.10485195261213476,-0.07655106096837608,0.031066477298736572,0.9234429597854614,-0.08365395665168762
1756099939.0865545,1,follower,auto,-0.08456951379776001,0.9317693710327148,0.9540721774101257,0.0,1.0,1.0,0.08456951379776001,0.06823062896728516,0.04592782258987427,0,0,0,0,1.0,0.10453080766927358,-0.09124878523916746,-0.09955412086049065,-0.08456951379776001,0.9317693710327148,0.9540721774101257
1756099939.0876753,0,follower,auto,0.03219522908329964,0.9226922988891602,-0.08312305808067322,0,1,0,-0.03219522908329964,0.07730770111083984,0.08312305808067322,8.02297761388431,-3.148477178728385,8.262363480867577,0,,,,,,,
1756099939.1883264,1,follower,auto,-0.09175904095172882,0.9308587908744812,0.9704397916793823,0.0,1.0,1.0,0.09175904095172882,0.0691412091255188,0.029560208320617676,2.0094316745480367,9.180972737045675,5.85554650460888,0,,,,,,,
1756099939.3040876,0,leader,auto,0.03219522908329964,0.9226922988891602,-0.08312305808067322,0,1,0,-0.03219522908329964,0.07730770111083984,0.08312305808067322,0,0,0,0,1.0,-0.0565206188822079,-0.10207208559990844,-0.07875968289565852,0.03219522908329964,0.9226922988891602,-0.08312305808067322
1756099939.4045496,1,follower,auto,-0.09175904095172882,0.9308587908744812,0.9704397916793823,0.0,1.0,1.0,0.09175904095172882,0.0691412091255188,0.029560208320617676,0,0,0,0,1.0,0.1009180880090576,-0.08106728789710194,-0.09283655033255367,-0.09175904095172882,0.9308587908744812,0.9704397916793823
1756099939.4054575,0,follower,auto,0.034067943692207336,0.9216205477714539,-0.08277533948421478,0,1,0,-0.034067943692207336,0.07837945222854614,0.08277533948421478,8.027255341851145,-3.160856522594632,8.28553653041769,0,,,,,,,
1756099939.5060644,1,follower,auto,-0.09349164366722107,0.9372877478599548,0.9902001023292542,0.0,1.0,1.0,0.09349164366722107,0.06271225214004517,0.00979989767074585,-0.04003281996606376,9.170016720137474,5.80538274239066,0,,,,,,,
1756099939.6091785,0,leader,auto,0.034067943692207336,0.9216205477714539,-0.08277533948421478,0,1,0,-0.034067943692207336,0.07837945222854614,0.08277533948421478,0,0,0,0,1.0,-0.055533896103659164,-0.10429182829920336,-0.08247964537734255,0.034067943692207336,0.9216205477714539,-0.08277533948421478
1756099939.7096577,1,follower,auto,-0.09349164366722107,0.9372877478599548,0.9902001023292542,0.0,1.0,1.0,0.09349164366722107,0.06271225214004517,0.00979989767074585,0,0,0,0,1.0,0.10950089990403639,-0.07087314515411647,-0.08972920743659407,-0.09349164366722107,0.9372877478599548,0.9902001023292542
1756099939.7104542,0,follower,auto,0.03709690645337105,0.9172216057777405,-0.08341868966817856,0,1,0,-0.03709690645337105,0.08277839422225952,0.08341868966817856,8.043892854882309,-3.1742854991479934,9.308694399536398,0,,,,,,,
1756099939.8109243,1,follower,auto,-0.09559338539838791,0.9362890124320984,1.005416750907898,0.0,1.0,1.0,0.09559338539838791,0.06371098756790161,-0.005416750907897949,-0.0250558531461912,9.173139230084859,5.797373529048451,0,,,,,,,
1756099939.9162412,0,leader,auto,0.03709690645337105,0.9172216057777405,-0.08341868966817856,0,1,0,-0.03709690645337105,0.08277839422225952,0.08341868966817856,0,0,0,0,1.0,-0.054206470707778245,-0.10938876481910942,-0.0868074719655419,0.03709690645337105,0.9172216057777405,-0.08341868966817856
1756099940.0165205,1,follower,auto,-0.09559338539838791,0.9362890124320984,1.005416750907898,0.0,1.0,1.0,0.09559338539838791,0.06371098756790161,-0.005416750907897949,0,0,0,0,1.0,0.1117317236142571,-0.0740084160382335,-0.09469449980401712,-0.09559338539838791,0.9362890124320984,1.005416750907898
1756099940.016986,0,follower,auto,0.04164876788854599,0.9113209843635559,-0.08627485483884811,0,1,0,-0.04164876788854599,0.08867901563644409,0.08627485483884811,8.05400413824112,-4.186058177021867,9.33243564848326,0,,,,,,,
1756099940.1173267,1,follower,auto,-0.09370391070842743,0.9304192662239075,1.013568639755249,0.0,1.0,1.0,0.09370391070842743,0.06958073377609253,-0.013568639755249023,-0.9989174937063086,9.15866068457736,5.817142690650131,0,,,,,,,
1756099940.2259989,0,leader,auto,0.04164876788854599,0.9113209843635559,-0.08627485483884811,0,1,0,-0.04164876788854599,0.08867901563644409,0.08627485483884811,0,0,0,0,1.0,-0.052605469290448306,-0.11237101120531623,-0.09312053303385157,0.04164876788854599,0.9113209843635559,-0.08627485483884811
1756099940.4269192,1,follower,auto,-0.09370391070842743,0.9304192662239075,1.013568639755249,0.0,1.0,1.0,0.09370391070842743,0.06958073377609253,-0.013568639755249023,0,0,0,0,1.0,0.11819217584861386,-0.07441386600312794,-0.10187496307611732,-0.09370391070842743,0.9304192662239075,1.013568639755249
1756099940.4286566,0,follower,auto,0.04804370179772377,0.9019078612327576,-0.09003124386072159,0,1,0,-0.04804370179772377,0.09809213876724243,0.09003124386072159,9.08636569783983,-4.203100679805197,10.357896735025115,0,,,,,,,
1756099940.6302304,1,follower,auto,-0.0929158553481102,0.9331617951393127,1.0252461433410645,0.0,1.0,1.0,0.0929158553481102,0.06683820486068726,-0.025246143341064453,-2.0418232087747343,9.164712877139966,5.7937080855463465,0,,,,,,,
1756099940.7714806,0,leader,auto,0.04804370179772377,0.9019078612327576,-0.09003124386072159,0,1,0,-0.04804370179772377,0.09809213876724243,0.09003124386072159,0,0,0,0,1.0,-0.051792126836040425,-0.11719525638785222,-0.09776596055150766,0.04804370179772377,0.9019078612327576,-0.09003124386072159
1756099940.871979,1,follower,auto,-0.0929158553481102,0.9331617951393127,1.0252461433410645,0.0,1.0,1.0,0.0929158553481102,0.06683820486068726,-0.025246143341064453,0,0,0,0,1.0,0.11915788665263116,-0.060337841425637695,-0.09805399324373587,-0.0929158553481102,0.9331617951393127,1.0252461433410645
1756099940.8732648,0,follower,auto,0.051442284137010574,0.894432544708252,-0.09526834636926651,0,1,0,-0.051442284137010574,0.10556745529174805,0.09526834636926651,9.091260501759939,-5.195880293843245,11.374750026092729,0,,,,,,,
1756099940.9737988,1,follower,auto,-0.09140895307064056,0.9321041107177734,1.0271358489990234,0.0,1.0,1.0,0.09140895307064056,0.06789588928222656,-0.027135848999023438,-2.042059151067021,9.163760917653299,5.824790486851171,0,,,,,,,
1756099941.0778737,0,leader,auto,0.051442284137010574,0.894432544708252,-0.09526834636926651,0,1,0,-0.051442284137010574,0.10556745529174805,0.09526834636926651,0,0,0,0,1.0,-0.05588405147557418,-0.11731210009612814,-0.10373861314011375,0.051442284137010574,0.894432544708252,-0.09526834636926651
1756099941.1782138,1,follower,auto,-0.09140895307064056,0.9321041107177734,1.0271358489990234,0.0,1.0,1.0,0.09140895307064056,0.06789588928222656,-0.027135848999023438,0,0,0,0,1.0,0.12189197324776563,-0.058475961068269244,-0.10775225966251467,-0.09140895307064056,0.9321041107177734,1.0271358489990234
1756099941.178914,0,follower,auto,0.05269487947225571,0.8941633105278015,-0.09651672840118408,0,1,0,-0.05269487947225571,0.10583668947219849,0.09651672840118408,9.06009203821948,-5.185894601344197,11.360022131808341,0,,,,,,,
1756099941.2794936,1,follower,auto,-0.09171850234270096,0.9317840337753296,1.0254994630813599,0.0,1.0,1.0,0.09171850234270096,0.06821596622467041,-0.025499463081359863,-2.042856526295448,9.172297995021836,5.85195604746307,0,,,,,,,
1756099941.3851812,0,leader,auto,0.05269487947225571,0.8941633105278015,-0.09651672840118408,0,1,0,-0.05269487947225571,0.10583668947219849,0.09651672840118408,0,0,0,0,1.0,-0.05987287568492464,-0.11215855224806526,-0.10490032590117229,0.05269487947225571,0.8941633105278015,-0.09651672840118408
1756099941.485616,1,follower,auto,-0.09171850234270096,0.9317840337753296,1.0254994630813599,0.0,1.0,1.0,0.09171850234270096,0.06821596622467041,-0.025499463081359863,0,0,0,0,1.0,0.12192576422102297,-0.05218773677401067,-0.11063800614523744,-0.09171850234270096,0.9317840337753296,1.0254994630813599
1756099941.486705,0,follower,auto,0.05312811955809593,0.895114004611969,-0.0950130894780159,0,1,0,-0.05312811955809593,0.104885995388031,0.0950130894780159,9.04572787115136,-5.181083290666082,11.339319867851657,0,,,,,,,
1756099941.5873992,1,follower,auto,-0.0931086465716362,0.9328112006187439,1.0229488611221313,0.0,1.0,1.0,0.0931086465716362,0.0671887993812561,-0.022948861122131348,-2.0488642334699945,9.181023306170372,5.86867083068122,0,,,,,,,
1756099941.6903393,0,leader,auto,0.05312811955809593,0.895114004611969,-0.0950130894780159,0,1,0,-0.05312811955809593,0.104885995388031,0.0950130894780159,0,0,0,0,1.0,-0.06228575299457827,-0.11326920288678277,-0.10721430752382453,0.05312811955809593,0.895114004611969,-0.0950130894780159
1756099941.790862,1,follower,auto,-0.0931086465716362,0.9328112006187439,1.0229488611221313,0.0,1.0,1.0,0.0931086465716362,0.0671887993812561,-0.022948861122131348,0,0,0,0,1.0,0.12270192140590858,-0.045666372255416365,-0.11076589786555124,-0.0931086465716362,0.9328112006187439,1.0229488611221313
1756099941.792113,0,follower,auto,0.0529104508459568,0.8977275490760803,-0.09012963622808456,0,1,0,-0.0529104508459568,0.10227245092391968,0.09012963622808456,9.033329944101451,-5.178307989355844,11.3094647902138,0,,,,,,,
1756099941.8928857,1,follower,auto,-0.09504158794879913,0.9345270991325378,1.0187417268753052,0.0,1.0,1.0,0.09504158794879913,0.06547290086746216,-0.018741726875305176,-1.052454513304243,9.187322556382199,5.8900918795330215,0,,,,,,,
1756099941.9974065,0,leader,auto,0.0529104508459568,0.8977275490760803,-0.09012963622808456,0,1,0,-0.0529104508459568,0.10227245092391968,0.09012963622808456,0,0,0,0,1.0,-0.06438059990354901,-0.11385592820478352,-0.10874095461348357,0.0529104508459568,0.8977275490760803,-0.09012963622808456
1756099942.097963,1,follower,auto,-0.09504158794879913,0.9345270991325378,1.0187417268753052,0.0,1.0,1.0,0.09504158794879913,0.06547290086746216,-0.018741726875305176,0,0,0,0,1.0,0.12397803227949675,-0.04018879401624176,-0.1116451471118971,-0.09504158794879913,0.9345270991325378,1.0187417268753052
1756099942.098905,0,follower,auto,0.05198020860552788,0.8993361592292786,-0.08351387083530426,0,1,0,-0.05198020860552788,0.10066384077072144,0.08351387083530426,8.034564212646329,-5.175479710285939,11.28480743699929,0,,,,,,,
1756099942.1992402,1,follower,auto,-0.09731734544038773,0.9364771842956543,1.0156093835830688,0.0,1.0,1.0,0.09731734544038773,0.0635228157043457,-0.015609383583068848,-1.0552481037356882,9.191649279268319,5.9004291911024715,0,,,,,,,
1756099942.303224,0,leader,auto,0.05198020860552788,0.8993361592292786,-0.08351387083530426,0,1,0,-0.05198020860552788,0.10066384077072144,0.08351387083530426,0,0,0,0,1.0,-0.0664086454269817,-0.11706283676751106,-0.11179364998403939,0.05198020860552788,0.8993361592292786,-0.08351387083530426
1756099942.4035559,1,follower,auto,-0.09731734544038773,0.9364771842956543,1.0156093835830688,0.0,1.0,1.0,0.09731734544038773,0.0635228157043457,-0.015609383583068848,0,0,0,0,1.0,0.1253838567846835,-0.036490825212640576,-0.10976173921012644,-0.09731734544038773,0.9364771842956543,1.0156093835830688
1756099942.4039905,0,follower,auto,0.04767952486872673,0.9010812640190125,-0.07598857581615448,0,1,0,-0.04767952486872673,0.09891873598098755,0.07598857581615448,7.037045162822677,-4.157106136883818,10.266623639862718,0,,,,,,,
1756099942.5043437,1,follower,auto,-0.09921398758888245,0.9405613541603088,1.0144047737121582,0.0,1.0,1.0,0.09921398758888245,0.05943864583969116,-0.014404773712158203,-1.0677332836979159,9.187985776296776,4.902400470945206,0,,,,,,,
1756099942.608112,0,leader,auto,0.04767952486872673,0.9010812640190125,-0.07598857581615448,0,1,0,-0.04767952486872673,0.09891873598098755,0.07598857581615448,0,0,0,0,1.0,-0.07097004790802096,-0.11793713613757095,-0.11546130879562684,0.04767952486872673,0.9010812640190125,-0.07598857581615448
1756099942.7083914,1,follower,auto,-0.09921398758888245,0.9405613541603088,1.0144047737121582,0.0,1.0,1.0,0.09921398758888245,0.05943864583969116,-0.014404773712158203,0,0,0,0,1.0,0.12743158999996468,-0.03111204289460834,-0.10714873062729557,-0.09921398758888245,0.9405613541603088,1.0144047737121582
1756099942.709015,0,follower,auto,0.040197912603616714,0.9028732776641846,-0.06626047194004059,0,1,0,-0.040197912603616714,0.09712672233581543,0.06626047194004059,6.03875208196219,-4.1333000761585,10.24216280037194,0,,,,,,,
1756099942.8093698,1,follower,auto,-0.10186264663934708,0.944021463394165,1.0133856534957886,0.0,1.0,1.0,0.10186264663934708,0.05597853660583496,-0.013385653495788574,-1.0700174343166806,10.185111107507801,4.911966701499511,0,,,,,,,
1756099942.9151366,0,leader,auto,0.040197912603616714,0.9028732776641846,-0.06626047194004059,0,1,0,-0.040197912603616714,0.09712672233581543,0.06626047194004059,0,0,0,0,1.0,-0.07404987969873239,-0.11785104427670112,-0.11659744505078784,0.040197912603616714,0.9028732776641846,-0.06626047194004059
1756099943.015384,1,follower,auto,-0.10186264663934708,0.944021463394165,1.0133856534957886,0.0,1.0,1.0,0.10186264663934708,0.05597853660583496,-0.013385653495788574,0,0,0,0,1.0,0.12822166347429367,-0.028801647668032282,-0.10543671760606199,-0.10186264663934708,0.944021463394165,1.0133856534957886
1756099943.0157468,0,follower,auto,0.034162044525146484,0.9047073125839233,-0.058980800211429596,0,1,0,-0.034162044525146484,0.09529268741607666,0.058980800211429596,5.040571123055149,-3.1282584512924125,10.24100410686144,0,,,,,,,
1756099943.1160498,1,follower,auto,-0.10313868522644043,0.9475921392440796,1.0140212774276733,0.0,1.0,1.0,0.10313868522644043,0.05240786075592041,-0.01402127742767334,-1.0726505139940399,10.17451176869257,4.911990501925913,0,,,,,,,
1756099943.2221298,0,leader,auto,0.034162044525146484,0.9047073125839233,-0.058980800211429596,0,1,0,-0.034162044525146484,0.09529268741607666,0.058980800211429596,0,0,0,0,1.0,-0.07229444280632716,-0.11677671242749454,-0.12229219329561541,0.034162044525146484,0.9047073125839233,-0.058980800211429596
1756099943.3227286,1,follower,auto,-0.10313868522644043,0.9475921392440796,1.0140212774276733,0.0,1.0,1.0,0.10313868522644043,0.05240786075592041,-0.01402127742767334,0,0,0,0,1.0,0.13208609523671513,-0.0258929647575753,-0.10236773710294345,-0.10313868522644043,0.9475921392440796,1.0140212774276733
1756099943.3242075,0,follower,auto,0.03008130006492138,0.9093264937400818,-0.05651610344648361,0,1,0,-0.03008130006492138,0.09067350625991821,0.05651610344648361,5.021389989164927,-3.130561760878413,10.263342436689761,0,,,,,,,
1756099943.424973,1,follower,auto,-0.10212837904691696,0.9460412859916687,1.016545295715332,0.0,1.0,1.0,0.10212837904691696,0.0539587140083313,-0.01654529571533203,-1.0439007836423342,10.157333596877407,4.9016033427255055,0,,,,,,,
1756099943.5389369,0,leader,auto,0.03008130006492138,0.9093264937400818,-0.05651610344648361,0,1,0,-0.03008130006492138,0.09067350625991821,0.05651610344648361,0,0,0,0,1.0,-0.06912991107099481,-0.11202553456848041,-0.13001064076840493,0.03008130006492138,0.9093264937400818,-0.05651610344648361
1756099943.6395056,1,follower,auto,-0.10212837904691696,0.9460412859916687,1.016545295715332,0.0,1.0,1.0,0.10212837904691696,0.0539587140083313,-0.01654529571533203,0,0,0,0,1.0,0.13662178605782163,-0.028388265460452144,-0.09924926902291875,-0.10212837904691696,0.9460412859916687,1.016545295715332
1756099943.6411026,0,follower,auto,0.02780206687748432,0.9177073836326599,-0.059199318289756775,0,1,0,-0.02780206687748432,0.08229261636734009,0.059199318289756775,4.986351312430935,-2.1350454321699885,9.295442594450304,0,,,,,,,
1756099943.741847,1,follower,auto,-0.0997355729341507,0.941333532333374,1.017027735710144,0.0,1.0,1.0,0.0997355729341507,0.05866646766662598,-0.017027735710144043,-1.0085317229581483,9.142599976683304,4.903284393737814,0,,,,,,,
1756099943.847859,0,leader,auto,0.02780206687748432,0.9177073836326599,-0.059199318289756775,0,1,0,-0.02780206687748432,0.08229261636734009,0.059199318289756775,0,0,0,0,1.0,-0.0663111668948255,-0.10656368374711689,-0.13762125636720954,0.02780206687748432,0.9177073836326599,-0.059199318289756775
1756099943.9487016,1,follower,auto,-0.0997355729341507,0.941333532333374,1.017027735710144,0.0,1.0,1.0,0.0997355729341507,0.05866646766662598,-0.017027735710144043,0,0,0,0,1.0,0.13996431242447255,-0.028797969155066494,-0.10023749451711583,-0.0997355729341507,0.941333532333374,1.017027735710144
1756099943.949889,0,follower,auto,0.02718718908727169,0.9264756441116333,-0.06316011399030685,0,1,0,-0.02718718908727169,0.0735243558883667,0.06316011399030685,5.967895421156954,-2.1375824325888617,8.309274178255077,0,,,,,,,
1756099944.0506546,1,follower,auto,-0.09411684423685074,0.9409107565879822,1.013046383857727,0.0,1.0,1.0,0.09411684423685074,0.05908924341201782,-0.01304638385772705,-1.0096005801961603,9.11883262213309,4.923700937923819,0,,,,,,,
1756099944.1955583,0,leader,auto,0.02718718908727169,0.9264756441116333,-0.06316011399030685,0,1,0,-0.02718718908727169,0.0735243558883667,0.06316011399030685,0,0,0,0,1.0,-0.06280318691608153,-0.10476884344832538,-0.13993700443690416,0.02718718908727169,0.9264756441116333,-0.06316011399030685
1756099944.2960668,1,follower,auto,-0.09411684423685074,0.9409107565879822,1.013046383857727,0.0,1.0,1.0,0.09411684423685074,0.05908924341201782,-0.01304638385772705,0,0,0,0,1.0,0.1439349762402212,-0.02177658136990146,-0.10359032108705568,-0.09411684423685074,0.9409107565879822,1.013046383857727
1756099944.29653,0,follower,auto,0.027925608679652214,0.9346526265144348,-0.06892132014036179,0,1,0,-0.027925608679652214,0.06534737348556519,0.06892132014036179,5.961248576870463,-2.1354392358991285,7.319977328928851,0,,,,,,,
1756099944.3969817,1,follower,auto,-0.0843515545129776,0.9433358907699585,1.006438970565796,0.0,1.0,1.0,0.0843515545129776,0.056664109230041504,-0.0064389705657958984,-0.01828901423829145,8.085698713634132,4.94186340758116,0,,,,,,,
1756099944.5124817,0,leader,auto,0.027925608679652214,0.9346526265144348,-0.06892132014036179,0,1,0,-0.027925608679652214,0.06534737348556519,0.06892132014036179,0,0,0,0,1.0,-0.05981928075111234,-0.10504188633875478,-0.14165046879844984,0.027925608679652214,0.9346526265144348,-0.06892132014036179
1756099944.6127782,1,follower,auto,-0.0843515545129776,0.9433358907699585,1.006438970565796,0.0,1.0,1.0,0.0843515545129776,0.056664109230041504,-0.0064389705657958984,0,0,0,0,1.0,0.1485642713145142,-0.01661247598014315,-0.10492466419927049,-0.0843515545129776,0.9433358907699585,1.006438970565796
1756099944.613223,0,follower,auto,0.02931034378707409,0.9388116002082825,-0.07612671703100204,0,1,0,-0.02931034378707409,0.06118839979171753,0.07612671703100204,6.97935624963966,-2.1296016900787587,7.333420783505602,0,,,,,,,
1756099944.7135646,1,follower,auto,-0.07366783171892166,0.9484577178955078,1.0024521350860596,0.0,1.0,1.0,0.07366783171892166,0.05154228210449219,-0.0024521350860595703,-0.03544774429147645,7.0639920102130525,4.932138813402983,0,,,,,,,
1756099944.866762,0,leader,auto,0.02931034378707409,0.9388116002082825,-0.07612671703100204,0,1,0,-0.02931034378707409,0.06118839979171753,0.07612671703100204,0,0,0,0,1.0,-0.057719247626903364,-0.10871863044425378,-0.14191560874005701,0.02931034378707409,0.9388116002082825,-0.07612671703100204
1756099944.9672177,1,follower,auto,-0.07366783171892166,0.9484577178955078,1.0024521350860596,0.0,1.0,1.0,0.07366783171892166,0.05154228210449219,-0.0024521350860595703,0,0,0,0,1.0,0.14865454681946028,-0.012900745463523267,-0.1009504699427004,-0.07366783171892166,0.9484577178955078,1.0024521350860596
1756099944.967779,0,follower,auto,0.03155995532870293,0.9424008727073669,-0.08508864045143127,0,1,0,-0.03155995532870293,0.05759912729263306,0.08508864045143127,7.992675304552695,-3.1233979913309167,6.347769972153236,0,,,,,,,
1756099945.0680914,1,follower,auto,-0.0618910938501358,0.9569141864776611,0.996904730796814,0.0,1.0,1.0,0.0618910938501358,0.04308581352233887,0.003095269203186035,-0.06009486548943878,6.0448044198474635,3.9328370832999746,0,,,,,,,
1756099945.1715674,0,leader,auto,0.03155995532870293,0.9424008727073669,-0.08508864045143127,0,1,0,-0.03155995532870293,0.05759912729263306,0.08508864045143127,0,0,0,0,1.0,-0.05552081802516097,-0.10974457006200145,-0.14249061952894818,0.03155995532870293,0.9424008727073669,-0.08508864045143127
1756099945.2719526,1,follower,auto,-0.0618910938501358,0.9569141864776611,0.996904730796814,0.0,1.0,1.0,0.0618910938501358,0.04308581352233887,0.003095269203186035,0,0,0,0,1.0,0.14789228109523564,-0.008756611534816328,-0.10138614936905066,-0.0618910938501358,0.9569141864776611,0.996904730796814
1756099945.272528,0,follower,auto,0.03375514969229698,0.9454777836799622,-0.092072993516922,0,1,0,-0.03375514969229698,0.05452221632003784,0.092072993516922,9.00130105738067,-3.1204593949829027,6.345240869661488,0,,,,,,,
1756099945.3728406,1,follower,auto,-0.056130316108465195,0.963516354560852,0.9921713471412659,0.0,1.0,1.0,0.056130316108465195,0.03648364543914795,0.00782865285873413,-0.06217905769599545,5.063466240695755,2.928155741202837,0,,,,,,,
1756099945.4941578,0,leader,auto,0.03375514969229698,0.9454777836799622,-0.092072993516922,0,1,0,-0.03375514969229698,0.05452221632003784,0.092072993516922,0,0,0,0,1.0,-0.055367384113017004,-0.11166493268932332,-0.13831138197442602,0.03375514969229698,0.9454777836799622,-0.092072993516922
1756099945.5946112,1,follower,auto,-0.056130316108465195,0.963516354560852,0.9921713471412659,0.0,1.0,1.0,0.056130316108465195,0.03648364543914795,0.00782865285873413,0,0,0,0,1.0,0.1390475885222537,-0.010025420476200364,-0.0984217968565102,-0.056130316108465195,0.963516354560852,0.9921713471412659
1756099945.5953546,0,follower,auto,0.03647695481777191,0.9505376815795898,-0.09807725995779037,0,1,0,-0.03647695481777191,0.049462318420410156,0.09807725995779037,8.998274190200041,-3.1223824196551586,5.340498052698469,0,,,,,,,
1756099945.6958451,1,follower,auto,-0.052832867950201035,0.9718954563140869,0.9869526028633118,0.0,1.0,1.0,0.052832867950201035,0.028104543685913086,0.013047397136688232,0.9270186111633388,5.08000360957731,1.9286575755798834,0,,,,,,,
1756099945.8371325,0,leader,auto,0.03647695481777191,0.9505376815795898,-0.09807725995779037,0,1,0,-0.03647695481777191,0.049462318420410156,0.09807725995779037,0,0,0,0,1.0,-0.05463918969933801,-0.11198335085831213,-0.13537785330099958,0.03647695481777191,0.9505376815795898,-0.09807725995779037
1756099945.937543,1,follower,auto,-0.052832867950201035,0.9718954563140869,0.9869526028633118,0.0,1.0,1.0,0.052832867950201035,0.028104543685913086,0.013047397136688232,0,0,0,0,1.0,0.13330486986820778,-0.007584782519888367,-0.09593000540872842,-0.052832867950201035,0.9718954563140869,0.9869526028633118
1756099945.9384701,0,follower,auto,0.038056280463933945,0.9574204087257385,-0.10271696001291275,0,1,0,-0.038056280463933945,0.042579591274261475,0.10271696001291275,9.987811879805527,-3.1191770408598885,5.336622946161656,0,,,,,,,
1756099946.0390944,1,follower,auto,-0.05192762240767479,0.9781919717788696,0.9852809906005859,0.0,1.0,1.0,0.05192762240767479,0.02180802822113037,0.014719009399414062,0.9344231416375759,5.096028198844043,1.9106312540568118,0,,,,,,,
1756099946.1454184,0,leader,auto,0.038056280463933945,0.9574204087257385,-0.10271696001291275,0,1,0,-0.038056280463933945,0.042579591274261475,0.10271696001291275,0,0,0,0,1.0,-0.05562570021634579,-0.11243979475049248,-0.13123111376989208,0.038056280463933945,0.9574204087257385,-0.10271696001291275
1756099946.2458143,1,follower,auto,-0.05192762240767479,0.9781919717788696,0.9852809906005859,0.0,1.0,1.0,0.05192762240767479,0.02180802822113037,0.014719009399414062,0,0,0,0,1.0,0.12799437866995472,-0.010139300468310575,-0.08855573064455635,-0.05192762240767479,0.9781919717788696,0.9852809906005859
1756099946.3466856,0,follower,auto,0.038232654333114624,0.9604484438896179,-0.10327737033367157,0,1,0,-0.038232654333114624,0.03955155611038208,0.10327737033367157,9.99931811943406,-3.1142689943029973,4.318024790495225,0,,,,,,,
1756099946.3477833,1,follower,auto,-0.05357510969042778,0.9797568321228027,0.9853588342666626,0.0,1.0,1.0,0.05357510969042778,0.020243167877197266,0.014641165733337402,0.9580622258660592,5.113503018035248,1.8981782495199802,0,,,,,,,
1756099946.5542626,0,leader,auto,0.038232654333114624,0.9604484438896179,-0.10327737033367157,0,1,0,-0.038232654333114624,0.03955155611038208,0.10327737033367157,0,0,0,0,1.0,-0.05681028702120629,-0.11953591092753779,-0.12461458015549665,0.038232654333114624,0.9604484438896179,-0.10327737033367157
1756099946.5544355,1,follower,auto,-0.05357510969042778,0.9797568321228027,0.9853588342666626,0.0,1.0,1.0,0.05357510969042778,0.020243167877197266,0.014641165733337402,0,0,0,0,1.0,0.12285801132332225,-0.015197020702699127,-0.08340356213113731,-0.05357510969042778,0.9797568321228027,0.9853588342666626
1756099946.6552293,0,follower,auto,0.03790583461523056,0.9621070027351379,-0.10117285698652267,0,1,0,-0.03790583461523056,0.03789299726486206,0.10117285698652267,10.0046474947177,-3.1159071461771277,4.301380815866467,0,,,,,,,
1756099946.6556237,1,follower,auto,-0.05880240350961685,0.9777478575706482,0.9877616167068481,0.0,1.0,1.0,0.05880240350961685,0.022252142429351807,0.012238383293151855,0.9840383548402011,5.13900463015251,1.8845494538312901,0,,,,,,,
1756099946.8761365,0,leader,auto,0.03790583461523056,0.9621070027351379,-0.10117285698652267,0,1,0,-0.03790583461523056,0.03789299726486206,0.10117285698652267,0,0,0,0,1.0,-0.05701913238130164,-0.12373255070967892,-0.11879080646875438,0.03790583461523056,0.9621070027351379,-0.10117285698652267
1756099946.8765025,1,follower,auto,-0.05880240350961685,0.9777478575706482,0.9877616167068481,0.0,1.0,1.0,0.05880240350961685,0.022252142429351807,0.012238383293151855,0,0,0,0,1.0,0.11702022712552207,-0.018817096582490866,-0.07797258787868011,-0.05880240350961685,0.9777478575706482,0.9877616167068481
1756099946.9776583,0,follower,auto,0.0376112163066864,0.9640476703643799,-0.09898293763399124,0,1,0,-0.0376112163066864,0.03595232963562012,0.09898293763399124,8.997815359045346,-3.1236587043528066,4.296675653386973,0,,,,,,,
1756099946.9779606,1,follower,auto,-0.06650455296039581,0.9725498557090759,0.9905799627304077,0.0,1.0,1.0,0.06650455296039581,0.027450144290924072,0.009420037269592285,0.012471199597812264,6.1641743741345785,1.8780687129427716,0,,,,,,,
1756099947.210423,0,leader,auto,0.0376112163066864,0.9640476703643799,-0.09898293763399124,0,1,0,-0.0376112163066864,0.03595232963562012,0.09898293763399124,0,0,0,0,1.0,-0.05668169017526077,-0.12603113637809393,-0.11587933289111303,0.0376112163066864,0.9640476703643799,-0.09898293763399124
1756099947.2106469,1,follower,auto,-0.06650455296039581,0.9725498557090759,0.9905799627304077,0.0,1.0,1.0,0.06650455296039581,0.027450144290924072,0.009420037269592285,0,0,0,0,1.0,0.11266316249655334,-0.021861136451799323,-0.07476321847641665,-0.06650455296039581,0.9725498557090759,0.9905799627304077
1756099947.311473,0,follower,auto,0.03449616581201553,0.9642779231071472,-0.09474717825651169,0,1,0,-0.03449616581201553,0.03572207689285278,0.09474717825651169,8.998024073961162,-3.118875525770316,4.282453983464499,0,,,,,,,
1756099947.3123834,1,follower,auto,-0.07578950375318527,0.9665340185165405,0.991489589214325,0.0,1.0,1.0,0.07578950375318527,0.03346598148345947,0.008510410785675049,0.029361348320810964,7.18311023211218,2.8883587058165587,0,,,,,,,
1756099947.480301,0,leader,auto,0.03449616581201553,0.9642779231071472,-0.09474717825651169,0,1,0,-0.03449616581201553,0.03572207689285278,0.09474717825651169,0,0,0,0,1.0,-0.05922487965522463,-0.12917749844092818,-0.11117740854608511,0.03449616581201553,0.9642779231071472,-0.09474717825651169
1756099947.4803822,1,follower,auto,-0.07578950375318527,0.9665340185165405,0.991489589214325,0.0,1.0,1.0,0.07578950375318527,0.03346598148345947,0.008510410785675049,0,0,0,0,1.0,0.11048474577888423,-0.021379774795252326,-0.0740642136204166,-0.07578950375318527,0.9665340185165405,0.991489589214325
1756099947.580928,0,follower,auto,0.032015081495046616,0.9637254476547241,-0.08848220109939575,0,1,0,-0.032015081495046616,0.03627455234527588,0.08848220109939575,7.9952772783406925,-3.1232287948959256,4.265176116060811,0,,,,,,,
1756099947.582144,1,follower,auto,-0.08272619545459747,0.9590269923210144,0.9930161833763123,0.0,1.0,1.0,0.08272619545459747,0.040973007678985596,0.006983816623687744,0.04678825526528625,8.182053866075686,3.8933430911832727,0,,,,,,,
1756099947.817712,0,leader,auto,0.032015081495046616,0.9637254476547241,-0.08848220109939575,0,1,0,-0.032015081495046616,0.03627455234527588,0.08848220109939575,0,0,0,0,1.0,-0.058156296223979526,-0.13120760080362404,-0.10676000023714811,0.032015081495046616,0.9637254476547241,-0.08848220109939575
1756099947.818123,1,follower,auto,-0.08272619545459747,0.9590269923210144,0.9930161833763123,0.0,1.0,1.0,0.08272619545459747,0.040973007678985596,0.006983816623687744,0,0,0,0,1.0,0.11338703035564063,-0.021617538658848745,-0.0718917518309381,-0.08272619545459747,0.9590269923210144,0.9930161833763123
1756099947.9194446,0,follower,auto,0.027345797047019005,0.961370050907135,-0.08168022334575653,0,1,0,-0.027345797047019005,0.03862994909286499,0.08168022334575653,7.997966318344127,-2.1144727315942404,4.2535466565583935,0,,,,,,,
1756099947.9197543,1,follower,auto,-0.08800582587718964,0.9512025713920593,0.9949043989181519,0.0,1.0,1.0,0.08800582587718964,0.048797428607940674,0.0050956010818481445,0.05740857597915252,8.173905695404772,3.8975102937738204,0,,,,,,,
1756099948.1245537,0,leader,auto,0.027345797047019005,0.961370050907135,-0.08168022334575653,0,1,0,-0.027345797047019005,0.03862994909286499,0.08168022334575653,0,0,0,0,1.0,-0.05997834737649538,-0.13313334332891347,-0.10408257574245675,0.027345797047019005,0.961370050907135,-0.08168022334575653
1756099948.124693,1,follower,auto,-0.08800582587718964,0.9512025713920593,0.9949043989181519,0.0,1.0,1.0,0.08800582587718964,0.048797428607940674,0.0050956010818481445,0,0,0,0,1.0,0.11642292367919793,-0.02068466932801205,-0.0711099684324128,-0.08800582587718964,0.9512025713920593,0.9949043989181519
1756099948.22526,0,follower,auto,0.022922754287719727,0.9582903385162354,-0.07918670773506165,0,1,0,-0.022922754287719727,0.04170966148376465,0.07918670773506165,7.008141271178439,-2.1081050578188885,5.268279782947743,0,,,,,,,
1756099948.2264588,1,follower,auto,-0.0886327475309372,0.9517539143562317,0.9960291385650635,0.0,1.0,1.0,0.0886327475309372,0.04824608564376831,0.0039708614349365234,0.019090348710798982,8.147144797496845,3.901840630069974,0,,,,,,,
1756099948.4326062,0,leader,auto,0.022922754287719727,0.9582903385162354,-0.07918670773506165,0,1,0,-0.022922754287719727,0.04170966148376465,0.07918670773506165,0,0,0,0,1.0,-0.05824787757677155,-0.13386762469083324,-0.10639962999741207,0.022922754287719727,0.9582903385162354,-0.07918670773506165
1756099948.4327378,1,follower,auto,-0.0886327475309372,0.9517539143562317,0.9960291385650635,0.0,1.0,1.0,0.0886327475309372,0.04824608564376831,0.0039708614349365234,0,0,0,0,1.0,0.12226416272269541,-0.011125233851183025,-0.07150435651516984,-0.0886327475309372,0.9517539143562317,0.9960291385650635
1756099948.5335271,0,follower,auto,0.020285790786147118,0.9509584903717041,-0.07927341014146805,0,1,0,-0.020285790786147118,0.0490415096282959,0.07927341014146805,7.041296567888414,-2.109620813010096,5.284570316975368,0,,,,,,,
1756099948.5343406,1,follower,auto,-0.08673464506864548,0.9557145833969116,0.9963932037353516,0.0,1.0,1.0,0.08673464506864548,0.04428541660308838,0.0036067962646484375,-0.018968129685466358,8.124435951278462,3.905300883321644,0,,,,,,,
1756099948.8378694,0,leader,auto,0.020285790786147118,0.9509584903717041,-0.07927341014146805,0,1,0,-0.020285790786147118,0.0490415096282959,0.07927341014146805,0,0,0,0,1.0,-0.05507503072225747,-0.1370958442341932,-0.10786414999761638,0.020285790786147118,0.9509584903717041,-0.07927341014146805
1756099948.838272,1,follower,auto,-0.08673464506864548,0.9557145833969116,0.9963932037353516,0.0,1.0,1.0,0.08673464506864548,0.04428541660308838,0.0036067962646484375,0,0,0,0,1.0,0.12560048187286982,-0.007067484092315279,-0.07187661023095315,-0.08673464506864548,0.9557145833969116,0.9963932037353516
1756099948.9402037,0,follower,auto,0.018420174717903137,0.9429659843444824,-0.08184244483709335,0.05,1.0,0.0,0.031579825282096866,0.05703401565551758,0.08184244483709335,8.062465083113716,2.8930748322671773,6.3015511392072,0,,,,,,,
1756099948.9412997,1,follower,auto,-0.08191471546888351,0.9581491351127625,0.9953492879867554,0.05,1.0,1.0,0.1319147154688835,0.04185086488723755,0.004650712013244629,-0.03242314354507472,13.098961592380958,3.9105846127476336,0,,,,,,,
1756099949.1515408,0,leader,auto,0.018420174717903137,0.9429659843444824,-0.08184244483709335,0.05,1.0,0.0,0.031579825282096866,0.05703401565551758,0.08184244483709335,0,0,0,0,1.0,-0.053108802258603496,-0.13657204803072043,-0.10915920360395366,0.018420174717903137,0.9429659843444824,-0.08184244483709335
1756099949.1519272,1,follower,auto,-0.08191471546888351,0.9581491351127625,0.9953492879867554,0.05,1.0,1.0,0.1319147154688835,0.04185086488723755,0.004650712013244629,0,0,0,0,1.0,0.12911071604924634,-0.008150584241919945,-0.07287729541930199,-0.08191471546888351,0.9581491351127625,0.9953492879867554
1756099949.253386,0,follower,auto,0.01794414035975933,0.9368834495544434,-0.0849144235253334,0.1,1.0,0.0,0.08205585964024067,0.06311655044555664,0.0849144235253334,8.060830873105349,7.891708575086776,7.312884209409808,0,,,,,,,
1756099949.254505,1,follower,auto,-0.07733400911092758,0.9552256464958191,0.9961735606193542,0.1,1.0,1.0,0.1773340091109276,0.04477435350418091,0.003826439380645752,-0.013992992925430376,17.088662729908453,3.900196881610335,0,,,,,,,
1756099949.4635828,0,leader,auto,0.01794414035975933,0.9368834495544434,-0.0849144235253334,0.1,1.0,0.0,0.08205585964024067,0.06311655044555664,0.0849144235253334,0,0,0,0,1.0,-0.04563961758071994,-0.13453021899480833,-0.1094141465195384,0.01794414035975933,0.9368834495544434,-0.0849144235253334
1756099949.4639173,1,follower,auto,-0.07733400911092758,0.9552256464958191,0.9961735606193542,0.1,1.0,1.0,0.1773340091109276,0.04477435350418091,0.003826439380645752,0,0,0,0,1.0,0.13422381143686649,-0.01298716637665387,-0.07054705392569649,-0.07733400911092758,0.9552256464958191,0.9961735606193542
1756099949.5657358,0,follower,auto,0.020690273493528366,0.9318073987960815,-0.08718668669462204,0.15000000000000002,1.0,0.0,0.12930972650647166,0.06819260120391846,0.08718668669462204,8.055413427905268,11.880046070932442,7.317809361474351,0,,,,,,,
1756099949.566376,1,follower,auto,-0.07117045670747757,0.950514018535614,0.999140202999115,0.15000000000000002,1.0,1.0,0.2211704567074776,0.049485981464385986,0.0008597970008850098,-0.000253813233311484,20,3.8831985731477086,0,,,,,,,
1756099949.8080373,0,leader,auto,0.020690273493528366,0.9318073987960815,-0.08718668669462204,0.15000000000000002,1.0,0.0,0.12930972650647166,0.06819260120391846,0.08718668669462204,0,0,0,0,1.0,-0.03178736445887712,-0.13351275269654805,-0.10936246641882451,0.020690273493528366,0.9318073987960815,-0.08718668669462204
1756099949.808208,1,follower,auto,-0.07117045670747757,0.950514018535614,0.999140202999115,0.15000000000000002,1.0,1.0,0.2211704567074776,0.049485981464385986,0.0008597970008850098,0,0,0,0,1.0,0.14484189152605703,-0.013982082744390945,-0.06807205782460302,-0.07117045670747757,0.950514018535614,0.999140202999115
1756099949.9088008,0,follower,auto,0.029120570048689842,0.9281551241874695,-0.08975445479154587,0.2,1.0,0.0,0.17087942995131017,0.07184487581253052,0.08975445479154587,8.048648888753661,16.860247330090132,8.327263642924022,0,,,,,,,
1756099949.9134996,1,follower,auto,-0.0554036870598793,0.9476715326309204,1.003757119178772,0.2,1.0,1.0,0.2554036870598793,0.05232846736907959,-0.0037571191787719727,-0.004823010196189733,20,4.864432315515117,0,,,,,,,
1756099950.0738668,0,leader,auto,0.029120570048689842,0.9281551241874695,-0.08975445479154587,0.2,1.0,0.0,0.17087942995131017,0.07184487581253052,0.08975445479154587,0,0,0,0,1.0,-0.01231591309901961,-0.13213362481291058,-0.11041403272280458,0.029120570048689842,0.9281551241874695,-0.08975445479154587
1756099950.074333,1,follower,auto,-0.0554036870598793,0.9476715326309204,1.003757119178772,0.2,1.0,1.0,0.2554036870598793,0.05232846736907959,-0.0037571191787719727,0,0,0,0,1.0,0.16575459527864186,-0.011273761910982727,-0.06622065912837827,-0.0554036870598793,0.9476715326309204,1.003757119178772
1756099950.1767342,0,follower,auto,0.04069342836737633,0.9252948760986328,-0.09143140912055969,0.25,1.0,0.0,0.20930657163262367,0.07470512390136719,0.09143140912055969,9.050071937706115,19.846698116129854,8.337561769359407,0,,,,,,,
1756099950.1779277,1,follower,auto,-0.03697224706411362,0.9507033228874207,1.0135716199874878,0.25,1.0,1.0,0.2869722470641136,0.049296677112579346,-0.013571619987487793,-1.037644651243061,20,3.825769322957586,0,,,,,,,
1756099950.4213371,0,leader,auto,0.04069342836737633,0.9252948760986328,-0.09143140912055969,0.25,1.0,0.0,0.20930657163262367,0.07470512390136719,0.09143140912055969,0,0,0,0,1.0,0.00842585078053671,-0.13146222969311427,-0.11122564063445031,0.04069342836737633,0.9252948760986328,-0.09143140912055969
1756099950.4215019,1,follower,auto,-0.03697224706411362,0.9507033228874207,1.0135716199874878,0.25,1.0,1.0,0.2869722470641136,0.049296677112579346,-0.013571619987487793,0,0,0,0,1.0,0.17847398991009078,-0.00471823702493368,-0.061914267267132006,-0.03697224706411362,0.9507033228874207,1.0135716199874878
1756099950.52224,0,follower,auto,0.06402029097080231,0.922665536403656,-0.09546704590320587,0.3,1.0,0.0,0.23597970902919768,0.077334463596344,0.09546704590320587,9.054629697461737,20,8.364267292342513,0,,,,,,,
1756099950.5235665,1,follower,auto,-0.0043262033723294735,0.9540921449661255,1.0244081020355225,0.3,1.0,1.0,0.30432620337232946,0.04590785503387451,-0.02440810203552246,-2.0540913375344783,20,3.796168485237953,0,,,,,,,
1756099950.7286768,0,leader,auto,0.06402029097080231,0.922665536403656,-0.09546704590320587,0.3,1.0,0.0,0.23597970902919768,0.077334463596344,0.09546704590320587,0,0,0,0,1.0,0.03952100213457386,-0.13239365945537362,-0.11524834641937505,0.06402029097080231,0.922665536403656,-0.09546704590320587
1756099950.7290995,1,follower,auto,-0.0043262033723294735,0.9540921449661255,1.0244081020355225,0.3,1.0,1.0,0.30432620337232946,0.04590785503387451,-0.02440810203552246,0,0,0,0,1.0,0.20198015421150378,-0.003040466329989999,-0.06100319931474285,-0.0043262033723294735,0.9540921449661255,1.0244081020355225
1756099950.8317075,0,follower,auto,0.09807257354259491,0.921903669834137,-0.10136287659406662,0.35,1.0,0.0,0.25192742645740507,0.07809633016586304,0.10136287659406662,0,0,0,0,,,,,,,
1756099950.8328488,1,follower,auto,0.03801022842526436,0.9483270645141602,1.0297598838806152,0.35,1.0,1.0,0.3119897715747356,0.051672935485839844,-0.029759883880615234,-2.012408557895628,20,4.80218080251032,0,,,,,,,
1756099951.0377347,0,leader,auto,0.09807257354259491,0.921903669834137,-0.10136287659406662,0.35,1.0,0.0,0.25192742645740507,0.07809633016586304,0.10136287659406662,0,0,0,0,1.0,0.06787516197486605,-0.13163719646005534,-0.11855790683476963,0.09807257354259491,0.921903669834137,-0.10136287659406662
1756099951.0381134,1,follower,auto,0.03801022842526436,0.9483270645141602,1.0297598838806152,0.35,1.0,1.0,0.3119897715747356,0.051672935485839844,-0.029759883880615234,0,0,0,0,1.0,0.21955173306462325,-0.009957849543326347,-0.06662387604403808,0.03801022842526436,0.9483270645141602,1.0297598838806152
1756099951.1401436,0,follower,auto,0.14325743913650513,0.9263603091239929,-0.10685454308986664,0.35,1.0,0.0,0.20674256086349485,0.07363969087600708,0.10685454308986664,0,0,0,0,,,,,,,
1756099951.1412296,1,follower,auto,0.09077291935682297,0.9364858865737915,1.0337929725646973,0.35,1.0,1.0,0.259227080643177,0.0635141134262085,-0.033792972564697266,-2.95662789087409,20,5.80214244326536,0,,,,,,,
1756099951.2962196,0,leader,auto,0.14325743913650513,0.9263603091239929,-0.10685454308986664,0.35,1.0,0.0,0.20674256086349485,0.07363969087600708,0.10685454308986664,0,0,0,0,1.0,0.09493523527849171,-0.12856044205644102,-0.11942850316553877,0.14325743913650513,0.9263603091239929,-0.10685454308986664
1756099951.2964807,1,follower,auto,0.09077291935682297,0.9364858865737915,1.0337929725646973,0.35,1.0,1.0,0.259227080643177,0.0635141134262085,-0.033792972564697266,0,0,0,0,1.0,0.23680488821471063,-0.013424067501234482,-0.06874731744491691,0.09077291935682297,0.9364858865737915,1.0337929725646973
1756099951.3977063,0,follower,auto,0.18030904233455658,0.930131733417511,-0.11224973201751709,0.35,1.0,0.0,0.1696909576654434,0.06986826658248901,0.11224973201751709,0,0,0,0,,,,,,,
1756099951.3983154,1,follower,auto,0.1370272934436798,0.9261285066604614,1.0380885601043701,0.35,1.0,1.0,0.21297270655632017,0.07387149333953857,-0.03808856010437012,-2.9350382916358537,20,6.79282842040236,0,,,,,,,
1756099951.6052532,0,leader,auto,0.18030904233455658,0.930131733417511,-0.11224973201751709,0.35,1.0,0.0,0.1696909576654434,0.06986826658248901,0.11224973201751709,0,0,0,0,1.0,0.10079975469360833,-0.13152794588823924,-0.12056742371252865,0.18030904233455658,0.930131733417511,-0.11224973201751709
1756099951.6056406,1,follower,auto,0.1370272934436798,0.9261285066604614,1.0380885601043701,0.35,1.0,1.0,0.21297270655632017,0.07387149333953857,-0.03808856010437012,0,0,0,0,1.0,0.2360882780771262,-0.008178197533247666,-0.07016212198589633,0.1370272934436798,0.9261285066604614,1.0380885601043701
1756099951.7073061,0,follower,auto,0.2122335433959961,0.9338876008987427,-0.12379168719053268,0.35,1.0,0.0,0.13776645660400388,0.06611239910125732,0.12379168719053268,0,0,0,0,,,,,,,
1756099951.708437,1,follower,auto,0.19745966792106628,0.9171275496482849,1.046785831451416,0.35,1.0,1.0,0.1525403320789337,0.08287245035171509,-0.046785831451416016,-3.924036568171603,14.679532567752199,7.7507487492566565,0,,,,,,,
1756099951.9551563,0,leader,auto,0.2122335433959961,0.9338876008987427,-0.12379168719053268,0.35,1.0,0.0,0.13776645660400388,0.06611239910125732,0.12379168719053268,0,0,0,0,1.0,0.10534417564870517,-0.13462631149286208,-0.12689290966507033,0.2122335433959961,0.9338876008987427,-0.12379168719053267
1756099951.955292,1,follower,auto,0.19745966792106628,0.9171275496482849,1.046785831451416,0.35,1.0,1.0,0.1525403320789337,0.08287245035171509,-0.046785831451416016,0,0,0,0,1.0,0.2561009817830283,-0.0033960444884634233,-0.06834353927977199,0.19745966792106628,0.9171275496482849,1.046785831451416
1756099952.0559683,0,follower,auto,0.21913771331310272,0.9374982118606567,-0.13987809419631958,0.39999999999999997,1.0,0.0,0.18086228668689724,0.06250178813934326,0.13987809419631958,0,0,0,0,,,,,,,
1756099952.0574837,1,follower,auto,0.2664186358451843,0.9197525382041931,1.0580823421478271,0.39999999999999997,1.0,1.0,0.13358136415481564,0.08024746179580688,-0.05808234214782715,-4.972974732448704,12.552176402834892,7.7016346629501955,0,,,,,,,
1756099952.2173655,0,leader,auto,0.21913771331310272,0.9374982118606567,-0.13987809419631958,0.39999999999999997,1.0,0.0,0.18086228668689724,0.06250178813934326,0.13987809419631958,0,0,0,0,1.0,0.08678281635202034,-0.138651889443008,-0.13128666390584906,0.21913771331310272,0.9374982118606567,-0.13987809419631958
1756099952.217702,1,follower,auto,0.2664186358451843,0.9197525382041931,1.0580823421478271,0.39999999999999997,1.0,1.0,0.13358136415481564,0.08024746179580688,-0.05808234214782715,0,0,0,0,1.0,0.2639410488905304,0.012357700317100706,-0.0693944363228769,0.2664186358451843,0.9197525382041931,1.0580823421478271
1756099952.3211558,0,follower,auto,0.2174440175294876,0.9392223358154297,-0.14741216599941254,0.44999999999999996,1.0,0.0,0.23255598247051235,0.06077766418457031,0.14741216599941254,0,0,0,0,,,,,,,
1756099952.322313,1,follower,auto,0.3145311772823334,0.9247345328330994,1.065447449684143,0.44999999999999996,1.0,1.0,0.13546882271766658,0.07526546716690063,-0.06544744968414307,-6.001819876113548,12.564096787222576,6.695391165496158,0,,,,,,,
1756099952.5192337,0,leader,auto,0.2174440175294876,0.9392223358154297,-0.14741216599941254,0.44999999999999996,1.0,0.0,0.23255598247051235,0.06077766418457031,0.14741216599941254,0,0,0,0,1.0,0.0909449265747061,-0.14517620736371106,-0.12237969949150383,0.2174440175294876,0.9392223358154297,-0.14741216599941254
1756099952.5197165,1,follower,auto,0.3145311772823334,0.9247345328330994,1.065447449684143,0.44999999999999996,1.0,1.0,0.13546882271766658,0.07526546716690063,-0.06544744968414307,0,0,0,0,1.0,0.2398103358729644,0.018946219103521345,-0.07686380796654979,0.3145311772823334,0.9247345328330994,1.065447449684143
1756099952.6221406,0,follower,auto,0.21657852828502655,0.9379268884658813,-0.15492235124111176,0.49999999999999994,1.0,0.0,0.2834214717149734,0.06207311153411865,0.15492235124111176,0,0,0,0,,,,,,,
1756099952.6233263,1,follower,auto,0.35715246200561523,0.9263027310371399,1.074535608291626,0.49999999999999994,1.0,1.0,0.1428475379943847,0.07369726896286011,-0.07453560829162598,-6.998399015450183,13.556482297375307,6.671726993704214,0,,,,,,,
1756099952.7773678,0,leader,auto,0.21657852828502655,0.9379268884658813,-0.15492235124111176,0.49999999999999994,1.0,0.0,0.2834214717149734,0.06207311153411865,0.15492235124111176,0,0,0,0,1.0,0.10631643751937779,-0.1534540512685798,-0.12252561103073911,0.21657852828502655,0.9379268884658813,-0.15492235124111176
1756099952.7776124,1,follower,auto,0.35715246200561523,0.9263027310371399,1.074535608291626,0.49999999999999994,1.0,1.0,0.1428475379943847,0.07369726896286011,-0.07453560829162598,0,0,0,0,1.0,0.23249455579394193,0.02039746940855791,-0.07722431958288589,0.35715246200561523,0.9263027310371399,1.074535608291626
1756099952.8789346,0,follower,auto,0.2166452556848526,0.9328824281692505,-0.16126233339309692,0.5499999999999999,1.0,0.0,0.33335474431514733,0.06711757183074951,0.16126233339309692,0,0,0,0,,,,,,,
1756099952.8803282,1,follower,auto,0.38777101039886475,0.9269294738769531,1.0805690288543701,0.5499999999999999,1.0,1.0,0.1622289896011352,0.07307052612304688,-0.08056902885437012,-7.999193176085861,15.583602496443541,6.668584962482564,0,,,,,,,
1756099953.0383608,0,leader,auto,0.2166452556848526,0.9328824281692505,-0.16126233339309692,0.5499999999999999,1.0,0.0,0.33335474431514733,0.06711757183074951,0.16126233339309692,0,0,0,0,1.0,0.12086966791250223,-0.16298318215128593,-0.12152790816802483,0.2166452556848526,0.9328824281692505,-0.16126233339309692
1756099953.0386717,1,follower,auto,0.38777101039886475,0.9269294738769531,1.0805690288543701,0.5499999999999999,1.0,1.0,0.1622289896011352,0.07307052612304688,-0.08056902885437012,0,0,0,0,1.0,0.22009862841364836,0.025230564895267316,-0.08231732544635584,0.38777101039886475,0.9269294738769531,1.0805690288543701
1756099953.1401553,0,follower,auto,0.21658404171466827,0.9221511483192444,-0.16588672995567322,0.5499999999999999,1.0,0.0,0.33341595828533166,0.07784885168075562,0.16588672995567322,0,0,0,0,,,,,,,
1756099953.1415637,1,follower,auto,0.41512465476989746,0.9327358603477478,1.0841748714447021,0.5499999999999999,1.0,1.0,0.13487534523010247,0.0672641396522522,-0.08417487144470215,-8.038989493982527,12.583551978605495,5.672416318594013,0,,,,,,,
1756099953.285376,0,leader,auto,0.21658404171466827,0.9221511483192444,-0.16588672995567322,0.5499999999999999,1.0,0.0,0.33341595828533166,0.07784885168075562,0.16588672995567322,0,0,0,0,1.0,0.13348954646774172,-0.1749054469638749,-0.1200520798494912,0.21658404171466827,0.9221511483192444,-0.16588672995567322
1756099953.2856798,1,follower,auto,0.41512465476989746,0.9327358603477478,1.0841748714447021,0.5499999999999999,1.0,1.0,0.13487534523010247,0.0672641396522522,-0.08417487144470215,0,0,0,0,1.0,0.2192114091830562,0.03689556780861858,-0.08647444885446909,0.41512465476989746,0.9327358603477478,1.0841748714447021
1756099953.3875246,0,follower,auto,0.21755436062812805,0.9096376895904541,-0.168801948428154,0.6,1.0,0.0,0.3824456393718719,0.0903623104095459,0.168801948428154,0,0,0,0,,,,,,,
1756099953.3882735,1,follower,auto,0.4380655586719513,0.9416285157203674,1.0865988731384277,0.6,1.0,1.0,0.16193444132804868,0.05837148427963257,-0.08659887313842773,-8.083624495785395,15.585574980240317,4.675085279088793,0,,,,,,,
1756099953.5905023,0,leader,auto,0.21755436062812805,0.9096376895904541,-0.168801948428154,0.6,1.0,0.0,0.3824456393718719,0.0903623104095459,0.168801948428154,0,0,0,0,1.0,0.14651170656332133,-0.18225754597466337,-0.11967164359354741,0.21755436062812805,0.9096376895904541,-0.168801948428154
1756099953.590951,1,follower,auto,0.4380655586719513,0.9416285157203674,1.0865988731384277,0.6,1.0,1.0,0.16193444132804868,0.05837148427963257,-0.08659887313842773,0,0,0,0,1.0,0.21422953614169946,0.045807092135908944,-0.08814023913840141,0.4380655586719513,0.9416285157203674,1.0865988731384277
1756099953.6922789,0,follower,auto,0.22214055061340332,0.8957154750823975,-0.17252346873283386,0.65,1.0,0.0,0.4278594493865967,0.10428452491760254,0.17252346873283386,0,0,0,0,,,,,,,
1756099953.6931846,1,follower,auto,0.46373793482780457,0.9510030746459961,1.0874994993209839,0.65,1.0,1.0,0.18626206517219546,0.048996925354003906,-0.08749949932098389,-8.119288918292808,17.557315684456007,3.67865968785929,0,,,,,,,
1756099953.9457228,0,leader,auto,0.22214055061340332,0.8957154750823975,-0.17252346873283386,0.65,1.0,0.0,0.4278594493865967,0.10428452491760254,0.17252346873283386,0,0,0,0,1.0,0.16133687524133752,-0.18883725810208762,-0.1238259095246302,0.22214055061340332,0.8957154750823975,-0.17252346873283386
1756099953.946037,1,follower,auto,0.46373793482780457,0.9510030746459961,1.0874994993209839,0.65,1.0,1.0,0.18626206517219546,0.048996925354003906,-0.08749949932098389,0,0,0,0,1.0,0.21969281120723724,0.05162419465654888,-0.08905028558035566,0.46373793482780457,0.9510030746459961,1.0874994993209839
1756099954.0473616,0,follower,auto,0.2270311713218689,0.8775303959846497,-0.1787889301776886,0.7000000000000001,1.0,0.0,0.47296882867813117,0.12246960401535034,0.1787889301776886,0,0,0,0,,,,,,,
1756099954.0480502,1,follower,auto,0.49127358198165894,0.950579047203064,1.0872766971588135,0.7000000000000001,1.0,1.0,0.20872641801834113,0.049420952796936035,-0.08727669715881348,-8.10176060584673,19.52142915281605,3.6788631911344747,0,,,,,,,
1756099954.207104,0,leader,auto,0.2270311713218689,0.8775303959846497,-0.1787889301776886,0.7000000000000001,1.0,0.0,0.47296882867813117,0.12246960401535034,0.1787889301776886,0,0,0,0,1.0,0.17196109345004756,-0.19891511166064801,-0.1304744885588565,0.2270311713218689,0.8775303959846497,-0.1787889301776886
1756099954.2073689,1,follower,auto,0.49127358198165894,0.950579047203064,1.0872766971588135,0.7000000000000001,1.0,1.0,0.20872641801834113,0.049420952796936035,-0.08727669715881348,0,0,0,0,1.0,0.22593182921726013,0.04684744552688802,-0.08850935647812008,0.49127358198165894,0.950579047203064,1.0872766971588135
1756099954.3088884,0,follower,auto,0.2302628606557846,0.8674684166908264,-0.1811763495206833,0.7500000000000001,1.0,0.0,0.5197371393442155,0.13253158330917358,0.1811763495206833,0,0,0,0,,,,,,,
1756099954.3100934,1,follower,auto,0.5149755477905273,0.9443966746330261,1.0846320390701294,0.7500000000000001,1.0,1.0,0.23502445220947277,0.05560332536697388,-0.0846320390701294,-8.07057861205187,20,4.6915800808449815,0,,,,,,,
1756099954.5576534,0,leader,auto,0.2302628606557846,0.8674684166908264,-0.1811763495206833,0.7500000000000001,1.0,0.0,0.5197371393442155,0.13253158330917358,0.1811763495206833,0,0,0,0,1.0,0.17998449646849485,-0.19604480467141272,-0.13232022030549664,0.2302628606557846,0.8674684166908264,-0.1811763495206833
1756099954.557798,1,follower,auto,0.5149755477905273,0.9443966746330261,1.0846320390701294,0.7500000000000001,1.0,1.0,0.23502445220947277,0.05560332536697388,-0.0846320390701294,0,0,0,0,1.0,0.22806366727205463,0.046380014274015724,-0.08929951420708093,0.5149755477905273,0.9443966746330261,1.0846320390701294
1756099954.6584172,0,follower,auto,0.23614567518234253,0.8739449381828308,-0.18217530846595764,0.8000000000000002,1.0,0.0,0.5638543248176576,0.1260550618171692,0.18217530846595764,0,0,0,0,,,,,,,
1756099954.6589203,1,follower,auto,0.5539247393608093,0.9355518221855164,1.0800364017486572,0.8000000000000002,1.0,1.0,0.24607526063919083,0.06444817781448364,-0.08003640174865723,-8.030259291280052,20,5.707812668638832,0,,,,,,,
1756099954.8680336,0,leader,auto,0.23614567518234253,0.8739449381828308,-0.18217530846595764,0.8000000000000002,1.0,0.0,0.5638543248176576,0.1260550618171692,0.18217530846595764,0,0,0,0,0.9048374180359595,0.19183655187302737,-0.18590820216772497,-0.1375314332397644,0.23614567518234253,0.8739449381828308,-0.18217530846595764
1756099954.8684206,1,follower,auto,0.5539247393608093,0.9355518221855164,1.0800364017486572,0.8000000000000002,1.0,1.0,0.24607526063919083,0.06444817781448364,-0.08003640174865723,0,0,0,0,1.0,0.24962707299714493,0.049005312152154756,-0.0905841026682892,0.5539247393608093,0.9355518221855164,1.0800364017486572
1756099954.969743,0,follower,auto,0.2394113540649414,0.8989095091819763,-0.1811675727367401,0.8000000000000002,1.0,0.0,0.5605886459350587,0.10109049081802368,0.1811675727367401,0,0,0,0,,,,,,,
1756099954.9702759,1,follower,auto,0.5988279581069946,0.9330026507377625,1.0774580240249634,0.8000000000000002,1.0,1.0,0.20117204189300553,0.06699734926223755,-0.07745802402496338,-7.017104558929425,19.31771127319266,5.707218486594381,0,,,,,,,
1756099955.2378619,0,leader,auto,0.2394113540649414,0.8989095091819763,-0.1811675727367401,0.8000000000000002,1.0,0.0,0.5605886459350587,0.10109049081802368,0.1811675727367401,0,0,0,0,0.85,0.1977092231166867,-0.1743340691969253,-0.14079767719591704,0.2394113540649414,0.8989095091819763,-0.1811675727367401
1756099955.238087,1,follower,auto,0.5988279581069946,0.9330026507377625,1.0774580240249634,0.8000000000000002,1.0,1.0,0.20117204189300553,0.06699734926223755,-0.07745802402496338,0,0,0,0,1.0,0.26060347579321963,0.060390933714061346,-0.08883960957905246,0.5988279581069946,0.9330026507377625,1.0774580240249634
1756099955.3390489,0,follower,auto,0.23334921896457672,0.9422528743743896,-0.1809382289648056,0.8000000000000002,1.0,0.0,0.5666507810354234,0.05774712562561035,0.1809382289648056,0,0,0,0,,,,,,,
1756099955.340725,1,follower,auto,0.664749026298523,0.9398293495178223,1.0731092691421509,0.8000000000000002,1.0,1.0,0.1352509737014772,0.060170650482177734,-0.07310926914215088,-7.018621741767115,12.130155104207784,5.7186785335919925,0,,,,,,,
1756099955.5766568,0,leader,auto,0.23334921896457672,0.9422528743743896,-0.1809382289648056,0.8000000000000002,1.0,0.0,0.5666507810354234,0.05774712562561035,0.1809382289648056,0,0,0,0,1.0,0.19651885574672195,-0.16342963554519296,-0.1446373779193282,0.23334921896457672,0.9422528743743896,-0.1809382289648056
1756099955.577046,1,follower,auto,0.664749026298523,0.9398293495178223,1.0731092691421509,0.8000000000000002,1.0,1.0,0.1352509737014772,0.060170650482177734,-0.07310926914215088,0,0,0,0,0.9048374180359595,0.2853028279641621,0.07316045247796077,-0.09098682865002217,0.664749026298523,0.9398293495178223,1.0731092691421509
1756099955.6784596,0,follower,auto,0.22769524157047272,0.9762569069862366,-0.17634010314941406,0.8000000000000002,1.0,0.0,0.5723047584295274,0.023743093013763428,0.17634010314941406,0,0,0,0,,,,,,,
1756099955.6790743,1,follower,auto,0.729232907295227,0.9542752504348755,1.068623661994934,0.8000000000000002,1.0,1.0,0.0707670927047731,0.04572474956512451,-0.06862366199493408,-6.040753787468489,6.021672962846694,3.7319436912411947,0,,,,,,,
1756099955.8983703,0,leader,auto,0.22769524157047272,0.9762569069862366,-0.17634010314941406,0.8000000000000002,1.0,0.0,0.5723047584295274,0.023743093013763428,0.17634010314941406,0,0,0,0,0.9048374180359595,0.20513588210817935,-0.18074628750645694,-0.13809389255912846,0.22769524157047272,0.9762569069862366,-0.17634010314941406
1756099955.8987863,1,follower,auto,0.729232907295227,0.9542752504348755,1.068623661994934,0.8000000000000002,1.0,1.0,0.0707670927047731,0.04572474956512451,-0.06862366199493408,0,0,0,0,0.7408182206817179,0.2788776261956959,0.0834086492080437,-0.09138314972901718,0.729232907295227,0.9542752504348755,1.068623661994934
1756099956.000362,0,follower,auto,0.2270786613225937,0.9835194945335388,-0.17560720443725586,0.8000000000000002,1.0,-0.05,0.5729213386774065,0.01648050546646118,0.12560720443725587,0,0,0,0,,,,,,,
1756099956.001177,1,follower,auto,0.7859089970588684,0.965025007724762,1.064378261566162,0.8000000000000002,1.0,0.95,0.014091002941131747,0.03497499227523804,-0.11437826156616215,-11.043095129046028,-0.021580531375903877,2.7376181854210646,0,,,,,,,
1756099956.1502502,0,leader,auto,0.2270786613225937,0.9835194945335388,-0.17560720443725586,0.8000000000000002,1.0,-0.05,0.5729213386774065,0.01648050546646118,0.12560720443725587,0,0,0,0,0.7408182206817179,0.21786512632791358,-0.21340956211875395,-0.13714773520676923,0.2270786613225937,0.9835194945335388,-0.17560720443725586
1756099956.150664,1,follower,auto,0.7859089970588684,0.965025007724762,1.064378261566162,0.8000000000000002,1.0,0.95,0.014091002941131747,0.03497499227523804,-0.11437826156616215,0,0,0,0,0.8607079764250578,0.2603588503537382,0.08074874041586277,-0.08939189771807254,0.7859089970588684,0.965025007724762,1.064378261566162
1756099956.252323,0,follower,auto,0.23312243819236755,0.9709064960479736,-0.18038681149482727,0.8000000000000002,1.0,-0.1,0.5668775618076326,0.029093503952026367,0.08038681149482726,0,0,0,0,,,,,,,
1756099956.2527626,1,follower,auto,0.8187592029571533,0.9679579734802246,1.0614769458770752,0.8000000000000002,1.0,0.9,-0.018759202957153165,0.03204202651977539,-0.16147694587707517,-16.02836678305661,-1.9460302210382519,2.729629240435432,0,,,,,,,
1756099956.3980007,0,leader,auto,0.23312243819236755,0.9709064960479736,-0.18038681149482727,0.8000000000000002,1.0,-0.1,0.5668775618076326,0.029093503952026367,0.08038681149482726,0,0,0,0,0.6065306597126334,0.2314535758658917,-0.23236577360842747,-0.1369103690226403,0.23312243819236755,0.9709064960479736,-0.18038681149482727
1756099956.3989344,1,follower,auto,0.8187592029571533,0.9679579734802246,1.0614769458770752,0.8000000000000002,1.0,0.9,-0.018759202957153165,0.03204202651977539,-0.16147694587707517,0,0,0,0,1.0,0.2208898549357815,0.07913011958553318,-0.08542191730072424,0.8187592029571533,0.9679579734802246,1.0614769458770752
1756099956.5006623,0,follower,auto,0.24345356225967407,0.950626790523529,-0.18495717644691467,0.8000000000000002,1.0,-0.15000000000000002,0.5565464377403261,0.04937320947647095,0.03495717644691465,0,0,0,0,,,,,,,
1756099956.5132592,1,follower,auto,0.8372000455856323,0.9709656834602356,1.0565282106399536,0.8000000000000002,1.0,0.85,-0.03720004558563217,0.029034316539764404,-0.20652821063995364,-20,-3.8629271500269144,1.736961948276183,0,,,,,,,
1756099956.6531725,0,follower,auto,0.24345356225967407,0.950626790523529,-0.18495717644691467,0.8000000000000002,1.0,-0.15000000000000002,0.5565464377403261,0.04937320947647095,0.03495717644691465,0,0,0,0,0.4965853037914095,0.24185370851147084,-0.2341121883677899,-0.13199411851408901,0.24345356225967407,0.950626790523529,-0.18495717644691467
1756099956.6534846,1,leader,auto,0.8372000455856323,0.9709656834602356,1.0565282106399536,0.8000000000000002,1.0,-0.15000000000000002,-0.03720004558563217,0.029034316539764404,-1.2065282106399535,0,0,0,0,1.0,0.19128107014879048,0.09048542341800614,-0.08507365105115072,0.8372000455856323,0.9709656834602356,1.0565282106399536
1756099956.7550356,0,follower,auto,0.25210678577423096,0.9313831329345703,-0.18353363871574402,0.8000000000000002,1.0,0.8,0.5478932142257692,0.06861686706542969,0.9835336387157441,0,0,0,0,,,,,,,
1756099956.7557724,1,follower,auto,0.8448737263679504,0.9702857732772827,1.0457652807235718,0.8000000000000002,1.0,-0.2,-0.044873726367950284,0.029714226722717285,-1.2457652807235717,-20,-4.788679199008929,0.5780689261557523,0,,,,,,,
1756099956.9143672,0,follower,auto,0.25210678577423096,0.9313831329345703,-0.18353363871574402,0.8000000000000002,1.0,0.8,0.5478932142257692,0.06861686706542969,0.9835336387157441,0,0,0,0,0.4065696597405991,0.24566458544803296,-0.22214654827418423,-0.12359475988612209,0.25210678577423096,0.9313831329345703,-0.18353363871574402
1756099956.914687,1,leader,auto,0.8448737263679504,0.9702857732772827,1.0457652807235718,0.8000000000000002,1.0,-0.2,-0.044873726367950284,0.029714226722717285,-1.2457652807235717,0,0,0,0,1.0,0.16517411694367523,0.10136867784996195,-0.08752038861561817,0.8448737263679504,0.9702857732772827,1.0457652807235718
1756099957.0163956,0,follower,auto,0.2604236304759979,0.9186906814575195,-0.1766703873872757,0.8000000000000002,1.0,0.75,0.5395763695240022,0.08130931854248047,0.9266703873872757,0,0,0,0,,,,,,,
1756099957.017448,1,follower,auto,0.8433809280395508,0.9665984511375427,1.0266151428222656,0.8000000000000002,1.0,-0.25,-0.043380928039550626,0.033401548862457275,-1.2766151428222656,-20,-4.716486665185925,1.6524562317789158,0,,,,,,,
1756099957.2628582,0,follower,auto,0.2604236304759979,0.9186906814575195,-0.1766703873872757,0.8000000000000002,1.0,0.75,0.5395763695240022,0.08130931854248047,0.9266703873872757,0,0,0,0,0.33287108369807955,0.2505883315083611,-0.22226654926582534,-0.11821586315100305,0.2604236304759979,0.9186906814575195,-0.1766703873872757
1756099957.2630305,1,leader,auto,0.8433809280395508,0.9665984511375427,1.0266151428222656,0.8000000000000002,1.0,-0.25,-0.043380928039550626,0.033401548862457275,-1.2766151428222656,0,0,0,0,1.0,0.14130851161732805,0.11227914522217719,-0.09123444220976129,0.8433809280395508,0.9665984511375427,1.0266151428222656
1756099957.3637595,0,follower,auto,0.2715536057949066,0.9153994917869568,-0.16907484829425812,0.8000000000000002,1.0,0.7,0.5284463942050935,0.08460050821304321,0.8690748482942581,0,0,0,0,,,,,,,
1756099957.3644364,1,follower,auto,0.8319625854492188,0.9637320041656494,0.9832072257995605,0.8000000000000002,1.0,-0.3,-0.031962585449218595,0.036267995834350586,-1.2832072257995606,-20,-3.6296151091386784,1.8284944229918885,0,,,,,,,
1756099957.5775669,0,follower,auto,0.2715536057949066,0.9153994917869568,-0.16907484829425812,0.8000000000000002,1.0,0.7,0.5284463942050935,0.08460050821304321,0.8690748482942581,0,0,0,0,0.2725317930340126,0.25836616223500114,-0.21952929450338776,-0.11980614370367113,0.2715536057949066,0.9153994917869568,-0.16907484829425812
1756099957.5778174,1,leader,auto,0.8319625854492188,0.9637320041656494,0.9832072257995605,0.8000000000000002,1.0,-0.3,-0.031962585449218595,0.036267995834350586,-1.2832072257995606,0,0,0,0,1.0,0.11818796999317005,0.12636327167669315,-0.11167061103035336,0.8319625854492188,0.9637320041656494,0.9832072257995605
1756099957.678771,0,follower,auto,0.28254708647727966,0.9174380302429199,-0.16631343960762024,0.8000000000000002,1.0,0.7,0.5174529135227205,0.08256196975708008,0.8663134396076202,0,0,0,0,,,,,,,
1756099957.67919,1,follower,auto,0.8207364678382874,0.9729653596878052,0.9301788210868835,0.8000000000000002,1.0,-0.3,-0.020736467838287198,0.027034640312194824,-1.2301788210868836,-20,-2.5858148637333485,0.9702984605311802,0,,,,,,,
1756099957.8287983,0,follower,auto,0.28254708647727966,0.9174380302429199,-0.16631343960762024,0.8000000000000002,1.0,0.7,0.5174529135227205,0.08256196975708008,0.8663134396076202,0,0,0,0,0.22313016014842982,0.26272769786436545,-0.2210278087066586,-0.12679421595356027,0.28254708647727966,0.9174380302429199,-0.16631343960762024
1756099957.8291748,1,leader,auto,0.8207364678382874,0.9729653596878052,0.9301788210868835,0.8000000000000002,1.0,-0.3,-0.020736467838287198,0.027034640312194824,-1.2301788210868836,0,0,0,0,1.0,0.10765930166384174,0.15088127787014072,-0.11641935648149593,0.8207364678382874,0.9729653596878052,0.9301788210868835
1756099957.9306245,0,follower,auto,0.29054468870162964,0.9186522364616394,-0.16423217952251434,0.8000000000000002,1.0,0.7,0.5094553112983705,0.0813477635383606,0.8642321795225143,0,0,0,0,,,,,,,
1756099957.932322,1,follower,auto,0.8121638894081116,0.9786461591720581,0.8911961913108826,0.8000000000000002,1.0,-0.3,-0.012163889408111417,0.021353840827941895,-1.1911961913108826,-20,-1.571934493271082,0.9830397520685032,0,,,,,,,
1756099958.0824652,0,follower,auto,0.29054468870162964,0.9186522364616394,-0.16423217952251434,0.8000000000000002,1.0,0.7,0.5094553112983705,0.0813477635383606,0.8642321795225143,0,0,0,0,0.18268352405273466,0.2639681575344805,-0.22859047242150266,-0.1291587759872733,0.29054468870162964,0.9186522364616394,-0.16423217952251434
1756099958.0828168,1,leader,auto,0.8121638894081116,0.9786461591720581,0.8911961913108826,0.8000000000000002,1.0,-0.3,-0.012163889408111417,0.021353840827941895,-1.1911961913108826,0,0,0,0,1.0,0.10126746788103347,0.15827584516002946,-0.09635871861646139,0.8121638894081116,0.9786461591720581,0.8911961913108826
1756099958.184373,0,follower,auto,0.2947871685028076,0.920922040939331,-0.1612166166305542,0.8000000000000002,1.0,0.7,0.5052128314971925,0.07907795906066895,0.8612166166305542,0,0,0,0,,,,,,,
1756099958.1855507,1,follower,auto,0.8047177791595459,0.9806563854217529,0.8486707806587219,0.8000000000000002,1.0,-0.3,-0.004717779159545743,0.01934361457824707,-1.148670780658722,-20,-0.5644405054711011,0.04160798711251734,0,,,,,,,
1756099958.3908608,0,follower,auto,0.2947871685028076,0.920922040939331,-0.1612166166305542,0.8000000000000002,1.0,0.7,0.5052128314971925,0.07907795906066895,0.8612166166305542,0,0,0,0,0.14956861922263506,0.26437494565923964,-0.23381944581724046,-0.12972560147679366,0.2947871685028076,0.920922040939331,-0.1612166166305542
1756099958.4915154,1,leader,auto,0.8047177791595459,0.9806563854217529,0.8486707806587219,0.8000000000000002,1.0,-0.3,-0.004717779159545743,0.01934361457824707,-1.148670780658722,0,0,0,0,1.0,0.0947459534965105,0.1651087212158695,-0.09510301612770189,0.8047177791595459,0.9806563854217529,0.8486707806587219
1756099958.4924595,0,follower,auto,0.2939303517341614,0.9270491003990173,-0.15536527335643768,0.8000000000000002,1.0,0.7,0.5060696482658388,0.07295089960098267,0.8553652733564376,0,0,0,0,,,,,,,
1756099958.5931306,1,follower,auto,0.7950439453125,0.9689638614654541,0.767744779586792,0.8000000000000002,1.0,-0.3,0.004956054687500155,0.0310361385345459,-1.067744779586792,-20,-0.5464633419413181,2.3081990001281247,0,,,,,,,
1756099958.8125067,0,follower,auto,0.2939303517341614,0.9270491003990173,-0.15536527335643768,0.8000000000000002,1.0,0.7,0.5060696482658388,0.07295089960098267,0.8553652733564376,0,0,0,0,0.1224564282529819,0.26341315234986107,-0.23593302408621142,-0.12730072676181386,0.2939303517341614,0.9270491003990173,-0.15536527335643768
1756099958.9130456,1,leader,auto,0.7950439453125,0.9689638614654541,0.767744779586792,0.8000000000000002,1.0,-0.3,0.004956054687500155,0.0310361385345459,-1.067744779586792,0,0,0,0,1.0,0.0862690321827686,0.1614994477369237,-0.1278390335669215,0.7950439453125,0.9689638614654541,0.767744779586792
1756099958.9137278,0,follower,auto,0.2896755039691925,0.9297518730163574,-0.1471884846687317,0.8000000000000002,1.0,0.7,0.5103244960308077,0.07024812698364258,0.8471884846687316,0,0,0,0,,,,,,,
1756099959.0142808,1,follower,auto,0.7833318710327148,0.9529232978820801,0.6870718002319336,0.8000000000000002,1.0,-0.3,0.01666812896728531,0.04707670211791992,-0.9870718002319336,-20,0.4732649626046773,3.4624934905076072,0,,,,,,,
1756099959.1645052,0,follower,auto,0.2896755039691925,0.9297518730163574,-0.1471884846687317,0.8000000000000002,1.0,0.7,0.5103244960308077,0.07024812698364258,0.8471884846687316,0,0,0,0,0.10025884372280375,0.2642103322125468,-0.2452013294833848,-0.12541516722800725,0.2896755039691925,0.9297518730163574,-0.1471884846687317
1756099959.2650883,1,leader,auto,0.7833318710327148,0.9529232978820801,0.6870718002319336,0.8000000000000002,1.0,-0.3,0.01666812896728531,0.04707670211791992,-0.9870718002319336,0,0,0,0,1.0,0.07850818647712188,0.1674614412456331,-0.12222386883596281,0.7833318710327148,0.9529232978820801,0.6870718002319336
1756099959.2671165,0,follower,auto,0.2865735590457916,0.9290418028831482,-0.1424681693315506,0.8000000000000002,1.0,0.7,0.5134264409542085,0.0709581971168518,0.8424681693315506,0,0,0,0,,,,,,,
1756099959.3681643,1,follower,auto,0.7676023840904236,0.9393073320388794,0.6097874045372009,0.8000000000000002,1.0,-0.3,0.03239761590957657,0.060692667961120605,-0.909787404537201,-20,2.5085250360283364,5.560969522991897,0,,,,,,,
1756099959.5598364,0,follower,auto,0.2865735590457916,0.9290418028831482,-0.1424681693315506,0.8000000000000002,1.0,0.7,0.5134264409542085,0.0709581971168518,0.8424681693315506,0,0,0,0,0.1,0.269510615121362,-0.2539020924649311,-0.1293045596008321,0.2865735590457916,0.9290418028831482,-0.1424681693315506
1756099959.6602173,1,leader,auto,0.7676023840904236,0.9393073320388794,0.6097874045372009,0.8000000000000002,1.0,-0.3,0.03239761590957657,0.060692667961120605,-0.909787404537201,0,0,0,0,1.0,0.07025354758859315,0.1798383525110685,-0.11496434653618692,0.7676023840904236,0.9393073320388794,0.6097874045372009
1756099959.6608686,0,follower,auto,0.2863945960998535,0.924480140209198,-0.14320950210094452,0.8000000000000002,1.0,0.7,0.5136054039001466,0.075519859790802,0.8432095021009445,0,0,0,0,,,,,,,
1756099959.7613223,1,follower,auto,0.7489715814590454,0.9335533976554871,0.5217235684394836,0.8000000000000002,1.0,-0.3,0.051028418540954745,0.06644660234451294,-0.8217235684394837,-20,4.548884876445326,5.711051290452218,0,,,,,,,
1756099959.8672962,0,follower,auto,0.2863945960998535,0.924480140209198,-0.14320950210094452,0.8000000000000002,1.0,0.7,0.5136054039001466,0.075519859790802,0.8432095021009445,0,0,0,0,0.1,0.27626296019154306,-0.2625195594577763,-0.1348778305098134,0.2863945960998535,0.924480140209198,-0.14320950210094452
1756099959.9677923,1,leader,auto,0.7489715814590454,0.9335533976554871,0.5217235684394836,0.8000000000000002,1.0,-0.3,0.051028418540954745,0.06644660234451294,-0.8217235684394837,0,0,0,0,1.0,0.06564554408021894,0.19691008282021272,-0.1244068956699923,0.7489715814590454,0.9335533976554871,0.5217235684394836
1756099959.9682136,0,follower,auto,0.28819623589515686,0.9224498867988586,-0.14433862268924713,0.8000000000000002,1.0,0.7,0.5118037641048433,0.07755011320114136,0.8443386226892471,0,0,0,0,,,,,,,
1756099960.068583,1,follower,auto,0.7412508726119995,0.9356977343559265,0.46087944507598877,0.8000000000000002,1.0,-0.3,0.058749127388000644,0.06430226564407349,-0.7608794450759888,-20,4.519954590760289,5.681974929338615,0,,,,,,,
1756099960.1770582,0,follower,auto,0.28819623589515686,0.9224498867988586,-0.14433862268924713,0.8000000000000002,1.0,0.7,0.5118037641048433,0.07755011320114136,0.8443386226892471,0,0,0,0,0.1,0.28166778532129194,-0.26423697662669876,-0.13496413868735735,0.28819623589515686,0.9224498867988586,-0.14433862268924713
1756099960.2774436,1,leader,auto,0.7412508726119995,0.9356977343559265,0.46087944507598877,0.8000000000000002,1.0,-0.3,0.058749127388000644,0.06430226564407349,-0.7608794450759888,0,0,0,0,1.0,0.0771657900961834,0.2129937489348317,-0.09543382048602256,0.7412508726119995,0.9356977343559265,0.46087944507598877
1756099960.278084,0,follower,auto,0.2869418263435364,0.9221311211585999,-0.14284712076187134,0.8000000000000002,1.0,0.7,0.5130581736564638,0.07786887884140015,0.8428471207618713,0,0,0,0,,,,,,,
1756099960.3790321,1,follower,auto,0.7282043695449829,0.926253616809845,0.4067184329032898,0.8000000000000002,1.0,-0.3,0.07179563045501725,0.07374638319015503,-0.7067184329032898,-20,6.544366307485884,6.690468569924212,0,,,,,,,
1756099960.4837441,0,follower,auto,0.2869418263435364,0.9221311211585999,-0.14284712076187134,0.8000000000000002,1.0,0.7,0.5130581736564638,0.07786887884140015,0.8428471207618713,0,0,0,0,0.1,0.28171166885509064,-0.2666712702590164,-0.13197465298959932,0.2869418263435364,0.9221311211585999,-0.14284712076187134
1756099960.5842967,1,leader,auto,0.7282043695449829,0.926253616809845,0.4067184329032898,0.8000000000000002,1.0,-0.3,0.07179563045501725,0.07374638319015503,-0.7067184329032898,0,0,0,0,1.0,0.07173000306120203,0.20862566975222085,-0.08870665499540392,0.7282043695449829,0.926253616809845,0.4067184329032898
1756099960.5864604,0,follower,auto,0.2838068902492523,0.9219498634338379,-0.13983817398548126,0.8000000000000002,1.0,0.7,0.5161931097507478,0.07805013656616211,0.8398381739854812,0,0,0,0,,,,,,,
1756099960.6875968,1,follower,auto,0.7091289758682251,0.9159904718399048,0.35786324739456177,0.8000000000000002,1.0,-0.3,0.09087102413177506,0.08400952816009521,-0.6578632473945618,-20,8.591894558497902,7.712934243777328,0,,,,,,,
1756099960.8392773,0,follower,auto,0.2838068902492523,0.9219498634338379,-0.13983817398548126,0.8000000000000002,1.0,0.7,0.5161931097507478,0.07805013656616211,0.8398381739854812,0,0,0,0,0.1,0.2829284421811216,-0.2705334861279787,-0.13019276035486535,0.2838068902492523,0.9219498634338379,-0.13983817398548126
1756099960.9403434,1,leader,auto,0.7091289758682251,0.9159904718399048,0.35786324739456177,0.8000000000000002,1.0,-0.3,0.09087102413177506,0.08400952816009521,-0.6578632473945618,0,0,0,0,1.0,0.06794167857527456,0.21528910214322894,-0.08476889760163292,0.7091289758682251,0.9159904718399048,0.35786324739456177
1756099960.941681,0,follower,auto,0.2805199921131134,0.9229872822761536,-0.14110474288463593,0.8000000000000002,1.0,0.7,0.5194800078868868,0.07701271772384644,0.8411047428846359,0,0,0,0,,,,,,,
1756099961.042559,1,follower,auto,0.6870532035827637,0.9121705293655396,0.29746365547180176,0.8000000000000002,1.0,-0.3,0.11294679641723648,0.08782947063446045,-0.5974636554718018,-20,10.635562708207559,7.82044899287788,0,,,,,,,
1756099961.1975274,0,follower,auto,0.2805199921131134,0.9229872822761536,-0.14110474288463593,0.8000000000000002,1.0,0.7,0.5194800078868868,0.07701271772384644,0.8411047428846359,0,0,0,0,0.1,0.2858007736083995,-0.2730828003932222,-0.13423968035709083,0.2805199921131134,0.9229872822761536,-0.14110474288463593
1756099961.2981198,1,leader,auto,0.6870532035827637,0.9121705293655396,0.29746365547180176,0.8000000000000002,1.0,-0.3,0.11294679641723648,0.08782947063446045,-0.5974636554718018,0,0,0,0,1.0,0.06945669381055242,0.22881495851021016,-0.09894010440334428,0.6870532035827637,0.9121705293655396,0.29746365547180176
1756099961.2995648,0,follower,auto,0.27896785736083984,0.9252363443374634,-0.14242736995220184,0.8000000000000002,1.0,0.7,0.5210321426391603,0.07476365566253662,0.8424273699522018,0,0,0,0,,,,,,,
1756099961.4003775,1,follower,auto,0.6666356325149536,0.9141290783882141,0.23515604436397552,0.8000000000000002,1.0,-0.3,0.13336436748504654,0.08587092161178589,-0.5351560443639756,-20,12.657573236891206,7.912611190745139,0,,,,,,,
1756099961.5547333,0,follower,auto,0.27896785736083984,0.9252363443374634,-0.14242736995220184,0.8000000000000002,1.0,0.7,0.5210321426391603,0.07476365566253662,0.8424273699522018,0,0,0,0,0.1,0.2903874905757609,-0.27548618915063483,-0.1337686778441758,0.27896785736083984,0.9252363443374634,-0.14242736995220184
1756099961.6553783,1,leader,auto,0.6666356325149536,0.9141290783882141,0.23515604436397552,0.8000000000000002,1.0,-0.3,0.13336436748504654,0.08587092161178589,-0.5351560443639756,0,0,0,0,1.0,0.07758305610777816,0.2408645524966374,-0.1027321663170877,0.6666356325149536,0.9141290783882141,0.23515604436397552
1756099961.6571834,0,follower,auto,0.28031018376350403,0.9276567697525024,-0.1414310336112976,0.8000000000000002,1.0,0.7,0.5196898162364961,0.07234323024749756,0.8414310336112976,0,0,0,0,,,,,,,
1756099961.7579973,1,follower,auto,0.6470109224319458,0.9158710837364197,0.1646457463502884,0.8000000000000002,1.0,-0.3,0.15298907756805435,0.08412891626358032,-0.4646457463502884,-20,14.679215266069345,8.038564502080948,0,,,,,,,
1756099961.9156456,0,follower,auto,0.28031018376350403,0.9276567697525024,-0.1414310336112976,0.8000000000000002,1.0,0.7,0.5196898162364961,0.07234323024749756,0.8414310336112976,0,0,0,0,0.1,0.295858702296153,-0.2787856544478675,-0.1308825603145397,0.28031018376350403,0.9276567697525024,-0.1414310336112976
1756099970.2374182,1,leader,auto,0.6470109224319458,0.9158710837364197,0.1646457463502884,0.8000000000000002,1.0,-0.3,0.15298907756805435,0.08412891626358032,-0.4646457463502884,0,0,0,0,1.0,0.08637850696300498,0.2461961356723702,-0.1126835344346685,0.6470109224319458,0.9158710837364197,0.1646457463502884
1756099970.34109,0,follower,auto,0.25905609130859375,0.9125276803970337,-0.12247679382562637,0.8000000000000002,1.0,0.7,0.5409439086914064,0.08747231960296631,0.8224767938256263,0,0,0,0,,,,,,,
1756099974.7489855,1,follower,auto,1.3149391412734985,0.913771390914917,-1.4317976236343384,0.8000000000000002,1.0,-0.3,-0.5149391412734984,0.08622860908508301,1.1317976236343383,20,-20,16.398004141116342,0,,,,,,,
1756099974.8611872,0,follower,auto,0.25905609130859375,0.9125276803970337,-0.12247679382562637,0.8000000000000002,1.0,0.7,0.5409439086914064,0.08747231960296631,0.8224767938256263,0,0,0,0,0.1,0.27551076130080937,-0.29960802995150315,-0.11243657070991397,0.25905609130859375,0.9125276803970337,-0.12247679382562637
1756099974.961581,1,leader,auto,1.3149391412734985,0.913771390914917,-1.4317976236343384,0.8000000000000002,1.0,-0.3,-0.5149391412734984,0.08622860908508301,1.1317976236343383,0,0,0,0,0.9048374180359595,0.7834279407358545,0.24758266936231976,-1.639894158841609,1.3149391412734985,0.913771390914917,-1.4317976236343384
1756099975.1261303,0,follower,auto,0.29948121309280396,0.05371728166937828,-0.1588953286409378,0.8000000000000002,1.0,0.7,0.5005187869071962,0.9462827183306217,0.8588953286409378,0,0,0,0,0.1,0.34065932986188135,-1.1453128575265996,-0.16741163086234945,0.29948121309280396,0.05371728166937828,-0.1588953286409378
1756099975.2265434,1,leader,auto,1.5713814496994019,0.041651301085948944,-1.3664699792861938,0.8000000000000002,1.0,-0.3,-0.7713814496994017,0.9583486989140511,1.0664699792861938,0,0,0,0,0.7408182206817179,0.3049363538760539,-0.6572926878068848,0.10387250088054256,1.5713814496994019,0.041651301085948944,-1.3664699792861938
1756099975.3724966,0,follower,auto,0.2994903028011322,0.05371609330177307,-0.15891551971435547,0.8000000000000002,1.0,0.7,0.500509697198868,0.9462839066982269,0.8589155197143554,0,0,0,0,0.1,0.2998037379942865,-0.23778487571495355,-0.12731706906276238,0.2994903028011322,0.05371609330177307,-0.15891551971435547
1756099975.4729621,1,leader,auto,1.5715028047561646,0.04157945141196251,-1.3666170835494995,0.8000000000000002,1.0,-0.3,-0.7715028047561644,0.9584205485880375,1.0666170835494995,0,0,0,0,0.8607079764250578,0.010319219274349978,0.2341931136165099,0.01576739807514338,1.5715028047561646,0.04157945141196251,-1.3666170835494995
1756099975.575517,0,follower,auto,0.2994818389415741,0.05372997745871544,-0.1589113175868988,0.8000000000000002,1.0,0.7,0.5005181610584261,0.9462700225412846,0.8589113175868988,0,0,0,0,0.1,0.301797960146743,-0.24350271064750878,-0.12600213151216996,0.2994818389415741,0.05372997745871544,-0.1589113175868988
1756099975.675992,1,leader,auto,1.5713417530059814,0.04170205071568489,-1.3664331436157227,0.8000000000000002,1.0,-0.3,-0.7713417530059813,0.9582979492843151,1.0664331436157226,0,0,0,0,1.0,-0.010582340689056835,0.20033597577722811,-0.0012456057533989373,1.5713417530059814,0.04170205071568489,-1.3664331436157227
1756099975.7783432,0,follower,auto,0.2994747459888458,0.05373287945985794,-0.158887580037117,0.8000000000000002,1.0,0.7,0.5005252540111543,0.9462671205401421,0.858887580037117,0,0,0,0,0.1,0.3036914534447683,-0.2489035301644581,-0.12477094799316227,0.2994747459888458,0.05373287945985794,-0.158887580037117
1756099975.8787582,1,leader,auto,1.5715718269348145,0.041524745523929596,-1.3667281866073608,0.8000000000000002,1.0,-0.3,-0.7715718269348143,0.9584752544760704,1.0667281866073608,0,0,0,0,1.0,-0.02955627456869725,0.16801591273511676,-0.018047856474726398,1.5715718269348145,0.041524745523929596,-1.3667281866073608
1756099975.9834328,0,follower,auto,0.2994738221168518,0.053739313036203384,-0.1588921695947647,0.8000000000000002,1.0,0.7,0.5005261778831483,0.9462606869637966,0.8588921695947647,0,0,0,0,0.1,0.30547613531881646,-0.25396578677938775,-0.12366149801504969,0.2994738221168518,0.053739313036203384,-0.1588921695947647
1756099976.0840824,1,leader,auto,1.5713492631912231,0.04171450436115265,-1.366409420967102,0.8000000000000002,1.0,-0.3,-0.771349263191223,0.9582854956388474,1.066409420967102,0,0,0,0,1.0,-0.04823553576699968,0.13830202199998812,-0.03274918059546228,1.5713492631912231,0.04171450436115265,-1.366409420967102
1756099976.2530239,0,follower,auto,0.2994716763496399,0.05373458191752434,-0.1588888168334961,0.8000000000000002,1.0,0.7,0.5005283236503603,0.9462654180824757,0.858888816833496,0,0,0,0,0.1,0.3071463453044696,-0.25873900426764895,-0.12258234560927804,0.2994716763496399,0.05373458191752434,-0.1588888168334961
1756099976.3534832,1,leader,auto,1.5713675022125244,0.04169478267431259,-1.366468906402588,0.8000000000000002,1.0,-0.3,-0.7713675022125243,0.9583052173256874,1.0664689064025878,0,0,0,0,1.0,-0.06510060085608727,0.10979442015592572,-0.047560484976595374,1.5713675022125244,0.04169478267431259,-1.366468906402588
1756099976.506517,0,follower,auto,0.29947876930236816,0.053711626678705215,-0.15887749195098877,0.8000000000000002,1.0,0.7,0.500521230697632,0.9462883733212948,0.8588774919509887,0,0,0,0,0.1,0.3087268033061416,-0.2632328881317301,-0.12156791254553029,0.29947876930236816,0.053711626678705215,-0.15887749195098877
1756099976.6070743,1,leader,auto,1.5714582204818726,0.04159590229392052,-1.3665657043457031,0.8000000000000002,1.0,-0.3,-0.7714582204818724,0.9584040977060795,1.066565704345703,0,0,0,0,1.0,-0.08112208555667522,0.08312759625301816,-0.061142172526745586,1.5714582204818726,0.04159590229392052,-1.3665657043457031
1756099976.7597313,0,follower,auto,0.29947763681411743,0.0537109375,-0.15888270735740662,0.8000000000000002,1.0,0.7,0.5005223631858827,0.9462890625,0.8588827073574066,0,0,0,0,0.1,0.3101949696667941,-0.2674166487837124,-0.12063885787577128,0.29947763681411743,0.0537109375,-0.15888270735740662
1756099976.8603277,1,leader,auto,1.571391224861145,0.04164283722639084,-1.3665103912353516,0.8000000000000002,1.0,-0.3,-0.7713912248611449,0.9583571627736092,1.0665103912353515,0,0,0,0,1.0,-0.09641247431335032,0.05828575579069947,-0.07371953526279018,1.571391224861145,0.04164283722639084,-1.3665103912353516
