timestamp,drone_id,role,mode,x,y,z,target_x,target_y,target_z,error_x,error_y,error_z,rc_lr,rc_fb,rc_ud,rc_yaw,trust,obs_error_x,obs_error_y,obs_error_z,obs_state_x,obs_state_y,obs_state_z
1755672590.748728,0,leader,manual,0.21853037178516388,0.05380444973707199,0.00260724825784564,0,1,0,-0.21853037178516388,0.946195550262928,-0.00260724825784564,0,0,0,0,1.0,0.0,0.0,0.0,0.0,0.0,0.0
1755672590.8489833,1,follower,manual,0.15916644036769867,0.05327669903635979,0.5874382853507996,0,1,1,-0.15916644036769867,0.9467233009636402,0.41256171464920044,0,0,0,0,1.0,0.0,0.0,0.0,0.0,0.0,0.0
1755672591.017687,0,leader,manual,0.21853022277355194,0.05380456522107124,0.0026074342895299196,0,1,0,-0.21853022277355194,0.9461954347789288,-0.0026074342895299196,0,0,0,0,1.0,0.0,0.0,0.0,0.0,0.0,0.0
1755672591.1179712,1,follower,manual,0.15916065871715546,0.05327465385198593,0.5874403715133667,0,1,1,-0.15916065871715546,0.9467253461480141,0.4125596284866333,0,0,0,0,1.0,0.0,0.0,0.0,0.0,0.0,0.0
1755672591.2500439,0,leader,manual,0.2185475379228592,0.053789135068655014,0.002592551289126277,0,1,0,-0.2185475379228592,0.946210864931345,-0.002592551289126277,0,0,0,0,1.0,0.0,0.0,0.0,0.0,0.0,0.0
1755672591.3505278,1,follower,manual,0.1591651737689972,0.05326659604907036,0.5874180793762207,0,1,1,-0.1591651737689972,0.9467334039509296,0.4125819206237793,0,0,0,0,1.0,0.0,0.0,0.0,0.0,0.0,0.0
1755672591.4533043,0,leader,manual,0.2185269445180893,0.05380525067448616,0.00260440562851727,0,1,0,-0.2185269445180893,0.9461947493255138,-0.00260440562851727,0,0,0,0,1.0,0.0,0.0,0.0,0.0,0.0,0.0
1755672591.5537517,1,follower,manual,0.1591619998216629,0.0532856248319149,0.5874385833740234,0,1,1,-0.1591619998216629,0.9467143751680851,0.41256141662597656,0,0,0,0,1.0,0.0,0.0,0.0,0.0,0.0,0.0
1755672591.6573098,0,leader,manual,0.21853208541870117,0.053805310279130936,0.002606128342449665,0,1,0,-0.21853208541870117,0.9461946897208691,-0.002606128342449665,0,0,0,0,1.0,0.0,0.0,0.0,0.0,0.0,0.0
1755672591.757647,1,follower,manual,0.15919089317321777,0.05328713357448578,0.5874483585357666,0,1,1,-0.15919089317321777,0.9467128664255142,0.4125516414642334,0,0,0,0,1.0,0.0,0.0,0.0,0.0,0.0,0.0
1755672591.9141161,0,leader,manual,0.21854577958583832,0.05378781259059906,0.0025879270397126675,0,1,0,-0.21854577958583832,0.9462121874094009,-0.0025879270397126675,0,0,0,0,1.0,0.0,0.0,0.0,0.0,0.0,0.0
1755672592.0143294,1,follower,manual,0.15916015207767487,0.05327632278203964,0.5874385833740234,0,1,1,-0.15916015207767487,0.9467236772179604,0.41256141662597656,0,0,0,0,1.0,0.0,0.0,0.0,0.0,0.0,0.0
1755672592.1161647,0,leader,manual,0.21852518618106842,0.05380397289991379,0.002608257345855236,0,1,0,-0.21852518618106842,0.9461960271000862,-0.002608257345855236,0,0,0,0,1.0,0.0,0.0,0.0,0.0,0.0,0.0
1755672592.2164154,1,follower,manual,0.1591615080833435,0.05327402800321579,0.5874367356300354,0,1,1,-0.1591615080833435,0.9467259719967842,0.4125632643699646,0,0,0,0,1.0,0.0,0.0,0.0,0.0,0.0,0.0
1755672592.320492,0,leader,manual,0.2185290902853012,0.05380489304661751,0.0026053637266159058,0,1,0,-0.2185290902853012,0.9461951069533825,-0.0026053637266159058,0,0,0,0,1.0,0.0,0.0,0.0,0.0,0.0,0.0
1755672592.4207382,1,follower,manual,0.1591605246067047,0.05328016355633736,0.5874341130256653,0,1,1,-0.1591605246067047,0.9467198364436626,0.4125658869743347,0,0,0,0,1.0,0.0,0.0,0.0,0.0,0.0,0.0
1755672592.5241163,0,leader,manual,0.2185288369655609,0.05380154773592949,0.0026075325440615416,0,1,0,-0.2185288369655609,0.9461984522640705,-0.0026075325440615416,0,0,0,0,1.0,0.0,0.0,0.0,0.0,0.0,0.0
1755672592.6243167,1,follower,manual,0.15915963053703308,0.05327718332409859,0.5874385833740234,0,1,1,-0.15915963053703308,0.9467228166759014,0.41256141662597656,0,0,0,0,1.0,0.0,0.0,0.0,0.0,0.0,0.0
1755672592.7294576,0,leader,manual,0.2185298204421997,0.053805720061063766,0.0026085549034178257,0,1,0,-0.2185298204421997,0.9461942799389362,-0.0026085549034178257,0,0,0,0,1.0,0.0,0.0,0.0,0.0,0.0,0.0
1755672592.829806,1,follower,manual,0.15916362404823303,0.05327702686190605,0.5874374508857727,0,1,1,-0.15916362404823303,0.946722973138094,0.4125625491142273,0,0,0,0,1.0,0.0,0.0,0.0,0.0,0.0,0.0
1755672592.932443,0,leader,manual,0.21853943169116974,0.05383841320872307,0.002636402379721403,0,1,0,-0.21853943169116974,0.9461615867912769,-0.002636402379721403,0,0,0,0,1.0,0.0,0.0,0.0,0.0,0.0,0.0
1755672593.033539,1,follower,manual,0.15916500985622406,0.05326853692531586,0.5874269604682922,0,1,1,-0.15916500985622406,0.9467314630746841,0.41257303953170776,0,0,0,0,1.0,0.0,0.0,0.0,0.0,0.0,0.0
1755672593.1383076,0,leader,manual,0.21853232383728027,0.05380351096391678,0.0026037830393761396,0,1,0,-0.21853232383728027,0.9461964890360832,-0.0026037830393761396,0,0,0,0,1.0,0.0,0.0,0.0,0.0,0.0,0.0
1755672593.2387183,1,follower,manual,0.15916164219379425,0.053279560059309006,0.5874370336532593,0,1,1,-0.15916164219379425,0.946720439940691,0.4125629663467407,0,0,0,0,1.0,0.0,0.0,0.0,0.0,0.0,0.0
1755672593.3415475,0,leader,manual,0.21852707862854004,0.053805477917194366,0.002605155808851123,0,1,0,-0.21852707862854004,0.9461945220828056,-0.002605155808851123,0,0,0,0,1.0,0.0,0.0,0.0,0.0,0.0,0.0
1755672593.4420207,1,follower,manual,0.159156933426857,0.05327165499329567,0.5874439477920532,0,1,1,-0.159156933426857,0.9467283450067043,0.4125560522079468,0,0,0,0,1.0,0.0,0.0,0.0,0.0,0.0,0.0
1755672593.5444353,0,leader,manual,0.2185269147157669,0.05381116643548012,0.0026086450088769197,0,1,0,-0.2185269147157669,0.9461888335645199,-0.0026086450088769197,0,0,0,0,1.0,0.0,0.0,0.0,0.0,0.0,0.0
1755672593.6450193,1,follower,manual,0.15916095674037933,0.05327589064836502,0.5874381065368652,0,1,1,-0.15916095674037933,0.946724109351635,0.41256189346313477,0,0,0,0,1.0,0.0,0.0,0.0,0.0,0.0,0.0
1755672593.7485585,0,leader,manual,0.21852758526802063,0.05380607396364212,0.0026068859733641148,0,1,0,-0.21852758526802063,0.9461939260363579,-0.0026068859733641148,0,0,0,0,1.0,0.0,0.0,0.0,0.0,0.0,0.0
1755672593.8499706,1,follower,manual,0.15915656089782715,0.05327645689249039,0.5874431133270264,0,1,1,-0.15915656089782715,0.9467235431075096,0.41255688667297363,0,0,0,0,1.0,0.0,0.0,0.0,0.0,0.0,0.0
1755672593.952184,0,leader,manual,0.2185295671224594,0.05380009487271309,0.0026012458838522434,0,1,0,-0.2185295671224594,0.9461999051272869,-0.0026012458838522434,0,0,0,0,1.0,0.0,0.0,0.0,0.0,0.0,0.0
1755672594.0525045,1,follower,manual,0.15916892886161804,0.05326056852936745,0.5874252915382385,0,1,1,-0.15916892886161804,0.9467394314706326,0.4125747084617615,0,0,0,0,1.0,0.0,0.0,0.0,0.0,0.0,0.0
1755672594.1564023,0,leader,manual,0.21852773427963257,0.05379274860024452,0.0026048137806355953,0,1,0,-0.21852773427963257,0.9462072513997555,-0.0026048137806355953,0,0,0,0,1.0,0.0,0.0,0.0,0.0,0.0,0.0
1755672594.2566915,1,follower,manual,0.15915918350219727,0.05328131467103958,0.5874307751655579,0,1,1,-0.15915918350219727,0.9467186853289604,0.41256922483444214,0,0,0,0,1.0,0.0,0.0,0.0,0.0,0.0,0.0
1755672594.4142265,0,leader,manual,0.21852590143680573,0.05380141735076904,0.0026004950050264597,0,1,0,-0.21852590143680573,0.946198582649231,-0.0026004950050264597,0,0,0,0,1.0,0.0,0.0,0.0,0.0,0.0,0.0
1755672594.5145717,1,follower,manual,0.15916141867637634,0.0532778836786747,0.587439239025116,0,1,1,-0.15916141867637634,0.9467221163213253,0.41256076097488403,0,0,0,0,1.0,0.0,0.0,0.0,0.0,0.0,0.0
1755672594.6182911,0,leader,manual,0.21855686604976654,0.05378338322043419,0.002586063928902149,0,1,0,-0.21855686604976654,0.9462166167795658,-0.002586063928902149,0,0,0,0,1.0,0.0,0.0,0.0,0.0,0.0,0.0
1755672594.7188926,1,follower,manual,0.15917174518108368,0.05326946824789047,0.5874246954917908,0,1,1,-0.15917174518108368,0.9467305317521095,0.41257530450820923,0,0,0,0,1.0,0.0,0.0,0.0,0.0,0.0,0.0
1755672594.823873,0,leader,manual,0.21853123605251312,0.05380627512931824,0.002601888030767441,0,1,0,-0.21853123605251312,0.9461937248706818,-0.002601888030767441,0,0,0,0,1.0,0.0,0.0,0.0,0.0,0.0,0.0
1755672594.9242218,1,follower,manual,0.15919427573680878,0.053269680589437485,0.587445855140686,0,1,1,-0.15919427573680878,0.9467303194105625,0.41255414485931396,0,0,0,0,1.0,0.0,0.0,0.0,0.0,0.0,0.0
1755672595.0459733,0,leader,manual,0.21852892637252808,0.053801845759153366,0.0025986647233366966,0,1,0,-0.21852892637252808,0.9461981542408466,-0.0025986647233366966,0,0,0,0,1.0,0.0,0.0,0.0,0.0,0.0,0.0
1755672595.1464581,1,follower,manual,0.15916074812412262,0.053269434720277786,0.5874271988868713,0,1,1,-0.15916074812412262,0.9467305652797222,0.41257280111312866,0,0,0,0,1.0,0.0,0.0,0.0,0.0,0.0,0.0
1755672595.2499576,0,leader,manual,0.21852435171604156,0.05381154268980026,0.0026073770131915808,0,1,0,-0.21852435171604156,0.9461884573101997,-0.0026073770131915808,0,0,0,0,1.0,0.0,0.0,0.0,0.0,0.0,0.0
1755672595.3502438,1,follower,manual,0.1591654270887375,0.05328000709414482,0.5874492526054382,0,1,1,-0.1591654270887375,0.9467199929058552,0.41255074739456177,0,0,0,0,1.0,0.0,0.0,0.0,0.0,0.0,0.0
1755672595.4530435,0,leader,manual,0.21852874755859375,0.05380713567137718,0.0025953296571969986,0,1,0,-0.21852874755859375,0.9461928643286228,-0.0025953296571969986,0,0,0,0,1.0,0.0,0.0,0.0,0.0,0.0,0.0
1755672595.5560837,1,follower,manual,0.1591503918170929,0.05326751619577408,0.5874382853507996,0,1,1,-0.1591503918170929,0.9467324838042259,0.41256171464920044,0,0,0,0,1.0,0.0,0.0,0.0,0.0,0.0,0.0
1755672595.6606812,0,leader,manual,0.21852967143058777,0.053801171481609344,0.0026008530985563993,0,1,0,-0.21852967143058777,0.9461988285183907,-0.0026008530985563993,0,0,0,0,1.0,0.0,0.0,0.0,0.0,0.0,0.0
1755672595.7609756,1,follower,manual,0.15918588638305664,0.05323944613337517,0.5873984098434448,0,1,1,-0.15918588638305664,0.9467605538666248,0.4126015901565552,0,0,0,0,1.0,0.0,0.0,0.0,0.0,0.0,0.0
1755672595.9419003,0,leader,manual,0.2185453176498413,0.05380108207464218,0.0025943084619939327,0,1,0,-0.2185453176498413,0.9461989179253578,-0.0025943084619939327,0,0,0,0,1.0,0.0,0.0,0.0,0.0,0.0,0.0
1755672596.0423787,1,follower,manual,0.15919890999794006,0.05327295884490013,0.5874332785606384,0,1,1,-0.15919890999794006,0.9467270411550999,0.4125667214393616,0,0,0,0,1.0,0.0,0.0,0.0,0.0,0.0,0.0
1755672596.144477,0,leader,manual,0.218552365899086,0.05379734933376312,0.0026215759571641684,0,1,0,-0.218552365899086,0.9462026506662369,-0.0026215759571641684,0,0,0,0,1.0,0.0,0.0,0.0,0.0,0.0,0.0
1755672596.244879,1,follower,manual,0.1591716855764389,0.053265608847141266,0.5874233245849609,0,1,1,-0.1591716855764389,0.9467343911528587,0.41257667541503906,0,0,0,0,1.0,0.0,0.0,0.0,0.0,0.0,0.0
1755672596.3494341,0,leader,manual,0.21857164800167084,0.053811438381671906,0.002613874850794673,0,1,0,-0.21857164800167084,0.9461885616183281,-0.002613874850794673,0,0,0,0,1.0,0.0,0.0,0.0,0.0,0.0,0.0
1755672596.4499707,1,follower,manual,0.15917879343032837,0.05328245833516121,0.5874441266059875,0,1,1,-0.15917879343032837,0.9467175416648388,0.41255587339401245,0,0,0,0,1.0,0.0,0.0,0.0,0.0,0.0,0.0
1755672596.6222315,0,leader,manual,0.21854157745838165,0.05380363389849663,0.002612949116155505,0,1,0,-0.21854157745838165,0.9461963661015034,-0.002612949116155505,0,0,0,0,1.0,0.0,0.0,0.0,0.0,0.0,0.0
1755672596.7224793,1,follower,manual,0.15915682911872864,0.053271450102329254,0.5874279737472534,0,1,1,-0.15915682911872864,0.9467285498976707,0.4125720262527466,0,0,0,0,1.0,0.0,0.0,0.0,0.0,0.0,0.0
1755672596.8411598,0,leader,manual,0.2185250222682953,0.053800880908966064,0.0026025627739727497,0,1,0,-0.2185250222682953,0.9461991190910339,-0.0026025627739727497,0,0,0,0,1.0,0.0,0.0,0.0,0.0,0.0,0.0
1755672596.9414203,1,follower,manual,0.159200519323349,0.053289011120796204,0.5874627232551575,0,1,1,-0.159200519323349,0.9467109888792038,0.41253727674484253,0,0,0,0,1.0,0.0,0.0,0.0,0.0,0.0,0.0
1755672597.12126,0,leader,manual,0.2185351401567459,0.053813569247722626,0.0025988188572227955,0,1,0,-0.2185351401567459,0.9461864307522774,-0.0025988188572227955,0,0,0,0,1.0,0.0,0.0,0.0,0.0,0.0,0.0
1755672597.2215188,1,follower,manual,0.15921099483966827,0.05327262729406357,0.5874162912368774,0,1,1,-0.15921099483966827,0.9467273727059364,0.41258370876312256,0,0,0,0,1.0,0.0,0.0,0.0,0.0,0.0,0.0
1755672597.3319993,0,leader,manual,0.21851877868175507,0.05382078140974045,0.0025921864435076714,0,1,0,-0.21851877868175507,0.9461792185902596,-0.0025921864435076714,0,0,0,0,1.0,0.0,0.0,0.0,0.0,0.0,0.0
1755672597.4323087,1,follower,manual,0.15918955206871033,0.053283724933862686,0.5873955488204956,0,1,1,-0.15918955206871033,0.9467162750661373,0.4126044511795044,0,0,0,0,1.0,0.0,0.0,0.0,0.0,0.0,0.0
1755672597.537214,0,leader,manual,0.2185240238904953,0.05383114889264107,0.0025915794540196657,0,1,0,-0.2185240238904953,0.9461688511073589,-0.0025915794540196657,0,0,0,0,1.0,0.0,0.0,0.0,0.0,0.0,0.0
1755672597.6375163,1,follower,manual,0.15919743478298187,0.05329061672091484,0.587440550327301,0,1,1,-0.15919743478298187,0.9467093832790852,0.412559449672699,0,0,0,0,1.0,0.0,0.0,0.0,0.0,0.0,0.0
1755672597.7441742,0,leader,manual,0.21853522956371307,0.053802140057086945,0.002609437797218561,0,1,0,-0.21853522956371307,0.946197859942913,-0.002609437797218561,0,0,0,0,1.0,0.0,0.0,0.0,0.0,0.0,0.0
1755672597.8444307,1,follower,manual,0.15915447473526,0.05329239368438721,0.587443470954895,0,1,1,-0.15915447473526,0.9467076063156128,0.412556529045105,0,0,0,0,1.0,0.0,0.0,0.0,0.0,0.0,0.0
1755672597.9665568,0,leader,manual,0.21853089332580566,0.0538204200565815,0.002602687105536461,0,1,0,-0.21853089332580566,0.9461795799434185,-0.002602687105536461,0,0,0,0,1.0,0.0,0.0,0.0,0.0,0.0,0.0
1755672598.0675812,1,follower,manual,0.1591847836971283,0.05327858775854111,0.587432861328125,0,1,1,-0.1591847836971283,0.9467214122414589,0.412567138671875,0,0,0,0,1.0,0.0,0.0,0.0,0.0,0.0,0.0
1755672598.2515693,0,leader,manual,0.21853293478488922,0.053807951509952545,0.002606344176456332,0,1,0,-0.21853293478488922,0.9461920484900475,-0.002606344176456332,0,0,0,0,1.0,0.0,0.0,0.0,0.0,0.0,0.0
1755672598.3520417,1,follower,manual,0.15916931629180908,0.05327655375003815,0.5874427556991577,0,1,1,-0.15916931629180908,0.9467234462499619,0.4125572443008423,0,0,0,0,1.0,0.0,0.0,0.0,0.0,0.0,0.0
1755672598.4592013,0,leader,manual,0.21851517260074615,0.053789544850587845,0.0025939925108104944,0,1,0,-0.21851517260074615,0.9462104551494122,-0.0025939925108104944,0,0,0,0,1.0,0.0,0.0,0.0,0.0,0.0,0.0
1755672598.5595257,1,follower,manual,0.15918214619159698,0.05328401178121567,0.5874464511871338,0,1,1,-0.15918214619159698,0.9467159882187843,0.4125535488128662,0,0,0,0,1.0,0.0,0.0,0.0,0.0,0.0,0.0
1755672598.6629035,0,leader,manual,0.2185305655002594,0.05381885915994644,0.0026035569608211517,0,1,0,-0.2185305655002594,0.9461811408400536,-0.0026035569608211517,0,0,0,0,1.0,0.0,0.0,0.0,0.0,0.0,0.0
1755672598.763152,1,follower,manual,0.15917719900608063,0.05327458679676056,0.5874141454696655,0,1,1,-0.15917719900608063,0.9467254132032394,0.4125858545303345,0,0,0,0,1.0,0.0,0.0,0.0,0.0,0.0,0.0
1755672598.8723614,0,leader,manual,0.2185419648885727,0.05381171777844429,0.0026158024556934834,0,1,0,-0.2185419648885727,0.9461882822215557,-0.0026158024556934834,0,0,0,0,1.0,0.0,0.0,0.0,0.0,0.0,0.0
1755672598.9726384,1,follower,manual,0.15918414294719696,0.053288694471120834,0.5874316096305847,0,1,1,-0.15918414294719696,0.9467113055288792,0.4125683903694153,0,0,0,0,1.0,0.0,0.0,0.0,0.0,0.0,0.0
1755672599.154257,0,leader,manual,0.2185283899307251,0.05380845069885254,0.002593735232949257,0,1,0,-0.2185283899307251,0.9461915493011475,-0.002593735232949257,0,0,0,0,1.0,0.0,0.0,0.0,0.0,0.0,0.0
1755672599.2546427,1,follower,manual,0.1591854691505432,0.05329524353146553,0.5874525904655457,0,1,1,-0.1591854691505432,0.9467047564685345,0.41254740953445435,0,0,0,0,1.0,0.0,0.0,0.0,0.0,0.0,0.0
1755672599.3578043,0,leader,manual,0.2185376137495041,0.053812623023986816,0.0025809172075241804,0,1,0,-0.2185376137495041,0.9461873769760132,-0.0025809172075241804,0,0,0,0,1.0,0.0,0.0,0.0,0.0,0.0,0.0
1755672599.4581022,1,follower,manual,0.1591820865869522,0.05328846722841263,0.5874245166778564,0,1,1,-0.1591820865869522,0.9467115327715874,0.41257548332214355,0,0,0,0,1.0,0.0,0.0,0.0,0.0,0.0,0.0
1755672599.5617595,0,leader,manual,0.21850217878818512,0.05379325896501541,0.0026061933021992445,0,1,0,-0.21850217878818512,0.9462067410349846,-0.0026061933021992445,0,0,0,0,1.0,0.0,0.0,0.0,0.0,0.0,0.0
1755672599.662005,1,follower,manual,0.15914900600910187,0.053286127746105194,0.5874432325363159,0,1,1,-0.15914900600910187,0.9467138722538948,0.4125567674636841,0,0,0,0,1.0,0.0,0.0,0.0,0.0,0.0,0.0
1755672599.8204238,0,leader,manual,0.2185303419828415,0.05382790416479111,0.002601050538942218,0,1,0,-0.2185303419828415,0.9461720958352089,-0.002601050538942218,0,0,0,0,1.0,0.0,0.0,0.0,0.0,0.0,0.0
1755672599.9207768,1,follower,manual,0.1591397374868393,0.05327663570642471,0.5874589085578918,0,1,1,-0.1591397374868393,0.9467233642935753,0.41254109144210815,0,0,0,0,1.0,0.0,0.0,0.0,0.0,0.0,0.0
1755672600.0220315,0,leader,manual,0.21851664781570435,0.05379732325673103,0.002588970120996237,0,1,0,-0.21851664781570435,0.946202676743269,-0.002588970120996237,0,0,0,0,1.0,0.0,0.0,0.0,0.0,0.0,0.0
1755672600.1225703,1,follower,manual,0.15915337204933167,0.053280316293239594,0.5874269008636475,0,1,1,-0.15915337204933167,0.9467196837067604,0.41257309913635254,0,0,0,0,1.0,0.0,0.0,0.0,0.0,0.0,0.0
1755672600.228758,0,leader,manual,0.21852335333824158,0.0537928082048893,0.002610615221783519,0,1,0,-0.21852335333824158,0.9462071917951107,-0.002610615221783519,0,0,0,0,1.0,0.0,0.0,0.0,0.0,0.0,0.0
1755672600.329039,1,follower,manual,0.15914683043956757,0.05326808616518974,0.5874397158622742,0,1,1,-0.15914683043956757,0.9467319138348103,0.41256028413772583,0,0,0,0,1.0,0.0,0.0,0.0,0.0,0.0,0.0
1755672600.4298532,0,leader,manual,0.21853278577327728,0.05383806675672531,0.002631311072036624,0,1,0,-0.21853278577327728,0.9461619332432747,-0.002631311072036624,0,0,0,0,1.0,0.0,0.0,0.0,0.0,0.0,0.0
1755672600.5301287,1,follower,manual,0.15916244685649872,0.053285930305719376,0.5874577164649963,0,1,1,-0.15916244685649872,0.9467140696942806,0.41254228353500366,0,0,0,0,1.0,0.0,0.0,0.0,0.0,0.0,0.0
1755672600.6352093,0,leader,manual,0.2185191661119461,0.053804703056812286,0.00260360655374825,0,1,0,-0.2185191661119461,0.9461952969431877,-0.00260360655374825,0,0,0,0,1.0,0.0,0.0,0.0,0.0,0.0,0.0
1755672600.7355008,1,follower,manual,0.15915323793888092,0.053279243409633636,0.5874537229537964,0,1,1,-0.15915323793888092,0.9467207565903664,0.4125462770462036,0,0,0,0,1.0,0.0,0.0,0.0,0.0,0.0,0.0
1755672600.8384082,0,leader,manual,0.21852785348892212,0.05380518361926079,0.002609292510896921,0,1,0,-0.21852785348892212,0.9461948163807392,-0.002609292510896921,0,0,0,0,1.0,0.0,0.0,0.0,0.0,0.0,0.0
1755672600.9392912,1,follower,manual,0.15915405750274658,0.0532902330160141,0.5874329805374146,0,1,1,-0.15915405750274658,0.9467097669839859,0.41256701946258545,0,0,0,0,1.0,0.0,0.0,0.0,0.0,0.0,0.0
1755672601.04164,0,leader,manual,0.21849294006824493,0.05379391834139824,0.0025863118935376406,0,1,0,-0.21849294006824493,0.9462060816586018,-0.0025863118935376406,0,0,0,0,1.0,0.0,0.0,0.0,0.0,0.0,0.0
1755672601.1421192,1,follower,manual,0.15916013717651367,0.05327741056680679,0.5874239206314087,0,1,1,-0.15916013717651367,0.9467225894331932,0.4125760793685913,0,0,0,0,1.0,0.0,0.0,0.0,0.0,0.0,0.0
1755672601.2461436,0,leader,manual,0.21852260828018188,0.05379290133714676,0.0026075129862874746,0,1,0,-0.21852260828018188,0.9462070986628532,-0.0026075129862874746,0,0,0,0,1.0,0.0,0.0,0.0,0.0,0.0,0.0
1755672601.3466063,1,follower,manual,0.1591871976852417,0.05327259376645088,0.5874415636062622,0,1,1,-0.1591871976852417,0.9467274062335491,0.4125584363937378,0,0,0,0,1.0,0.0,0.0,0.0,0.0,0.0,0.0
1755672601.449844,0,leader,manual,0.21852867305278778,0.05380260944366455,0.0026064200792461634,0,1,0,-0.21852867305278778,0.9461973905563354,-0.0026064200792461634,0,0,0,0,1.0,0.0,0.0,0.0,0.0,0.0,0.0
1755672601.5501578,1,follower,manual,0.15917840600013733,0.053260885179042816,0.587431013584137,0,1,1,-0.15917840600013733,0.9467391148209572,0.41256898641586304,0,0,0,0,1.0,0.0,0.0,0.0,0.0,0.0,0.0
1755672601.6533566,0,leader,manual,0.21853013336658478,0.053806379437446594,0.0026038221549242735,0,1,0,-0.21853013336658478,0.9461936205625534,-0.0026038221549242735,0,0,0,0,1.0,0.0,0.0,0.0,0.0,0.0,0.0
1755672601.7538097,1,follower,manual,0.15920422971248627,0.053293682634830475,0.5874499678611755,0,1,1,-0.15920422971248627,0.9467063173651695,0.41255003213882446,0,0,0,0,1.0,0.0,0.0,0.0,0.0,0.0,0.0
1755672601.8580344,0,leader,manual,0.2185257375240326,0.053794488310813904,0.0026076175272464752,0,1,0,-0.2185257375240326,0.9462055116891861,-0.0026076175272464752,0,0,0,0,1.0,0.0,0.0,0.0,0.0,0.0,0.0
1755672601.958404,1,follower,manual,0.15919199585914612,0.05328251048922539,0.587459146976471,0,1,1,-0.15919199585914612,0.9467174895107746,0.41254085302352905,0,0,0,0,1.0,0.0,0.0,0.0,0.0,0.0,0.0
1755672602.062791,0,leader,manual,0.2185647189617157,0.05377217009663582,0.002593238838016987,0,1,0,-0.2185647189617157,0.9462278299033642,-0.002593238838016987,0,0,0,0,1.0,0.0,0.0,0.0,0.0,0.0,0.0
1755672602.163094,1,follower,manual,0.1591617912054062,0.05326587334275246,0.5874448418617249,0,1,1,-0.1591617912054062,0.9467341266572475,0.41255515813827515,0,0,0,0,1.0,0.0,0.0,0.0,0.0,0.0,0.0
1755672602.2667723,0,leader,manual,0.2185227870941162,0.053799718618392944,0.0026134513318538666,0,1,0,-0.2185227870941162,0.9462002813816071,-0.0026134513318538666,0,0,0,0,1.0,0.0,0.0,0.0,0.0,0.0,0.0
1755672602.3672507,1,follower,manual,0.15920493006706238,0.053285423666238785,0.5874642133712769,0,1,1,-0.15920493006706238,0.9467145763337612,0.41253578662872314,0,0,0,0,1.0,0.0,0.0,0.0,0.0,0.0,0.0
1755672602.5533955,0,leader,manual,0.21852131187915802,0.053814586251974106,0.002605459187179804,0,1,0,-0.21852131187915802,0.9461854137480259,-0.002605459187179804,0,0,0,0,1.0,0.0,0.0,0.0,0.0,0.0,0.0
1755672602.6541555,1,follower,manual,0.15917235612869263,0.053261592984199524,0.5874449014663696,0,1,1,-0.15917235612869263,0.9467384070158005,0.41255509853363037,0,0,0,0,1.0,0.0,0.0,0.0,0.0,0.0,0.0
1755672602.7749782,0,leader,manual,0.21853460371494293,0.05379820987582207,0.002603088039904833,0,1,0,-0.21853460371494293,0.9462017901241779,-0.002603088039904833,0,0,0,0,1.0,0.0,0.0,0.0,0.0,0.0,0.0
1755672602.875252,1,follower,manual,0.15916961431503296,0.05327523127198219,0.5874441266059875,0,1,1,-0.15916961431503296,0.9467247687280178,0.41255587339401245,0,0,0,0,1.0,0.0,0.0,0.0,0.0,0.0,0.0
1755672603.031547,0,leader,manual,0.21853047609329224,0.05379774048924446,0.0026118839159607887,0,1,0,-0.21853047609329224,0.9462022595107555,-0.0026118839159607887,0,0,0,0,1.0,0.0,0.0,0.0,0.0,0.0,0.0
1755672603.1319048,1,follower,manual,0.15917713940143585,0.053275175392627716,0.5874157547950745,0,1,1,-0.15917713940143585,0.9467248246073723,0.41258424520492554,0,0,0,0,1.0,0.0,0.0,0.0,0.0,0.0,0.0
1755672603.235223,0,leader,manual,0.2185235172510147,0.05379011854529381,0.0026202844455838203,0,1,0,-0.2185235172510147,0.9462098814547062,-0.0026202844455838203,0,0,0,0,1.0,0.0,0.0,0.0,0.0,0.0,0.0
1755672603.3356187,1,follower,manual,0.15920594334602356,0.0532800666987896,0.5874316692352295,0,1,1,-0.15920594334602356,0.9467199333012104,0.4125683307647705,0,0,0,0,1.0,0.0,0.0,0.0,0.0,0.0,0.0
1755672603.4386542,0,leader,manual,0.21853546798229218,0.05379926413297653,0.0026234688702970743,0,1,0,-0.21853546798229218,0.9462007358670235,-0.0026234688702970743,0,0,0,0,1.0,0.0,0.0,0.0,0.0,0.0,0.0
1755672603.5394785,1,follower,manual,0.15917374193668365,0.05327403172850609,0.5874446034431458,0,1,1,-0.15917374193668365,0.9467259682714939,0.41255539655685425,0,0,0,0,1.0,0.0,0.0,0.0,0.0,0.0,0.0
1755672603.6440716,0,leader,manual,0.21853284537792206,0.05378967151045799,0.002624422311782837,0,1,0,-0.21853284537792206,0.946210328489542,-0.002624422311782837,0,0,0,0,1.0,0.0,0.0,0.0,0.0,0.0,0.0
1755672603.7444034,1,follower,manual,0.15918157994747162,0.053263742476701736,0.5874398946762085,0,1,1,-0.15918157994747162,0.9467362575232983,0.4125601053237915,0,0,0,0,1.0,0.0,0.0,0.0,0.0,0.0,0.0
1755672603.847549,0,leader,manual,0.21853786706924438,0.05380905419588089,0.0026112180203199387,0,1,0,-0.21853786706924438,0.9461909458041191,-0.0026112180203199387,0,0,0,0,1.0,0.0,0.0,0.0,0.0,0.0,0.0
1755672603.9479787,1,follower,manual,0.15919873118400574,0.053298577666282654,0.5874520540237427,0,1,1,-0.15919873118400574,0.9467014223337173,0.4125479459762573,0,0,0,0,1.0,0.0,0.0,0.0,0.0,0.0,0.0
1755672610.2643008,0,leader,manual,0.21853415668010712,0.05380503088235855,0.002609045011922717,0,1,0,-0.21853415668010712,0.9461949691176414,-0.002609045011922717,0,0,0,0,1.0,0.0,0.0,0.0,0.0,0.0,0.0
1755672610.3649325,1,follower,manual,0.15915994346141815,0.053267817944288254,0.587428629398346,0,1,1,-0.15915994346141815,0.9467321820557117,0.41257137060165405,0,0,0,0,1.0,0.0,0.0,0.0,0.0,0.0,0.0
1755672610.3660655,0,follower,manual,0.3058115541934967,0.8627222776412964,0.20615720748901367,0,1,0,-0.3058115541934967,0.1372777223587036,-0.20615720748901367,0,0,0,0,,,,,,,
1755672610.4665084,1,follower,manual,0.19541144371032715,0.8259140849113464,0.6167919039726257,0,1,1,-0.19541144371032715,0.17408591508865356,0.38320809602737427,0,0,0,0,,,,,,,
1755672610.6828914,0,leader,manual,0.3058115541934967,0.8627222776412964,0.20615720748901367,0,1,0,-0.3058115541934967,0.1372777223587036,-0.20615720748901367,0,0,0,0,1.0,0.0,0.0,0.0,0.0,0.0,0.0
1755672610.7834558,1,follower,manual,0.19541144371032715,0.8259140849113464,0.6167919039726257,0,1,1,-0.19541144371032715,0.17408591508865356,0.38320809602737427,0,0,0,0,1.0,0.0,0.0,0.0,0.0,0.0,0.0
1755672610.784217,0,follower,manual,0.3109215795993805,0.8705298900604248,0.21348145604133606,0,1,0,-0.3109215795993805,0.1294701099395752,-0.21348145604133606,0,0,0,0,,,,,,,
1755672610.884675,1,follower,manual,0.18718266487121582,0.822844922542572,0.6109534502029419,0,1,1,-0.18718266487121582,0.17715507745742798,0.3890465497970581,0,0,0,0,,,,,,,
1755672610.9890852,0,leader,manual,0.3109215795993805,0.8705298900604248,0.21348145604133606,0,1,0,-0.3109215795993805,0.1294701099395752,-0.21348145604133606,0,0,0,0,1.0,0.0,0.0,0.0,0.0,0.0,0.0
1755672611.0895135,1,follower,manual,0.18718266487121582,0.822844922542572,0.6109534502029419,0,1,1,-0.18718266487121582,0.17715507745742798,0.3890465497970581,0,0,0,0,1.0,0.0,0.0,0.0,0.0,0.0,0.0
1755672611.0902653,0,follower,manual,0.31714823842048645,0.8755411505699158,0.22312167286872864,0,1,0,-0.31714823842048645,0.12445884943008423,-0.22312167286872864,0,0,0,0,,,,,,,
1755672611.1906376,1,follower,manual,0.1794479340314865,0.8184740543365479,0.608963131904602,0,1,1,-0.1794479340314865,0.18152594566345215,0.39103686809539795,0,0,0,0,,,,,,,
1755672611.2946842,0,leader,manual,0.31714823842048645,0.8755411505699158,0.22312167286872864,0,1,0,-0.31714823842048645,0.12445884943008423,-0.22312167286872864,0,0,0,0,1.0,0.0,0.0,0.0,0.0,0.0,0.0
1755672611.3951468,1,follower,manual,0.1794479340314865,0.8184740543365479,0.608963131904602,0,1,1,-0.1794479340314865,0.18152594566345215,0.39103686809539795,0,0,0,0,1.0,0.0,0.0,0.0,0.0,0.0,0.0
1755672611.3958957,0,follower,manual,0.3220664858818054,0.8798400163650513,0.23186351358890533,0,1,0,-0.3220664858818054,0.12015998363494873,-0.23186351358890533,0,0,0,0,,,,,,,
1755672611.4966972,1,follower,manual,0.17520010471343994,0.8198326826095581,0.6086850762367249,0,1,1,-0.17520010471343994,0.1801673173904419,0.39131492376327515,0,0,0,0,,,,,,,
1755672611.6006362,0,leader,manual,0.3220664858818054,0.8798400163650513,0.23186351358890533,0,1,0,-0.3220664858818054,0.12015998363494873,-0.23186351358890533,0,0,0,0,1.0,0.0,0.0,0.0,0.0,0.0,0.0
1755672611.7010815,1,follower,manual,0.17520010471343994,0.8198326826095581,0.6086850762367249,0,1,1,-0.17520010471343994,0.1801673173904419,0.39131492376327515,0,0,0,0,1.0,0.0,0.0,0.0,0.0,0.0,0.0
1755672611.7019086,0,follower,manual,0.3262873589992523,0.8826826214790344,0.24071046710014343,0,1,0,-0.3262873589992523,0.11731737852096558,-0.24071046710014343,0,0,0,0,,,,,,,
1755672611.8023086,1,follower,manual,0.17370785772800446,0.8270279169082642,0.6079889535903931,0,1,1,-0.17370785772800446,0.17297208309173584,0.39201104640960693,0,0,0,0,,,,,,,
1755672611.9066238,0,leader,manual,0.3262873589992523,0.8826826214790344,0.24071046710014343,0,1,0,-0.3262873589992523,0.11731737852096558,-0.24071046710014343,0,0,0,0,1.0,0.0,0.0,0.0,0.0,0.0,0.0
1755672612.0069294,1,follower,manual,0.17370785772800446,0.8270279169082642,0.6079889535903931,0,1,1,-0.17370785772800446,0.17297208309173584,0.39201104640960693,0,0,0,0,1.0,0.0,0.0,0.0,0.0,0.0,0.0
1755672612.0073779,0,follower,manual,0.33191588521003723,0.8828108906745911,0.2490040361881256,0,1,0,-0.33191588521003723,0.11718910932540894,-0.2490040361881256,0,0,0,0,,,,,,,
1755672612.107714,1,follower,manual,0.17240414023399353,0.8395742177963257,0.6067662835121155,0,1,1,-0.17240414023399353,0.16042578220367432,0.3932337164878845,0,0,0,0,,,,,,,
1755672612.212732,0,leader,manual,0.33191588521003723,0.8828108906745911,0.2490040361881256,0,1,0,-0.33191588521003723,0.11718910932540894,-0.2490040361881256,0,0,0,0,1.0,0.0,0.0,0.0,0.0,0.0,0.0
1755672612.3139162,1,follower,manual,0.17240414023399353,0.8395742177963257,0.6067662835121155,0,1,1,-0.17240414023399353,0.16042578220367432,0.3932337164878845,0,0,0,0,1.0,0.0,0.0,0.0,0.0,0.0,0.0
1755672612.3148668,0,follower,manual,0.3379555344581604,0.8815164566040039,0.25688669085502625,0,1,0,-0.3379555344581604,0.1184835433959961,-0.25688669085502625,0,0,0,0,,,,,,,
1755672612.4152856,1,follower,manual,0.16657932102680206,0.8553536534309387,0.6055229306221008,0,1,1,-0.16657932102680206,0.14464634656906128,0.39447706937789917,0,0,0,0,,,,,,,
1755672612.5488758,0,leader,manual,0.3379555344581604,0.8815164566040039,0.25688669085502625,0,1,0,-0.3379555344581604,0.1184835433959961,-0.25688669085502625,0,0,0,0,1.0,0.0,0.0,0.0,0.0,0.0,0.0
1755672612.649346,1,follower,manual,0.16657932102680206,0.8553536534309387,0.6055229306221008,0,1,1,-0.16657932102680206,0.14464634656906128,0.39447706937789917,0,0,0,0,1.0,0.0,0.0,0.0,0.0,0.0,0.0
1755672612.6501627,0,follower,manual,0.3423071503639221,0.8784506320953369,0.2634611427783966,0,1,0,-0.3423071503639221,0.12154936790466309,-0.2634611427783966,0,0,0,0,,,,,,,
1755672612.7505639,1,follower,manual,0.1564432978630066,0.8697399497032166,0.60545814037323,0,1,1,-0.1564432978630066,0.13026005029678345,0.39454185962677,0,0,0,0,,,,,,,
1755672612.8759959,0,leader,manual,0.3423071503639221,0.8784506320953369,0.2634611427783966,0,1,0,-0.3423071503639221,0.12154936790466309,-0.2634611427783966,0,0,0,0,1.0,0.0,0.0,0.0,0.0,0.0,0.0
1755672612.9762292,1,follower,manual,0.1564432978630066,0.8697399497032166,0.60545814037323,0,1,1,-0.1564432978630066,0.13026005029678345,0.39454185962677,0,0,0,0,1.0,0.0,0.0,0.0,0.0,0.0,0.0
1755672612.9765213,0,follower,manual,0.34377729892730713,0.8779032826423645,0.2681204080581665,0,1,0,-0.34377729892730713,0.1220967173576355,-0.2681204080581665,0,0,0,0,,,,,,,
1755672613.076744,1,follower,manual,0.14647069573402405,0.8810648918151855,0.608222484588623,0,1,1,-0.14647069573402405,0.11893510818481445,0.39177751541137695,0,0,0,0,,,,,,,
1755672613.1813424,0,leader,manual,0.34377729892730713,0.8779032826423645,0.2681204080581665,0,1,0,-0.34377729892730713,0.1220967173576355,-0.2681204080581665,0,0,0,0,1.0,0.0,0.0,0.0,0.0,0.0,0.0
1755672613.281661,1,follower,manual,0.14647069573402405,0.8810648918151855,0.608222484588623,0,1,1,-0.14647069573402405,0.11893510818481445,0.39177751541137695,0,0,0,0,1.0,0.0,0.0,0.0,0.0,0.0,0.0
1755672613.2819035,0,follower,manual,0.3446619510650635,0.8789057731628418,0.27191856503486633,0,1,0,-0.3446619510650635,0.1210942268371582,-0.27191856503486633,0,0,0,0,,,,,,,
1755672613.3821344,1,follower,manual,0.13671748340129852,0.8895142078399658,0.6118839383125305,0,1,1,-0.13671748340129852,0.11048579216003418,0.3881160616874695,0,0,0,0,,,,,,,
1755672613.4872625,0,leader,manual,0.3446619510650635,0.8789057731628418,0.27191856503486633,0,1,0,-0.3446619510650635,0.1210942268371582,-0.27191856503486633,0,0,0,0,1.0,0.0,0.0,0.0,0.0,0.0,0.0
1755672613.6876493,1,follower,manual,0.13671748340129852,0.8895142078399658,0.6118839383125305,0,1,1,-0.13671748340129852,0.11048579216003418,0.3881160616874695,0,0,0,0,1.0,0.0,0.0,0.0,0.0,0.0,0.0
1755672613.6880884,0,follower,manual,0.3445841372013092,0.8797475695610046,0.2786765694618225,0,1,0,-0.3445841372013092,0.12025243043899536,-0.2786765694618225,0,0,0,0,,,,,,,
1755672613.888442,1,follower,manual,0.12794432044029236,0.8939483165740967,0.6150648593902588,0,1,1,-0.12794432044029236,0.10605168342590332,0.3849351406097412,0,0,0,0,,,,,,,
1755672613.998741,0,leader,manual,0.3445841372013092,0.8797475695610046,0.2786765694618225,0,1,0,-0.3445841372013092,0.12025243043899536,-0.2786765694618225,0,0,0,0,1.0,0.0,0.0,0.0,0.0,0.0,0.0
1755672614.09918,1,follower,manual,0.12794432044029236,0.8939483165740967,0.6150648593902588,0,1,1,-0.12794432044029236,0.10605168342590332,0.3849351406097412,0,0,0,0,1.0,0.0,0.0,0.0,0.0,0.0,0.0
1755672614.0998826,0,follower,manual,0.34063631296157837,0.8796092867851257,0.28351616859436035,0,1,0,-0.34063631296157837,0.12039071321487427,-0.28351616859436035,0,0,0,0,,,,,,,
1755672614.2003124,1,follower,manual,0.12214801460504532,0.891392171382904,0.6174492239952087,0,1,1,-0.12214801460504532,0.10860782861709595,0.38255077600479126,0,0,0,0,,,,,,,
1755672614.305652,0,leader,manual,0.34063631296157837,0.8796092867851257,0.28351616859436035,0,1,0,-0.34063631296157837,0.12039071321487427,-0.28351616859436035,0,0,0,0,1.0,0.0,0.0,0.0,0.0,0.0,0.0
1755672614.4059627,1,follower,manual,0.12214801460504532,0.891392171382904,0.6174492239952087,0,1,1,-0.12214801460504532,0.10860782861709595,0.38255077600479126,0,0,0,0,1.0,0.0,0.0,0.0,0.0,0.0,0.0
1755672614.4067879,0,follower,auto,0.3391895890235901,0.8808139562606812,0.28538137674331665,0,1,0,-0.3391895890235901,0.11918604373931885,-0.28538137674331665,-20,-20,20,0,,,,,,,
1755672614.5071423,1,follower,auto,0.12053823471069336,0.8811573386192322,0.618768572807312,0.0,1.0,1.0,-0.12053823471069336,0.11884266138076782,0.381231427192688,20,-20,20,0,,,,,,,
1755672614.647897,0,leader,auto,0.3391895890235901,0.8808139562606812,0.28538137674331665,0,1,0,-0.3391895890235901,0.11918604373931885,-0.28538137674331665,0,0,0,0,0.9048374180359595,0.3391895890235901,0.8808139562606812,0.28538137674331665,0.16959479451179504,0.4404069781303406,0.14269068837165833
1755672614.7483552,1,follower,auto,0.12053823471069336,0.8811573386192322,0.618768572807312,0.0,1.0,1.0,-0.12053823471069336,0.11884266138076782,0.381231427192688,0,0,0,0,0.9048374180359595,0.12053823471069336,0.8811573386192322,0.618768572807312,0.06026911735534668,0.4405786693096161,0.309384286403656
1755672614.7492545,0,follower,auto,0.3398474454879761,0.8915539979934692,0.28693100810050964,0,1,0,-0.3398474454879761,0.10844600200653076,-0.28693100810050964,-20,-20,20,0,,,,,,,
1755672614.8496187,1,follower,auto,0.12583394348621368,0.8665652275085449,0.619060218334198,0.0,1.0,1.0,-0.12583394348621368,0.13343477249145508,0.380939781665802,20,-20,20,0,,,,,,,
1755672614.9534576,0,leader,auto,0.3398474454879761,0.8915539979934692,0.28693100810050964,0,1,0,-0.3398474454879761,0.10844600200653076,-0.28693100810050964,0,0,0,0,0.7408182206817179,0.12650937974452972,0.409490042924881,0.10426362335681916,0.2765927556157112,0.6868089765310288,0.23479919642210006
1755672615.0540607,1,follower,auto,0.12583394348621368,0.8665652275085449,0.619060218334198,0.0,1.0,1.0,-0.12583394348621368,0.13343477249145508,0.380939781665802,0,0,0,0,0.7408182206817179,0.03712714970111847,0.3443055444955826,0.24636213183403016,0.10727036863565445,0.6944124552607536,0.49587915241718294
1755672615.0550947,0,follower,auto,0.32875052094459534,0.918793261051178,0.2817719876766205,0,1,0,-0.32875052094459534,0.08120673894882202,-0.2817719876766205,-20,-20,20,0,,,,,,,
1755672615.1556141,1,follower,auto,0.12574408948421478,0.8829488158226013,0.6285157203674316,0.0,1.0,1.0,-0.12574408948421478,0.11705118417739868,0.37148427963256836,20,-20,20,0,,,,,,,
1755672615.2584755,0,leader,auto,0.32875052094459534,0.918793261051178,0.2817719876766205,0,1,0,-0.32875052094459534,0.08120673894882202,-0.2817719876766205,0,0,0,0,0.8607079764250578,-0.020441162484884257,0.1816630045771599,-0.02030235875248909,0.33897110218703747,0.827961758762598,0.29192316705286503
1755672615.3601165,1,follower,auto,0.12574408948421478,0.8829488158226013,0.6285157203674316,0.0,1.0,1.0,-0.12574408948421478,0.11705118417739868,0.37148427963256836,0,0,0,0,0.8607079764250578,-0.032562856060266515,0.06275395874381073,0.03207741862535474,0.14202551751434805,0.8515718364506959,0.6124770110547543
1755672615.3612537,0,follower,auto,0.30742180347442627,0.9519274830818176,0.27003565430641174,0,1,0,-0.30742180347442627,0.04807251691818237,-0.27003565430641174,-20,-20,12.285680860698223,0,,,,,,,
1755672615.4626794,1,follower,auto,0.10711032152175903,0.9199942946434021,0.6541584134101868,0.0,1.0,1.0,-0.10711032152175903,0.0800057053565979,0.34584158658981323,20,-20,20,0,,,,,,,
1755672615.631296,0,leader,auto,0.30742180347442627,0.9519274830818176,0.27003565430641174,0,1,0,-0.30742180347442627,0.04807251691818237,-0.27003565430641174,0,0,0,0,1.0,-0.1227173451524377,0.08092803405582905,-0.10774149764078855,0.3687804760506451,0.9114634660539032,0.323906403126806
1755672615.7319005,1,follower,auto,0.10711032152175903,0.9199942946434021,0.6541584134101868,0.0,1.0,1.0,-0.10711032152175903,0.0800057053565979,0.34584158658981323,0,0,0,0,1.0,-0.1036723729771972,-0.08175272073739759,-0.08112316627323635,0.15894650801035765,0.9608706550121009,0.6947199965468049
1755672615.7325675,0,follower,auto,0.27690985798835754,0.9897827506065369,0.25193777680397034,0,1,0,-0.27690985798835754,0.010217249393463135,-0.25193777680397034,-20,-20,2.362955204373598,0,,,,,,,
1755672615.833134,1,follower,auto,0.06298190355300903,0.9845511317253113,0.7025743722915649,0.0,1.0,1.0,-0.06298190355300903,0.01544886827468872,0.29742562770843506,20,-14.663391892799735,3.0903539698004723,0,,,,,,,
1755672616.0240693,0,leader,auto,0.27690985798835754,0.9897827506065369,0.25193777680397034,0,1,0,-0.27690985798835754,0.010217249393463135,-0.25193777680397034,0,0,0,0,1.0,-0.19444845034144342,0.04961663190533516,-0.16256638724301398,0.37413408315907926,0.9649744346538693,0.3332209704254773
1755672616.1243763,1,follower,auto,0.06298190355300903,0.9845511317253113,0.7025743722915649,0.0,1.0,1.0,-0.06298190355300903,0.01544886827468872,0.29742562770843506,0,0,0,0,1.0,-0.17746471533355299,-0.14077201176527554,-0.12927157124478228,0.15171426121978554,1.054937137607949,0.7672101579139561
1755672616.1247523,0,follower,auto,0.24069514870643616,1.013666033744812,0.23151136934757233,0,1,0,-0.24069514870643616,-0.013666033744812012,-0.23151136934757233,-20,-20,-2.5658454830271005,0,,,,,,,
1755672616.22512,1,follower,auto,0.0002449583844281733,1.0471543073654175,0.7658307552337646,0.0,1.0,1.0,-0.0002449583844281733,-0.04715430736541748,0.23416924476623535,20,0.4702406842629611,-11.058047661761046,0,,,,,,,
1755672616.330432,0,leader,auto,0.24069514870643616,1.013666033744812,0.23151136934757233,0,1,0,-0.24069514870643616,-0.013666033744812012,-0.23151136934757233,0,0,0,0,1.0,-0.2424053752078979,0.03651578221027063,-0.18329067009544592,0.3618978363103851,0.9954081426396767,0.3231567043952953
1755672616.430804,1,follower,auto,0.0002449583844281733,1.0471543073654175,0.7658307552337646,0.0,1.0,1.0,-0.0002449583844281733,-0.04715430736541748,0.23416924476623535,0,0,0,0,1.0,-0.23521027553101276,-0.1823812778974483,-0.13254669365239935,0.11785009614993455,1.1383449463141417,0.8321041020599643
1755672616.431371,0,follower,auto,0.2072608917951584,1.0187442302703857,0.21309314668178558,0,1,0,-0.2072608917951584,-0.018744230270385742,-0.21309314668178558,-20,-20,-3.5227622289902567,0,,,,,,,
1755672616.531787,1,follower,auto,-0.050830207765102386,1.0753065347671509,0.822780430316925,0.0,1.0,1.0,0.050830207765102386,-0.07530653476715088,0.17721956968307495,20,12.467161528585113,-18.106237814599158,0,,,,,,,
1755672616.6361692,0,leader,auto,0.2072608917951584,1.0187442302703857,0.21309314668178558,0,1,0,-0.2072608917951584,-0.018744230270385742,-0.21309314668178558,0,0,0,0,1.0,-0.2666350090059286,0.02860416599531812,-0.17624843434134235,0.3405783962981227,1.0044421472727267,0.3012173638524568
1755672616.736664,1,follower,auto,-0.050830207765102386,1.0753065347671509,0.822780430316925,0.0,1.0,1.0,0.050830207765102386,-0.07530653476715088,0.17721956968307495,0,0,0,0,1.0,-0.23548631663925848,-0.24487016974908604,-0.12015464649781826,0.06691295055452685,1.197741619641694,0.8828577535658342
1755672616.7383122,0,follower,auto,0.17207454144954681,1.0136957168579102,0.19473177194595337,0,1,0,-0.17207454144954681,-0.013695716857910156,-0.19473177194595337,-20,-20,-2.4781095650627196,0,,,,,,,
1755672616.8391788,1,follower,auto,-0.09507977962493896,1.08890962600708,0.8803068399429321,0.0,1.0,1.0,0.09507977962493896,-0.08890962600708008,0.11969316005706787,20,20,-20,0,,,,,,,
1755672616.942472,0,leader,auto,0.17207454144954681,1.0136957168579102,0.19473177194595337,0,1,0,-0.17207454144954681,-0.013695716857910156,-0.19473177194595337,0,0,0,0,1.0,-0.28183746870886284,0.03251935633012015,-0.15681031590145178,0.31299327580397823,0.99743603869285,0.27313692989667926
1755672617.0429342,1,follower,auto,-0.09507977962493896,1.08890962600708,0.8803068399429321,0.0,1.0,1.0,0.09507977962493896,-0.08890962600708008,0.11969316005706787,0,0,0,0,1.0,-0.19984753921035414,-0.2935228399542731,-0.08686482530823458,0.00484398998023812,1.2356710459842166,0.9237392525970494
1755672617.0440793,0,follower,auto,0.13745853304862976,1.0036332607269287,0.17268383502960205,0,1,0,-0.13745853304862976,-0.003633260726928711,-0.17268383502960205,-20,-20,0.5847739569296246,0,,,,,,,
1755672617.1448848,1,follower,auto,-0.12632234394550323,1.0854549407958984,0.9376988410949707,0.0,1.0,1.0,0.12632234394550323,-0.08545494079589844,0.0623011589050293,14.927924963220494,20,-20,0,,,,,,,
1755672617.3157437,0,leader,auto,0.13745853304862976,1.0036332607269287,0.17268383502960205,0,1,0,-0.13745853304862976,-0.003633260726928711,-0.17268383502960205,0,0,0,0,1.0,-0.28913973380601504,0.04718665383590703,-0.13732298718386127,0.2820283999516373,0.9800399338089751,0.24134532862153268
1755672617.4162152,1,follower,auto,-0.12632234394550323,1.0854549407958984,0.9376988410949707,0.0,1.0,1.0,0.12632234394550323,-0.08545494079589844,0.0623011589050293,0,0,0,0,1.0,-0.1350318152119049,-0.33436035271117825,-0.04427378541583471,-0.05880643633955079,1.2526351171514876,0.959835733802888
1755672617.4168227,0,follower,auto,0.09272534400224686,0.986690104007721,0.14618609845638275,0,1,0,-0.09272534400224686,0.013309895992279053,-0.14618609845638275,-20,-20,3.667080720423156,0,,,,,,,
1755672617.5172162,1,follower,auto,-0.1345931887626648,1.06398344039917,1.0096206665039062,0.0,1.0,1.0,0.1345931887626648,-0.06398344039916992,-0.00962066650390625,-1.9630903087900466,20,-15.32338279883553,0,,,,,,,
1755672617.6299949,0,leader,auto,0.09272534400224686,0.986690104007721,0.14618609845638275,0,1,0,-0.09272534400224686,0.013309895992279053,-0.14618609845638275,0,0,0,0,1.0,-0.3026682656336359,0.0643365362320607,-0.1230012873359933,0.2440594768190648,0.9545218358916906,0.2076867421243794
1755672617.7304115,1,follower,auto,-0.1345931887626648,1.06398344039917,1.0096206665039062,0.0,1.0,1.0,0.1345931887626648,-0.06398344039916992,-0.00962066650390625,0,0,0,0,1.0,-0.05020000664444421,-0.36431862454861585,0.014650723766370555,-0.10949318544044269,1.2461427526734778,1.002295304620721
1755672617.7309752,0,follower,auto,0.05331237614154816,0.9710202217102051,0.1268450766801834,0,1,0,-0.05331237614154816,0.028979778289794922,-0.1268450766801834,-20,-12.858873952117836,7.689666477787046,0,,,,,,,
1755672617.8312836,1,follower,auto,-0.11247141659259796,1.0515145063400269,1.0663920640945435,0.0,1.0,1.0,0.11247141659259796,-0.051514506340026855,-0.06639206409454346,-15.970941339816045,20,-12.323764679731397,0,,,,,,,
1755672617.9661772,0,leader,auto,0.05331237614154816,0.9710202217102051,0.1268450766801834,0,1,0,-0.05331237614154816,0.028979778289794922,-0.1268450766801834,0,0,0,0,1.0,-0.3029255317674076,0.08968119431558508,-0.103740713221943,0.20477514202525196,0.9261796245524125,0.1787154332911549
1755672618.0664284,1,follower,auto,-0.11247141659259796,1.0515145063400269,1.0663920640945435,0.0,1.0,1.0,0.11247141659259796,-0.051514506340026855,-0.06639206409454346,0,0,0,0,1.0,0.04612251509162563,-0.34282980010255604,0.04326038267436427,-0.13553267413841077,1.2229294063913048,1.0447618727573613
1755672618.067269,0,follower,auto,0.01673251949250698,0.962347149848938,0.10669033229351044,0,1,0,-0.01673251949250698,0.03765285015106201,-0.10669033229351044,-20,-3.825907017495416,9.723827850504978,0,,,,,,,
1755672618.1691444,1,follower,auto,-0.06946966797113419,1.052658200263977,1.1090177297592163,0.0,1.0,1.0,0.06946966797113419,-0.05265820026397705,-0.10901772975921631,-20,16.852174097594567,-13.288435180455885,0,,,,,,,
1755672618.3344665,0,leader,auto,0.01673251949250698,0.962347149848938,0.10669033229351044,0,1,0,-0.01673251949250698,0.03765285015106201,-0.10669033229351044,0,0,0,0,1.0,-0.29187514035103523,0.12307265019150515,-0.09535196532764251,0.1626700896680246,0.9008108247531854,0.1543663149573317
1755672618.435025,1,follower,auto,-0.06946966797113419,1.052658200263977,1.1090177297592163,0.0,1.0,1.0,0.06946966797113419,-0.05265820026397705,-0.10901772975921631,0,0,0,0,1.0,0.1319351763546437,-0.2785037325494377,0.05271501809492274,-0.13543725614845603,1.191910066538696,1.0826602207117548
1755672618.436189,0,follower,auto,-0.006376981269568205,0.9615648984909058,0.08712867647409439,0,1,0,0.006376981269568205,0.03843510150909424,-0.08712867647409439,-20,1.1606982312109522,9.740720678771813,0,,,,,,,
1755672618.5369399,1,follower,auto,-0.013220248743891716,1.0488932132720947,1.1235158443450928,0.0,1.0,1.0,0.013220248743891716,-0.04889321327209473,-0.12351584434509277,-20,2.7079942352650903,-12.16883600457622,0,,,,,,,
1755672618.681055,0,leader,auto,-0.006376981269568205,0.9615648984909058,0.08712867647409439,0,1,0,0.006376981269568205,0.03843510150909424,-0.08712867647409439,0,0,0,0,1.0,-0.25627423594880605,0.15904411311929467,-0.09361369309080536,0.12176013670483482,0.8820428419312585,0.13393552301949707
1755672618.7816863,1,follower,auto,-0.013220248743891716,1.0488932132720947,1.1235158443450928,0.0,1.0,1.0,0.013220248743891716,-0.04889321327209473,-0.12351584434509277,0,0,0,0,1.0,0.19570588934470093,-0.2117541184102505,0.0389131686402171,-0.11107319341624218,1.15477027247722,1.1040592600249841
1755672618.7829804,0,follower,auto,-0.006101587321609259,0.9670615792274475,0.06814712285995483,0,1,0,0.006101587321609259,0.03293842077255249,-0.06814712285995483,-16.97714388513767,1.0774286375550612,8.736896742852116,0,,,,,,,
1755672618.8838172,1,follower,auto,0.04247180372476578,1.0324316024780273,1.10399329662323,0.0,1.0,1.0,-0.04247180372476578,-0.032431602478027344,-0.10399329662322998,-20,-10.351884172562038,-7.9836141149822275,0,,,,,,,
1755672619.0373633,0,leader,auto,-0.006101587321609259,0.9670615792274475,0.06814712285995483,0,1,0,0.006101587321609259,0.03293842077255249,-0.06814712285995483,0,0,0,0,1.0,-0.19598899429002992,0.1921756887594127,-0.09535221692952572,0.0918929098234057,0.8709737348477411,0.1158232313247177
1755672619.1378858,1,follower,auto,0.04247180372476578,1.0324316024780273,1.10399329662323,0.0,1.0,1.0,-0.04247180372476578,-0.032431602478027344,-0.10399329662322998,0,0,0,0,1.0,0.2160424610622806,-0.1562531468541244,0.007436495804886034,-0.06554942680637452,1.1105581759050895,1.1002750487207869
1755672619.1391587,0,follower,auto,0.010602034628391266,0.9757846593856812,0.05128557235002518,0,1,0,-0.010602034628391266,0.024215340614318848,-0.05128557235002518,-12.018449310494075,-2.010460496521125,6.711851170501585,0,,,,,,,
1755672619.239822,1,follower,auto,0.08595092594623566,1.0142803192138672,1.061978816986084,0.0,1.0,1.0,-0.08595092594623566,-0.014280319213867188,-0.061978816986083984,-14.924200329024167,-20,-2.818587055522901,0,,,,,,,
1755672619.3481011,0,leader,auto,0.010602034628391266,0.9757846593856812,0.05128557235002518,0,1,0,-0.010602034628391266,0.024215340614318848,-0.05128557235002518,0,0,0,0,1.0,-0.13462148722074313,0.21549272167314248,-0.09616371730246132,0.07791277823876283,0.86803829854911,0.09936743100125583
1755672619.4485784,1,follower,auto,0.08595092594623566,1.0142803192138672,1.061978816986084,0.0,1.0,1.0,-0.08595092594623566,-0.014280319213867188,-0.061978816986083984,0,0,0,0,1.0,0.18852296022696113,-0.09925461326636542,-0.023330713119422475,-0.00831055416724491,1.06390762584705,1.0736441735457953
1755672619.4490538,0,follower,auto,0.03277185186743736,0.9835453033447266,0.040128063410520554,0,1,0,-0.03277185186743736,0.016454696655273438,-0.040128063410520554,-10.032341970215025,-8.063257133089342,4.66029645691558,0,,,,,,,
1755672619.6494555,1,follower,auto,0.11036693304777145,1.0047398805618286,1.009801983833313,0.0,1.0,1.0,-0.11036693304777145,-0.004739880561828613,-0.009801983833312988,-1.942977783929876,-20,-0.7063129856344169,0,,,,,,,
1755672619.7623892,0,leader,auto,0.03277185186743736,0.9835453033447266,0.040128063410520554,0,1,0,-0.03277185186743736,0.016454696655273438,-0.040128063410520554,0,0,0,0,1.0,-0.09105849478812326,0.22312276072419313,-0.09084581687783339,0.078301099261499,0.87198392298263,0.08555097184943725
1755672619.8628945,1,follower,auto,0.11036693304777145,1.0047398805618286,1.009801983833313,0.0,1.0,1.0,-0.11036693304777145,-0.004739880561828613,-0.009801983833312988,0,0,0,0,1.0,0.12250348747348004,-0.04027247860269467,-0.044424934123319604,0.04911518931103144,1.024876119863176,1.0320144508949727
1755672619.8632488,0,follower,auto,0.0669373869895935,0.9904128909111023,0.03586871922016144,0,1,0,-0.0669373869895935,0.009587109088897705,-0.03586871922016144,-8.036470314624841,-16.150959258488665,2.580697315082682,0,,,,,,,
1755672619.9635556,1,follower,auto,0.10940445959568024,1.0002315044403076,0.934636116027832,0.0,1.0,1.0,-0.10940445959568024,-0.0002315044403076172,0.06536388397216797,16.03396570031298,-20,0.45908361668419523,0,,,,,,,
1755672620.1222057,0,leader,auto,0.0669373869895935,0.9904128909111023,0.03586871922016144,0,1,0,-0.0669373869895935,0.009587109088897705,-0.03586871922016144,0,0,0,0,1.0,-0.058970443186624005,0.22045847257657025,-0.07958979119184115,0.09642260858290551,0.8801836546228172,0.07566361481608201
1755672620.222793,1,follower,auto,0.10940445959568024,1.0002315044403076,0.934636116027832,0.0,1.0,1.0,-0.10940445959568024,-0.0002315044403076172,0.06536388397216797,0,0,0,0,1.0,0.03554002641996887,-0.0009872974542231017,-0.07414502090371111,0.0916344463856958,1.0007251531674193,0.9717086264796876
1755672620.224283,0,follower,auto,0.08733229339122772,0.9932689666748047,0.04568447545170784,0,1,0,-0.08733229339122772,0.0067310333251953125,-0.04568447545170784,-11.025058336485307,-20,1.4755124557452597,0,,,,,,,
1755672620.3250108,1,follower,auto,0.07937002182006836,0.9926783442497253,0.8861970901489258,0.0,1.0,1.0,-0.07937002182006836,0.007321655750274658,0.11380290985107422,20,-18.884639260111662,1.4186395563037149,0,,,,,,,
1755672620.4285572,0,leader,auto,0.08733229339122772,0.9932689666748047,0.04568447545170784,0,1,0,-0.08733229339122772,0.0067310333251953125,-0.04568447545170784,0,0,0,0,1.0,-0.06872007434182129,0.20771919393435045,-0.05689608985859332,0.12169233056213836,0.8894093697076295,0.0741325203810045
1755672620.5289884,1,follower,auto,0.07937002182006836,0.9926783442497253,0.8861970901489258,0.0,1.0,1.0,-0.07937002182006836,0.007321655750274658,0.11380290985107422,0,0,0,0,1.0,-0.059501470279705204,-0.0003543458275661049,-0.05754715452075665,0.10912075695992096,0.9928555171635084,0.9149706674093041
1755672620.5298123,0,follower,auto,0.09141184389591217,0.99517422914505,0.06196201592683792,0,1,0,-0.09141184389591217,0.004825770854949951,-0.06196201592683792,-15.021766764947438,-20,1.4064762331824658,0,,,,,,,
1755672620.6301951,1,follower,auto,0.03727400302886963,0.9845851063728333,0.8677627444267273,0.0,1.0,1.0,-0.03727400302886963,0.015414893627166748,0.1322372555732727,20,-8.757539003473047,3.2908279524699138,0,,,,,,,
1755672620.835016,0,leader,auto,0.09141184389591217,0.99517422914505,0.06196201592683792,0,1,0,-0.09141184389591217,0.004825770854949951,-0.06196201592683792,0,0,0,0,1.0,-0.10509984061244221,0.19688345608086433,-0.03658024111402944,0.14396176420213327,0.8967325011046179,0.08025213648385264
1755672620.9355388,1,follower,auto,0.03727400302886963,0.9845851063728333,0.8677627444267273,0.0,1.0,1.0,-0.03727400302886963,0.015414893627166748,0.1322372555732727,0,0,0,0,1.0,-0.13380333598566138,-0.02055314349261783,-0.016633879912422378,0.10417567102170032,0.9948616781191422,0.8760796843829385
1755672620.9366136,0,follower,auto,0.07924709469079971,0.9998563528060913,0.08878149837255478,0,1,0,-0.07924709469079971,0.0001436471939086914,-0.08878149837255478,-20,-19.034083921831566,0.3418281839126694,0,,,,,,,
1755672621.0372784,1,follower,auto,-0.03335706144571304,0.9787585735321045,0.8847336173057556,0.0,1.0,1.0,0.03335706144571304,0.021241426467895508,0.11526638269424438,20,8.427206452077174,5.103443579419115,0,,,,,,,
1755672621.140835,0,leader,auto,0.07924709469079971,0.9998563528060913,0.08878149837255478,0,1,0,-0.07924709469079971,0.0001436471939086914,-0.08878149837255478,0,0,0,0,1.0,-0.15217703461467863,0.19548237318420414,-0.014726234126361135,0.15533561199813903,0.9021151662139892,0.09614461543573535
1755672621.241402,1,follower,auto,-0.03335706144571304,0.9787585735321045,0.8847336173057556,0.0,1.0,1.0,0.03335706144571304,0.021241426467895508,0.11526638269424438,0,0,0,0,1.0,-0.19888062000650017,-0.04694711724449707,0.03710151963437125,0.06608324855753704,1.002232132154353,0.8661828574885699
1755672621.2533464,0,follower,auto,0.06046952307224274,1.0034997463226318,0.10302020609378815,0,1,0,-0.06046952307224274,-0.003499746322631836,-0.10302020609378815,-20,-14.99899655464939,0.3923924115548833,0,,,,,,,
1755672621.3536882,1,follower,auto,-0.08604035526514053,0.9848136305809021,0.9245500564575195,0.0,1.0,1.0,0.08604035526514053,0.0151863694190979,0.07544994354248047,17.99736047413677,20,2.9341575005780633,0,,,,,,,
1755672621.5013676,0,leader,auto,0.06046952307224274,1.0034997463226318,0.10302020609378815,0,1,0,-0.06046952307224274,-0.003499746322631836,-0.10302020609378815,0,0,0,0,1.0,-0.19071014552804544,0.20005933546847898,-0.015690997152077862,0.15582459583626546,0.9034700785883923,0.11086570466982708
1755672621.6020935,1,follower,auto,-0.08604035526514053,0.9848136305809021,0.9245500564575195,0.0,1.0,1.0,0.08604035526514053,0.0151863694190979,0.07544994354248047,0,0,0,0,1.0,-0.1911226415092322,-0.06497621602379544,0.07911423572667864,0.009520965489475577,1.0173017385927998,0.8849929385941802
1755672621.603874,0,follower,auto,0.035275448113679886,1.0046427249908447,0.10683763027191162,0,1,0,-0.035275448113679886,-0.0046427249908447266,-0.10683763027191162,-20,-7.968444101612722,-0.5195914120301514,0,,,,,,,
1755672621.7053182,1,follower,auto,-0.13294459879398346,0.9934396743774414,0.9845033288002014,0.0,1.0,1.0,0.13294459879398346,0.006560325622558594,0.015496671199798584,2.9663370878300968,20,0.7697194602826528,0,,,,,,,
1755672621.8557017,0,leader,auto,0.035275448113679886,1.0046427249908447,0.10683763027191162,0,1,0,-0.035275448113679886,-0.0046427249908447266,-0.10683763027191162,0,0,0,0,1.0,-0.21804249069242093,0.2058432482794953,-0.025888684818955565,0.14429669345989035,0.901721100851097,0.1197819726813894
1755672621.9563935,1,follower,auto,-0.13294459879398346,0.9934396743774414,0.9845033288002014,0.0,1.0,1.0,0.13294459879398346,0.006560325622558594,0.015496671199798584,0,0,0,0,1.0,-0.14808601706436741,-0.08486880401817398,0.11178527296230467,-0.05890159026179975,1.0358740763865284,0.9286106923190491
1755672621.9574509,0,follower,auto,0.015084661543369293,1.00149667263031,0.09799075871706009,0,1,0,-0.015084661543369293,-0.0014966726303100586,-0.09799075871706009,-20,-2.9721418809446556,0.5969622453801361,0,,,,,,,
1755672622.0581074,1,follower,auto,-0.1460646092891693,0.9984802603721619,1.0540951490402222,0.0,1.0,1.0,0.1460646092891693,0.0015197396278381348,-0.05409514904022217,-13.031476036584321,20,-0.35705261538209637,0,,,,,,,
1755672622.1613114,0,leader,auto,0.015084661543369293,1.00149667263031,0.09799075871706009,0,1,0,-0.015084661543369293,-0.0014966726303100586,-0.09799075871706009,0,0,0,0,1.0,-0.21941084463949967,0.21003714627669123,-0.04132002503601237,0.12479008386311913,0.8964780994919644,0.11865077123506627
1755672622.2617607,1,follower,auto,-0.1460646092891693,0.9984802603721619,1.0540951490402222,0.0,1.0,1.0,0.1460646092891693,0.0015197396278381348,-0.05409514904022217,0,0,0,0,1.0,-0.06241745061377221,-0.09542607662374003,0.12916465090981244,-0.1148558839822832,1.0461932986840319,0.9895128235853159
1755672622.2624454,0,follower,auto,0.007344949524849653,0.9954343438148499,0.08214463293552399,0,1,0,-0.007344949524849653,0.0045656561851501465,-0.08214463293552399,-19.971639028090518,-1.0136356491313239,1.683917814962641,0,,,,,,,
1755672622.363125,1,follower,auto,-0.13183295726776123,0.9953961968421936,1.0994349718093872,0.0,1.0,1.0,0.13183295726776123,0.0046038031578063965,-0.09943497180938721,-20,20,0.6841815466887291,0,,,,,,,
1755672622.5588756,0,leader,auto,0.007344949524849653,0.9954343438148499,0.08214463293552399,0,1,0,-0.007344949524849653,0.0045656561851501465,-0.08214463293552399,0,0,0,0,1.0,-0.19525732981742777,0.2145152185809952,-0.0537395098640846,0.10497361443356354,0.8881767345243523,0.10901438786756629
1755672622.6591997,1,follower,auto,-0.13183295726776123,0.9953961968421936,1.0994349718093872,0.0,1.0,1.0,0.13183295726776123,0.0046038031578063965,-0.09943497180938721,0,0,0,0,1.0,0.032137716671083394,-0.08911806105096565,0.10491786946440596,-0.14790181560330293,1.0399552273676764,1.0469760370771843
1755672622.6597548,0,follower,auto,0.012571718543767929,0.9836190342903137,0.05713505297899246,0,1,0,-0.012571718543767929,0.01638096570968628,-0.05713505297899246,-13.94167521920749,-3.0599336838544415,4.767841027221851,0,,,,,,,
1755672622.7601643,1,follower,auto,-0.08566591888666153,0.9839279055595398,1.1250312328338623,0.0,1.0,1.0,0.08566591888666153,0.016072094440460205,-0.1250312328338623,-20,20,3.760124720788197,0,,,,,,,
1755672622.8645675,0,leader,auto,0.012571718543767929,0.9836190342903137,0.05713505297899246,0,1,0,-0.012571718543767929,0.01638096570968628,-0.05713505297899246,0,0,0,0,1.0,-0.15755971393086526,0.21595684775149215,-0.06703485857759287,0.09135157550920056,0.8756406104145676,0.0906524822677889
1755672622.9649656,1,follower,auto,-0.08566591888666153,0.9839279055595398,1.1250312328338623,0.0,1.0,1.0,0.08566591888666153,0.016072094440460205,-0.1250312328338623,0,0,0,0,1.0,0.12910104650622695,-0.06811001674369654,0.06502248458781557,-0.150216442139775,1.017982913931388,1.0925199905399545
1755672622.9652991,0,follower,auto,0.025682970881462097,0.9716805815696716,0.03959682956337929,0,1,0,-0.025682970881462097,0.02831941843032837,-0.03959682956337929,-8.92850939788505,-6.092986767092973,7.757526181799702,0,,,,,,,
1755672623.065564,1,follower,auto,-0.03702065721154213,0.9781926870346069,1.1158212423324585,0.0,1.0,1.0,0.03702065721154213,0.021807312965393066,-0.1158212423324585,-20,8.77364540269342,4.933206041054784,0,,,,,,,
1755672623.1698875,0,leader,auto,0.025682970881462097,0.9716805815696716,0.03959682956337929,0,1,0,-0.025682970881462097,0.02831941843032837,-0.03959682956337929,0,0,0,0,1.0,-0.12285717637750201,0.21537921501723767,-0.066286577320219,0.0871115590702131,0.8639909740610527,0.07274011822348879
1755672623.2701702,1,follower,auto,-0.03702065721154213,0.9781926870346069,1.1158212423324585,0.0,1.0,1.0,0.03702065721154213,0.021807312965393066,-0.1158212423324585,0,0,0,0,1.0,0.19102386146238254,-0.027105220660282203,0.0019568419817062033,-0.1325325879427334,0.991745297364748,1.1148428213416053
1755672623.2712333,0,follower,auto,0.04510149732232094,0.9623165130615234,0.028932811692357063,0,1,0,-0.04510149732232094,0.03768348693847656,-0.028932811692357063,-6.9322186778726715,-11.115563460469136,9.713280023757378,0,,,,,,,
1755672623.3716538,1,follower,auto,0.01610771007835865,0.975945234298706,1.087188959121704,0.0,1.0,1.0,-0.01610771007835865,0.024054765701293945,-0.0871889591217041,-20,-4.284935902519921,6.078984107642429,0,,,,,,,
1755672623.476347,0,leader,auto,0.04510149732232094,0.9623165130615234,0.028932811692357063,0,1,0,-0.04510149732232094,0.03768348693847656,-0.028932811692357063,0,0,0,0,1.0,-0.09669161791832356,0.21151674720928282,-0.0621556969163255,0.09344730628148272,0.856558139456882,0.06001066015051981
1755672623.5769732,1,follower,auto,0.01610771007835865,0.975945234298706,1.087188959121704,0.0,1.0,1.0,-0.01610771007835865,0.024054765701293945,-0.0871889591217041,0,0,0,0,1.0,0.22187034965556834,0.018782308616676735,-0.05406845701047325,-0.09482746474942552,0.9665540799903677,1.1142231876269406
1755672623.580852,0,follower,auto,0.0645432397723198,0.9544240832328796,0.03316618502140045,0,1,0,-0.0645432397723198,0.04557591676712036,-0.03316618502140045,-7.939502513132767,-16.107436579363014,11.612036578952896,0,,,,,,,
1755672623.6816628,1,follower,auto,0.07065806537866592,0.9702041745185852,1.0436975955963135,0.0,1.0,1.0,-0.07065806537866592,0.029795825481414795,-0.04369759559631348,-9.979031361270486,-17.323480040084988,7.210526219291705,0,,,,,,,
1755672623.85224,0,leader,auto,0.0645432397723198,0.9544240832328796,0.03316618502140045,0,1,0,-0.0645432397723198,0.04557591676712036,-0.03316618502140045,0,0,0,0,1.0,-0.0879327728857808,0.20318319835803267,-0.050555246753927724,0.1085096262152102,0.8528324840538632,0.058443808398364314
1755672623.9527419,1,follower,auto,0.07065806537866592,0.9702041745185852,1.0436975955963135,0.0,1.0,1.0,-0.07065806537866592,0.029795825481414795,-0.04369759559631348,0,0,0,0,1.0,0.21889972138415806,0.05691770460776879,-0.09923437893810849,-0.038791795313413105,0.9417453222147008,1.0933147850653677
1755672623.953329,0,follower,auto,0.07929851114749908,0.9506865739822388,0.05311385542154312,0,1,0,-0.07929851114749908,0.04931342601776123,-0.05311385542154312,-12.966389456904613,-19.075203307836194,12.47732632997621,0,,,,,,,
1755672624.0538495,1,follower,auto,0.11279930174350739,0.9550268650054932,0.9854325652122498,0.0,1.0,1.0,-0.11279930174350739,0.044973134994506836,0.014567434787750244,3.070271533391315,-20,11.35037542142964,0,,,,,,,
1755672624.1926508,0,leader,auto,0.07929851114749908,0.9506865739822388,0.05311385542154312,0,1,0,-0.07929851114749908,0.04931342601776123,-0.05311385542154312,0,0,0,0,1.0,-0.09819196392168736,0.19688802313848108,-0.037113893907807505,0.12839449310834278,0.8522425624129982,0.07167080237544687
1755672624.2931452,1,follower,auto,0.11279930174350739,0.9550268650054932,0.9854325652122498,0.0,1.0,1.0,-0.11279930174350739,0.044973134994506836,0.014567434787750244,0,0,0,0,1.0,0.17235882777601103,0.07254394490907035,-0.13685512645422326,0.02661988785550186,0.918754892550958,1.0538601284393614
1755672624.294126,0,follower,auto,0.08139963448047638,0.9531343579292297,0.08234166353940964,0,1,0,-0.08139963448047638,0.046865642070770264,-0.08234166353940964,-20,-20,11.362879960516063,0,,,,,,,
1755672624.3946316,1,follower,auto,0.12778402864933014,0.936133861541748,0.932768702507019,0.0,1.0,1.0,-0.12778402864933014,0.06386613845825195,0.06723129749298096,16.1114136247818,-20,15.403861994172622,0,,,,,,,
1755672624.4993987,0,leader,auto,0.08139963448047638,0.9531343579292297,0.08234166353940964,0,1,0,-0.08139963448047638,0.046865642070770264,-0.08234166353940964,0,0,0,0,1.0,-0.12817747331516072,0.1991099565635479,-0.03099243352345324,0.14548837113805674,0.8535793796474558,0.09783788030113626
1755672624.5999458,1,follower,auto,0.12778402864933014,0.936133861541748,0.932768702507019,0.0,1.0,1.0,-0.12778402864933014,0.06386613845825195,0.06723129749298096,0,0,0,0,1.0,0.08986675356859805,0.06849302343204178,-0.15183484910308165,0.08285065186503111,0.9018873498257272,1.0086861270585599
1755672624.601215,0,follower,auto,0.07533282041549683,0.9596583247184753,0.10585477948188782,0,1,0,-0.07533282041549683,0.04034167528152466,-0.10585477948188782,-20,-17.96327111438235,10.335241666817357,0,,,,,,,
1755672624.7020009,1,follower,auto,0.11278785765171051,0.9290975332260132,0.9028708338737488,0.0,1.0,1.0,-0.11278785765171051,0.07090246677398682,0.09712916612625122,20,-20,17.341596880890574,0,,,,,,,
1755672624.8062875,0,leader,auto,0.07533282041549683,0.9596583247184753,0.10585477948188782,0,1,0,-0.07533282041549683,0.04034167528152466,-0.10585477948188782,0,0,0,0,1.0,-0.162365742277793,0.21035940915888762,-0.04283980512053878,0.15651569155439332,0.8544786201390315,0.1272746820421572
1755672624.9066777,1,follower,auto,0.11278785765171051,0.9290975332260132,0.9028708338737488,0.0,1.0,1.0,-0.11278785765171051,0.07090246677398682,0.09712916612625122,0,0,0,0,1.0,-0.007650854188352693,0.057418312576513086,-0.14133413891250735,0.11661328474588686,0.9003883769377566,0.9735379033300025
1755672624.9077444,0,follower,auto,0.06576360017061234,0.9698805212974548,0.11921804398298264,0,1,0,-0.06576360017061234,0.030119478702545166,-0.11921804398298264,-20,-15.948727228687169,7.364334187920001,0,,,,,,,
1755672625.0083306,1,follower,auto,0.07710574567317963,0.9322152733802795,0.8914685249328613,0.0,1.0,1.0,-0.07710574567317963,0.06778472661972046,0.10853147506713867,20,-18.851078754781124,16.25048136303951,0,,,,,,,
1755672625.1117418,0,leader,auto,0.06576360017061234,0.9698805212974548,0.11921804398298264,0,1,0,-0.06576360017061234,0.030119478702545166,-0.11921804398298264,0,0,0,0,1.0,-0.18955995209395093,0.22495720660516927,-0.06624979766884456,0.1605435762175878,0.8574019179948702,0.1523429428174049
1755672625.2120664,1,follower,auto,0.07710574567317963,0.9322152733802795,0.8914685249328613,0.0,1.0,1.0,-0.07710574567317963,0.06778472661972046,0.10853147506713867,0,0,0,0,1.0,-0.09656003925455464,0.038015743738394,-0.12503643128185238,0.12538576530045695,0.9132074015110825,0.9539867405737875
1755672625.2124813,0,follower,auto,0.05411239340901375,0.9776313304901123,0.1223926916718483,0,1,0,-0.05411239340901375,0.022368669509887695,-0.1223926916718483,-20,-12.953220697476256,5.42464031711671,0,,,,,,,
1755672625.3128417,1,follower,auto,0.028285708278417587,0.9414721131324768,0.9018571376800537,0.0,1.0,1.0,-0.028285708278417587,0.05852788686752319,0.09814286231994629,20,-6.732741872107518,14.122838654339699,0,,,,,,,
1755672625.4281929,0,leader,auto,0.05411239340901375,0.9776313304901123,0.1223926916718483,0,1,0,-0.05411239340901375,0.022368669509887695,-0.1223926916718483,0,0,0,0,1.0,-0.20791857410085463,0.2340377134796262,-0.09087025910632748,0.15807168045944106,0.8606124737502991,0.16782782122501205
1755672625.528909,1,follower,auto,0.028285708278417587,0.9414721131324768,0.9018571376800537,0.0,1.0,1.0,-0.028285708278417587,0.05852788686752319,0.09814286231994629,0,0,0,0,1.0,-0.16624443321084906,0.011792456855577838,-0.10259458695175505,0.11140792488384212,0.9355758847046879,0.9531544311559312
1755672625.529499,0,follower,auto,0.043656330555677414,0.9822040796279907,0.11851535737514496,0,1,0,-0.043656330555677414,0.017795920372009277,-0.11851535737514496,-20,-9.9831322444182,4.49149114574627,0,,,,,,,
1755672625.6299043,1,follower,auto,-0.032560840249061584,0.9559891223907471,0.9320451021194458,0.0,1.0,1.0,0.032560840249061584,0.04401087760925293,0.0679548978805542,15.943533159170824,8.376814441342493,10.982247899091359,0,,,,,,,
1755672625.7976468,0,leader,auto,0.043656330555677414,0.9822040796279907,0.11851535737514496,0,1,0,-0.043656330555677414,0.017795920372009277,-0.11851535737514496,0,0,0,0,1.0,-0.21430166170646064,0.23901726691850178,-0.10929619399031176,0.15080716140890774,0.8626954461687398,0.17316345437030084
1755672625.8981898,1,follower,auto,-0.032560840249061584,0.9559891223907471,0.9320451021194458,0.0,1.0,1.0,0.032560840249061584,0.04401087760925293,0.0679548978805542,0,0,0,0,1.0,-0.20820877286906148,-0.01688448905964779,-0.07851553066222339,0.07154354618546915,0.964431366920571,0.9713028674505575
1755672625.8995388,0,follower,auto,0.04293252155184746,0.9868773818016052,0.10935584455728531,0,1,0,-0.04293252155184746,0.013122618198394775,-0.10935584455728531,-20,-10.059825634664337,3.5647750329543233,0,,,,,,,
1755672626.0000844,1,follower,auto,-0.0931425616145134,0.974140465259552,0.9848443269729614,0.0,1.0,1.0,0.0931425616145134,0.025859534740447998,0.015155673027038574,2.9097477653247945,20,5.8140598899472105,0,,,,,,,
1755672626.104361,0,leader,auto,0.04293252155184746,0.9868773818016052,0.10935584455728531,0,1,0,-0.04293252155184746,0.013122618198394775,-0.10935584455728531,0,0,0,0,1.0,-0.2027429675847232,0.2448763879893805,-0.12063209751988463,0.14430400534420906,0.864439187806915,0.16967189331722762
1755672626.2047946,1,follower,auto,-0.0931425616145134,0.974140465259552,0.9848443269729614,0.0,1.0,1.0,0.0931425616145134,0.025859534740447998,0.015155673027038574,0,0,0,0,1.0,-0.20597468699396354,-0.042350247331721436,-0.04935090285606991,0.009844781882468373,0.9953155889254127,1.0095197784009964
1755672626.205478,0,follower,auto,0.050540000200271606,0.992146909236908,0.0968673899769783,0,1,0,-0.050540000200271606,0.007853090763092041,-0.0968673899769783,-20,-12.132005083547842,1.6244413586428488,0,,,,,,,
1755672626.3059213,1,follower,auto,-0.1271258294582367,0.9852051734924316,1.0304428339004517,0.0,1.0,1.0,0.1271258294582367,0.01479482650756836,-0.03044283390045166,-7.07167504851154,20,2.770146898369442,0,,,,,,,
1755672626.414583,0,leader,auto,0.050540000200271606,0.992146909236908,0.0968673899769783,0,1,0,-0.050540000200271606,0.007853090763092041,-0.0968673899769783,0,0,0,0,1.0,-0.1845001507753341,0.25126082662725147,-0.12474951925368083,0.14279007558793866,0.8665164959232823,0.15924214960381872
1755672626.5152068,1,follower,auto,-0.1271258294582367,0.9852051734924316,1.0304428339004517,0.0,1.0,1.0,0.1271258294582367,0.01479482650756836,-0.03044283390045166,0,0,0,0,1.0,-0.1438409624451086,-0.0621149915557877,-0.04432880356904079,-0.0552053482356824,1.0162626692703256,1.052607235684972
1755672626.5272696,0,follower,auto,0.05990861356258392,0.9945389032363892,0.07988954335451126,0,1,0,-0.05990861356258392,0.00546109676361084,-0.07988954335451126,-19.022293215782753,-14.16649199127758,1.686739549248538,0,,,,,,,
1755672626.6278589,1,follower,auto,-0.13929495215415955,0.9896489381790161,1.0734624862670898,0.0,1.0,1.0,0.13929495215415955,0.010351061820983887,-0.07346248626708984,-18.038481859636697,20,1.7422613437296302,0,,,,,,,
1755672626.755283,0,leader,auto,0.05990861356258392,0.9945389032363892,0.07988954335451126,0,1,0,-0.05990861356258392,0.00546109676361084,-0.07988954335451126,0,0,0,0,1.0,-0.17283460218602587,0.25398725464645777,-0.12418959717362416,0.14632591465559686,0.8675452759131603,0.14198434194132334
1755672626.856082,1,follower,auto,-0.13929495215415955,0.9896489381790161,1.0734624862670898,0.0,1.0,1.0,0.13929495215415955,0.010351061820983887,-0.07346248626708984,0,0,0,0,1.0,-0.060891087651723075,-0.06719858275669943,-0.04406373913491479,-0.10884940832829801,1.0232482295573657,1.0954943558345471
1755672626.8572464,0,follower,auto,0.06812787055969238,0.9935546517372131,0.06382142752408981,0,1,0,-0.06812787055969238,0.006445348262786865,-0.06382142752408981,-15.00510395937899,-17.162259480654015,1.713096036526299,0,,,,,,,
1755672626.9582074,1,follower,auto,-0.12128487229347229,0.9878379106521606,1.0945401191711426,0.0,1.0,1.0,0.12128487229347229,0.012162089347839355,-0.09454011917114258,-20,20,2.8145642596579,0,,,,,,,
1755672627.1006331,0,leader,auto,0.06812787055969238,0.9935546517372131,0.06382142752408981,0,1,0,-0.06812787055969238,0.006445348262786865,-0.06382142752408981,0,0,0,0,1.0,-0.17021925409483135,0.2532174085479344,-0.11599337308864507,0.15323749760710806,0.8669459474632459,0.12181811406841235
1755672627.2011294,1,follower,auto,-0.12128487229347229,0.9878379106521606,1.0945401191711426,0.0,1.0,1.0,0.12128487229347229,0.012162089347839355,-0.09454011917114258,0,0,0,0,1.0,0.03502542843720041,-0.053252787917989375,-0.06453102598472271,-0.1387975865120725,1.0144643046111552,1.1268056321635038
1755672627.2023246,0,follower,auto,0.07343906164169312,0.9943919777870178,0.04972529411315918,0,1,0,-0.07343906164169312,0.005608022212982178,-0.04972529411315918,-12.00724077753347,-18.130061128824597,1.711209149513464,0,,,,,,,
1755672627.3030672,1,follower,auto,-0.0818452313542366,0.9890222549438477,1.0890685319900513,0.0,1.0,1.0,0.0818452313542366,0.010977745056152344,-0.08906853199005127,-20,19.91615053879912,1.9492733658282877,0,,,,,,,
1755672627.4060059,0,leader,auto,0.07343906164169312,0.9943919777870178,0.04972529411315918,0,1,0,-0.07343906164169312,0.005608022212982178,-0.04972529411315918,0,0,0,0,1.0,-0.17706655765835766,0.2519339484086771,-0.10351683854698587,0.16197234047087194,0.8684250035826793,0.10148371338665212
1755672627.506382,1,follower,auto,-0.0818452313542366,0.9890222549438477,1.0890685319900513,0.0,1.0,1.0,0.0818452313542366,0.010977745056152344,-0.08906853199005127,0,0,0,0,1.0,0.12196146756960657,-0.019556823525832767,-0.09961128193549817,-0.1428259651390399,0.998800666706764,1.1388741729578005
1755672627.5070527,0,follower,auto,0.07217106223106384,0.9959179759025574,0.04345809295773506,0,1,0,-0.07217106223106384,0.004082024097442627,-0.04345809295773506,-10.008836353218918,-18.069833717223897,1.6656110690098467,0,,,,,,,
1755672627.6075463,1,follower,auto,-0.034649185836315155,0.9938821792602539,1.0651378631591797,0.0,1.0,1.0,0.034649185836315155,0.006117820739746094,-0.06513786315917969,-16.02111613719002,7.812762746565626,1.0793647395351207,0,,,,,,,
1755672627.712376,0,leader,auto,0.07217106223106384,0.9959179759025574,0.04345809295773506,0,1,0,-0.07217106223106384,0.004082024097442627,-0.04345809295773506,0,0,0,0,1.0,-0.19280480202549038,0.24635275479370933,-0.0839146694718742,0.16857346324380904,0.8727415985057028,0.08541542769367216
1755672627.8126516,1,follower,auto,-0.034649185836315155,0.9938821792602539,1.0651378631591797,0.0,1.0,1.0,0.034649185836315155,0.006117820739746094,-0.06513786315917969,0,0,0,0,1.0,0.18456473952342206,0.022335716341773115,-0.1305869751910098,-0.12693155559802619,0.9827143210893674,1.1304313507546846
1755672627.8130512,0,follower,auto,0.06611365079879761,0.9960031509399414,0.04702615737915039,0,1,0,-0.06611365079879761,0.003996849060058594,-0.04702615737915039,-11.002947504638543,-16.00530170074907,0.5892658842671353,0,,,,,,,
1755672627.9133031,1,follower,auto,0.01774638704955578,0.9954943060874939,1.02781081199646,0.0,1.0,1.0,-0.01774638704955578,0.0045056939125061035,-0.02781081199645996,-6.01316691031556,-4.266439868553553,1.1960146026098335,0,,,,,,,
1755672628.0178645,0,leader,auto,0.06611365079879761,0.9960031509399414,0.04702615737915039,0,1,0,-0.06611365079879761,0.003996849060058594,-0.04702615737915039,0,0,0,0,1.0,-0.21003683380613325,0.23488547842572916,-0.06006990356345758,0.17113206770186423,0.8785604117270769,0.07706110916087919
1755672628.1182163,1,follower,auto,0.01774638704955578,0.9954943060874939,1.02781081199646,0.0,1.0,1.0,-0.01774638704955578,0.0045056939125061035,-0.02781081199645996,0,0,0,0,1.0,0.21595913384820536,0.054491804779675634,-0.15140948062677806,-0.0902331798745469,0.9682484036976561,1.103515552309849
1755672628.1194048,0,follower,auto,0.058535002171993256,0.9952831864356995,0.0582292415201664,0,1,0,-0.058535002171993256,0.004716813564300537,-0.0582292415201664,-13.998084343468818,-13.959094331441245,1.5099313930591476,0,,,,,,,
1755672628.2200766,1,follower,auto,0.0618012472987175,0.9947572946548462,0.9861389398574829,0.0,1.0,1.0,-0.0618012472987175,0.005242705345153809,0.01386106014251709,2.999369317917524,-15.275628228163443,1.2736216625953793,0,,,,,,,
1755672628.3255198,0,leader,auto,0.058535002171993256,0.9952831864356995,0.0582292415201664,0,1,0,-0.058535002171993256,0.004716813564300537,-0.0582292415201664,0,0,0,0,1.0,-0.22147681022531257,0.2229076647149506,-0.03689687352447371,0.16927340728464954,0.8838293540782242,0.07667767828240325
1755672628.4259617,1,follower,auto,0.0618012472987175,0.9947572946548462,0.9861389398574829,0.0,1.0,1.0,-0.0618012472987175,0.005242705345153809,0.01386106014251709,0,0,0,0,1.0,0.2039320391359599,0.07041945131447747,-0.15676290527965486,-0.04016477226926245,0.9595475689976074,1.0645203924973103
1755672628.4272316,0,follower,auto,0.050425607711076736,0.9926342368125916,0.06948210299015045,0,1,0,-0.050425607711076736,0.007365763187408447,-0.06948210299015045,-16.987162890731,-11.9300973569685,1.4670283461636462,0,,,,,,,
1755672628.5279233,1,follower,auto,0.09069129079580307,0.9943711757659912,0.9500399231910706,0.0,1.0,1.0,-0.09069129079580307,0.005628824234008789,0.04996007680892944,12.000295670815854,-20,1.2923914223577107,0,,,,,,,
1755672628.629656,0,leader,auto,0.050425607711076736,0.9926342368125916,0.06948210299015045,0,1,0,-0.050425607711076736,0.007365763187408447,-0.06948210299015045,0,0,0,0,1.0,-0.22618326188468374,0.2133843205541177,-0.024187731422359707,0.1635172386534186,0.8859420765355327,0.0815759687013303
1755672628.7299824,1,follower,auto,0.09069129079580307,0.9943711757659912,0.9500399231910706,0.0,1.0,1.0,-0.09069129079580307,0.005628824234008789,0.04996007680892944,0,0,0,0,1.0,0.15320280406008038,0.0708054362157402,-0.14416698042654819,0.014089888765762879,0.9589684576581211,1.0221234134043446
1755672628.7305045,0,follower,auto,0.04438680037856102,0.9880661368370056,0.08002746850252151,0,1,0,-0.04438680037856102,0.011933863162994385,-0.08002746850252151,-19.974272316306443,-10.928110053027682,2.4451234881587673,0,,,,,,,
1755672628.8308318,1,follower,auto,0.09906011074781418,0.993071436882019,0.9263706803321838,0.0,1.0,1.0,-0.09906011074781418,0.006928563117980957,0.07362931966781616,18.002857073542042,-20,1.2578227272530056,0,,,,,,,
1755672628.9363687,0,leader,auto,0.04438680037856102,0.9880661368370056,0.08002746850252151,0,1,0,-0.04438680037856102,0.011933863162994385,-0.08002746850252151,0,0,0,0,1.0,-0.2225631696110092,0.20875375857316603,-0.01831454347551416,0.15566838518406562,0.8836892575504226,0.08918474024027859
1755672629.0375388,1,follower,auto,0.09906011074781418,0.993071436882019,0.9263706803321838,0.0,1.0,1.0,-0.09906011074781418,0.006928563117980957,0.07362931966781616,0,0,0,0,1.0,0.07659276669286053,0.05312813246533665,-0.11663994698496838,0.060763727401383916,0.9665073706493508,0.984690653824668
1755672629.0392172,0,follower,auto,0.0444113127887249,0.9831109642982483,0.09117936342954636,0,1,0,-0.0444113127887249,0.01688903570175171,-0.09117936342954636,-20,-10.965803122858707,4.430813496098156,0,,,,,,,
1755672629.1402833,1,follower,auto,0.08203471451997757,0.9886552691459656,0.9186063408851624,0.0,1.0,1.0,-0.08203471451997757,0.011344730854034424,0.08139365911483765,20,-19.97992157545263,2.1858426355093616,0,,,,,,,
1755672629.3049166,0,leader,auto,0.0444113127887249,0.9831109642982483,0.09117936342954636,0,1,0,-0.0444113127887249,0.01688903570175171,-0.09117936342954636,0,0,0,0,1.0,-0.2100384919117494,0.21141291423570352,-0.01593452553231038,0.1494305587445996,0.8774045071803965,0.09914662619570155
1755672629.405427,1,follower,auto,0.08203471451997757,0.9886552691459656,0.9186063408851624,0.0,1.0,1.0,-0.08203471451997757,0.011344730854034424,0.08139365911483765,0,0,0,0,1.0,-0.012467961839097347,0.019451225391938,-0.08006455329061857,0.08826869543952624,0.9789296564499965,0.9586386175304716
1755672629.4088504,0,follower,auto,0.053413085639476776,0.979449450969696,0.09835276007652283,0,1,0,-0.053413085639476776,0.020550549030303955,-0.09835276007652283,-20,-13.04630926477626,5.450523328568112,0,,,,,,,
1755672629.509471,1,follower,auto,0.033431969583034515,0.9870408773422241,0.9322600960731506,0.0,1.0,1.0,-0.033431969583034515,0.012959122657775879,0.06773990392684937,16.00831738392084,-7.771084061955137,3.066999473207292,0,,,,,,,
1755672629.6510983,0,leader,auto,0.053413085639476776,0.979449450969696,0.09835276007652283,0,1,0,-0.053413085639476776,0.020550549030303955,-0.09835276007652283,0,0,0,0,1.0,-0.19106200131056772,0.21923724728067817,-0.02203841154959331,0.14894408629476064,0.8698308273293569,0.10937196585131947
1755672629.7515306,1,follower,auto,0.033431969583034515,0.9870408773422241,0.9322600960731506,0.0,1.0,1.0,-0.033431969583034515,0.012959122657775879,0.06773990392684937,0,0,0,0,1.0,-0.10768283906089854,-0.01594703798988495,-0.03694008571359997,0.08727338911348378,0.9950143963371666,0.9507301389299506
1755672629.7526999,0,follower,auto,0.06392225623130798,0.9774729609489441,0.09660385549068451,0,1,0,-0.06392225623130798,0.022527039051055908,-0.09660385549068451,-20,-15.110382880576596,5.515376271541586,0,,,,,,,
1755672629.853381,1,follower,auto,-0.029324719682335854,0.9907154440879822,0.9682325124740601,0.0,1.0,1.0,0.029324719682335854,0.009284555912017822,0.03176748752593994,6.9804830017077,7.384604460986041,1.9161418193677355,0,,,,,,,
1755672630.0071251,0,leader,auto,0.06392225623130798,0.9774729609489441,0.09660385549068451,0,1,0,-0.06392225623130798,0.022527039051055908,-0.09660385549068451,0,0,0,0,1.0,-0.17973832744193408,0.22948782980131832,-0.03792049031114614,0.15379141995227502,0.8627290460482849,0.11556410064625758
1755672630.107515,1,follower,auto,-0.029324719682335854,0.9907154440879822,0.9682325124740601,0.0,1.0,1.0,0.029324719682335854,0.009284555912017822,0.03176748752593994,0,0,0,0,1.0,-0.1696775073279187,-0.04324923585592577,0.006459615814575215,0.055514033981623495,1.012340062015945,0.9650027045667724
1755672630.1085815,0,follower,auto,0.07262447476387024,0.9734461307525635,0.0928431823849678,0,1,0,-0.07262447476387024,0.026553869247436523,-0.0928431823849678,-20,-18.153694521839363,6.570615366320512,0,,,,,,,
1755672630.2092373,1,follower,auto,-0.09540018439292908,1.0001474618911743,1.021344542503357,0.0,1.0,1.0,0.09540018439292908,-0.0001474618911743164,-0.021344542503356934,-5.059106725979237,20,-0.22843563812675205,0,,,,,,,
1755672630.3131983,0,leader,auto,0.07262447476387024,0.9734461307525635,0.0928431823849678,0,1,0,-0.07262447476387024,0.026553869247436523,-0.0928431823849678,0,0,0,0,1.0,-0.17841214252652737,0.23649863279991745,-0.050734240161562305,0.16183054602713393,0.8551968143526048,0.11821030246574896
1755672630.4135911,1,follower,auto,-0.09540018439292908,1.0001474618911743,1.021344542503357,0.0,1.0,1.0,0.09540018439292908,-0.0001474618911743164,-0.021344542503356934,0,0,0,0,1.0,-0.18473158693271127,-0.055095920223305006,0.04293076528066231,-0.003034390926573441,1.027695422002827,0.9998791598630258
1755672630.4141283,0,follower,auto,0.07700899988412857,0.9719646573066711,0.08776268362998962,0,1,0,-0.07700899988412857,0.028035342693328857,-0.08776268362998962,-20,-19.163179983334228,7.6113726784946625,0,,,,,,,
1755672630.5145814,1,follower,auto,-0.1378260999917984,1.0104552507400513,1.0643963813781738,0.0,1.0,1.0,0.1378260999917984,-0.01045525074005127,-0.06439638137817383,-16.079312847414133,20,-2.248198388539857,0,,,,,,,
1755672630.6188912,0,leader,auto,0.07700899988412857,0.9719646573066711,0.08776268362998962,0,1,0,-0.07700899988412857,0.028035342693328857,-0.08776268362998962,0,0,0,0,1.0,-0.18773158802611045,0.24599448675371105,-0.061480159291043,0.1708747938971838,0.8489674139298156,0.11850276327551112
1755672630.7193449,1,follower,auto,-0.1378260999917984,1.0104552507400513,1.0643963813781738,0.0,1.0,1.0,0.1378260999917984,-0.01045525074005127,-0.06439638137817383,0,0,0,0,1.0,-0.13567786653809388,-0.05122767021969943,0.04832943092770625,-0.06998716672275147,1.0360690858499009,1.0402316659143207
1755672630.7204685,0,follower,auto,0.07724998891353607,0.9751360416412354,0.08289968222379684,0,1,0,-0.07724998891353607,0.02486395835876465,-0.08289968222379684,-19.982254207473883,-19.152861052494192,6.635415562098089,0,,,,,,,
1755672630.8217056,1,follower,auto,-0.15869204699993134,1.020570993423462,1.0951883792877197,0.0,1.0,1.0,0.15869204699993134,-0.020570993423461914,-0.09518837928771973,-20,20,-5.2153650604257304,0,,,,,,,
1755672631.0272446,0,leader,auto,0.07724998891353607,0.9751360416412354,0.08289968222379684,0,1,0,-0.07724998891353607,0.02486395835876465,-0.08289968222379684,0,0,0,0,1.0,-0.20255681568825928,0.2581756574383046,-0.0699433830351196,0.1785283967576657,0.846048212922083,0.11787137374135664
1755672631.127633,1,follower,auto,-0.15869204699993134,1.020570993423462,1.0951883792877197,0.0,1.0,1.0,0.15869204699993134,-0.020570993423461914,-0.09518837928771973,0,0,0,0,1.0,-0.0600935870923822,-0.029820341620569568,0.03763406100955757,-0.12864525345374023,1.0354811642337467,1.076371348782941
1755672631.1279857,0,follower,auto,0.07099830359220505,0.9809710383415222,0.07876341789960861,0,1,0,-0.07099830359220505,0.019028961658477783,-0.07876341789960861,-18.998795763356057,-17.106966398877187,4.642189658464451,0,,,,,,,
1755672631.2282631,1,follower,auto,-0.14539290964603424,1.028580665588379,1.1061044931411743,0.0,1.0,1.0,0.14539290964603424,-0.028580665588378906,-0.10610449314117432,-20,20,-7.124649875985662,0,,,,,,,
1755672631.3342571,0,leader,auto,0.07099830359220505,0.9809710383415222,0.07876341789960861,0,1,0,-0.07099830359220505,0.019028961658477783,-0.07876341789960861,0,0,0,0,1.0,-0.22143598782438828,0.2688398133331167,-0.07518763657479308,0.1817162975043992,0.8465511316749639,0.11635723618700515
1755672631.4345262,1,follower,auto,-0.14539290964603424,1.028580665588379,1.1061044931411743,0.0,1.0,1.0,0.14539290964603424,-0.028580665588378906,-0.10610449314117432,0,0,0,0,1.0,0.03607018808897039,0.0008646760739414727,0.014991472784148696,-0.16342800369051944,1.028148327551408,1.0986087567490999
1755672631.4349406,0,follower,auto,0.060636408627033234,0.9828130006790161,0.07585891336202621,0,1,0,-0.060636408627033234,0.017186999320983887,-0.07585891336202621,-17.98874567380624,-15.051326440638984,4.625925785088974,0,,,,,,,
1755672631.5351884,1,follower,auto,-0.1088750883936882,1.0281447172164917,1.0858445167541504,0.0,1.0,1.0,0.1088750883936882,-0.0281447172164917,-0.08584451675415039,-20,20,-6.95337303046199,0,,,,,,,
1755672631.6512458,0,leader,auto,0.060636408627033234,0.9828130006790161,0.07585891336202621,0,1,0,-0.060636408627033234,0.017186999320983887,-0.07585891336202621,0,0,0,0,1.0,-0.23659223078746355,0.2703588657477676,-0.07595705865625291,0.178932524020765,0.8476335678051323,0.11383744269015267
1755672631.7515903,1,follower,auto,-0.1088750883936882,1.0281447172164917,1.0858445167541504,0.0,1.0,1.0,0.1088750883936882,-0.0281447172164917,-0.08584451675415039,0,0,0,0,1.0,0.12484584641186772,0.027701037059217004,-0.02143066478793898,-0.17129801159962205,1.0142941986868832,1.0965598491481199
1755672631.7522233,0,follower,auto,0.04877721890807152,0.9831948280334473,0.0718274936079979,0,1,0,-0.04877721890807152,0.016805171966552734,-0.0718274936079979,-16.979180617425076,-11.997377573957051,4.606210232461821,0,,,,,,,
1755672631.8526123,1,follower,auto,-0.055056627839803696,1.0285389423370361,1.0439907312393188,0.0,1.0,1.0,0.055056627839803696,-0.028538942337036133,-0.04399073123931885,-10.032943070218467,12.789946729681708,-6.791726543944515,0,,,,,,,
1755672632.0090773,0,leader,auto,0.04877721890807152,0.9831948280334473,0.0718274936079979,0,1,0,-0.04877721890807152,0.016805171966552734,-0.0718274936079979,0,0,0,0,1.0,-0.2441575173083076,0.2687218820434928,-0.07677761659258003,0.17085597756222531,0.8488338870117009,0.11021630190428791
1755672632.1094458,1,follower,auto,-0.055056627839803696,1.0285389423370361,1.0439907312393188,0.0,1.0,1.0,0.055056627839803696,-0.028538942337036133,-0.04399073123931885,0,0,0,0,1.0,0.1977951056260241,0.06001031845014104,-0.05278202313617286,-0.15395418065281574,0.9985337831119656,1.0703817428074052
1755672632.1101508,0,follower,auto,0.03926711902022362,0.982041597366333,0.06677591800689697,0,1,0,-0.03926711902022362,0.017958402633666992,-0.06677591800689697,-15.969032958535323,-8.954740362915398,4.576431709881225,0,,,,,,,
1755672632.2118113,1,follower,auto,0.015667781233787537,1.0287742614746094,0.9806782603263855,0.0,1.0,1.0,-0.015667781233787537,-0.028774261474609375,0.019321739673614502,3.969251080666332,-3.364588988947327,-6.62495760796709,0,,,,,,,
1755672632.3540123,0,leader,auto,0.03926711902022362,0.982041597366333,0.06677591800689697,0,1,0,-0.03926711902022362,0.017958402633666992,-0.06677591800689697,0,0,0,0,1.0,-0.24049742209999136,0.26453698104419043,-0.0774398284787974,0.1595158300702193,0.8497731068442378,0.10549583224629568
1755672632.4545593,1,follower,auto,0.015667781233787537,1.0287742614746094,0.9806782603263855,0.0,1.0,1.0,-0.015667781233787537,-0.028774261474609375,0.019321739673614502,0,0,0,0,1.0,0.25011997308866907,0.08183827394134047,-0.07942991954491485,-0.109392205310547,0.9878551245039391,1.020393220098843
1755672632.4554985,0,follower,auto,0.03530194237828255,0.9786694645881653,0.06557652354240417,0,1,0,-0.03530194237828255,0.021330535411834717,-0.06557652354240417,-15.955770474489919,-7.937364142329395,5.5261697490082975,0,,,,,,,
1755672632.5559583,1,follower,auto,0.08222918212413788,1.027316689491272,0.9200851917266846,0.0,1.0,1.0,-0.08222918212413788,-0.027316689491271973,0.07991480827331543,18.976120671127543,-20,-5.561199173564443,0,,,,,,,
1755672632.6607566,0,leader,auto,0.03530194237828255,0.9786694645881653,0.06557652354240417,0,1,0,-0.03530194237828255,0.021330535411834717,-0.06557652354240417,0,0,0,0,1.0,-0.2252423720658424,0.2576770727189279,-0.07307439700166338,0.14792312841120375,0.8498309282287013,0.10211372204323586
1755672632.7612014,1,follower,auto,0.08222918212413788,1.027316689491272,0.9200851917266846,0.0,1.0,1.0,-0.08222918212413788,-0.027316689491271973,0.07991480827331543,0,0,0,0,1.0,0.2512464115315965,0.08136143030946952,-0.07784941345994245,-0.04339402364166037,0.9866359743365372,0.9590098984566557
1755672632.761941,0,follower,auto,0.038028642535209656,0.9729043245315552,0.07041950523853302,0,1,0,-0.038028642535209656,0.027095675468444824,-0.07041950523853302,-16.94118167216074,-8.947793892753392,6.470950424047315,0,,,,,,,
1755672632.8623636,1,follower,auto,0.12688596546649933,1.023058295249939,0.882505476474762,0.0,1.0,1.0,-0.12688596546649933,-0.023058295249938965,0.11749452352523804,20,-20,-4.623964970479825,0,,,,,,,
1755672632.9661703,0,leader,auto,0.038028642535209656,0.9729043245315552,0.07041950523853302,0,1,0,-0.038028642535209656,0.027095675468444824,-0.07041950523853302,0,0,0,0,1.0,-0.20309336834762015,0.24977248666201923,-0.06526026706136656,0.13957532670901973,0.8480180812005456,0.1030496387692163
1755672633.0664651,1,follower,auto,0.12688596546649933,1.023058295249939,0.882505476474762,0.0,1.0,1.0,-0.12688596546649933,-0.023058295249938965,0.11749452352523804,0,0,0,0,1.0,0.19231776439785955,0.05365076544274794,-0.04303514895391736,0.030727083267569552,0.9962329125285649,0.9040230509517206
1755672633.0669012,0,follower,auto,0.046537529677152634,0.9696510434150696,0.07688144594430923,0,1,0,-0.046537529677152634,0.03034895658493042,-0.07688144594430923,-18.948433040542877,-10.973975580254873,7.442170371524097,0,,,,,,,
1755672633.1672392,1,follower,auto,0.15002791583538055,1.0184600353240967,0.8672162294387817,0.0,1.0,1.0,-0.15002791583538055,-0.01846003532409668,0.13278377056121826,20,-20,-3.731000048866993,0,,,,,,,
1755672633.324862,0,leader,auto,0.046537529677152634,0.9696510434150696,0.07688144594430923,0,1,0,-0.046537529677152634,0.03034895658493042,-0.07688144594430923,0,0,0,0,1.0,-0.18096793761191315,0.2477891601795088,-0.061636974811322465,0.1370214984831092,0.8457564633253152,0.10769993334997047
1755672633.4253588,1,follower,auto,0.15002791583538055,1.0184600353240967,0.8672162294387817,0.0,1.0,1.0,-0.15002791583538055,-0.01846003532409668,0.13278377056121826,0,0,0,0,1.0,0.10787636434966069,0.015700013743885632,0.004298876912291583,0.09608973366055021,1.0106100284521538,0.865066790982636
1755672633.4257548,0,follower,auto,0.0619540736079216,0.9695321917533875,0.08596150577068329,0,1,0,-0.0619540736079216,0.03046780824661255,-0.08596150577068329,-20,-15.028102789541984,7.431123688641668,0,,,,,,,
1755672633.526149,1,follower,auto,0.1410668045282364,1.0156329870224,0.8840766549110413,0.0,1.0,1.0,-0.1410668045282364,-0.015632987022399902,0.11592334508895874,20,-20,-2.9067226300987974,0,,,,,,,
1755672633.6319137,0,leader,auto,0.0619540736079216,0.9695321917533875,0.08596150577068329,0,1,0,-0.0619540736079216,0.03046780824661255,-0.08596150577068329,0,0,0,0,1.0,-0.1613037854026546,0.25153511822103436,-0.0603347917004341,0.1426059663092489,0.8437646326428703,0.11612890162090034
1755672633.7325406,1,follower,auto,0.1410668045282364,1.0156329870224,0.8840766549110413,0.0,1.0,1.0,-0.1410668045282364,-0.015632987022399902,0.11592334508895874,0,0,0,0,1.0,0.006001257145059613,-0.022603151443472136,0.06354564101864235,0.13806617595570658,1.026934562744136,0.8523038344017201
1755672633.733566,0,follower,auto,0.0744924321770668,0.9736011028289795,0.09166508913040161,0,1,0,-0.0744924321770668,0.026398897171020508,-0.09166508913040161,-20,-18.057094594455034,6.460262017197454,0,,,,,,,
1755672633.8341472,1,follower,auto,0.10488849878311157,1.0140234231948853,0.9225662350654602,0.0,1.0,1.0,-0.10488849878311157,-0.014023423194885254,0.0774337649345398,18.988332903824254,-20,-3.0685529863939696,0,,,,,,,
1755672633.99751,0,leader,auto,0.0744924321770668,0.9736011028289795,0.09166508913040161,0,1,0,-0.0744924321770668,0.026398897171020508,-0.09166508913040161,0,0,0,0,1.0,-0.1580867324710053,0.2599884017035988,-0.06626786488125691,0.15353579841256945,0.8436069019771801,0.12479902157103007
1755672634.0978956,1,follower,auto,0.10488849878311157,1.0140234231948853,0.9225662350654602,0.0,1.0,1.0,-0.10488849878311157,-0.014023423194885254,0.0774337649345398,0,0,0,0,1.0,-0.09257357889537574,-0.05895502896192584,0.113256705512771,0.15117528823079945,1.0435009376758482,0.8659378823090746
1755672634.0990288,0,follower,auto,0.08130694925785065,0.9817496538162231,0.09339708089828491,0,1,0,-0.08130694925785065,0.018250346183776855,-0.09339708089828491,-20,-20,4.516238554938747,0,,,,,,,
1755672634.199778,1,follower,auto,0.040754035115242004,1.0140979290008545,0.9850579500198364,0.0,1.0,1.0,-0.040754035115242004,-0.014097929000854492,0.014942049980163574,2.9840539993172897,-9.66243049311834,-3.2484654139311915,0,,,,,,,
1755672634.3485916,0,leader,auto,0.08130694925785065,0.9817496538162231,0.09339708089828491,0,1,0,-0.08130694925785065,0.018250346183776855,-0.09339708089828491,0,0,0,0,1.0,-0.16919307081502666,0.2700954952372807,-0.07502750453901283,0.16590348466536398,0.8467019061975828,0.13091083316779134
1755672634.44917,1,follower,auto,0.040754035115242004,1.0140979290008545,0.9850579500198364,0.0,1.0,1.0,-0.040754035115242004,-0.014097929000854492,0.014942049980163574,0,0,0,0,1.0,-0.18333700431566188,-0.09030837896415833,0.1572549561602926,0.13242253727307296,1.0592521184829335,0.9064304719396901
1755672634.450538,0,follower,auto,0.07530204206705093,0.9911646246910095,0.08635176718235016,0,1,0,-0.07530204206705093,0.008835375308990479,-0.08635176718235016,-20,-18.05525858224478,2.601340381093059,0,,,,,,,
1755672634.5515015,1,follower,auto,-0.03321962431073189,1.019144892692566,1.0486475229263306,0.0,1.0,1.0,0.03321962431073189,-0.019144892692565918,-0.048647522926330566,-12.036946518977702,8.469773696934588,-4.338494327391142,0,,,,,,,
1755672634.7125607,0,leader,auto,0.07530204206705093,0.9911646246910095,0.08635176718235016,0,1,0,-0.07530204206705093,0.008835375308990479,-0.08635176718235016,0,0,0,0,1.0,-0.195722149301569,0.27750877722505474,-0.08744894308891671,0.17316311671783544,0.8524102360784822,0.1300762387268085
1755672634.812956,1,follower,auto,-0.03321962431073189,1.019144892692566,1.0486475229263306,0.0,1.0,1.0,0.03321962431073189,-0.019144892692565918,-0.048647522926330566,0,0,0,0,1.0,-0.23538675297493128,-0.09767506355135835,0.17259255791888206,0.08447375217673375,1.0679824244682452,0.9623512439668895
1755672634.8137684,0,follower,auto,0.05639644339680672,1.001218557357788,0.07466036826372147,0,1,0,-0.05639644339680672,-0.001218557357788086,-0.07466036826372147,-18.045710600981714,-14.013921126264473,0.6727609761915307,0,,,,,,,
1755672634.9143097,1,follower,auto,-0.10407183319330215,1.0209888219833374,1.1021074056625366,0.0,1.0,1.0,0.10407183319330215,-0.020988821983337402,-0.10210740566253662,-20,20,-5.349334792114781,0,,,,,,,
1755672635.0182798,0,leader,auto,0.05639644339680672,1.001218557357788,0.07466036826372147,0,1,0,-0.05639644339680672,-0.001218557357788086,-0.07466036826372147,0,0,0,0,1.0,-0.22624208815541968,0.28242876560518004,-0.09478566193143145,0.16951748747451656,0.8600041745551981,0.12205319922943719
1755672635.118663,1,follower,auto,-0.10407183319330215,1.0209888219833374,1.1021074056625366,0.0,1.0,1.0,0.10407183319330215,-0.020988821983337402,-0.10210740566253662,0,0,0,0,1.0,-0.23334333035598256,-0.08568723927832589,0.16238868390095806,0.012599831984689128,1.0638324416225005,1.0209130637120576
1755672635.1197715,0,follower,auto,0.03340403735637665,1.0051417350769043,0.06311006098985672,0,1,0,-0.03340403735637665,-0.005141735076904297,-0.06311006098985672,-15.02195832656908,-7.983933698620838,-0.29949016382212335,0,,,,,,,
1755672635.2206461,1,follower,auto,-0.14194555580615997,1.0247931480407715,1.121627926826477,0.0,1.0,1.0,0.14194555580615997,-0.024793148040771484,-0.12162792682647705,-20,20,-6.2169568792931695,0,,,,,,,
1755672635.324169,0,leader,auto,0.03340403735637665,1.0051417350769043,0.06311006098985672,0,1,0,-0.03340403735637665,-0.005141735076904297,-0.06311006098985672,0,0,0,0,1.0,-0.24376583990791595,0.2770337018561996,-0.09235069434891621,0.15528695731033462,0.8666248841488045,0.10928540816431483
1755672635.4245965,1,follower,auto,-0.14194555580615997,1.0247931480407715,1.121627926826477,0.0,1.0,1.0,0.14194555580615997,-0.024793148040771484,-0.12162792682647705,0,0,0,0,1.0,-0.163009099651877,-0.05173482362566406,0.11732951223877808,-0.06044100598022148,1.0506605598536036,1.062963170707088
1755672635.4256072,0,follower,auto,0.011495093815028667,1.0065717697143555,0.0538746602833271,0,1,0,-0.011495093815028667,-0.006571769714355469,-0.0538746602833271,-13.002443263313436,-1.9706072564382677,-0.303782334506258,0,,,,,,,
1755672635.526318,1,follower,auto,-0.15351763367652893,1.0293844938278198,1.1168900728225708,0.0,1.0,1.0,0.15351763367652893,-0.029384493827819824,-0.1168900728225708,-20,20,-7.072464108644499,0,,,,,,,
1755672635.6304033,0,leader,auto,0.011495093815028667,1.0065717697143555,0.0538746602833271,0,1,0,-0.011495093815028667,-0.006571769714355469,-0.0538746602833271,0,0,0,0,1.0,-0.24236457819014867,0.26747262609667943,-0.0820542652220772,0.132677382910103,0.8728354566660157,0.0949017928943657
1755672635.7307768,1,follower,auto,-0.15351763367652893,1.0293844938278198,1.1168900728225708,0.0,1.0,1.0,0.15351763367652893,-0.029384493827819824,-0.1168900728225708,0,0,0,0,1.0,-0.07012970258170395,-0.010350158415922461,0.06854544226242032,-0.11845278238567696,1.034559573035781,1.0826173516913606
1755672635.7314165,0,follower,auto,-0.0031738344114273787,1.0041013956069946,0.05008330196142197,0,1,0,0.0031738344114273787,-0.004101395606994629,-0.05008330196142197,-11.976251212770123,0.019765931447317447,-0.3454803463309243,0,,,,,,,
1755672635.8318498,1,follower,auto,-0.1371133029460907,1.0344555377960205,1.0852056741714478,0.0,1.0,1.0,0.1371133029460907,-0.03445553779602051,-0.08520567417144775,-20,20,-7.898395407327585,0,,,,,,,
1755672635.937257,0,leader,auto,-0.0031738344114273787,1.0041013956069946,0.05008330196142197,0,1,0,0.0031738344114273787,-0.004101395606994629,-0.05008330196142197,0,0,0,0,1.0,-0.219429018799501,0.25307103890865323,-0.06541442737398155,0.10654067498832312,0.877565876152668,0.08279051564841275
1755672636.0389056,1,follower,auto,-0.1371133029460907,1.0344555377960205,1.0852056741714478,0.0,1.0,1.0,0.1371133029460907,-0.03445553779602051,-0.08520567417144775,0,0,0,0,1.0,0.029195483734909045,0.031546383459215344,0.019481145777299647,-0.15171104481354522,1.018682346066413,1.075465101282798
1755672636.040208,0,follower,auto,-0.0041757607832551,0.9991434216499329,0.05544222146272659,0,1,0,0.0041757607832551,0.0008565783500671387,-0.05544222146272659,-12.955460886959546,0.9754711567429737,0.5796485045108427,0,,,,,,,
1755672636.1437185,1,follower,auto,-0.10213545709848404,1.0359013080596924,1.0423123836517334,0.0,1.0,1.0,0.10213545709848404,-0.03590130805969238,-0.0423123836517334,-10.03679513692047,20,-7.7751668723310745,0,,,,,,,
1755672636.2861664,0,leader,auto,-0.0041757607832551,0.9991434216499329,0.05544222146272659,0,1,0,0.0041757607832551,0.0008565783500671387,-0.05544222146272659,0,0,0,0,1.0,-0.1789144400021364,0.2376439239541036,-0.04301974036421434,0.0852814592178131,0.880321459672881,0.07695209164483377
1755672636.3867981,1,follower,auto,-0.10213545709848404,1.0359013080596924,1.0423123836517334,0.0,1.0,1.0,0.10213545709848404,-0.03590130805969238,-0.0423123836517334,0,0,0,0,1.0,0.11538790814894034,0.06666113385011019,-0.009725179130935624,-0.1598294111729542,1.0025707411346372,1.047174973217201
1755672636.3879733,0,follower,auto,0.005460827145725489,0.9925134778022766,0.06820422410964966,0,1,0,-0.005460827145725489,0.007486522197723389,-0.06820422410964966,-16.942391813041066,-1.0579323097409894,1.4874239252076515,0,,,,,,,
1755672636.4886508,1,follower,auto,-0.04076039418578148,1.030875325202942,0.976148247718811,0.0,1.0,1.0,0.04076039418578148,-0.030875325202941895,0.023851752281188965,4.993669898035569,9.7233033987473,-6.601790475752524,0,,,,,,,
1755672636.6549199,0,leader,auto,0.005460827145725489,0.9925134778022766,0.06820422410964966,0,1,0,-0.005460827145725489,0.007486522197723389,-0.06820422410964966,0,0,0,0,1.0,-0.13451915434575332,0.22457878279640664,-0.021987580392728134,0.07272040431860215,0.8802240864040733,0.07919801430601373
1755672636.755352,1,follower,auto,-0.04076039418578148,1.030875325202942,0.976148247718811,0.0,1.0,1.0,0.04076039418578148,-0.030875325202941895,0.023851752281188965,0,0,0,0,1.0,0.1968041838506261,0.08311727169254823,-0.03914325758676451,-0.13916248611109452,0.9893166893566678,0.9957198765121933
1755672636.7557228,0,follower,auto,0.02390076220035553,0.9884051084518433,0.08171537518501282,0,1,0,-0.02390076220035553,0.011594891548156738,-0.08171537518501282,-19.950650644374278,-5.079617318277197,2.4219871284385315,0,,,,,,,
1755672636.8561544,1,follower,auto,0.035384565591812134,1.0245999097824097,0.9082765579223633,0.0,1.0,1.0,-0.035384565591812134,-0.024599909782409668,0.09172344207763672,20,-8.418027913316248,-5.507982830973438,0,,,,,,,
1755672637.0092518,0,leader,auto,0.02390076220035553,0.9884051084518433,0.08171537518501282,0,1,0,-0.02390076220035553,0.011594891548156738,-0.08171537518501282,0,0,0,0,1.0,-0.09515975589745057,0.22178966373207354,-0.010670645276261617,0.07148064014908082,0.8775102765858065,0.08705069782314362
1755672637.109687,1,follower,auto,0.035384565591812134,1.0245999097824097,0.9082765579223633,0.0,1.0,1.0,-0.035384565591812134,-0.024599909782409668,0.09172344207763672,0,0,0,0,1.0,0.24822922909556347,0.07928402913347143,-0.04621803217137832,-0.0887300489559696,0.9849578952156739,0.9313855740080524
1755672637.1108391,0,follower,auto,0.04810506850481033,0.9826421141624451,0.09077885001897812,0,1,0,-0.04810506850481033,0.01735788583755493,-0.09077885001897812,-20,-12.093466078270863,4.404212240630978,0,,,,,,,
1755672637.2115684,1,follower,auto,0.10501221567392349,1.0210556983947754,0.8648850321769714,0.0,1.0,1.0,-0.10501221567392349,-0.02105569839477539,0.13511496782302856,20,-20,-4.565833137563459,0,,,,,,,
1755672637.3712184,0,leader,auto,0.04810506850481033,0.9826421141624451,0.09077885001897812,0,1,0,-0.04810506850481033,0.01735788583755493,-0.09077885001897812,0,0,0,0,1.0,-0.06813411982893011,0.22316585344407136,-0.011134895918526427,0.08217212841927539,0.8710591874404094,0.09634629797824133
1755672637.4716072,1,follower,auto,0.10501221567392349,1.0210556983947754,0.8648850321769714,0.0,1.0,1.0,-0.10501221567392349,-0.02105569839477539,0.13511496782302856,0,0,0,0,1.0,0.24163036807254423,0.05454872984748804,-0.01653201032965934,-0.015802968362348624,0.9937813334710314,0.8731510373418011
1755672637.4727278,0,follower,auto,0.0711597427725792,0.9748533368110657,0.09266349673271179,0,1,0,-0.0711597427725792,0.025146663188934326,-0.09266349673271179,-20,-17.086398171195206,6.434005332217989,0,,,,,,,
1755672637.5734003,1,follower,auto,0.15235069394111633,1.020653247833252,0.8593239784240723,0.0,1.0,1.0,-0.15235069394111633,-0.020653247833251953,0.14067602157592773,20,-20,-4.7470506917332385,0,,,,,,,
1755672637.7227023,0,leader,auto,0.0711597427725792,0.9748533368110657,0.09266349673271179,0,1,0,-0.0711597427725792,0.025146663188934326,-0.09266349673271179,0,0,0,0,1.0,-0.06309501152160157,0.22620655549700397,-0.022170618886224597,0.10270724853337998,0.8617500590625637,0.10374880617582409
1755672637.8233736,1,follower,auto,0.15235069394111633,1.020653247833252,0.8593239784240723,0.0,1.0,1.0,-0.15235069394111633,-0.020653247833251953,0.14067602157592773,0,0,0,0,1.0,0.17912763998103798,0.021504429941282988,0.04186454644433235,0.06278687395059734,1.0099010328626106,0.8383917052019061
1755672637.8254192,0,follower,auto,0.0795714482665062,0.9686660766601562,0.08410508185625076,0.05,1.0,0.0,-0.029571448266506192,0.03133392333984375,-0.08410508185625076,-20,-7.02439107725287,7.512257095046752,0,,,,,,,
1755672637.9265172,1,follower,auto,0.16535796225070953,1.0238268375396729,0.8909534811973572,0.05,1.0,1.0,-0.11535796225070953,-0.02382683753967285,0.10904651880264282,20,-20,-4.983069272067987,0,,,,,,,
1755672638.0861976,0,leader,auto,0.0795714482665062,0.9686660766601562,0.08410508185625076,0.05,1.0,0.0,-0.029571448266506192,0.03133392333984375,-0.08410508185625076,0,0,0,0,1.0,-0.08788817350646227,0.23349396483914997,-0.04301360397045065,0.12351553501973733,0.8519190942405812,0.10561188384147609
1755672638.1877325,1,follower,auto,0.16535796225070953,1.0238268375396729,0.8909534811973572,0.05,1.0,1.0,-0.11535796225070953,-0.02382683753967285,0.10904651880264282,0,0,0,0,1.0,0.08100613117901255,-0.012946989839765166,0.11006991379814224,0.12485489666120325,1.0303003324595554,0.8359185242982861
1755672638.1891727,0,follower,auto,0.06975997239351273,0.9644590020179749,0.06775227934122086,0.1,1.0,0.0,0.03024002760648728,0.035540997982025146,-0.06775227934122086,-15.933551472104178,7.061507774355219,8.606058676650498,0,,,,,,,
1755672638.290249,1,follower,auto,0.14152409136295319,1.0263946056365967,0.9493064284324646,0.1,1.0,1.0,-0.04152409136295318,-0.02639460563659668,0.0506935715675354,11.948863367733614,-9.988465306840865,-6.203702937581195,0,,,,,,,
1755672638.4385457,0,leader,auto,0.06975997239351273,0.9644590020179749,0.06775227934122086,0.1,1.0,0.0,0.03024002760648728,0.035540997982025146,-0.06775227934122086,0,0,0,0,1.0,-0.1193801547976136,0.2427732774802106,-0.06573078896824774,0.12945004979231953,0.8430723632778696,0.10061767382534473
1755672638.5391314,1,follower,auto,0.14152409136295319,1.0263946056365967,0.9493064284324646,0.1,1.0,1.0,-0.04152409136295318,-0.02639460563659668,0.0506935715675354,0,0,0,0,1.0,-0.030566191601880566,-0.04987223205100255,0.1681742172430678,0.15680718716389347,1.051330721662098,0.8652193198109307
1755672638.5444982,0,follower,auto,0.06060149520635605,0.9622857570648193,0.04820597171783447,0.15000000000000002,1.0,0.0,0.08939850479364397,0.037714242935180664,-0.04820597171783447,-11.943531362317975,20,9.686788048479073,0,,,,,,,
1755672638.648649,1,follower,auto,0.09163793176412582,1.0265438556671143,1.0174654722213745,0.15000000000000002,1.0,1.0,0.0583620682358742,-0.026543855667114258,-0.01746547222137451,-4.0433742903181145,14.207277957742653,-6.35025481865348,0,,,,,,,
1755672638.8012118,0,leader,auto,0.06060149520635605,0.9622857570648193,0.04820597171783447,0.15000000000000002,1.0,0.0,0.08939850479364397,0.037714242935180664,-0.04820597171783447,0,0,0,0,1.0,-0.11905502814716429,0.2483861855382562,-0.08428779002437595,0.12012900927993819,0.8380926642956912,0.09034986673002245
1755672638.9016395,1,follower,auto,0.09163793176412582,1.0265438556671143,1.0174654722213745,0.15000000000000002,1.0,1.0,0.0583620682358742,-0.026543855667114258,-0.01746547222137451,0,0,0,0,1.0,-0.1202534735981074,-0.07921117834719094,0.2014639732498995,0.15176466856317952,1.0661494448407098,0.9167334855964248
1755672638.9021301,0,follower,auto,0.06456571072340012,0.9599391222000122,0.033085621893405914,0.2,1.0,0.0,0.1354342892765999,0.04006087779998779,-0.033085621893405914,-7.9462852359124945,20,10.722698041836354,0,,,,,,,
1755672639.002486,1,follower,auto,0.034472137689590454,1.0240803956985474,1.0791237354278564,0.2,1.0,1.0,0.16552786231040956,-0.024080395698547363,-0.07912373542785645,-19.029584061578163,20,-6.397197309093301,0,,,,,,,
1755672639.1095123,0,leader,auto,0.06456571072340012,0.9599391222000122,0.033085621893405914,0.2,1.0,0.0,0.1354342892765999,0.04006087779998779,-0.033085621893405914,0,0,0,0,1.0,-0.07743592014743739,0.2455757480302675,-0.09292697550025497,0.10328367079711881,0.8371512481848784,0.0795491096435334
1755672639.2100346,1,follower,auto,0.034472137689590454,1.0240803956985474,1.0791237354278564,0.2,1.0,1.0,0.16552786231040956,-0.024080395698547363,-0.07912373542785645,0,0,0,0,1.0,-0.14975172796231864,-0.08690520471974827,0.20385584736204787,0.10934800167074978,1.0675329980584216,0.9771958117468325
1755672639.2114055,0,follower,auto,0.08839698135852814,0.959720253944397,0.02660251222550869,0.25,1.0,0.0,0.16160301864147186,0.04027974605560303,-0.02660251222550869,-5.957948309192328,20,10.711270045798997,0,,,,,,,
1755672639.3122323,1,follower,auto,-0.0005142531590536237,1.020659327507019,1.1191332340240479,0.25,1.0,1.0,0.2505142531590536,-0.020659327507019043,-0.11913323402404785,-20,20,-5.334430659474917,0,,,,,,,
1755672639.458413,0,leader,auto,0.08839698135852814,0.959720253944397,0.02660251222550869,0.25,1.0,0.0,0.16160301864147186,0.04027974605560303,-0.02660251222550869,0,0,0,0,1.0,-0.011338796619169353,0.23705427875925889,-0.09282713783848165,0.09406637966811282,0.8411931145647675,0.07301608114474951
1755672639.5588644,1,follower,auto,-0.0005142531590536237,1.020659327507019,1.1191332340240479,0.25,1.0,1.0,0.2505142531590536,-0.020659327507019043,-0.11913323402404785,0,0,0,0,1.0,-0.11183883096117066,-0.06659687773702783,0.17553030780158152,0.055405162321531705,1.0539577663755328,1.031368080123257
1755672639.5593555,0,follower,auto,0.1368572860956192,0.9595370888710022,0.029566621407866478,0.3,1.0,0.0,0.1631427139043808,0.0404629111289978,-0.029566621407866478,-6.965088269117256,20,10.669344842340642,0,,,,,,,
1755672639.6596613,1,follower,auto,-0.007836667820811272,1.0136970281600952,1.138014316558838,0.3,1.0,1.0,0.30783666782081126,-0.013697028160095215,-0.1380143165588379,-20,20,-3.228042831655439,0,,,,,,,
1755672639.764212,0,leader,auto,0.1368572860956192,0.9595370888710022,0.029566621407866478,0.3,1.0,0.0,0.1631427139043808,0.0404629111289978,-0.029566621407866478,0,0,0,0,1.0,0.06713251501026957,0.22219339610201916,-0.08754337055444526,0.10329102859048442,0.8484403908199927,0.07333830668508912
1755672639.864756,1,follower,auto,-0.007836667820811272,1.0136970281600952,1.138014316558838,0.3,1.0,1.0,0.30783666782081126,-0.013697028160095215,-0.1380143165588379,0,0,0,0,1.0,-0.037389688106428294,-0.035322163959470965,0.13328643107331128,0.010858176232402875,1.0313581101398306,1.0713711010221822
1755672639.8663032,0,follower,auto,0.19034886360168457,0.9593092203140259,0.041925061494112015,0.35,1.0,0.0,0.1596511363983154,0.04069077968597412,-0.041925061494112015,-9.969160821736688,20,10.599596604118076,0,,,,,,,
1755672639.967047,1,follower,auto,0.011538470163941383,1.0079048871994019,1.1256237030029297,0.35,1.0,1.0,0.3384615298360586,-0.007904887199401855,-0.1256237030029297,-20,20,-1.047070872339933,0,,,,,,,
1755672640.1698134,0,leader,auto,0.19034886360168457,0.9593092203140259,0.041925061494112015,0.35,1.0,0.0,0.1596511363983154,0.04069077968597412,-0.041925061494112015,0,0,0,0,1.0,0.12670016754324448,0.20612980183179364,-0.0800484649120688,0.12699877983006236,0.8562443193981291,0.08194929395014641
1755672640.2702687,1,follower,auto,0.011538470163941383,1.0079048871994019,1.1256237030029297,0.35,1.0,1.0,0.3384615298360586,-0.007904887199401855,-0.1256237030029297,0,0,0,0,1.0,0.04914971413490318,0.003957902792701029,0.07479078927500149,-0.013036386903510208,1.0059259358030515,1.088228308365429
1755672640.2722476,0,follower,auto,0.2695850729942322,0.9580576419830322,0.06502503156661987,0.39999999999999997,1.0,0.0,0.1304149270057678,0.04194235801696777,-0.06502503156661987,-15.96366902193452,20,10.495071829604901,0,,,,,,,
1755672640.373058,1,follower,auto,0.06198820099234581,1.0090073347091675,1.0771558284759521,0.39999999999999997,1.0,1.0,0.33801179900765416,-0.00900733470916748,-0.07715582847595215,-19.024810203589748,20,-1.8027689113626864,0,,,,,,,
1755672640.5408347,0,leader,auto,0.2695850729942322,0.9580576419830322,0.06502503156661987,0.39999999999999997,1.0,0.0,0.1304149270057678,0.04194235801696777,-0.06502503156661987,0,0,0,0,1.0,0.19335961396818702,0.19261436961617462,-0.0705556861648915,0.17290526601013867,0.8617504571749449,0.10030287464906562
1755672640.6415548,1,follower,auto,0.06198820099234581,1.0090073347091675,1.0771558284759521,0.39999999999999997,1.0,1.0,0.33801179900765416,-0.00900733470916748,-0.07715582847595215,0,0,0,0,1.0,0.14005352810977745,0.0502154714437566,0.005277423027866934,-0.008038563062542928,0.9838995989872892,1.0745171169620187
1755672640.643674,0,follower,auto,0.3430384695529938,0.9569598436355591,0.0824798122048378,0.44999999999999996,1.0,0.0,0.10696153044700618,0.04304015636444092,-0.0824798122048378,-19.958019776347353,20,10.454656973257006,0,,,,,,,
1755672640.7444313,1,follower,auto,0.12290991842746735,1.0163617134094238,1.0185282230377197,0.44999999999999996,1.0,1.0,0.3270900815725326,-0.016361713409423828,-0.018528223037719727,-4.064801628791615,20,-3.654040233624279,0,,,,,,,
1755672640.8539183,0,leader,auto,0.3430384695529938,0.9569598436355591,0.0824798122048378,0.44999999999999996,1.0,0.0,0.10696153044700618,0.04304015636444092,-0.0824798122048378,0,0,0,0,1.0,0.22737135136909922,0.18849109664068797,-0.07701066002365528,0.22935279386844415,0.8627142953152152,0.12098514221666544
1755672640.9543593,1,follower,auto,0.12290991842746735,1.0163617134094238,1.0185282230377197,0.44999999999999996,1.0,1.0,0.3270900815725326,-0.016361713409423828,-0.018528223037719727,0,0,0,0,1.0,0.20617367473624731,0.09510591416230207,-0.03820564170754315,0.019823081059343703,0.9688087563282728,1.0376310438914913
1755672640.9549525,0,follower,auto,0.4110158085823059,0.9574800133705139,0.09211812913417816,0.49999999999999994,1.0,0.0,0.08898419141769404,0.042519986629486084,-0.09211812913417816,-20,20,10.44834631391595,0,,,,,,,
1755672641.0553327,1,follower,auto,0.18603378534317017,1.0223033428192139,0.9603162407875061,0.49999999999999994,1.0,1.0,0.3139662146568298,-0.022303342819213867,0.039683759212493896,8.927403006731472,20,-4.584151897678464,0,,,,,,,
1755672641.293009,0,leader,auto,0.4110158085823059,0.9574800133705139,0.09211812913417816,0.49999999999999994,1.0,0.0,0.08898419141769404,0.042519986629486084,-0.09211812913417816,0,0,0,0,1.0,0.24298516794426894,0.1948110712468718,-0.09311852143351587,0.28952322461017144,0.860074477747078,0.13867738985093608
1755672641.393514,1,follower,auto,0.18603378534317017,1.0223033428192139,0.9603162407875061,0.49999999999999994,1.0,1.0,0.3139662146568298,-0.022303342819213867,0.039683759212493896,0,0,0,0,1.0,0.24700374029852618,0.11354577386853892,-0.0532031157340771,0.06253191519390708,0.9655304558849445,0.9869177986545447
1755672641.3939292,0,follower,auto,0.5010185241699219,0.9574572443962097,0.08469760417938232,0.49999999999999994,1.0,0.0,-0.0010185241699219305,0.04254275560379028,-0.08469760417938232,-20,-0.6342719223953035,10.49774777474472,0,,,,,,,
1755672641.4942298,1,follower,auto,0.2819015085697174,1.0273709297180176,0.8986198306083679,0.49999999999999994,1.0,1.0,0.21809849143028254,-0.027370929718017578,0.10138016939163208,20,20,-5.528198322310951,0,,,,,,,
1755672641.5991704,0,leader,auto,0.5010185241699219,0.9574572443962097,0.08469760417938232,0.49999999999999994,1.0,0.0,-0.0010185241699219305,0.04254275560379028,-0.08469760417938232,0,0,0,0,1.0,0.2758084910340588,0.20379134485342365,-0.12216134383615218,0.3631142786528925,0.8555615719694979,0.14577827609745841
1755672641.6996968,1,follower,auto,0.2819015085697174,1.0273709297180176,0.8986198306083679,0.49999999999999994,1.0,1.0,0.21809849143028254,-0.027370929718017578,0.10138016939163208,0,0,0,0,1.0,0.3028723675696132,0.10501605403314174,-0.05587791067720471,0.1304653247849108,0.9748629027014467,0.9265587859469703
1755672641.701651,0,follower,auto,0.5637544989585876,0.9592403173446655,0.06722964346408844,0.5499999999999999,1.0,0.0,-0.013754498958587713,0.04075968265533447,-0.06722964346408844,-15.966569409909331,-3.540574335064195,10.563316295094696,0,,,,,,,
1755672641.8026187,1,follower,auto,0.3533499538898468,1.0274341106414795,0.8791171908378601,0.5499999999999999,1.0,1.0,0.19665004611015313,-0.027434110641479492,0.12088280916213989,20,20,-5.697174937324198,0,,,,,,,
1755672641.9592326,0,leader,auto,0.5637544989585876,0.9592403173446655,0.06722964346408844,0.5499999999999999,1.0,0.0,-0.013754498958587713,0.04075968265533447,-0.06722964346408844,0,0,0,0,1.0,0.2450125454852241,0.2158219294397199,-0.1486766445041825,0.4412482262159756,0.8513293526248056,0.1415679657161797
1755672642.0596597,1,follower,auto,0.3533499538898468,1.0274341106414795,0.8791171908378601,0.5499999999999999,1.0,1.0,0.19665004611015313,-0.027434110641479492,0.12088280916213989,0,0,0,0,1.0,0.30518633756886593,0.06839566435778155,-0.005581885670422837,0.2007567851054138,0.9932362784625888,0.8819081336730715
1755672642.0603774,0,follower,auto,0.620357871055603,0.9632066488265991,0.03772944211959839,0.5499999999999999,1.0,0.0,-0.0703578710556031,0.03679335117340088,-0.03772944211959839,-8.982415168923879,-17.471218703092845,9.656063693924965,0,,,,,,,
1755672642.160932,1,follower,auto,0.4383827745914459,1.024021863937378,0.8865756392478943,0.5499999999999999,1.0,1.0,0.11161722540855401,-0.02402186393737793,0.11342436075210571,20,20,-5.883645924269102,0,,,,,,,
1755672642.2654135,0,leader,auto,0.620357871055603,0.9632066488265991,0.03772944211959839,0.5499999999999999,1.0,0.0,-0.0703578710556031,0.03679335117340088,-0.03772944211959839,0,0,0,0,1.0,0.2027905175001265,0.22487951461547473,-0.1741224866471957,0.5189626123055397,0.8507668915188618,0.12479068544319624
1755672642.3661215,1,follower,auto,0.4383827745914459,1.024021863937378,0.8865756392478943,0.5499999999999999,1.0,1.0,0.11161722540855401,-0.02402186393737793,0.11342436075210571,0,0,0,0,1.0,0.31856465432014147,0.02182234538749328,0.052615121947763854,0.2791004474313752,1.0131106912436314,0.8602680782740124
1755672642.367199,0,follower,auto,0.6504407525062561,0.9673546552658081,0.01176841463893652,0.5499999999999999,1.0,0.0,-0.10044075250625617,0.032645344734191895,-0.01176841463893652,-1.9907999066837863,-20,8.697749870170421,0,,,,,,,
1755672642.4679427,1,follower,auto,0.5104227066040039,1.0211763381958008,0.9195796847343445,0.5499999999999999,1.0,1.0,0.03957729339599603,-0.02117633819580078,0.08042031526565552,19.98308608819605,8.633488070008767,-5.075605214897973,0,,,,,,,
1755672642.5706854,0,leader,auto,0.6504407525062561,0.9673546552658081,0.01176841463893652,0.5499999999999999,1.0,0.0,-0.10044075250625617,0.032645344734191895,-0.01176841463893652,0,0,0,0,1.0,0.1234924579331137,0.2228308313064682,-0.1807737234834954,0.5886945235396992,0.855939239612574,0.10215527638068422
1755672642.6711793,1,follower,auto,0.5104227066040039,1.0211763381958008,0.9195796847343445,0.5499999999999999,1.0,1.0,0.03957729339599603,-0.02117633819580078,0.08042031526565552,0,0,0,0,1.0,0.30996139820432816,-0.022425157312251143,0.10945981022119877,0.35544200750183985,1.0323889168519265,0.8648497796237451
1755672642.6717868,0,follower,auto,0.6543235778808594,0.9717179536819458,-0.0036999962758272886,0.5499999999999999,1.0,0.0,-0.10432357788085944,0.0282820463180542,0.0036999962758272886,0.0017390218875338245,-20,7.695928209338119,0,,,,,,,
1755672642.7722406,1,follower,auto,0.5773382782936096,1.016705870628357,0.9713699221611023,0.5499999999999999,1.0,1.0,-0.027338278293609686,-0.016705870628356934,0.028630077838897705,6.996396943001631,-6.37001104860377,-4.241836484106759,0,,,,,,,
1755672642.8767273,0,leader,auto,0.6543235778808594,0.9717179536819458,-0.0036999962758272886,0.5499999999999999,1.0,0.0,-0.10432357788085944,0.0282820463180542,0.0036999962758272886,0,0,0,0,1.0,0.02899890001823957,0.20841442334412463,-0.16965031456207294,0.6398241278717396,0.8675107420098835,0.08112516100520918
1755672642.977332,1,follower,auto,0.5773382782936096,1.016705870628357,0.9713699221611023,0.5499999999999999,1.0,1.0,-0.027338278293609686,-0.016705870628356934,0.028630077838897705,0,0,0,0,1.0,0.287471600019175,-0.06458717556432858,0.15408176479763802,0.4336024782840221,1.0489994584105213,0.8943290397622833
1755672642.9794462,0,follower,auto,0.635076642036438,0.9760898351669312,-0.0008767999825067818,0.5499999999999999,1.0,0.0,-0.08507664203643805,0.023910164833068848,0.0008767999825067818,-0.004189668670251084,-20,5.641168117444338,0,,,,,,,
1755672643.0802283,1,follower,auto,0.6312825083732605,1.0123370885849,1.0320559740066528,0.5499999999999999,1.0,1.0,-0.08128250837326056,-0.012337088584899902,-0.03205597400665283,-7.996382559517419,-20,-3.3516794420581886,0,,,,,,,
1755672643.2814267,0,leader,auto,0.635076642036438,0.9760898351669312,-0.0008767999825067818,0.5499999999999999,1.0,0.0,-0.08507664203643805,0.023910164833068848,0.0008767999825067818,0,0,0,0,1.0,-0.06340756315949903,0.18662405377582425,-0.14161740908327042,0.6667804236161875,0.882777808279019,0.06993190455912843
1755672643.3818457,1,follower,auto,0.6312825083732605,1.0123370885849,1.0320559740066528,0.5499999999999999,1.0,1.0,-0.08128250837326056,-0.012337088584899902,-0.03205597400665283,0,0,0,0,1.0,0.23676233626669763,-0.08804179381987898,0.17874466945292244,0.5129013402399116,1.0563579854948393,0.9426836392801916
1755672643.3830466,0,follower,auto,0.584958553314209,0.9780645966529846,0.02297724038362503,0.5499999999999999,1.0,0.0,-0.03495855331420905,0.02193540334701538,-0.02297724038362503,-4.99703511791675,-7.721542450951739,5.555041966974595,0,,,,,,,
1755672643.4837716,1,follower,auto,0.6708285808563232,1.0097984075546265,1.1043212413787842,0.5499999999999999,1.0,1.0,-0.12082858085632331,-0.009798407554626465,-0.10432124137878418,-20,-20,-2.451896456859455,0,,,,,,,
1755672643.588418,0,leader,auto,0.584958553314209,0.9780645966529846,0.02297724038362503,0.5499999999999999,1.0,0.0,-0.03495855331420905,0.02193540334701538,-0.02297724038362503,0,0,0,0,1.0,-0.156043418205011,0.16027225489710484,-0.10229806175267325,0.6629802624167145,0.8979284692044323,0.07412627125996166
1755672643.689006,1,follower,auto,0.6708285808563232,1.0097984075546265,1.1043212413787842,0.5499999999999999,1.0,1.0,-0.12082858085632331,-0.009798407554626465,-0.10432124137878418,0,0,0,0,1.0,0.16043618325520204,-0.08377969380756145,0.19349488988749908,0.5906104892287223,1.0516882544584072,1.0075737964350346
1755672643.6902733,0,follower,auto,0.5408328175544739,0.9754069447517395,0.048610784113407135,0.5499999999999999,1.0,0.0,0.009167182445526056,0.024593055248260498,-0.048610784113407135,-11.972025964251902,2.3301256498196112,6.5169079827189025,0,,,,,,,
1755672643.7910903,1,follower,auto,0.6686943173408508,1.0114644765853882,1.1364411115646362,0.5499999999999999,1.0,1.0,-0.1186943173408509,-0.011464476585388184,-0.13644111156463623,-20,-20,-2.308528668130024,0,,,,,,,
1755672643.8971498,0,leader,auto,0.5408328175544739,0.9754069447517395,0.048610784113407135,0.5499999999999999,1.0,0.0,0.009167182445526056,0.024593055248260498,-0.048610784113407135,0,0,0,0,1.0,-0.1931674959418741,0.13624191934556584,-0.07925306236801186,0.6374165655254109,0.9072859850789565,0.08823731529741306
1755672643.997761,1,follower,auto,0.6686943173408508,1.0114644765853882,1.1364411115646362,0.5499999999999999,1.0,1.0,-0.1186943173408509,-0.011464476585388184,-0.13644111156463623,0,0,0,0,1.0,0.04936223792305483,-0.0515793151738384,0.14963185708324256,0.6440131983793234,1.0372541341723074,1.061625183023015
1755672643.9999864,0,follower,auto,0.5037062168121338,0.9706931710243225,0.07248450815677643,0.5499999999999999,1.0,0.0,0.046293783187866144,0.02930682897567749,-0.07248450815677643,-17.951482675549908,30,7.5016866148090235,0,,,,,,,
1755672644.1013145,1,follower,auto,0.6404902935028076,1.0153892040252686,1.1436400413513184,0.5499999999999999,1.0,1.0,-0.09049029350280768,-0.015389204025268555,-0.14364004135131836,-20,-20,-3.149677966518576,0,,,,,,,
1755672644.25618,0,leader,auto,0.5037062168121338,0.9706931710243225,0.07248450815677643,0.5499999999999999,1.0,0.0,0.046293783187866144,0.02930682897567749,-0.07248450815677643,0,0,0,0,1.0,-0.18887854942715976,0.12460572135368686,-0.07045957597905203,0.5981454915257136,0.9083903103474791,0.10771429614630244
1755672644.3566177,1,follower,auto,0.6404902935028076,1.0153892040252686,1.1436400413513184,0.5499999999999999,1.0,1.0,-0.09049029350280768,-0.015389204025268555,-0.14364004135131836,0,0,0,0,1.0,-0.05569985172020331,-0.00960991538568945,0.09461369895424743,0.6683402193629093,1.0201941617181132,1.0963331918741948
1755672644.3574462,0,follower,auto,0.48979347944259644,0.9629733562469482,0.0895126610994339,0.5499999999999999,1.0,0.0,0.0602065205574035,0.03702664375305176,-0.0895126610994339,-20,30,9.504801241474624,0,,,,,,,
1755672644.4582293,1,follower,auto,0.5876926779747009,1.0192075967788696,1.1205484867095947,0.5499999999999999,1.0,1.0,-0.037692677974700994,-0.01920759677886963,-0.12054848670959473,-20,-8.807976790998225,-3.9537323598514127,0,,,,,,,
1755672644.561072,0,leader,auto,0.48979347944259644,0.9629733562469482,0.0895126610994339,0.5499999999999999,1.0,0.0,0.0602065205574035,0.03702664375305176,-0.0895126610994339,0,0,0,0,1.0,-0.13898468954298204,0.12501066348858192,-0.07547792018155933,0.5592858242140875,0.9004680245026573,0.12725162119021355
1755672644.6615188,1,follower,auto,0.5876926779747009,1.0192075967788696,1.1205484867095947,0.5499999999999999,1.0,1.0,-0.037692677974700994,-0.01920759677886963,-0.12054848670959473,0,0,0,0,1.0,-0.14892549861148174,0.031941143899104074,0.033340854501065165,0.6621554272804417,1.0032370248293176,1.103878059459062
1755672644.6619139,0,follower,auto,0.5255202054977417,0.9586309790611267,0.08998703211545944,0.5499999999999999,1.0,0.0,0.024479794502258234,0.04136902093887329,-0.08998703211545944,-20,30,10.558699140226029,0,,,,,,,
1755672644.7623398,1,follower,auto,0.5312339663505554,1.0201984643936157,1.0813829898834229,0.5499999999999999,1.0,1.0,0.018766033649444513,-0.020198464393615723,-0.08138298988342285,-20,4.308927150746034,-4.810875747336451,0,,,,,,,
1755672644.870715,0,leader,auto,0.5255202054977417,0.9586309790611267,0.08998703211545944,0.5499999999999999,1.0,0.0,0.024479794502258234,0.04136902093887329,-0.08998703211545944,0,0,0,0,1.0,-0.03948260858769992,0.13983982570338138,-0.09876222103821036,0.5452615097915916,0.888711066209436,0.13936814263456462
1755672644.971207,1,follower,auto,0.5312339663505554,1.0201984643936157,1.0813829898834229,0.5499999999999999,1.0,1.0,0.018766033649444513,-0.020198464393615723,-0.08138298988342285,0,0,0,0,1.0,-0.19758261004135425,0.06765326832970842,-0.011749637365197074,0.6300252713712325,0.9863718302287615,1.0872578085660214
1755672644.9720142,0,follower,auto,0.5960100293159485,0.959821343421936,0.07509031146764755,0.5499999999999999,1.0,0.0,-0.04601002931594855,0.040178656578063965,-0.07509031146764755,-17.959896871860913,30,10.625045787029023,0,,,,,,,
1755672645.0725741,1,follower,auto,0.4765892028808594,1.0200334787368774,1.0306254625320435,0.5499999999999999,1.0,1.0,0.07341079711914056,-0.02003347873687744,-0.030625462532043457,-7.038583529404862,18.394867124611093,-4.704950927565546,0,,,,,,,
1755672645.2218735,0,leader,auto,0.5960100293159485,0.959821343421936,0.07509031146764755,0.5499999999999999,1.0,0.0,-0.04601002931594855,0.040178656578063965,-0.07509031146764755,0,0,0,0,1.0,0.05368709420163653,0.1629983605581753,-0.12942080679792461,0.5691664822151302,0.8783221631428484,0.13980071486660986
1755672645.3224647,1,follower,auto,0.4765892028808594,1.0200334787368774,1.0306254625320435,0.5499999999999999,1.0,1.0,0.07341079711914056,-0.02003347873687744,-0.030625462532043457,0,0,0,0,1.0,-0.2019575077482002,0.09961774849044669,-0.04025356346063558,0.5775679567549594,0.970224604491654,1.0507522442623611
1755672645.3251164,0,follower,auto,0.7005553245544434,0.9629985094070435,0.0464230440557003,0.5499999999999999,1.0,0.0,-0.15055532455444343,0.03700149059295654,-0.0464230440557003,-10.98000903767827,30,9.6884069082834,0,,,,,,,
1755672645.4265158,1,follower,auto,0.43239471316337585,1.0165690183639526,0.9672346711158752,0.5499999999999999,1.0,1.0,0.11760528683662408,-0.016569018363952637,0.032765328884124756,7.981671553727369,20,-3.605734603366271,0,,,,,,,
1755672645.5304513,0,leader,auto,0.7005553245544434,0.9629985094070435,0.0464230440557003,0.5499999999999999,1.0,0.0,-0.15055532455444343,0.03700149059295654,-0.0464230440557003,0,0,0,0,1.0,0.11916811677387573,0.18311444124265897,-0.16008623575309142,0.6409712661675055,0.8714412887857139,0.12646616193224602
1755672645.6307719,1,follower,auto,0.43239471316337585,1.0165690183639526,0.9672346711158752,0.5499999999999999,1.0,1.0,0.11760528683662408,-0.016569018363952637,0.032765328884124756,0,0,0,0,1.0,-0.16116279018242552,0.11236585498970286,-0.05961609020333336,0.5129761082545886,0.9603860908691012,0.9970427162175419
1755672645.6314404,0,follower,auto,0.8057746291160583,0.9634432792663574,0.021580204367637634,0.5499999999999999,1.0,0.0,-0.2557746291160584,0.03655672073364258,-0.021580204367637634,-4.976429063804396,30,9.6837614211499,0,,,,,,,
1755672645.7319024,1,follower,auto,0.4195740520954132,1.011917233467102,0.9193227291107178,0.5499999999999999,1.0,1.0,0.13042594790458673,-0.01191723346710205,0.08067727088928223,19.99459728177678,20,-1.6333896465632365,0,,,,,,,
1755672645.9029834,0,leader,auto,0.8057746291160583,0.9634432792663574,0.021580204367637634,0.5499999999999999,1.0,0.0,-0.2557746291160584,0.03655672073364258,-0.021580204367637634,0,0,0,0,1.0,0.12424086920894406,0.18860208360979958,-0.17007689291235725,0.7436541945115863,0.8691422374614577,0.10661865082381626
1755672646.003772,1,follower,auto,0.4195740520954132,1.011917233467102,0.9193227291107178,0.5499999999999999,1.0,1.0,0.13042594790458673,-0.01191723346710205,0.08067727088928223,0,0,0,0,1.0,-0.07811020743724756,0.1017053023123986,-0.046039643246072126,0.45862915581403696,0.9610645823109027,0.9423425507337538
1755672646.0043762,0,follower,auto,0.9464796185493469,0.9581758975982666,0.00238210242241621,0.5499999999999999,1.0,0.0,-0.396479618549347,0.0418241024017334,-0.00238210242241621,0.04754082956092108,30,10.655758201869109,0,,,,,,,
1755672646.1048563,1,follower,auto,0.44333386421203613,1.003295660018921,0.888367772102356,0.5499999999999999,1.0,1.0,0.1066661357879638,-0.0032956600189208984,0.11163222789764404,20,20,0.2899961781119393,0,,,,,,,
1755672646.2937233,0,leader,auto,0.9464796185493469,0.9581758975982666,0.00238210242241621,0.5499999999999999,1.0,0.0,-0.396479618549347,0.0418241024017334,-0.00238210242241621,0,0,0,0,1.0,0.13356606945352578,0.17740803647708336,-0.1672058626664338,0.8796965838225841,0.8694718793597249,0.08598503375563311
1755672646.394226,1,follower,auto,0.44333386421203613,1.003295660018921,0.888367772102356,0.5499999999999999,1.0,1.0,0.1066661357879638,-0.0032956600189208984,0.11163222789764404,0,0,0,0,1.0,0.02546427164053433,0.06529126897877124,-0.01743827009685761,0.43060172839176897,0.9706500255295353,0.8970869071507848
1755672646.3967845,0,follower,auto,1.1063381433486938,0.9511406421661377,-0.00011233748955419287,0.5499999999999999,1.0,0.0,-0.5563381433486939,0.048859357833862305,0.00011233748955419287,0.05953145682268306,30,12.586110757222277,0,,,,,,,
1755672646.4980054,1,follower,auto,0.4988766610622406,0.9908784627914429,0.8971944451332092,0.5499999999999999,1.0,1.0,0.05112333893775933,0.009121537208557129,0.10280555486679077,20,12.113735682844595,2.0910201776727293,0,,,,,,,
1755672646.6038945,0,leader,auto,1.1063381433486938,0.9511406421661377,-0.00011233748955419287,0.5499999999999999,1.0,0.0,-0.5563381433486939,0.048859357833862305,0.00011233748955419287,0,0,0,0,1.0,0.12803258008012808,0.1575770357637305,-0.1480180333254398,1.0423218533086298,0.8723521242842724,0.07389667917316571
1755672646.7045615,1,follower,auto,0.4988766610622406,0.9908784627914429,0.8971944451332092,0.5499999999999999,1.0,1.0,0.05112333893775933,0.009121537208557129,0.10280555486679077,0,0,0,0,1.0,0.1272519968981694,0.018718239704146655,0.037574729245632876,0.4352506626131559,0.9815193429393696,0.8784070805103927
1755672646.7064679,0,follower,auto,1.2381618022918701,0.9470579028129578,0.008865881711244583,0.5499999999999999,1.0,-0.05,-0.6881618022918702,0.052942097187042236,-0.058865881711244586,-13.951771054686747,30,13.53083133702991,0,,,,,,,
1755672646.807398,1,follower,auto,0.5533449649810791,0.9810159206390381,0.9325689673423767,0.5499999999999999,1.0,0.95,-0.003344964981079168,0.018984079360961914,0.017431032657623247,4.040591894280512,0.10690086396917016,3.9060264295167335,0,,,,,,,
1755672647.008359,0,leader,auto,1.2381618022918701,0.9470579028129578,0.008865881711244583,0.5499999999999999,1.0,-0.05,-0.6881618022918702,0.052942097187042236,-0.058865881711244586,0,0,0,0,1.0,0.06826868893164972,0.1395241275257192,-0.1291763079666151,1.2040274578260453,0.8772958390500982,0.07345403569455214
1755672647.108804,1,follower,auto,0.5533449649810791,0.9810159206390381,0.9325689673423767,0.5499999999999999,1.0,0.95,-0.003344964981079168,0.018984079360961914,0.017431032657623247,0,0,0,0,1.0,0.18027746249559368,-0.02332389663738277,0.08690782687032539,0.4632062337332823,0.9926778689577295,0.889115053907214
1755672647.1092665,0,follower,auto,1.4137003421783447,0.9489598870277405,0.023020362481474876,0.5499999999999999,1.0,-0.05,-0.8637003421783448,0.05104011297225952,-0.07302036248147488,-17.987508687383425,30,12.521469965519064,0,,,,,,,
1755672647.209628,1,follower,auto,0.6211745142936707,0.969165563583374,1.0029135942459106,0.5499999999999999,1.0,0.95,-0.07117451429367072,0.030834436416625977,-0.05291359424591069,-12.944061894806744,-16.90056538190727,6.67469111221512,0,,,,,,,
1755672647.3145106,0,leader,auto,1.4137003421783447,0.9489598870277405,0.023020362481474876,0.5499999999999999,1.0,-0.05,-0.8637003421783448,0.05104011297225952,-0.07302036248147488,0,0,0,0,1.0,0.0573228160754935,0.1406674791025626,-0.1190676734971381,1.385038934140598,0.8786261474764592,0.08255419923004392
1755672647.414954,1,follower,auto,0.6211745142936707,0.969165563583374,1.0029135942459106,0.5499999999999999,1.0,0.95,-0.07117451429367072,0.030834436416625977,-0.05291359424591069,0,0,0,0,1.0,0.20763891917733646,-0.04874069884107035,0.13655490606659848,0.5173550547050024,0.9935359130039092,0.9346361412126114
1755672647.4163373,0,follower,auto,1.5522717237472534,0.9562240242958069,0.024148987606167793,0.5499999999999999,1.0,-0.05,-1.0022717237472536,0.043775975704193115,-0.0741489876061678,-18.024052933754472,30,10.593595596869752,0,,,,,,,
1755672647.517185,1,follower,auto,0.6579409837722778,0.9668008089065552,1.0546083450317383,0.5499999999999999,1.0,0.95,-0.1079409837722779,0.033199191093444824,-0.10460834503173833,-20,-20,7.663394547626316,0,,,,,,,
1755672647.6275706,0,leader,auto,1.5522717237472534,0.9562240242958069,0.024148987606167793,0.5499999999999999,1.0,-0.05,-1.0022717237472536,0.043775975704193115,-0.0741489876061678,0,0,0,0,1.0,-0.009129875795435227,0.15474209309447207,-0.1312259447286564,1.556836661644971,0.8788529777485709,0.08976195997049599
1755672647.7283695,1,follower,auto,0.6579409837722778,0.9668008089065552,1.0546083450317383,0.5499999999999999,1.0,0.95,-0.1079409837722779,0.033199191093444824,-0.10460834503173833,0,0,0,0,1.0,0.1588212779599027,-0.03560758675038733,0.1264950350101517,0.5785303447923265,0.9846046022817488,0.9913608275266624
1755672647.7288942,0,follower,auto,1.7201557159423828,0.9546468257904053,-0.009135330095887184,0.5499999999999999,1.0,-0.05,-1.170155715942383,0.04535317420959473,-0.04086466990411282,-9.993569683999404,30,11.792073478429009,0,,,,,,,
1755672647.8292544,1,follower,auto,0.6727840304374695,0.9695231318473816,1.0903369188308716,0.5499999999999999,1.0,0.95,-0.12278403043746955,0.030476868152618408,-0.14033691883087163,-20,-20,6.694757689312082,0,,,,,,,
1755672647.9814436,0,leader,auto,1.7201557159423828,0.9546468257904053,-0.009135330095887184,0.5499999999999999,1.0,-0.05,-1.170155715942383,0.04535317420959473,-0.04086466990411282,0,0,0,0,1.0,-0.032404519798998166,0.16013017073410019,-0.1731258026370272,1.736357975841882,0.8745817404233551,0.07742757122262642
1755672648.0820284,1,follower,auto,0.6727840304374695,0.9695231318473816,1.0903369188308716,0.5499999999999999,1.0,0.95,-0.12278403043746955,0.030476868152618408,-0.14033691883087163,0,0,0,0,1.0,0.08137154508057709,-0.0014614220148733148,0.08898087549689704,0.632098257897181,0.9702538428548182,1.045846481082423
1755672648.0833921,0,follower,auto,1.879232406616211,0.9619079828262329,-0.037678662687540054,0.5499999999999999,1.0,-0.05,-1.3292324066162111,0.03809201717376709,-0.012321337312459948,-3.025870388737495,30,9.841123636440482,0,,,,,,,
1755672648.1842113,1,follower,auto,0.6587141752243042,0.9708665013313293,1.0981956720352173,0.5499999999999999,1.0,0.95,-0.10871417522430427,0.029133498668670654,-0.14819567203521733,-20,-20,6.811800947308535,0,,,,,,,
1755672648.3360078,0,leader,auto,1.879232406616211,0.9619079828262329,-0.037678662687540054,0.5499999999999999,1.0,-0.05,-1.3292324066162111,0.03809201717376709,-0.012321337312459948,0,0,0,0,1.0,-0.0705808269361512,0.17044702282775592,-0.18900801377464763,1.9145228200842865,0.876684471412355,0.05682534419978376
1755672648.4371853,1,follower,auto,0.6587141752243042,0.9708665013313293,1.0981956720352173,0.5499999999999999,1.0,0.95,-0.10871417522430427,0.029133498668670654,-0.14819567203521733,0,0,0,0,1.0,-0.011962231393083056,0.03433500643704612,0.029430556171387234,0.6646952909208457,0.9536989981128063,1.0834803939495237
1755672648.438708,0,follower,auto,1.8736393451690674,0.9779759049415588,-0.055634185671806335,0.5499999999999999,1.0,-0.05,-1.3236393451690676,0.022024095058441162,0.005634185671806333,0.9163355976369455,-20,5.80174668941678,0,,,,,,,
1755672648.5394154,1,follower,auto,0.6187521815299988,0.9666334390640259,1.0751221179962158,0.5499999999999999,1.0,0.95,-0.06875218152999885,0.03336656093597412,-0.12512211799621586,-20,-16.074325555127174,7.98645280920565,0,,,,,,,
1755672648.6947427,0,leader,auto,1.8736393451690674,0.9779759049415588,-0.055634185671806335,0.5499999999999999,1.0,-0.05,-1.3236393451690676,0.022024095058441162,0.005634185671806333,0,0,0,0,1.0,-0.26939807474016897,0.17550679274487668,-0.18297187240828638,2.0083383825391516,0.8902225085691204,0.03585175053233686
1755672648.795321,1,follower,auto,0.6187521815299988,0.9666334390640259,1.0751221179962158,0.5499999999999999,1.0,0.95,-0.06875218152999885,0.03336656093597412,-0.12512211799621586,0,0,0,0,1.0,-0.10368390191353738,0.06425333846116132,-0.040148850614020404,0.6705941324867675,0.9345067698334453,1.095196543303226
1755672648.796079,0,follower,auto,1.8703148365020752,0.9745590686798096,-0.06295419484376907,0.5499999999999999,1.0,-0.05,-1.3203148365020754,0.02544093132019043,0.01295419484376907,2.981808565557792,-20,6.723915110271518,0,,,,,,,
1755672648.896519,1,follower,auto,0.5593724846839905,0.9587516188621521,1.030684471130371,0.5499999999999999,1.0,0.95,-0.009372484683990545,0.0412483811378479,-0.08068447113037114,-19.952648893465014,-0.9122172181490984,10.149926894674003,0,,,,,,,
1755672649.0008771,0,leader,auto,1.8703148365020752,0.9745590686798096,-0.06295419484376907,0.5499999999999999,1.0,-0.05,-1.3203148365020754,0.02544093132019043,0.01295419484376907,0,0,0,0,0.9048374180359595,-0.3676802806302142,0.14535010823658356,-0.16231200353363895,2.0541549768171823,0.9018840145615178,0.018201806923050415
1755672649.1015494,1,follower,auto,0.5593724846839905,0.9587516188621521,1.030684471130371,0.5499999999999999,1.0,0.95,-0.009372484683990545,0.0412483811378479,-0.08068447113037114,0,0,0,0,1.0,-0.17777889274664704,0.0910660128463674,-0.10147868009979177,0.648261931057314,0.9132186124389684,1.081423811180267
1755672649.103327,0,follower,auto,1.8675810098648071,0.9724851846694946,-0.06036127358675003,0.5499999999999999,1.0,-0.05,-1.3175810098648073,0.02751481533050537,0.010361273586750028,1.9955226309599858,-20,6.6343400206391046,0,,,,,,,
1755672649.2040644,1,follower,auto,0.5014893412590027,0.95485919713974,0.981156587600708,0.5499999999999999,1.0,0.95,0.04851065874099725,0.04514080286026001,-0.031156587600708052,-6.961716245254698,13.153129414776446,11.244939422389656,0,,,,,,,
1755672649.3083897,0,leader,auto,1.8675810098648071,0.9724851846694946,-0.06036127358675003,0.5499999999999999,1.0,-0.05,-1.3175810098648073,0.02751481533050537,0.010361273586750028,0,0,0,0,0.7408182206817179,-0.4104930819013983,0.11845840209175262,-0.13743121353025028,2.0728275508155063,0.9132559836236183,0.008354333178375098
1755672649.408726,1,follower,auto,0.5014893412590027,0.95485919713974,0.981156587600708,0.5499999999999999,1.0,0.95,0.04851065874099725,0.04514080286026001,-0.031156587600708052,0,0,0,0,1.0,-0.20179752946806517,0.12203977651265141,-0.14028025079418427,0.6023881059930353,0.8938393088834142,1.0512967129978001
1755672649.4093986,0,follower,auto,1.8662954568862915,0.9707211256027222,-0.05781419202685356,0.5499999999999999,1.0,-0.05,-1.3162954568862917,0.029278874397277832,0.007814192026853559,1.0006088116020675,-20,7.583917416072608,0,,,,,,,
1755672649.509896,1,follower,auto,0.4542883336544037,0.9563382863998413,0.9284964203834534,0.5499999999999999,1.0,0.95,0.09571166634559625,0.04366171360015869,0.021503579616546586,5.0107299772975376,20,10.310341376596925,0,,,,,,,
1755672649.6133265,0,leader,auto,1.8662954568862915,0.9707211256027222,-0.05781419202685356,0.5499999999999999,1.0,-0.05,-1.3162954568862917,0.029278874397277832,0.007814192026853559,0,0,0,0,0.6065306597126334,-0.42171669314513993,0.09503476318549708,-0.12205081329920008,2.0771538034588612,0.9232037440099736,0.0032112146227464763
1755672649.7139244,1,follower,auto,0.4542883336544037,0.9563382863998413,0.9284964203834534,0.5499999999999999,1.0,0.95,0.09571166634559625,0.04366171360015869,0.021503579616546586,0,0,0,0,1.0,-0.17584575553084447,0.14131710121767593,-0.16423864169576885,0.5422112114198259,0.8856797357910033,1.0106157412313377
1755672649.7145114,0,follower,auto,1.8645522594451904,0.9758521318435669,-0.0491468720138073,0.5499999999999999,1.0,-0.05,-1.3145522594451906,0.024147868156433105,-0.000853127986192706,-0.02688924258200184,-20,6.519719969238854,0,,,,,,,
1755672649.8149414,1,follower,auto,0.4270702600479126,0.9623345136642456,0.8816587924957275,0.5499999999999999,1.0,0.95,0.12292973995208734,0.037665486335754395,0.06834120750427242,16.983556498529836,20,9.32887296163566,0,,,,,,,
1755672649.921241,0,follower,auto,1.8645522594451904,0.9758521318435669,-0.0491468720138073,0.5499999999999999,1.0,-0.05,-1.3145522594451906,0.024147868156433105,-0.000853127986192706,0,0,0,0,0.4965853037914095,-0.41826597470943616,0.0825649668053996,-0.10728073521565379,2.0736852467999087,0.9345696484408671,0.004493495594019591
1755672650.0218735,1,leader,auto,0.4270702600479126,0.9623345136642456,0.8816587924957275,0.5499999999999999,1.0,-0.05,0.12292973995208734,0.037665486335754395,-0.9316587924957276,0,0,0,0,1.0,-0.11057773167696705,0.1405699745119563,-0.16920893427492545,0.4823591258863961,0.8920495264082675,0.9662632596331903
1755672650.0234654,0,follower,auto,1.8614832162857056,0.9956645965576172,-0.03628331050276756,0.5499999999999999,1.0,0.95,-1.3114832162857057,0.0043354034423828125,0.9862833105027675,20,-20,1.4674479296076346,0,,,,,,,
1755672650.1243784,1,follower,auto,0.42631998658180237,0.9734991192817688,0.8522232174873352,0.5499999999999999,1.0,-0.05,0.12368001341819757,0.0265008807182312,-0.9022232174873352,-20,20,5.676732406343601,0,,,,,,,
1755672650.3263981,0,follower,auto,1.8614832162857056,0.9956645965576172,-0.03628331050276756,0.5499999999999999,1.0,0.95,-1.3114832162857057,0.0043354034423828125,0.9862833105027675,0,0,0,0,0.4065696597405991,-0.40858784298030804,0.0852588686547604,-0.09470952318003026,2.06577713777586,0.953035162230237,0.01107145108724756
1755672650.4269464,1,leader,auto,0.42631998658180237,0.9734991192817688,0.8522232174873352,0.5499999999999999,1.0,-0.05,0.12368001341819757,0.0265008807182312,-0.9022232174873352,0,0,0,0,1.0,-0.023735478392259812,0.11854133479784856,-0.1517762752475611,0.4381877257779323,0.9142284518828445,0.9281113551111158
1755672650.4288194,0,follower,auto,1.86362624168396,1.023810863494873,-0.016288377344608307,0.5499999999999999,1.0,0.95,-1.3136262416839601,-0.023810863494873047,0.9662883773446083,20,-20,-4.586794682807683,0,,,,,,,
1755672650.5294733,1,follower,auto,0.4593178629875183,0.9841196537017822,0.8451796770095825,0.5499999999999999,1.0,-0.05,0.09068213701248162,0.015880346298217773,-0.8951796770095826,-20,20,2.5756529343353454,0,,,,,,,
1755672650.6326754,0,follower,auto,1.86362624168396,1.023810863494873,-0.016288377344608307,0.5499999999999999,1.0,0.95,-1.3136262416839601,-0.023810863494873047,0.9662883773446083,0,0,0,0,0.33287108369807955,-0.3899355595493832,0.06897150099681315,-0.0761303268221045,2.0585940214586516,0.9893251129964664,0.021776786066443933
1755672650.733018,1,leader,auto,0.4593178629875183,0.9841196537017822,0.8451796770095825,0.5499999999999999,1.0,-0.05,0.09068213701248162,0.015880346298217773,-0.8951796770095826,0,0,0,0,1.0,0.07509528160937817,0.11868505030743559,-0.11572030434225367,0.4217702221828292,0.9247771285480644,0.9030398291807094
1755672650.7333698,0,follower,auto,1.8620043992996216,1.0317796468734741,0.014485284686088562,0.5499999999999999,1.0,0.95,-1.3120043992996218,-0.03177964687347412,0.9355147153139114,20,-20,-6.665525804748225,0,,,,,,,
1755672650.8337092,1,follower,auto,0.5022500157356262,0.9863002896308899,0.8391956686973572,0.5499999999999999,1.0,-0.05,0.04774998426437371,0.013699710369110107,-0.8891956686973572,-20,11.599746518346096,2.558066734588943,0,,,,,,,
1755672650.9389243,0,follower,auto,1.8620043992996216,1.0317796468734741,0.014485284686088562,0.5499999999999999,1.0,0.95,-1.3120043992996218,-0.03177964687347412,0.9355147153139114,0,0,0,0,0.38674102345450123,-0.3770787964480564,0.015822328539407904,-0.046146082210249,2.05054379752365,1.02386848260377,0.03755832579121306
1755672651.039201,1,leader,auto,0.5022500157356262,0.9863002896308899,0.8391956686973572,0.5499999999999999,1.0,-0.05,0.04774998426437371,0.013699710369110107,-0.8891956686973572,0,0,0,0,1.0,0.1491882682399327,0.12200905604980294,-0.09110801835445026,0.42765588161565987,0.9252957616059885,0.8847496778745823
1755672651.0395446,0,follower,auto,1.8628376722335815,1.0308449268341064,0.054628368467092514,0.5499999999999999,1.0,0.95,-1.3128376722335817,-0.030844926834106445,0.8953716315329074,20,-20,-6.7566738467783,0,,,,,,,
1755672651.1398196,1,follower,auto,0.5568369030952454,0.9844118356704712,0.821349561214447,0.5499999999999999,1.0,-0.05,-0.006836903095245428,0.015588164329528809,-0.8713495612144471,-20,-0.5104962989650892,2.6307888252785214,0,,,,,,,
1755672651.39797,0,follower,auto,1.8628376722335815,1.0308449268341064,0.054628368467092514,0.5499999999999999,1.0,0.95,-1.3128376722335817,-0.030844926834106445,0.8953716315329074,0,0,0,0,0.44932896411722156,-0.36179978382773115,-0.040763324105022036,-0.011888786594548506,2.043737564147447,1.0512265888866175,0.06057276176436677
1755672651.4982483,1,leader,auto,0.5568369030952454,0.9844118356704712,0.821349561214447,0.5499999999999999,1.0,-0.05,-0.006836903095245428,0.015588164329528809,-0.8713495612144471,0,0,0,0,1.0,0.19904606390827195,0.1310613351079739,-0.08684447998101075,0.4573138711411094,0.9188811681164842,0.8647718012049523
1755672651.4986455,0,follower,auto,1.8635731935501099,1.040191650390625,0.1140669733285904,0.5499999999999999,1.0,0.95,-1.31357319355011,-0.040191650390625,0.8359330266714096,20,-20,-9.914930910136409,0,,,,,,,
1755672651.5990195,1,follower,auto,0.6349851489067078,0.9753947257995605,0.7802723050117493,0.5499999999999999,1.0,-0.05,-0.08498514890670783,0.024605274200439453,-0.8302723050117493,-20,-20,5.800047739319515,0,,,,,,,
1755672651.7044547,0,follower,auto,1.8635731935501099,1.040191650390625,0.1140669733285904,0.5499999999999999,1.0,0.95,-1.31357319355011,-0.040191650390625,0.8359330266714096,0,0,0,0,0.522045776761016,-0.3489320442670585,-0.07592127414399918,0.032124271202192356,2.0380392156836393,1.0781522874626246,0.09800483772749422
1755672651.80487,1,leader,auto,0.6349851489067078,0.9753947257995605,0.7802723050117493,0.5499999999999999,1.0,-0.05,-0.08498514890670783,0.024605274200439453,-0.8302723050117493,0,0,0,0,1.0,0.23309259942174076,0.13928452526900936,-0.10449553474068629,0.5184388491958374,0.9057524631650559,0.8325200723820925
1755672651.806024,0,follower,auto,1.864270567893982,1.0475770235061646,0.15471097826957703,0.5499999999999999,1.0,0.95,-1.3142705678939821,-0.04757702350616455,0.7952890217304229,20,-20,-10.91280110694948,0,,,,,,,
1755672651.907012,1,follower,auto,0.6743125319480896,0.9709256291389465,0.741877555847168,0.5499999999999999,1.0,-0.05,-0.12431253194808967,0.029074370861053467,-0.791877555847168,-20,-20,6.8688892814435105,0,,,,,,,
1755672652.0132446,0,follower,auto,1.864270567893982,1.0475770235061646,0.15471097826957703,0.5499999999999999,1.0,0.95,-1.3142705678939821,-0.04757702350616455,0.7952890217304229,0,0,0,0,0.6065306597126334,-0.33811107836068466,-0.11014711041438696,0.043002432106034494,2.0333261070743243,1.102650578713358,0.13320976221655978
1755672652.1136017,1,leader,auto,0.6743125319480896,0.9709256291389465,0.741877555847168,0.5499999999999999,1.0,-0.05,-0.12431253194808967,0.029074370861053467,-0.791877555847168,0,0,0,0,1.0,0.17497852244887274,0.158194216790993,-0.1091239153898792,0.5868232707236533,0.89182852074345,0.7964395135421076
1755672652.115294,0,follower,auto,1.862206220626831,1.049200177192688,0.19985072314739227,0.5499999999999999,1.0,0.95,-1.3122062206268312,-0.04920017719268799,0.7501492768526077,20,-20,-11.971156787329862,0,,,,,,,
1755672652.2163787,1,follower,auto,0.69488525390625,0.9656675457954407,0.6964514851570129,0.5499999999999999,1.0,-0.05,-0.14488525390625007,0.034332454204559326,-0.746451485157013,-20,-20,7.959185808089898,0,,,,,,,
1755672652.3205786,0,follower,auto,1.862206220626831,1.049200177192688,0.19985072314739227,0.5499999999999999,1.0,0.95,-1.3122062206268312,-0.04920017719268799,0.7501492768526077,0,0,0,0,0.7046880897187134,-0.33179454153327237,-0.14531195024958987,0.06083988335431123,2.028103491393467,1.1218561523174828,0.16943078147023666
1755672652.4211571,1,leader,auto,0.69488525390625,0.9656675457954407,0.6964514851570129,0.5499999999999999,1.0,-0.05,-0.14488525390625007,0.034332454204559326,-0.746451485157013,0,0,0,0,1.0,0.09491832630779617,0.1757864806937235,-0.11769964244420139,0.6474260907523519,0.8777743054485789,0.7553013063791136
1755672652.4236612,0,follower,auto,1.8614782094955444,1.0442217588424683,0.24662338197231293,0.5499999999999999,1.0,0.95,-1.3114782094955446,-0.04422175884246826,0.703376618027687,20,-20,-11.037057071463451,0,,,,,,,
1755672652.5245926,1,follower,auto,0.68870609998703,0.9633884429931641,0.646828830242157,0.5499999999999999,1.0,-0.05,-0.1387060999870301,0.03661155700683594,-0.696828830242157,-20,-20,9.04543576126919,0,,,,,,,
1755672652.626538,0,follower,auto,1.8614782094955444,1.0442217588424683,0.24662338197231293,0.5499999999999999,1.0,0.95,-1.3114782094955446,-0.04422175884246826,0.703376618027687,0,0,0,0,0.8187307530779818,-0.32407431907637285,-0.17932410568646295,0.07910388787808309,2.023515369033731,1.1338838116856997,0.20707143803327138
1755672652.727082,1,leader,auto,0.68870609998703,0.9633884429931641,0.646828830242157,0.5499999999999999,1.0,-0.05,-0.1387060999870301,0.03661155700683594,-0.696828830242157,0,0,0,0,1.0,0.0014920695183318067,0.19525653953775735,-0.12590430103305916,0.6879600652278641,0.8657601732242854,0.7097809807586866
1755672652.7283576,0,follower,auto,1.8619874715805054,1.0333079099655151,0.2960384488105774,0.5499999999999999,1.0,0.95,-1.3119874715805055,-0.03330790996551514,0.6539615511894226,20,-20,-8.111533473889883,0,,,,,,,
1755672652.8289356,1,follower,auto,0.6584939360618591,0.9628760814666748,0.5946449637413025,0.5499999999999999,1.0,-0.05,-0.1084939360618592,0.037123918533325195,-0.6446449637413025,-20,-20,9.125676039414483,0,,,,,,,
1755672653.040487,0,follower,auto,1.8619874715805054,1.0333079099655151,0.2960384488105774,0.5499999999999999,1.0,0.95,-1.3119874715805055,-0.03330790996551514,0.6539615511894226,0,0,0,0,0.951229424500714,-0.31629173229632945,-0.20971292653358065,0.09637808307331047,2.0201333377286703,1.1381643732323055,0.24784940727392216
1755672653.1410463,1,leader,auto,0.6584939360618591,0.9628760814666748,0.5946449637413025,0.5499999999999999,1.0,-0.05,-0.1084939360618592,0.037123918533325195,-0.6446449637413025,0,0,0,0,1.0,-0.08935851374863457,0.21309035246791852,-0.13279997660244158,0.7031731929361764,0.8563309052327155,0.6610449520425232
1755672653.1415646,0,follower,auto,1.859554409980774,1.026540756225586,0.3610312342643738,0.5499999999999999,1.0,0.95,-1.309554409980774,-0.026540756225585938,0.5889687657356262,20,-20,-6.262641491580265,0,,,,,,,
1755672653.2420318,1,follower,auto,0.5970107316970825,0.9706010222434998,0.5235936045646667,0.5499999999999999,1.0,-0.05,-0.047010731697082586,0.029398977756500244,-0.5735936045646668,-20,-9.948524129746785,7.2923302708735696,0,,,,,,,
1755672653.4424484,0,follower,auto,1.859554409980774,1.026540756225586,0.3610312342643738,0.5499999999999999,1.0,0.95,-1.309554409980774,-0.026540756225585938,0.5889687657356262,0,0,0,0,0.7788007830714049,-0.31320234133025737,-0.2260807369627651,0.12195796694521424,2.0161555806459024,1.1395811247069685,0.3000522507917667
1755672653.5427334,1,leader,auto,0.5970107316970825,0.9706010222434998,0.5235936045646667,0.5499999999999999,1.0,-0.05,-0.047010731697082586,0.029398977756500244,-0.5735936045646668,0,0,0,0,1.0,-0.179799749859319,0.23532823656355917,-0.1549449847401576,0.6869106066267421,0.8529369039617202,0.6010660969347456
1755672653.5431888,0,follower,auto,1.8593363761901855,1.040346622467041,0.4246641993522644,0.5499999999999999,1.0,0.95,-1.3093363761901857,-0.040346622467041016,0.5253358006477356,20,-20,-10.35618345322855,0,,,,,,,
1755672653.6435366,1,follower,auto,0.5241823792457581,0.978782594203949,0.45654532313346863,0.5499999999999999,1.0,-0.05,0.025817620754241877,0.021217405796051025,-0.5065453231334687,-20,7.19515637744712,5.379434415658433,0,,,,,,,
1755672653.753146,0,follower,auto,1.8593363761901855,1.040346622467041,0.4246641993522644,0.5499999999999999,1.0,0.95,-1.3093363761901857,-0.040346622467041016,0.5253358006477356,0,0,0,0,0.9048374180359595,-0.3075184541449598,-0.21786597060857948,0.1311136723206756,2.0130956032626655,1.1492796077713308,0.3591073631919266
1755672653.85364,1,leader,auto,0.5241823792457581,0.978782594203949,0.45654532313346863,0.5499999999999999,1.0,-0.05,0.025817620754241877,0.021217405796051025,-0.5065453231334687,0,0,0,0,1.0,-0.23372805764080362,0.2504308332355545,-0.15846059240264054,0.6410464080661599,0.8535671775861717,0.5357756193347889
1755672653.8551695,0,follower,auto,1.8582737445831299,1.0696781873703003,0.48291292786598206,0.5499999999999999,1.0,0.95,-1.30827374458313,-0.06967818737030029,0.4670870721340179,20,-20,-17.40899309451177,0,,,,,,,
1755672653.9556928,1,follower,auto,0.46225422620773315,0.9858736991882324,0.3966549336910248,0.5499999999999999,1.0,-0.05,0.08774577379226678,0.014126300811767578,-0.44665493369102477,-20,20,3.422863359141385,0,,,,,,,
1755672654.057774,0,follower,auto,1.8582737445831299,1.0696781873703003,0.48291292786598206,0.5499999999999999,1.0,0.95,-1.30827374458313,-0.06967818737030029,0.4670870721340179,0,0,0,0,0.85,-0.30399481657863126,-0.20298227082708187,0.13148551482501458,2.0102711528724457,1.1711693227838413,0.41717017045347476
1755672654.1582284,1,leader,auto,0.46225422620773315,0.9858736991882324,0.3966549336910248,0.5499999999999999,1.0,-0.05,0.08774577379226678,0.014126300811767578,-0.44665493369102477,0,0,0,0,1.0,-0.22623589170594294,0.25936150626889765,-0.14734769719260143,0.5753721720607046,0.8561929460537836,0.4703287822873255
1755672654.158587,0,follower,auto,1.8567941188812256,1.1003609895706177,0.5331565141677856,0.5499999999999999,1.0,0.95,-1.3067941188812258,-0.10036098957061768,0.4168434858322143,20,-20,-20,0,,,,,,,
1755672654.2589068,1,follower,auto,0.4187047779560089,0.9915751218795776,0.347363144159317,0.5499999999999999,1.0,-0.05,0.13129522204399102,0.008424878120422363,-0.397363144159317,-20,20,2.429834106829177,0,,,,,,,
1755672654.366892,0,follower,auto,1.8567941188812256,1.1003609895706177,0.5331565141677856,0.5499999999999999,1.0,0.95,-1.3067941188812258,-0.10036098957061768,0.4168434858322143,0,0,0,0,1.0,-0.30137035472981166,-0.19998042468137922,0.13187130092203075,2.0074792962461316,1.2003512019113072,0.4672208637067703
1755672654.4676483,1,leader,auto,0.4187047779560089,0.9915751218795776,0.347363144159317,0.5499999999999999,1.0,-0.05,0.13129522204399102,0.008424878120422363,-0.397363144159317,0,0,0,0,1.0,-0.1682745915327959,0.2642818550538081,-0.12430117423250503,0.5028420737224069,0.8594341943526735,0.40951373127556956
1755672654.469225,0,follower,auto,1.853611946105957,1.1317509412765503,0.5807309746742249,0.5499999999999999,1.0,0.95,-1.3036119461059572,-0.1317509412765503,0.3692690253257751,20,-20,-20,0,,,,,,,
1755672654.5706792,1,follower,auto,0.39335766434669495,0.9953163266181946,0.2991069555282593,0.5499999999999999,1.0,-0.05,0.156642335653305,0.00468367338180542,-0.34910695552825927,-20,20,1.4671578291852505,0,,,,,,,
1755672654.6743836,0,follower,auto,1.853611946105957,1.1317509412765503,0.5807309746742249,0.5499999999999999,1.0,0.95,-1.3036119461059572,-0.1317509412765503,0.3692690253257751,0,0,0,0,1.0,-0.30066474604767945,-0.20377372237521585,0.14016407711063228,2.003944319129797,1.233637802464158,0.5106489361189087
1755672654.7748199,1,leader,auto,0.39335766434669495,0.9953163266181946,0.2991069555282593,0.5499999999999999,1.0,-0.05,0.156642335653305,0.00468367338180542,-0.34910695552825927,0,0,0,0,1.0,-0.08931238539651637,0.2662820816397685,-0.10547106376236065,0.4380138570449531,0.8621752857983103,0.3518424874094396
1755672654.775186,0,follower,auto,1.8440276384353638,1.1548041105270386,0.6264038681983948,0.5499999999999999,1.0,0.95,-1.294027638435364,-0.15480411052703857,0.3235961318016052,20,-20,-20,0,,,,,,,
1755672654.8755121,1,follower,auto,0.4009856879711151,0.9936102628707886,0.24466827511787415,0.5499999999999999,1.0,-0.05,0.14901431202888482,0.006389737129211426,-0.29466827511787413,-20,20,1.5471388388812315,0,,,,,,,
1755672654.9843848,0,follower,auto,1.8440276384353638,1.1548041105270386,0.6264038681983948,0.5499999999999999,1.0,0.95,-1.294027638435364,-0.15480411052703857,0.3235961318016052,0,0,0,0,0.9048374180359595,-0.30566754437860055,-0.2197429931113135,0.15259741282491956,1.996861410624664,1.2646756070826952,0.5501051617859349
1755672655.085291,1,leader,auto,0.4009856879711151,0.9936102628707886,0.24466827511787415,0.5499999999999999,1.0,-0.05,0.14901431202888482,0.006389737129211426,-0.29466827511787413,0,0,0,0,1.0,0.009395721883113661,0.26319518073194204,-0.0963226836724358,0.3962878270295583,0.8620126725048176,0.29282961695409204
1755672655.0868165,0,follower,auto,1.8252346515655518,1.165924072265625,0.6683095097541809,0.5499999999999999,1.0,0.95,-1.275234651565552,-0.165924072265625,0.28169049024581905,20,-20,-20,0,,,,,,,
1755672655.1875293,1,follower,auto,0.4297698438167572,0.9959093928337097,0.18041135370731354,0.5499999999999999,1.0,-0.05,0.12023015618324273,0.004090607166290283,-0.23041135370731353,-20,20,1.6580472084623508,0,,,,,,,
1755672655.3300219,0,follower,auto,1.8252346515655518,1.165924072265625,0.6683095097541809,0.5499999999999999,1.0,0.95,-1.275234651565552,-0.165924072265625,0.28169049024581905,0,0,0,0,0.7408182206817179,-0.3159808946367777,-0.24427882647347232,0.16436500981593505,1.9832250988839406,1.2880634855023612,0.5861270048462134
1755672655.430467,1,leader,auto,0.4297698438167572,0.9959093928337097,0.18041135370731354,0.5499999999999999,1.0,-0.05,0.12023015618324273,0.004090607166290283,-0.23041135370731353,0,0,0,0,1.0,0.09924820721233263,0.2672332613371199,-0.09637128560945962,0.3801457402105909,0.8622927621651497,0.22859699651204335
1755672655.4316115,0,follower,auto,1.7851006984710693,1.1560081243515015,0.7144151926040649,0.5499999999999999,1.0,0.95,-1.2351006984710695,-0.15600812435150146,0.23558480739593501,20,-20,-20,0,,,,,,,
1755672655.5323677,1,follower,auto,0.48176679015159607,0.9958841800689697,0.11105694621801376,0.5499999999999999,1.0,-0.05,0.06823320984840386,0.0041158199310302734,-0.16105694621801375,-20,17.52973696737344,1.7628959537369588,0,,,,,,,
1755672655.6989481,0,follower,auto,1.7851006984710693,1.1560081243515015,0.7144151926040649,0.5499999999999999,1.0,0.95,-1.2351006984710695,-0.15600812435150146,0.23558480739593501,0,0,0,0,0.6065306597126334,-0.3403598733659621,-0.2804831349541186,0.1829432989184252,1.9552806351540504,1.2962496918285606,0.6229435431448523
1755672655.799498,1,leader,auto,0.48176679015159607,0.9958841800689697,0.11105694621801376,0.5499999999999999,1.0,-0.05,0.06823320984840386,0.0041158199310302734,-0.16105694621801375,0,0,0,0,1.0,0.18043986586127564,0.2682216306184494,-0.09640512987251088,0.3915468572209583,0.861773364759745,0.1592595111542692
1755672655.8006423,0,follower,auto,1.7382452487945557,1.1206154823303223,0.7609764933586121,0.5499999999999999,1.0,0.95,-1.1882452487945558,-0.12061548233032227,0.1890235066413879,20,-20,-20,0,,,,,,,
1755672655.901746,1,follower,auto,0.5499526262283325,0.9919763803482056,0.03816203400492668,0.5499999999999999,1.0,-0.05,4.7373771667413855e-05,0.008023619651794434,-0.08816203400492668,-20,0.3509160487319683,2.8601116086787757,0,,,,,,,
1755672656.0453594,0,follower,auto,1.7382452487945557,1.1206154823303223,0.7609764933586121,0.5499999999999999,1.0,0.95,-1.1882452487945558,-0.12061548233032227,0.1890235066413879,0,0,0,0,0.4965853037914095,-0.355445668176968,-0.3244281638547091,0.1998820304500436,1.9159680828830397,1.2828295642576768,0.6610354781335903
1755672656.145927,1,leader,auto,0.5499526262283325,0.9919763803482056,0.03816203400492668,0.5499999999999999,1.0,-0.05,4.7373771667413855e-05,0.008023619651794434,-0.08816203400492668,0,0,0,0,1.0,0.24212353128472885,0.2660577141597985,-0.094977093590485,0.4288908605859681,0.8589475232683064,0.08565058080016918
1755672656.3482397,0,follower,auto,1.665948748588562,1.0773197412490845,0.8218638896942139,0.5499999999999999,1.0,0.95,-1.1159487485885622,-0.07731974124908447,0.1281361103057861,20,-20,-19.854368075426446,0,,,,,,,
1755672660.3556604,1,follower,auto,0.6273281574249268,0.9931474924087524,-0.03734014928340912,0.5499999999999999,1.0,-0.05,-0.07732815742492682,0.006852507591247559,-0.012659850716590884,-2.9497496440816384,-18.810422733769844,1.9605584731175534,0,,,,,,,
1755672668.69578,0,follower,auto,1.665948748588562,1.0773197412490845,0.8218638896942139,0.5499999999999999,1.0,0.95,-1.1159487485885622,-0.07731974124908447,0.1281361103057861,0,0,0,0,0.4065696597405991,-0.3835484193395633,-0.35159380589523326,0.22868574966540445,1.8577229582583437,1.2531166441967012,0.7075210148615116
1755672668.7963703,1,leader,auto,0.6273281574249268,0.9931474924087524,-0.03734014928340912,0.5499999999999999,1.0,-0.05,-0.07732815742492682,0.006852507591247559,-0.012659850716590884,0,0,0,0,1.0,0.2655573279751142,0.2714306277205981,-0.09308206158206561,0.49454949343736965,0.8574321785484533,0.009200881507623687
1755672668.9447355,0,follower,auto,1.2750113010406494,0.04774733632802963,1.2667455673217773,0.5499999999999999,1.0,0.95,-0.7250113010406495,0.9522526636719704,-0.3167455673217774,0,0,0,0,0.33287108369807955,-0.7093923529090105,-1.3468417243426463,0.6309282561638947,1.6297074774951548,0.7211681984993528,0.95128143923983
1755672669.0455146,1,leader,auto,0.7766327857971191,0.051277074962854385,-0.46330925822257996,0.5499999999999999,1.0,-0.05,-0.2266327857971192,0.9487229250371456,0.41330925822257997,0,0,0,0,0.9048374180359595,0.3118038878038772,-0.6849748393018071,-0.43804628539106394,0.6207308418951806,0.39376449461375795,-0.24428611552704801
1755672669.2175386,0,follower,auto,1.2749857902526855,0.04774188995361328,1.2667402029037476,0.5499999999999999,1.0,0.95,-0.7249857902526856,0.9522581100463867,-0.3167402029037476,0,0,0,0,0.2725317930340126,-0.4517449182301547,-0.7406198043157289,0.3628518575115004,1.500858249367763,0.41805179211147775,1.0853142741479973
1755672669.3180606,1,leader,auto,0.7766324877738953,0.05127210542559624,-0.463307648897171,0.5499999999999999,1.0,-0.05,-0.22663248777389533,0.9487278945744038,0.41330764889717103,0,0,0,0,0.85,0.14498554644280115,-0.17041413650916182,-0.15585499752672638,0.7041397145524947,0.13647917368017715,-0.38538015013380783
1755672669.4220257,0,follower,auto,1.274991750717163,0.0477185882627964,1.2667362689971924,0.5499999999999999,1.0,0.95,-0.7249917507171632,0.9522814117372036,-0.3167362689971924,0,0,0,0,0.22313016014842982,-0.31126758536217447,-0.40568331331656976,0.22326982674639928,1.4306255433982504,0.2505602449210813,1.1551013556239926
1755672669.5224528,1,leader,auto,0.7766347527503967,0.051277682185173035,-0.46331048011779785,0.5499999999999999,1.0,-0.05,-0.2266347527503968,0.948722317814827,0.41331048011779786,0,0,0,0,1.0,0.032619527777222546,0.10175550038371875,-0.005814502786840092,0.7603249888617855,0.0003999319933136597,-0.4604032287243778
1755672669.6261578,0,follower,auto,1.275003433227539,0.047723330557346344,1.2667382955551147,0.5499999999999999,1.0,0.95,-0.7250034332275391,0.9522766694426537,-0.3167382955551148,0,0,0,0,0.2592402606458915,-0.23923446590693387,-0.2297891918994635,0.1577102520315048,1.394620666181006,0.1626179265070781,1.1878831695393623
1755672669.726603,1,leader,auto,0.776638925075531,0.05127658694982529,-0.4633118808269501,0.5499999999999999,1.0,-0.05,-0.22663892507553107,0.9487234130501747,0.4133118808269501,0,0,0,0,1.0,-0.04465536388510938,0.2336605114524558,0.06765363181653894,0.7989666070180856,-0.06555366877640262,-0.49713869673521954
1755672669.8292353,0,follower,auto,1.27499258518219,0.04772587865591049,1.2667429447174072,0.5499999999999999,1.0,0.95,-0.72499258518219,0.9522741213440895,-0.31674294471740727,0,0,0,0,0.30119421191220214,-0.20649402412155338,-0.1457590819539337,0.13374773771164872,1.3782395972429666,0.12060541963287734,1.1998690758615829
1755672669.9297595,1,leader,auto,0.7766284942626953,0.05127964913845062,-0.46330150961875916,0.5499999999999999,1.0,-0.05,-0.22662849426269538,0.9487203508615494,0.41330150961875917,0,0,0,0,1.0,-0.09899196011605738,0.28621068825320717,0.0977031583352963,0.826124474320724,-0.09182569498815293,-0.5121530887864073
1755672670.1174433,0,follower,auto,1.2750016450881958,0.04773690924048424,1.2667454481124878,0.5499999999999999,1.0,0.95,-0.7250016450881959,0.9522630907595158,-0.31674544811248784,0,0,0,0,0.3499377491111553,-0.19564931358899917,-0.11353240875838383,0.13225636122011974,1.3728263018826954,0.10450311361967615,1.200617267502428
1755672670.2180123,1,leader,auto,0.77663254737854,0.051275935024023056,-0.4633113741874695,0.5499999999999999,1.0,-0.05,-0.2266325473785401,0.9487240649759769,0.4133113741874695,0,0,0,0,1.0,-0.13802675982849688,0.295394001816887,0.1039079062611854,0.8456459272927885,-0.09642106588442045,-0.5152653273180622
1755672670.3218973,0,follower,auto,1.2750110626220703,0.047725532203912735,1.2667382955551147,0.5499999999999999,1.0,0.95,-0.7250110626220704,0.9522744677960873,-0.3167382955551148,0,0,0,0,0.4065696597405991,-0.19653114874362343,-0.10949421116866725,0.1420974398119197,1.373276636993882,0.10247263778824636,1.1956895756491548
1755672670.4223652,1,leader,auto,0.7766308784484863,0.05127277597784996,-0.4633076786994934,0.5499999999999999,1.0,-0.05,-0.2266308784484864,0.94872722402215,0.4133076786994934,0,0,0,0,1.0,-0.16669843127639017,0.28225838318388097,0.0977897283694158,0.8599800940866814,-0.08985641561409055,-0.5122025428842013
1755672670.5254338,0,follower,auto,1.2750073671340942,0.047732457518577576,1.2667306661605835,0.5499999999999999,1.0,0.95,-0.7250073671340943,0.9522675424814224,-0.31673066616058354,0,0,0,0,0.4723665527410147,-0.20322799893073262,-0.11979221524076594,0.1569250495592538,1.3766213665994607,0.10762856513896055,1.1882681413809566
1755672670.625904,1,leader,auto,0.7766303420066833,0.05127618461847305,-0.46330973505973816,0.5499999999999999,1.0,-0.05,-0.22663034200668342,0.948723815381527,0.41330973505973817,0,0,0,0,1.0,-0.18817466705650854,0.25888880437538414,0.08591904811633355,0.8707176755349376,-0.07816821756921902,-0.506269259117905
1755672670.7286925,0,follower,auto,1.2749980688095093,0.04773937538266182,1.2667338848114014,0.5499999999999999,1.0,0.95,-0.7249980688095093,0.9522606246173382,-0.3167338848114014,0,0,0,0,0.5488116360940264,-0.21235606693574494,-0.13655576966054225,0.1732193170845484,1.3811761022773816,0.11601726021293295,1.1801242262691272
1755672670.8291237,1,leader,auto,0.7766268253326416,0.05127483978867531,-0.4633001387119293,0.5499999999999999,1.0,-0.05,-0.22662682533264167,0.9487251602113247,0.41330013871192933,0,0,0,0,1.0,-0.2045539612186208,0.23202679483851962,0.0720204688565852,0.878903805941952,-0.0647385576305845,-0.4993103731402219
1755672670.9344923,0,follower,auto,1.2749965190887451,0.047731466591358185,1.2667349576950073,0.5499999999999999,1.0,0.95,-0.7249965190887452,0.9522685334086418,-0.31673495769500737,0,0,0,0,0.6376281516217733,-0.22204742764892793,-0.15539346964958034,0.18909332095949183,1.386020232913209,0.12542820141614835,1.1721882972152615
1755672671.0348392,1,leader,auto,0.7766280770301819,0.051274821162223816,-0.46330657601356506,0.5499999999999999,1.0,-0.05,-0.22662807703018195,0.9487251788377762,0.4133065760135651,0,0,0,0,1.0,-0.2172304853765613,0.20530499027881888,0.05805315428418789,0.8852433197184626,-0.05137767397718562,-0.492333153155659
1755672671.1374078,0,follower,auto,1.2750028371810913,0.04772573336958885,1.2667326927185059,0.5499999999999999,1.0,0.95,-0.7250028371810914,0.9522742666304111,-0.3167326927185059,0,0,0,0,0.7408182206817179,-0.23134192025698397,-0.17393260119909446,0.20364482064511802,1.3906737973095833,0.1346920339691361,1.164910282395947
1755672671.2377021,1,leader,auto,0.7766302227973938,0.051268480718135834,-0.46331918239593506,0.5499999999999999,1.0,-0.05,-0.22663022279739387,0.9487315192818642,0.41331918239593507,0,0,0,0,1.0,-0.22717214214327042,0.1805161665058963,0.04503904864424424,0.890216293869029,-0.03898960253481232,-0.4858387067180572
1755672671.3415687,0,follower,auto,1.2750000953674316,0.047723881900310516,1.2667468786239624,0.5499999999999999,1.0,0.95,-0.7250000953674317,0.9522761180996895,-0.31674687862396245,0,0,0,0,0.8607079764250578,-0.2398042920490291,-0.19102300313742393,0.21653625200015747,1.394902241391946,0.14323538346902248,1.1584787526238838
1755672671.4419725,1,leader,auto,0.7766266465187073,0.05127396434545517,-0.4633042514324188,0.5499999999999999,1.0,-0.05,-0.22662664651870734,0.9487260356545448,0.41330425143241883,0,0,0,0,1.0,-0.23505706535626447,0.15844719667951124,0.03344624129194401,0.8941551791968395,-0.02794963399430045,-0.48002737207839086
1755672671.6460981,0,follower,auto,1.2750014066696167,0.04772094637155533,1.2667356729507446,0.5499999999999999,1.0,0.95,-0.7250014066696168,0.9522790536284447,-0.3167356729507447,0,0,0,0,1.0,-0.24724512438577495,-0.20619767794644583,0.22765340653441823,1.3986239688625042,0.15081978534477825,1.1529089696835355
1755672671.746686,1,leader,auto,0.776628315448761,0.051269181072711945,-0.46330374479293823,0.5499999999999999,1.0,-0.05,-0.22662831544876105,0.948730818927288,0.41330374479293824,0,0,0,0,1.0,-0.24135070991285246,0.13926089074277198,0.023333617928204653,0.8973036704051872,-0.01836126429867406,-0.47497055375704056
1755672671.8525147,0,follower,auto,1.275002360343933,0.04772305116057396,1.2667362689971924,0.5499999999999999,1.0,0.95,-0.7250023603439332,0.952276948839426,-0.3167362689971924,0,0,0,0,0.8187307530779818,-0.2536587394750123,-0.21934613757693172,0.2371424151392314,1.4018317300814394,0.15739611994903982,1.1481650614275767
1755672672.053048,1,leader,auto,0.7766293883323669,0.051267147064208984,-0.463303804397583,0.5499999999999999,1.0,-0.05,-0.226629388332367,0.948732852935791,0.413303804397583,0,0,0,0,1.0,-0.2464140012774645,0.12287197433073024,0.01468282827411771,0.8998363889710992,-0.010168840101156137,-0.47064521853464186
1755672672.1596699,0,follower,auto,1.2749992609024048,0.04772759601473808,1.2667292356491089,0.5499999999999999,1.0,0.95,-0.7249992609024049,0.9522724039852619,-0.31672923564910893,0,0,0,0,0.6703200460356393,-0.25911348837222503,-0.23056369769664398,0.24513368906278687,1.4045560050885173,0.16300944486306007,1.1441623911177154
1755672672.360103,1,leader,auto,0.7766249179840088,0.05128078535199165,-0.4633002281188965,0.5499999999999999,1.0,-0.05,-0.22662491798400886,0.9487192146480083,0.4133002281188965,0,0,0,0,1.0,-0.2505126328360818,0.1090418998619255,0.0073727128780997075,0.9018812344020497,-0.003240164578971097,-0.46698658455794634
1755672672.4639206,0,follower,auto,1.2749959230422974,0.04772254824638367,1.2667380571365356,0.5499999999999999,1.0,0.95,-0.7249959230422974,0.9522774517536163,-0.3167380571365357,0,0,0,0,0.5488116360940264,-0.26370315705335456,-0.24004261154025353,0.2518401907011063,1.4068475015689748,0.16774385401651043,1.1408179617859826
1755672672.5642393,1,leader,auto,0.7766253352165222,0.05126667022705078,-0.46329933404922485,0.5499999999999999,1.0,-0.05,-0.22662533521652228,0.9487333297729492,0.41329933404922486,0,0,0,0,1.0,-0.2538315994697631,0.09741592586854644,0.0012383245964913137,0.9035411349514038,0.0025587072927775595,-0.4639184963474705
1755672672.7763946,0,follower,auto,1.2749993801116943,0.04772306978702545,1.266740083694458,0.5499999999999999,1.0,0.95,-0.7249993801116944,0.9522769302129745,-0.31674008369445805,0,0,0,0,0.44932896411722156,-0.2675319754706802,-0.24797351634524434,0.2574122013171105,1.4087653678470344,0.17170982795964762,1.1380339830359028
1755672672.8766959,1,leader,auto,0.7766274809837341,0.05126618221402168,-0.4633006453514099,0.5499999999999999,1.0,-0.05,-0.2266274809837342,0.9487338177859783,0.4133006453514099,0,0,0,0,1.0,-0.25653156502279173,0.08774720081705208,-0.0038783161110415576,0.90489326349513,0.007392581805495645,-0.4613614872958891
1755672673.1246736,0,follower,auto,1.275002121925354,0.04770699515938759,1.2667407989501953,0.5499999999999999,1.0,0.95,-0.7250021219253541,0.9522930048406124,-0.31674079895019536,0,0,0,0,0.36787944117144233,-0.2707198616521327,-0.25459741877185227,0.26203240930615634,1.4103620527514202,0.17500570454531372,1.135724594297117
1755672673.2250547,1,leader,auto,0.7766250967979431,0.05127260088920593,-0.4633062481880188,0.5499999999999999,1.0,-0.05,-0.22662509679794318,0.9487273991107941,0.4133062481880188,0,0,0,0,1.0,-0.25873929093448345,0.07972719056640623,-0.008130004344576502,0.9059947422651848,0.01140900560600281,-0.4592412460157306
1755672673.4658365,0,follower,auto,1.2750097513198853,0.047708503901958466,1.2667434215545654,0.5499999999999999,1.0,0.95,-0.7250097513198853,0.9522914960980415,-0.3167434215545655,0,0,0,0,0.30119421191220214,-0.2733585268463379,-0.26006996730091786,0.26585652007330784,1.4116890147430543,0.1777434875524174,1.1338151615179115
1755672673.5661597,1,leader,auto,0.7766247987747192,0.05126446858048439,-0.4633064866065979,0.5499999999999999,1.0,-0.05,-0.2266247987747193,0.9487355314195156,0.4133064866065979,0,0,0,0,1.0,-0.260539740096118,0.07307148076161074,-0.011641942212311296,0.9068946688227782,0.014728728199679027,-0.45748551550044225
