timestamp,drone_id,role,mode,x,y,z,target_x,target_y,target_z,error_x,error_y,error_z,rc_lr,rc_fb,rc_ud,rc_yaw,trust,obs_error_x,obs_error_y,obs_error_z,obs_state_x,obs_state_y,obs_state_z
1759299422.312011,0,leader,manual,-0.03689950704574585,0.05582476779818535,0.09016339480876923,0,1,0,0.03689950704574585,0.9441752322018147,-0.09016339480876923,0,0,0,0,1.0,0.0,0.0,0.0,0.0,0.0,0.0
1759299422.4124525,1,follower,manual,-0.03056887350976467,0.05956840515136719,0.9896422624588013,0,1,1,0.03056887350976467,0.9404315948486328,0.01035773754119873,0,0,0,0,1.0,0.0,0.0,0.0,0.0,0.0,0.0
1759299422.5999527,0,leader,manual,-0.036859627813100815,0.05578313395380974,0.09016382694244385,0,1,0,0.036859627813100815,0.9442168660461903,-0.09016382694244385,0,0,0,0,1.0,0.0,0.0,0.0,0.0,0.0,0.0
1759299422.7005556,1,follower,manual,-0.030565408989787102,0.05957438424229622,0.9896455407142639,0,1,1,0.030565408989787102,0.9404256157577038,0.010354459285736084,0,0,0,0,1.0,0.0,0.0,0.0,0.0,0.0,0.0
1759299422.8615005,0,leader,manual,-0.03690546005964279,0.055827390402555466,0.09016205370426178,0,1,0,0.03690546005964279,0.9441726095974445,-0.09016205370426178,0,0,0,0,1.0,0.0,0.0,0.0,0.0,0.0,0.0
1759299422.9618287,1,follower,manual,-0.030577050521969795,0.059588801115751266,0.989641547203064,0,1,1,0.030577050521969795,0.9404111988842487,0.010358452796936035,0,0,0,0,1.0,0.0,0.0,0.0,0.0,0.0,0.0
1759299423.0636308,0,leader,manual,-0.03690430894494057,0.055826492607593536,0.09015973657369614,0,1,0,0.03690430894494057,0.9441735073924065,-0.09015973657369614,0,0,0,0,1.0,0.0,0.0,0.0,0.0,0.0,0.0
1759299423.2641022,1,follower,manual,-0.030574411153793335,0.059590574353933334,0.9896478056907654,0,1,1,0.030574411153793335,0.9404094256460667,0.01035219430923462,0,0,0,0,1.0,0.0,0.0,0.0,0.0,0.0,0.0
1759299423.3825138,0,leader,manual,-0.03690209984779358,0.05582055822014809,0.09015160799026489,0,1,0,0.03690209984779358,0.9441794417798519,-0.09015160799026489,0,0,0,0,1.0,0.0,0.0,0.0,0.0,0.0,0.0
1759299423.4827707,1,follower,manual,-0.030567869544029236,0.059559401124715805,0.9896504878997803,0,1,1,0.030567869544029236,0.9404405988752842,0.010349512100219727,0,0,0,0,1.0,0.0,0.0,0.0,0.0,0.0,0.0
1759299423.6300206,0,leader,manual,-0.03690369054675102,0.0558229424059391,0.09015640616416931,0,1,0,0.03690369054675102,0.9441770575940609,-0.09015640616416931,0,0,0,0,1.0,0.0,0.0,0.0,0.0,0.0,0.0
1759299423.7306354,1,follower,manual,-0.030577169731259346,0.05957532301545143,0.9896455407142639,0,1,1,0.030577169731259346,0.9404246769845486,0.010354459285736084,0,0,0,0,1.0,0.0,0.0,0.0,0.0,0.0,0.0
1759299423.888232,0,leader,manual,-0.03690550848841667,0.055832963436841965,0.09015945345163345,0,1,0,0.03690550848841667,0.944167036563158,-0.09015945345163345,0,0,0,0,1.0,0.0,0.0,0.0,0.0,0.0,0.0
1759299423.988696,1,follower,manual,-0.03023369424045086,0.06041194498538971,0.9900176525115967,0,1,1,0.03023369424045086,0.9395880550146103,0.00998234748840332,0,0,0,0,1.0,0.0,0.0,0.0,0.0,0.0,0.0
1759299427.69716,0,leader,manual,-0.03690294921398163,0.05583280697464943,0.09016065299510956,0,1,0,0.03690294921398163,0.9441671930253506,-0.09016065299510956,0,0,0,0,1.0,0.0,0.0,0.0,0.0,0.0,0.0
1759299427.7974765,1,follower,manual,-0.030572492629289627,0.059587348252534866,0.9896408319473267,0,1,1,0.030572492629289627,0.9404126517474651,0.01035916805267334,0,0,0,0,1.0,0.0,0.0,0.0,0.0,0.0,0.0
1759299427.7980065,0,follower,manual,-0.04409860074520111,0.8623406887054443,0.06415928155183792,0,1,0,0.04409860074520111,0.13765931129455566,-0.06415928155183792,0,0,0,0,,,,,,,
1759299427.8982697,1,follower,manual,-0.05413657799363136,0.7357760667800903,0.9204193353652954,0,1,1,0.05413657799363136,0.26422393321990967,0.07958066463470459,0,0,0,0,,,,,,,
1759299428.1081355,0,leader,manual,-0.04409860074520111,0.8623406887054443,0.06415928155183792,0,1,0,0.04409860074520111,0.13765931129455566,-0.06415928155183792,0,0,0,0,1.0,0.0,0.0,0.0,0.0,0.0,0.0
1759299428.2086205,1,follower,manual,-0.05413657799363136,0.7357760667800903,0.9204193353652954,0,1,1,0.05413657799363136,0.26422393321990967,0.07958066463470459,0,0,0,0,1.0,0.0,0.0,0.0,0.0,0.0,0.0
1759299428.2095406,0,follower,manual,-0.046525221318006516,0.8468332290649414,0.06527633965015411,0,1,0,0.046525221318006516,0.1531667709350586,-0.06527633965015411,0,0,0,0,,,,,,,
1759299428.3110178,1,follower,manual,-0.06499619781970978,0.7447569966316223,0.9232922196388245,0,1,1,0.06499619781970978,0.2552430033683777,0.07670778036117554,0,0,0,0,,,,,,,
1759299428.41413,0,leader,manual,-0.046525221318006516,0.8468332290649414,0.06527633965015411,0,1,0,0.046525221318006516,0.1531667709350586,-0.06527633965015411,0,0,0,0,1.0,0.0,0.0,0.0,0.0,0.0,0.0
1759299428.514981,1,follower,manual,-0.06499619781970978,0.7447569966316223,0.9232922196388245,0,1,1,0.06499619781970978,0.2552430033683777,0.07670778036117554,0,0,0,0,1.0,0.0,0.0,0.0,0.0,0.0,0.0
1759299428.5152636,0,follower,manual,-0.047262582927942276,0.8331460952758789,0.06632382422685623,0,1,0,0.047262582927942276,0.1668539047241211,-0.06632382422685623,0,0,0,0,,,,,,,
1759299428.6155713,1,follower,manual,-0.07356806844472885,0.7508707046508789,0.9357872009277344,0,1,1,0.07356806844472885,0.2491292953491211,0.06421279907226562,0,0,0,0,,,,,,,
1759299428.719642,0,leader,manual,-0.047262582927942276,0.8331460952758789,0.06632382422685623,0,1,0,0.047262582927942276,0.1668539047241211,-0.06632382422685623,0,0,0,0,1.0,0.0,0.0,0.0,0.0,0.0,0.0
1759299428.8200803,1,follower,manual,-0.07356806844472885,0.7508707046508789,0.9357872009277344,0,1,1,0.07356806844472885,0.2491292953491211,0.06421279907226562,0,0,0,0,1.0,0.0,0.0,0.0,0.0,0.0,0.0
1759299428.820982,0,follower,manual,-0.04997480288147926,0.8230920433998108,0.06859202682971954,0,1,0,0.04997480288147926,0.1769079566001892,-0.06859202682971954,0,0,0,0,,,,,,,
1759299428.9212654,1,follower,manual,-0.08457603305578232,0.7504173517227173,0.9408614039421082,0,1,1,0.08457603305578232,0.24958264827728271,0.059138596057891846,0,0,0,0,,,,,,,
1759299429.0254593,0,leader,manual,-0.04997480288147926,0.8230920433998108,0.06859202682971954,0,1,0,0.04997480288147926,0.1769079566001892,-0.06859202682971954,0,0,0,0,1.0,0.0,0.0,0.0,0.0,0.0,0.0
1759299429.1257255,1,follower,manual,-0.08457603305578232,0.7504173517227173,0.9408614039421082,0,1,1,0.08457603305578232,0.24958264827728271,0.059138596057891846,0,0,0,0,1.0,0.0,0.0,0.0,0.0,0.0,0.0
1759299429.1260107,0,follower,manual,-0.05329921841621399,0.8178020715713501,0.07060141116380692,0,1,0,0.05329921841621399,0.1821979284286499,-0.07060141116380692,0,0,0,0,,,,,,,
1759299429.2262352,1,follower,manual,-0.09162302315235138,0.7483302354812622,0.9513360261917114,0,1,1,0.09162302315235138,0.2516697645187378,0.048663973808288574,0,0,0,0,,,,,,,
1759299429.3310344,0,leader,manual,-0.05329921841621399,0.8178020715713501,0.07060141116380692,0,1,0,0.05329921841621399,0.1821979284286499,-0.07060141116380692,0,0,0,0,1.0,0.0,0.0,0.0,0.0,0.0,0.0
1759299429.4313128,1,follower,manual,-0.09162302315235138,0.7483302354812622,0.9513360261917114,0,1,1,0.09162302315235138,0.2516697645187378,0.048663973808288574,0,0,0,0,1.0,0.0,0.0,0.0,0.0,0.0,0.0
1759299429.4315882,0,follower,manual,-0.05545574054121971,0.8161030411720276,0.07102015614509583,0,1,0,0.05545574054121971,0.1838969588279724,-0.07102015614509583,0,0,0,0,,,,,,,
1759299429.5318108,1,follower,manual,-0.10126183182001114,0.7347481846809387,0.954048752784729,0,1,1,0.10126183182001114,0.2652518153190613,0.045951247215270996,0,0,0,0,,,,,,,
1759299429.6888254,0,leader,manual,-0.05545574054121971,0.8161030411720276,0.07102015614509583,0,1,0,0.05545574054121971,0.1838969588279724,-0.07102015614509583,0,0,0,0,1.0,0.0,0.0,0.0,0.0,0.0,0.0
1759299429.789161,1,follower,manual,-0.10126183182001114,0.7347481846809387,0.954048752784729,0,1,1,0.10126183182001114,0.2652518153190613,0.045951247215270996,0,0,0,0,1.0,0.0,0.0,0.0,0.0,0.0,0.0
1759299429.7898521,0,follower,manual,-0.05929623916745186,0.8168997764587402,0.07056133449077606,0,1,0,0.05929623916745186,0.18310022354125977,-0.07056133449077606,0,0,0,0,,,,,,,
1759299429.8904057,1,follower,manual,-0.10732622444629669,0.725531280040741,0.9469658732414246,0,1,1,0.10732622444629669,0.27446871995925903,0.05303412675857544,0,0,0,0,,,,,,,
1759299430.0635688,0,leader,manual,-0.05929623916745186,0.8168997764587402,0.07056133449077606,0,1,0,0.05929623916745186,0.18310022354125977,-0.07056133449077606,0,0,0,0,1.0,0.0,0.0,0.0,0.0,0.0,0.0
1759299430.1637897,1,follower,manual,-0.10732622444629669,0.725531280040741,0.9469658732414246,0,1,1,0.10732622444629669,0.27446871995925903,0.05303412675857544,0,0,0,0,1.0,0.0,0.0,0.0,0.0,0.0,0.0
1759299430.1640239,0,follower,manual,-0.06379400193691254,0.8196502327919006,0.06988402456045151,0,1,0,0.06379400193691254,0.18034976720809937,-0.06988402456045151,0,0,0,0,,,,,,,
1759299430.2658057,1,follower,manual,-0.10865620523691177,0.7333173155784607,0.9445095658302307,0,1,1,0.10865620523691177,0.2666826844215393,0.05549043416976929,0,0,0,0,,,,,,,
1759299430.4036453,0,leader,manual,-0.06379400193691254,0.8196502327919006,0.06988402456045151,0,1,0,0.06379400193691254,0.18034976720809937,-0.06988402456045151,0,0,0,0,1.0,0.0,0.0,0.0,0.0,0.0,0.0
1759299430.5039854,1,follower,manual,-0.10865620523691177,0.7333173155784607,0.9445095658302307,0,1,1,0.10865620523691177,0.2666826844215393,0.05549043416976929,0,0,0,0,1.0,0.0,0.0,0.0,0.0,0.0,0.0
1759299430.5043185,0,follower,manual,-0.06675657629966736,0.8243253827095032,0.06980292499065399,0,1,0,0.06675657629966736,0.17567461729049683,-0.06980292499065399,0,0,0,0,,,,,,,
1759299430.604583,1,follower,manual,-0.10955175012350082,0.7396582365036011,0.9425449371337891,0,1,1,0.10955175012350082,0.2603417634963989,0.05745506286621094,0,0,0,0,,,,,,,
1759299430.7094848,0,leader,manual,-0.06675657629966736,0.8243253827095032,0.06980292499065399,0,1,0,0.06675657629966736,0.17567461729049683,-0.06980292499065399,0,0,0,0,1.0,0.0,0.0,0.0,0.0,0.0,0.0
1759299430.8097863,1,follower,manual,-0.10955175012350082,0.7396582365036011,0.9425449371337891,0,1,1,0.10955175012350082,0.2603417634963989,0.05745506286621094,0,0,0,0,1.0,0.0,0.0,0.0,0.0,0.0,0.0
1759299430.8100803,0,follower,manual,-0.06716888397932053,0.8277563452720642,0.07069890946149826,0,1,0,0.06716888397932053,0.1722436547279358,-0.07069890946149826,0,0,0,0,,,,,,,
1759299431.0104454,1,follower,manual,-0.11489273607730865,0.7384845614433289,0.9426773190498352,0,1,1,0.11489273607730865,0.26151543855667114,0.057322680950164795,0,0,0,0,,,,,,,
1759299431.1176708,0,leader,manual,-0.06716888397932053,0.8277563452720642,0.07069890946149826,0,1,0,0.06716888397932053,0.1722436547279358,-0.07069890946149826,0,0,0,0,1.0,0.0,0.0,0.0,0.0,0.0,0.0
1759299431.2179372,1,follower,manual,-0.11489273607730865,0.7384845614433289,0.9426773190498352,0,1,1,0.11489273607730865,0.26151543855667114,0.057322680950164795,0,0,0,0,1.0,0.0,0.0,0.0,0.0,0.0,0.0
1759299431.2182155,0,follower,manual,-0.06874905526638031,0.8304503560066223,0.07095829397439957,0,1,0,0.06874905526638031,0.16954964399337769,-0.07095829397439957,0,0,0,0,,,,,,,
1759299431.318538,1,follower,manual,-0.12168864160776138,0.7409632205963135,0.9515353441238403,0,1,1,0.12168864160776138,0.2590367794036865,0.04846465587615967,0,0,0,0,,,,,,,
1759299431.4250453,0,leader,manual,-0.06874905526638031,0.8304503560066223,0.07095829397439957,0,1,0,0.06874905526638031,0.16954964399337769,-0.07095829397439957,0,0,0,0,1.0,0.0,0.0,0.0,0.0,0.0,0.0
1759299431.5254285,1,follower,manual,-0.12168864160776138,0.7409632205963135,0.9515353441238403,0,1,1,0.12168864160776138,0.2590367794036865,0.04846465587615967,0,0,0,0,1.0,0.0,0.0,0.0,0.0,0.0,0.0
1759299431.5258653,0,follower,manual,-0.06755547225475311,0.8328622579574585,0.07178646326065063,0,1,0,0.06755547225475311,0.1671377420425415,-0.07178646326065063,0,0,0,0,,,,,,,
1759299431.6261394,1,follower,manual,-0.12690040469169617,0.7367737293243408,0.9619833827018738,0,1,1,0.12690040469169617,0.2632262706756592,0.03801661729812622,0,0,0,0,,,,,,,
1759299431.734146,0,leader,manual,-0.06755547225475311,0.8328622579574585,0.07178646326065063,0,1,0,0.06755547225475311,0.1671377420425415,-0.07178646326065063,0,0,0,0,1.0,0.0,0.0,0.0,0.0,0.0,0.0
1759299431.8346262,1,follower,manual,-0.12690040469169617,0.7367737293243408,0.9619833827018738,0,1,1,0.12690040469169617,0.2632262706756592,0.03801661729812622,0,0,0,0,1.0,0.0,0.0,0.0,0.0,0.0,0.0
1759299431.8357973,0,follower,manual,-0.06447824090719223,0.8363139629364014,0.07114259898662567,0,1,0,0.06447824090719223,0.16368603706359863,-0.07114259898662567,0,0,0,0,,,,,,,
1759299431.9362948,1,follower,manual,-0.13466419279575348,0.7314436435699463,0.970190167427063,0,1,1,0.13466419279575348,0.2685563564300537,0.02980983257293701,0,0,0,0,,,,,,,
1759299432.0392401,0,leader,manual,-0.06447824090719223,0.8363139629364014,0.07114259898662567,0,1,0,0.06447824090719223,0.16368603706359863,-0.07114259898662567,0,0,0,0,1.0,0.0,0.0,0.0,0.0,0.0,0.0
1759299432.1396148,1,follower,manual,-0.13466419279575348,0.7314436435699463,0.970190167427063,0,1,1,0.13466419279575348,0.2685563564300537,0.02980983257293701,0,0,0,0,1.0,0.0,0.0,0.0,0.0,0.0,0.0
1759299432.1401563,0,follower,manual,-0.06187821924686432,0.8384645581245422,0.06848334521055222,0,1,0,0.06187821924686432,0.16153544187545776,-0.06848334521055222,0,0,0,0,,,,,,,
1759299432.2408423,1,follower,manual,-0.14312542974948883,0.7174475789070129,0.9628903269767761,0,1,1,0.14312542974948883,0.28255242109298706,0.03710967302322388,0,0,0,0,,,,,,,
1759299432.342666,0,leader,manual,-0.06187821924686432,0.8384645581245422,0.06848334521055222,0,1,0,0.06187821924686432,0.16153544187545776,-0.06848334521055222,0,0,0,0,1.0,0.0,0.0,0.0,0.0,0.0,0.0
1759299432.4429698,1,follower,manual,-0.14312542974948883,0.7174475789070129,0.9628903269767761,0,1,1,0.14312542974948883,0.28255242109298706,0.03710967302322388,0,0,0,0,1.0,0.0,0.0,0.0,0.0,0.0,0.0
1759299432.4432788,0,follower,manual,-0.059009190648794174,0.8371886014938354,0.06539150327444077,0,1,0,0.059009190648794174,0.16281139850616455,-0.06539150327444077,0,0,0,0,,,,,,,
1759299432.5435202,1,follower,manual,-0.15498536825180054,0.7119215726852417,0.9498989582061768,0,1,1,0.15498536825180054,0.2880784273147583,0.05010104179382324,0,0,0,0,,,,,,,
1759299432.6480834,0,leader,manual,-0.059009190648794174,0.8371886014938354,0.06539150327444077,0,1,0,0.059009190648794174,0.16281139850616455,-0.06539150327444077,0,0,0,0,1.0,0.0,0.0,0.0,0.0,0.0,0.0
1759299432.7484999,1,follower,manual,-0.15498536825180054,0.7119215726852417,0.9498989582061768,0,1,1,0.15498536825180054,0.2880784273147583,0.05010104179382324,0,0,0,0,1.0,0.0,0.0,0.0,0.0,0.0,0.0
1759299432.74911,0,follower,manual,-0.056692395359277725,0.8361340165138245,0.06357329338788986,0,1,0,0.056692395359277725,0.16386598348617554,-0.06357329338788986,0,0,0,0,,,,,,,
1759299432.8494625,1,follower,manual,-0.16673581302165985,0.7145077586174011,0.945859432220459,0,1,1,0.16673581302165985,0.2854922413825989,0.054140567779541016,0,0,0,0,,,,,,,
1759299432.9541886,0,leader,manual,-0.056692395359277725,0.8361340165138245,0.06357329338788986,0,1,0,0.056692395359277725,0.16386598348617554,-0.06357329338788986,0,0,0,0,1.0,0.0,0.0,0.0,0.0,0.0,0.0
1759299433.0545752,1,follower,manual,-0.16673581302165985,0.7145077586174011,0.945859432220459,0,1,1,0.16673581302165985,0.2854922413825989,0.054140567779541016,0,0,0,0,1.0,0.0,0.0,0.0,0.0,0.0,0.0
1759299433.0552955,0,follower,manual,-0.05403301492333412,0.8367771506309509,0.061218906193971634,0,1,0,0.05403301492333412,0.16322284936904907,-0.061218906193971634,0,0,0,0,,,,,,,
1759299433.1557107,1,follower,manual,-0.17596101760864258,0.7177643775939941,0.9473615884780884,0,1,1,0.17596101760864258,0.28223562240600586,0.05263841152191162,0,0,0,0,,,,,,,
1759299433.262502,0,leader,manual,-0.05403301492333412,0.8367771506309509,0.061218906193971634,0,1,0,0.05403301492333412,0.16322284936904907,-0.061218906193971634,0,0,0,0,1.0,0.0,0.0,0.0,0.0,0.0,0.0
1759299433.3627677,1,follower,manual,-0.17596101760864258,0.7177643775939941,0.9473615884780884,0,1,1,0.17596101760864258,0.28223562240600586,0.05263841152191162,0,0,0,0,1.0,0.0,0.0,0.0,0.0,0.0,0.0
1759299433.3630493,0,follower,manual,-0.05124315619468689,0.8380666971206665,0.05834140628576279,0,1,0,0.05124315619468689,0.1619333028793335,-0.05834140628576279,0,0,0,0,,,,,,,
1759299433.463319,1,follower,manual,-0.1795509308576584,0.7187902331352234,0.9522398710250854,0,1,1,0.1795509308576584,0.2812097668647766,0.04776012897491455,0,0,0,0,,,,,,,
1759299433.626687,0,leader,manual,-0.05124315619468689,0.8380666971206665,0.05834140628576279,0,1,0,0.05124315619468689,0.1619333028793335,-0.05834140628576279,0,0,0,0,1.0,0.0,0.0,0.0,0.0,0.0,0.0
1759299433.7269561,1,follower,manual,-0.1795509308576584,0.7187902331352234,0.9522398710250854,0,1,1,0.1795509308576584,0.2812097668647766,0.04776012897491455,0,0,0,0,1.0,0.0,0.0,0.0,0.0,0.0,0.0
1759299433.7272286,0,follower,manual,-0.05053882300853729,0.8394355773925781,0.057146284729242325,0,1,0,0.05053882300853729,0.16056442260742188,-0.057146284729242325,0,0,0,0,,,,,,,
1759299433.8274465,1,follower,manual,-0.17987965047359467,0.718612015247345,0.9552945494651794,0,1,1,0.17987965047359467,0.28138798475265503,0.04470545053482056,0,0,0,0,,,,,,,
1759299434.0324416,0,leader,manual,-0.05053882300853729,0.8394355773925781,0.057146284729242325,0,1,0,0.05053882300853729,0.16056442260742188,-0.057146284729242325,0,0,0,0,1.0,0.0,0.0,0.0,0.0,0.0,0.0
1759299434.1327758,1,follower,manual,-0.17987965047359467,0.718612015247345,0.9552945494651794,0,1,1,0.17987965047359467,0.28138798475265503,0.04470545053482056,0,0,0,0,1.0,0.0,0.0,0.0,0.0,0.0,0.0
1759299434.1330597,0,follower,manual,-0.05248374491930008,0.8386279344558716,0.0566735714673996,0,1,0,0.05248374491930008,0.16137206554412842,-0.0566735714673996,0,0,0,0,,,,,,,
1759299434.2332642,1,follower,manual,-0.18672481179237366,0.7189018130302429,0.9528126120567322,0,1,1,0.18672481179237366,0.2810981869697571,0.04718738794326782,0,0,0,0,,,,,,,
1759299434.3426275,0,leader,manual,-0.05248374491930008,0.8386279344558716,0.0566735714673996,0,1,0,0.05248374491930008,0.16137206554412842,-0.0566735714673996,0,0,0,0,1.0,0.0,0.0,0.0,0.0,0.0,0.0
1759299434.4429932,1,follower,manual,-0.18672481179237366,0.7189018130302429,0.9528126120567322,0,1,1,0.18672481179237366,0.2810981869697571,0.04718738794326782,0,0,0,0,1.0,0.0,0.0,0.0,0.0,0.0,0.0
1759299434.4434783,0,follower,auto,-0.05394141376018524,0.8366453647613525,0.0581708699464798,0,1,0,0.05394141376018524,0.16335463523864746,-0.0581708699464798,-3.6633481606841087,4.7861156687140465,15.84505495429039,0,,,,,,,
1759299434.5437717,1,follower,auto,-0.19653096795082092,0.7333486676216125,0.949272096157074,0.0,1.0,1.0,0.19653096795082092,0.26665133237838745,0.050727903842926025,5.163348160684109,19.213884331285954,20,0,,,,,,,
1759299434.6479146,0,leader,auto,-0.05394141376018524,0.8366453647613525,0.0581708699464798,0,1,0,0.05394141376018524,0.16335463523864746,-0.0581708699464798,0,0,0,0,1.0,-0.05394141376018524,0.8366453647613525,0.0581708699464798,-0.02697070688009262,0.41832268238067627,0.0290854349732399
1759299434.7483003,1,follower,auto,-0.19653096795082092,0.7333486676216125,0.949272096157074,0.0,1.0,1.0,0.19653096795082092,0.26665133237838745,0.050727903842926025,0,0,0,0,1.0,-0.19653096795082092,0.7333486676216125,0.949272096157074,-0.09826548397541046,0.3666743338108063,0.474636048078537
1759299434.7492354,0,follower,auto,-0.05307938903570175,0.8396402597427368,0.05763282999396324,0,1,0,0.05307938903570175,0.16035974025726318,-0.05763282999396324,-3.664851012453437,4.771109131723643,15.8657998919487,0,,,,,,,
1759299434.8495176,1,follower,auto,-0.2032596319913864,0.7585592269897461,0.946225643157959,0.0,1.0,1.0,0.2032596319913864,0.2414407730102539,0.053774356842041016,5.1799058828502895,20,20,0,,,,,,,
1759299434.9641857,0,leader,auto,-0.05307938903570175,0.8396402597427368,0.05763282999396324,0,1,0,0.05307938903570175,0.16035974025726318,-0.05763282999396324,0,0,0,0,1.0,-0.023563617894425987,0.39644017950445415,0.028008960312232375,-0.04129758008848876,0.6414201699905098,0.04362834983784705
1759299435.0644643,1,follower,auto,-0.2032596319913864,0.7585592269897461,0.946225643157959,0.0,1.0,1.0,0.2032596319913864,0.2414407730102539,0.053774356842041016,0,0,0,0,0.7165313105737893,-0.09527740273438394,0.3685511764883995,0.4465669556353241,-0.15562093062419444,0.5742836387455463,0.722942165340297
1759299435.0648823,0,follower,auto,-0.05213828384876251,0.855029284954071,0.05321498215198517,0,1,0,0.05213828384876251,0.14497071504592896,-0.05321498215198517,-3.637802154049277,4.766942595392465,13.857450904846191,0,,,,,,,
1759299435.165154,1,follower,auto,-0.20415069162845612,0.8056015372276306,0.9485249519348145,0.0,1.0,1.0,0.20415069162845612,0.19439846277236938,0.05147504806518555,5.151216479241848,20,18.844798613786697,0,,,,,,,
1759299435.2740374,0,leader,auto,-0.05213828384876251,0.855029284954071,0.05321498215198517,0,1,0,0.05213828384876251,0.14497071504592896,-0.05321498215198517,0,0,0,0,1.0,-0.006513771768799054,0.1748542626453563,0.009264186350954697,-0.048881397964362985,0.7676021536313928,0.048582888976507824
1759299435.374547,1,follower,auto,-0.20415069162845612,0.8056015372276306,0.9485249519348145,0.0,1.0,1.0,0.20415069162845612,0.19439846277236938,0.05147504806518555,0,0,0,0,0.8464817248906141,-0.03143108065431008,0.19377040237933396,0.18810099678882386,-0.18843515130130106,0.7087163360379636,0.8544744535404025
1759299435.3753595,0,follower,auto,-0.050082527101039886,0.8713705539703369,0.05016885697841644,0,1,0,0.050082527101039886,0.12862944602966309,-0.05016885697841644,-3.617953760243952,4.768181488648057,11.874892813682557,0,,,,,,,
1759299435.575985,1,follower,auto,-0.1978643238544464,0.847402811050415,0.9591572880744934,0.0,1.0,1.0,0.1978643238544464,0.15259718894958496,0.04084271192550659,4.09011597174406,19.19893612062931,14.7915833619833,0,,,,,,,
1759299435.7802742,0,leader,auto,-0.050082527101039886,0.8713705539703369,0.05016885697841644,0,1,0,0.050082527101039886,0.12862944602966309,-0.05016885697841644,0,0,0,0,1.0,0.004480382797865896,0.05717782872839372,0.0019413679184636518,-0.05232271849997283,0.84278163960614,0.04919817301918462
1759299435.8806138,1,follower,auto,-0.1978643238544464,0.847402811050415,0.9591572880744934,0.0,1.0,1.0,0.1978643238544464,0.15259718894958496,0.04084271192550659,0,0,0,0,1.0,0.01345528481316402,0.0915835191967711,0.06121071568886627,-0.20459196626102844,0.8016110514520295,0.9285519302300602
1759299435.8810155,0,follower,auto,-0.04290953278541565,0.8989591002464294,0.04431953281164169,0,1,0,0.04290953278541565,0.10104089975357056,-0.04431953281164169,-2.570757142549008,3.800463653202355,9.878790915822982,0,,,,,,,
1759299435.9813123,1,follower,auto,-0.1538202166557312,0.9132320880889893,0.9770572781562805,0.0,1.0,1.0,0.1538202166557312,0.08676791191101074,0.022942721843719482,2.011793009155989,14.974559803220629,7.628797078955174,0,,,,,,,
1759299436.088573,0,leader,auto,-0.04290953278541565,0.8989591002464294,0.04431953281164169,0,1,0,0.04290953278541565,0.10104089975357056,-0.04431953281164169,0,0,0,0,1.0,0.016174733451315343,0.005188720108108558,-0.003667286048888496,-0.05099689951107332,0.8963647401923751,0.04615317583608594
1759299436.1889012,1,follower,auto,-0.1538202166557312,0.9132320880889893,0.9770572781562805,0.0,1.0,1.0,0.1538202166557312,0.08676791191101074,0.022942721843719482,0,0,0,0,0.85,0.07811955888143482,0.05853059700086438,0.002480432195838045,-0.19287999609644862,0.883966789588557,0.9758170620583615
1759299436.1896799,0,follower,auto,-0.03475502133369446,0.91396164894104,0.03688686341047287,0,1,0,0.03475502133369446,0.08603835105895996,-0.03688686341047287,-1.5447833092794567,2.816452558814138,7.92453959906578,0,,,,,,,
1759299436.2900844,1,follower,auto,-0.12765328586101532,0.9341855645179749,0.9801926016807556,0.0,1.0,1.0,0.12765328586101532,0.06581443548202515,0.019807398319244385,1.0451429219436645,11.971904420677722,5.776721493848562,0,,,,,,,
1759299436.4453447,0,leader,auto,-0.03475502133369446,0.91396164894104,0.03688686341047287,0,1,0,0.03475502133369446,0.08603835105895996,-0.03688686341047287,0,0,0,0,1.0,0.023549173491154735,-0.03599124751517446,-0.007320586830099174,-0.046529608079271825,0.9319572726986273,0.04054715682552246
1759299436.5455942,1,follower,auto,-0.12765328586101532,0.9341855645179749,0.9801926016807556,0.0,1.0,1.0,0.12765328586101532,0.06581443548202515,0.019807398319244385,0,0,0,0,1.0,0.09436517049034018,-0.006242128901438049,-0.042214335165173145,-0.17483587110618543,0.9373066289686939,1.0012997692633423
1759299436.5459652,0,follower,auto,-0.026344314217567444,0.9252426028251648,0.0291002057492733,0,1,0,0.026344314217567444,0.0747573971748352,-0.0291002057492733,-0.5372938901718185,1.8465119111474306,6.957059461845398,0,,,,,,,
1759299436.6462831,1,follower,auto,-0.09627971798181534,0.9493615031242371,0.9743833541870117,0.0,1.0,1.0,0.09627971798181534,0.05063849687576294,0.02561664581298828,2.0945045756218432,8.922901227719754,4.84219991756928,0,,,,,,,
1759299436.7501564,0,leader,auto,-0.026344314217567444,0.9252426028251648,0.0291002057492733,0,1,0,0.026344314217567444,0.0747573971748352,-0.0291002057492733,0,0,0,0,1.0,0.027607972977904918,-0.06138417984918887,-0.008932014982662918,-0.0401483007065199,0.9559346927497592,0.033566213240604756
1759299436.8505683,1,follower,auto,-0.09627971798181534,0.9493615031242371,0.9743833541870117,0.0,1.0,1.0,0.09627971798181534,0.05063849687576294,0.02561664581298828,0,0,0,0,1.0,0.1083284602221879,-0.045694156826238896,-0.07271221721525434,-0.15044394809290929,0.9722085815373565,1.0107394627946389
1759299436.8518145,0,follower,auto,-0.020774126052856445,0.9304504990577698,0.02293756604194641,0,1,0,0.020774126052856445,0.06954950094223022,-0.02293756604194641,-0.5558471388156927,1.8736939771603331,5.986670213631821,0,,,,,,,
1759299436.9525564,1,follower,auto,-0.07966461777687073,0.9519698619842529,0.9594944715499878,0.0,1.0,1.0,0.07966461777687073,0.04803013801574707,0.04050552845001221,4.161426738296973,6.963951753347269,3.920279328803575,0,,,,,,,
1759299437.0570786,0,leader,auto,-0.020774126052856445,0.9304504990577698,0.02293756604194641,0,1,0,0.020774126052856445,0.06954950094223022,-0.02293756604194641,0,0,0,0,1.0,0.026568282423203228,-0.0803583640369474,-0.007756087257962577,-0.034058267264458056,0.9706296810762435,0.0268156096709277
1759299437.257903,1,follower,auto,-0.07966461777687073,0.9519698619842529,0.9594944715499878,0.0,1.0,1.0,0.07966461777687073,0.04803013801574707,0.04050552845001221,0,0,0,0,1.0,0.10007415121523161,-0.07805594659362192,-0.09574661409709906,-0.12970169338448653,0.9909978352810639,1.0073677785985373
1759299437.2589853,0,follower,auto,-0.014224379323422909,0.9303266406059265,0.019237319007515907,0,1,0,0.014224379323422909,0.06967335939407349,-0.019237319007515907,0.40959968156261084,0.8775176052899892,6.018123557475815,0,,,,,,,
1759299437.3595555,1,follower,auto,-0.06994596123695374,0.9511839747428894,0.9407462477684021,0.0,1.0,1.0,0.06994596123695374,0.048816025257110596,0.0592537522315979,5.216357775709041,6.005448820131019,3.9577822371662723,0,,,,,,,
1759299437.4642909,0,leader,auto,-0.014224379323422909,0.9303266406059265,0.019237319007515907,0,1,0,0.014224379323422909,0.06967335939407349,-0.019237319007515907,0,0,0,0,1.0,0.02683221214428492,-0.09466491926775933,-0.0043728667565630375,-0.027640485395565368,0.9776591002398062,0.021423752385797426
1759299437.5647035,1,follower,auto,-0.06994596123695374,0.9511839747428894,0.9407462477684021,0.0,1.0,1.0,0.06994596123695374,0.048816025257110596,0.0592537522315979,0,0,0,0,1.0,0.08828968720468189,-0.09665975874605315,-0.10976984501472997,-0.11409080483929468,0.999513854115916,0.9956311702757671
1759299437.5654283,0,follower,auto,-0.009943859651684761,0.9291711449623108,0.018749026581645012,0,1,0,0.009943859651684761,0.07082885503768921,-0.018749026581645012,0.3690325635087277,-0.12242667909818186,7.04164379546273,0,,,,,,,
1759299437.6658187,1,follower,auto,-0.07179618626832962,0.9563307762145996,0.9246029257774353,0.0,1.0,1.0,0.07179618626832962,0.04366922378540039,0.0753970742225647,7.238607454223486,7.077109369234963,3.934364458451899,0,,,,,,,
1759299437.7912045,0,leader,auto,-0.009943859651684761,0.9291711449623108,0.018749026581645012,0,1,0,0.009943859651684761,0.07082885503768921,-0.018749026581645012,0,0,0,0,1.0,0.024243524044845755,-0.10198774198261273,0.0005376198512197644,-0.02206562167410764,0.9801650159536172,0.01848021665603513
1759299437.8916786,1,follower,auto,-0.07179618626832962,0.9563307762145996,0.9246029257774353,0.0,1.0,1.0,0.07179618626832962,0.04366922378540039,0.0753970742225647,0,0,0,0,1.0,0.07012269365302984,-0.09860192769983533,-0.11273640200148538,-0.10685753309484454,1.0056317400645174,0.980971126778178
1759299437.8921788,0,follower,auto,-0.007287357002496719,0.9275873303413391,0.017843030393123627,0,1,0,0.007287357002496719,0.07241266965866089,-0.017843030393123627,0.34877544050773324,-0.1312616577524164,7.046768256155337,0,,,,,,,
1759299437.992467,1,follower,auto,-0.08142728358507156,0.9541506171226501,0.9124395251274109,0.0,1.0,1.0,0.08142728358507156,0.045849382877349854,0.08756047487258911,8.238408031533822,8.146959762397177,3.961842909613321,0,,,,,,,
1759299438.2652557,0,leader,auto,-0.007287357002496719,0.9275873303413391,0.017843030393123627,0,1,0,0.007287357002496719,0.07241266965866089,-0.017843030393123627,0,0,0,0,1.0,0.020688468201680375,-0.10528818971669573,0.0024694607553029987,-0.017631591103336907,0.980231425199687,0.016608300015472127
1759299438.365715,1,follower,auto,-0.08142728358507156,0.9541506171226501,0.9124395251274109,0.0,1.0,1.0,0.08142728358507156,0.045849382877349854,0.08756047487258911,0,0,0,0,1.0,0.05327453459282075,-0.10541851566250338,-0.10923100096743954,-0.10806455088148194,1.0068598749539017,0.9670550256111307
1759299438.36608,0,follower,auto,-0.0042711240239441395,0.9268911480903625,0.015439788810908794,0,1,0,0.0042711240239441395,0.07310885190963745,-0.015439788810908794,0.34876402821126673,-0.1695041813840186,7.019484534301664,0,,,,,,,
1759299438.4663928,1,follower,auto,-0.10481810569763184,0.9365468621253967,0.906510591506958,0.0,1.0,1.0,0.10481810569763184,0.06345313787460327,0.09348940849304199,9.212386149252405,10.25978688714028,6.0599585518715,0,,,,,,,
1759299438.5724669,0,leader,auto,-0.0042711240239441395,0.9268911480903625,0.015439788810908794,0,1,0,0.0042711240239441395,0.07310885190963745,-0.015439788810908794,0,0,0,0,1.0,0.018720643489982113,-0.10518026853486351,0.0017892054346416615,-0.013631445768935196,0.9794812823577943,0.014545186093587964
1759299438.6728954,1,follower,auto,-0.10481810569763184,0.9365468621253967,0.906510591506958,0.0,1.0,1.0,0.10481810569763184,0.06345313787460327,0.09348940849304199,0,0,0,0,1.0,0.031795606842676655,-0.12260540338498171,-0.10057266040454249,-0.12071590911897016,0.9978495638178876,0.9567969217092293
1759299438.673422,0,follower,auto,-0.003857181640341878,0.9261447787284851,0.014546739868819714,0,1,0,0.003857181640341878,0.07385522127151489,-0.014546739868819714,0.35100133492531804,-0.178956095565549,7.0111275060291005,0,,,,,,,
1759299438.7737732,1,follower,auto,-0.11826546490192413,0.9304730892181396,0.9102821946144104,0.0,1.0,1.0,0.11826546490192413,0.06952691078186035,0.0897178053855896,8.155253790819257,11.260781257939325,6.0413500173532135,0,,,,,,,
1759299438.8761687,0,leader,auto,-0.003857181640341878,0.9261447787284851,0.014546739868819714,0,1,0,0.003857181640341878,0.07385522127151489,-0.014546739868819714,0,0,0,0,1.0,0.014624048406587105,-0.104301859475052,0.002827349271517886,-0.01116920584363543,0.9782957084660111,0.013133065233060771
1759299438.9765391,1,follower,auto,-0.11826546490192413,0.9304730892181396,0.9102821946144104,0.0,1.0,1.0,0.11826546490192413,0.06952691078186035,0.0897178053855896,0,0,0,0,1.0,0.03276966242659074,-0.11811871970956811,-0.08633173342238831,-0.1346502961152195,0.9895324490729237,0.9534480613256046
1759299438.9771159,0,follower,auto,-0.004032156430184841,0.923311710357666,0.014134101569652557,0,1,0,0.004032156430184841,0.07668828964233398,-0.014134101569652557,0.3639501679937762,-0.19136439343266307,7.019861973622886,0,,,,,,,
1759299439.0773838,1,follower,auto,-0.13062961399555206,0.9276934266090393,0.920799195766449,0.0,1.0,1.0,0.13062961399555206,0.0723065733909607,0.07920080423355103,7.095488045747536,13.268576262455374,7.01945475350747,0,,,,,,,
1759299439.1813476,0,leader,auto,-0.004032156430184841,0.923311710357666,0.014134101569652557,0,1,0,0.004032156430184841,0.07668828964233398,-0.014134101569652557,0,0,0,0,1.0,0.01157649345738831,-0.10509458934371896,0.0036683977673586457,-0.009820403158878995,0.9758590050295255,0.012299902685973235
1759299439.281605,1,follower,auto,-0.13062961399555206,0.9276934266090393,0.920799195766449,0.0,1.0,1.0,0.13062961399555206,0.0723065733909607,0.07920080423355103,0,0,0,0,1.0,0.03633585408303222,-0.11113863708530358,-0.07234639199887016,-0.14879754103706816,0.9832627451516911,0.9569723917658841
1759299439.2819934,0,follower,auto,-0.0037399856373667717,0.9204604625701904,0.01088044699281454,0,1,0,0.0037399856373667717,0.07953953742980957,-0.01088044699281454,0.39497088311987283,-0.21236870559483056,7.02616098144634,0,,,,,,,
1759299439.382346,1,follower,auto,-0.1442074030637741,0.9272597432136536,0.9309602975845337,0.0,1.0,1.0,0.1442074030637741,0.07274025678634644,0.06903970241546631,6.063849302589285,14.29133186305834,6.999430747660784,0,,,,,,,
1759299439.4875288,0,leader,auto,-0.0037399856373667717,0.9204604625701904,0.01088044699281454,0,1,0,0.0037399856373667717,0.07953953742980957,-0.01088044699281454,0,0,0,0,1.0,0.010182608130657071,-0.1046367344545216,0.001065208251425755,-0.008831289702695307,0.9727788297974512,0.010347842867101664
1759299439.5878446,1,follower,auto,-0.1442074030637741,0.9272597432136536,0.9309602975845337,0.0,1.0,1.0,0.1442074030637741,0.07274025678634644,0.06903970241546631,0,0,0,0,1.0,0.039314057650196854,-0.10427901432070108,-0.06567483283253006,-0.16386443188887254,0.9793992503740041,0.9637977140007987
1759299439.5883348,0,follower,auto,-0.0023646235931664705,0.9187265038490295,0.007258683443069458,0,1,0,0.0023646235931664705,0.08127349615097046,-0.007258683443069458,1.4142860996447568,-0.23135833797675903,8.028882794436763,0,,,,,,,
1759299439.688673,1,follower,auto,-0.15241898596286774,0.9299342036247253,0.9370049238204956,0.0,1.0,1.0,0.15241898596286774,0.07006579637527466,0.0629950761795044,6.06318393278588,15.283759412806363,6.974844617197749,0,,,,,,,
1759299439.7932882,0,leader,auto,-0.0023646235931664705,0.9187265038490295,0.007258683443069458,0,1,0,0.0023646235931664705,0.08127349615097046,-0.007258683443069458,0,0,0,0,1.0,0.010261199339008549,-0.10243113982760677,-0.0007298684065133697,-0.007495223262670745,0.9699420737628329,0.007623617646326143
1759299439.8935444,1,follower,auto,-0.15241898596286774,0.9299342036247253,0.9370049238204956,0.0,1.0,1.0,0.15241898596286774,0.07006579637527466,0.0629950761795044,0,0,0,0,1.0,0.04875934712741725,-0.09688394146084,-0.06632962033631684,-0.17679865952657636,0.9783761743551453,0.970169733988654
1759299439.8939166,0,follower,auto,0.0001628213794901967,0.9183865785598755,0.0013771868543699384,0,1,0,-0.0001628213794901967,0.08161342144012451,-0.0013771868543699384,1.4412830161625725,-0.2461102356855125,8.025522897498892,0,,,,,,,
1759299439.9942117,1,follower,auto,-0.15557846426963806,0.9320358037948608,0.9418309926986694,0.0,1.0,1.0,0.15557846426963806,0.06796419620513916,0.058169007301330566,5.056390789950826,15.264485098137671,5.96819629149134,0,,,,,,,
1759299440.1623068,0,leader,auto,0.0001628213794901967,0.9183865785598755,0.0013771868543699384,0,1,0,-0.0001628213794901967,0.08161342144012451,-0.0013771868543699384,0,0,0,0,1.0,0.01113820830367125,-0.09938075128506174,-0.004222464589185722,-0.005406282772345428,0.9680769542024064,0.0034884191489627995
1759299440.2627566,1,follower,auto,-0.15557846426963806,0.9320358037948608,0.9418309926986694,0.0,1.0,1.0,0.15557846426963806,0.06796419620513916,0.058169007301330566,0,0,0,0,1.0,0.06113605263336694,-0.09308087788962416,-0.06773312692078681,-0.18614649058632154,0.9785762427396729,0.9756975561590628
1759299440.2644112,0,follower,auto,0.0033837035298347473,0.9195381999015808,-0.0012685633264482021,0,1,0,-0.0033837035298347473,0.08046180009841919,0.0012685633264482021,1.4559464664046062,-0.2527609218189117,8.030575486975039,0,,,,,,,
1759299440.365824,1,follower,auto,-0.15360544621944427,0.9421365857124329,0.9558338522911072,0.0,1.0,1.0,0.15360544621944427,0.05786341428756714,0.04416614770889282,3.9956558159006113,15.236458999712298,4.9202801760330654,0,,,,,,,
1759299440.582478,0,leader,auto,0.0033837035298347473,0.9195381999015808,-0.0012685633264482021,0,1,0,-0.0033837035298347473,0.08046180009841919,0.0012685633264482021,0,0,0,0,1.0,0.011930167197177325,-0.09588587232517787,-0.0029877754119515196,-0.002581380068753915,0.9674811360641697,0.00022532437952755787
1759299440.6828423,1,follower,auto,-0.15360544621944427,0.9421365857124329,0.9558338522911072,0.0,1.0,1.0,0.15360544621944427,0.05786341428756714,0.04416614770889282,0,0,0,0,1.0,0.07474462170200613,-0.08234519148221198,-0.05882885902322599,-0.19097775707044734,0.9833091814535388,0.9852482818027202
1759299440.683637,0,follower,auto,0.012020442634820938,0.9241214990615845,0.0023864652030169964,0,1,0,-0.012020442634820938,0.07587850093841553,-0.0023864652030169964,1.4494541172125293,-1.283677639783293,7.0219771185389535,0,,,,,,,
1759299440.7840233,1,follower,auto,-0.14945967495441437,0.9522705674171448,0.9748647212982178,0.0,1.0,1.0,0.14945967495441437,0.047729432582855225,0.025135278701782227,1.9407457978254177,14.225100519597241,3.9014670007316723,0,,,,,,,
1759299440.8873825,0,leader,auto,0.012020442634820938,0.9241214990615845,0.0023864652030169964,0,1,0,-0.012020442634820938,0.07587850093841553,-0.0023864652030169964,0,0,0,0,1.0,0.017380559188187844,-0.09031725209055197,0.003641055655646557,0.003330163040727018,0.9692801251068605,0.000565937375193718
1759299440.9877162,1,follower,auto,-0.14945967495441437,0.9522705674171448,0.9748647212982178,0.0,1.0,1.0,0.14945967495441437,0.047729432582855225,0.025135278701782227,0,0,0,0,1.0,0.08566215865853977,-0.07611558874831892,-0.04887690813816725,-0.19229075428368425,0.9903283617913042,0.9993031753673014
1759299440.9882128,0,follower,auto,0.0190716702491045,0.9281798005104065,0.0064802286215126514,0,1,0,-0.0190716702491045,0.0718201994895935,-0.0064802286215126514,1.4481856200015428,-1.2870731524291248,7.01695044096921,0,,,,,,,
1759299441.0885487,1,follower,auto,-0.14427550137043,0.954892635345459,0.9852524995803833,0.0,1.0,1.0,0.14427550137043,0.045107364654541016,0.0147475004196167,0.9580518793670645,14.218111331340584,3.9320252434280056,0,,,,,,,
1759299441.1941142,0,leader,auto,0.0190716702491045,0.9281798005104065,0.0064802286215126514,0,1,0,-0.0190716702491045,0.0718201994895935,-0.0064802286215126514,0,0,0,0,1.0,0.01776481030333995,-0.08755550266179157,0.006940816157781755,0.010189265097434523,0.9719575518413023,0.0030098205426217738
1759299441.294498,1,follower,auto,-0.14427550137043,0.954892635345459,0.9852524995803833,0.0,1.0,1.0,0.14427550137043,0.045107364654541016,0.0147475004196167,0,0,0,0,1.0,0.09357405061919688,-0.07958517818924493,-0.051807287166585114,-0.19106252668002843,0.9946852244400815,1.0111561431636757
1759299441.2951663,0,follower,auto,0.024293214082717896,0.9322096705436707,0.009705313481390476,0,1,0,-0.024293214082717896,0.06779032945632935,-0.009705313481390476,1.4415847118555645,-2.2730391086947206,6.011365962793273,0,,,,,,,
1759299441.3955972,1,follower,auto,-0.13470205664634705,0.9556943774223328,0.9837865829467773,0.0,1.0,1.0,0.13470205664634705,0.044305622577667236,0.016213417053222656,1.0228980314046758,13.190211610425834,3.953033971663312,0,,,,,,,
1759299441.5073674,0,leader,auto,0.024293214082717896,0.9322096705436707,0.009705313481390476,0,1,0,-0.024293214082717896,0.06779032945632935,-0.009705313481390476,0,0,0,0,1.0,0.015361363534555061,-0.08576840940666686,0.007186451041286595,0.016612532315440364,0.9750938752470041,0.006112087960747178
1759299441.6079133,1,follower,auto,-0.13470205664634705,0.9556943774223328,0.9837865829467773,0.0,1.0,1.0,0.13470205664634705,0.044305622577667236,0.016213417053222656,0,0,0,0,1.0,0.10313444430697921,-0.08213367561727436,-0.06407050238724254,-0.18626927879983665,0.9967612152309699,1.0158218341403986
1759299441.608856,0,follower,auto,0.028273819014430046,0.9368026256561279,0.008961009792983532,0,1,0,-0.028273819014430046,0.06319737434387207,-0.008961009792983532,1.4519298815517616,-2.253676813261547,6.0106520213990935,0,,,,,,,
1759299441.7094102,1,follower,auto,-0.12278912216424942,0.9615364670753479,0.9787376523017883,0.0,1.0,1.0,0.12278912216424942,0.0384635329246521,0.02126234769821167,2.0617465256265737,12.16207569824288,2.9348407709228983,0,,,,,,,
1759299441.8866205,0,leader,auto,0.028273819014430046,0.9368026256561279,0.008961009792983532,0,1,0,-0.028273819014430046,0.06319737434387207,-0.008961009792983532,0,0,0,0,1.0,0.011966407382723816,-0.08367040895544298,0.0027998224807581898,0.022290615323068138,0.9786378301338494,0.007561098552604437
1759299441.98754,1,follower,auto,-0.12278912216424942,0.9615364670753479,0.9787376523017883,0.0,1.0,1.0,0.12278912216424942,0.0384635329246521,0.02126234769821167,0,0,0,0,1.0,0.11097332270381705,-0.07730249335763162,-0.07243908595712445,-0.17827578351615794,1.0001877137541637,1.0149571952803504
1759299441.9880297,0,follower,auto,0.03364138305187225,0.9394029974937439,0.0076535833068192005,0,1,0,-0.03364138305187225,0.060597002506256104,-0.0076535833068192005,1.4590025872935053,-3.2566108254281696,6.039046539613889,0,,,,,,,
1759299442.088344,1,follower,auto,-0.11698684096336365,0.9780048131942749,0.9772081971168518,0.0,1.0,1.0,0.11698684096336365,0.021995186805725098,0.022791802883148193,2.057015237878619,11.182217140921592,1.8645126826652285,0,,,,,,,
1759299442.2109516,0,leader,auto,0.03364138305187225,0.9394029974937439,0.0076535833068192005,0,1,0,-0.03364138305187225,0.060597002506256104,-0.0076535833068192005,0,0,0,0,1.0,0.010793309024654765,-0.08402489478613595,-0.00038959262967029444,0.02824472853954487,0.9814154448868119,0.007848379621654349
1759299442.311601,1,follower,auto,-0.11698684096336365,0.9780048131942749,0.9772081971168518,0.0,1.0,1.0,0.11698684096336365,0.021995186805725098,0.022791802883148193,0,0,0,0,1.0,0.10904829447798942,-0.06306179362068831,-0.07180836176449135,-0.17151098820235836,1.0095357100046192,1.0131123779990974
1759299442.312543,0,follower,auto,0.038392309099435806,0.9370863437652588,0.009107868187129498,0,1,0,-0.038392309099435806,0.06291365623474121,-0.009107868187129498,1.4450932771110667,-3.266087006336093,6.081180609389927,0,,,,,,,
1759299442.4132893,1,follower,auto,-0.11956273764371872,0.9884913563728333,0.9756412506103516,0.0,1.0,1.0,0.11956273764371872,0.011508643627166748,0.024358749389648438,2.0601852492705683,11.234633777641845,0.8555736216035008,0,,,,,,,
1759299442.5390108,0,leader,auto,0.038392309099435806,0.9370863437652588,0.009107868187129498,0,1,0,-0.038392309099435806,0.06291365623474121,-0.009107868187129498,0,0,0,0,1.0,0.008506136423768174,-0.08852830253283361,0.00042240035050847106,0.03413924088755172,0.9813504950316756,0.008896668011875261
1759299442.6394048,1,follower,auto,-0.11956273764371872,0.9884913563728333,0.9756412506103516,0.0,1.0,1.0,0.11956273764371872,0.011508643627166748,0.024358749389648438,0,0,0,0,1.0,0.0997769494071154,-0.06081283002273463,-0.07024953575509585,-0.16945121234727642,1.0188977713842005,1.0107660184878995
1759299442.6401963,0,follower,auto,0.043427661061286926,0.9273380637168884,0.012959865853190422,0.05,1.0,0.0,0.0065723389387130765,0.07266193628311157,-0.012959865853190422,0.427048466647614,-0.2889998879822017,7.137404491640564,0,,,,,,,
1759299442.7410822,1,follower,auto,-0.1293090581893921,0.9908312559127808,0.976052463054657,0.05,1.0,1.0,0.17930905818939208,0.009168744087219238,0.023947536945343018,2.0566296088033376,17.29934998742598,-0.12526302420715932,0,,,,,,,
1759299442.8508253,0,leader,auto,0.043427661061286926,0.9273380637168884,0.012959865853190422,0.05,1.0,0.0,0.0065723389387130765,0.07266193628311157,-0.012959865853190422,0,0,0,0,1.0,0.006617800875434218,-0.09751872031509445,0.0028542762983080044,0.04011876062356982,0.9760974238744357,0.011532727704036419
1759299442.951258,1,follower,auto,-0.1293090581893921,0.9908312559127808,0.976052463054657,0.05,1.0,1.0,0.17930905818939208,0.009168744087219238,0.023947536945343018,0,0,0,0,1.0,0.08828508771559268,-0.0665285645172009,-0.06625077171803295,-0.17345160204718843,1.0240955381713812,1.0091778489136733
1759299442.952254,0,follower,auto,0.05157746002078056,0.9150288701057434,0.013151273131370544,0.1,1.0,0.0,0.04842253997921944,0.08497112989425659,-0.013151273131370544,0.4333504119463112,3.6717138755532526,8.154452365677784,0,,,,,,,
1759299443.0529146,1,follower,auto,-0.13848155736923218,0.9750984311103821,0.9727722406387329,0.1,1.0,1.0,0.23848155736923218,0.02490156888961792,0.02722775936126709,2.0747260342674987,20,1.9669665518891202,0,,,,,,,
1759299443.1629212,0,leader,auto,0.05157746002078056,0.9150288701057434,0.013151273131370544,0.1,1.0,0.0,0.04842253997921944,0.08497112989425659,-0.013151273131370544,0,0,0,0,1.0,0.008550385105028355,-0.1039212258840323,0.00023150486020736584,0.047302267468266386,0.9669894830477596,0.013035520701266862
1759299443.26339,1,follower,auto,-0.13848155736923218,0.9750984311103821,0.9727722406387329,0.1,1.0,1.0,0.23848155736923218,0.02490156888961792,0.02722775936126709,0,0,0,0,1.0,0.08523068853963128,-0.08576462623779846,-0.06680071266898091,-0.18109690163904782,1.0179807442292814,1.0061725969732234
1759299443.2643864,0,follower,auto,0.06468895077705383,0.9059982895851135,0.008828281424939632,0.15000000000000002,1.0,0.0,0.08531104922294619,0.09400171041488647,-0.008828281424939632,1.4495122591278657,7.62255774474032,9.121880162370571,0,,,,,,,
1759299443.3649423,1,follower,auto,-0.1415875256061554,0.9490965008735657,0.9642816185951233,0.15000000000000002,1.0,1.0,0.2915875256061554,0.050903499126434326,0.03571838140487671,3.1067278524864474,20,5.061682058080774,0,,,,,,,
1759299443.468191,0,leader,auto,0.06468895077705383,0.9059982895851135,0.008828281424939632,0.15000000000000002,1.0,0.0,0.08531104922294619,0.09400171041488647,-0.008828281424939632,0,0,0,0,1.0,0.015182537857867655,-0.10328444802230474,-0.005708405067945753,0.05709768184812,0.9576405135962659,0.011682483958912509
1759299443.568629,1,follower,auto,-0.1415875256061554,0.9490965008735657,0.9642816185951233,0.15000000000000002,1.0,1.0,0.2915875256061554,0.050903499126434326,0.03571838140487671,0,0,0,0,1.0,0.09263925268107667,-0.10399938851454249,-0.07113474646398288,-0.18790715194669372,1.0010961951308368,0.9998489918271147
1759299443.570815,0,follower,auto,0.08126623928546906,0.9016957879066467,0.0036696214228868484,0.2,1.0,0.0,0.11873376071453096,0.09830421209335327,-0.0036696214228868484,1.4577756094354153,10.590064840125702,9.072219350520482,0,,,,,,,
1759299443.6718068,1,follower,auto,-0.13200195133686066,0.9263484477996826,0.957809329032898,0.2,1.0,1.0,0.33200195133686067,0.07365155220031738,0.04219067096710205,4.107946412218847,20,7.096461645574791,0,,,,,,,
1759299443.791207,0,leader,auto,0.08126623928546906,0.9016957879066467,0.0036696214228868484,0.2,1.0,0.0,0.11873376071453096,0.09830421209335327,-0.0036696214228868484,0,0,0,0,1.0,0.02349048797616765,-0.09793633908931276,-0.009733696265727506,0.06952099529738523,0.9506639574513032,0.008536469555750601
1759299443.8919833,1,follower,auto,-0.13200195133686066,0.9263484477996826,0.957809329032898,0.2,1.0,1.0,0.33200195133686067,0.07365155220031738,0.04219067096710205,0,0,0,0,1.0,0.11171909594099039,-0.10852832829163739,-0.07028174418162147,-0.18786149930735585,0.9806126119455013,0.9929502011237087
1759299443.8934128,0,follower,auto,0.10293136537075043,0.9007205367088318,0.0003102693008258939,0.25,1.0,0.0,0.14706863462924957,0.09927946329116821,-0.0003102693008258939,1.4509731552050156,13.559911518278021,9.032600071604165,0,,,,,,,
1759299443.9938688,1,follower,auto,-0.11179202795028687,0.912675142288208,0.9529063105583191,0.25,1.0,1.0,0.36179202795028687,0.08732485771179199,0.04709368944168091,4.1034454077971505,20,8.079528165403433,0,,,,,,,
1759299444.0964544,0,leader,auto,0.10293136537075043,0.9007205367088318,0.0003102693008258939,0.25,1.0,0.0,0.14706863462924957,0.09927946329116821,-0.0003102693008258939,0,0,0,0,1.0,0.03479255462281103,-0.0917546805025623,-0.01006813548034222,0.08553508805934491,0.9465978769601129,0.005344337040997004
1759299444.1967387,1,follower,auto,-0.11179202795028687,0.912675142288208,0.9529063105583191,0.25,1.0,1.0,0.36179202795028687,0.08732485771179199,0.04709368944168091,0,0,0,0,1.0,0.13409038928970157,-0.1007789578218794,-0.06755591495130853,-0.17883722259513765,0.9630646211991477,0.9866842680339734
1759299444.1971684,0,follower,auto,0.13003294169902802,0.9036688208580017,-0.0032762892078608274,0.3,1.0,0.0,0.16996705830097197,0.09633117914199829,0.0032762892078608274,1.4441261943240746,15.526427231425732,8.99952202933285,0,,,,,,,
1759299444.2974708,1,follower,auto,-0.0861971452832222,0.9086717367172241,0.9450163245201111,0.3,1.0,1.0,0.3861971452832222,0.09132826328277588,0.054983675479888916,5.120400861673533,20,9.038547951741048,0,,,,,,,
1759299444.40346,0,leader,auto,0.13003294169902802,0.9036688208580017,-0.0032762892078608274,0.3,1.0,0.0,0.16996705830097197,0.09633117914199829,0.0032762892078608274,0,0,0,0,1.0,0.048400202203128156,-0.08470459886753912,-0.01057360137606804,0.10583284059746394,0.9460211202917712,0.0020105114801731933
1759299444.5039506,1,follower,auto,-0.0861971452832222,0.9086717367172241,0.9450163245201111,0.3,1.0,1.0,0.3861971452832222,0.09132826328277588,0.054983675479888916,0,0,0,0,1.0,0.1523087355123055,-0.08673478074231356,-0.0685169313779479,-0.16235151303937495,0.9520391270883809,0.979274790209085
1759299444.5045314,0,follower,auto,0.163108691573143,0.9076181650161743,-0.009754575788974762,0.35,1.0,0.0,0.18689130842685697,0.09238183498382568,0.009754575788974762,1.4607794306300703,17.482092814429013,8.992507293514173,0,,,,,,,
1759299444.6048455,1,follower,auto,-0.059705138206481934,0.9152776598930359,0.941621720790863,0.35,1.0,1.0,0.4097051382064819,0.08472234010696411,0.05837827920913696,5.100044825472732,20,7.974581578005263,0,,,,,,,
1759299444.7100222,0,leader,auto,0.163108691573143,0.9076181650161743,-0.009754575788974762,0.35,1.0,0.0,0.18689130842685697,0.09238183498382568,0.009754575788974762,0,0,0,0,1.0,0.06384980129190236,-0.08031076357666955,-0.013814753910537483,0.13118379092719182,0.9477735468045091,-0.0028471988337060205
1759299444.8104358,1,follower,auto,-0.059705138206481934,0.9152776598930359,0.941621720790863,0.35,1.0,1.0,0.4097051382064819,0.08472234010696411,0.05837827920913696,0,0,0,0,1.0,0.16350731464547544,-0.06919463092511235,-0.06406923421327715,-0.14145879552921964,0.9498749753555921,0.9736563378975016
1759299444.8233602,0,follower,auto,0.20282210409641266,0.9094988107681274,-0.019149795174598694,0.39999999999999997,1.0,0.0,0.1971778959035873,0.09050118923187256,0.019149795174598694,2.489795242521841,18.42670783528191,9.010877747741866,0,,,,,,,
1759299444.9241798,1,follower,auto,-0.03143782913684845,0.925812840461731,0.9409974217414856,0.39999999999999997,1.0,1.0,0.4314378291368484,0.07418715953826904,0.059002578258514404,5.070534011736005,20,6.927102443167242,0,,,,,,,
1759299445.100916,0,leader,auto,0.20282210409641266,0.9094988107681274,-0.019149795174598694,0.39999999999999997,1.0,0.0,0.1971778959035873,0.09050118923187256,0.019149795174598694,0,0,0,0,1.0,0.08098654165675383,-0.08042290207141611,-0.01837208899217628,0.16232883326803574,0.9497102618038356,-0.009963750678510554
1759299445.201326,1,follower,auto,-0.03143782913684845,0.925812840461731,0.9409974217414856,0.39999999999999997,1.0,1.0,0.4314378291368484,0.07418715953826904,0.059002578258514404,0,0,0,0,1.0,0.17179422333881672,-0.056759078245001926,-0.05874836130210748,-0.11733494080625681,0.954192379584232,0.9703716023925393
1759299445.2025983,0,follower,auto,0.25856637954711914,0.9148514270782471,-0.03022700361907482,0.44999999999999996,1.0,0.0,0.19143362045288081,0.08514857292175293,0.03022700361907482,0,0,0,0,,,,,,,
1759299445.30326,1,follower,auto,0.005939859431236982,0.9379808306694031,0.9457809329032898,0.44999999999999996,1.0,1.0,0.444060140568763,0.062019169330596924,0.054219067096710205,5.019123799469915,20,5.899672382053337,0,,,,,,,
1759299445.407306,0,leader,auto,0.25856637954711914,0.9148514270782471,-0.03022700361907482,0.44999999999999996,1.0,0.0,0.19143362045288081,0.08514857292175293,0.03022700361907482,0,0,0,0,1.0,0.10816778818401801,-0.07724914764577306,-0.022495892177673928,0.20448248545511014,0.9534760009011336,-0.018979057530237854
1759299445.5077567,1,follower,auto,0.005939859431236982,0.9379808306694031,0.9457809329032898,0.44999999999999996,1.0,1.0,0.444060140568763,0.062019169330596924,0.054219067096710205,0,0,0,0,1.0,0.18575320160046893,-0.04922129092063654,-0.05047903910572227,-0.08693674136899748,0.9625914761297214,0.971020452456151
1759299445.509576,0,follower,auto,0.3128160536289215,0.9213862419128418,-0.038825009018182755,0.49999999999999994,1.0,0.0,0.18718394637107844,0.0786137580871582,0.038825009018182755,0,0,0,0,,,,,,,
1759299445.6103618,1,follower,auto,0.03579912334680557,0.947468638420105,0.9487205147743225,0.49999999999999994,1.0,1.0,0.46420087665319437,0.05253136157989502,0.05127948522567749,5.001276181728944,20,4.901337558918178,0,,,,,,,
1759299445.7116604,0,leader,auto,0.3128160536289215,0.9213862419128418,-0.038825009018182755,0.49999999999999994,1.0,0.0,0.18718394637107844,0.0786137580871582,0.038825009018182755,0,0,0,0,1.0,0.12213970627001372,-0.07455087699929319,-0.022647545546961377,0.25174620049391466,0.9586616804124883,-0.027501236244702066
1759299445.8121915,1,follower,auto,0.03579912334680557,0.947468638420105,0.9487205147743225,0.49999999999999994,1.0,1.0,0.46420087665319437,0.05253136157989502,0.05127948522567749,0,0,0,0,1.0,0.18557043603876647,-0.04837696553792148,-0.04818111227052568,-0.05698609467257766,0.9716571211890657,0.9728110709095854
1759299445.812637,0,follower,auto,0.3599749803543091,0.9261470437049866,-0.045604538172483444,0.5499999999999999,1.0,0.0,0.19002501964569085,0.07385295629501343,0.045604538172483444,0,0,0,0,,,,,,,
1759299445.9129763,1,follower,auto,0.06621085107326508,0.9553112983703613,0.9519810676574707,0.5499999999999999,1.0,1.0,0.48378914892673486,0.04468870162963867,0.0480189323425293,3.9847056093711566,20,3.905452792314583,0,,,,,,,
1759299446.0187902,0,leader,auto,0.3599749803543091,0.9261470437049866,-0.045604538172483444,0.5499999999999999,1.0,0.0,0.19002501964569085,0.07385295629501343,0.045604538172483444,0,0,0,0,1.0,0.12329802954547825,-0.07486291021331914,-0.021472669570260908,0.29832596558157,0.9635784988116461,-0.03486820338735299
1759299446.1193233,1,follower,auto,0.06621085107326508,0.9553112983703613,0.9519810676574707,0.5499999999999999,1.0,1.0,0.48378914892673486,0.04468870162963867,0.0480189323425293,0,0,0,0,1.0,0.186392256167837,-0.04961586089829084,-0.046756969079481014,-0.02698527701065341,0.9801192288195067,0.9753595521972112
1759299446.1207685,0,follower,auto,0.3882453739643097,0.9305024743080139,-0.05073174461722374,0.6,1.0,0.0,0.21175462603569029,0.06949752569198608,0.05073174461722374,0,0,0,0,,,,,,,
1759299446.221499,1,follower,auto,0.09563857316970825,0.9585831761360168,0.9491264224052429,0.6,1.0,1.0,0.5043614268302917,0.041416823863983154,0.05087357759475708,5.006527464960483,20,3.928896812936036,0,,,,,,,
1759299446.3253977,0,leader,auto,0.3882453739643097,0.9305024743080139,-0.05073174461722374,0.6,1.0,0.0,0.21175462603569029,0.06949752569198608,0.05073174461722374,0,0,0,0,1.0,0.1064726745859908,-0.07530600696406675,-0.020081395036106474,0.3350090366713143,0.9681554777900473,-0.0406910470991705
1759299446.4259841,1,follower,auto,0.09563857316970825,0.9585831761360168,0.9491264224052429,0.6,1.0,1.0,0.5043614268302917,0.041416823863983154,0.05087357759475708,0,0,0,0,1.0,0.18615935419816,-0.05454205743869789,-0.051987347794690386,0.002558896070628258,0.9858542048553658,0.9751200963025881
1759299446.4264736,0,follower,auto,0.4011225700378418,0.9337261915206909,-0.05448868125677109,0.65,1.0,0.0,0.24887742996215823,0.06627380847930908,0.05448868125677109,0,0,0,0,,,,,,,
1759299446.5268538,1,follower,auto,0.13059599697589874,0.9541879892349243,0.9327467083930969,0.65,1.0,1.0,0.5194040030241013,0.045812010765075684,0.06725329160690308,6.089836129024466,20,3.979072448116651,0,,,,,,,
1759299446.6308517,0,leader,auto,0.4011225700378418,0.9337261915206909,-0.05448868125677109,0.65,1.0,0.0,0.24887742996215823,0.06627380847930908,0.05448868125677109,0,0,0,0,1.0,0.0850049827051288,-0.0762802791510766,-0.019147145957581997,0.3586200786852774,0.9718663310962292,-0.04491510827798009
1759299446.7311873,1,follower,auto,0.13059599697589874,0.9541879892349243,0.9327467083930969,0.65,1.0,1.0,0.5194040030241013,0.045812010765075684,0.06725329160690308,0,0,0,0,1.0,0.1919186210681148,-0.06429089314291603,-0.06807955408358612,0.03463668644184133,0.9863334358063823,0.96678648543489
1759299446.732051,0,follower,auto,0.40903282165527344,0.9374721050262451,-0.057820383459329605,0.7000000000000001,1.0,0.0,0.29096717834472663,0.06252789497375488,0.057820383459329605,0,0,0,0,,,,,,,
1759299446.832576,1,follower,auto,0.16922713816165924,0.9488959908485413,0.9173540472984314,0.7000000000000001,1.0,1.0,0.5307728618383408,0.05110400915145874,0.0826459527015686,8.123094294510734,20,5.0080201078957645,0,,,,,,,
1759299446.9881694,0,leader,auto,0.40903282165527344,0.9374721050262451,-0.057820383459329605,0.7000000000000001,1.0,0.0,0.29096717834472663,0.06252789497375488,0.057820383459329605,0,0,0,0,1.0,0.07217906774096916,-0.07584043934365758,-0.019402890204086073,0.37294328778478886,0.9753923246980739,-0.04811893835728657
1759299447.0886939,1,follower,auto,0.16922713816165924,0.9488959908485413,0.9173540472984314,0.7000000000000001,1.0,1.0,0.5307728618383408,0.05110400915145874,0.0826459527015686,0,0,0,0,0.7165313105737893,0.1986740063559594,-0.06944961826377183,-0.07495907449072003,0.06989013498367956,0.9836207999804272,0.9548335845437914
1759299447.0903692,0,follower,auto,0.4177275002002716,0.9438375234603882,-0.06271073967218399,0.7500000000000001,1.0,0.0,0.3322724997997285,0.056162476539611816,0.06271073967218399,0,0,0,0,,,,,,,
1759299447.1914215,1,follower,auto,0.21414855122566223,0.9422921538352966,0.9080961346626282,0.7500000000000001,1.0,1.0,0.5358514487743379,0.05770784616470337,0.09190386533737183,9.108429703762368,20,5.037600950882028,0,,,,,,,
1759299447.313551,0,leader,auto,0.4177275002002716,0.9438375234603882,-0.06271073967218399,0.7500000000000001,1.0,0.0,0.3322724997997285,0.056162476539611816,0.06271073967218399,0,0,0,0,1.0,0.06974606049293164,-0.07260372053474651,-0.022225503361551477,0.3828544699538058,0.9801393837277614,-0.05159798799140825
1759299447.413913,1,follower,auto,0.21414855122566223,0.9422921538352966,0.9080961346626282,0.7500000000000001,1.0,1.0,0.5358514487743379,0.05770784616470337,0.09190386533737183,0,0,0,0,0.513417119032592,0.20837512071922515,-0.07285658402144102,-0.07242088294678428,0.10996099086604966,0.9787204458460171,0.9443065761360203
1759299447.4146724,0,follower,auto,0.42222872376441956,0.9467781782150269,-0.06656588613986969,0.8000000000000002,1.0,0.0,0.3777712762355806,0.053221821784973145,0.06656588613986969,0,0,0,0,,,,,,,
1759299447.5151653,1,follower,auto,0.2530818283557892,0.9438108801841736,0.908845067024231,0.8000000000000002,1.0,1.0,0.546918171644211,0.056189119815826416,0.09115493297576904,9.053130058914494,20,5.008657165314314,0,,,,,,,
1759299447.6226604,0,leader,auto,0.42222872376441956,0.9467781782150269,-0.06656588613986969,0.8000000000000002,1.0,0.0,0.3777712762355806,0.053221821784973145,0.06656588613986969,0,0,0,0,1.0,0.06759245037573935,-0.07383609850840012,-0.023916790723221407,0.3884324985765499,0.9836962274692269,-0.05460749077825899
1759299447.723099,1,follower,auto,0.2530818283557892,0.9438108801841736,0.908845067024231,0.8000000000000002,1.0,1.0,0.546918171644211,0.056189119815826416,0.09115493297576904,0,0,0,0,0.36787944117144233,0.2070281639490014,-0.06587548917533836,-0.061611527529681465,0.1495677463812885,0.9767486247718428,0.9396508307890716
1759299447.8248892,0,follower,auto,0.4242103099822998,0.9491965770721436,-0.06875234097242355,0.8500000000000002,1.0,0.0,0.4257896900177004,0.050803422927856445,0.06875234097242355,0,0,0,0,,,,,,,
1759299447.9259021,1,follower,auto,0.28440359234809875,0.9456730484962463,0.914718508720398,0.8500000000000002,1.0,1.0,0.5655964076519014,0.05432695150375366,0.08528149127960205,8.00499921693506,20,4.99872605143355,0,,,,,,,
1759299448.0375886,0,leader,auto,0.4242103099822998,0.9491965770721436,-0.06875234097242355,0.8500000000000002,1.0,0.0,0.4257896900177004,0.050803422927856445,0.06875234097242355,0,0,0,0,1.0,0.06730619671148202,-0.07437193437345968,-0.02436768267235235,0.39055721162655876,0.9863825442588734,-0.05656849963624738
1759299448.1380577,1,follower,auto,0.28440359234809875,0.9456730484962463,0.914718508720398,0.8500000000000002,1.0,1.0,0.5655964076519014,0.05432695150375366,0.08528149127960205,0,0,0,0,0.26359713811572677,0.1985674683273471,-0.06164677685103648,-0.051805334813052384,0.18511985818442522,0.9764964369217646,0.9406211761269241
1759299448.1398697,0,follower,auto,0.42472711205482483,0.9502829313278198,-0.07309386879205704,0.9000000000000002,1.0,0.0,0.4752728879451754,0.049717068672180176,0.07309386879205704,0,0,0,0,,,,,,,
1759299448.24083,1,follower,auto,0.32991498708724976,0.9438660144805908,0.9380747079849243,0.9000000000000002,1.0,1.0,0.5700850129127505,0.05613398551940918,0.061925292015075684,5.8792127453658045,20,5.015247145707508,0,,,,,,,
1759299448.5460715,0,leader,auto,0.42472711205482483,0.9502829313278198,-0.07309386879205704,0.9000000000000002,1.0,0.0,0.4752728879451754,0.049717068672180176,0.07309386879205704,0,0,0,0,1.0,0.0690156308162111,-0.0753570597601323,-0.028011931082619165,0.3902192966467193,0.987961461207886,-0.059087903250747455
1759299448.6464906,1,follower,auto,0.32991498708724976,0.9438660144805908,0.9380747079849243,0.9000000000000002,1.0,1.0,0.5700850129127505,0.05613398551940918,0.061925292015075684,0,0,0,0,0.18887560283756183,0.2085625645551777,-0.06291013510819621,-0.030125597320285857,0.2256337048096609,0.9753210820346889,0.9531375066450672
1759299448.6470118,0,follower,auto,0.4235003590583801,0.9408631324768066,-0.07348593324422836,0.9500000000000003,1.0,0.0,0.5264996409416202,0.05913686752319336,0.07348593324422836,0,0,0,0,,,,,,,
1759299448.7473605,1,follower,auto,0.3784646987915039,0.9389581084251404,0.9662118554115295,0.9500000000000003,1.0,1.0,0.5715353012084964,0.06104189157485962,0.03378814458847046,2.791066980984004,20,6.0251572726413904,0,,,,,,,
1759299448.9294226,0,leader,auto,0.4235003590583801,0.9408631324768066,-0.07348593324422836,0.9500000000000003,1.0,0.0,0.5264996409416202,0.05913686752319336,0.07348593324422836,0,0,0,0,1.0,0.07140140202920064,-0.08546703681094492,-0.02731927644776564,0.3877996580437798,0.9835966508822791,-0.059826295020345546
1759299449.0298662,1,follower,auto,0.3784646987915039,0.9389581084251404,0.9662118554115295,0.9500000000000003,1.0,1.0,0.5715353012084964,0.06104189157485962,0.03378814458847046,0,0,0,0,0.1353352832366127,0.2163843655203167,-0.0663237446852929,-0.015221443665158096,0.27027251603134556,0.9721199807677868,0.9738225772441086
1759299449.0310206,0,follower,auto,0.42730870842933655,0.9305170178413391,-0.07682102173566818,1.0000000000000002,1.0,0.0,0.5726912915706637,0.06948298215866089,0.07682102173566818,0,0,0,0,,,,,,,
1759299449.1316512,1,follower,auto,0.42972689867019653,0.9164779186248779,0.9733951091766357,1.0000000000000002,1.0,1.0,0.5702731013298037,0.08352208137512207,0.026604890823364258,1.8496902370083903,20,8.122165366954961,0,,,,,,,
1759299449.233078,0,leader,auto,0.42730870842933655,0.9305170178413391,-0.07682102173566818,1.0000000000000002,1.0,0.0,0.5726912915706637,0.06948298215866089,0.07682102173566818,0,0,0,0,1.0,0.08084435495236653,-0.09057011983188867,-0.03137502797330872,0.3868865309531533,0.9758020777572834,-0.06113350774901383
1759299449.3334694,1,follower,auto,0.42972689867019653,0.9164779186248779,0.9733951091766357,1.0000000000000002,1.0,1.0,0.5702731013298037,0.08352208137512207,0.026604890823364258,0,0,0,0,0.09697196786440505,0.2225981450393168,-0.08545102891968126,-0.029040491152710235,0.3184278261505381,0.9592034330847186,0.9879153547529909
1759299449.3342936,0,follower,auto,0.4319346249103546,0.9238592386245728,-0.07854317873716354,1.0500000000000003,1.0,0.0,0.6180653750896457,0.07614076137542725,0.07854317873716354,0,0,0,0,,,,,,,
1759299449.434793,1,follower,auto,0.46994927525520325,0.9025683999061584,0.974474310874939,1.0500000000000003,1.0,1.0,0.580050724744797,0.09743160009384155,0.025525689125061035,1.8934454484620267,20,9.120688252135324,0,,,,,,,
1759299449.5400684,0,leader,auto,0.4319346249103546,0.9238592386245728,-0.07854317873716354,1.0500000000000003,1.0,0.0,0.6180653750896457,0.07614076137542725,0.07854317873716354,0,0,0,0,1.0,0.08936228965020193,-0.08867742239063592,-0.03315357445205608,0.3872534800852536,0.9681979498198907,-0.061966391511135505
1759299449.6409557,1,follower,auto,0.46994927525520325,0.9025683999061584,0.974474310874939,1.0500000000000003,1.0,1.0,0.580050724744797,0.09743160009384155,0.025525689125061035,0,0,0,0,0.06948345122280154,0.21410025787914805,-0.08633826557407931,-0.041790477243723645,0.36289914631562925,0.945737532693198,0.9953695494968008
1759299449.6430504,0,follower,auto,0.4354318678379059,0.9190421104431152,-0.07908252626657486,1.1000000000000003,1.0,0.0,0.6645681321620944,0.08095788955688477,0.07908252626657486,0,0,0,0,,,,,,,
1759299449.743926,1,follower,auto,0.5018928050994873,0.8871896862983704,0.9756060242652893,1.1000000000000003,1.0,1.0,0.598107194900513,0.11281031370162964,0.024393975734710693,1.9051054828267864,20,11.138994831587137,0,,,,,,,
1759299449.9063566,0,leader,auto,0.4354318678379059,0.9190421104431152,-0.07908252626657486,1.1000000000000003,1.0,0.0,0.6645681321620944,0.08095788955688477,0.07908252626657486,0,0,0,0,1.0,0.09525852620439779,-0.08542657791608699,-0.03417913273834869,0.387802604735707,0.9617553994011587,-0.061992959897400515
1759299450.007086,1,follower,auto,0.5018928050994873,0.8871896862983704,0.9756060242652893,1.1000000000000003,1.0,1.0,0.598107194900513,0.11281031370162964,0.024393975734710693,0,0,0,0,0.049787068367863944,0.20121996111136226,-0.08837279421402866,-0.0475415580282057,0.40128282454380615,0.9313760834053847,0.9993768032793922
1759299450.0086074,0,follower,auto,0.43654492497444153,0.9170226454734802,-0.07660310715436935,1.1500000000000004,1.0,0.0,0.7134550750255588,0.08297735452651978,0.07660310715436935,0,0,0,0,,,,,,,
1759299450.1092622,1,follower,auto,0.5430275797843933,0.8765584826469421,0.9760517477989197,1.1500000000000004,1.0,1.0,0.606972420215607,0.12344151735305786,0.023948252201080322,1.9152871713161936,20,12.132712158186813,0,,,,,,,
1759299450.222081,0,leader,auto,0.43654492497444153,0.9170226454734802,-0.07660310715436935,1.1500000000000004,1.0,0.0,0.7134550750255588,0.08297735452651978,0.07660310715436935,0,0,0,0,1.0,0.09844099553537017,-0.08086426381632561,-0.03296565713928474,0.3873244272067564,0.9574547773816431,-0.06012027858472699
1759299450.3224852,1,follower,auto,0.5430275797843933,0.8765584826469421,0.9760517477989197,1.1500000000000004,1.0,1.0,0.606972420215607,0.12344151735305786,0.023948252201080322,0,0,0,0,0.035673993347252395,0.2039405585403073,-0.08521797743018966,-0.05039082569716835,0.44105730051423964,0.919167471362037,1.001247160647504
1759299450.3234835,0,follower,auto,0.43742793798446655,0.9197465181350708,-0.07456956803798676,1.2000000000000004,1.0,0.0,0.7625720620155338,0.0802534818649292,0.07456956803798676,0,0,0,0,,,,,,,
1759299450.4239762,1,follower,auto,0.5774520039558411,0.8666333556175232,0.9762585759162903,1.2000000000000004,1.0,1.0,0.6225479960441593,0.1333666443824768,0.023741424083709717,1.9211699420994661,20,13.142960051483982,0,,,,,,,
1759299450.5272331,0,leader,auto,0.43742793798446655,0.9197465181350708,-0.07456956803798676,1.2000000000000004,1.0,0.0,0.7625720620155338,0.0802534818649292,0.07456956803798676,0,0,0,0,1.0,0.10234116118596148,-0.07380762305385702,-0.034123244691057965,0.3862573573914858,0.9566503296619993,-0.057507945692457776
1759299450.6275182,1,follower,auto,0.5774520039558411,0.8666333556175232,0.9762585759162903,1.2000000000000004,1.0,1.0,0.6225479960441593,0.1333666443824768,0.023741424083709717,0,0,0,0,0.025561533206507402,0.19849199277781393,-0.08383722102005287,-0.051273406098309326,0.4782060075669341,0.9085519661275496,1.001895278965445
1759299450.6279979,0,follower,auto,0.43974584341049194,0.9229864478111267,-0.07138405740261078,1.2500000000000004,1.0,0.0,0.8102541565895085,0.07701355218887329,0.07138405740261078,0,0,0,0,,,,,,,
1759299450.7283876,1,follower,auto,0.6093420386314392,0.8548890352249146,0.9792585968971252,1.2500000000000004,1.0,1.0,0.6406579613685612,0.14511096477508545,0.020741403102874756,1.9106595778401536,20,14.170459356840572,0,,,,,,,
1759299450.8340652,0,leader,auto,0.43974584341049194,0.9229864478111267,-0.07138405740261078,1.2500000000000004,1.0,0.0,0.8102541565895085,0.07701355218887329,0.07138405740261078,0,0,0,0,1.0,0.10816760739760845,-0.06989666795210381,-0.03483826353259248,0.3856620397116877,0.9579347817871786,-0.05396492563631454
1759299450.9344323,1,follower,auto,0.6093420386314392,0.8548890352249146,0.9792585968971252,1.2500000000000004,1.0,1.0,0.6406579613685612,0.14511096477508545,0.020741403102874756,0,0,0,0,0.0301973834223185,0.1932710205812722,-0.0861558456655438,-0.04811996076848257,0.5127065283408031,0.8979669580576864,1.0033185772813664
1759299450.9349136,0,follower,auto,0.4427574574947357,0.9244747757911682,-0.06902796775102615,1.3000000000000005,1.0,0.0,0.8572425425052648,0.07552522420883179,0.06902796775102615,0,0,0,0,,,,,,,
1759299451.0352454,1,follower,auto,0.6426087617874146,0.8480643630027771,0.9868316650390625,1.3000000000000005,1.0,1.0,0.6573912382125859,0.1519356369972229,0.0131683349609375,0.8803907324056579,20,15.16377321390394,0,,,,,,,
1759299451.2413764,0,leader,auto,0.4427574574947357,0.9244747757911682,-0.06902796775102615,1.3000000000000005,1.0,0.0,0.8572425425052648,0.07552522420883179,0.06902796775102615,0,0,0,0,1.0,0.11407034897671009,-0.06966599603443047,-0.037294048702412,0.3857222830063807,0.9593077738083835,-0.050380943399820154
1759299451.3419523,1,follower,auto,0.6426087617874146,0.8480643630027771,0.9868316650390625,1.3000000000000005,1.0,1.0,0.6573912382125859,0.1519356369972229,0.0131683349609375,0,0,0,0,0.035673993347252395,0.19220544744884677,-0.08378422851538958,-0.041244856817714615,0.5465060380629911,0.8899564772604719,1.0074540934479197
1759299451.3431854,0,follower,auto,0.44689446687698364,0.9227531552314758,-0.06678086519241333,1.3500000000000005,1.0,0.0,0.9031055331230169,0.07724684476852417,0.06678086519241333,0,0,0,0,,,,,,,
1759299451.4438431,1,follower,auto,0.6890260577201843,0.8526244163513184,0.9974835515022278,1.3500000000000005,1.0,1.0,0.6609739422798162,0.14737558364868164,0.002516448497772217,-0.15188049371001858,20,14.10078816267277,0,,,,,,,
1759299451.5536008,0,leader,auto,0.44689446687698364,0.9227531552314758,-0.06678086519241333,1.3500000000000005,1.0,0.0,0.9031055331230169,0.07724684476852417,0.06678086519241333,0,0,0,0,1.0,0.12029535633984734,-0.07273758921500573,-0.039590796738359385,0.38674678870706,0.9591219498389787,-0.04698546682323364
1759299451.65424,1,follower,auto,0.6890260577201843,0.8526244163513184,0.9974835515022278,1.3500000000000005,1.0,1.0,0.6609739422798162,0.14737558364868164,0.002516448497772217,0,0,0,0,0.025561533206507402,0.20501809747320737,-0.07291003196022505,-0.03391746278376129,0.5865170089835806,0.8890794323314308,1.0144422828941084
1759299451.6558032,0,follower,auto,0.4489820599555969,0.9196593165397644,-0.06342320144176483,1.3500000000000005,1.0,0.0,0.9010179400444036,0.0803406834602356,0.06342320144176483,0,0,0,0,,,,,,,
1759299451.756701,1,follower,auto,0.7277078032493591,0.8634294867515564,1.0078266859054565,1.3500000000000005,1.0,1.0,0.6222921967506414,0.1365705132484436,-0.007826685905456543,-0.16696115611480994,20,13.037641965307072,0,,,,,,,
1759299451.9544172,0,leader,auto,0.4489820599555969,0.9196593165397644,-0.06342320144176483,1.3500000000000005,1.0,0.0,0.9010179400444036,0.0803406834602356,0.06342320144176483,0,0,0,0,1.0,0.12335105980928512,-0.07555185895304506,-0.04053446100841131,0.3873065300509544,0.9574352460162869,-0.04315597093755917
1759299452.055011,1,follower,auto,0.7277078032493591,0.8634294867515564,1.0078266859054565,1.3500000000000005,1.0,1.0,0.6222921967506414,0.1365705132484436,-0.007826685905456543,0,0,0,0,0.01831563888873418,0.2035634196449625,-0.06293036287260856,-0.029676611133699682,0.6259260934268779,0.8948946681878607,1.0226649914723063
1759299452.056281,0,follower,auto,0.45015233755111694,0.9207172393798828,-0.059554748237133026,1.3500000000000005,1.0,0.0,0.8998476624488836,0.07928276062011719,0.059554748237133026,0,0,0,0,,,,,,,
1759299452.1571522,1,follower,auto,0.7827289700508118,0.8833504915237427,1.0334497690200806,1.3500000000000005,1.0,1.0,0.5672710299491888,0.11664950847625732,-0.033449769020080566,-3.265149622495435,20,10.958371067928455,0,,,,,,,
1759299452.263205,0,leader,auto,0.45015233755111694,0.9207172393798828,-0.059554748237133026,1.3500000000000005,1.0,0.0,0.8998476624488836,0.07928276062011719,0.059554748237133026,0,0,0,0,1.0,0.12587781956567862,-0.07290089606782091,-0.04137929198695444,0.3872134277682776,0.9571676874137933,-0.0388651022436558
1759299452.363535,1,follower,auto,0.7827289700508118,0.8833504915237427,1.0334497690200806,1.3500000000000005,1.0,1.0,0.5672710299491888,0.11664950847625732,-0.033449769020080566,0,0,0,0,0.013123728736940968,0.2190864165119938,-0.050510745376363686,-0.011492581029902249,0.6731857617948149,0.9086058642119246,1.0391960595350316
1759299452.364229,0,follower,auto,0.4494836628437042,0.9231694936752319,-0.05733339115977287,1.3500000000000005,1.0,0.0,0.9005163371562963,0.07683050632476807,0.05733339115977287,0,0,0,0,,,,,,,
1759299452.4647138,1,follower,auto,0.828569769859314,0.9080305099487305,1.0544430017471313,1.3500000000000005,1.0,1.0,0.5214302301406866,0.09196949005126953,-0.05444300174713135,-5.2935290207968535,20,8.889748682048078,0,,,,,,,
1759299452.5697582,0,leader,auto,0.4494836628437042,0.9231694936752319,-0.05733339115977287,1.3500000000000005,1.0,0.0,0.9005163371562963,0.07683050632476807,0.05733339115977287,0,0,0,0,1.0,0.12715530165180072,-0.07009450135012929,-0.04406876545641705,0.38590601201780383,0.9582167443502966,-0.03529900843156435
1759299452.6702654,1,follower,auto,0.828569769859314,0.9080305099487305,1.0544430017471313,1.3500000000000005,1.0,1.0,0.5214302301406866,0.09196949005126953,-0.05444300174713135,0,0,0,0,0.01,0.21719038753975917,-0.04101874710801279,-0.005926814434205285,0.7199745760894344,0.9285398835027369,1.0574064089642339
1759299452.6708503,0,follower,auto,0.45030921697616577,0.9242122769355774,-0.056163810193538666,1.3500000000000005,1.0,0.0,0.8996907830238348,0.07578772306442261,0.056163810193538666,0,0,0,0,,,,,,,
1759299452.7713828,1,follower,auto,0.8739434480667114,0.9404684901237488,1.0623425245285034,1.3500000000000005,1.0,1.0,0.4760565519332891,0.05953150987625122,-0.06234252452850342,-6.248696827195775,20,4.799488225420164,0,,,,,,,
1759299452.8837314,0,leader,auto,0.45030921697616577,0.9242122769355774,-0.056163810193538666,1.3500000000000005,1.0,0.0,0.8996907830238348,0.07578772306442261,0.056163810193538666,0,0,0,0,1.0,0.13110938899344105,-0.07009014644031408,-0.04702651312585927,0.38475452247944525,0.9592573501557344,-0.032650553630609036
1759299452.9841695,1,follower,auto,0.8739434480667114,0.9404684901237488,1.0623425245285034,1.3500000000000005,1.0,1.0,0.4760565519332891,0.05953150987625122,-0.06234252452850342,0,0,0,0,0.01,0.21534549176404316,-0.029711754716618466,-0.014766088465981264,0.7662707021846898,0.955324367482058,1.069725568761494
1759299452.9848602,0,follower,auto,0.45240703225135803,0.9235206842422485,-0.05499640107154846,1.3500000000000005,1.0,0.0,0.8975929677486425,0.07647931575775146,0.05499640107154846,0,0,0,0,,,,,,,
1759299453.0854075,1,follower,auto,0.9201303720474243,0.9596928358078003,1.057216763496399,1.3500000000000005,1.0,1.0,0.4298696279525762,0.04030716419219971,-0.057216763496398926,-5.1680727480508954,20,3.8121612843393824,0,,,,,,,
1759299453.216686,0,leader,auto,0.45240703225135803,0.9235206842422485,-0.05499640107154846,1.3500000000000005,1.0,0.0,0.8975929677486425,0.07647931575775146,0.05499640107154846,0,0,0,0,1.0,0.1360809590821559,-0.07182431575559844,-0.0489989191359807,0.3843665527102801,0.9594328421200478,-0.03049694150355811
1759299453.3170016,1,follower,auto,0.9201303720474243,0.9596928358078003,1.057216763496399,1.3500000000000005,1.0,1.0,0.4298696279525762,0.04030716419219971,-0.057216763496398926,0,0,0,0,0.01,0.21485265235539952,-0.03772897120032759,-0.030279682876897418,0.8127040458697246,0.9785573214079641,1.0723566049348476
1759299453.3175802,0,follower,auto,0.4523773789405823,0.9201335310935974,-0.053421564400196075,1.3500000000000005,1.0,0.0,0.8976226210594183,0.07986646890640259,0.053421564400196075,0,0,0,0,,,,,,,
1759299453.4182255,1,follower,auto,0.9652074575424194,0.9729039669036865,1.0459202527999878,1.3500000000000005,1.0,1.0,0.3847925424575811,0.027096033096313477,-0.04592025279998779,-4.101493281235041,20,1.825283449188457,0,,,,,,,
1759299453.5238907,0,leader,auto,0.4523773789405823,0.9201335310935974,-0.053421564400196075,1.3500000000000005,1.0,0.0,0.8976226210594183,0.07986646890640259,0.053421564400196075,0,0,0,0,1.0,0.1380372515634914,-0.07535508222311205,-0.05001785075554922,0.3833587531588366,0.9578110722051534,-0.02841263902242146
1759299453.6246114,1,follower,auto,0.9652074575424194,0.9729039669036865,1.0459202527999878,1.3500000000000005,1.0,1.0,0.3847925424575811,0.027096033096313477,-0.04592025279998779,0,0,0,0,0.01,0.21312507785647494,-0.04776061007142429,-0.04215821948772702,0.858644918614182,0.9967842719393987,1.0669993625438514
1759299453.6258235,0,follower,auto,0.4530520439147949,0.9159010052680969,-0.05184632167220116,1.3500000000000005,1.0,0.0,0.8969479560852056,0.08409899473190308,0.05184632167220116,0,0,0,0,,,,,,,
1759299453.727618,1,follower,auto,1.005795955657959,0.9820806980133057,1.0360747575759888,1.3500000000000005,1.0,1.0,0.34420404434204155,0.017919301986694336,-0.03607475757598877,-3.076274705561919,20,0.8335199210928638,0,,,,,,,
1759299453.8303397,0,leader,auto,0.4530520439147949,0.9159010052680969,-0.05184632167220116,1.3500000000000005,1.0,0.0,0.8969479560852056,0.08409899473190308,0.05184632167220116,0,0,0,0,1.0,0.14126878480006022,-0.07785535590985582,-0.05093647860441433,0.3824176515147648,0.9548286832230248,-0.02637808236999399
1759299453.9314792,1,follower,auto,1.005795955657959,0.9820806980133057,1.0360747575759888,1.3500000000000005,1.0,1.0,0.34420404434204155,0.017919301986694336,-0.03607475757598877,0,0,0,0,0.01,0.2074445762811452,-0.056073135103751115,-0.04456714351322777,0.9020736675173864,1.010117265565181,1.0583583293326027
1759299453.9323633,0,follower,auto,0.45584365725517273,0.9120674729347229,-0.05079333484172821,1.3500000000000005,1.0,0.0,0.8941563427448278,0.0879325270652771,0.05079333484172821,0,0,0,0,,,,,,,
1759299454.0334432,1,follower,auto,1.0497931241989136,0.9905437231063843,1.0293266773223877,1.3500000000000005,1.0,1.0,0.30020687580108696,0.009456276893615723,-0.029326677322387695,-2.0751560071879394,20,-0.1734222425852192,0,,,,,,,
1759299454.153335,0,leader,auto,0.45584365725517273,0.9120674729347229,-0.05079333484172821,1.3500000000000005,1.0,0.0,0.8941563427448278,0.0879325270652771,0.05079333484172821,0,0,0,0,1.0,0.14646978016450835,-0.07879045867573709,-0.052300281216060784,0.3826087671729186,0.9514627022725914,-0.024643194233697818
1759299454.253803,1,follower,auto,1.0497931241989136,0.9905437231063843,1.0293266773223877,1.3500000000000005,1.0,1.0,0.30020687580108696,0.009456276893615723,-0.029326677322387695,0,0,0,0,0.01,0.2078268815118668,-0.059749655239134336,-0.040790943291358905,0.9458796834429801,1.0204185507259513,1.0497221489680673
1759299454.2550018,0,follower,auto,0.4617408514022827,0.9097357392311096,-0.050935134291648865,1.3500000000000005,1.0,0.0,0.8882591485977178,0.09026426076889038,0.050935134291648865,0,0,0,0,,,,,,,
1759299454.3557584,1,follower,auto,1.099339246749878,0.9983085989952087,1.022523283958435,1.3500000000000005,1.0,1.0,0.2506607532501226,0.0016914010047912598,-0.02252328395843506,-2.0681061719290543,20,-0.18218412857752955,0,,,,,,,
1759299454.4602666,0,leader,auto,0.4617408514022827,0.9097357392311096,-0.050935134291648865,1.3500000000000005,1.0,0.0,0.8882591485977178,0.09026426076889038,0.050935134291648865,0,0,0,0,1.0,0.15351411414935184,-0.07782156154306885,-0.0545227034452909,0.38498379432760677,0.948646520002644,-0.023673782569003415
1759299454.5607214,1,follower,auto,1.099339246749878,0.9983085989952087,1.022523283958435,1.3500000000000005,1.0,1.0,0.2506607532501226,0.0016914010047912598,-0.02252328395843506,0,0,0,0,0.01,0.2133713160994407,-0.06074896756945547,-0.03741959370669523,0.9926535887001575,1.0286830827799365,1.0412330808117827
1759299454.5611858,0,follower,auto,0.46618565917015076,0.9100601077079773,-0.05258670449256897,1.3500000000000005,1.0,0.0,0.8838143408298498,0.0899398922920227,0.05258670449256897,0,0,0,0,,,,,,,
1759299454.661578,1,follower,auto,1.146830439567566,1.0062658786773682,1.0187833309173584,1.3500000000000005,1.0,1.0,0.20316956043243461,-0.006265878677368164,-0.0187833309173584,-1.0787228137085476,18.693702238101775,-0.19252668279857013,0,,,,,,,
1759299454.7653506,0,leader,auto,0.46618565917015076,0.9100601077079773,-0.05258670449256897,1.3500000000000005,1.0,0.0,0.8838143408298498,0.0899398922920227,0.05258670449256897,0,0,0,0,1.0,0.15674604190879793,-0.07502283979664659,-0.05743277252169532,0.3878126382157518,0.9475715276063006,-0.023870318231721314
1759299454.8657568,1,follower,auto,1.146830439567566,1.0062658786773682,1.0187833309173584,1.3500000000000005,1.0,1.0,0.20316956043243461,-0.006265878677368164,-0.0187833309173584,0,0,0,0,0.01,0.21375432075746525,-0.05949194971990046,-0.031217962205837724,1.0399532791888333,1.0360118535373184,1.0343923120202771
1759299454.8662214,0,follower,auto,0.4706822633743286,0.9128592014312744,-0.05553532764315605,1.3500000000000005,1.0,0.0,0.8793177366256719,0.08714079856872559,0.05553532764315605,0,0,0,0,,,,,,,
1759299454.966547,1,follower,auto,1.1957472562789917,1.0106440782546997,1.015223503112793,1.3500000000000005,1.0,1.0,0.15425274372100883,-0.010644078254699707,-0.015223503112792969,-1.0826872975328456,13.621352703064387,-1.1795311613632755,0,,,,,,,
1759299455.0719643,0,leader,auto,0.4706822633743286,0.9128592014312744,-0.05553532764315605,1.3500000000000005,1.0,0.0,0.8793177366256719,0.08714079856872559,0.05553532764315605,0,0,0,0,1.0,0.15949515117711077,-0.07131016522427014,-0.06040242097553532,0.3909346877857732,0.9485142840434095,-0.025334117155388393
1759299455.172268,1,follower,auto,1.1957472562789917,1.0106440782546997,1.015223503112793,1.3500000000000005,1.0,1.0,0.15425274372100883,-0.010644078254699707,-0.015223503112792969,0,0,0,0,0.01,0.21470101452080415,-0.060907090486253646,-0.026886891460324636,1.0883967490185897,1.0410976234978264,1.0286669488429552
1759299455.172836,0,follower,auto,0.4770786762237549,0.9154019951820374,-0.05969499051570892,1.3500000000000005,1.0,0.0,0.8729213237762457,0.08459800481796265,0.05969499051570892,0,0,0,0,,,,,,,
1759299455.2732766,1,follower,auto,1.2406686544418335,1.0080934762954712,1.0132368803024292,1.3500000000000005,1.0,1.0,0.10933134555816704,-0.008093476295471191,-0.0132368803024292,-1.094018705843356,8.57863021811536,-0.13818084727983226,0,,,,,,,
1759299455.3790402,0,leader,auto,0.4770786762237549,0.9154019951820374,-0.05969499051570892,1.3500000000000005,1.0,0.0,0.8729213237762457,0.08459800481796265,0.05969499051570892,0,0,0,0,1.0,0.16378213567708788,-0.06996137567382865,-0.06324333997059467,0.39518760838521094,0.9503826830189517,-0.02807332053041159
1759299455.4795449,1,follower,auto,1.2406686544418335,1.0080934762954712,1.0132368803024292,1.3500000000000005,1.0,1.0,0.10933134555816704,-0.008093476295471191,-0.0132368803024292,0,0,0,0,0.01,0.20921675566663556,-0.06672590235349296,-0.022205306982475026,1.1360602766085157,1.0414564274722178,1.0243395337936667
1759299455.4805636,0,follower,auto,0.4843878149986267,0.9178748726844788,-0.06394298374652863,1.3500000000000005,1.0,0.0,0.8656121850013738,0.08212512731552124,0.06394298374652863,0,0,0,0,,,,,,,
1759299455.5815034,1,follower,auto,1.2786563634872437,1.001125693321228,1.0124791860580444,1.3500000000000005,1.0,1.0,0.07134363651275688,-0.0011256933212280273,-0.012479186058044434,-1.1068372087652882,5.566253354909096,-0.09535463014620706,0,,,,,,,
1759299455.6883297,0,leader,auto,0.4843878149986267,0.9178748726844788,-0.06394298374652863,1.3500000000000005,1.0,0.0,0.8656121850013738,0.08212512731552124,0.06394298374652863,0,0,0,0,1.0,0.16774380046059478,-0.06963915189656611,-0.06482883772740783,0.4005159147683293,0.9526944486327618,-0.03152856488282471
1759299455.788594,1,follower,auto,1.2786563634872437,1.001125693321228,1.0124791860580444,1.3500000000000005,1.0,1.0,0.07134363651275688,-0.0011256933212280273,-0.012479186058044434,0,0,0,0,0.01,0.19645517578498262,-0.07234979653147033,-0.017806948826548652,1.1804287755947525,1.037300591586963,1.0213826604713188
1759299455.7889807,0,follower,auto,0.49098414182662964,0.9201812148094177,-0.06631278246641159,1.3500000000000005,1.0,0.0,0.8590158581733709,0.07981878519058228,0.06631278246641159,0,0,0,0,,,,,,,
1759299455.889354,1,follower,auto,1.3062490224838257,0.989051878452301,1.0129053592681885,1.3500000000000005,1.0,1.0,0.04375097751617485,0.010948121547698975,-0.012905359268188477,-1.1182783263020337,2.588510364521168,0.9562605072278435,0,,,,,,,
1759299456.0712543,0,leader,auto,0.49098414182662964,0.9201812148094177,-0.06631278246641159,1.3500000000000005,1.0,0.0,0.8590158581733709,0.07981878519058228,0.06631278246641159,0,0,0,0,1.0,0.16981822589396445,-0.06993117807520377,-0.06403242244287896,0.4060750288796474,0.9551468038470197,-0.0342965712449721
1759299456.172149,1,follower,auto,1.3062490224838257,0.989051878452301,1.0129053592681885,1.3500000000000005,1.0,1.0,0.04375097751617485,0.010948121547698975,-0.012905359268188477,0,0,0,0,0.01,0.17615951973943056,-0.07843519194431936,-0.013702019271201626,1.2181692626141105,1.0282694744244607,1.0197563689037894
1759299456.173462,0,follower,auto,0.4947543144226074,0.921890377998352,-0.0662725418806076,1.3500000000000005,1.0,0.0,0.8552456855773931,0.07810962200164795,0.0662725418806076,0,0,0,0,,,,,,,
1759299456.2740054,1,follower,auto,1.3244649171829224,0.9735953211784363,1.0146520137786865,1.3500000000000005,1.0,1.0,0.02553508281707817,0.02640467882156372,-0.014652013778686523,-1.1285581165430731,0.6223496437754099,2.005230076587756,0,,,,,,,
1759299456.3771455,0,leader,auto,0.4947543144226074,0.921890377998352,-0.0662725418806076,1.3500000000000005,1.0,0.0,0.8552456855773931,0.07810962200164795,0.0662725418806076,0,0,0,0,1.0,0.16878382873127507,-0.07069840421711471,-0.061532387918914896,0.4103624000569699,0.9572395801069093,-0.03550634792115015
1759299456.4774818,1,follower,auto,1.3244649171829224,0.9735953211784363,1.0146520137786865,1.3500000000000005,1.0,1.0,0.02553508281707817,0.02640467882156372,-0.014652013778686523,0,0,0,0,0.01,0.15287806701681372,-0.08313881738388051,-0.009706953129818618,1.2480258836745155,1.0151647298703765,1.0195054903435958
1759299456.489545,0,follower,auto,0.49374622106552124,0.91836017370224,-0.0643058717250824,1.3500000000000005,1.0,0.0,0.8562537789344793,0.08163982629776001,0.0643058717250824,0,0,0,0,,,,,,,
1759299456.589902,1,follower,auto,1.326027750968933,0.9636643528938293,1.016066312789917,1.3500000000000005,1.0,1.0,0.023972249031067427,0.036335647106170654,-0.016066312789916992,-1.1286497175359065,0.7050884676184017,2.99859004541533,0,,,,,,,
1759299456.738143,0,leader,auto,0.49374622106552124,0.91836017370224,-0.0643058717250824,1.3500000000000005,1.0,0.0,0.8562537789344793,0.08163982629776001,0.0643058717250824,0,0,0,0,1.0,0.16426876847858451,-0.0763204655209132,-0.05872423069956856,0.411611836826229,0.9565204064626966,-0.03494375637529812
1759299456.8385935,1,follower,auto,1.326027750968933,0.9636643528938293,1.016066312789917,1.3500000000000005,1.0,1.0,0.023972249031067427,0.036335647106170654,-0.016066312789916992,0,0,0,0,0.01,0.12091791547794295,-0.07838787819895332,-0.0075169622010133885,1.2655687932299617,1.002858291993306,1.0198247938904237
1759299456.8390338,0,follower,auto,0.4909527003765106,0.912855327129364,-0.06370598822832108,1.3500000000000005,1.0,0.0,0.8590472996234899,0.08714467287063599,0.06370598822832108,0,0,0,0,,,,,,,
1759299456.9393463,1,follower,auto,1.314854621887207,0.9554086327552795,1.0151028633117676,1.3500000000000005,1.0,1.0,0.0351453781127935,0.04459136724472046,-0.015102863311767578,-1.1165942217309277,1.7971274886192607,3.99080796040385,0,,,,,,,
1759299457.0456045,0,leader,auto,0.4909527003765106,0.912855327129364,-0.06370598822832108,1.3500000000000005,1.0,0.0,0.8590472996234899,0.08714467287063599,0.06370598822832108,0,0,0,0,1.0,0.1611190918083502,-0.08121796804312098,-0.05912228332728714,0.4103931544723355,0.9534643111509244,-0.034144846564677506
1759299457.1461248,1,follower,auto,1.314854621887207,0.9554086327552795,1.0151028633117676,1.3500000000000005,1.0,1.0,0.0351453781127935,0.04459136724472046,-0.015102863311767578,0,0,0,0,0.01,0.08935520107072681,-0.07312711101681257,-0.008329628741581274,1.2701770213518437,0.9919721882636858,1.0192676776825582
1759299457.1469138,0,follower,auto,0.487358033657074,0.9097908735275269,-0.061371929943561554,1.3500000000000005,1.0,0.0,0.8626419663429266,0.09020912647247314,0.061371929943561554,0,0,0,0,,,,,,,
1759299457.2473662,1,follower,auto,1.2990974187850952,0.9442925453186035,1.0126526355743408,1.3500000000000005,1.0,1.0,0.05090258121490532,0.055707454681396484,-0.01265263557434082,-1.1002601751058996,3.8584652866024296,5.011326435200242,0,,,,,,,
1759299457.3785608,0,leader,auto,0.487358033657074,0.9097908735275269,-0.061371929943561554,1.3500000000000005,1.0,0.0,0.8626419663429266,0.09020912647247314,0.061371929943561554,0,0,0,0,1.0,0.1597151301475983,-0.08121847035993035,-0.05801249444469917,0.4075004685832748,0.950400108707492,-0.03236568272121197
1759299457.478867,1,follower,auto,1.2990974187850952,0.9442925453186035,1.0126526355743408,1.3500000000000005,1.0,1.0,0.05090258121490532,0.055707454681396484,-0.01265263557434082,0,0,0,0,0.01,0.06720517169211959,-0.07252661893854917,-0.009735350997170267,1.2654948329390354,0.9805558547878781,1.0175203110729258
1759299457.5794957,0,follower,auto,0.48590806126594543,0.9073560237884521,-0.05566702410578728,1.3500000000000005,1.0,0.0,0.8640919387340551,0.09264397621154785,0.05566702410578728,0,0,0,0,,,,,,,
1759299457.680061,1,follower,auto,1.284796118736267,0.9355700612068176,1.0115306377410889,1.3500000000000005,1.0,1.0,0.06520388126373344,0.06442993879318237,-0.011530637741088867,-1.09285109991937,4.884555683287934,6.013237060008009,0,,,,,,,
1759299457.8817205,0,leader,auto,0.48590806126594543,0.9073560237884521,-0.05566702410578728,1.3500000000000005,1.0,0.0,0.8640919387340551,0.09264397621154785,0.05566702410578728,0,0,0,0,1.0,0.16216496539184044,-0.08082680242124174,-0.05453640754676484,0.4048255785700252,0.947769424999073,-0.028398820332404855
1759299457.9821494,1,follower,auto,1.284796118736267,0.9355700612068176,1.0115306377410889,1.3500000000000005,1.0,1.0,0.06520388126373344,0.06442993879318237,-0.011530637741088867,0,0,0,0,0.0102,0.056870547085447365,-0.06927243570986352,-0.008591533402084073,1.2563608451935435,0.9702062790617494,1.015826404442131
1759299457.9832234,0,follower,auto,0.48436427116394043,0.9022922515869141,-0.04035738483071327,1.3500000000000005,1.0,0.0,0.8656357288360601,0.09770774841308594,0.04035738483071327,0,0,0,0,,,,,,,
1759299458.0838325,1,follower,auto,1.2605386972427368,0.9282429814338684,1.0179476737976074,1.3500000000000005,1.0,1.0,0.08946130275726372,0.07175701856613159,-0.017947673797607422,-1.1120255215245756,6.962485862002658,7.008515075116622,0,,,,,,,
1759299458.1894877,0,leader,auto,0.48436427116394043,0.9022922515869141,-0.04035738483071327,1.3500000000000005,1.0,0.0,0.8656357288360601,0.09770774841308594,0.04035738483071327,0,0,0,0,1.0,0.16424194116828905,-0.08350392022941144,-0.04347359191751855,0.4022433005797959,0.9440442117016198,-0.018620588871954
1759299458.2897818,1,follower,auto,1.2605386972427368,0.9282429814338684,1.0179476737976074,1.3500000000000005,1.0,1.0,0.08946130275726372,0.07175701856613159,-0.017947673797607422,0,0,0,0,0.0102,0.041546488581094776,-0.06602143812893946,7.410395261198133e-06,1.2397654529521893,0.9612537004983381,1.017943968599977
1759299458.2905061,0,follower,auto,0.4836386442184448,0.902087926864624,-0.037373948842287064,1.3500000000000005,1.0,0.0,0.8663613557815557,0.09791207313537598,0.037373948842287064,0,0,0,0,,,,,,,
1759299458.390867,1,follower,auto,1.2494887113571167,0.9357567429542542,1.0260109901428223,1.3500000000000005,1.0,1.0,0.10051128864288383,0.06424325704574585,-0.026010990142822266,-2.136313717202195,8.935659090347853,5.932171328446051,0,,,,,,,
1759299458.617573,0,leader,auto,0.4836386442184448,0.902087926864624,-0.037373948842287064,1.3500000000000005,1.0,0.0,0.8663613557815557,0.09791207313537598,0.037373948842287064,0,0,0,0,1.0,0.16699254368381555,-0.08016171786648207,-0.05056028856410116,0.40014237237653705,0.9421687857978651,-0.012093804560236485
1759299458.7179601,1,follower,auto,1.2494887113571167,0.9357567429542542,1.0260109901428223,1.3500000000000005,1.0,1.0,0.10051128864288383,0.06424325704574585,-0.026010990142822266,0,0,0,0,0.0102,0.04779385418780224,-0.04965669086069813,0.006230983703129578,1.2255917842632156,0.9605850883846032,1.0228954982912575
1759299458.718658,0,follower,auto,0.4854073226451874,0.9019637107849121,-0.03839101269841194,1.3500000000000005,1.0,0.0,0.8645926773548132,0.09803628921508789,0.03839101269841194,0,0,0,0,,,,,,,
1759299458.8191512,1,follower,auto,1.2353243827819824,0.9505537748336792,1.0374257564544678,1.3500000000000005,1.0,1.0,0.11467561721801811,0.0494462251663208,-0.03742575645446777,-3.1740380648555897,9.95994484712713,3.859769735807413,0,,,,,,,
1759299458.9892921,0,leader,auto,0.4854073226451874,0.9019637107849121,-0.03839101269841194,1.3500000000000005,1.0,0.0,0.8645926773548132,0.09803628921508789,0.03839101269841194,0,0,0,0,1.0,0.17168733672172154,-0.07867127125105222,-0.057980329234825684,0.3995636542843266,0.9412993464104382,-0.009400848080999096
1759299459.0898314,1,follower,auto,1.2353243827819824,0.9505537748336792,1.0374257564544678,1.3500000000000005,1.0,1.0,0.11467561721801811,0.0494462251663208,-0.03742575645446777,0,0,0,0,0.0102,0.048842262719533514,-0.034432672428132194,0.01307252416021698,1.2109032514222156,0.9677701110477452,1.0308894943743594
1759299459.0909417,0,follower,auto,0.4902575612068176,0.900203287601471,-0.04210147261619568,1.3500000000000005,1.0,0.0,0.8597424387931829,0.09979671239852905,0.04210147261619568,0,0,0,0,,,,,,,
1759299459.1916413,1,follower,auto,1.2250282764434814,0.9623122811317444,1.04493248462677,1.3500000000000005,1.0,1.0,0.12497172355651909,0.037687718868255615,-0.04493248462677002,-4.180173067525999,10.966533704966405,2.837247232816885,0,,,,,,,
1759299459.32875,0,leader,auto,0.4902575612068176,0.900203287601471,-0.04210147261619568,1.3500000000000005,1.0,0.0,0.8597424387931829,0.09979671239852905,0.04210147261619568,0,0,0,0,1.0,0.17782410995751924,-0.07986447907146454,-0.064086165715917,0.401345506228058,0.9401355271372032,-0.010058389758237179
1759299459.4291742,1,follower,auto,1.2250282764434814,0.9623122811317444,1.04493248462677,1.3500000000000005,1.0,1.0,0.12497172355651909,0.037687718868255615,-0.04493248462677002,0,0,0,0,0.0102,0.05450361886582611,-0.02996331441645761,0.013051952661625732,1.1977764670105684,0.9772939383399732,1.038406508295957
1759299459.4297235,0,follower,auto,0.49515029788017273,0.9002746939659119,-0.04676177352666855,1.3500000000000005,1.0,0.0,0.8548497021198278,0.09972530603408813,0.04676177352666855,0,0,0,0,,,,,,,
1759299459.5300648,1,follower,auto,1.2227553129196167,0.9602277874946594,1.051254391670227,1.3500000000000005,1.0,1.0,0.12724468708038383,0.039772212505340576,-0.05125439167022705,-5.188462896876328,10.938745857587486,2.897948449916324,0,,,,,,,
1759299459.6945875,0,leader,auto,0.49515029788017273,0.9002746939659119,-0.04676177352666855,1.3500000000000005,1.0,0.0,0.8548497021198278,0.09972530603408813,0.04676177352666855,0,0,0,0,1.0,0.18148939193820496,-0.07890801613341525,-0.0678978536310862,0.4044056019110702,0.9397287020326195,-0.012812846711125446
1759299459.794881,1,follower,auto,1.2227553129196167,0.9602277874946594,1.051254391670227,1.3500000000000005,1.0,1.0,0.12724468708038383,0.039772212505340576,-0.05125439167022705,0,0,0,0,0.0102,0.06673648270820443,-0.04153186429356337,0.01257559023382604,1.1893870715655144,0.9809937196414411,1.044966596553314
1759299459.7957218,0,follower,auto,0.49774593114852905,0.9027642011642456,-0.04812948405742645,1.3500000000000005,1.0,0.0,0.8522540688514715,0.0972357988357544,0.04812948405742645,0,0,0,0,,,,,,,
1759299459.896396,1,follower,auto,1.224020004272461,0.9390002489089966,1.058231234550476,1.3500000000000005,1.0,1.0,0.1259799957275396,0.06099975109100342,-0.058231234550476074,-5.201275412733195,10.914323200676153,6.031165017505491,0,,,,,,,
1759299460.0522404,0,leader,auto,0.49774593114852905,0.9027642011642456,-0.04812948405742645,1.3500000000000005,1.0,0.0,0.8522540688514715,0.0972357988357544,0.04812948405742645,0,0,0,0,1.0,0.18148769472509396,-0.07631201600170501,-0.06623134377334339,0.40700208378598207,0.9409202091650981,-0.015013812170754755
1759299460.152626,1,follower,auto,1.224020004272461,0.9390002489089966,1.058231234550476,1.3500000000000005,1.0,1.0,0.1259799957275396,0.06099975109100342,-0.058231234550476074,0,0,0,0,0.0102,0.0774568439027945,-0.06614537468583404,0.01397507082509164,1.1852915823210637,0.9720729362519136,1.0512436991379301
1759299460.153156,0,follower,auto,0.49940603971481323,0.9031908512115479,-0.04617493227124214,1.3500000000000005,1.0,0.0,0.8505939602851873,0.09680914878845215,0.04617493227124214,0,0,0,0,,,,,,,
1759299460.2538412,1,follower,auto,1.2330137491226196,0.9026838541030884,1.0639121532440186,1.3500000000000005,1.0,1.0,0.1169862508773809,0.09731614589691162,-0.06391215324401855,-6.201510787232172,9.862935000626239,9.178945080584288,0,,,,,,,
1759299460.3593845,0,leader,auto,0.49940603971481323,0.9031908512115479,-0.04617493227124214,1.3500000000000005,1.0,0.0,0.8505939602851873,0.09680914878845215,0.04617493227124214,0,0,0,0,1.0,0.1810141290483389,-0.07743021227152547,-0.061838142351696206,0.4088989751906438,0.9419059573473105,-0.015255861095394039
1759299460.4600167,1,follower,auto,1.2330137491226196,0.9026838541030884,1.0639121532440186,1.3500000000000005,1.0,1.0,0.1169862508773809,0.09731614589691162,-0.06391215324401855,0,0,0,0,0.0102,0.09133823770000293,-0.09339514298944529,0.01432982901657387,1.187344630272618,0.949381425597811,1.0567472387357317
1759299460.460981,0,follower,auto,0.5002923607826233,0.9021362662315369,-0.04416252672672272,1.3500000000000005,1.0,0.0,0.8497076392173772,0.09786373376846313,0.04416252672672272,0,0,0,0,,,,,,,
1759299460.5617187,1,follower,auto,1.2445447444915771,0.8575031757354736,1.0681005716323853,1.3500000000000005,1.0,1.0,0.10545525550842338,0.14249682426452637,-0.06810057163238525,-6.196900052457586,8.824195213308332,14.310163860364558,0,,,,,,,
1759299460.8363526,0,leader,auto,0.5002923607826233,0.9021362662315369,-0.04416252672672272,1.3500000000000005,1.0,0.0,0.8497076392173772,0.09786373376846313,0.04416252672672272,0,0,0,0,1.0,0.18047820548527882,-0.07978341734053018,-0.05945292894614444,0.4100532580399839,0.9420279749018019,-0.0144360622536505
1759299460.9372826,1,follower,auto,1.2445447444915771,0.8575031757354736,1.0681005716323853,1.3500000000000005,1.0,1.0,0.10545525550842338,0.14249682426452637,-0.06810057163238525,0,0,0,0,0.0102,0.10099846292506265,-0.11584416839836742,0.014206839778532654,1.194045513029046,0.9154252599346573,1.060997151743119
1759299460.9381232,0,follower,auto,0.5029525756835938,0.9023507237434387,-0.045048873871564865,1.3500000000000005,1.0,0.0,0.8470474243164068,0.09764927625656128,0.045048873871564865,0,0,0,0,,,,,,,
1759299461.0388029,1,follower,auto,1.2645362615585327,0.8131722807884216,1.075638771057129,1.3500000000000005,1.0,1.0,0.08546373844146782,0.18682771921157837,-0.0756387710571289,-7.221243526452641,6.755832236167907,18.392921690596282,0,,,,,,,
1759299461.1750715,0,leader,auto,0.5029525756835938,0.9023507237434387,-0.045048873871564865,1.3500000000000005,1.0,0.0,0.8470474243164068,0.09764927625656128,0.045048873871564865,0,0,0,0,1.0,0.1824721823997772,-0.07993040705614496,-0.06108741093473877,0.4117164844837051,0.9423159272715111,-0.014505168404195478
1759299461.275777,1,follower,auto,1.2645362615585327,0.8131722807884216,1.075638771057129,1.3500000000000005,1.0,1.0,0.08546373844146782,0.18682771921157837,-0.0756387710571289,0,0,0,0,0.0102,0.11397018446579077,-0.12690033443739768,0.018689180214540135,1.2075511693256373,0.8766224480071205,1.0662941809498587
1759299461.2775526,0,follower,auto,0.5050300359725952,0.9040480256080627,-0.04654589295387268,1.3500000000000005,1.0,0.0,0.8449699640274053,0.09595197439193726,0.04654589295387268,0,0,0,0,,,,,,,
1759299461.3781097,1,follower,auto,1.2754054069519043,0.8032856583595276,1.0772920846939087,1.3500000000000005,1.0,1.0,0.07459459304809624,0.1967143416404724,-0.07729208469390869,-7.204764501464028,5.76824886237297,19.270413572923285,0,,,,,,,
1759299461.580042,0,leader,auto,0.5050300359725952,0.9040480256080627,-0.04654589295387268,1.3500000000000005,1.0,0.0,0.8449699640274053,0.09595197439193726,0.04654589295387268,0,0,0,0,1.0,0.18332461168506298,-0.07873935604297322,-0.06240859529361676,0.4133677301300637,0.9434177036295494,-0.0153415953070643
1759299461.6803613,1,follower,auto,1.2754054069519043,0.8032856583595276,1.0772920846939087,1.3500000000000005,1.0,1.0,0.07459459304809624,0.1967143416404724,-0.07729208469390869,0,0,0,0,0.01,0.11017337700996821,-0.09940986700046905,0.01638354602082992,1.2203187184469202,0.8529905918597621,1.0691003116834938
1759299461.6811185,0,follower,auto,0.5058578848838806,0.9027205109596252,-0.04681037366390228,1.3500000000000005,1.0,0.0,0.8441421151161199,0.09727948904037476,0.04681037366390228,0,0,0,0,,,,,,,
1759299461.7816455,1,follower,auto,1.2853469848632812,0.8026688694953918,1.0747243165969849,1.3500000000000005,1.0,1.0,0.06465301513671928,0.19733113050460815,-0.07472431659698486,-7.177219669881957,4.766155298455696,19.188448982040864,0,,,,,,,
1759299461.8891017,0,leader,auto,0.5058578848838806,0.9027205109596252,-0.04681037366390228,1.3500000000000005,1.0,0.0,0.8441421151161199,0.09727948904037476,0.04681037366390228,0,0,0,0,1.0,0.1829180996578632,-0.08141059526597505,-0.06169950498018206,0.414398835054949,0.9434258085926128,-0.015960621173811248
1759299461.9895346,1,follower,auto,1.2853469848632812,0.8026688694953918,1.0747243165969849,1.3500000000000005,1.0,1.0,0.06465301513671928,0.19733113050460815,-0.07472431659698486,0,0,0,0,0.01,0.1060351335904064,-0.07872715643546546,0.012401249665116243,1.232329418068078,0.8420324477131246,1.0685236917644267
1759299461.9908886,0,follower,auto,0.5032511353492737,0.900442898273468,-0.045894648879766464,1.3500000000000005,1.0,0.0,0.8467488646507269,0.09955710172653198,0.045894648879766464,0,0,0,0,,,,,,,
1759299462.0919034,1,follower,auto,1.289915919303894,0.8123385906219482,1.0729711055755615,1.3500000000000005,1.0,1.0,0.06008408069610649,0.18766140937805176,-0.07297110557556152,-7.169410435740202,4.781429983944935,18.103055088699097,0,,,,,,,
1759299462.1960256,0,leader,auto,0.5032511353492737,0.900442898273468,-0.045894648879766464,1.3500000000000005,1.0,0.0,0.8467488646507269,0.09955710172653198,0.045894648879766464,0,0,0,0,1.0,0.17970729270692443,-0.0838743879599737,-0.060043609374426224,0.41339748899581147,0.9423800922534549,-0.01587284419255335
1759299462.296493,1,follower,auto,1.289915919303894,0.8123385906219482,1.0729711055755615,1.3500000000000005,1.0,1.0,0.06008408069610649,0.18766140937805176,-0.07297110557556152,0,0,0,0,0.011108996538242306,0.09713402889471512,-0.06092822449689517,0.012708932238602477,1.2413489048565365,0.8428027028703958,1.0666166394562602
1759299462.297499,0,follower,auto,0.5000072121620178,0.9008927941322327,-0.04709527641534805,1.3500000000000005,1.0,0.0,0.8499927878379827,0.09910720586776733,0.04709527641534805,0,0,0,0,,,,,,,
1759299462.397965,1,follower,auto,1.2903549671173096,0.8251768946647644,1.0708130598068237,1.3500000000000005,1.0,1.0,0.05964503288269096,0.1748231053352356,-0.07081305980682373,-7.165132253321722,3.801062514713777,17.05092256038792,0,,,,,,,
1759299462.503059,0,leader,auto,0.5000072121620178,0.9008927941322327,-0.04709527641534805,1.3500000000000005,1.0,0.0,0.8499927878379827,0.09910720586776733,0.04709527641534805,0,0,0,0,1.0,0.17797203326113298,-0.08250152622859586,-0.06124976695203756,0.41102119553145133,0.9421435572465306,-0.016470392939329278
1759299462.603804,1,follower,auto,1.2903549671173096,0.8251768946647644,1.0708130598068237,1.3500000000000005,1.0,1.0,0.05964503288269096,0.1748231053352356,-0.07081305980682373,0,0,0,0,0.013123728736940968,0.0873205966932904,-0.05186273377110262,0.013932568081001184,1.2466946687706644,0.8511082615503157,1.063846775766323
1759299462.6049395,0,follower,auto,0.4993830919265747,0.9028992652893066,-0.04891333356499672,1.3500000000000005,1.0,0.0,0.8506169080734258,0.09710073471069336,0.04891333356499672,0,0,0,0,,,,,,,
1759299462.7057352,1,follower,auto,1.2869333028793335,0.8379449248313904,1.0701757669448853,1.3500000000000005,1.0,1.0,0.06306669712066704,0.16205507516860962,-0.07017576694488525,-7.172437945441221,4.8290209175143755,16.02501039734306,0,,,,,,,
1759299462.809323,0,leader,auto,0.4993830919265747,0.9028992652893066,-0.04891333356499672,1.3500000000000005,1.0,0.0,0.8506169080734258,0.09710073471069336,0.04891333356499672,0,0,0,0,1.0,0.18027490565852167,-0.08041791084020478,-0.06235928805726855,0.4092456390973139,0.943108220709409,-0.01773368953636244
1759299462.9098291,1,follower,auto,1.2869333028793335,0.8379449248313904,1.0701757669448853,1.3500000000000005,1.0,1.0,0.06306669712066704,0.16205507516860962,-0.07017576694488525,0,0,0,0,0.0158139306709895,0.07732041925253275,-0.050366424580215896,0.017508107770305426,1.2482730932530672,0.8631281371214983,1.0614217130597325
1759299462.9120665,0,follower,auto,0.5017005801200867,0.908435046672821,-0.04921508952975273,1.3500000000000005,1.0,0.0,0.8482994198799139,0.09156495332717896,0.04921508952975273,0,0,0,0,,,,,,,
1759299463.013563,1,follower,auto,1.2834371328353882,0.8489147424697876,1.0688848495483398,1.3500000000000005,1.0,1.0,0.06656286716461235,0.1510852575302124,-0.06888484954833984,-6.169869343954567,4.845182955294672,15.021480888220138,0,,,,,,,
1759299463.12262,0,leader,auto,0.5017005801200867,0.908435046672821,-0.04921508952975273,1.3500000000000005,1.0,0.0,0.8482994198799139,0.09156495332717896,0.04921508952975273,0,0,0,0,1.0,0.18486107764470805,-0.07605997719426372,-0.06126064497128079,0.40927004129773265,0.9464650352699528,-0.018584767044112337
1759299463.22307,1,follower,auto,1.2834371328353882,0.8489147424697876,1.0688848495483398,1.3500000000000005,1.0,1.0,0.06656286716461235,0.1510852575302124,-0.06888484954833984,0,0,0,0,0.018681951666508864,0.07152006947424971,-0.0541635744978316,0.019997659872453166,1.2476770980982632,0.8759965297187033,1.0588860196121133
1759299463.2242334,0,follower,auto,0.5049058198928833,0.9141280055046082,-0.05056975409388542,1.3500000000000005,1.0,0.0,0.8450941801071172,0.08587199449539185,0.05056975409388542,0,0,0,0,,,,,,,
1759299463.3251393,1,follower,auto,1.2833540439605713,0.8625723719596863,1.0734457969665527,1.3500000000000005,1.0,1.0,0.06664595603942924,0.13742762804031372,-0.07344579696655273,-7.20299513634838,4.838012972482987,12.999631536034485,0,,,,,,,
1759299463.4961646,0,leader,auto,0.5049058198928833,0.9141280055046082,-0.05056975409388542,1.3500000000000005,1.0,0.0,0.8450941801071172,0.08587199449539185,0.05056975409388542,0,0,0,0,1.0,0.18842038827596824,-0.07404359778564651,-0.06165298662480781,0.41069562575489915,0.9511498043974314,-0.019743260781481514
1759299463.5965078,1,follower,auto,1.2833540439605713,0.8625723719596863,1.0734457969665527,1.3500000000000005,1.0,1.0,0.06664595603942924,0.13742762804031372,-0.07344579696655273,0,0,0,0,0.022070118133882953,0.07145626975620445,-0.05577561846474732,0.028136826577462637,1.247625909082469,0.8904601811920599,1.0593773836778215
1759299463.5975435,0,follower,auto,0.5083085894584656,0.9202025532722473,-0.05229905992746353,1.3500000000000005,1.0,0.0,0.841691410541535,0.07979744672775269,0.05229905992746353,0,0,0,0,,,,,,,
1759299463.6980925,1,follower,auto,1.2837897539138794,0.876346230506897,1.0815293788909912,1.3500000000000005,1.0,1.0,0.06621024608612114,0.12365376949310303,-0.08152937889099121,-8.239785245237641,4.8366538640883405,11.984623703964871,0,,,,,,,
1759299463.8332417,0,leader,auto,0.5083085894584656,0.9202025532722473,-0.05229905992746353,1.3500000000000005,1.0,0.0,0.841691410541535,0.07979744672775269,0.05229905992746353,0,0,0,0,1.0,0.19068706367748478,-0.07277549355345958,-0.06235569725811814,0.4129650576197232,0.956590300048977,-0.02112121129840446
1759299463.9335938,1,follower,auto,1.2837897539138794,0.876346230506897,1.0815293788909912,1.3500000000000005,1.0,1.0,0.06621024608612114,0.12365376949310303,-0.08152937889099121,0,0,0,0,0.02607276387063755,0.07136626522452216,-0.0583209288132831,0.03682637255584331,1.2481066213016183,0.9055066949135385,1.0631161926130694
1759299463.9346392,0,follower,auto,0.5143710970878601,0.9279764294624329,-0.05502995103597641,1.3500000000000005,1.0,0.0,0.8356289029121404,0.07202357053756714,0.05502995103597641,0,0,0,0,,,,,,,
1759299464.035261,1,follower,auto,1.2838585376739502,0.8923161029815674,1.0869312286376953,1.3500000000000005,1.0,1.0,0.06614146232605034,0.10768389701843262,-0.08693122863769531,-8.247342314549652,4.845442630560006,9.962068791272737,0,,,,,,,
1759299464.1850123,0,leader,auto,0.5143710970878601,0.9279764294624329,-0.05502995103597641,1.3500000000000005,1.0,0.0,0.8356289029121404,0.07202357053756714,0.05502995103597641,0,0,0,0,0.7165313105737893,0.1947129628501182,-0.0703475305943485,-0.06382726206525947,0.417014615662801,0.9631501947596071,-0.023116320003346673
1759299464.2854948,1,follower,auto,1.2838585376739502,0.8923161029815674,1.0869312286376953,1.3500000000000005,1.0,1.0,0.06614146232605034,0.10768389701843262,-0.08693122863769531,0,0,0,0,0.030801331090764873,0.07037934360085285,-0.05893570276575044,0.03962870036471289,1.2486688658735239,0.9217839543644426,1.0671168784553389
1759299464.285919,0,follower,auto,0.5212901830673218,0.9380414485931396,-0.059686802327632904,1.3500000000000005,1.0,0.0,0.8287098169326788,0.06195855140686035,0.059686802327632904,0,0,0,0,,,,,,,
1759299464.386444,1,follower,auto,1.2796592712402344,0.9050889015197754,1.0817941427230835,1.3500000000000005,1.0,1.0,0.07034072875976616,0.09491109848022461,-0.0817941427230835,-8.200965820246449,5.87998542419398,8.968356557215005,0,,,,,,,
1759299464.4913461,0,leader,auto,0.5212901830673218,0.9380414485931396,-0.059686802327632904,1.3500000000000005,1.0,0.0,0.8287098169326788,0.06195855140686035,0.059686802327632904,0,0,0,0,0.513417119032592,0.19771466671524907,-0.06680955802880373,-0.06657512527311807,0.42243284970969724,0.9714462276075415,-0.026399239691073873
1759299464.5917258,1,follower,auto,1.2796592712402344,0.9050889015197754,1.0817941427230835,1.3500000000000005,1.0,1.0,0.07034072875976616,0.09491109848022461,-0.0817941427230835,0,0,0,0,0.03638747321419744,0.06506970966285008,-0.06345728830712094,0.031562046677351185,1.2471244164088093,0.9368175456733359,1.066013119384408
1759299464.5925717,0,follower,auto,0.5238404273986816,0.9455047249794006,-0.06322726607322693,1.3500000000000005,1.0,0.0,0.8261595726013189,0.054495275020599365,0.06322726607322693,0,0,0,0,,,,,,,
1759299464.6930242,1,follower,auto,1.2726290225982666,0.9154542088508606,1.0750104188919067,1.3500000000000005,1.0,1.0,0.07737097740173393,0.0845457911491394,-0.07501041889190674,-7.17548820815787,5.911605868432892,7.97721980438374,0,,,,,,,
1759299464.8291502,0,leader,auto,0.5238404273986816,0.9455047249794006,-0.06322726607322693,1.3500000000000005,1.0,0.0,0.8261595726013189,0.054495275020599365,0.06322726607322693,0,0,0,0,0.36787944117144233,0.19490381033183146,-0.06744591388706356,-0.06685230626652665,0.4263885222327659,0.9792276819229324,-0.029801112939963608
1759299464.929453,1,follower,auto,1.2726290225982666,0.9154542088508606,1.0750104188919067,1.3500000000000005,1.0,1.0,0.07737097740173393,0.0845457911491394,-0.07501041889190674,0,0,0,0,0.04298672037946193,0.05942716410007409,-0.06878122921655472,0.02714327220523316,1.2429154405482294,0.9498448234591379,1.0614387827892902
1759299464.9298987,0,follower,auto,0.525543749332428,0.9504456520080566,-0.061737969517707825,1.3500000000000005,1.0,0.0,0.8244562506675726,0.04955434799194336,0.061737969517707825,0,0,0,0,,,,,,,
1759299465.1304038,1,follower,auto,1.2625033855438232,0.928225040435791,1.0665773153305054,1.3500000000000005,1.0,1.0,0.08749661445617729,0.07177495956420898,-0.06657731533050537,-6.147493396527485,6.94752484968125,6.959336633758969,0,,,,,,,
1759299465.2353306,0,leader,auto,0.525543749332428,0.9504456520080566,-0.061737969517707825,1.3500000000000005,1.0,0.0,0.8244562506675726,0.04955434799194336,0.061737969517707825,0,0,0,0,0.26359713811572677,0.19277886448421339,-0.06982704660860595,-0.062222173338142145,0.42915431709032126,0.9853591753123596,-0.03062688284863675
1759299465.3356946,1,follower,auto,1.2625033855438232,0.928225040435791,1.0665773153305054,1.3500000000000005,1.0,1.0,0.08749661445617729,0.07177495956420898,-0.06657731533050537,0,0,0,0,0.05078280973522122,0.05350272527081712,-0.06931244963810834,0.024399795485858133,1.2357520229084147,0.9628812652548452,1.0543774175875762
1759299465.3361478,0,follower,auto,0.5301825404167175,0.9501591920852661,-0.05877165123820305,1.3500000000000005,1.0,0.0,0.819817459583283,0.04984080791473389,0.05877165123820305,0,0,0,0,,,,,,,
1759299465.4366164,1,follower,auto,1.2527594566345215,0.939201295375824,1.0581183433532715,1.3500000000000005,1.0,1.0,0.09724054336547905,0.060798704624176025,-0.058118343353271484,-5.126313450359379,7.972948418291864,5.948138289236196,0,,,,,,,
1759299465.544529,0,follower,auto,0.5301825404167175,0.9501591920852661,-0.05877165123820305,1.3500000000000005,1.0,0.0,0.819817459583283,0.04984080791473389,0.05877165123820305,0,0,0,0,0.18887560283756183,0.19483238909884226,-0.07548220972054831,-0.05879773690719314,0.4327663458672964,0.9879002969455403,-0.02937278278460648
1759299465.6449692,1,leader,auto,1.2527594566345215,0.939201295375824,1.0581183433532715,1.3500000000000005,1.0,0.0,0.09724054336547905,0.060798704624176025,-1.0581183433532715,0,0,0,0,0.05999280107527848,0.05132152708198001,-0.07137965941126967,0.023929067172323792,1.2270986930935315,0.9748911250814588,1.0461538097671097
1759299465.645922,0,follower,auto,0.533807098865509,0.9464573860168457,-0.05634104460477829,1.3500000000000005,1.0,1.0,0.8161929011344915,0.0535426139831543,1.0563410446047783,0,0,0,0,,,,,,,
1759299465.7464545,1,follower,auto,1.2494006156921387,0.939582884311676,1.055429458618164,1.3500000000000005,1.0,0.0,0.10059938430786186,0.060417115688323975,-1.055429458618164,-20,8.957760994503634,5.988219512278786,0,,,,,,,
1759299465.8481803,0,follower,auto,0.533807098865509,0.9464573860168457,-0.05634104460477829,1.3500000000000005,1.0,1.0,0.8161929011344915,0.0535426139831543,1.0563410446047783,0,0,0,0,0.1353352832366127,0.19497410904318757,-0.08083163935907245,-0.05781703238655646,0.43632004434391525,0.9868732056963819,-0.027432528411500064
1759299465.948551,1,leader,auto,1.2494006156921387,0.939582884311676,1.055429458618164,1.3500000000000005,1.0,0.0,0.10059938430786186,0.060417115688323975,-1.055429458618164,0,0,0,0,0.07087312024725757,0.057326214882003734,-0.08271047338905868,0.03014714194096446,1.220737508251137,0.9809381210062054,1.040355887647682
1759299465.9489758,0,follower,auto,0.5357217788696289,0.9415306448936462,-0.05352431908249855,1.3500000000000005,1.0,1.0,0.8142782211303716,0.05846935510635376,1.0535243190824986,0,0,0,0,,,,,,,
1759299466.0493288,1,follower,auto,1.2524164915084839,0.9333884716033936,1.0546725988388062,1.3500000000000005,1.0,0.0,0.09758350849151665,0.06661152839660645,-1.0546725988388062,-20,7.921636633536141,6.0316021212264745,0,,,,,,,
1759299466.2028933,0,follower,auto,0.5357217788696289,0.9415306448936462,-0.05352431908249855,1.3500000000000005,1.0,1.0,0.8142782211303716,0.05846935510635376,1.0535243190824986,0,0,0,0,0.09697196786440505,0.19346073784460893,-0.08396110712473015,-0.06049513542771921,0.43899140994732444,0.9835111984560113,-0.02327675136863894
1759299466.3034468,1,leader,auto,1.2524164915084839,0.9333884716033936,1.0546725988388062,1.3500000000000005,1.0,0.0,0.09758350849151665,0.06661152839660645,-1.0546725988388062,0,0,0,0,0.08372669859637678,0.06750956041731926,-0.09438117506543087,0.03943452573251016,1.2186617112998244,0.980579059136109,1.0349553359725512
1759299466.3045893,0,follower,auto,0.538251519203186,0.9370630979537964,-0.050790879875421524,1.3500000000000005,1.0,1.0,0.8117484807968145,0.06293690204620361,1.0507908798754215,0,0,0,0,,,,,,,
1759299466.4053545,1,follower,auto,1.2657904624938965,0.9197836518287659,1.0458893775939941,1.3500000000000005,1.0,0.0,0.08420953750610405,0.08021634817123413,-1.0458893775939941,-20,6.851524517673528,8.088876070628311,0,,,,,,,
1759299466.532009,0,follower,auto,0.538251519203186,0.9370630979537964,-0.050790879875421524,1.3500000000000005,1.0,1.0,0.8117484807968145,0.06293690204620361,1.0507908798754215,0,0,0,0,0.06948345122280154,0.1934825941286416,-0.08422069495340634,-0.06540509487781034,0.44151022213886526,0.9791734454304996,-0.01808833243651636
1759299466.6323261,1,leader,auto,1.2657904624938965,0.9197836518287659,1.0458893775939941,1.3500000000000005,1.0,0.0,0.08420953750610405,0.08021634817123413,-1.0458893775939941,0,0,0,0,0.09891140722169316,0.0832519985019955,-0.10677530412363301,0.04006599301951619,1.2241644632428987,0.9731713038905824,1.025856381084236
1759299466.6327817,0,follower,auto,0.536749005317688,0.9355300664901733,-0.046322111040353775,1.3500000000000005,1.0,1.0,0.8132509946823125,0.06446993350982666,1.0463221110403538,0,0,0,0,,,,,,,
1759299466.7330992,1,follower,auto,1.2822656631469727,0.9147171974182129,1.0221372842788696,1.3500000000000005,1.0,0.0,0.06773433685302788,0.08528280258178711,-1.0221372842788696,-20,4.795379050296031,8.071385482564493,0,,,,,,,
1759299466.8951406,0,follower,auto,0.536749005317688,0.9355300664901733,-0.046322111040353775,1.3500000000000005,1.0,1.0,0.8132509946823125,0.06446993350982666,1.0463221110403538,0,0,0,0,0.049787068367863944,0.1896242031983867,-0.08081050588636218,-0.0694896176029199,0.44193690371849464,0.9759353194333544,-0.011577302238893823
1759299466.9955015,1,leader,auto,1.2822656631469727,0.9147171974182129,1.0221372842788696,1.3500000000000005,1.0,0.0,0.06773433685302788,0.08528280258178711,-1.0221372842788696,0,0,0,0,0.11685002087254148,0.09385602837886586,-0.10378683970322555,0.029411204767218924,1.2353376489575396,0.9666106172698257,1.0074316818952602
1759299466.9960349,0,follower,auto,0.5280713438987732,0.9339105486869812,-0.04179393872618675,1.3500000000000005,1.0,1.0,0.8219286561012273,0.0660894513130188,1.0417939387261868,0,0,0,0,,,,,,,
1759299467.0963614,1,follower,auto,1.2988486289978027,0.9132375717163086,0.9822492003440857,1.3500000000000005,1.0,0.0,0.0511513710021978,0.0867624282836914,-0.9822492003440857,-20,3.748281826889957,8.049273747090973,0,,,,,,,
1759299467.212814,0,follower,auto,0.5280713438987732,0.9339105486869812,-0.04179393872618675,1.3500000000000005,1.0,1.0,0.8219286561012273,0.0660894513130188,1.0417939387261868,0,0,0,0,0.05881647164242988,0.18077925511988285,-0.07866739880067786,-0.07473523504630242,0.4376817163388318,0.9732442480873201,-0.004426321203035544
1759299467.3132808,1,leader,auto,1.2988486289978027,0.9132375717163086,0.9822492003440857,1.3500000000000005,1.0,0.0,0.0511513710021978,0.0867624282836914,-0.9822492003440857,0,0,0,0,0.13804198890134495,0.09811825256815743,-0.09812895416243372,0.012212539902230368,1.249789502713724,0.9623020487975255,0.9761429303929705
1759299467.3137639,0,follower,auto,0.5188408493995667,0.9324432015419006,-0.042462531477212906,1.3500000000000005,1.0,1.0,0.8311591506004339,0.06755679845809937,1.042462531477213,0,0,0,0,,,,,,,
1759299467.414203,1,follower,auto,1.3088444471359253,0.9146560430526733,0.9330122470855713,1.3500000000000005,1.0,0.0,0.04115555286407524,0.08534395694732666,-0.9330122470855713,-20,2.7443464935768977,8.026202442611599,0,,,,,,,
1759299467.52736,0,follower,auto,0.5188408493995667,0.9324432015419006,-0.042462531477212906,1.3500000000000005,1.0,1.0,0.8311591506004339,0.06755679845809937,1.042462531477213,0,0,0,0,0.06948345122280154,0.1762844666223421,-0.07697200833143558,-0.0856864279570293,0.4306986160883956,0.9709292057076184,0.0003806825013017365
1759299467.6278634,1,leader,auto,1.3088444471359253,0.9146560430526733,0.9330122470855713,1.3500000000000005,1.0,0.0,0.04115555286407524,0.08534395694732666,-0.9330122470855713,0,0,0,0,0.1630773410012878,0.09214633109261405,-0.09196100893648063,-0.0010409753515500109,1.2627712815896182,0.9606365475209137,0.9335327347613462
1759299467.6288347,0,follower,auto,0.5126094818115234,0.9312809109687805,-0.04556351900100708,1.3500000000000005,1.0,1.0,0.8373905181884771,0.06871908903121948,1.045563519001007,0,0,0,0,,,,,,,
1759299467.7295046,1,follower,auto,1.3148001432418823,0.9251487255096436,0.8838866949081421,1.3500000000000005,1.0,0.0,0.03519985675811821,0.07485127449035645,-0.8838866949081421,-20,1.7505056512638728,6.964985523332758,0,,,,,,,
1759299467.8390992,0,follower,auto,0.5126094818115234,0.9312809109687805,-0.04556351900100708,1.3500000000000005,1.0,1.0,0.8373905181884771,0.06871908903121948,1.045563519001007,0,0,0,0,0.049787068367863944,0.1776290876191765,-0.0753906581670647,-0.09645225848623501,0.4237949380019352,0.9689762400523129,0.0026626102421104317
1759299467.9395702,1,leader,auto,1.3148001432418823,0.9251487255096436,0.8838866949081421,1.3500000000000005,1.0,0.0,0.03519985675811821,0.07485127449035645,-0.8838866949081421,0,0,0,0,0.19265311489431308,0.08350267666875588,-0.07951035059013956,-0.002530307513566199,1.2730488049075044,0.9649039008047133,0.8851518486649252
1759299467.941542,0,follower,auto,0.5079342722892761,0.9307886362075806,-0.04916739836335182,1.3500000000000005,1.0,1.0,0.8420657277107244,0.06921136379241943,1.0491673983633518,0,0,0,0,,,,,,,
1759299468.0450618,1,follower,auto,1.3192849159240723,0.9348282217979431,0.8366795182228088,1.3500000000000005,1.0,0.0,0.030715084075928267,0.06517177820205688,-0.8366795182228088,-20,1.7502754823054314,5.940022910746814,0,,,,,,,
1759299468.2367492,0,follower,auto,0.5079342722892761,0.9307886362075806,-0.04916739836335182,1.3500000000000005,1.0,1.0,0.8420657277107244,0.06921136379241943,1.0491673983633518,0,0,0,0,0.035673993347252395,0.18041682899291023,-0.07354483326481609,-0.1049267591272326,0.417725857792821,0.9675610528399886,0.003295981200264468
1759299468.3370502,1,leader,auto,1.3192849159240723,0.9348282217979431,0.8366795182228088,1.3500000000000005,1.0,0.0,0.030715084075928267,0.06517177820205688,-0.8366795182228088,0,0,0,0,0.2275927633513984,0.0760599855291566,-0.07385169520171941,0.00370665958536065,1.2812549231594939,0.9717540693988028,0.8348261884301285
1759299468.3377626,0,follower,auto,0.5014957189559937,0.9321662783622742,-0.052610691636800766,1.3500000000000005,1.0,1.0,0.8485042810440069,0.06783372163772583,1.0526106916368008,0,0,0,0,,,,,,,
1759299468.4381428,1,follower,auto,1.3217366933822632,0.9475904703140259,0.7758764028549194,1.3500000000000005,1.0,0.0,0.02826330661773735,0.05240952968597412,-0.7758764028549194,-20,0.7495315073634816,4.907086955044532,0,,,,,,,
1759299468.643483,0,follower,auto,0.5014957189559937,0.9321662783622742,-0.052610691636800766,1.3500000000000005,1.0,1.0,0.8485042810440069,0.06783372163772583,1.0526106916368008,0,0,0,0,0.025561533206507402,0.18053693514391916,-0.07041599440394775,-0.11138025438065477,0.41122725138403404,0.967374275564248,0.003079435553526612
1759299468.7440717,1,leader,auto,1.3217366933822632,0.9475904703140259,0.7758764028549194,1.3500000000000005,1.0,0.0,0.02826330661773735,0.05240952968597412,-0.7758764028549194,0,0,0,0,0.2688690808780413,0.06884171396770555,-0.0675783286273699,-0.0018634620373659816,1.2873158363984105,0.9813796346277108,0.7768081338736024
1759299468.7450511,0,follower,auto,0.4995521008968353,0.9338001608848572,-0.05578620731830597,1.3500000000000005,1.0,1.0,0.8504478991031652,0.06619983911514282,1.055786207318306,0,0,0,0,,,,,,,
1759299468.8457472,1,follower,auto,1.3292988538742065,0.9467435479164124,0.6981648802757263,1.3500000000000005,1.0,0.0,0.02070114612579399,0.053256452083587646,-0.6981648802757263,-20,0.7175866871686467,4.9632089664142915,0,,,,,,,
1759299468.9567566,0,follower,auto,0.4995521008968353,0.9338001608848572,-0.05578620731830597,1.3500000000000005,1.0,1.0,0.8504478991031652,0.06619983911514282,1.055786207318306,0,0,0,0,0.01831563888873418,0.18557850011494986,-0.06833960124119698,-0.11655471805590574,0.40676285083936037,0.9679699615054557,0.0024911517096469007
1759299469.057232,1,leader,auto,1.3292988538742065,0.9467435479164124,0.6981648802757263,1.3500000000000005,1.0,0.0,0.02070114612579399,0.053256452083587646,-0.6981648802757263,0,0,0,0,0.3176312883928896,0.06880930124838058,-0.07758812977696827,-0.016510343509098857,1.2948942032500161,0.9855376128048965,0.7064200520302757
1759299469.0594037,0,follower,auto,0.5013688802719116,0.9349861145019531,-0.05885205417871475,1.3500000000000005,1.0,1.0,0.8486311197280889,0.06501388549804688,1.0588520541787148,0,0,0,0,,,,,,,
1759299469.1604464,1,follower,auto,1.3420964479446411,0.9359802007675171,0.6346419453620911,1.3500000000000005,1.0,0.0,0.00790355205535942,0.06401979923248291,-0.6346419453620911,-20,-1.3261792016145082,6.038502142715502,0,,,,,,,
1759299469.2636068,0,follower,auto,0.5013688802719116,0.9349861145019531,-0.05885205417871475,1.3500000000000005,1.0,1.0,0.8486311197280889,0.06501388549804688,1.0588520541787148,0,0,0,0,0.013123728736940968,0.19222021753182605,-0.06754364645487376,-0.12111841312103717,0.4052587715059986,0.96875793772939,0.001707152381803835
1759299469.3638947,1,leader,auto,1.3420964479446411,0.9359802007675171,0.6346419453620911,1.3500000000000005,1.0,0.0,0.00790355205535942,0.06401979923248291,-0.6346419453620911,0,0,0,0,0.3752370299948712,0.0724876926077922,-0.09181055410022854,-0.004232437991679938,1.305852601640745,0.9818854778176314,0.636758164357931
1759299469.364481,0,follower,auto,0.5027830600738525,0.9356846809387207,-0.06076647713780403,1.3500000000000005,1.0,1.0,0.847216939926148,0.0643153190612793,1.060766477137804,0,0,0,0,,,,,,,
1759299469.4648998,1,follower,auto,1.3516825437545776,0.9205816388130188,0.5669639706611633,1.3500000000000005,1.0,0.0,-0.0016825437545771038,0.0794183611869812,-0.5669639706611633,-20,-1.3331371829544452,7.0993265050316,0,,,,,,,
1759299469.622395,0,follower,auto,0.5027830600738525,0.9356846809387207,-0.06076647713780403,1.3500000000000005,1.0,1.0,0.847216939926148,0.0643153190612793,1.060766477137804,0,0,0,0,0.01,0.19533297122883309,-0.06744297735685767,-0.12422087642425747,0.405116574459436,0.9694061696171495,0.0013439610743247038
1759299469.7227836,1,leader,auto,1.3516825437545776,0.9205816388130188,0.5669639706611633,1.3500000000000005,1.0,0.0,-0.0016825437545771038,0.0794183611869812,-0.5669639706611633,0,0,0,0,0.44329017267721976,0.06897165291140128,-0.10277134275063493,0.002857285929529052,1.317196717298877,0.9719673101883363,0.5655353276963988
1759299469.723258,0,follower,auto,0.505736768245697,0.9353687167167664,-0.0606953389942646,1.3500000000000005,1.0,1.0,0.8442632317543035,0.06463128328323364,1.0606953389942646,0,0,0,0,,,,,,,
1759299469.823649,1,follower,auto,1.355188250541687,0.8963064551353455,0.47992292046546936,1.3500000000000005,1.0,0.0,-0.005188250541686479,0.10369354486465454,-0.47992292046546936,-20,-1.3068375791798517,10.183550746371273,0,,,,,,,
1759299469.9301813,0,follower,auto,0.505736768245697,0.9353687167167664,-0.0606953389942646,1.3500000000000005,1.0,1.0,0.8442632317543035,0.06463128328323364,1.0606953389942646,0,0,0,0,0.01,0.19854555216651937,-0.06821414374524615,-0.12568102506263248,0.40646399216243734,0.9694757885893894,0.0021451735370516395
1759299470.030483,1,leader,auto,1.355188250541687,0.8963064551353455,0.47992292046546936,1.3500000000000005,1.0,0.0,-0.005188250541686479,0.10369354486465454,-0.47992292046546936,0,0,0,0,0.5236854614132439,0.059075668421854965,-0.11633390685650502,-0.008032359752870977,1.3256504163307596,0.954473408563598,0.48393910034190485
1759299470.0311122,0,follower,auto,0.5094716548919678,0.9336867928504944,-0.060512907803058624,1.3500000000000005,1.0,1.0,0.8405283451080328,0.06631320714950562,1.0605129078030586,0,0,0,0,,,,,,,
1759299470.1315958,1,follower,auto,1.3467037677764893,0.896102249622345,0.41262176632881165,1.3500000000000005,1.0,0.0,0.003296232223511275,0.10389775037765503,-0.41262176632881165,-20,-1.2300114484337115,10.09472168419657,0,,,,,,,
1759299470.2574635,0,follower,auto,0.5094716548919678,0.9336867928504944,-0.060512907803058624,1.3500000000000005,1.0,1.0,0.8405283451080328,0.06631320714950562,1.0605129078030586,0,0,0,0,0.01,0.20096938230562578,-0.06974562891048497,-0.12815778070758763,0.4089869637391549,0.9685596073057369,0.003565982550735189
1759299470.3582654,1,leader,auto,1.3467037677764893,0.896102249622345,0.41262176632881165,1.3500000000000005,1.0,0.0,0.003296232223511275,0.10389775037765503,-0.41262176632881165,0,0,0,0,0.6186612729068861,0.04033388551943329,-0.09868175075994745,0.011463522458787012,1.3265368250167726,0.9454431250023188,0.40689000509941814
1759299470.3607,0,follower,auto,0.5122620463371277,0.9311795830726624,-0.0593254454433918,1.3500000000000005,1.0,1.0,0.8377379536628728,0.06882041692733765,1.0593254454433918,0,0,0,0,,,,,,,
1759299470.462862,1,follower,auto,1.3363173007965088,0.8983515501022339,0.343220978975296,1.3500000000000005,1.0,0.0,0.013682699203491744,0.10164844989776611,-0.343220978975296,-20,-0.18470870410523244,10.051298448246413,0,,,,,,,
1759299470.6259048,0,follower,auto,0.5122620463371277,0.9311795830726624,-0.0593254454433918,1.3500000000000005,1.0,1.0,0.8377379536628728,0.06882041692733765,1.0593254454433918,0,0,0,0,0.01,0.20121256761642747,-0.07108067177878663,-0.13018718284391467,0.41165576252891395,0.9667199189620557,0.005768145978565523
1759299470.7265432,1,leader,auto,1.3363173007965088,0.8983515501022339,0.343220978975296,1.3500000000000005,1.0,0.0,0.013682699203491744,0.10164844989776611,-0.343220978975296,0,0,0,0,0.7308619367852651,0.02774515985334558,-0.08745880337082979,0.02382524228628846,1.322444720869836,0.9420809517876487,0.3313083578321518
1759299470.7273707,0,follower,auto,0.5104779005050659,0.9301565885543823,-0.06056877225637436,1.3500000000000005,1.0,1.0,0.8395220994949346,0.06984341144561768,1.0605687722563744,0,0,0,0,,,,,,,
1759299470.8279278,1,follower,auto,1.327711582183838,0.9002390503883362,0.2607537508010864,1.3500000000000005,1.0,0.0,0.022288417816162642,0.09976094961166382,-0.2607537508010864,-20,0.8257057489302115,9.03756572568467,0,,,,,,,
1759299470.946412,0,follower,auto,0.5104779005050659,0.9301565885543823,-0.06056877225637436,1.3500000000000005,1.0,1.0,0.8395220994949346,0.06984341144561768,1.0605687722563744,0,0,0,0,0.01,0.19672930880419598,-0.06997780800699704,-0.1353779935136297,0.41211324610296796,0.9651454925578808,0.007120224500440489
1759299471.0468426,1,leader,auto,1.327711582183838,0.9002390503883362,0.2607537508010864,1.3500000000000005,1.0,0.0,0.022288417816162642,0.09976094961166382,-0.2607537508010864,0,0,0,0,0.8634113593884264,0.022491739215251494,-0.0825354843978483,0.021344030322188012,1.3164657125762123,0.9415067925872603,0.2500817356399924
1759299471.1477227,0,follower,auto,0.5082479119300842,0.9309566617012024,-0.06406805664300919,1.3500000000000005,1.0,1.0,0.8417520880699163,0.06904333829879761,1.0640680566430092,0,0,0,0,,,,,,,
1759299471.248523,1,follower,auto,1.3256288766860962,0.9082898497581482,0.19777871668338776,1.3500000000000005,1.0,0.0,0.02437112331390434,0.0917101502418518,-0.19777871668338776,-18.98656077798353,0.798142797391008,8.997993686092052,0,,,,,,,
1759299471.4505625,0,follower,auto,0.5082479119300842,0.9309566617012024,-0.06406805664300919,1.3500000000000005,1.0,1.0,0.8417520880699163,0.06904333829879761,1.0640680566430092,0,0,0,0,0.01,0.1941236039350554,-0.06734466553139273,-0.14184490658429877,0.41118610996255656,0.9646289944668988,0.006854396649140185
1759299471.551163,1,leader,auto,1.3256288766860962,0.9082898497581482,0.19777871668338776,1.3500000000000005,1.0,0.0,0.02437112331390434,0.0917101502418518,-0.19777871668338776,0,0,0,0,1.0,0.0260321749679846,-0.07410653014912294,0.04406201763859402,1.3126127892021038,0.9453431148327096,0.17574770786409075
1759299471.5526533,0,follower,auto,0.5064117908477783,0.9322052597999573,-0.07141661643981934,1.3500000000000005,1.0,1.0,0.8435882091522222,0.06779474020004272,1.0714166164398193,0,0,0,0,,,,,,,
1759299471.6538954,1,follower,auto,1.3304306268692017,0.906900942325592,0.09098885208368301,1.3500000000000005,1.0,0.0,0.019569373130798873,0.09309905767440796,-0.09098885208368301,-8.673227956864674,-0.2489313314436703,9.032987927881525,0,,,,,,,
1759299471.8646843,0,follower,auto,0.5064117908477783,0.9322052597999573,-0.07141661643981934,1.3500000000000005,1.0,1.0,0.8435882091522222,0.06779474020004272,1.0714166164398193,0,0,0,0,0.01,0.19336152889478453,-0.06538721897780142,-0.15038151586520115,0.40973102640038606,0.964898869288858,0.0037741414927812272
1759299471.965195,1,leader,auto,1.3304306268692017,0.906900942325592,0.09098885208368301,1.3500000000000005,1.0,0.0,0.019569373130798873,0.09309905767440796,-0.09098885208368301,0,0,0,0,0.867,0.034235579850346864,-0.07972859499492324,0.01525127056832197,1.3133128369440281,0.9467652398230537,0.08336321679952202
1759299471.96774,0,follower,auto,0.5051489472389221,0.935052752494812,-0.07249495387077332,1.3500000000000005,1.0,1.0,0.8448510527610784,0.06494724750518799,1.0724949538707733,0,0,0,0,,,,,,,
1759299472.0686657,1,follower,auto,1.3271757364273071,0.9019884467124939,0.01728261075913906,1.3500000000000005,1.0,0.0,0.022824263572693404,0.0980115532875061,-0.01728261075913906,-0.6539860596056102,0.776759432849919,9.068738375749483,0,,,,,,,
1759299472.1732683,0,follower,auto,0.5051489472389221,0.935052752494812,-0.07249495387077332,1.3500000000000005,1.0,1.0,0.8448510527610784,0.06494724750518799,1.0724949538707733,0,0,0,0,0.01,0.19371973062572917,-0.06266405038207712,-0.14962006024316615,0.4082890819260575,0.9663847776858505,0.002315076250809747
1759299472.2736168,1,leader,auto,1.3271757364273071,0.9019884467124939,0.01728261075913906,1.3500000000000005,1.0,0.0,0.022824263572693404,0.0980115532875061,-0.01728261075913906,0,0,0,0,1.0,0.0293625193374083,-0.08632824770546277,0.035716545533354876,1.3124944767586029,0.9451525705652253,-0.0005756620075383773
1759299472.2742496,0,follower,auto,0.5044703483581543,0.9395508766174316,-0.07092248648405075,1.3500000000000005,1.0,1.0,0.8455296516418462,0.06044912338256836,1.0709224864840508,20,20,5.9250974999762,0,,,,,,,
1759299472.374595,1,follower,auto,1.3183232545852661,0.9049339890480042,-0.024219609797000885,1.3500000000000005,1.0,0.0,0.03167674541473442,0.09506601095199585,0.024219609797000885,2.2484590975069905,1.8193409493856534,9.0452966286678,0,,,,,,,
1759299472.4784453,0,follower,auto,0.5044703483581543,0.9395508766174316,-0.07092248648405075,1.3500000000000005,1.0,1.0,0.8455296516418462,0.06044912338256836,1.0709224864840508,0,0,0,0,0.01,0.1946400829536467,-0.05956943007610083,-0.14784802610839293,0.4071503068813309,0.969335591655482,0.0030015265701457267
1759299472.5786762,1,leader,auto,1.3183232545852661,0.9049339890480042,-0.024219609797000885,1.3500000000000005,1.0,0.0,0.03167674541473442,0.09506601095199585,0.024219609797000885,0,0,0,0,1.0,0.0207885245555699,-0.08187901451342494,0.07742378666084285,1.307928992307481,0.9458734963047166,-0.06293150312742231
1759299472.5790555,0,follower,auto,0.5056113004684448,0.9425632357597351,-0.06519361585378647,1.3500000000000005,1.0,1.0,0.8443886995315557,0.05743676424026489,1.0651936158537865,20,20,4.945041914191735,0,,,,,,,
1759299472.679348,1,follower,auto,1.3095725774765015,0.9189545512199402,-0.055344801396131516,1.3500000000000005,1.0,0.0,0.04042742252349907,0.08104544878005981,0.055344801396131516,5.2115066067911355,2.842847020962623,7.974538054881658,0,,,,,,,
1759299472.786653,0,follower,auto,0.5056113004684448,0.9425632357597351,-0.06519361585378647,1.3500000000000005,1.0,1.0,0.8443886995315557,0.05743676424026489,1.0651936158537865,0,0,0,0,0.01,0.19705380803482264,-0.05949992352652034,-0.14410940514475484,0.4070843964510335,0.9723131975229953,0.006861086718590939
1759299472.88701,1,leader,auto,1.3095725774765015,0.9189545512199402,-0.055344801396131516,1.3500000000000005,1.0,0.0,0.04042742252349907,0.08104544878005981,0.055344801396131516,0,0,0,0,1.0,0.016538454021384208,-0.0687937268753116,0.10615672674069832,1.3013033504658094,0.953351414657596,-0.10842316476648067
1759299472.8878925,0,follower,auto,0.5224292874336243,0.943840503692627,-0.047699958086013794,1.3500000000000005,1.0,1.0,0.8275707125663763,0.05615949630737305,1.0476999580860138,20,20,4.978071999373106,0,,,,,,,
1759299472.9884267,1,follower,auto,1.301544189453125,0.9367071986198425,-0.06614971160888672,1.3500000000000005,1.0,0.0,0.04845581054687553,0.06329280138015747,0.06614971160888672,6.140939201721166,2.8796835576113424,5.917876346951177,0,,,,,,,
1759299473.1647742,0,follower,auto,0.5224292874336243,0.943840503692627,-0.047699958086013794,1.3500000000000005,1.0,1.0,0.8275707125663763,0.05615949630737305,1.0476999580860138,0,0,0,0,0.01,0.2140113602294289,-0.060949023851526674,-0.1318725723968085,0.4154236073189098,0.9743150156183903,0.018236328112390454
1759299473.2651489,1,leader,auto,1.301544189453125,0.9367071986198425,-0.06614971160888672,1.3500000000000005,1.0,0.0,0.04845581054687553,0.06329280138015747,0.06614971160888672,0,0,0,0,1.0,0.015432958244385508,-0.0587927891701262,0.13688668334678625,1.2938277103309321,0.9661035932049056,-0.13459305328227983
1759299473.2655225,0,follower,auto,0.5714079141616821,0.9433887004852295,-0.00554279051721096,1.3500000000000005,1.0,1.0,0.7785920858383184,0.05661129951477051,1.005542790517211,20,20,5.012179190463444,0,,,,,,,
1759299473.3658223,1,follower,auto,1.2930916547775269,0.9524887204170227,-0.0512540303170681,1.3500000000000005,1.0,0.0,0.05690834522247368,0.047511279582977295,0.0512540303170681,5.039984369705205,3.9674818079059233,3.8922204953567534,0,,,,,,,
1759299473.4709063,0,follower,auto,0.5714079141616821,0.9433887004852295,-0.00554279051721096,1.3500000000000005,1.0,1.0,0.7785920858383184,0.05661129951477051,1.005542790517211,0,0,0,0,0.01,0.25430049208387473,-0.0631234375578742,-0.10279383191188496,0.44425766811974476,0.9749504192641666,0.04585412543873152
1759299473.5711923,1,leader,auto,1.2930916547775269,0.9524887204170227,-0.0512540303170681,1.3500000000000005,1.0,0.0,0.05690834522247368,0.047511279582977295,0.0512540303170681,0,0,0,0,1.0,0.014790160636957816,-0.055773095277740214,0.17299485127030406,1.285696574459048,0.9803752680558928,-0.13775145595222013
1759299473.5717602,0,follower,auto,0.626905083656311,0.9398952722549438,0.0402064211666584,1.3500000000000005,1.0,1.0,0.7230949163436895,0.06010472774505615,0.9597935788333416,20,20,6.04417050020296,0,,,,,,,
1759299473.6721268,1,follower,auto,1.286714792251587,0.9598548412322998,-0.036032985895872116,1.3500000000000005,1.0,0.0,0.06328520774841362,0.040145158767700195,0.036032985895872116,3.0418559770263984,5.052070485364941,3.9108840966861353,0,,,,,,,
1759299473.7772229,0,follower,auto,0.626905083656311,0.9398952722549438,0.0402064211666584,1.3500000000000005,1.0,1.0,0.7230949163436895,0.06010472774505615,0.9597935788333416,0,0,0,0,0.01,0.27960608847557183,-0.06692722829260522,-0.08709257175655954,0.48710203941852515,0.9733588864012465,0.08375270704493817
1759299473.8778043,1,leader,auto,1.286714792251587,0.9598548412322998,-0.036032985895872116,1.3500000000000005,1.0,0.0,0.06328520774841362,0.040145158767700195,0.036032985895872116,0,0,0,0,1.0,0.01716655041895443,-0.062257377055346064,0.18578943098725645,1.2781315170421097,0.9909835297599728,-0.12892770138950033
1759299473.8788137,0,follower,auto,0.6892606616020203,0.9350817799568176,0.09038101881742477,1.3500000000000005,1.0,1.0,0.6607393383979803,0.06491822004318237,0.9096189811825752,20,20,6.0629561309111075,0,,,,,,,
1759299473.9792442,1,follower,auto,1.280035138130188,0.9607285261154175,-0.014644728042185307,1.3500000000000005,1.0,0.0,0.06996486186981254,0.03927147388458252,0.014644728042185307,1.0459569972337113,5.1544283469949805,2.940107439298657,0,,,,,,,
1759299474.1455686,0,follower,auto,0.6892606616020203,0.9350817799568176,0.09038101881742477,1.3500000000000005,1.0,1.0,0.6607393383979803,0.06491822004318237,0.9096189811825752,0,0,0,0,0.01,0.2971271429106114,-0.06998704964554703,-0.07763924141808584,0.5406970901467145,0.9700753047795911,0.1292006395264677
1759299474.2459605,1,leader,auto,1.280035138130188,0.9607285261154175,-0.014644728042185307,1.3500000000000005,1.0,0.0,0.06996486186981254,0.03927147388458252,0.014644728042185307,0,0,0,0,1.0,0.01888580757536129,-0.07141324047409636,0.19294873450928546,1.2705922343425073,0.9964351463524657,-0.11111909529682804
1759299474.2467945,0,follower,auto,0.7646615505218506,0.9296279549598694,0.15326827764511108,1.3500000000000005,1.0,1.0,0.58533844947815,0.07037204504013062,0.8467317223548889,20,20,7.0703509826687565,0,,,,,,,
1759299474.3471203,1,follower,auto,1.2734301090240479,0.9563606977462769,0.010110504925251007,1.3500000000000005,1.0,0.0,0.07656989097595268,0.043639302253723145,-0.010110504925251007,-0.9227098063001535,6.276765303028663,3.971819032531746,0,,,,,,,
1759299474.4518313,0,follower,auto,0.7646615505218506,0.9296279549598694,0.15326827764511108,1.3500000000000005,1.0,1.0,0.58533844947815,0.07037204504013062,0.8467317223548889,0,0,0,0,0.01,0.3165048025294871,-0.07192335581242904,-0.06325893403647692,0.6064091492571071,0.9655896328660839,0.18489774466334954
1759299474.5523853,1,leader,auto,1.2734301090240479,0.9563606977462769,0.010110504925251007,1.3500000000000005,1.0,0.0,0.07656989097595268,0.043639302253723145,-0.010110504925251007,0,0,0,0,1.0,0.02063652306618824,-0.08018238128370214,0.1948101537720089,1.2631118474909537,0.9964518883881279,-0.08729457196075344
1759299474.5537121,0,follower,auto,0.8319582939147949,0.9250832200050354,0.21147549152374268,1.3500000000000005,1.0,1.0,0.5180417060852056,0.0749167799949646,0.7885245084762573,20,20,7.072966440893042,0,,,,,,,
1759299474.6545088,1,follower,auto,1.2734591960906982,0.9549518823623657,0.02838410995900631,1.3500000000000005,1.0,0.0,0.07654080390930229,0.04504811763763428,-0.02838410995900631,-1.8433460084086508,6.349601923290801,3.9646894750898385,0,,,,,,,
1759299474.7590232,0,follower,auto,0.8319582939147949,0.9250832200050354,0.21147549152374268,1.3500000000000005,1.0,1.0,0.5180417060852056,0.0749167799949646,0.7885245084762573,0,0,0,0,0.01,0.31517686674880163,-0.0719519227041121,-0.06416735194381529,0.674369860540394,0.9610591813570915,0.24355916749565032
1759299474.8603554,1,leader,auto,1.2734591960906982,0.9549518823623657,0.02838410995900631,1.3500000000000005,1.0,0.0,0.07654080390930229,0.04504811763763428,-0.02838410995900631,0,0,0,0,1.0,0.029199275233494637,-0.08059633392931587,0.18461965907696443,1.2588595584739508,0.9952500493270237,-0.0639257195794759
1759299474.8620012,0,follower,auto,0.8950808644294739,0.9200157523155212,0.26635706424713135,1.3500000000000005,1.0,1.0,0.45491913557052666,0.07998424768447876,0.7336429357528687,20,20,7.088071696274527,0,,,,,,,
1759299474.962583,1,follower,auto,1.2737787961959839,0.9589086174964905,0.043913114815950394,1.3500000000000005,1.0,0.0,0.07622120380401665,0.04109138250350952,-0.043913114815950394,-3.76695082047912,6.434166764874432,3.9278901552529724,0,,,,,,,
1759299475.0828156,0,follower,auto,0.8950808644294739,0.9200157523155212,0.26635706424713135,1.3500000000000005,1.0,1.0,0.45491913557052666,0.07998424768447876,0.7336429357528687,0,0,0,0,0.01,0.3074593043114736,-0.07245838242725433,-0.07134301825413197,0.7413512122737371,0.9562449435291485,0.3020285733741973
1759299475.1831102,1,leader,auto,1.2737787961959839,0.9589086174964905,0.043913114815950394,1.3500000000000005,1.0,0.0,0.07622120380401665,0.04109138250350952,-0.043913114815950394,0,0,0,0,1.0,0.03462858295576843,-0.07441402375462625,0.17262515657780902,1.2564645047180996,0.9961156293738036,-0.04239946347295412
1759299475.1835308,0,follower,auto,0.9703218340873718,0.9160822033882141,0.3322075307369232,1.3500000000000005,1.0,1.0,0.3796781659126287,0.08391779661178589,0.6677924692630768,20,20,8.094503215644671,0,,,,,,,
1759299475.2838414,1,follower,auto,1.273303508758545,0.9621239304542542,0.06588826328516006,1.3500000000000005,1.0,0.0,0.07669649124145561,0.03787606954574585,-0.06588826328516006,-5.723001745780803,6.5481877939877435,2.9133019308856603,0,,,,,,,
1759299475.4101107,0,follower,auto,0.9703218340873718,0.9160822033882141,0.3322075307369232,1.3500000000000005,1.0,1.0,0.3796781659126287,0.08391779661178589,0.6677924692630768,0,0,0,0,0.01,0.3130324396282417,-0.07153825189000573,-0.06717838218653382,0.813805614273251,0.9518513293332169,0.36579672183019013
1759299475.5108757,1,leader,auto,1.273303508758545,0.9621239304542542,0.06588826328516006,1.3500000000000005,1.0,0.0,0.07669649124145561,0.03787606954574585,-0.06588826328516006,0,0,0,0,1.0,0.03729117639150514,-0.0711859127885901,0.16970015773117147,1.2546579205627924,0.9977168868485492,-0.01896181558042566
1759299475.513205,0,follower,auto,1.0540282726287842,0.9099986553192139,0.3972325623035431,1.3500000000000005,1.0,1.0,0.29597172737121635,0.09000134468078613,0.6027674376964569,20,20,9.111429295448636,0,,,,,,,
1759299475.6140106,1,follower,auto,1.2771629095077515,0.9621627926826477,0.09489838778972626,1.3500000000000005,1.0,0.0,0.07283709049224907,0.037837207317352295,-0.09489838778972626,-8.705085455235988,6.649886653333232,2.9162999290410125,0,,,,,,,
1759299475.769039,0,follower,auto,1.0540282726287842,0.9099986553192139,0.3972325623035431,1.3500000000000005,1.0,1.0,0.29597172737121635,0.09000134468078613,0.6027674376964569,0,0,0,0,0.01,0.321458665179434,-0.07346335526973546,-0.06924203952124341,0.8932989400390672,0.9467303329540816,0.4318535820641648
1759299475.87007,1,leader,auto,1.2771629095077515,0.9621627926826477,0.09489838778972626,1.3500000000000005,1.0,0.0,0.07283709049224907,0.037837207317352295,-0.09489838778972626,0,0,0,0,1.0,0.04366192883472819,-0.0716969856979488,0.17246088083637512,1.2553319450903873,0.9980112855316221,0.008667947371538698
1759299475.871754,0,follower,auto,1.13884699344635,0.9064465761184692,0.4541325867176056,1.3500000000000005,1.0,1.0,0.21115300655365044,0.09355342388153076,0.5458674132823944,20,20,9.118773863169007,0,,,,,,,
1759299475.9728181,1,follower,auto,1.2868684530258179,0.9690467119216919,0.1275510936975479,1.3500000000000005,1.0,0.0,0.06313154697418266,0.030953288078308105,-0.1275510936975479,-11.694845140384778,5.7325811104504245,2.8755511760170296,0,,,,,,,
1759299476.0759587,0,follower,auto,1.13884699344635,0.9064465761184692,0.4541325867176056,1.3500000000000005,1.0,1.0,0.21115300655365044,0.09355342388153076,0.5458674132823944,0,0,0,0,0.01,0.323747593601698,-0.07233571153346352,-0.08166782435312447,0.9769731966455011,0.942614431885201,0.49496649889416783
1759299476.1765862,1,leader,auto,1.2868684530258179,0.9690467119216919,0.1275510936975479,1.3500000000000005,1.0,0.0,0.06313154697418266,0.030953288078308105,-0.1275510936975479,0,0,0,0,1.0,0.05326437126766481,-0.06404411548178923,0.17534857313513202,1.2602362673919854,1.0010687696625866,0.03987680712998189
1759299476.1780593,0,follower,auto,1.2068164348602295,0.9107844233512878,0.5049673318862915,1.3500000000000005,1.0,1.0,0.14318356513977104,0.08921557664871216,0.4950326681137085,20,13.70047603783528,8.07633240981473,0,,,,,,,
1759299476.2812514,1,follower,auto,1.2975729703903198,0.968843936920166,0.1405615210533142,1.3500000000000005,1.0,0.0,0.05242702960968071,0.031156063079833984,-0.1405615210533142,-13.563450292619212,4.805290213719844,2.9045977985696503,0,,,,,,,
1759299476.4626884,0,follower,auto,1.2068164348602295,0.9107844233512878,0.5049673318862915,1.3500000000000005,1.0,1.0,0.14318356513977104,0.08921557664871216,0.4950326681137085,0,0,0,0,0.01,0.3049490885691011,-0.06435326390922003,-0.09690430040561349,1.054341890575679,0.9429610553058978,0.5534194820890983
1759299476.5629878,1,leader,auto,1.2975729703903198,0.968843936920166,0.1405615210533142,1.3500000000000005,1.0,0.0,0.05242702960968071,0.031156063079833984,-0.1405615210533142,0,0,0,0,1.0,0.05916610232648978,-0.06642215952123909,0.15569013768917306,1.267989919227075,1.0020550166807856,0.0627164522087277
1759299476.5633736,0,follower,auto,1.291542410850525,0.912886917591095,0.5762854814529419,1.3500000000000005,1.0,1.0,0.05845758914947563,0.08711308240890503,0.4237145185470581,20,4.54535814743495,8.075302639495055,0,,,,,,,
1759299476.6636887,1,follower,auto,1.312812328338623,0.9711270332336426,0.14380232989788055,1.3500000000000005,1.0,0.0,0.037187671661377486,0.028872966766357422,-0.14380232989788055,-13.39790437247519,2.886517325489473,1.9005569426964672,0,,,,,,,
1759299476.7655854,0,follower,auto,1.291542410850525,0.912886917591095,0.5762854814529419,1.3500000000000005,1.0,1.0,0.05845758914947563,0.08711308240890503,0.4237145185470581,0,0,0,0,0.01,0.3081077624244499,-0.06300764459483288,-0.08661652652375329,1.1374885296383,0.9443907398885114,0.6195937447148185
1759299476.8659594,1,leader,auto,1.312812328338623,0.9711270332336426,0.14380232989788055,1.3500000000000005,1.0,0.0,0.037187671661377486,0.028872966766357422,-0.14380232989788055,0,0,0,0,1.0,0.06637397843497106,-0.06419090568757291,0.13558991058591907,1.2796253391211376,1.003222486077429,0.07600737460492103
1759299476.8791475,0,follower,auto,1.3471282720565796,0.9103050231933594,0.6305594444274902,1.3500000000000005,1.0,1.0,0.002871727943420943,0.08969497680664062,0.36944055557250977,20,-0.4119487445913077,8.103341689375258,0,,,,,,,
1759299476.9796474,1,follower,auto,1.325445532798767,0.974381685256958,0.13529953360557556,1.3500000000000005,1.0,0.0,0.024554467201233443,0.025618314743041992,-0.13529953360557556,-12.235387119281782,1.9549913106705998,1.886590603254764,0,,,,,,,
1759299477.1479309,0,follower,auto,1.3471282720565796,0.9103050231933594,0.6305594444274902,1.3500000000000005,1.0,1.0,0.002871727943420943,0.08969497680664062,0.36944055557250977,0,0,0,0,0.01,0.273980630044131,-0.06746285812018504,-0.10135141301183126,1.210137957034514,0.9440364522534519,0.6812351509334058
1759299477.2482648,1,leader,auto,1.325445532798767,0.974381685256958,0.13529953360557556,1.3500000000000005,1.0,0.0,0.024554467201233443,0.025618314743041992,-0.13529953360557556,0,0,0,0,1.0,0.06643404287155041,-0.06097408965438578,0.11375592022589155,1.2922285113629919,1.004868730084151,0.07842157349262979
1759299477.2486675,0,follower,auto,1.3962786197662354,0.9052644371986389,0.6946131587028503,1.3500000000000005,1.0,1.0,-0.04627861976623482,0.09473556280136108,0.30538684129714966,20,-4.405793066065381,9.133784774144655,0,,,,,,,
1759299477.3489823,1,follower,auto,1.3392558097839355,0.9788953065872192,0.11343146115541458,1.3500000000000005,1.0,0.0,0.010744190216064986,0.02110469341278076,-0.11343146115541458,-10.029864645042567,1.0042712121709065,1.865408165235081,0,,,,,,,
1759299477.455356,0,follower,auto,1.3962786197662354,0.9052644371986389,0.6946131587028503,1.3500000000000005,1.0,1.0,-0.04627861976623482,0.09473556280136108,0.30538684129714966,0,0,0,0,0.01,0.24352904742032155,-0.07248842044918513,-0.10140531962976262,1.2745140960560746,0.9415086474232315,0.7453158185177317
1759299477.5557811,1,leader,auto,1.3392558097839355,0.9788953065872192,0.11343146115541458,1.3500000000000005,1.0,0.0,0.010744190216064986,0.02110469341278076,-0.11343146115541458,0,0,0,0,1.0,0.06646904437074364,-0.05705400774030056,0.08968859766219496,1.3060212875985637,1.0074223104573696,0.06858716232431711
1759299477.5565906,0,follower,auto,1.421754002571106,0.9008620977401733,0.7486374974250793,1.3500000000000005,1.0,1.0,-0.07175400257110542,0.09913790225982666,0.25136250257492065,20,-7.314835296643039,9.150257358908702,0,,,,,,,
1759299477.6569982,1,follower,auto,1.3472466468811035,0.9840394258499146,0.09135417640209198,1.3500000000000005,1.0,0.0,0.0027533531188970173,0.01596057415008545,-0.09135417640209198,-7.89184157991068,0.05382061688613524,0.8463850477274533,0,,,,,,,
1759299477.767173,0,follower,auto,1.421754002571106,0.9008620977401733,0.7486374974250793,1.3500000000000005,1.0,1.0,-0.07175400257110542,0.09913790225982666,0.25136250257492065,0,0,0,0,0.01,0.19743861675160734,-0.07483419075973685,-0.11392651550111543,1.3230346941953024,0.9382791931200418,0.805600755175637
1759299477.867535,1,leader,auto,1.3472466468811035,0.9840394258499146,0.09135417640209198,1.3500000000000005,1.0,0.0,0.0027533531188970173,0.01596057415008545,-0.09135417640209198,0,0,0,0,1.0,0.05925644692611387,-0.053503470698625044,0.0777109752968908,1.3176184234180466,1.010791161199227,0.05249868875364658
1759299477.8684394,0,follower,auto,1.4424148797988892,0.8969823718070984,0.8083802461624146,1.3500000000000005,1.0,1.0,-0.09241487979888863,0.10301762819290161,0.19161975383758545,17.53577014479954,-9.281394102147896,10.160650607931629,0,,,,,,,
1759299477.9691308,1,follower,auto,1.3532841205596924,0.9881212711334229,0.06726763397455215,1.3500000000000005,1.0,0.0,-0.00328412055969185,0.011878728866577148,-0.06726763397455215,-4.750497571956087,0.0909566244140614,0.837493212787398,0,,,,,,,
1759299478.2960289,0,follower,auto,1.4424148797988892,0.8969823718070984,0.8083802461624146,1.3500000000000005,1.0,1.0,-0.09241487979888863,0.10301762819290161,0.19161975383758545,0,0,0,0,0.01,0.1628142215972117,-0.07590117196035584,-0.11662054053415771,1.3610077690002833,0.9349329577872763,0.8666905164294934
1759299478.3965406,1,leader,auto,1.3532841205596924,0.9881212711334229,0.06726763397455215,1.3500000000000005,1.0,0.0,-0.00328412055969185,0.011878728866577148,-0.06726763397455215,0,0,0,0,1.0,0.052228828766288427,-0.05166448565144055,0.06974309245257691,1.3271697061765482,1.0139535139591431,0.0323960877482637
1759299478.3971744,0,follower,auto,1.454049825668335,0.8957917094230652,0.8552476167678833,1.3500000000000005,1.0,1.0,-0.10404982566833443,0.10420829057693481,0.1447523832321167,12.461330755387005,-10.228430127493047,10.137933286126856,0,,,,,,,
1759299478.497674,1,follower,auto,1.3638805150985718,0.9796249270439148,0.0312089454382658,1.3500000000000005,1.0,0.0,-0.013880515098571244,0.020375072956085205,-0.0312089454382658,-1.5711454482245353,-0.9220727455420689,1.9021952872777248,0,,,,,,,
1759299478.7059202,0,follower,auto,1.454049825668335,0.8957917094230652,0.8552476167678833,1.3500000000000005,1.0,1.0,-0.10404982566833443,0.10420829057693481,0.1447523832321167,0,0,0,0,0.01,0.13008538859620944,-0.07438823236459757,-0.13231136020539125,1.3890071313702301,0.932985825605364,0.921403296870579
1759299478.8064072,1,leader,auto,1.3638805150985718,0.9796249270439148,0.0312089454382658,1.3500000000000005,1.0,0.0,-0.013880515098571244,0.020375072956085205,-0.0312089454382658,0,0,0,0,1.0,0.05199095898361272,-0.06224094366277533,0.05323105200334803,1.3378850356067655,1.0107453988753026,0.004593419436591785
1759299478.8069592,0,follower,auto,1.454049825668335,0.8957917094230652,0.8552476167678833,1.3500000000000005,1.0,1.0,-0.10404982566833443,0.10420829057693481,0.1447523832321167,12.648284664682077,-10.151570318755956,10.112315437822463,0,,,,,,,
1759299478.9073308,1,follower,auto,1.3716381788253784,0.9682319760322571,0.014626307412981987,1.3500000000000005,1.0,0.0,-0.021638178825377885,0.03176802396774292,-0.014626307412981987,0.3884180071728556,-1.9261627308071672,2.947573528447874,0,,,,,,,
1759299479.0124452,0,follower,auto,1.454049825668335,0.8957917094230652,0.8552476167678833,1.3500000000000005,1.0,1.0,-0.10404982566833443,0.10420829057693481,0.1447523832321167,0,0,0,0,0.01,0.09627678397948403,-0.07311587769510208,-0.1868316893301889,1.405911433678593,0.9323496482706162,0.9486634614329778
1759299479.1131625,1,leader,auto,1.3716381788253784,0.9682319760322571,0.014626307412981987,1.3500000000000005,1.0,0.0,-0.021638178825377885,0.03176802396774292,-0.014626307412981987,0,0,0,0,1.0,0.04750300111922612,-0.06934530482084256,0.06351309235170856,1.3478866782657652,1.0029046284426784,-0.017130238762872292
1759299479.1136858,0,follower,auto,1.454049825668335,0.8957917094230652,0.8552476167678833,1.3500000000000005,1.0,1.0,-0.10404982566833443,0.10420829057693481,0.1447523832321167,12.698727152727628,-10.124079185312226,10.102831805237805,0,,,,,,,
1759299479.2141845,1,follower,auto,1.3769209384918213,0.9636152386665344,0.0058890595100820065,1.3500000000000005,1.0,0.0,-0.026920938491820756,0.036384761333465576,-0.0058890595100820065,1.348980090021033,-1.92142832015577,2.93452518157933,0,,,,,,,
1759299479.3191478,0,follower,auto,1.454049825668335,0.8957917094230652,0.8552476167678833,1.3500000000000005,1.0,1.0,-0.10404982566833443,0.10420829057693481,0.1447523832321167,0,0,0,0,0.01,0.07442766949194524,-0.07317988227743233,-0.21258313282550345,1.4168359909223622,0.9323816505617813,0.961539183180635
1759299479.4199548,1,leader,auto,1.3769209384918213,0.9636152386665344,0.0058890595100820065,1.3500000000000005,1.0,0.0,-0.026920938491820756,0.036384761333465576,-0.0058890595100820065,0,0,0,0,1.0,0.04111500241598676,-0.06512453251553207,0.07481457083768672,1.3563634372838278,0.9961775049243005,-0.031518225908761355
1759299479.4204276,0,follower,auto,1.454049825668335,0.8957917094230652,0.8552476167678833,1.3500000000000005,1.0,1.0,-0.10404982566833443,0.10420829057693481,0.1447523832321167,12.711373423002126,-10.1109134786085,10.094351555254661,0,,,,,,,
1759299479.5209272,1,follower,auto,1.3817846775054932,0.9584734439849854,0.0016102343797683716,1.3500000000000005,1.0,0.0,-0.03178467750549263,0.04152655601501465,-0.0016102343797683716,1.3209098153697891,-2.9231664768893215,3.938451078452986,0,,,,,,,
1759299479.7029014,0,follower,auto,1.454049825668335,0.8957917094230652,0.8552476167678833,1.3500000000000005,1.0,1.0,-0.10404982566833443,0.10420829057693481,0.1447523832321167,0,0,0,0,0.01,0.059111400714549234,-0.07390809546297117,-0.2233189580407049,1.4244941253110603,0.9327457571545508,0.9669070957882357
1759299479.803404,1,leader,auto,1.3817846775054932,0.9584734439849854,0.0016102343797683716,1.3500000000000005,1.0,0.0,-0.03178467750549263,0.04152655601501465,-0.0016102343797683716,0,0,0,0,1.0,0.03599375027115759,-0.0626447216612096,0.08271612355981472,1.3637878023699144,0.9897958048155902,-0.03974782740013899
1759299479.8041785,0,follower,auto,1.454049825668335,0.8957917094230652,0.8552476167678833,1.3500000000000005,1.0,1.0,-0.10404982566833443,0.10420829057693481,0.1447523832321167,12.714510470358524,-10.099702669166199,10.08420981030065,0,,,,,,,
1759299479.9046848,1,follower,auto,1.3880845308303833,0.9518657922744751,-0.00011130230996059254,1.3500000000000005,1.0,0.0,-0.03808453083038277,0.0481342077255249,0.00011130230996059254,1.3024049552499124,-2.9369807014476863,3.9533831169957883,0,,,,,,,
1759299480.085342,0,follower,auto,1.454049825668335,0.8957917094230652,0.8552476167678833,1.3500000000000005,1.0,1.0,-0.10404982566833443,0.10420829057693481,0.1447523832321167,0,0,0,0,0.01,0.04744775293833525,-0.07494808755797988,-0.22628174005303858,1.4303259491991673,0.9332657532020552,0.9683884867944026
1759299480.1858203,1,leader,auto,1.3880845308303833,0.9518657922744751,-0.00011130230996059254,1.3500000000000005,1.0,0.0,-0.03808453083038277,0.0481342077255249,0.00011130230996059254,0,0,0,0,1.0,0.033238603133959765,-0.06228916799109263,0.08682605781862558,1.3714652292634035,0.9830103762700214,-0.043524331219273384
1759299480.1867766,0,follower,auto,1.454049825668335,0.8957917094230652,0.8552476167678833,1.3500000000000005,1.0,1.0,-0.10404982566833443,0.10420829057693481,0.1447523832321167,12.718537066470224,-10.08888951926907,10.06918929237246,0,,,,,,,
1759299480.2873726,1,follower,auto,1.3949410915374756,0.9418981671333313,0.0014292246196419,1.3500000000000005,1.0,0.0,-0.04494109153747505,0.0581018328666687,-0.0014292246196419,1.2800673481079754,-3.9509130468848825,4.983952611409276,0,,,,,,,
1759299480.3931522,0,follower,auto,1.454049825668335,0.8957917094230652,0.8552476167678833,1.3500000000000005,1.0,1.0,-0.10404982566833443,0.10420829057693481,0.1447523832321167,0,0,0,0,0.01,0.03790480955947828,-0.07611543386911002,-0.2252847151754691,1.4350974208885958,0.9338494263576202,0.9678899743556179
1759299480.4943235,1,leader,auto,1.3949410915374756,0.9418981671333313,0.0014292246196419,1.3500000000000005,1.0,0.0,-0.04494109153747505,0.0581018328666687,-0.0014292246196419,0,0,0,0,1.0,0.030852526693851967,-0.06490248116613939,0.08964683588308435,1.3795148281905496,0.974349407716401,-0.043394193321900275
1759299480.4951591,0,follower,auto,1.454049825668335,0.8957917094230652,0.8552476167678833,1.3500000000000005,1.0,1.0,-0.10404982566833443,0.10420829057693481,0.1447523832321167,12.722105911766649,-10.080945825545431,10.06935694878733,0,,,,,,,
1759299480.5956762,1,follower,auto,1.4001312255859375,0.942023754119873,0.003465293673798442,1.3500000000000005,1.0,0.0,-0.05013122558593697,0.05797624588012695,-0.003465293673798442,1.2689239225793536,-4.952793507304295,4.946058157003716,0,,,,,,,
1759299480.7258945,0,follower,auto,1.454049825668335,0.8957917094230652,0.8552476167678833,1.3500000000000005,1.0,1.0,-0.10404982566833443,0.10420829057693481,0.1447523832321167,0,0,0,0,0.01,0.029663495251245564,-0.0773135185010404,-0.2223337191239152,1.4392180780427122,0.9344484686735854,0.9664144763298409
1759299480.8264608,1,leader,auto,1.4001312255859375,0.942023754119873,0.003465293673798442,1.3500000000000005,1.0,0.0,-0.05013122558593697,0.05797624588012695,-0.003465293673798442,0,0,0,0,1.0,0.026234020386100232,-0.055739351749675925,0.08899157930576368,1.3870142153928873,0.9698934299947111,-0.0410304959790834
1759299480.8272593,0,follower,auto,1.454049825668335,0.8957917094230652,0.8552476167678833,1.3500000000000005,1.0,1.0,-0.10404982566833443,0.10420829057693481,0.1447523832321167,12.7285115740811,-10.077002995004785,10.081634354786384,0,,,,,,,
1759299480.927659,1,follower,auto,1.4027280807495117,0.950212836265564,0.007632786873728037,1.3500000000000005,1.0,0.0,-0.052728080749511186,0.049787163734436035,-0.007632786873728037,1.2512939047829967,-4.944025596537144,3.888596031939028,0,,,,,,,
1759299481.0784886,0,follower,auto,1.454049825668335,0.8957917094230652,0.8552476167678833,1.3500000000000005,1.0,1.0,-0.10404982566833443,0.10420829057693481,0.1447523832321167,0,0,0,0,0.01,0.022281014259461607,-0.0784970620916765,-0.21848040459798201,1.4429093185386042,0.9350402404689034,0.9644878190668743
1759299481.178948,1,leader,auto,1.4027280807495117,0.950212836265564,0.007632786873728037,1.3500000000000005,1.0,0.0,-0.052728080749511186,0.049787163734436035,-0.007632786873728037,0,0,0,0,1.0,0.019437439460858297,-0.04293732262780414,0.08825335469958748,1.3930093610190826,0.9716814975794661,-0.0364938904760657
1759299481.1796944,0,follower,auto,1.454049825668335,0.8957917094230652,0.8552476167678833,1.3500000000000005,1.0,1.0,-0.10404982566833443,0.10420829057693481,0.1447523832321167,12.73927227601659,-10.070392999884644,10.093581015526148,0,,,,,,,
1759299481.2802942,1,follower,auto,1.4071252346038818,0.9581785202026367,0.01477570366114378,1.3500000000000005,1.0,0.0,-0.0571252346038813,0.04182147979736328,-0.01477570366114378,0.2246691171354922,-4.954383623766288,3.86403222795577,0,,,,,,,
1759299481.3844526,0,follower,auto,1.454049825668335,0.8957917094230652,0.8552476167678833,1.3500000000000005,1.0,1.0,-0.10404982566833443,0.10420829057693481,0.1447523832321167,0,0,0,0,0.01,0.015513497658331987,-0.07964681592339917,-0.21427386511358626,1.446293076839169,0.9356151173847648,0.9623845493246764
1759299481.4848495,1,leader,auto,1.4071252346038818,0.9581785202026367,0.01477570366114378,1.3500000000000005,1.0,0.0,-0.0571252346038813,0.04182147979736328,-0.01477570366114378,0,0,0,0,1.0,0.0161175053033773,-0.03665842221777604,0.08834050864030007,1.3990664819521932,0.9765077313115247,-0.029394550659006258
1759299481.4854696,0,follower,auto,1.454049825668335,0.8957917094230652,0.8552476167678833,1.3500000000000005,1.0,1.0,-0.10404982566833443,0.10420829057693481,0.1447523832321167,12.74933691273891,-10.067532883237947,10.09003162522879,0,,,,,,,
1759299481.5860054,1,follower,auto,1.4090291261672974,0.9558126330375671,0.021476196125149727,1.3500000000000005,1.0,0.0,-0.05902912616729683,0.04418736696243286,-0.021476196125149727,-0.7882965631421099,-4.94789644842368,3.9071890739090773,0,,,,,,,
1759299481.7264285,0,follower,auto,1.454049825668335,0.8957917094230652,0.8552476167678833,1.3500000000000005,1.0,1.0,-0.10404982566833443,0.10420829057693481,0.1447523832321167,0,0,0,0,0.01,0.00922430366633753,-0.08075391769505702,-0.2099985668125528,1.4494376738351662,0.9361686682705936,0.9602469001741597
1759299481.8269258,1,leader,auto,1.4090291261672974,0.9558126330375671,0.021476196125149727,1.3500000000000005,1.0,0.0,-0.05902912616729683,0.04418736696243286,-0.021476196125149727,0,0,0,0,1.0,0.010322742395156181,-0.04390009061644884,0.0856769812919552,1.4038677549697192,0.9777626783457916,-0.02136229452082787
1759299481.827537,0,follower,auto,1.454049825668335,0.8957917094230652,0.8552476167678833,1.3500000000000005,1.0,1.0,-0.10404982566833443,0.10420829057693481,0.1447523832321167,12.765361271186212,-10.070742918894037,10.07600904744794,0,,,,,,,
1759299481.9279478,1,follower,auto,1.4068882465362549,0.9464643597602844,0.0321563221514225,1.3500000000000005,1.0,0.0,-0.05688824653625435,0.053535640239715576,-0.0321563221514225,-1.8219056956175175,-4.924894186154072,4.962419910058007,0,,,,,,,
1759299482.0309029,0,follower,auto,1.454049825668335,0.8957917094230652,0.8552476167678833,1.3500000000000005,1.0,1.0,-0.10404982566833443,0.10420829057693481,0.1447523832321167,0,0,0,0,0.01,0.003332215857872578,-0.08181112854481665,-0.20579828771990694,1.4523837177393988,0.9366972736954735,0.9581467606278368
1759299482.1312156,1,leader,auto,1.4068882465362549,0.9464643597602844,0.0321563221514225,1.3500000000000005,1.0,0.0,-0.05688824653625435,0.053535640239715576,-0.0321563221514225,0,0,0,0,1.0,0.001885547074603089,-0.054382605931064365,0.08638000078853623,1.4059454729989533,0.9736556627258166,-0.011033678242845617
1759299482.1317809,0,follower,auto,1.454049825668335,0.8957917094230652,0.8552476167678833,1.3500000000000005,1.0,1.0,-0.10404982566833443,0.10420829057693481,0.1447523832321167,12.780633433165711,-10.074641929222746,10.060294828539877,0,,,,,,,
1759299482.2321618,1,follower,auto,1.404288649559021,0.9359882473945618,0.042336929589509964,1.3500000000000005,1.0,0.0,-0.05428864955902046,0.06401175260543823,-0.042336929589509964,-2.84035531173507,-4.9131308949873045,5.995233530647941,0,,,,,,,
1759299482.3370953,0,follower,auto,1.454049825668335,0.8957917094230652,0.8552476167678833,1.3500000000000005,1.0,1.0,-0.10404982566833443,0.10420829057693481,0.1447523832321167,0,0,0,0,0.01,-0.0022148191725304134,-0.08281345801793816,-0.201744531298383,1.4551572352546,0.9371984384320342,0.9561198824170748
1759299482.4375374,1,leader,auto,1.404288649559021,0.9359882473945618,0.042336929589509964,1.3500000000000005,1.0,0.0,-0.05428864955902046,0.06401175260543823,-0.042336929589509964,0,0,0,0,1.0,-0.004070130155268581,-0.06063274250605,0.08452796835283241,1.4063237146366552,0.9663046186475868,7.294541309375152e-05
1759299482.438598,0,follower,auto,1.454049825668335,0.8957917094230652,0.8552476167678833,1.3500000000000005,1.0,1.0,-0.10404982566833443,0.10420829057693481,0.1447523832321167,12.798058796041477,-10.075161446974755,10.039150065697966,0,,,,,,,
1759299482.5393102,1,follower,auto,1.4039422273635864,0.9218917489051819,0.053953588008880615,1.3500000000000005,1.0,0.0,-0.05394222736358589,0.07810825109481812,-0.053953588008880615,-3.864765324973642,-4.919715427067435,7.036713735713776,0,,,,,,,
1759299482.7119036,0,follower,auto,1.454049825668335,0.8957917094230652,0.8552476167678833,1.3500000000000005,1.0,1.0,-0.10404982566833443,0.10420829057693481,0.1447523832321167,0,0,0,0,0.01,-0.007451626690724078,-0.08375936001118534,-0.19786919816345283,1.4577756390136969,0.9376713894286579,0.9541822158496097
1759299482.812359,1,leader,auto,1.4039422273635864,0.9218917489051819,0.053953588008880615,1.3500000000000005,1.0,0.0,-0.05394222736358589,0.07810825109481812,-0.053953588008880615,0,0,0,0,1.0,-0.005921323458270233,-0.06736118673721081,0.08363489273537666,1.4069028890927215,0.9555723422737873,0.01213614164119229
1759299482.8147607,0,follower,auto,1.454049825668335,0.8957917094230652,0.8552476167678833,1.3500000000000005,1.0,1.0,-0.10404982566833443,0.10420829057693481,0.1447523832321167,12.819551136527439,-10.068875566079045,10.00867837861709,0,,,,,,,
1759299482.915441,1,follower,auto,1.408132791519165,0.9015772938728333,0.06828173995018005,1.3500000000000005,1.0,0.0,-0.058132791519164506,0.09842270612716675,-0.06828173995018005,-4.899741333360547,-4.9471878655870425,9.099401472942297,0,,,,,,,
1759299483.0979977,0,follower,auto,1.454049825668335,0.8957917094230652,0.8552476167678833,1.3500000000000005,1.0,1.0,-0.10404982566833443,0.10420829057693481,0.1447523832321167,0,0,0,0,0.01,-0.012402530144296486,-0.08464811452395393,-0.19418431634091182,1.460251090740483,0.9381157666850422,0.9523397749383392
1759299483.1984916,1,leader,auto,1.408132791519165,0.9015772938728333,0.06828173995018005,1.3500000000000005,1.0,0.0,-0.058132791519164506,0.09842270612716675,-0.06828173995018005,0,0,0,0,1.0,-0.0033918295290680245,-0.07701851416125816,0.08477516746143655,1.4098287062836992,0.9400865509534624,0.02589415621946178
1759299486.2042854,0,follower,auto,1.454049825668335,0.8957917094230652,0.8552476167678833,1.3500000000000005,1.0,1.0,-0.10404982566833443,0.10420829057693481,0.1447523832321167,12.831377063373917,-10.066042785332746,9.977605075226819,0,,,,,,,
1759299487.1065354,1,follower,auto,1.4100213050842285,0.880861759185791,0.07616566866636276,1.3500000000000005,1.0,0.0,-0.06002130508422798,0.11913824081420898,-0.07616566866636276,-5.888546623031817,-5.946708001140347,11.141824125926574,0,,,,,,,
1759299487.3108687,0,follower,auto,1.454049825668335,0.8957917094230652,0.8552476167678833,1.3500000000000005,1.0,1.0,-0.10404982566833443,0.10420829057693481,0.1447523832321167,0,0,0,0,0.01,-0.017085137508995096,-0.08547845851189351,-0.1906921553052503,1.4625923944228325,0.9385309386790119,0.9505936944205085
1759299487.412079,1,leader,auto,1.4100213050842285,0.880861759185791,0.07616566866636276,1.3500000000000005,1.0,0.0,-0.06002130508422798,0.11913824081420898,-0.07616566866636276,0,0,0,0,1.0,-0.00558113438315222,-0.08259764504217959,0.07800663774615399,1.4128118722758045,0.9221605817068808,0.03716234979328577
1759299487.5355196,0,follower,auto,1.2895677089691162,0.05294420197606087,1.7018636465072632,1.3500000000000005,1.0,1.0,0.06043229103088432,0.9470557980239391,-0.7018636465072632,0,0,0,0,0.01,-0.1859979401491716,-0.929098577758877,0.6592294145687481,1.382566679043702,0.5174934908554993,1.3722489392228892
1759299487.6360054,1,leader,auto,1.3754101991653442,0.047039296478033066,0.17044058442115784,1.3500000000000005,1.0,0.0,-0.025410199165343705,0.9529607035219669,-0.17044058442115784,0,0,0,0,1.0,-0.044522554934848246,-0.899214653408783,0.1605353306392292,1.3976714766327683,0.4966466231824246,0.09017291910154325
1759299487.7401097,0,follower,auto,1.2895948886871338,0.05290444567799568,1.701926589012146,1.3500000000000005,1.0,1.0,0.060405111312866744,0.9470955543220043,-0.701926589012146,0,0,0,0,0.01,-0.10381160724462712,-0.4873678230582644,0.21794853264118808,1.3415006923094475,0.2965883572071279,1.592952322691552
1759299487.8406274,1,leader,auto,1.3754255771636963,0.047022972255945206,0.1704583764076233,1.3500000000000005,1.0,0.0,-0.025425577163695756,0.9529770277440548,-0.1704583764076233,0,0,0,0,1.0,-0.029740394420373795,-0.4540221088026768,0.10500130670721439,1.3902957743738833,0.2740340266572836,0.1179577230540161
1759299488.0175154,0,follower,auto,1.2896023988723755,0.052931152284145355,1.7019087076187134,1.3500000000000005,1.0,1.0,0.060397601127625045,0.9470688477158546,-0.7019087076187134,0,0,0,0,0.01,-0.06265933084034847,-0.2567461884960934,-0.011429289802780795,1.3209320642925497,0.18130424653219204,1.7076233525201037
1759299488.117856,1,leader,auto,1.3754165172576904,0.04703088849782944,0.17046025395393372,1.3500000000000005,1.0,0.0,-0.025416517257689897,0.9529691115021706,-0.17046025395393372,0,0,0,0,1.0,-0.023116919207270437,-0.22283649934706634,0.07606548428912956,1.3869749768613255,0.1584491381713626,0.13242751180936893
