timestamp,drone_id,role,mode,x,y,z,target_x,target_y,target_z,error_x,error_y,error_z,rc_lr,rc_fb,rc_ud,rc_yaw,trust,obs_error_x,obs_error_y,obs_error_z,obs_state_x,obs_state_y,obs_state_z,cbf_fire_flag,rc_safe_x,rc_safe_z,rc_diff_norm,qp_status,active_constraint_id,rc_nom_x,rc_nom_z,h_x,HOh_x
1756443055.6100416,0,leader,manual,0.9925215244293213,0.049740150570869446,0.9995618462562561,1,1,1,0.007478475570678711,0.9502598494291306,0.0004381537437438965,0,0,0,0,1.0,0.0,0.0,0.0,0.0,0.0,0.0,False,,,,,,,,,
1756443055.7106411,1,follower,manual,0.08819776028394699,0.05828579515218735,0.9938005805015564,0,1,1,-0.08819776028394699,0.9417142048478127,0.0061994194984436035,0,0,0,0,1.0,0.0,0.0,0.0,0.0,0.0,0.0,False,,,,,,,,,
1756443055.8135328,0,leader,manual,0.9925306439399719,0.04975253716111183,0.99955815076828,1,1,1,0.007469356060028076,0.9502474628388882,0.0004418492317199707,0,0,0,0,1.0,0.0,0.0,0.0,0.0,0.0,0.0,False,,,,,,,,,
1756443055.9140294,1,follower,manual,0.08819398283958435,0.05830289423465729,0.9937973618507385,0,1,1,-0.08819398283958435,0.9416971057653427,0.006202638149261475,0,0,0,0,1.0,0.0,0.0,0.0,0.0,0.0,0.0,False,,,,,,,,,
1756443056.057587,0,leader,manual,0.9925219416618347,0.0497799888253212,0.9995691776275635,1,1,1,0.007478058338165283,0.9502200111746788,0.00043082237243652344,0,0,0,0,1.0,0.0,0.0,0.0,0.0,0.0,0.0,False,,,,,,,,,
1756443056.1580837,1,follower,manual,0.08820267021656036,0.05832112580537796,0.9938058257102966,0,1,1,-0.08820267021656036,0.941678874194622,0.006194174289703369,0,0,0,0,1.0,0.0,0.0,0.0,0.0,0.0,0.0,False,,,,,,,,,
1756443056.2616687,0,leader,manual,0.9925192594528198,0.04976396635174751,0.9995709657669067,1,1,1,0.007480740547180176,0.9502360336482525,0.0004290342330932617,0,0,0,0,1.0,0.0,0.0,0.0,0.0,0.0,0.0,False,,,,,,,,,
1756443056.3621483,1,follower,manual,0.08819368481636047,0.05832916498184204,0.9938068985939026,0,1,1,-0.08819368481636047,0.941670835018158,0.006193101406097412,0,0,0,0,1.0,0.0,0.0,0.0,0.0,0.0,0.0,False,,,,,,,,,
1756443056.467312,0,leader,manual,0.9925234317779541,0.049763791263103485,0.9995519518852234,1,1,1,0.0074765682220458984,0.9502362087368965,0.00044804811477661133,0,0,0,0,1.0,0.0,0.0,0.0,0.0,0.0,0.0,False,,,,,,,,,
1756443056.5678098,1,follower,manual,0.088196761906147,0.05831586569547653,0.9937997460365295,0,1,1,-0.088196761906147,0.9416841343045235,0.006200253963470459,0,0,0,0,1.0,0.0,0.0,0.0,0.0,0.0,0.0,False,,,,,,,,,
1756443056.6777663,0,leader,manual,0.9925282597541809,0.04975859448313713,0.9995505213737488,1,1,1,0.007471740245819092,0.9502414055168629,0.0004494786262512207,0,0,0,0,1.0,0.0,0.0,0.0,0.0,0.0,0.0,False,,,,,,,,,
1756443056.778107,1,follower,manual,0.08820978552103043,0.05829981341958046,0.9937909841537476,0,1,1,-0.08820978552103043,0.9417001865804195,0.006209015846252441,0,0,0,0,1.0,0.0,0.0,0.0,0.0,0.0,0.0,False,,,,,,,,,
1756443056.955875,0,leader,manual,0.9925315976142883,0.0497593879699707,0.999548614025116,1,1,1,0.00746840238571167,0.9502406120300293,0.0004513859748840332,0,0,0,0,1.0,0.0,0.0,0.0,0.0,0.0,0.0,False,,,,,,,,,
1756443057.0563467,1,follower,manual,0.08820303529500961,0.05830110237002373,0.9937896132469177,0,1,1,-0.08820303529500961,0.9416988976299763,0.006210386753082275,0,0,0,0,1.0,0.0,0.0,0.0,0.0,0.0,0.0,False,,,,,,,,,
1756443057.158311,0,leader,manual,0.9925157427787781,0.049740903079509735,0.9995627403259277,1,1,1,0.007484257221221924,0.9502590969204903,0.0004372596740722656,0,0,0,0,1.0,0.0,0.0,0.0,0.0,0.0,0.0,False,,,,,,,,,
1756443057.2592523,1,follower,manual,0.08820735663175583,0.05830635502934456,0.9937865734100342,0,1,1,-0.08820735663175583,0.9416936449706554,0.00621342658996582,0,0,0,0,1.0,0.0,0.0,0.0,0.0,0.0,0.0,False,,,,,,,,,
1756443057.362753,0,leader,manual,0.9925246238708496,0.04976179823279381,0.9995592832565308,1,1,1,0.007475376129150391,0.9502382017672062,0.0004407167434692383,0,0,0,0,1.0,0.0,0.0,0.0,0.0,0.0,0.0,False,,,,,,,,,
1756443057.463244,1,follower,manual,0.08820587396621704,0.05831122398376465,0.9937899112701416,0,1,1,-0.08820587396621704,0.9416887760162354,0.0062100887298583984,0,0,0,0,1.0,0.0,0.0,0.0,0.0,0.0,0.0,False,,,,,,,,,
1756443057.5675268,0,leader,manual,0.9925254583358765,0.049776095896959305,0.9995554685592651,1,1,1,0.007474541664123535,0.9502239041030407,0.0004445314407348633,0,0,0,0,1.0,0.0,0.0,0.0,0.0,0.0,0.0,False,,,,,,,,,
1756443057.668031,1,follower,manual,0.0882020965218544,0.05833345279097557,0.9938011169433594,0,1,1,-0.0882020965218544,0.9416665472090244,0.006198883056640625,0,0,0,0,1.0,0.0,0.0,0.0,0.0,0.0,0.0,False,,,,,,,,,
1756443057.7732484,0,leader,manual,0.9925171136856079,0.04978310316801071,0.9995493292808533,1,1,1,0.00748288631439209,0.9502168968319893,0.0004506707191467285,0,0,0,0,1.0,0.0,0.0,0.0,0.0,0.0,0.0,False,,,,,,,,,
1756443057.873621,1,follower,manual,0.08820503950119019,0.05832917243242264,0.993794858455658,0,1,1,-0.08820503950119019,0.9416708275675774,0.006205141544342041,0,0,0,0,1.0,0.0,0.0,0.0,0.0,0.0,0.0,False,,,,,,,,,
1756443057.9947877,0,leader,manual,0.992526113986969,0.04975302517414093,0.9995458722114563,1,1,1,0.007473886013031006,0.9502469748258591,0.00045412778854370117,0,0,0,0,1.0,0.0,0.0,0.0,0.0,0.0,0.0,False,,,,,,,,,
1756443058.095167,1,follower,manual,0.08819936215877533,0.05830886587500572,0.9937965869903564,0,1,1,-0.08819936215877533,0.9416911341249943,0.006203413009643555,0,0,0,0,1.0,0.0,0.0,0.0,0.0,0.0,0.0,False,,,,,,,,,
1756443058.1994212,0,leader,manual,0.992522656917572,0.04974917322397232,0.9995511174201965,1,1,1,0.0074773430824279785,0.9502508267760277,0.0004488825798034668,0,0,0,0,1.0,0.0,0.0,0.0,0.0,0.0,0.0,False,,,,,,,,,
1756443058.2999494,1,follower,manual,0.08820152282714844,0.05829889699816704,0.9937872290611267,0,1,1,-0.08820152282714844,0.941701103001833,0.006212770938873291,0,0,0,0,1.0,0.0,0.0,0.0,0.0,0.0,0.0,False,,,,,,,,,
1756443058.4052467,0,leader,manual,0.9925238490104675,0.049748677760362625,0.9995517134666443,1,1,1,0.007476150989532471,0.9502513222396374,0.0004482865333557129,0,0,0,0,1.0,0.0,0.0,0.0,0.0,0.0,0.0,False,,,,,,,,,
1756443058.5057821,1,follower,manual,0.08820588886737823,0.05830531194806099,0.9937930107116699,0,1,1,-0.08820588886737823,0.941694688051939,0.006206989288330078,0,0,0,0,1.0,0.0,0.0,0.0,0.0,0.0,0.0,False,,,,,,,,,
1756443058.6916661,0,leader,manual,0.9925171136856079,0.04975738748908043,0.9995602965354919,1,1,1,0.00748288631439209,0.9502426125109196,0.00043970346450805664,0,0,0,0,1.0,0.0,0.0,0.0,0.0,0.0,0.0,False,,,,,,,,,
1756443058.7921124,1,follower,manual,0.08820006996393204,0.058324020355939865,0.9938001036643982,0,1,1,-0.08820006996393204,0.9416759796440601,0.006199896335601807,0,0,0,0,1.0,0.0,0.0,0.0,0.0,0.0,0.0,False,,,,,,,,,
1756443058.8970366,0,leader,manual,0.9925276041030884,0.04976070672273636,0.9995541572570801,1,1,1,0.007472395896911621,0.9502392932772636,0.0004458427429199219,0,0,0,0,1.0,0.0,0.0,0.0,0.0,0.0,0.0,False,,,,,,,,,
1756443058.9975975,1,follower,manual,0.0882016271352768,0.0583224780857563,0.993796706199646,0,1,1,-0.0882016271352768,0.9416775219142437,0.006203293800354004,0,0,0,0,1.0,0.0,0.0,0.0,0.0,0.0,0.0,False,,,,,,,,,
1756443067.4195008,0,leader,manual,0.992534875869751,0.049762990325689316,0.9995470643043518,1,1,1,0.0074651241302490234,0.9502370096743107,0.00045293569564819336,0,0,0,0,1.0,0.0,0.0,0.0,0.0,0.0,0.0,False,,,,,,,,,
1756443067.5200636,1,follower,manual,0.08820431679487228,0.05832391977310181,0.9937982559204102,0,1,1,-0.08820431679487228,0.9416760802268982,0.006201744079589844,0,0,0,0,1.0,0.0,0.0,0.0,0.0,0.0,0.0,False,,,,,,,,,
1756443067.5225031,0,follower,auto,1.0247441530227661,0.9118627309799194,0.9878475666046143,1,1,1,-0.024744153022766113,0.08813726902008057,0.012152433395385742,0.8022409081459045,-3.482647655531764,7.991450369358063,0,,,,,,,,True,-2.0,1.0,0.0,optimal,0,-2.0,1.0,5.73162404566574,5.609586006458281
1756443067.6239269,1,follower,auto,0.03631238266825676,0.7800233364105225,0.9821478128433228,0,1,1,-0.03631238266825676,0.21997666358947754,0.017852187156677246,1.1977590918540955,-1.517352344468236,20,0,,,,,,,,True,-3.0,1.0,0.0,optimal,0,-3.0,1.0,4.064875095832898,3.8164698535984285
1756443067.8403447,0,follower,auto,1.0247441530227661,0.9118627309799194,0.9878475666046143,1,1,1,-0.024744153022766113,0.08813726902008057,0.012152433395385742,0,0,0,0,0.7165313105737893,1.0247441530227661,0.9118627309799194,0.9878475666046143,1.0247441530227661,0.9118627309799194,0.9878475666046143,False,,,,,,,,,
1756443067.9409359,1,leader,auto,0.03631238266825676,0.7800233364105225,0.9821478128433228,0,1,1,-0.03631238266825676,0.21997666358947754,0.017852187156677246,0,0,0,0,0.7165313105737893,0.03631238266825676,0.7800233364105225,0.9821478128433228,0.03631238266825676,0.7800233364105225,0.9821478128433228,False,,,,,,,,,
1756443067.9438605,0,follower,auto,1.0349738597869873,0.9241549372673035,0.9838932752609253,1,1,1,-0.034973859786987305,0.07584506273269653,0.016106724739074707,0.7198698043823242,-4.548602673970163,7.0253672242164615,0,,,,,,,,True,-3.0,1.0,0.0,optimal,0,-3.0,1.0,5.741545044044459,5.58193100251996
1756443068.0450637,1,follower,auto,0.031215256080031395,0.7718196511268616,0.9897327423095703,0,1,1,-0.031215256080031395,0.22818034887313843,0.010267257690429688,1.2629584074020386,-1.4729541627690197,20,0,,,,,,,,True,-3.0,1.0,0.0,optimal,0,-3.0,1.0,4.094633028602752,3.987720409682399
1756443068.1775584,0,follower,auto,1.0349738597869873,0.9241549372673035,0.9838932752609253,1,1,1,-0.034973859786987305,0.07584506273269653,0.016106724739074707,0,0,0,0,0.85,-0.054737590072676534,-0.04322179847955698,-0.07121659570932382,1.0349738597869873,0.9241549372673035,0.9838932752609253,False,,,,,,,,,
1756443068.2782269,1,leader,auto,0.031215256080031395,0.7718196511268616,0.9897327423095703,0,1,1,-0.031215256080031395,0.22818034887313843,0.010267257690429688,0,0,0,0,0.85,-0.008793221892789006,-0.05620284456014635,-0.07134393930435179,0.031215256080031395,0.7718196511268616,0.9897327423095703,False,,,,,,,,,
1756443068.2805336,0,follower,auto,1.0479581356048584,0.9365515112876892,0.9849824905395508,1,1,1,-0.0479581356048584,0.06344848871231079,0.015017509460449219,0.6989601826667786,-5.579638794660569,6.018397278785706,0,,,,,,,,True,-4.0,1.0,0.0,optimal,0,-4.0,1.0,5.781139619307744,5.724344742066778
1756443068.3817058,1,follower,auto,0.039814531803131104,0.7808941602706909,0.9969755411148071,0,1,1,-0.039814531803131104,0.21910583972930908,0.003024458885192871,0.2057097315788269,-1.5174791728332637,20,0,,,,,,,,True,-3.0,0.0,0.0,optimal,0,-3.0,0.0,4.132175444281282,4.094544081504855
1756443068.5553136,0,follower,auto,1.0479581356048584,0.9365515112876892,0.9849824905395508,1,1,1,-0.0479581356048584,0.06344848871231079,0.015017509460449219,0,0,0,0,1.0,-0.0532473682886363,-0.04124399264216416,-0.06892546056866644,1.0479581356048584,0.9365515112876892,0.9849824905395508,False,,,,,,,,,
1756443068.655866,1,leader,auto,0.039814531803131104,0.7808941602706909,0.9969755411148071,0,1,1,-0.039814531803131104,0.21910583972930908,0.003024458885192871,0,0,0,0,1.0,0.0039578195693343865,-0.03681543786644936,-0.08740543360710151,0.039814531803131104,0.7808941602706909,0.9969755411148071,False,,,,,,,,,
1756443068.6583073,0,follower,auto,1.0662511587142944,0.9506202340126038,0.9885584115982056,1,1,1,-0.06625115871429443,0.04937976598739624,0.011441588401794434,0.7138878606557846,-7.616527958393097,4.005911841154099,0,,,,,,,,True,-6.0,1.0,0.0,optimal,0,-6.0,1.0,5.846430149665414,5.727796248536928
1756443068.759109,1,follower,auto,0.05327099561691284,0.8127819895744324,1.0024306774139404,0,1,1,-0.05327099561691284,0.18721801042556763,-0.0024306774139404297,0.06449559509754181,-3.5459552769325677,19.4442869989872,0,,,,,,,,True,-5.0,0.0,0.0,optimal,0,-5.0,0.0,4.165501285158195,3.905729437922687
1756443068.8921204,0,follower,auto,1.0662511587142944,0.9506202340126038,0.9885584115982056,1,1,1,-0.06625115871429443,0.04937976598739624,0.011441588401794434,0,0,0,0,1.0,-0.05032341769441362,-0.03779616456177237,-0.06832162443330292,1.0662511587142944,0.9506202340126038,0.9885584115982056,False,,,,,,,,,
1756443068.9927468,1,leader,auto,0.05327099561691284,0.8127819895744324,1.0024306774139404,0,1,1,-0.05327099561691284,0.18721801042556763,-0.0024306774139404297,0,0,0,0,1.0,0.007060059313023087,-0.011998901166129117,-0.10394877009677894,0.05327099561691284,0.8127819895744324,1.0024306774139404,False,,,,,,,,,
1756443068.994892,0,follower,auto,1.0833176374435425,0.9568999409675598,0.99468594789505,1,1,1,-0.08331763744354248,0.043100059032440186,0.005314052104949951,-0.21841122797727586,-9.634845184513926,3.989459995675087,0,,,,,,,,True,-8.0,0.0,0.0,optimal,0,-8.0,0.0,5.92021409595038,5.6646019093112
1756443069.0958807,1,follower,auto,0.060618530958890915,0.8447465896606445,1.0077956914901733,0,1,1,-0.060618530958890915,0.15525341033935547,-0.00779569149017334,-0.0086998248696327,-4.516438645182923,16.447330944800377,0,,,,,,,,True,-6.0,0.0,0.0,optimal,0,-6.0,0.0,4.194407540233522,3.838090780191895
1756443069.2263348,0,follower,auto,1.0833176374435425,0.9568999409675598,0.99468594789505,1,1,1,-0.08331763744354248,0.043100059032440186,0.005314052104949951,0,0,0,0,1.0,-0.05614708497132992,-0.044031298318680356,-0.06567662357026904,1.0833176374435425,0.9568999409675598,0.99468594789505,False,,,,,,,,,
1756443069.3266745,1,leader,auto,0.060618530958890915,0.8447465896606445,1.0077956914901733,0,1,1,-0.060618530958890915,0.15525341033935547,-0.00779569149017334,0,0,0,0,1.0,-0.0030184279944945325,-0.011266691908788262,-0.11724625311285974,0.060618530958890915,0.8447465896606445,1.0077956914901733,False,,,,,,,,,
1756443069.3277137,0,follower,auto,1.0950193405151367,0.9598290920257568,1.0009965896606445,1,1,1,-0.09501934051513672,0.040170907974243164,-0.0009965896606445312,-0.1440806302177906,-10.63480975750208,3.9679790837311746,0,,,,,,,,True,-9.0,0.0,0.0,optimal,0,-9.0,0.0,5.980464948109075,5.554142649500825
1756443069.4283218,1,follower,auto,0.058070242404937744,0.882013201713562,1.0033600330352783,0,1,1,-0.058070242404937744,0.11798679828643799,-0.0033600330352783203,-0.09287489070296287,-3.449019732381068,12.505183268506526,0,,,,,,,,True,-5.0,0.0,0.0,optimal,0,-5.0,0.0,4.173009733673155,3.604307663032539
1756443069.5334802,0,follower,auto,1.0950193405151367,0.9598290920257568,1.0009965896606445,1,1,1,-0.09501934051513672,0.040170907974243164,-0.0009965896606445312,0,0,0,0,1.0,-0.06777788071521784,-0.044521565088341264,-0.06554238068297802,1.0950193405151367,0.9598290920257568,1.0009965896606445,False,,,,,,,,,
1756443069.633939,1,leader,auto,0.058070242404937744,0.882013201713562,1.0033600330352783,0,1,1,-0.058070242404937744,0.11798679828643799,-0.0033600330352783203,0,0,0,0,1.0,-0.017249584855939026,-0.00527997860268592,-0.13645948140201636,0.058070242404937744,0.882013201713562,1.0033600330352783,False,,,,,,,,,
1756443069.6354432,0,follower,auto,1.1003090143203735,0.9622440338134766,1.0066713094711304,1,1,1,-0.10030901432037354,0.03775596618652344,-0.006671309471130371,-0.0844609711393118,-11.62899547896719,2.946213415346861,0,,,,,,,,True,-10.0,0.0,0.0,optimal,0,-10.0,0.0,6.02026360362993,5.398107540273804
1756443069.7364724,1,follower,auto,0.045000337064266205,0.9181699156761169,0.9938160181045532,0,1,1,-0.045000337064266205,0.08183008432388306,0.006183981895446777,-0.1486266392880678,-2.3634763955489286,9.561986329829454,0,,,,,,,,True,-4.0,0.0,0.0,optimal,0,-4.0,0.0,4.121853953866575,3.4458047476461195
1756443069.8405902,0,follower,auto,1.1003090143203735,0.9622440338134766,1.0066713094711304,1,1,1,-0.10030901432037354,0.03775596618652344,-0.006671309471130371,0,0,0,0,1.0,-0.08075804689616439,-0.04222039982330017,-0.06621373888083926,1.1003090143203735,0.9622440338134766,1.0066713094711304,False,,,,,,,,,
1756443069.941203,1,leader,auto,0.045000337064266205,0.9181699156761169,0.9938160181045532,0,1,1,-0.045000337064266205,0.08183008432388306,0.006183981895446777,0,0,0,0,1.0,-0.03018524628368212,-0.00598020308618441,-0.14588545226223215,0.045000337064266205,0.9181699156761169,0.9938160181045532,False,,,,,,,,,
1756443069.9428718,0,follower,auto,1.1003555059432983,0.9598017930984497,1.017951488494873,1,1,1,-0.10035550594329834,0.04019820690155029,-0.017951488494873047,-1.0023793421335339,-11.62743683835696,3.8936695429928063,0,,,,,,,,True,-10.0,-1.0,0.0,optimal,0,-10.0,-1.0,6.070304348342335,5.456263654728893
1756443070.0445526,1,follower,auto,0.02473428286612034,0.9550472497940063,0.9855497479438782,0,1,1,-0.02473428286612034,0.04495275020599365,0.014450252056121826,0.7878256667132973,-0.28538256118194716,5.596131963335204,0,,,,,,,,True,-2.0,1.0,0.0,optimal,0,-2.0,1.0,4.072080055206124,3.599736673156577
1756443070.1699646,0,follower,auto,1.1003555059432983,0.9598017930984497,1.017951488494873,1,1,1,-0.10035550594329834,0.04019820690155029,-0.017951488494873047,0,0,0,0,1.0,-0.09278474174367357,-0.04445989736550948,-0.059581668750078975,1.1003555059432983,0.9598017930984497,1.017951488494873,False,,,,,,,,,
1756443070.2703393,1,leader,auto,0.02473428286612034,0.9550472497940063,0.9855497479438782,0,1,1,-0.02473428286612034,0.04495275020599365,0.014450252056121826,0,0,0,0,1.0,-0.03793375675968444,-0.004752144106390799,-0.14541656668627745,0.02473428286612034,0.9550472497940063,0.9855497479438782,False,,,,,,,,,
1756443070.270976,0,follower,auto,1.0946931838989258,0.9514984488487244,1.0346369743347168,1,1,1,-0.09469318389892578,0.048501551151275635,-0.0346369743347168,-2.91359154111586,-10.618011130675356,3.8392571530713724,0,,,,,,,,True,-9.0,-3.0,0.0,optimal,0,-9.0,-3.0,6.128771484277941,5.52057756209695
1756443070.3714705,1,follower,auto,0.002965595806017518,0.9849042296409607,0.9857400059700012,0,1,1,-0.002965595806017518,0.015095770359039307,0.01425999402999878,0.758700168981427,1.7593755490524798,2.58680517458997,0,,,,,,,,True,0.0,1.0,0.0,optimal,0,0.0,1.0,4.059247525939837,4.004787708394721
1756443070.4753547,0,follower,auto,1.0946931838989258,0.9514984488487244,1.0346369743347168,1,1,1,-0.09469318389892578,0.048501551151275635,-0.0346369743347168,0,0,0,0,1.0,-0.10455390774470752,-0.046651027716143934,-0.05449513135196593,1.0946931838989258,0.9514984488487244,1.0346369743347168,False,,,,,,,,,
1756443070.5757878,1,leader,auto,0.002965595806017518,0.9849042296409607,0.9857400059700012,0,1,1,-0.002965595806017518,0.015095770359039307,0.01425999402999878,0,0,0,0,1.0,-0.03744574677724228,-0.012275195397655647,-0.133831176461638,0.002965595806017518,0.9849042296409607,0.9857400059700012,False,,,,,,,,,
1756443070.5767522,0,follower,auto,1.088139533996582,0.9429574012756348,1.047996163368225,1,1,1,-0.08813953399658203,0.057042598724365234,-0.0479961633682251,-3.8713211230231583,-9.626351474713159,4.832662612854662,0,,,,,,,,True,-8.0,-4.0,0.0,optimal,0,-8.0,-4.0,6.170418116362509,5.507664574930908
1756443070.6775029,1,follower,auto,-0.018361052498221397,0.9975684285163879,0.9913231134414673,0,1,1,0.018361052498221397,0.0024315714836120605,0.008676886558532715,-0.19246352408698977,2.7858580526939436,1.5655984401228482,0,,,,,,,,True,1.0,0.0,0.0,optimal,0,1.0,0.0,4.071217484252717,4.2507011478767645
1756443070.8504748,0,follower,auto,1.088139533996582,0.9429574012756348,1.047996163368225,1,1,1,-0.08813953399658203,0.057042598724365234,-0.0479961633682251,0,0,0,0,1.0,-0.10979001226867169,-0.04117607783542365,-0.058390977430254676,1.088139533996582,0.9429574012756348,1.047996163368225,False,,,,,,,,,
1756443070.9509816,1,leader,auto,-0.018361052498221397,0.9975684285163879,0.9913231134414673,0,1,1,0.018361052498221397,0.0024315714836120605,0.008676886558532715,0,0,0,0,1.0,-0.03299758766569136,-0.029490164814304887,-0.12299526160318663,-0.018361052498221397,0.9975684285163879,0.9913231134414673,False,,,,,,,,,
1756443070.952185,0,follower,auto,1.0815725326538086,0.9307717084884644,1.0648434162139893,1,1,1,-0.0815725326538086,0.06922829151153564,-0.06484341621398926,-5.836055162900485,-9.638812515677026,5.802215221720703,0,,,,,,,,True,-8.0,-6.0,0.0,optimal,0,-8.0,-6.0,6.228258362951314,5.486497486049533
1756443071.053048,1,follower,auto,-0.03603662922978401,0.9965958595275879,0.996624767780304,0,1,1,0.03603662922978401,0.0034041404724121094,0.003375232219696045,-0.1278155317734831,4.7884833169834735,1.5742376839972272,0,,,,,,,,True,3.0,0.0,0.0,optimal,0,3.0,0.0,4.084837031534249,4.427617744814597
1756443071.188493,0,follower,auto,1.0815725326538086,0.9307717084884644,1.0648434162139893,1,1,1,-0.0815725326538086,0.06922829151153564,-0.06484341621398926,0,0,0,0,1.0,-0.11284231444769421,-0.038478837256355924,-0.05623211758503821,1.0815725326538086,0.9307717084884644,1.0648434162139893,False,,,,,,,,,
1756443071.288831,1,leader,auto,-0.03603662922978401,0.9965958595275879,0.996624767780304,0,1,1,0.03603662922978401,0.0034041404724121094,0.003375232219696045,0,0,0,0,1.0,-0.024580802780379628,-0.04116505926558678,-0.11746259747974763,-0.03603662922978401,0.9965958595275879,0.996624767780304,False,,,,,,,,,
1756443071.289372,0,follower,auto,1.0870507955551147,0.9293397665023804,1.0773721933364868,1,1,1,-0.08705079555511475,0.07066023349761963,-0.07737219333648682,-6.8926742682915325,-9.706804145996575,6.803850744127562,0,,,,,,,,True,-8.0,-7.0,0.0,optimal,0,-8.0,-7.0,6.300334016432318,5.614879356086787
1756443071.389793,1,follower,auto,-0.0429997444152832,0.9838390946388245,1.0007779598236084,0,1,1,0.0429997444152832,0.016160905361175537,-0.0007779598236083984,-0.03689437123629909,5.757941765982119,2.5890208570914486,0,,,,,,,,True,4.0,0.0,0.0,optimal,0,4.0,0.0,4.099472759815974,4.540014166399912
1756443071.495282,0,follower,auto,1.0870507955551147,0.9293397665023804,1.0773721933364868,1,1,1,-0.08705079555511475,0.07066023349761963,-0.07737219333648682,0,0,0,0,1.0,-0.1036653238524301,-0.019580301056987603,-0.06297888147492325,1.0870507955551147,0.9293397665023804,1.0773721933364868,False,,,,,,,,,
1756443071.595663,1,leader,auto,-0.0429997444152832,0.9838390946388245,1.0007779598236084,0,1,1,0.0429997444152832,0.016160905361175537,-0.0007779598236083984,0,0,0,0,1.0,-0.007605009750509956,-0.050351536077841486,-0.11313754161049228,-0.0429997444152832,0.9838390946388245,1.0007779598236084,False,,,,,,,,,
1756443071.5969641,0,follower,auto,1.0918606519699097,0.9299787282943726,1.080729365348816,1,1,1,-0.09186065196990967,0.07002127170562744,-0.08072936534881592,-7.933086815776271,-10.729369433857443,6.851615236389438,0,,,,,,,,True,-9.0,-8.0,0.0,optimal,0,-9.0,-8.0,6.329002512466515,5.250042798722513
1756443071.697926,1,follower,auto,-0.04523903876543045,0.9712612628936768,1.0074578523635864,0,1,1,0.04523903876543045,0.028738737106323242,-0.007457852363586426,0.004359477721174182,5.733914359181585,3.574090572856576,0,,,,,,,,True,4.0,0.0,0.0,optimal,0,4.0,0.0,4.127773317330819,4.666163092098513
1756443071.873571,0,follower,auto,1.0918606519699097,0.9299787282943726,1.080729365348816,1,1,1,-0.09186065196990967,0.07002127170562744,-0.08072936534881592,0,0,0,0,1.0,-0.10782061505379192,-0.009441904947200652,-0.07517560444072391,1.0918606519699097,0.9299787282943726,1.080729365348816,False,,,,,,,,,
1756443071.9739919,1,leader,auto,-0.04523903876543045,0.9712612628936768,1.0074578523635864,0,1,1,0.04523903876543045,0.028738737106323242,-0.007457852363586426,0,0,0,0,1.0,0.003333053435854709,-0.047114616398319153,-0.10641160947428063,-0.04523903876543045,0.9712612628936768,1.0074578523635864,False,,,,,,,,,
1756443071.9744408,0,follower,auto,1.0984220504760742,0.9294658899307251,1.083181381225586,1,1,1,-0.09842205047607422,0.0705341100692749,-0.08318138122558594,-7.966625381500077,-10.75435934540255,6.875306119378745,0,,,,,,,,True,-9.0,-8.0,0.0,optimal,0,-9.0,-8.0,6.3585014508328825,5.246174782678359
1756443072.0749745,1,follower,auto,-0.04803495109081268,0.9492818117141724,1.0146132707595825,0,1,1,0.04803495109081268,0.05071818828582764,-0.01461327075958252,-0.9175252038352133,5.739907781040508,6.5620543994494405,0,,,,,,,,True,4.0,-1.0,0.0,optimal,0,4.0,-1.0,4.1579983248962655,4.663652055237961
1756443072.1990495,0,follower,auto,1.0984220504760742,0.9294658899307251,1.083181381225586,1,1,1,-0.09842205047607422,0.0705341100692749,-0.08318138122558594,0,0,0,0,1.0,-0.11032920549305225,-0.0020941039902320213,-0.07842183954622906,1.0984220504760742,0.9294658899307251,1.083181381225586,False,,,,,,,,,
1756443072.2997813,1,leader,auto,-0.04803495109081268,0.9492818117141724,1.0146132707595825,0,1,1,0.04803495109081268,0.05071818828582764,-0.01461327075958252,0,0,0,0,1.0,0.008310366613650026,-0.05369371832649783,-0.10312547762266222,-0.04803495109081268,0.9492818117141724,1.0146132707595825,False,,,,,,,,,
1756443072.3014078,0,follower,auto,1.1043411493301392,0.9219000339508057,1.081969976425171,1,1,1,-0.10434114933013916,0.07809996604919434,-0.0819699764251709,-7.948560145196483,-11.772567586456606,6.901430657463175,0,,,,,,,,True,-10.0,-8.0,0.0,optimal,0,-10.0,-8.0,6.3695610370077915,5.076032281380394
1756443072.4026194,1,follower,auto,-0.053862329572439194,0.9342787265777588,1.0172334909439087,0,1,1,0.053862329572439194,0.06572127342224121,-0.01723349094390869,-0.9218954777155054,6.767846891583752,7.5738604735728545,0,,,,,,,,True,5.0,-1.0,0.0,optimal,0,5.0,-1.0,4.166708106166819,4.654536231576337
1756443072.5351667,0,follower,auto,1.1043411493301392,0.9219000339508057,1.081969976425171,1,1,1,-0.10434114933013916,0.07809996604919434,-0.0819699764251709,0,0,0,0,1.0,-0.11510611216097133,-0.0010548499855899118,-0.08425525597001915,1.1043411493301392,0.9219000339508057,1.081969976425171,False,,,,,,,,,
1756443072.6356773,1,leader,auto,-0.053862329572439194,0.9342787265777588,1.0172334909439087,0,1,1,0.053862329572439194,0.06572127342224121,-0.01723349094390869,0,0,0,0,1.0,0.01052018624162726,-0.04257820397998191,-0.10803520157642188,-0.053862329572439194,0.9342787265777588,1.0172334909439087,False,,,,,,,,,
1756443072.6361687,0,follower,auto,1.1107828617095947,0.917283296585083,1.0734442472457886,1,1,1,-0.11078286170959473,0.08271670341491699,-0.07344424724578857,-6.9480538984230655,-12.795255881765446,7.952678856538803,0,,,,,,,,True,-11.0,-7.0,0.0,optimal,0,-11.0,-7.0,6.348857028228485,4.832699568863163
1756443072.73661,1,follower,auto,-0.060965124517679214,0.9324128031730652,1.018317699432373,0,1,1,0.060965124517679214,0.06758719682693481,-0.018317699432373047,-0.9858556132147829,7.796616220079884,7.571162869673861,0,,,,,,,,True,6.0,-1.0,0.0,optimal,0,6.0,-1.0,4.168071087311786,4.7002926345799025
1756443072.8386588,0,follower,auto,1.1107828617095947,0.917283296585083,1.0734442472457886,1,1,1,-0.11078286170959473,0.08271670341491699,-0.07344424724578857,0,0,0,0,1.0,-0.11944969949237905,0.009906119772938649,-0.09341569564824836,1.1107828617095947,0.917283296585083,1.0734442472457886,False,,,,,,,,,
1756443072.939001,1,leader,auto,-0.060965124517679214,0.9324128031730652,1.018317699432373,0,1,1,0.060965124517679214,0.06758719682693481,-0.018317699432373047,0,0,0,0,1.0,0.015381405495099865,-0.02596445453174745,-0.11066296165127132,-0.060965124517679214,0.9324128031730652,1.018317699432373,False,,,,,,,,,
1756443072.9394867,0,follower,auto,1.1160082817077637,0.9200828075408936,1.0649569034576416,1,1,1,-0.11600828170776367,0.07991719245910645,-0.0649569034576416,-5.9769706881073565,-12.808291087774622,6.980773996498308,0,,,,,,,,True,-11.0,-6.0,0.0,optimal,0,-11.0,-6.0,6.3251092283854025,4.834902503603264
1756443073.039967,1,follower,auto,-0.06736115366220474,0.9374239444732666,1.02130126953125,0,1,1,0.06736115366220474,0.0625760555267334,-0.02130126953125,-2.0360069048592484,7.813615747683652,7.549494370860425,0,,,,,,,,True,6.0,-2.0,0.0,optimal,0,6.0,-2.0,4.178300162846524,4.761649323301285
1756443073.1453516,0,follower,auto,1.1160082817077637,0.9200828075408936,1.0649569034576416,1,1,1,-0.11600828170776367,0.07991719245910645,-0.0649569034576416,0,0,0,0,1.0,-0.12629426578588832,0.023676054806518687,-0.09572504737465692,1.1160082817077637,0.9200828075408936,1.0649569034576416,False,,,,,,,,,
1756443073.2458267,1,leader,auto,-0.06736115366220474,0.9374239444732666,1.02130126953125,0,1,1,0.06736115366220474,0.0625760555267334,-0.02130126953125,0,0,0,0,1.0,0.022961903186188237,-0.016543666941732815,-0.10969498521145615,-0.06736115366220474,0.9374239444732666,1.02130126953125,False,,,,,,,,,
1756443073.2472658,0,follower,auto,1.120069980621338,0.9264117479324341,1.0579332113265991,1,1,1,-0.12006998062133789,0.07358825206756592,-0.05793321132659912,-4.993987278819902,-13.823811725967582,6.982919928785003,0,,,,,,,,True,-12.0,-5.0,0.0,optimal,0,-12.0,-5.0,6.304861136673535,4.807161211113852
1756443073.3481994,1,follower,auto,-0.07778435945510864,0.9487377405166626,1.0176286697387695,0,1,1,0.07778435945510864,0.0512622594833374,-0.01762866973876953,-1.0840054920968125,8.852127452833475,6.571085007501414,0,,,,,,,,True,7.0,-1.0,0.0,optimal,0,7.0,-1.0,4.157256707750122,4.636038707234636
1756443073.4587708,0,follower,auto,1.120069980621338,0.9264117479324341,1.0579332113265991,1,1,1,-0.12006998062133789,0.07358825206756592,-0.05793321132659912,0,0,0,0,1.0,-0.13268862201110432,0.03176189164196486,-0.09549866687157138,1.120069980621338,0.9264117479324341,1.0579332113265991,False,,,,,,,,,
1756443073.5593276,1,leader,auto,-0.07778435945510864,0.9487377405166626,1.0176286697387695,0,1,1,0.07778435945510864,0.0512622594833374,-0.01762866973876953,0,0,0,0,1.0,0.025370628094322223,-0.0072123852771750485,-0.11731895036098683,-0.07778435945510864,0.9487377405166626,1.0176286697387695,False,,,,,,,,,
1756443073.5610373,0,follower,auto,1.116325855255127,0.9299978613853455,1.050342082977295,1,1,1,-0.11632585525512695,0.07000213861465454,-0.05034208297729492,-4.972765212261923,-12.799920805899339,6.988288276599597,0,,,,,,,,True,-11.0,-5.0,0.0,optimal,0,-11.0,-5.0,6.260018418682758,4.702592691466188
1756443073.6621656,1,follower,auto,-0.0886988565325737,0.9636907577514648,1.012603759765625,0,1,1,0.0886988565325737,0.036309242248535156,-0.012603759765625,-1.1284969679014893,9.869981738222545,4.580900565240613,0,,,,,,,,True,8.0,-1.0,0.0,optimal,0,8.0,-1.0,4.130263570959622,4.6617051419624875
1756443073.8060362,0,follower,auto,1.116325855255127,0.9299978613853455,1.050342082977295,1,1,1,-0.11632585525512695,0.07000213861465454,-0.05034208297729492,0,0,0,0,1.0,-0.14635694069619087,0.03210733848363767,-0.09731910300632363,1.116325855255127,0.9299978613853455,1.050342082977295,False,,,,,,,,,
1756443073.906609,1,leader,auto,-0.0886988565325737,0.9636907577514648,1.012603759765625,0,1,1,0.0886988565325737,0.036309242248535156,-0.012603759765625,0,0,0,0,1.0,0.032209226576935215,-0.0020564154770414955,-0.11820320852749289,-0.0886988565325737,0.9636907577514648,1.012603759765625,False,,,,,,,,,
1756443073.9081407,0,follower,auto,1.1089318990707397,0.9338945746421814,1.0462193489074707,1,1,1,-0.10893189907073975,0.0661054253578186,-0.0462193489074707,-3.9635875746620437,-11.780833749430787,5.98005398309432,0,,,,,,,,True,-10.0,-4.0,0.0,optimal,0,-10.0,-4.0,6.220590459625383,4.871117480900356
1756443074.0091228,1,follower,auto,-0.10051693022251129,0.9737412333488464,1.0123991966247559,0,1,1,0.10051693022251129,0.026258766651153564,-0.01239919662475586,-1.1253692725746933,11.882542554599913,3.558877317742655,0,,,,,,,,True,10.0,-1.0,0.0,optimal,0,10.0,-1.0,4.124503700353715,4.97141371607869
1756443074.2539349,0,follower,auto,1.1089318990707397,0.9338945746421814,1.0462193489074707,1,1,1,-0.10893189907073975,0.0661054253578186,-0.0462193489074707,0,0,0,0,1.0,-0.15402527587849502,0.03546426319080598,-0.09499985082306384,1.1089318990707397,0.9338945746421814,1.0462193489074707,False,,,,,,,,,
1756443074.3544986,1,leader,auto,-0.10051693022251129,0.9737412333488464,1.0123991966247559,0,1,1,0.10051693022251129,0.026258766651153564,-0.01239919662475586,0,0,0,0,1.0,0.039243078108069096,-0.005707075217938118,-0.11087156974880874,-0.10051693022251129,0.9737412333488464,1.0123991966247559,False,,,,,,,,,
1756443074.3567805,0,follower,auto,1.1027190685272217,0.9366700649261475,1.0466831922531128,1,1,1,-0.10271906852722168,0.06332993507385254,-0.04668319225311279,-3.9704987384382706,-11.781146736728374,5.969777858842023,0,,,,,,,,True,-10.0,-4.0,0.0,optimal,0,-10.0,-4.0,6.205206151562514,5.013990040837935
1756443074.458394,1,follower,auto,-0.10877591371536255,0.9687804579734802,1.021677017211914,0,1,1,0.10877591371536255,0.031219542026519775,-0.021677017211914062,-2.0470101183488696,11.872440997231863,4.500986542891308,0,,,,,,,,True,10.0,-2.0,0.0,optimal,0,10.0,-2.0,4.162415419983022,5.206846878595952
1756443074.5768118,0,follower,auto,1.1027190685272217,0.9366700649261475,1.0466831922531128,1,1,1,-0.10271906852722168,0.06332993507385254,-0.04668319225311279,0,0,0,0,1.0,-0.15538346743434706,0.03617877200114972,-0.09069333634130805,1.1027190685272217,0.9366700649261475,1.0466831922531128,False,,,,,,,,,
1756443074.677131,1,leader,auto,-0.10877591371536255,0.9687804579734802,1.021677017211914,0,1,1,0.10877591371536255,0.031219542026519775,-0.021677017211914062,0,0,0,0,1.0,0.05233012617327121,-0.019250532405034937,-0.0982957691535955,-0.10877591371536255,0.9687804579734802,1.021677017211914,False,,,,,,,,,
1756443074.677731,0,follower,auto,1.1072990894317627,0.9384905099868774,1.0477126836776733,1,1,1,-0.1072990894317627,0.06150949001312256,-0.04771268367767334,-3.990512909814829,-11.826323398735292,5.977734439548435,0,,,,,,,,True,-10.0,-4.0,0.0,optimal,0,-10.0,-4.0,6.222703035480958,5.20773309633382
1756443074.7781873,1,follower,auto,-0.10464493185281754,0.9536453485488892,1.0342941284179688,0,1,1,0.10464493185281754,0.04635465145111084,-0.03429412841796875,-2.9588181568930962,11.817125465264578,5.45617914992298,0,,,,,,,,True,10.0,-3.0,0.0,optimal,0,10.0,-3.0,4.220233854933802,5.456204060196754
1756443074.9970393,0,follower,auto,1.1072990894317627,0.9384905099868774,1.0477126836776733,1,1,1,-0.1072990894317627,0.06150949001312256,-0.04771268367767334,0,0,0,0,1.0,-0.14704875467695544,0.037023499196283005,-0.09065586594075326,1.1072990894317627,0.9384905099868774,1.0477126836776733,False,,,,,,,,,
1756443075.0974553,1,leader,auto,-0.10464493185281754,0.9536453485488892,1.0342941284179688,0,1,1,0.10464493185281754,0.04635465145111084,-0.03429412841796875,0,0,0,0,1.0,0.07345272495550309,-0.026222824391608834,-0.09355971892837456,-0.10464493185281754,0.9536453485488892,1.0342941284179688,False,,,,,,,,,
1756443075.0983143,0,follower,auto,1.1173864603042603,0.9390866756439209,1.0526663064956665,1,1,1,-0.11738646030426025,0.0609133243560791,-0.052666306495666504,-5.021725714899634,-12.859330844889929,5.984938375048811,0,,,,,,,,True,-11.0,-5.0,0.0,optimal,0,-11.0,-5.0,6.273489866274669,5.242434153864281
1756443075.1994462,1,follower,auto,-0.0922413244843483,0.9289211630821228,1.0569229125976562,0,1,1,0.0922413244843483,0.0710788369178772,-0.05692291259765625,-4.861735921911908,10.762109356236653,8.379389592402354,0,,,,,,,,True,9.0,-5.0,0.0,optimal,0,9.0,-5.0,4.326864700660307,5.615418018245656
1756443075.3820198,0,follower,auto,1.1173864603042603,0.9390866756439209,1.0526663064956665,1,1,1,-0.11738646030426025,0.0609133243560791,-0.052666306495666504,0,0,0,0,1.0,-0.1445448028271168,0.037568322750634264,-0.08727011703042376,1.1173864603042603,0.9390866756439209,1.0526663064956665,False,,,,,,,,,
1756443075.4822865,1,leader,auto,-0.0922413244843483,0.9289211630821228,1.0569229125976562,0,1,1,0.0922413244843483,0.0710788369178772,-0.05692291259765625,0,0,0,0,1.0,0.08913531242936171,-0.03127971281339448,-0.08339064196896229,-0.0922413244843483,0.9289211630821228,1.0569229125976562,False,,,,,,,,,
1756443075.482983,0,follower,auto,1.1296261548995972,0.9402227997779846,1.0572295188903809,1,1,1,-0.12962615489959717,0.05977720022201538,-0.05722951889038086,-5.034803942053776,-13.869087524193779,4.990095046726756,0,,,,,,,,True,-12.0,-5.0,0.0,optimal,0,-12.0,-5.0,6.328916043723108,5.250809233524976
1756443075.5833921,1,follower,auto,-0.07318321615457535,0.9214968085289001,1.067692518234253,0,1,1,0.07318321615457535,0.07850319147109985,-0.06769251823425293,-5.90382398122922,8.708470305312336,8.404805507777088,0,,,,,,,,True,7.0,-6.0,0.0,optimal,0,7.0,-6.0,4.38387521068959,5.269868728828865
1756443075.6892252,0,follower,auto,1.1296261548995972,0.9402227997779846,1.0572295188903809,1,1,1,-0.12962615489959717,0.05977720022201538,-0.05722951889038086,0,0,0,0,1.0,-0.14657912177954047,0.040875907577516135,-0.08840925880692607,1.1296261548995972,0.9402227997779846,1.0572295188903809,False,,,,,,,,,
1756443075.7895489,1,leader,auto,-0.07318321615457535,0.9214968085289001,1.067692518234253,0,1,1,0.07318321615457535,0.07850319147109985,-0.06769251823425293,0,0,0,0,1.0,0.10120380400114037,-0.007241363209135265,-0.09862577158631769,-0.07318321615457535,0.9214968085289001,1.067692518234253,False,,,,,,,,,
1756443075.7902448,0,follower,auto,1.137873649597168,0.9382015466690063,1.0591310262680054,1,1,1,-0.13787364959716797,0.06179845333099365,-0.05913102626800537,-5.018112854721922,-14.853736384430007,6.003885348906485,0,,,,,,,,True,-13.0,-5.0,0.0,optimal,0,-13.0,-5.0,6.3611536260526105,5.1106952912813846
1756443075.8908305,1,follower,auto,-0.061882928013801575,0.9218097925186157,1.0721653699874878,0,1,1,0.061882928013801575,0.07819020748138428,-0.07216536998748779,-6.956300791962073,7.723450530844527,8.437812509095059,0,,,,,,,,True,6.0,-7.0,0.0,optimal,0,6.0,-7.0,4.409435208541659,5.0585081563890775
1756443076.0012457,0,follower,auto,1.137873649597168,0.9382015466690063,1.0591310262680054,1,1,1,-0.13787364959716797,0.06179845333099365,-0.05913102626800537,0,0,0,0,1.0,-0.15564566189472795,0.040300779821876964,-0.09075650334232699,1.137873649597168,0.9382015466690063,1.0591310262680054,False,,,,,,,,,
1756443076.101867,1,leader,auto,-0.061882928013801575,0.9218097925186157,1.0721653699874878,0,1,1,0.061882928013801575,0.07819020748138428,-0.07216536998748779,0,0,0,0,1.0,0.0960822258773851,0.006834281107580331,-0.10740978468227746,-0.061882928013801575,0.9218097925186157,1.0721653699874878,False,,,,,,,,,
1756443076.1034522,0,follower,auto,1.1453614234924316,0.9332677125930786,1.0600358247756958,1,1,1,-0.14536142349243164,0.06673228740692139,-0.0600358247756958,-5.994499277044171,-15.846905907606624,6.017796015820017,0,,,,,,,,True,-14.0,-6.0,0.0,optimal,0,-14.0,-6.0,6.386831573789628,4.939983093927827
1756443076.2045133,1,follower,auto,-0.05412311106920242,0.9218251705169678,1.0775665044784546,0,1,1,0.05412311106920242,0.07817482948303223,-0.07756650447845459,-6.97716730143521,6.7437802700035565,8.438228422986086,0,,,,,,,,True,5.0,-7.0,0.0,optimal,0,5.0,-7.0,4.437764626832495,5.007537838463511
1756443076.3641264,0,follower,auto,1.1453614234924316,0.9332677125930786,1.0600358247756958,1,1,1,-0.14536142349243164,0.06673228740692139,-0.0600358247756958,0,0,0,0,1.0,-0.16192037936778148,0.0399882649203368,-0.09231170736062788,1.1453614234924316,0.9332677125930786,1.0600358247756958,False,,,,,,,,,
1756443076.4648435,1,leader,auto,-0.05412311106920242,0.9218251705169678,1.0775665044784546,0,1,1,0.05412311106920242,0.07817482948303223,-0.07756650447845459,0,0,0,0,1.0,0.09450027165941188,0.013082919041724095,-0.10847472737270403,-0.05412311106920242,0.9218251705169678,1.0775665044784546,False,,,,,,,,,
1756443076.4666266,0,follower,auto,1.147426962852478,0.9280018210411072,1.0630251169204712,1,1,1,-0.14742696285247803,0.07199817895889282,-0.06302511692047119,-5.978723362376939,-15.824820449759228,7.011898021722171,0,,,,,,,,True,-14.0,-6.0,0.0,optimal,0,-14.0,-6.0,6.4063274926052625,4.899220509382891
1756443076.5672567,1,follower,auto,-0.05380067229270935,0.9229088425636292,1.0810271501541138,0,1,1,0.05380067229270935,0.07709115743637085,-0.08102715015411377,-7.9952112892445735,6.783853250304841,8.447819571073834,0,,,,,,,,True,5.0,-8.0,0.0,optimal,0,5.0,-8.0,4.453698968703721,4.919180969024456
1756443076.6710544,0,follower,auto,1.147426962852478,0.9280018210411072,1.0630251169204712,1,1,1,-0.14742696285247803,0.07199817895889282,-0.06302511692047119,0,0,0,0,1.0,-0.17347429704853834,0.043251410826117054,-0.09070630729772544,1.147426962852478,0.9280018210411072,1.0630251169204712,False,,,,,,,,,
1756443076.7714415,1,leader,auto,-0.05380067229270935,0.9229088425636292,1.0810271501541138,0,1,1,0.05380067229270935,0.07709115743637085,-0.08102715015411377,0,0,0,0,1.0,0.08813665746174465,0.020343405248965163,-0.11234496096863555,-0.05380067229270935,0.9229088425636292,1.0810271501541138,False,,,,,,,,,
1756443076.7720866,0,follower,auto,1.1452934741973877,0.9234318733215332,1.067076325416565,1,1,1,-0.1452934741973877,0.0765681266784668,-0.06707632541656494,-5.975925462034539,-15.804758379104634,7.00079693222771,0,,,,,,,,True,-14.0,-6.0,0.0,optimal,0,-14.0,-6.0,6.41850829182183,4.882391789622664
1756443076.8729465,1,follower,auto,-0.059256747364997864,0.9209024906158447,1.0819720029830933,0,1,1,0.059256747364997864,0.07909750938415527,-0.08197200298309326,-7.98863447484901,6.824344386923308,8.466134888045783,0,,,,,,,,True,5.0,-8.0,0.0,optimal,0,5.0,-8.0,4.4553535360879515,4.846398828188928
1756443076.9770606,0,follower,auto,1.1452934741973877,0.9234318733215332,1.067076325416565,1,1,1,-0.1452934741973877,0.0765681266784668,-0.06707632541656494,0,0,0,0,1.0,-0.18308968769052214,0.047330993371324404,-0.09121391053026562,1.1452934741973877,0.9234318733215332,1.067076325416565,False,,,,,,,,,
1756443077.0774403,1,leader,auto,-0.059256747364997864,0.9209024906158447,1.0819720029830933,0,1,1,0.059256747364997864,0.07909750938415527,-0.08197200298309326,0,0,0,0,1.0,0.08385379741556323,0.024027988228826014,-0.11656787572827088,-0.059256747364997864,0.9209024906158447,1.0819720029830933,False,,,,,,,,,
1756443077.079752,0,follower,auto,1.1408480405807495,0.9214789271354675,1.0699101686477661,1,1,1,-0.1408480405807495,0.07852107286453247,-0.06991016864776611,-5.986115317519663,-15.790329979879528,6.98869149036625,0,,,,,,,,True,-14.0,-6.0,0.0,optimal,0,-14.0,-6.0,6.418535249775916,4.802525308506784
1756443077.1802528,1,follower,auto,-0.06556588411331177,0.9196934103965759,1.074615240097046,0,1,1,0.06556588411331177,0.08030658960342407,-0.0746152400970459,-6.989972152642997,7.84137497775793,9.520384318266151,0,,,,,,,,True,6.0,-7.0,0.0,optimal,0,6.0,-7.0,4.418833845173316,4.664186371973255
1756443077.2941904,0,follower,auto,1.1408480405807495,0.9214789271354675,1.0699101686477661,1,1,1,-0.1408480405807495,0.07852107286453247,-0.06991016864776611,0,0,0,0,1.0,-0.1902210097697432,0.053084060764587826,-0.09395923809557005,1.1408480405807495,0.9214789271354675,1.0699101686477661,False,,,,,,,,,
1756443077.3949084,1,leader,auto,-0.06556588411331177,0.9196934103965759,1.074615240097046,0,1,1,0.06556588411331177,0.08030658960342407,-0.0746152400970459,0,0,0,0,1.0,0.08479385228152736,0.03137221513846111,-0.12634155378764733,-0.06556588411331177,0.9196934103965759,1.074615240097046,False,,,,,,,,,
1756443077.3971229,0,follower,auto,1.1350675821304321,0.9192448258399963,1.0736697912216187,1,1,1,-0.13506758213043213,0.08075517416000366,-0.07366979122161865,-6.988370597653436,-14.78763454765763,7.961105710707363,0,,,,,,,,True,-13.0,-7.0,0.0,optimal,0,-13.0,-7.0,6.4189932847954445,4.839004119033266
1756443077.499027,1,follower,auto,-0.07673224806785583,0.9174296855926514,1.0619404315948486,0,1,1,0.07673224806785583,0.08257031440734863,-0.06194043159484863,-5.9855647737779,8.874124701121568,9.579060812781405,0,,,,,,,,True,7.0,-6.0,0.0,optimal,0,7.0,-6.0,4.356223005136325,4.549690582747626
1756443077.6717467,0,follower,auto,1.1350675821304321,0.9192448258399963,1.0736697912216187,1,1,1,-0.13506758213043213,0.08075517416000366,-0.07366979122161865,0,0,0,0,1.0,-0.19593310399711727,0.05560397732682665,-0.09438459595755067,1.1350675821304321,0.9192448258399963,1.0736697912216187,False,,,,,,,,,
1756443077.7721956,1,leader,auto,-0.07673224806785583,0.9174296855926514,1.0619404315948486,0,1,1,0.07673224806785583,0.08257031440734863,-0.06194043159484863,0,0,0,0,1.0,0.08269036891616349,0.03542520979814068,-0.13359949049480435,-0.07673224806785583,0.9174296855926514,1.0619404315948486,False,,,,,,,,,
1756443077.7732708,0,follower,auto,1.1271898746490479,0.9153016805648804,1.071160078048706,1,1,1,-0.12718987464904785,0.08469831943511963,-0.07116007804870605,-6.976795074430957,-13.781027623595852,7.978331955207067,0,,,,,,,,True,-12.0,-7.0,0.0,optimal,0,-12.0,-7.0,6.3850390384229705,4.71624991391495
1756443077.8739765,1,follower,auto,-0.08823249489068985,0.9168604016304016,1.0539475679397583,0,1,1,0.08823249489068985,0.08313959836959839,-0.0539475679397583,-4.996433334201508,9.88836207771275,9.577828824517177,0,,,,,,,,True,8.0,-5.0,0.0,optimal,0,8.0,-5.0,4.315125115241774,4.779013419800771
1756443078.079267,0,follower,auto,1.1271898746490479,0.9153016805648804,1.071160078048706,1,1,1,-0.12718987464904785,0.08469831943511963,-0.07116007804870605,0,0,0,0,1.0,-0.2010620013360147,0.057547065305225686,-0.10295196165757003,1.1271898746490479,0.9153016805648804,1.071160078048706,False,,,,,,,,,
1756443078.1795807,1,leader,auto,-0.08823249489068985,0.9168604016304016,1.0539475679397583,0,1,1,0.08823249489068985,0.08313959836959839,-0.0539475679397583,0,0,0,0,1.0,0.0862691886140253,0.040979702825704956,-0.1304806370307907,-0.08823249489068985,0.9168604016304016,1.0539475679397583,False,,,,,,,,,
1756443078.180267,0,follower,auto,1.1214934587478638,0.9157618880271912,1.0597776174545288,1,1,1,-0.12149345874786377,0.08423811197280884,-0.05977761745452881,-4.988184895243601,-13.78714067334892,8.019375947693788,0,,,,,,,,True,-12.0,-5.0,0.0,optimal,0,-12.0,-5.0,6.317238533611432,4.61792643781042
1756443078.2807777,1,follower,auto,-0.09430480748414993,0.9207538366317749,1.0399938821792603,0,1,1,0.09430480748414993,0.0792461633682251,-0.039993882179260254,-3.022068925693611,10.868769669261496,8.60388410091312,0,,,,,,,,True,9.0,-3.0,0.0,optimal,0,9.0,-3.0,4.249883104424647,4.714838894463783
1756443078.3854427,0,follower,auto,1.1214934587478638,0.9157618880271912,1.0597776174545288,1,1,1,-0.12149345874786377,0.08423811197280884,-0.05977761745452881,0,0,0,0,1.0,-0.20059801729924942,0.06547438919876991,-0.11362592333458776,1.1214934587478638,0.9157618880271912,1.0597776174545288,False,,,,,,,,,
1756443078.4857154,1,leader,auto,-0.09430480748414993,0.9207538366317749,1.0399938821792603,0,1,1,0.09430480748414993,0.0792461633682251,-0.039993882179260254,0,0,0,0,1.0,0.09640933360427045,0.04798007295398721,-0.13819044973886818,-0.09430480748414993,0.9207538366317749,1.0399938821792603,False,,,,,,,,,
1756443078.48626,0,follower,auto,1.1241695880889893,0.9157180786132812,1.0484118461608887,1,1,1,-0.12416958808898926,0.08428192138671875,-0.04841184616088867,-3.9749283540625444,-13.826753922462348,8.044257565611542,0,,,,,,,,True,-12.0,-4.0,0.0,optimal,0,-12.0,-4.0,6.273614845594178,4.685216126328031
1756443078.5867014,1,follower,auto,-0.0934845432639122,0.9314444065093994,1.0362824201583862,0,1,1,0.0934845432639122,0.06855559349060059,-0.03628242015838623,-3.0728641861662207,10.836557768278396,7.5560448288914905,0,,,,,,,,True,9.0,-3.0,0.0,optimal,0,9.0,-3.0,4.233607696580364,4.907903052787487
1756443078.6907449,0,follower,auto,1.1241695880889893,0.9157180786132812,1.0484118461608887,1,1,1,-0.12416958808898926,0.08428192138671875,-0.04841184616088867,0,0,0,0,1.0,-0.19397673169233398,0.06603009386586656,-0.11481105458166896,1.1241695880889893,0.9157180786132812,1.0484118461608887,False,,,,,,,,,
1756443078.7913358,1,leader,auto,-0.0934845432639122,0.9314444065093994,1.0362824201583862,0,1,1,0.0934845432639122,0.06855559349060059,-0.03628242015838623,0,0,0,0,1.0,0.10838612007097354,0.0549204723786928,-0.12826068311582506,-0.0934845432639122,0.9314444065093994,1.0362824201583862,False,,,,,,,,,
1756443078.7935638,0,follower,auto,1.1292600631713867,0.91585373878479,1.0392228364944458,1,1,1,-0.12926006317138672,0.08414626121520996,-0.0392228364944458,-2.9482216104381997,-13.84936717358526,8.046985502324683,0,,,,,,,,True,-12.0,-3.0,0.0,optimal,0,-12.0,-3.0,6.246903239654909,4.8294378407926075
1756443078.894752,1,follower,auto,-0.08934351056814194,0.9504560828208923,1.0323269367218018,0,1,1,0.08934351056814194,0.049543917179107666,-0.03232693672180176,-3.1465349648590366,9.813535994661772,5.538312087058942,0,,,,,,,,True,8.0,-3.0,0.0,optimal,0,8.0,-3.0,4.217659708953498,4.803978810674854
1756443079.0995615,0,follower,auto,1.1292600631713867,0.91585373878479,1.0392228364944458,1,1,1,-0.12926006317138672,0.08414626121520996,-0.0392228364944458,0,0,0,0,1.0,-0.19375053597198422,0.06622268617339588,-0.11378988724518324,1.1292600631713867,0.91585373878479,1.0392228364944458,False,,,,,,,,,
1756443079.2001576,1,leader,auto,-0.08934351056814194,0.9504560828208923,1.0323269367218018,0,1,1,0.08934351056814194,0.049543917179107666,-0.03232693672180176,0,0,0,0,1.0,0.11604027911052606,0.0630192146560059,-0.1283651083734776,-0.08934351056814194,0.9504560828208923,1.0323269367218018,False,,,,,,,,,
1756443079.2016938,0,follower,auto,1.137589454650879,0.9148249626159668,1.0357898473739624,1,1,1,-0.1375894546508789,0.0851750373840332,-0.0357898473739624,-2.9022889007483044,-14.874091778940846,8.024160818839723,0,,,,,,,,True,-13.0,-3.0,0.0,optimal,0,-13.0,-3.0,6.2554196817438985,4.963377143245479
1756443079.302759,1,follower,auto,-0.08419040590524673,0.9771101474761963,1.0308188199996948,0,1,1,0.08419040590524673,0.02288985252380371,-0.030818819999694824,-3.233764283484086,9.806715941465772,3.522181102514243,0,,,,,,,,True,8.0,-3.0,0.0,optimal,0,8.0,-3.0,4.213126388568174,4.879359723421272
1756443079.4830098,0,follower,auto,1.137589454650879,0.9148249626159668,1.0357898473739624,1,1,1,-0.1375894546508789,0.0851750373840332,-0.0357898473739624,0,0,0,0,1.0,-0.1927359545901557,0.06403311027309821,-0.10925345896683747,1.137589454650879,0.9148249626159668,1.0357898473739624,False,,,,,,,,,
1756443079.5836,1,leader,auto,-0.08419040590524673,0.9771101474761963,1.0308188199996948,0,1,1,0.08419040590524673,0.02288985252380371,-0.030818819999694824,0,0,0,0,1.0,0.11990347032568119,0.07002698508531557,-0.1237541472436503,-0.08419040590524673,0.9771101474761963,1.0308188199996948,False,,,,,,,,,
1756443079.584185,0,follower,auto,1.1422475576400757,0.9135891795158386,1.043289303779602,1.0,1.0,0.95,-0.14224755764007568,0.08641082048416138,-0.0932893037796021,-8.875282033364597,-15.866789836733606,7.969404601032929,0,,,,,,,,True,-14.0,-9.0,0.0,optimal,0,-14.0,-9.0,6.302424917970736,4.773988908435852
1756443079.6846657,1,follower,auto,-0.08095191419124603,0.9924176335334778,1.037567377090454,0.0,1.0,0.95,0.08095191419124603,0.007582366466522217,-0.08756737709045415,-8.224635074325164,9.813411387737654,1.4846563186883854,0,,,,,,,,True,8.0,-8.0,0.0,optimal,0,8.0,-8.0,4.244689830915934,5.056864959013113
1756443079.8146515,0,follower,auto,1.1422475576400757,0.9135891795158386,1.043289303779602,1.0,1.0,0.95,-0.14224755764007568,0.08641082048416138,-0.0932893037796021,0,0,0,0,1.0,-0.19971717758398277,0.06288640562615577,-0.09978996672154383,1.1422475576400757,0.9135891795158386,1.043289303779602,False,,,,,,,,,
1756443079.9160628,1,leader,auto,-0.08095191419124603,0.9924176335334778,1.037567377090454,0.0,1.0,0.95,0.08095191419124603,0.007582366466522217,-0.08756737709045415,0,0,0,0,1.0,0.12060136509871158,0.05771255166565825,-0.11159440569867929,-0.08095191419124603,0.9924176335334778,1.037567377090454,False,,,,,,,,,
1756443079.9185245,0,follower,auto,1.1383917331695557,0.9115702509880066,1.0525699853897095,1.0,1.0,0.8999999999999999,-0.13839173316955566,0.08842974901199341,-0.15256998538970956,-14.854182238602824,-14.817962746038756,7.944086588315784,0,,,,,,,,True,-13.0,-15.0,0.0,optimal,0,-13.0,-15.0,6.333042317129115,4.48450039263116
1756443080.0199087,1,follower,auto,-0.0779816135764122,1.0018340349197388,1.0456827878952026,0.0,1.0,0.8999999999999999,0.0779816135764122,-0.0018340349197387695,-0.14568278789520273,-14.206862279709506,8.805668411533851,1.4690680994582153,0,,,,,,,,True,7.0,-14.0,0.0,optimal,0,7.0,-14.0,4.282383347758904,5.013795197687582
1756443080.1257105,0,follower,auto,1.1383917331695557,0.9115702509880066,1.0525699853897095,1.0,1.0,0.8999999999999999,-0.13839173316955566,0.08842974901199341,-0.15256998538970956,0,0,0,0,1.0,-0.21211486422539405,0.06720535789424709,-0.09999074811481634,1.1383917331695557,0.9115702509880066,1.0525699853897095,False,,,,,,,,,
1756443080.2261012,1,leader,auto,-0.0779816135764122,1.0018340349197388,1.0456827878952026,0.0,1.0,0.8999999999999999,0.0779816135764122,-0.0018340349197387695,-0.14568278789520273,0,0,0,0,1.0,0.12291050348135968,0.056583348969023395,-0.10501654396145765,-0.0779816135764122,1.0018340349197388,1.0456827878952026,False,,,,,,,,,
1756443080.2268393,0,follower,auto,1.1357866525650024,0.9092108607292175,1.0556426048278809,1.0,1.0,0.8499999999999999,-0.13578665256500244,0.09078913927078247,-0.205642604827881,-19.84325770295387,-14.804668192256903,8.96569080260176,0,,,,,,,,True,-13.0,-20.0,0.0,optimal,0,-13.0,-20.0,6.3394068723985235,4.059518916808351
1756443080.3274138,1,follower,auto,-0.07593915611505508,1.0050150156021118,1.0504896640777588,0.0,1.0,0.8499999999999999,0.07593915611505508,-0.005015015602111816,-0.20048966407775892,-20,8.803342909106856,1.475161722123384,0,,,,,,,,True,7.0,-20.0,0.0,optimal,0,7.0,-20.0,4.304906989883259,4.902863071890209
1756443080.5028381,0,follower,auto,1.1357866525650024,0.9092108607292175,1.0556426048278809,1.0,1.0,0.8499999999999999,-0.13578665256500244,0.09078913927078247,-0.205642604827881,0,0,0,0,1.0,-0.2129551912519423,0.07768675692823812,-0.1081434519881792,1.1357866525650024,0.9092108607292175,1.0556426048278809,False,,,,,,,,,
1756443080.6040957,1,leader,auto,-0.07593915611505508,1.0050150156021118,1.0504896640777588,0.0,1.0,0.8499999999999999,0.07593915611505508,-0.005015015602111816,-0.20048966407775892,0,0,0,0,1.0,0.12341369853053524,0.06115978960670354,-0.10349315404542092,-0.07593915611505508,1.0050150156021118,1.0504896640777588,False,,,,,,,,,
1756443080.6059756,0,follower,auto,1.1292277574539185,0.9114128351211548,1.0422074794769287,1.0,1.0,0.7999999999999998,-0.12922775745391846,0.08858716487884521,-0.2422074794769289,-19.875144656767624,-13.768451184910361,8.051162800511058,0,,,,,,,,True,-12.0,-20.0,4.0,optimal,0,-12.0,-24.0,6.260186363699038,3.397860477159919
1756443080.7071333,1,follower,auto,-0.07068870961666107,0.9982080459594727,1.0440136194229126,0.0,1.0,0.7999999999999998,0.07068870961666107,0.0017919540405273438,-0.24401361942291278,-20,8.773549084138645,1.5147198709308385,0,,,,,,,,True,7.0,-20.0,4.0,optimal,0,7.0,-24.0,4.278180792052794,4.546849396065998
1756443080.884098,0,follower,auto,1.1292277574539185,0.9114128351211548,1.0422074794769287,1.0,1.0,0.7999999999999998,-0.12922775745391846,0.08858716487884521,-0.2422074794769289,0,0,0,0,1.0,-0.21893636247561354,0.09743017386622399,-0.12712828046061375,1.1292277574539185,0.9114128351211548,1.0422074794769287,False,,,,,,,,,
1756443080.9844573,1,leader,auto,-0.07068870961666107,0.9982080459594727,1.0440136194229126,0.0,1.0,0.7999999999999998,0.07068870961666107,0.0017919540405273438,-0.24401361942291278,0,0,0,0,1.0,0.12802020856484686,0.06750225190528913,-0.11004164736222122,-0.07068870961666107,0.9982080459594727,1.0440136194229126,False,,,,,,,,,
1756443080.9852016,0,follower,auto,1.1228927373886108,0.9176152348518372,1.0045479536056519,1.0,1.0,0.7499999999999998,-0.12289273738861084,0.08238476514816284,-0.2545479536056521,-19.91446022280162,-13.749030878657646,8.185675460493664,0,,,,,,,,True,-12.0,-20.0,5.0,optimal,0,-12.0,-25.0,6.074655421860122,2.6440063302240886
1756443081.0857077,1,follower,auto,-0.06715060770511627,0.993075966835022,1.01319420337677,0.0,1.0,0.7499999999999998,0.06715060770511627,0.006924033164978027,-0.26319420337677024,-20,7.7623073046719355,1.6217008969920657,0,,,,,,,,True,6.0,-20.0,6.0,optimal,0,6.0,-26.0,4.142447421352633,3.733450165054277
1756443081.1900768,0,follower,auto,1.1228927373886108,0.9176152348518372,1.0045479536056519,1.0,1.0,0.7499999999999998,-0.12289273738861084,0.08238476514816284,-0.2545479536056521,0,0,0,0,1.0,-0.21934475686621058,0.11545993342976335,-0.15177614695381259,1.1228927373886108,0.9176152348518372,1.0045479536056519,False,,,,,,,,,
1756443081.2907126,1,leader,auto,-0.06715060770511627,0.993075966835022,1.01319420337677,0.0,1.0,0.7499999999999998,0.06715060770511627,0.006924033164978027,-0.26319420337677024,0,0,0,0,1.0,0.12740020054824547,0.08512700730916034,-0.12929723978271523,-0.06715060770511627,0.993075966835022,1.01319420337677,False,,,,,,,,,
1756443081.2914553,0,follower,auto,1.1162604093551636,0.9203283190727234,0.962883710861206,1.0,1.0,0.6999999999999997,-0.11626040935516357,0.07967168092727661,-0.2628837108612063,-19.91179241266282,-12.736643926952645,7.240595262764723,0,,,,,,,,True,-11.0,-20.0,6.0,optimal,0,-11.0,-26.0,5.873859493815598,2.1875066119856537
1756443081.3919518,1,follower,auto,-0.06727955490350723,0.9922602772712708,0.9720794558525085,0.0,1.0,0.6999999999999997,0.06727955490350723,0.007739722728729248,-0.2720794558525088,-20,7.7690242107306515,1.6992894036095674,0,,,,,,,,True,6.0,-20.0,7.0,optimal,0,6.0,-27.0,3.962087968102441,3.101228641721257
1756443081.4996629,0,follower,auto,1.1162604093551636,0.9203283190727234,0.962883710861206,1.0,1.0,0.6999999999999997,-0.11626040935516357,0.07967168092727661,-0.2628837108612063,0,0,0,0,1.0,-0.2202304103010353,0.12495748213698299,-0.15485997047024647,1.1162604093551636,0.9203283190727234,0.962883710861206,False,,,,,,,,,
1756443081.6003466,1,leader,auto,-0.06727955490350723,0.9922602772712708,0.9720794558525085,0.0,1.0,0.6999999999999997,0.06727955490350723,0.007739722728729248,-0.2720794558525088,0,0,0,0,1.0,0.12385144671008691,0.1043357764313102,-0.13345643777086336,-0.06727955490350723,0.9922602772712708,0.9720794558525085,False,,,,,,,,,
1756443081.6023707,0,follower,auto,1.111335277557373,0.9203280210494995,0.9193565249443054,1.0,1.0,0.6499999999999997,-0.11133527755737305,0.07967197895050049,-0.26935652494430573,-19.90318279125223,-12.74064385828506,7.24359956726993,0,,,,,,,,True,-11.0,-20.0,6.0,optimal,0,-11.0,-26.0,5.6735393455019505,2.035338438684502
1756443081.7035372,1,follower,auto,-0.07061753422021866,0.9888100624084473,0.9145197868347168,0.0,1.0,0.6499999999999997,0.07061753422021866,0.011189937591552734,-0.2645197868347171,-20,8.78506301009937,2.8129306233680644,0,,,,,,,,True,7.0,-20.0,6.0,optimal,0,7.0,-26.0,3.7138102445227497,2.5620562869385575
1756443081.8217554,0,follower,auto,1.111335277557373,0.9203280210494995,0.9193565249443054,1.0,1.0,0.6499999999999997,-0.11133527755737305,0.07967197895050049,-0.26935652494430573,0,0,0,0,1.0,-0.2180460333742691,0.1346584433773167,-0.1546719106772514,1.111335277557373,0.9203280210494995,0.9193565249443054,False,,,,,,,,,
1756443081.9223695,1,leader,auto,-0.07061753422021866,0.9888100624084473,0.9145197868347168,0.0,1.0,0.6499999999999997,0.07061753422021866,0.011189937591552734,-0.2645197868347171,0,0,0,0,1.0,0.12098035199989188,0.11544110454635925,-0.1435932624017513,-0.07061753422021866,0.9888100624084473,0.9145197868347168,False,,,,,,,,,
1756443081.9249163,0,follower,auto,1.10810387134552,0.9206144213676453,0.8737928867340088,1.0,1.0,0.5999999999999996,-0.10810387134552002,0.07938557863235474,-0.27379288673400914,-19.911022969060927,-11.748207586443815,7.227033473091021,0,,,,,,,,True,-10.0,-20.0,7.0,optimal,0,-10.0,-27.0,5.4733734495668145,1.9325682650731557
1756443082.026192,1,follower,auto,-0.07287286221981049,0.9819155335426331,0.8473994135856628,0.0,1.0,0.5999999999999996,0.07287286221981049,0.018084466457366943,-0.2473994135856632,-20,8.784577615676175,2.91319843222965,0,,,,,,,,True,7.0,-20.0,4.0,optimal,0,7.0,-24.0,3.4334310954671374,2.16509734217445
1756443082.1408713,0,follower,auto,1.10810387134552,0.9206144213676453,0.8737928867340088,1.0,1.0,0.5999999999999996,-0.10810387134552002,0.07938557863235474,-0.27379288673400914,0,0,0,0,0.85,-0.21601018964416063,0.14676881790729956,-0.15467164789728205,1.10810387134552,0.9206144213676453,0.8737928867340088,False,,,,,,,,,
1756443082.2414389,1,leader,auto,-0.07287286221981049,0.9819155335426331,0.8473994135856628,0.0,1.0,0.5999999999999996,0.07287286221981049,0.018084466457366943,-0.2473994135856632,0,0,0,0,1.0,0.12358924520711734,0.12507032427058706,-0.1473513015122765,-0.07287286221981049,0.9819155335426331,0.8473994135856628,False,,,,,,,,,
1756443082.2436223,0,follower,auto,1.1075001955032349,0.9293076395988464,0.8218926787376404,1.0,1.0,0.5499999999999996,-0.10750019550323486,0.07069236040115356,-0.2718926787376408,-19.986880656472977,-11.761593293379661,7.2440426132192295,0,,,,,,,,True,-10.0,-20.0,7.0,optimal,0,-10.0,-27.0,5.259106804674516,1.6565840933025249
1756443082.3446674,1,follower,auto,-0.07323712855577469,0.9629898071289062,0.7859424352645874,0.0,1.0,0.5499999999999996,0.07323712855577469,0.03701019287109375,-0.2359424352645878,-19.960732717580754,8.776569659298017,4.924127140910235,0,,,,,,,,True,7.0,-20.0,3.0,optimal,0,7.0,-23.0,3.18538875605027,2.073841852884363
1756443082.5164144,0,follower,auto,1.1075001955032349,0.9293076395988464,0.8218926787376404,1.0,1.0,0.5499999999999996,-0.10750019550323486,0.07069236040115356,-0.2718926787376408,0,0,0,0,1.0,-0.21217005548238688,0.16628052971497786,-0.15895495228260803,1.1075001955032349,0.9293076395988464,0.8218926787376404,False,,,,,,,,,
1756443082.6169567,1,leader,auto,-0.07323712855577469,0.9629898071289062,0.7859424352645874,0.0,1.0,0.5499999999999996,0.07323712855577469,0.03701019287109375,-0.2359424352645878,0,0,0,0,1.0,0.12684952977399408,0.12553490726643912,-0.13576002692579103,-0.07323712855577469,0.9629898071289062,0.7859424352645874,False,,,,,,,,,
1756443082.6177309,0,follower,auto,1.112884283065796,0.9383032321929932,0.7600587606430054,1.0,1.0,0.4999999999999996,-0.1128842830657959,0.061696767807006836,-0.26005876064300576,-20,-12.805344782018935,6.279797532591524,0,,,,,,,,True,-11.0,-20.0,6.0,optimal,0,-11.0,-26.0,5.028072342507743,1.538945072706325
1756443082.7182584,1,follower,auto,-0.07750599831342697,0.9335963129997253,0.713861882686615,0.0,1.0,0.4999999999999996,0.07750599831342697,0.06640368700027466,-0.21386188268661538,-19.84254978575324,8.805153777013825,7.983094170472267,0,,,,,,,,True,7.0,-20.0,1.0,optimal,0,7.0,-21.0,2.902370886787259,1.8396264478532554
1756443082.8236058,0,follower,auto,1.112884283065796,0.9383032321929932,0.7600587606430054,1.0,1.0,0.4999999999999996,-0.1128842830657959,0.061696767807006836,-0.26005876064300576,0,0,0,0,0.8464817248906141,-0.2052136820419772,0.1765929529514978,-0.16659540785713745,1.112884283065796,0.9383032321929932,0.7600587606430054,False,,,,,,,,,
1756443082.9242258,1,leader,auto,-0.07750599831342697,0.9335963129997253,0.713861882686615,0.0,1.0,0.4999999999999996,0.07750599831342697,0.06640368700027466,-0.21386188268661538,0,0,0,0,1.0,0.12411052422516441,0.12749577783257948,-0.14316212670805084,-0.07750599831342697,0.9335963129997253,0.713861882686615,False,,,,,,,,,
1756443082.9259279,0,follower,auto,1.1160188913345337,0.9442399144172668,0.7148200273513794,1.0,1.0,0.4499999999999996,-0.11601889133453369,0.055760085582733154,-0.26482002735137977,-20,-12.816995098589144,5.212420334945113,0,,,,,,,,True,-11.0,-20.0,6.0,optimal,0,-11.0,-26.0,4.86164523776222,1.5223422777642681
1756443083.0269303,1,follower,auto,-0.08258239924907684,0.9140410423278809,0.6599465608596802,0.0,1.0,0.4499999999999996,0.08258239924907684,0.08595895767211914,-0.20994656085968055,-19.827452604407117,9.825093326288641,9.932894207471978,0,,,,,,,,True,8.0,-20.0,0.0,optimal,0,8.0,-20.0,2.6966716223700398,1.8648061062011942
1756443083.129904,0,follower,auto,1.1160188913345337,0.9442399144172668,0.7148200273513794,1.0,1.0,0.4499999999999996,-0.11601889133453369,0.055760085582733154,-0.26482002735137977,0,0,0,0,0.7165313105737893,-0.2079556851953006,0.18293846540453484,-0.1462842961152916,1.1160188913345337,0.9442399144172668,0.7148200273513794,False,,,,,,,,,
1756443083.2303486,1,leader,auto,-0.08258239924907684,0.9140410423278809,0.6599465608596802,0.0,1.0,0.4499999999999996,0.08258239924907684,0.08595895767211914,-0.20994656085968055,0,0,0,0,1.0,0.1246615153706708,0.14952680440571442,-0.1243902625250024,-0.08258239924907684,0.9140410423278809,0.6599465608596802,False,,,,,,,,,
1756443083.2330143,0,follower,auto,1.116159439086914,0.9482510089874268,0.6677799820899963,1.0,1.0,0.39999999999999963,-0.11615943908691406,0.05174899101257324,-0.2677799820899967,-20,-12.821195025562728,5.195284786978362,0,,,,,,,,True,-11.0,-20.0,6.0,optimal,0,-11.0,-26.0,4.684109618411069,1.2941688784547822
1756443083.334292,1,follower,auto,-0.09375841170549393,0.9069247841835022,0.6073116064071655,0.0,1.0,0.39999999999999963,0.09375841170549393,0.0930752158164978,-0.2073116064071659,-19.86994765235008,10.869973445629531,10.916944574545138,0,,,,,,,,True,9.0,-20.0,0.0,optimal,0,9.0,-20.0,2.4989108353962894,1.7775151484886513
1756443083.511802,0,follower,auto,1.116159439086914,0.9482510089874268,0.6677799820899963,1.0,1.0,0.39999999999999963,-0.11615943908691406,0.05174899101257324,-0.2677799820899967,0,0,0,0,0.6065306597126334,-0.21128939969852922,0.19003656982614903,-0.14452097065307634,1.116159439086914,0.9482510089874268,0.6677799820899963,False,,,,,,,,,
1756443083.6122704,1,leader,auto,-0.09375841170549393,0.9069247841835022,0.6073116064071655,0.0,1.0,0.39999999999999963,0.09375841170549393,0.0930752158164978,-0.2073116064071659,0,0,0,0,1.0,0.12090730625395196,0.1728216612732445,-0.12557937360655413,-0.09375841170549393,0.9069247841835022,0.6073116064071655,False,,,,,,,,,
1756443083.6127644,0,follower,auto,1.1122089624404907,0.9552000761032104,0.6032418012619019,1.0,1.0,0.34999999999999964,-0.11220896244049072,0.04479992389678955,-0.2532418012619022,-20,-12.81813882308289,4.259710262167155,0,,,,,,,,True,-11.0,-20.0,5.0,optimal,0,-11.0,-25.0,4.436015147415516,1.0052406001563943
1756443083.7132902,1,follower,auto,-0.10968127101659775,0.9107818007469177,0.5384775996208191,0.0,1.0,0.34999999999999964,0.10968127101659775,0.08921819925308228,-0.18847759962081945,-17.929153153398698,11.916240360124544,9.984121734270547,0,,,,,,,,True,10.0,-18.0,0.0,optimal,0,10.0,-18.0,2.2485255829852226,1.5822678839370852
1756443083.8436816,0,follower,auto,1.1122089624404907,0.9552000761032104,0.6032418012619019,1.0,1.0,0.34999999999999964,-0.11220896244049072,0.04479992389678955,-0.2532418012619022,0,0,0,0,0.513417119032592,-0.21552425514098394,0.20157234818220382,-0.15854313276758147,1.1122089624404907,0.9552000761032104,0.6032418012619019,False,,,,,,,,,
1756443083.94423,1,leader,auto,-0.10968127101659775,0.9107818007469177,0.5384775996208191,0.0,1.0,0.34999999999999964,0.10968127101659775,0.08921819925308228,-0.18847759962081945,0,0,0,0,1.0,0.11977599446965764,0.1932955839569941,-0.1451606080985378,-0.10968127101659775,0.9107818007469177,0.5384775996208191,False,,,,,,,,,
1756443083.9459808,0,follower,auto,1.1052229404449463,0.9576274156570435,0.5496595501899719,1.0,1.0,0.29999999999999966,-0.10522294044494629,0.04237258434295654,-0.24965955018997227,-20,-11.797362138009323,4.2312152445160445,0,,,,,,,,True,-10.0,-20.0,4.0,optimal,0,-10.0,-24.0,4.225960053923716,0.9850604432365762
1756443084.0471087,1,follower,auto,-0.11551865190267563,0.9208621978759766,0.48240143060684204,0.0,1.0,0.29999999999999966,0.11551865190267563,0.07913780212402344,-0.18240143060684239,-17.98592401120039,12.880650891224633,8.952499718776075,0,,,,,,,,True,11.0,-18.0,0.0,optimal,0,11.0,-18.0,2.0545079415037546,1.5748581804827015
1756443084.218936,0,follower,auto,1.1052229404449463,0.9576274156570435,0.5496595501899719,1.0,1.0,0.29999999999999966,-0.10522294044494629,0.04237258434295654,-0.24965955018997227,0,0,0,0,0.4345982085070782,-0.21844648400472888,0.20495627972932096,-0.1423343253075292,1.1052229404449463,0.9576274156570435,0.5496595501899719,False,,,,,,,,,
1756443084.319536,1,leader,auto,-0.11551865190267563,0.9208621978759766,0.48240143060684204,0.0,1.0,0.29999999999999966,0.11551865190267563,0.07913780212402344,-0.18240143060684239,0,0,0,0,1.0,0.13459115358662865,0.20585038263861644,-0.1336772555745267,-0.11551865190267563,0.9208621978759766,0.48240143060684204,False,,,,,,,,,
1756443084.321406,0,follower,auto,1.0975888967514038,0.9575893878936768,0.4815783202648163,1.0,1.0,0.24999999999999967,-0.09758889675140381,0.04241061210632324,-0.23157832026481662,-20,-10.776250445224719,4.292674030656907,0,,,,,,,,True,-9.0,-20.0,3.0,optimal,0,-9.0,-23.0,3.9709603715074473,0.8125934587241412
1756443084.422509,1,follower,auto,-0.11470343917608261,0.9278660416603088,0.41964641213417053,0.0,1.0,0.24999999999999967,0.11470343917608261,0.07213395833969116,-0.16964641213417087,-15.99715267590574,12.8298761612505,8.961952701601604,0,,,,,,,,True,11.0,-16.0,0.0,optimal,0,11.0,-16.0,1.8475893157922627,1.4161597599591498
1756443084.5590413,0,follower,auto,1.0975888967514038,0.9575893878936768,0.4815783202648163,1.0,1.0,0.24999999999999967,-0.09758889675140381,0.04241061210632324,-0.23157832026481662,0,0,0,0,0.36787944117144233,-0.2177850788004525,0.21019353562836196,-0.15252445988681929,1.0975888967514038,0.9575893878936768,0.4815783202648163,False,,,,,,,,,
1756443084.6596303,1,leader,auto,-0.11470343917608261,0.9278660416603088,0.41964641213417053,0.0,1.0,0.24999999999999967,0.11470343917608261,0.07213395833969116,-0.16964641213417087,0,0,0,0,1.0,0.1460489288753265,0.2084087303467732,-0.14128796941752564,-0.11470343917608261,0.9278660416603088,0.41964641213417053,False,,,,,,,,,
1756443084.6613507,0,follower,auto,1.0994627475738525,0.9523947238922119,0.4159100353717804,1.0,1.0,0.19999999999999968,-0.09946274757385254,0.047605276107788086,-0.21591003537178072,-20,-10.799878378846609,4.316891496120481,0,,,,,,,,True,-9.0,-20.0,1.0,optimal,0,-9.0,-21.0,3.7596612242621856,0.8596532073345391
1756443084.762416,1,follower,auto,-0.10364700108766556,0.9340260028839111,0.3661854565143585,0.0,1.0,0.19999999999999968,0.10364700108766556,0.06597399711608887,-0.16618545651435884,-16.010840064203418,11.761658880228707,7.909839333711034,0,,,,,,,,True,10.0,-16.0,0.0,optimal,0,10.0,-16.0,1.6814913843789565,1.274222341317604
1756443084.916646,0,follower,auto,1.0994627475738525,0.9523947238922119,0.4159100353717804,1.0,1.0,0.19999999999999968,-0.09946274757385254,0.047605276107788086,-0.21591003537178072,0,0,0,0,0.3114032239145977,-0.20598633000165867,0.21242528725256216,-0.14525272129214728,1.0994627475738525,0.9523947238922119,0.4159100353717804,False,,,,,,,,,
1756443085.017229,1,leader,auto,-0.10364700108766556,0.9340260028839111,0.3661854565143585,0.0,1.0,0.19999999999999968,0.10364700108766556,0.06597399711608887,-0.16618545651435884,0,0,0,0,1.0,0.16035709466588144,0.2110574766411426,-0.1324785811012162,-0.10364700108766556,0.9340260028839111,0.3661854565143585,False,,,,,,,,,
1756443085.018344,0,follower,auto,1.1103285551071167,0.9430855512619019,0.34408625960350037,1.0,1.0,0.1499999999999997,-0.1103285551071167,0.056914448738098145,-0.19408625960350068,-18.966261198751695,-12.83365195360433,5.373608945232209,0,,,,,,,,True,-11.0,-19.0,0.0,optimal,0,-11.0,-19.0,3.563229010446856,0.8245336111370598
1756443085.1188688,1,follower,auto,-0.08263906836509705,0.935526967048645,0.31375664472579956,0.0,1.0,0.1499999999999997,0.08263906836509705,0.06447303295135498,-0.16375664472579987,-16.006484116886757,9.688316394944462,7.866271171455969,0,,,,,,,,True,8.0,-16.0,0.0,optimal,0,8.0,-16.0,1.5287049540527033,1.0853356081936036
1756443085.2391279,0,follower,auto,1.1103285551071167,0.9430855512619019,0.34408625960350037,1.0,1.0,0.1499999999999997,-0.1103285551071167,0.056914448738098145,-0.19408625960350068,0,0,0,0,0.26359713811572677,-0.19543507186959053,0.21556526138856325,-0.14700994038598303,1.1103285551071167,0.9430855512619019,0.34408625960350037,False,,,,,,,,,
1756443085.339559,1,leader,auto,-0.08263906836509705,0.935526967048645,0.31375664472579956,0.0,1.0,0.1499999999999997,0.08263906836509705,0.06447303295135498,-0.16375664472579987,0,0,0,0,0.85,0.17244882250030874,0.20974587104800912,-0.1314075617376012,-0.08263906836509705,0.935526967048645,0.31375664472579956,False,,,,,,,,,
1756443085.3420997,0,follower,auto,1.1214442253112793,0.9392516613006592,0.2804813086986542,1.0,1.0,0.09999999999999969,-0.1214442253112793,0.06074833869934082,-0.18048130869865447,-17.982988193819693,-13.836527060319932,6.37284987372803,0,,,,,,,,True,-12.0,-18.0,0.0,optimal,0,-12.0,-18.0,3.4023285910768624,0.7788617665704938
1756443085.4432096,1,follower,auto,-0.06294316798448563,0.9308426380157471,0.26713335514068604,0.0,1.0,0.09999999999999969,0.06294316798448563,0.06915736198425293,-0.16713335514068633,-15.973058881096453,7.663517796265921,7.812072771336254,0,,,,,,,,True,6.0,-16.0,0.0,optimal,0,6.0,-16.0,1.3986762233715981,0.8612159171709695
1756443085.5473673,0,follower,auto,1.1214442253112793,0.9392516613006592,0.2804813086986542,1.0,1.0,0.09999999999999969,-0.1214442253112793,0.06074833869934082,-0.18048130869865447,0,0,0,0,0.22313016014842982,-0.19629275684012093,0.22707288957306848,-0.13534412804462242,1.1214442253112793,0.9392516613006592,0.2804813086986542,False,,,,,,,,,
1756443085.648413,1,leader,auto,-0.06294316798448563,0.9308426380157471,0.26713335514068604,0.0,1.0,0.09999999999999969,0.06294316798448563,0.06915736198425293,-0.16713335514068633,0,0,0,0,1.0,0.1704781772032776,0.20698230970438347,-0.12558385700135566,-0.06294316798448563,0.9308426380157471,0.26713335514068604,False,,,,,,,,,
1756443085.6502693,0,follower,auto,1.1284105777740479,0.9376339912414551,0.22345846891403198,1.0,1.0,0.049999999999999684,-0.12841057777404785,0.06236600875854492,-0.1734584689140323,-17.001397596356203,-13.816496045768247,6.3551450929124575,0,,,,,,,,True,-12.0,-17.0,0.0,optimal,0,-12.0,-17.0,3.2565907914198697,0.7471524724464009
1756443085.7514443,1,follower,auto,-0.05109180510044098,0.9262477159500122,0.22198355197906494,0.0,1.0,0.049999999999999684,0.05109180510044098,0.07375228404998779,-0.17198355197906526,-16.959323639193897,6.685558862095428,8.77945680098105,0,,,,,,,,True,5.0,-17.0,0.0,optimal,0,5.0,-17.0,1.2739925115871547,0.6400792629071712
1756443085.9026206,0,follower,auto,1.1284105777740479,0.9376339912414551,0.22345846891403198,1.0,1.0,0.049999999999999684,-0.12841057777404785,0.06236600875854492,-0.1734584689140323,0,0,0,0,0.18887560283756183,-0.20250103623142746,0.2336477242945426,-0.12701421911544908,1.1284105777740479,0.9376339912414551,0.22345846891403198,False,,,,,,,,,
1756443086.0031672,1,leader,auto,-0.05109180510044098,0.9262477159500122,0.22198355197906494,0.0,1.0,0.049999999999999684,0.05109180510044098,0.07375228404998779,-0.17198355197906526,0,0,0,0,1.0,0.1600684668707801,0.21062583697037995,-0.12438741192911817,-0.05109180510044098,0.9262477159500122,0.22198355197906494,False,,,,,,,,,
1756443086.0046027,0,follower,auto,1.1307348012924194,0.9352064728736877,0.16044560074806213,1.0,1.0,-3.191891195797325e-16,-0.13073480129241943,0.06479352712631226,-0.16044560074806247,-16.006096031235735,-14.793888647520538,6.3846753168427774,0,,,,,,,,True,-13.0,-16.0,0.0,optimal,0,-13.0,-16.0,3.0878143042240143,0.598134845226453
1756443086.1054344,1,follower,auto,-0.04923464357852936,0.9212090373039246,0.16898828744888306,0.0,1.0,-3.191891195797325e-16,0.04923464357852936,0.07879096269607544,-0.1689882874488834,-15.950762311971106,5.737045675249503,8.792939408649111,0,,,,,,,,True,4.0,-16.0,0.0,optimal,0,4.0,-16.0,1.1270121951534127,0.4161820499011746
1756443086.2447321,0,follower,auto,1.1307348012924194,0.9352064728736877,0.16044560074806213,1.0,1.0,-3.191891195797325e-16,-0.13073480129241943,0.06479352712631226,-0.16044560074806247,0,0,0,0,0.1598797460796939,-0.20880959904770702,0.23582041012466304,-0.1317385394427823,1.1307348012924194,0.9352064728736877,0.16044560074806213,False,,,,,,,,,
1756443086.3453472,1,leader,auto,-0.04923464357852936,0.9212090373039246,0.16898828744888306,0.0,1.0,-3.191891195797325e-16,0.04923464357852936,0.07879096269607544,-0.1689882874488834,0,0,0,0,1.0,0.1471557163584957,0.21450385381099824,-0.13354908538291288,-0.04923464357852936,0.9212090373039246,0.16898828744888306,False,,,,,,,,,
1756443086.3470633,0,follower,auto,1.1326266527175903,0.932205080986023,0.10096379369497299,1.0,1.0,-0.05000000000000032,-0.13262665271759033,0.06779491901397705,-0.15096379369497331,-15.008564962734901,-14.77615796377182,6.3892145321763705,0,,,,,,,,True,-13.0,-15.0,0.0,optimal,0,-13.0,-15.0,2.934925918582023,0.5868219111837634
1756443086.4481132,1,follower,auto,-0.04139457643032074,0.9151111841201782,0.11951883137226105,0.0,1.0,-0.05000000000000032,0.04139457643032074,0.08488881587982178,-0.16951883137226137,-15.940275710927223,5.718231014082314,9.771665190615984,0,,,,,,,,True,4.0,-16.0,0.0,optimal,0,4.0,-16.0,0.9980067114456705,0.34797102494635546
1756443086.6212008,0,follower,auto,1.1326266527175903,0.932205080986023,0.10096379369497299,1.0,1.0,-0.05000000000000032,-0.13262665271759033,0.06779491901397705,-0.15096379369497331,0,0,0,0,0.1353352832366127,-0.21150728384556583,0.23710340802852148,-0.1266878412801774,1.1326266527175903,0.932205080986023,0.10096379369497299,False,,,,,,,,,
1756443086.7217824,1,leader,auto,-0.04139457643032074,0.9151111841201782,0.11951883137226105,0.0,1.0,-0.05000000000000032,0.04139457643032074,0.08488881587982178,-0.16951883137226137,0,0,0,0,1.0,0.15004632467853246,0.21652521035665084,-0.13080327121502738,-0.04139457643032074,0.9151111841201782,0.11951883137226105,False,,,,,,,,,
1756443086.7237427,0,follower,auto,1.1397900581359863,0.9311482906341553,0.03834119066596031,1.0,1.0,-0.10000000000000032,-0.13979005813598633,0.06885170936584473,-0.13834119066596062,-13.013210849103368,-14.78633604936278,6.408439131557857,0,,,,,,,,True,-13.0,-13.0,0.0,optimal,0,-13.0,-13.0,2.796484316007215,0.7454231916380827
1756443086.824819,1,follower,auto,-0.028017882257699966,0.9159668684005737,0.06301426142454147,0.0,1.0,-0.10000000000000032,0.028017882257699966,0.08403313159942627,-0.16301426142454178,-15.970596707495085,3.6826895461736564,9.790158911782125,0,,,,,,,,True,2.0,-16.0,0.0,optimal,0,2.0,-16.0,0.8591792969333663,0.114406396871507
1756443086.9580092,0,follower,auto,1.1397900581359863,0.9311482906341553,0.03834119066596031,1.0,1.0,-0.10000000000000032,-0.13979005813598633,0.06885170936584473,-0.13834119066596062,0,0,0,0,0.11455884399268773,-0.20832145078537856,0.23983037004534224,-0.1286165813114667,1.1397900581359863,0.9311482906341553,0.03834119066596031,False,,,,,,,,,
1756443087.0586197,1,leader,auto,-0.028017882257699966,0.9159668684005737,0.06301426142454147,0.0,1.0,-0.10000000000000032,0.028017882257699966,0.08403313159942627,-0.16301426142454178,0,0,0,0,0.85,0.15229840323631497,0.22642751091032087,-0.13976185400383928,-0.028017882257699966,0.9159668684005737,0.06301426142454147,False,,,,,,,,,
1756443087.060108,0,follower,auto,1.1476342678070068,0.93393474817276,-0.015966732054948807,1.0,1.0,-0.15000000000000033,-0.14763426780700684,0.06606525182723999,-0.13403326794505152,-13.010376648943733,-15.787627377990562,6.3716326117828235,0,,,,,,,,True,-14.0,-13.0,0.0,optimal,0,-14.0,-13.0,2.6875797529297665,0.6959351441326163
1756443087.1610034,1,follower,auto,-0.015228702686727047,0.9329068064689636,0.0054402537643909454,0.0,1.0,-0.15000000000000033,0.015228702686727047,0.06709319353103638,-0.15544025376439127,-14.06761647958518,4.669873192217453,7.8078509088196215,0,,,,,,,,True,3.3421497301136998,-14.446694255427799,2.406618500146684,optimal,0,1.0,-15.0,0.7241808971690435,-0.1192354863886067
1756443087.3336258,0,follower,auto,1.1476342678070068,0.93393474817276,-0.015966732054948807,1.0,1.0,-0.15000000000000033,-0.14763426780700684,0.06606525182723999,-0.13403326794505152,0,0,0,0,0.09697196786440505,-0.20992769553499424,0.24229700658219755,-0.11899334525623298,1.1476342678070068,0.93393474817276,-0.015966732054948807,False,,,,,,,,,
1756443087.4342196,1,leader,auto,-0.015228702686727047,0.9329068064689636,0.0054402537643909454,0.0,1.0,-0.15000000000000033,0.015228702686727047,0.06709319353103638,-0.15544025376439127,0,0,0,0,1.0,0.14625567398666187,0.24489671075119102,-0.14223573938782202,-0.015228702686727047,0.9329068064689636,0.0054402537643909454,False,,,,,,,,,
1756443087.435109,0,follower,auto,1.1515401601791382,0.9373980760574341,-0.06544492393732071,1.0,1.0,-0.20000000000000034,-0.15154016017913818,0.06260192394256592,-0.13455507606267963,-12.991930704367492,-16.765854289562235,6.339892803812466,0,,,,,,,,True,-15.0,-13.0,0.0,optimal,0,-15.0,-13.0,2.5841840572324704,0.6456579295796598
1756443087.5357296,1,follower,auto,-0.006092949770390987,0.9542418718338013,-0.045293085277080536,0.0,1.0,-0.20000000000000034,0.006092949770390987,0.04575812816619873,-0.1547069147229198,-14.135620485839132,3.6757531236187377,5.78484068224841,0,,,,,,,,True,2.547237435630788,-14.351652760198181,2.628454431189087,optimal,0,0.0,-15.0,0.6097294130835933,-0.12527466020554434
1756443087.672163,0,follower,auto,1.1515401601791382,0.9373980760574341,-0.06544492393732071,1.0,1.0,-0.20000000000000034,-0.15154016017913818,0.06260192394256592,-0.13455507606267963,0,0,0,0,0.0820849986238988,-0.21705797847977437,0.24144643318227876,-0.11339564631410459,1.1515401601791382,0.9373980760574341,-0.06544492393732071,False,,,,,,,,,
1756443087.7726614,1,leader,auto,-0.006092949770390987,0.9542418718338013,-0.045293085277080536,0.0,1.0,-0.20000000000000034,0.006092949770390987,0.04575812816619873,-0.1547069147229198,0,0,0,0,0.8464817248906141,0.13849678008504274,0.2486656518821525,-0.1346687773146933,-0.006092949770390987,0.9542418718338013,-0.04529308527708055,False,,,,,,,,,
1756443087.7778203,0,follower,auto,1.146064043045044,0.9389994144439697,-0.10266373306512833,1.0,1.0,-0.25000000000000033,-0.14606404304504395,0.06100058555603027,-0.147336266934872,-13.96314701469312,-15.716201136482724,6.269723977650536,0,,,,,,,,True,-14.0,-14.0,0.0,optimal,0,-14.0,-14.0,2.485248099318339,0.5155334172983443
1756443087.878854,1,follower,auto,-0.00752225099131465,0.9714910984039307,-0.08899342268705368,0.0,1.0,-0.25000000000000033,0.00752225099131465,0.028508901596069336,-0.16100657731294665,-14.154290715186859,5.71817354379075,3.757556483626406,0,,,,,,,,True,4.544984932597204,-14.80351116770213,4.6998376103168855,optimal,0,0.0,-16.0,0.5098788484978152,-0.21597818057152973
1756443088.138266,0,follower,auto,1.146064043045044,0.9389994144439697,-0.10266373306512833,1.0,1.0,-0.25000000000000033,-0.14606404304504395,0.06100058555603027,-0.147336266934872,0,0,0,0,0.06948345122280154,-0.23018236356677568,0.2380895883975711,-0.1006724175845065,1.146064043045044,0.9389994144439697,-0.10266373306512833,False,,,,,,,,,
1756443088.2388587,1,leader,auto,-0.00752225099131465,0.9714910984039307,-0.08899342268705368,0.0,1.0,-0.25000000000000033,0.00752225099131465,0.028508901596069336,-0.16100657731294665,0,0,0,0,0.7165313105737893,0.1232976722662992,0.2437954944603542,-0.12534048972656173,-0.00752225099131465,0.9714910984039307,-0.08899342268705368,False,,,,,,,,,
1756443088.2513492,0,follower,auto,1.1351161003112793,0.9359955191612244,-0.14885595440864563,1.0,1.0,-0.3000000000000003,-0.1351161003112793,0.06400448083877563,-0.1511440455913547,-14.917534616683632,-14.682964897357254,6.267775123866001,0,,,,,,,,True,-13.0,-15.0,0.0,optimal,0,-13.0,-15.0,2.354462025954813,0.4242405741328257
1756443088.3520243,1,follower,auto,-0.020350398495793343,0.9849384427070618,-0.1495211273431778,0.0,1.0,-0.3000000000000003,0.020350398495793343,0.015061557292938232,-0.15047887265682253,-13.161559188165983,8.783416198550283,2.8386327037155747,0,,,,,,,,True,7.455603106710694,-13.547655479354729,5.645609786781204,optimal,0,2.0,-15.0,0.3717097615198095,-0.2454857347058309
1756443088.4535847,0,follower,auto,1.1351161003112793,0.9359955191612244,-0.14885595440864563,1.0,1.0,-0.3000000000000003,-0.1351161003112793,0.06400448083877563,-0.1511440455913547,0,0,0,0,0.05881647164242988,-0.2375594484889223,0.23316212643912892,-0.10987520872279632,1.1351161003112793,0.9359955191612244,-0.14885595440864563,False,,,,,,,,,
1756443088.5539885,1,leader,auto,-0.020350398495793343,0.9849384427070618,-0.1495211273431778,0.0,1.0,-0.3000000000000003,0.020350398495793343,0.015061557292938232,-0.15047887265682253,0,0,0,0,0.85,0.11021913919055695,0.23952017324092156,-0.13840498407274543,-0.020350398495793343,0.9849384427070618,-0.1495211273431778,False,,,,,,,,,
1756443088.5558412,0,follower,auto,1.1289469003677368,0.9318563938140869,-0.1825181543827057,1.0,1.0,-0.3500000000000003,-0.12894690036773682,0.06814360618591309,-0.16748184561729462,-15.906126572815987,-13.700754411783912,6.2195291111027,0,,,,,,,,True,-12.0,-16.0,0.0,optimal,0,-12.0,-16.0,2.267158550231338,0.323258113376502
1756443088.6570225,1,follower,auto,-0.032210104167461395,0.9810389280319214,-0.18417415022850037,0.0,1.0,-0.3500000000000003,0.032210104167461395,0.018961071968078613,-0.16582584977149994,-14.08383928054533,9.806611205725705,2.74931717318118,0,,,,,,,,True,8.308131520316177,-14.600681418758315,5.489476544150851,optimal,0,3.0,-16.0,0.29361358537399096,-0.23067442357725232
1756443088.8461752,0,follower,auto,1.1289469003677368,0.9318563938140869,-0.1825181543827057,1.0,1.0,-0.3500000000000003,-0.12894690036773682,0.06814360618591309,-0.16748184561729462,0,0,0,0,0.049787068367863944,-0.23321010368672201,0.23295470340507274,-0.09702044995383731,1.1289469003677368,0.9318563938140869,-0.1825181543827057,False,,,,,,,,,
1756443088.9467518,1,leader,auto,-0.032210104167461395,0.9810389280319214,-0.18417415022850037,0.0,1.0,-0.3500000000000003,0.032210104167461395,0.018961071968078613,-0.16582584977149994,0,0,0,0,1.0,0.11335784887048447,0.22096366305636073,-0.10706463596129472,-0.032210104167461395,0.9810389280319214,-0.18417415022850037,False,,,,,,,,,
1756443088.94891,0,follower,auto,1.121267318725586,0.9298032522201538,-0.2283654510974884,1.0,1.0,-0.4000000000000003,-0.12126731872558594,0.07019674777984619,-0.1716345489025119,-16.932814065852288,-13.700340078850715,7.2754035097108725,0,,,,,,,,True,-12.0,-17.0,0.0,optimal,0,-12.0,-17.0,2.1540744878984035,0.18487500743635632
1756443089.050391,1,follower,auto,-0.04199178144335747,0.9648251533508301,-0.21753816306591034,0.0,1.0,-0.4000000000000003,0.04199178144335747,0.03517484664916992,-0.18246183693408996,-16.987454641801005,8.80543440448905,4.697937875693501,0,,,,,,,,True,7.579465354591102,-17.059982337425666,3.7008384767062883,optimal,0,4.0,-18.0,0.2217995018746779,-0.15036881560184356
1756443089.167094,0,follower,auto,1.121267318725586,0.9298032522201538,-0.2283654510974884,1.0,1.0,-0.4000000000000003,-0.12126731872558594,0.07019674777984619,-0.1716345489025119,0,0,0,0,0.042143843509276406,-0.23442863357591115,0.23696953152678868,-0.10960384880843242,1.121267318725586,0.9298032522201538,-0.2283654510974884,False,,,,,,,,,
1756443089.267642,1,leader,auto,-0.04199178144335747,0.9648251533508301,-0.21753816306591034,0.0,1.0,-0.4000000000000003,0.04199178144335747,0.03517484664916992,-0.18246183693408996,0,0,0,0,1.0,0.11844101753975309,0.20947542254757345,-0.1021010649288856,-0.04199178144335747,0.9648251533508301,-0.21753816306591034,False,,,,,,,,,
1756443089.2693605,0,follower,auto,1.1154650449752808,0.9294478297233582,-0.27091965079307556,1.0,1.0,-0.4500000000000003,-0.11546504497528076,0.07055217027664185,-0.17908034920692473,-16.956568152975596,-12.706253714771607,7.2943425871952305,0,,,,,,,,True,-11.0,-17.0,0.0,optimal,0,-11.0,-17.0,2.0567315888293343,0.1252558363854368
1756443089.3707314,1,follower,auto,-0.047193512320518494,0.9544765949249268,-0.24567553400993347,0.0,1.0,-0.4500000000000003,0.047193512320518494,0.04552340507507324,-0.20432446599006682,-17.974555739445055,10.783998831898465,5.644564425112445,0,,,,,,,,True,9.400520396179267,-18.569368551624564,5.586799342255731,optimal,0,4.0,-20.0,0.1646463066000614,-0.2206208661911938
1756443089.5249739,0,follower,auto,1.1154650449752808,0.9294478297233582,-0.27091965079307556,1.0,1.0,-0.4500000000000003,-0.11546504497528076,0.07055217027664185,-0.17908034920692473,0,0,0,0,0.035673993347252395,-0.23218594774836143,0.24138189279817113,-0.10700992437044182,1.1154650449752808,0.9294478297233582,-0.27091965079307556,False,,,,,,,,,
1756443089.6255689,1,leader,auto,-0.047193512320518494,0.9544765949249268,-0.24567553400993347,0.0,1.0,-0.4500000000000003,0.047193512320518494,0.04552340507507324,-0.20432446599006682,0,0,0,0,1.0,0.12471993729059197,0.21975956809170805,-0.09544629701545915,-0.047193512320518494,0.9544765949249268,-0.24567553400993347,False,,,,,,,,,
1756443089.6288512,0,follower,auto,1.1107056140899658,0.9356589317321777,-0.32010525465011597,1.0,1.0,-0.5000000000000003,-0.11070561408996582,0.06434106826782227,-0.17989474534988437,-17.008507681271897,-12.695763633373838,6.3418631433851695,0,,,,,,,,True,-11.0,-17.0,0.0,optimal,0,-11.0,-17.0,1.9543050925192849,0.0888316945332468
1756443089.7304547,1,follower,auto,-0.04067670553922653,0.9462004899978638,-0.2812114655971527,0.0,1.0,-0.5000000000000003,0.04067670553922653,0.05379951000213623,-0.21878853440284762,-16.962156474197677,12.711706189748792,6.6456394091730235,0,,,,,,,,True,11.132453686006361,-17.986901971250454,7.74278085146933,optimal,0,4.0,-21.0,0.10142094200012097,-0.2933833270484226
1756443089.866383,0,follower,auto,1.1107056140899658,0.9356589317321777,-0.32010525465011597,1.0,1.0,-0.5000000000000003,-0.11070561408996582,0.06434106826782227,-0.17989474534988437,0,0,0,0,0.0301973834223185,-0.22991820173324107,0.25042207188887167,-0.11451507565686378,1.1107056140899658,0.9356589317321777,-0.32010525465011597,False,,,,,,,,,
1756443089.9668858,1,leader,auto,-0.04067670553922653,0.9462004899978638,-0.2812114655971527,0.0,1.0,-0.5000000000000003,0.04067670553922653,0.05379951000213623,-0.21878853440284762,0,0,0,0,1.0,0.1397392775435079,0.22662100324449097,-0.10276264426284012,-0.04067670553922653,0.9462004899978638,-0.2812114655971527,False,,,,,,,,,
1756443089.9674215,0,follower,auto,1.1068378686904907,0.9436038732528687,-0.37433961033821106,1.0,1.0,-0.5500000000000004,-0.10683786869049072,0.05639612674713135,-0.17566038966178932,-17.047592727059563,-11.677531027823228,5.401050929111456,0,,,,,,,,True,-10.0,-17.0,0.0,optimal,0,-10.0,-17.0,1.8509078678380595,0.023443033818124626
1756443090.068974,1,follower,auto,-0.02860780619084835,0.9389852285385132,-0.31553301215171814,0.0,1.0,-0.5500000000000004,0.02860780619084835,0.061014771461486816,-0.23446698784828224,-15.946671175838938,13.647868948150322,7.617134626075176,0,,,,,,,,True,12.276987782582069,-16.84658184151105,11.978356853782685,optimal,0,2.0,-23.0,0.04593557545395677,-0.4303858432668537
1756443090.1754484,0,follower,auto,1.1068378686904907,0.9436038732528687,-0.37433961033821106,1.0,1.0,-0.5500000000000004,-0.10683786869049072,0.05639612674713135,-0.17566038966178932,0,0,0,0,0.025561533206507402,-0.22792718777678056,0.25413909476868257,-0.11903478609189183,1.1068378686904907,0.9436038732528687,-0.37433961033821106,False,,,,,,,,,
1756443090.2764297,1,leader,auto,-0.02860780619084835,0.9389852285385132,-0.31553301215171814,0.0,1.0,-0.5500000000000004,0.02860780619084835,0.061014771461486816,-0.23446698784828224,0,0,0,0,1.0,0.14961871964773243,0.23104674299173167,-0.10202813998358895,-0.02860780619084835,0.9389852285385132,-0.31553301215171814,False,,,,,,,,,
1756443090.2822285,0,follower,auto,1.1079063415527344,0.9405993223190308,-0.4327627718448639,1.0,1.0,-0.6000000000000004,-0.10790634155273438,0.05940067768096924,-0.16723722815513653,-16.007932712946666,-11.675948691544544,5.474706668818657,0,,,,,,,,True,-10.0,-16.0,0.0,optimal,0,-10.0,-16.0,1.760853230851581,0.07091632988205343
1756443090.3858936,1,follower,auto,-0.011528559029102325,0.9350310564041138,-0.3424447178840637,0.0,1.0,-0.6000000000000004,0.011528559029102325,0.06496894359588623,-0.2575552821159367,-15.961119821036288,12.590829643541916,7.539155440141125,0,,,,,,,,True,11.418254552011728,-16.495422550946248,13.448712410393298,optimal,0,1.0,-25.0,0.00861683414076908,-0.45550227732332765
1756443090.5465567,0,follower,auto,1.1079063415527344,0.9405993223190308,-0.4327627718448639,1.0,1.0,-0.6000000000000004,-0.10790634155273438,0.05940067768096924,-0.16723722815513653,0,0,0,0,0.02163737071949309,-0.22099286927627837,0.24498884935509246,-0.12148255567404753,1.1079063415527344,0.9405993223190308,-0.4327627718448639,False,,,,,,,,,
1756443090.6471353,1,leader,auto,-0.011528559029102325,0.9350310564041138,-0.3424447178840637,0.0,1.0,-0.6000000000000004,0.011528559029102325,0.06496894359588623,-0.2575552821159367,0,0,0,0,0.85,0.15929981323038664,0.2363916989130178,-0.09611374538842893,-0.011528559029102325,0.9350310564041138,-0.3424447178840637,False,,,,,,,,,
1756443090.6489706,0,follower,auto,1.112213373184204,0.9412344098091125,-0.49786585569381714,1.0,1.0,-0.6500000000000005,-0.1122133731842041,0.05876559019088745,-0.15213414430618333,-15.019770810101727,-12.658853020609204,5.566844947387178,0,,,,,,,,True,-11.0,-15.0,0.0,optimal,0,-11.0,-15.0,1.6773389680008837,0.1520969170852049
1756443090.7506788,1,follower,auto,0.017730316147208214,0.9297481775283813,-0.37010377645492554,0.0,1.0,-0.6500000000000005,-0.017730316147208214,0.07025182247161865,-0.27989622354507493,-14.951424226273426,11.492340497615738,8.47691468346398,0,,,,,,,,True,10.360825985284801,-15.65044552609426,16.05866600387704,optimal,0,-1.0,-27.0,-0.020319704346619005,-0.5213761645065855
1756443090.8860083,0,follower,auto,1.112213373184204,0.9412344098091125,-0.49786585569381714,1.0,1.0,-0.6500000000000005,-0.1122133731842041,0.05876559019088745,-0.15213414430618333,0,0,0,0,0.01831563888873418,-0.21617068704202014,0.2499370895306532,-0.12634823134472373,1.112213373184204,0.9412344098091125,-0.49786585569381714,False,,,,,,,,,
1756443090.9863236,1,leader,auto,0.017730316147208214,0.9297481775283813,-0.37010377645492554,0.0,1.0,-0.6500000000000005,-0.017730316147208214,0.07025182247161865,-0.27989622354507493,0,0,0,0,1.0,0.1745122820946699,0.23684061005794,-0.09863342894378052,0.017730316147208214,0.9297481775283813,-0.37010377645492554,False,,,,,,,,,
1756443090.9868338,0,follower,auto,1.1075369119644165,0.9561017751693726,-0.5531874895095825,1.0,1.0,-0.7000000000000005,-0.1075369119644165,0.04389822483062744,-0.146812510490418,-14.099171381918877,-11.56950348124751,4.577271713986814,0,,,,,,,,True,-10.0,-14.0,0.0,optimal,0,-10.0,-14.0,1.589526582269242,0.09551542230514198
1756443091.087243,1,follower,auto,0.05153285339474678,0.9321244359016418,-0.39828062057495117,0.0,1.0,-0.7000000000000005,-0.05153285339474678,0.06787556409835815,-0.30171937942504934,-12.964610348674455,11.397220205032916,7.436549782598856,0,,,,,,,,True,10.123160041199023,-13.368892235783708,22.478961610730472,optimal,0,-5.0,-30.0,-0.04367068963846221,-0.7188364500258503
1756443091.262253,0,follower,auto,1.1075369119644165,0.9561017751693726,-0.5531874895095825,1.0,1.0,-0.7000000000000005,-0.1075369119644165,0.04389822483062744,-0.146812510490418,0,0,0,0,0.015503853599009314,-0.22484279169136534,0.26419291283909396,-0.1145527323782396,1.1075369119644165,0.9561017751693726,-0.5531874895095825,False,,,,,,,,,
1756443091.3627796,1,leader,auto,0.05153285339474678,0.9321244359016418,-0.39828062057495117,0.0,1.0,-0.7000000000000005,-0.05153285339474678,0.06787556409835815,-0.30171937942504934,0,0,0,0,0.8464817248906141,0.18007754773783347,0.24524073492972998,-0.10171012343978147,0.05153285339474678,0.9321244359016418,-0.39828062057495117,False,,,,,,,,,
1756443091.3646712,0,follower,auto,1.0980747938156128,0.9669415354728699,-0.6133845448493958,1.0,1.0,-0.7500000000000006,-0.09807479381561279,0.03305846452713013,-0.1366154551506048,-13.10917840949544,-10.474457551742638,3.6247122151180564,0,,,,,,,,True,-9.0,-13.0,0.0,optimal,0,-9.0,-13.0,1.4887308213241188,0.08822611947725822
1756443091.4659724,1,follower,auto,0.08570864051580429,0.9371483325958252,-0.43444377183914185,0.0,1.0,-0.7500000000000006,-0.08570864051580429,0.0628516674041748,-0.3155562281608587,-9.976583469072818,12.318975159194794,7.434147101594461,0,,,,,,,,True,11.4670779161026,-10.191941647612769,27.772761805106583,optimal,0,-8.0,-30.0,-0.07515250615557034,-0.9017312800448819
1756443091.5700939,0,follower,auto,1.0980747938156128,0.9669415354728699,-0.6133845448493958,1.0,1.0,-0.7500000000000006,-0.09807479381561279,0.03305846452713013,-0.1366154551506048,0,0,0,0,0.013123728736940968,-0.22770738460014694,0.2584129043939045,-0.11713226167357993,1.0980747938156128,0.9669415354728699,-0.6133845448493958,False,,,,,,,,,
1756443091.6706185,1,leader,auto,0.08570864051580429,0.9371483325958252,-0.43444377183914185,0.0,1.0,-0.7500000000000006,-0.08570864051580429,0.0628516674041748,-0.3155562281608587,0,0,0,0,0.7165313105737893,0.18104336495211532,0.24613853950354347,-0.1110303729601585,0.08570864051580429,0.9371483325958252,-0.43444377183914185,False,,,,,,,,,
1756443091.6720817,0,follower,auto,1.0926443338394165,0.9703104496002197,-0.6610453128814697,1.0,1.0,-0.8000000000000006,-0.0926443338394165,0.029689550399780273,-0.13895468711853087,-13.076404480790641,-10.436837719665482,2.5981423515833755,0,,,,,,,,True,-9.0,-13.0,0.0,optimal,0,-9.0,-13.0,1.4199303953420652,0.11795482598159168
1756443091.7728562,1,follower,auto,0.11072889715433121,0.9417048096656799,-0.46699410676956177,0.0,1.0,-0.8000000000000006,-0.11072889715433121,0.05829519033432007,-0.33300589323043883,-5.982610725808096,13.30791585591934,6.406402075872855,0,,,,,,,,True,12.263972833185058,-6.964380513925125,32.739153884766246,optimal,0,-11.0,-30.0,-0.10400413353183435,-1.0605609509383926
1756443091.9600825,0,follower,auto,1.0926443338394165,0.9703104496002197,-0.6610453128814697,1.0,1.0,-0.8000000000000006,-0.0926443338394165,0.029689550399780273,-0.13895468711853087,0,0,0,0,0.011108996538242306,-0.2204877409032735,0.24854646236361821,-0.10119275088054391,1.0926443338394165,0.9703104496002197,-0.6610453128814697,False,,,,,,,,,
1756443092.0606925,1,leader,auto,0.11072889715433121,0.9417048096656799,-0.46699410676956177,0.0,1.0,-0.8000000000000006,-0.11072889715433121,0.05829519033432007,-0.33300589323043883,0,0,0,0,0.6065306597126334,0.1733442077316526,0.2408793909780751,-0.10818988135037272,0.11072889715433121,0.9417048096656799,-0.46699410676956177,False,,,,,,,,,
1756443092.0627148,0,follower,auto,1.0862669944763184,0.9659700393676758,-0.718360424041748,1.0,1.0,-0.8500000000000006,-0.08626699447631836,0.03402996063232422,-0.1316395759582526,-13.02640885074602,-9.378411079358015,3.652025465928237,0,,,,,,,,True,-8.0,-13.0,0.0,optimal,0,-8.0,-13.0,1.3437128611036497,0.13897829472232992
1756443092.1639597,1,follower,auto,0.14226263761520386,0.9429101943969727,-0.5055721998214722,0.0,1.0,-0.8500000000000006,-0.14226263761520386,0.057089805603027344,-0.3444278001785285,-3.9781286041283463,11.23407763562352,6.402089319999825,0,,,,,,,,True,10.94139631238312,-4.1154865688198985,35.94553220610736,optimal,0,-14.0,-30.0,-0.13217378970885363,-1.1507100863219577
1756443092.27072,0,follower,auto,1.0862669944763184,0.9659700393676758,-0.718360424041748,1.0,1.0,-0.8500000000000006,-0.08626699447631836,0.03402996063232422,-0.1316395759582526,0,0,0,0,0.01,-0.2186421935556444,0.239000754742698,-0.10737367130749897,1.0862669944763184,0.9659700393676758,-0.718360424041748,False,,,,,,,,,
1756443092.3712835,1,leader,auto,0.14226263761520386,0.9429101943969727,-0.5055721998214722,0.0,1.0,-0.8500000000000006,-0.14226263761520386,0.057089805603027344,-0.3444278001785285,0,0,0,0,0.513417119032592,0.18276495494601852,0.22905814590663665,-0.11413264866671369,0.14226263761520386,0.9429101943969727,-0.5055721998214722,False,,,,,,,,,
1756443092.3737516,0,follower,auto,1.0832003355026245,0.9576759338378906,-0.7616829872131348,1.0,1.0,-0.9000000000000007,-0.08320033550262451,0.042324066162109375,-0.13831701278686592,-12.981001359104116,-9.338980451199696,4.640794916380262,0,,,,,,,,True,-8.0,-13.0,0.0,optimal,0,-8.0,-13.0,1.2953649718329743,0.17572624478759202
1756443092.4752176,1,follower,auto,0.17444096505641937,0.9454820156097412,-0.5223581790924072,0.0,1.0,-0.9000000000000007,-0.17444096505641937,0.05451798439025879,-0.37764182090759346,-3.996326283226724,6.173411410515757,6.277895397655907,0,,,,,,,,True,5.004485925072494,-4.593882467467388,33.61053717070845,optimal,0,-17.0,-30.0,-0.12570733323337557,-1.0785945132349284
1756443092.6115658,0,follower,auto,1.0832003355026245,0.9576759338378906,-0.7616829872131348,1.0,1.0,-0.9000000000000007,-0.08320033550262451,0.042324066162109375,-0.13831701278686592,0,0,0,0,0.01,-0.21159139263225946,0.2337334230116408,-0.09059072850608563,1.0832003355026245,0.9576759338378906,-0.7616829872131348,False,,,,,,,,,
1756443092.71211,1,leader,auto,0.17444096505641937,0.9454820156097412,-0.5223581790924072,0.0,1.0,-0.9000000000000007,-0.17444096505641937,0.05451798439025879,-0.37764182090759346,0,0,0,0,0.4345982085070782,0.1836777222652238,0.22065922223784262,-0.09189466528573537,0.17444096505641937,0.9454820156097412,-0.5223581790924072,False,,,,,,,,,
1756443092.7145617,0,follower,auto,1.077087163925171,0.9474743604660034,-0.8066129088401794,1.0,1.0,-0.9500000000000007,-0.0770871639251709,0.05252563953399658,-0.1433870911598213,-13.944118136727512,-8.264009445152666,5.679028297492509,0,,,,,,,,True,-7.0,-14.0,0.0,optimal,0,-7.0,-14.0,1.2411224605386555,0.08896350876199943
1756443092.8157973,1,follower,auto,0.21246559917926788,0.9487066268920898,-0.5360926985740662,0.0,1.0,-0.9500000000000007,-0.21246559917926788,0.051293373107910156,-0.41390730142593457,-3.0197769151956786,2.0803105902568255,6.192969449374897,0,,,,,,,,True,1.1852401798921939,-3.6472550019750862,34.44781634255545,optimal,0,-21.0,-30.0,-0.10660610477116828,-1.1293527277899886
1756443092.9555707,0,follower,auto,1.077087163925171,0.9474743604660034,-0.8066129088401794,1.0,1.0,-0.9500000000000007,-0.0770871639251709,0.05252563953399658,-0.1433870911598213,0,0,0,0,0.01,-0.21128140212928326,0.23078295114794445,-0.09140343816775875,1.077087163925171,0.9474743604660034,-0.8066129088401794,False,,,,,,,,,
1756443093.0560575,1,leader,auto,0.21246559917926788,0.9487066268920898,-0.5360926985740662,0.0,1.0,-0.9500000000000007,-0.21246559917926788,0.051293373107910156,-0.41390730142593457,0,0,0,0,0.7165313105737893,0.1846767770214591,0.21206878525637884,-0.089607420976971,0.21246559917926788,0.9487066268920898,-0.5360926985740662,False,,,,,,,,,
1756443093.0571601,0,follower,auto,1.0678858757019043,0.9450355768203735,-0.8471270203590393,1.0,1.0,-1.0000000000000007,-0.0678858757019043,0.054964423179626465,-0.15287297964096136,-13.961134968567997,-6.189166036767359,5.707447226354076,0,,,,,,,,True,-5.983732990735423,-14.936942147750823,0.06512225672297317,optimal,0,-6.0,-15.0,1.1856311087054554,-0.003679845338911303
1756443093.15781,1,follower,auto,0.2427603304386139,0.9533103108406067,-0.5435846447944641,0.0,1.0,-1.0000000000000007,-0.2427603304386139,0.04668968915939331,-0.45641535520553655,-3.037126128281085,1.0454639195470736,5.105777540211029,0,,,,,,,,True,0.19073330868961236,-3.305190843698469,36.025052587102564,optimal,0,-24.0,-30.0,-0.08453010515255688,-1.2147220894470334
1756443093.3153317,0,follower,auto,1.0678858757019043,0.9450355768203735,-0.8471270203590393,1.0,1.0,-1.0000000000000007,-0.0678858757019043,0.054964423179626465,-0.15287297964096136,0,0,0,0,0.01,-0.20995664409249182,0.23864288194205263,-0.08718245006700087,1.0678858757019043,0.9450355768203735,-0.8471270203590393,False,,,,,,,,,
1756443093.4158108,1,leader,auto,0.2427603304386139,0.9533103108406067,-0.5435846447944641,0.0,1.0,-1.0000000000000007,-0.2427603304386139,0.04668968915939331,-0.45641535520553655,0,0,0,0,0.85,0.1679465781269259,0.20374350772236005,-0.08418137190646668,0.2427603304386139,0.9533103108406067,-0.5435846447944641,False,,,,,,,,,
1756443093.4167302,0,follower,auto,1.0650498867034912,0.9460365772247314,-0.8857688307762146,1.0,1.0,-1.0500000000000007,-0.06504988670349121,0.053963422775268555,-0.1642311692237861,-15.97509702097449,-7.170959717787086,5.750544826837955,0,,,,,,,,True,-6.0,-16.0,0.0,optimal,0,-6.0,-16.0,1.1521024209009614,0.04815706777851947
1756443093.5173945,1,follower,auto,0.2667648494243622,0.9601507782936096,-0.5440294146537781,0.0,1.0,-1.0500000000000007,-0.2667648494243622,0.03984922170639038,-0.5059705853462226,-3.0573154730811503,1.0389412566741922,4.007586240292831,0,,,,,,,,True,-0.8050066435834147,-3.4153424522700107,36.62692598567279,optimal,0,-26.0,-30.0,-0.05848019661751502,-1.2637769588736074
1756443093.6674213,0,follower,auto,1.0650498867034912,0.9460365772247314,-0.8857688307762146,1.0,1.0,-1.0500000000000007,-0.06504988670349121,0.053963422775268555,-0.1642311692237861,0,0,0,0,0.01,-0.19718311225885632,0.24172522804408525,-0.08578664918765033,1.0650498867034912,0.9460365772247314,-0.8857688307762146,False,,,,,,,,,
1756443093.7679174,1,leader,auto,0.2667648494243622,0.9601507782936096,-0.5440294146537781,0.0,1.0,-1.0500000000000007,-0.2667648494243622,0.03984922170639038,-0.5059705853462226,0,0,0,0,1.0,0.15262503508525968,0.19679280689178558,-0.07718909077120573,0.2667648494243622,0.9601507782936096,-0.5440294146537781,False,,,,,,,,,
1756443093.7694561,0,follower,auto,1.0731749534606934,0.95103520154953,-0.9257885217666626,1.0,1.0,-1.1000000000000008,-0.07317495346069336,0.04896479845046997,-0.17421147823333816,-16.996252325329404,-8.211723146366113,4.815358364776545,0,,,,,,,,True,-7.0,-17.0,0.0,optimal,0,-7.0,-17.0,1.1508013876066894,0.16918819829134935
1756443093.8708735,1,follower,auto,0.2828161418437958,0.9667834639549255,-0.5418585538864136,0.0,1.0,-1.1000000000000008,-0.2828161418437958,0.03321653604507446,-0.5581414461135872,-2.06232292482897,1.0705768994903748,3.9210460422996416,0,,,,,,,,True,-0.7605813196725428,-2.9625624813625855,38.3797988219896,optimal,0,-28.0,-30.0,-0.03717518171382983,-1.3474098168607638
1756443093.9777887,0,follower,auto,1.0731749534606934,0.95103520154953,-0.9257885217666626,1.0,1.0,-1.1000000000000008,-0.07317495346069336,0.04896479845046997,-0.17421147823333816,0,0,0,0,0.01,-0.1815620294854967,0.24719443530285523,-0.08776787563650201,1.0731749534606934,0.95103520154953,-0.9257885217666626,False,,,,,,,,,
1756443094.0782194,1,leader,auto,0.2828161418437958,0.9667834639549255,-0.5418585538864136,0.0,1.0,-1.1000000000000008,-0.2828161418437958,0.03321653604507446,-0.5581414461135872,0,0,0,0,1.0,0.13655324767050359,0.1878347721596726,-0.07394970093854775,0.2828161418437958,0.9667834639549255,-0.5418585538864136,False,,,,,,,,,
1756443094.0793917,0,follower,auto,1.0821572542190552,0.94712233543396,-0.9660807847976685,1.0,1.0,-1.1500000000000008,-0.08215725421905518,0.05287766456604004,-0.18391921520233234,-17.959014584765796,-9.224124247588824,5.88353149419897,0,,,,,,,,True,-8.0,-18.0,0.0,optimal,0,-8.0,-18.0,1.1550768746312328,0.15907657950510257
1756443094.1802359,1,follower,auto,0.2964618504047394,0.9674648642539978,-0.5377708077430725,0.0,1.0,-1.1500000000000008,-0.2964618504047394,0.0325351357460022,-0.6122291922569283,-3.044985833852423,0.0867427343850189,3.8394487988520782,0,,,,,,,,True,-1.6965977385328372,-3.514346227519699,38.03900144335009,optimal,0,-29.0,-30.0,-0.015685757934491784,-1.355151683351609
1756443094.3143637,0,follower,auto,1.0821572542190552,0.94712233543396,-0.9660807847976685,1.0,1.0,-1.1500000000000008,-0.08215725421905518,0.05287766456604004,-0.18391921520233234,0,0,0,0,0.01,-0.1780227968615733,0.24044753106964467,-0.0875897335036463,1.0821572542190552,0.94712233543396,-0.9660807847976685,False,,,,,,,,,
1756443094.415596,1,leader,auto,0.2964618504047394,0.9674648642539978,-0.5377708077430725,0.0,1.0,-1.1500000000000008,-0.2964618504047394,0.0325351357460022,-0.6122291922569283,0,0,0,0,1.0,0.12702504585127375,0.17267572339267756,-0.07151687954855795,0.2964618504047394,0.9674648642539978,-0.5377708077430725,False,,,,,,,,,
1756443094.4166558,0,follower,auto,1.0916125774383545,0.9426283240318298,-1.0102832317352295,1.0,1.0,-1.2000000000000008,-0.09161257743835449,0.057371675968170166,-0.18971676826477135,-17.96014813785135,-10.22873793237153,5.978630355971674,0,,,,,,,,True,-9.0,-18.0,0.0,optimal,0,-9.0,-18.0,1.1625780178454488,0.18483520982516954
1756443094.5173419,1,follower,auto,0.30804508924484253,0.9545186758041382,-0.5298431515693665,0.0,1.0,-1.2000000000000008,-0.30804508924484253,0.045481324195861816,-0.6701568484306344,-2.9678031483557623,-0.9008384822391018,4.740617853151831,0,,,,,,,,True,-2.328200194720438,-3.96606538472102,37.99334489112654,optimal,0,-30.0,-30.0,0.008829032053247587,-1.374970089778051
1756443094.6665025,0,follower,auto,1.0916125774383545,0.9426283240318298,-1.0102832317352295,1.0,1.0,-1.2000000000000008,-0.09161257743835449,0.057371675968170166,-0.18971676826477135,0,0,0,0,0.01,-0.17609253083653043,0.24339854850367182,-0.09212806489418168,1.0916125774383545,0.9426283240318298,-1.0102832317352295,False,,,,,,,,,
1756443094.7676282,1,leader,auto,0.30804508924484253,0.9545186758041382,-0.5298431515693665,0.0,1.0,-1.2000000000000008,-0.30804508924484253,0.045481324195861816,-0.6701568484306344,0,0,0,0,1.0,0.1174278161137419,0.15173257707403742,-0.06722540554413153,0.30804508924484253,0.9545186758041382,-0.5298431515693665,False,,,,,,,,,
1756443094.7716756,0,follower,auto,1.0943619012832642,0.9424923658370972,-1.0648000240325928,1.0,1.0,-1.2500000000000009,-0.09436190128326416,0.05750763416290283,-0.18519997596740811,-18.00347468019837,-10.19472061155064,6.1260298317604125,0,,,,,,,,True,-9.0,-18.0,0.0,optimal,0,-9.0,-18.0,1.1525241452518669,0.10734642640796488
1756443094.8734899,1,follower,auto,0.31625694036483765,0.9353919625282288,-0.5183545351028442,0.0,1.0,-1.2500000000000009,-0.31625694036483765,0.06460803747177124,-0.7316454648971566,-3.8940074854870677,-0.8901892476851507,6.620462969466172,0,,,,,,,,True,-2.734519329430505,-4.390753199570211,37.4064159988968,optimal,0,-30.0,-30.0,0.0344131563626906,-1.374690693024625
1756443094.986156,0,follower,auto,1.0943619012832642,0.9424923658370972,-1.0648000240325928,1.0,1.0,-1.2500000000000009,-0.09436190128326416,0.05750763416290283,-0.18519997596740811,0,0,0,0,0.01,-0.1824617162930997,0.25111283693870035,-0.10289335671630462,1.0943619012832642,0.9424923658370972,-1.0648000240325928,False,,,,,,,,,
1756443095.0872393,1,leader,auto,0.31625694036483765,0.9353919625282288,-0.5183545351028442,0.0,1.0,-1.2500000000000009,-0.31625694036483765,0.06460803747177124,-0.7316454648971566,0,0,0,0,1.0,0.10610992094457025,0.13941590077190114,-0.06437153877181934,0.31625694036483765,0.9353919625282288,-0.5183545351028442,False,,,,,,,,,
1756443095.0895798,0,follower,auto,1.087705135345459,0.9406983852386475,-1.118614912033081,1.0,1.0,-1.300000000000001,-0.08770513534545898,0.05930161476135254,-0.18138508796691988,-17.019294040683846,-8.131360639804074,6.234215361652757,0,,,,,,,,True,-7.9830310811083995,-17.710661295878843,0.2898358671918643,optimal,0,-8.0,-18.0,1.122349075207542,-0.01611591290079306
1756443095.190794,1,follower,auto,0.3203383982181549,0.9213773608207703,-0.5077586770057678,0.0,1.0,-1.300000000000001,-0.3203383982181549,0.07862263917922974,-0.7922413229942331,-3.8835545633369697,-0.8832960240118135,7.521252404309547,0,,,,,,,,True,-2.5855219032274483,-4.394359178631353,37.512697199633116,optimal,0,-30.0,-30.0,0.054017777564670966,-1.3944638719753386
1756443095.3775437,0,follower,auto,1.087705135345459,0.9406983852386475,-1.118614912033081,1.0,1.0,-1.300000000000001,-0.08770513534545898,0.05930161476135254,-0.18138508796691988,0,0,0,0,0.01,-0.19111482370977928,0.2523915189988596,-0.1021438808482118,1.087705135345459,0.9406983852386475,-1.118614912033081,False,,,,,,,,,
1756443095.4779844,1,leader,auto,0.3203383982181549,0.9213773608207703,-0.5077586770057678,0.0,1.0,-1.300000000000001,-0.3203383982181549,0.07862263917922974,-0.7922413229942331,0,0,0,0,1.0,0.09472274317353302,0.14005706577952504,-0.06802246778442211,0.3203383982181549,0.9213773608207703,-0.5077586770057678,False,,,,,,,,,
1756443095.4798374,0,follower,auto,1.07586669921875,0.9382416009902954,-1.1871808767318726,1.0,1.0,-1.350000000000001,-0.07586669921875,0.06175839900970459,-0.16281912326812842,-16.036519237543327,-8.072554393015345,7.4187649407321175,0,,,,,,,,True,-7.0,-16.0,0.0,optimal,0,-7.0,-16.0,1.0831735039404617,0.08671597546360044
1756443095.5816572,1,follower,auto,0.32374492287635803,0.9050789475440979,-0.4969084858894348,0.0,1.0,-1.350000000000001,-0.32374492287635803,0.0949210524559021,-0.8530915141105662,-3.8555635140578155,-0.8964285779616961,9.4002816381029,0,,,,,,,,True,-2.3628121015108157,-4.353236833734584,37.70372151184689,optimal,0,-30.0,-30.0,0.07339540602832084,-1.4171404239390955
1756443095.6833308,0,follower,auto,1.07586669921875,0.9382416009902954,-1.1871808767318726,1.0,1.0,-1.350000000000001,-0.07586669921875,0.06175839900970459,-0.16281912326812842,0,0,0,0,0.01,-0.19296096511590033,0.25360451824970953,-0.11700054005727512,1.07586669921875,0.9382416009902954,-1.1871808767318726,False,,,,,,,,,
1756443095.7837975,1,leader,auto,0.32374492287635803,0.9050789475440979,-0.4969084858894348,0.0,1.0,-1.350000000000001,-0.32374492287635803,0.0949210524559021,-0.8530915141105662,0,0,0,0,1.0,0.08748114936399509,0.13325338482687665,-0.07120803910240975,0.32374492287635803,0.9050789475440979,-0.4969084858894348,False,,,,,,,,,
1756443095.7856212,0,follower,auto,1.0667579174041748,0.9375235438346863,-1.2368686199188232,1.0,1.0,-1.350000000000001,-0.0667579174041748,0.06247645616531372,-0.11313138008117773,-11.06112571304595,-7.058488279104841,7.443994811723648,0,,,,,,,,True,-6.0,-11.0,0.0,optimal,0,-6.0,-11.0,1.0593864999217157,0.3825458610148087
1756443095.8865478,1,follower,auto,0.32446882128715515,0.8921175599098206,-0.4900023639202118,0.0,1.0,-1.350000000000001,-0.32446882128715515,0.10788244009017944,-0.8599976360797892,-3.8490454443168702,0.10300989810759642,10.331401971041313,0,,,,,,,,True,-1.8863577204146083,-4.068390838587645,38.246898383068086,optimal,0,-30.0,-30.0,0.08405795199865629,-1.4461640386881913
1756443095.99074,0,follower,auto,1.0667579174041748,0.9375235438346863,-1.2368686199188232,1.0,1.0,-1.350000000000001,-0.0667579174041748,0.06247645616531372,-0.11313138008117773,0,0,0,0,0.01,-0.18672620728982792,0.2561634934850132,-0.0985210510827299,1.0667579174041748,0.9375235438346863,-1.2368686199188232,False,,,,,,,,,
1756443096.0912218,1,leader,auto,0.32446882128715515,0.8921175599098206,-0.4900023639202118,0.0,1.0,-1.350000000000001,-0.32446882128715515,0.10788244009017944,-0.8599976360797892,0,0,0,0,1.0,0.07865322557678772,0.13245077089371693,-0.08027990754147807,0.32446882128715515,0.8921175599098206,-0.4900023639202118,False,,,,,,,,,
1756443096.0927207,0,follower,auto,1.0613820552825928,0.9381906986236572,-1.2827287912368774,1.0,1.0,-1.350000000000001,-0.06138205528259277,0.06180930137634277,-0.06727120876312354,-6.084943633513318,-7.069653408086483,7.48632399038971,0,,,,,,,,True,-6.0,-6.0,0.0,optimal,0,-6.0,-6.0,1.0502051533449714,0.7426109632484179
1756443096.1940942,1,follower,auto,0.3222382962703705,0.8820329904556274,-0.48499369621276855,0.0,1.0,-1.350000000000001,-0.3222382962703705,0.11796700954437256,-0.8650063037872324,-2.848554572101595,0.11495671976844912,11.267871359604344,0,,,,,,,,True,-1.0545696677222196,-3.5126316654495966,39.235425554094476,optimal,0,-30.0,-30.0,0.08841451180093207,-1.4871048039435661
1756443096.3668272,0,follower,auto,1.0613820552825928,0.9381906986236572,-1.2827287912368774,1.0,1.0,-1.350000000000001,-0.06138205528259277,0.06180930137634277,-0.06727120876312354,0,0,0,0,0.01,-0.1788482034385499,0.2532400215335384,-0.09622621096059336,1.0613820552825928,0.9381906986236572,-1.2827287912368774,False,,,,,,,,,
1756443096.467226,1,leader,auto,0.3222382962703705,0.8820329904556274,-0.48499369621276855,0.0,1.0,-1.350000000000001,-0.3222382962703705,0.11796700954437256,-0.8650063037872324,0,0,0,0,1.0,0.07108261851270625,0.13122958826449505,-0.0876919693218105,0.3222382962703705,0.8820329904556274,-0.48499369621276855,False,,,,,,,,,
1756443096.568078,0,follower,auto,1.0746105909347534,0.9268511533737183,-1.3615055084228516,1.0,1.0,-1.350000000000001,-0.07461059093475342,0.07314884662628174,0.011505508422850586,0.9852130051741999,-8.183770355986411,8.737274443496766,0,,,,,,,,True,-7.0,1.0,0.0,optimal,0,-7.0,1.0,1.105638305960916,1.625502177761211
1756443100.8757226,1,follower,auto,0.3146578073501587,0.8853838443756104,-0.4818416237831116,0.0,1.0,-1.350000000000001,-0.3146578073501587,0.11461615562438965,-0.8681583762168894,-1.9317099632728583,1.1736395532168162,11.156607669477983,0,,,,,,,,True,0.13826982771973917,-2.7640459457736704,40.62157679672676,optimal,0,-30.0,-30.0,0.08355567346698256,-1.5353937088608829
1756443101.0056746,0,follower,auto,1.0746105909347534,0.9268511533737183,-1.3615055084228516,1.0,1.0,-1.350000000000001,-0.07461059093475342,0.07314884662628174,0.011505508422850586,0,0,0,0,0.01,-0.15658256686658056,0.23212386383612948,-0.13085550816126723,1.0746105909347534,0.9268511533737183,-1.3615055084228516,False,,,,,,,,,
1756443101.1059725,1,leader,auto,0.3146578073501587,0.8853838443756104,-0.4818416237831116,0.0,1.0,-1.350000000000001,-0.3146578073501587,0.11461615562438965,-0.8681583762168894,0,0,0,0,1.0,0.06158265421828518,0.13963979091490297,-0.09555491779989245,0.3146578073501587,0.8853838443756104,-0.4818416237831116,False,,,,,,,,,
1756443101.2109418,0,follower,auto,1.0666754245758057,0.025972742587327957,-1.420238733291626,1.0,1.0,-1.350000000000001,-0.06667542457580566,0.974027257412672,0.070238733291625,0,0,0,0,0.01,-0.1765350852216807,-0.6723276465356638,-0.11169795979788821,1.0666754245758057,0.025972742587327957,-1.420238733291626,False,,,,,,,,,
1756443101.3113482,1,leader,auto,0.42054763436317444,0.054442450404167175,-0.06079280003905296,0.0,1.0,-1.350000000000001,-0.42054763436317444,0.9455575495958328,-1.289207199960948,0,0,0,0,0.7165313105737893,0.17253165045163243,-0.7010991344681444,0.31691852091302475,0.42054763436317444,0.054442450404167175,-0.06079280003905296,False,,,,,,,,,
1756443101.4987633,0,follower,auto,1.0670428276062012,0.02561766281723976,-1.4208866357803345,1.0,1.0,-1.350000000000001,-0.06704282760620117,0.9743823371827602,0.0708866357803335,0,0,0,0,0.01,-0.16582418107502295,0.26755013026760394,-0.05564803427344578,1.0670428276062012,0.02561766281723976,-1.4208866357803345,False,,,,,,,,,
1756443101.599293,1,leader,auto,0.42054736614227295,0.05443374812602997,-0.06079922616481781,0.0,1.0,-1.350000000000001,-0.42054736614227295,0.94556625187397,-1.2892007738351832,0,0,0,0,0.85,0.057463295743834075,0.17383121525652304,-0.1343084478810582,0.42054736614227295,0.05443374812602997,-0.06079922616481781,False,,,,,,,,,
1756443101.7186155,0,follower,auto,1.0666981935501099,0.02600155770778656,-1.4202674627304077,1.0,1.0,-1.350000000000001,-0.06669819355010986,0.9739984422922134,0.07026746273040674,0,0,0,0,0.01,-0.16477053765299488,0.2512508841070085,-0.05977935112190069,1.0666981935501099,0.02600155770778656,-1.4202674627304077,False,,,,,,,,,
1756443101.819106,1,leader,auto,0.4205450117588043,0.054445087909698486,-0.060808148235082626,0.0,1.0,-1.350000000000001,-0.4205450117588043,0.9455549120903015,-1.2891918517649184,0,0,0,0,1.0,0.05518705138985375,0.16535309436621023,-0.13740904462217268,0.4205450117588043,0.054445087909698486,-0.060808148235082626,False,,,,,,,,,
1756443101.9222298,0,follower,auto,1.0666061639785767,0.026072412729263306,-1.420128345489502,1.0,1.0,-1.350000000000001,-0.06660616397857666,0.9739275872707367,0.07012834548950098,0,0,0,0,0.01,-0.16281547126524343,0.2348775781863438,-0.06540992030710435,1.0666061639785767,0.026072412729263306,-1.420128345489502,False,,,,,,,,,
1756443102.0225399,1,leader,auto,0.42054226994514465,0.05444785952568054,-0.06081102043390274,0.0,1.0,-1.350000000000001,-0.42054226994514465,0.9455521404743195,-1.2891889795660982,0,0,0,0,1.0,0.053049080429488304,0.157355050499824,-0.1403150597428756,0.42054226994514465,0.05444785952568054,-0.06081102043390274,False,,,,,,,,,
1756443102.125824,0,follower,auto,1.0665761232376099,0.026096440851688385,-1.4200774431228638,1.0,1.0,-1.350000000000001,-0.06657612323760986,0.9739035591483116,0.07007744312286279,0,0,0,0,0.01,-0.16116832451474883,0.2197528835909373,-0.07031081440644238,1.0665761232376099,0.026096440851688385,-1.4200774431228638,False,,,,,,,,,
1756443102.2262473,1,leader,auto,0.42054060101509094,0.054446328431367874,-0.06080498918890953,0.0,1.0,-1.350000000000001,-0.42054060101509094,0.9455536715686321,-1.2891950108110914,0,0,0,0,1.0,0.051040848040541764,0.14984115472281268,-0.14304386038396774,0.42054060101509094,0.054446328431367874,-0.06080498918890953,False,,,,,,,,,
1756443102.333792,0,follower,auto,1.0668835639953613,0.025769490748643875,-1.4206572771072388,1.0,1.0,-1.350000000000001,-0.06688356399536133,0.9742305092513561,0.07065727710723779,0,0,0,0,0.01,-0.15934451390113202,0.2052315193448373,-0.07546017633656588,1.0668835639953613,0.025769490748643875,-1.4206572771072388,False,,,,,,,,,
1756443102.4346619,1,leader,auto,0.42053595185279846,0.054455697536468506,-0.06080101057887077,0.0,1.0,-1.350000000000001,-0.42053595185279846,0.9455443024635315,-1.2891989894211302,0,0,0,0,1.0,0.049149056479087294,0.14279329560213008,-0.1456198890653621,0.42053595185279846,0.054455697536468506,-0.06080101057887077,False,,,,,,,,,
1756443102.6351225,0,follower,auto,1.0665745735168457,0.02612362615764141,-1.420060634613037,1.0,1.0,-1.350000000000001,-0.0665745735168457,0.9738763738423586,0.07006063461303613,0,0,0,0,0.01,-0.15858404465931764,0.19261350069101493,-0.07849336372129212,1.0665745735168457,0.02612362615764141,-1.420060634613037,False,,,,,,,,,
1756443102.7356188,1,leader,auto,0.4205460548400879,0.05445132777094841,-0.0608067624270916,0.0,1.0,-1.350000000000001,-0.4205460548400879,0.9455486722290516,-1.2891932375729094,0,0,0,0,1.0,0.04738850479314083,0.1361436689586544,-0.14804903384917795,0.4205460548400879,0.05445132777094841,-0.0608067624270916,False,,,,,,,,,
1756443102.9016502,0,follower,auto,1.0669524669647217,0.025684118270874023,-1.4207568168640137,1.0,1.0,-1.350000000000001,-0.06695246696472168,0.974315881729126,0.0707568168640127,0,0,0,0,0.01,-0.15656588840935326,0.1792778343486149,-0.08381386108668942,1.0669524669647217,0.025684118270874023,-1.4207568168640137,False,,,,,,,,,
1756443103.002007,1,leader,auto,0.4205422103404999,0.05444149300456047,-0.060806721448898315,0.0,1.0,-1.350000000000001,-0.4205422103404999,0.9455585069954395,-1.2891932785511027,0,0,0,0,1.0,0.0457048865718917,0.12990129378354015,-0.15031690666129116,0.4205422103404999,0.05444149300456047,-0.060806721448898315,False,,,,,,,,,
1756443103.1049838,0,follower,auto,1.0668244361877441,0.025832362473011017,-1.4205178022384644,1.0,1.0,-1.350000000000001,-0.06682443618774414,0.974167637526989,0.07051780223846338,0,0,0,0,0.013123728736940968,-0.1558616296856321,0.1681237033714282,-0.08658710698845895,1.0668244361877441,0.025832362473011017,-1.4205178022384644,False,,,,,,,,,
1756443103.2053623,1,leader,auto,0.4205443561077118,0.05444939061999321,-0.06081105023622513,0.0,1.0,-1.350000000000001,-0.4205443561077118,0.9455506093800068,-1.2891889497637758,0,0,0,0,1.0,0.044142223197594976,0.12405665850162127,-0.15245886969661177,0.4205443561077118,0.05444939061999321,-0.06081105023622513,False,,,,,,,,,
1756443103.309504,0,follower,auto,1.0666906833648682,0.025974538177251816,-1.420296311378479,1.0,1.0,-1.350000000000001,-0.06669068336486816,0.9740254618227482,0.07029631137847803,0,0,0,0,0.02163737071949309,-0.15469942430637884,0.1570449996660721,-0.09014667877821214,1.0666906833648682,0.025974538177251816,-1.420296311378479,False,,,,,,,,,
1756443103.4100015,1,leader,auto,0.42054808139801025,0.05444391071796417,-0.060809459537267685,0.0,1.0,-1.350000000000001,-0.42054808139801025,0.9455560892820358,-1.2891905404627333,0,0,0,0,1.0,0.04266890888204261,0.11853159143733508,-0.1544620256980088,0.42054808139801025,0.05444391071796417,-0.060809459537267685,False,,,,,,,,,
1756443103.5551524,0,follower,auto,1.0668721199035645,0.025804487988352776,-1.4206132888793945,1.0,1.0,-1.350000000000001,-0.06687211990356445,0.9741955120116472,0.07061328887939355,0,0,0,0,0.035673993347252395,-0.1532860398424103,0.14632486078779375,-0.09401362085591702,1.0668721199035645,0.025804487988352776,-1.4206132888793945,False,,,,,,,,,
1756443103.6557465,1,leader,auto,0.42054492235183716,0.054450325667858124,-0.06080695241689682,0.0,1.0,-1.350000000000001,-0.42054492235183716,0.9455496743321419,-1.2891930475831042,0,0,0,0,1.0,0.04127552956586533,0.11336330076629082,-0.1563499954041928,0.42054492235183716,0.054450325667858124,-0.06080695241689682,False,,,,,,,,,
1756443103.819086,0,follower,auto,1.0668346881866455,0.025844214484095573,-1.420525074005127,1.0,1.0,-1.350000000000001,-0.06683468818664551,0.9741557855159044,0.07052507400512598,0,0,0,0,0.05881647164242988,-0.15249151606346745,0.13676993281999375,-0.09670488567287583,1.0668346881866455,0.025844214484095573,-1.420525074005127,False,,,,,,,,,
1756443103.9195926,1,leader,auto,0.42054805159568787,0.05444904416799545,-0.060807451605796814,0.0,1.0,-1.350000000000001,-0.42054805159568787,0.9455509558320045,-1.2891925483942042,0,0,0,0,1.0,0.03997892563515404,0.10848551623382961,-0.1581286096586901,0.42054805159568787,0.05444904416799545,-0.060807451605796814,False,,,,,,,,,
1756443104.0526443,0,follower,auto,1.0669485330581665,0.025691909715533257,-1.4207322597503662,1.0,1.0,-1.350000000000001,-0.0669485330581665,0.9743080902844667,0.07073225975036523,0,0,0,0,0.09697196786440505,-0.15137451886720577,0.12738649258131482,-0.09993526759550675,1.0669485330581665,0.025691909715533257,-1.4207322597503662,False,,,,,,,,,
1756443104.153024,1,leader,auto,0.42054206132888794,0.05443940311670303,-0.060807738453149796,0.0,1.0,-1.350000000000001,-0.42054206132888794,0.945560596883297,-1.2891922615468512,0,0,0,0,1.0,0.03874471013961095,0.10389973567164293,-0.15979728840709967,0.42054206132888794,0.05443940311670303,-0.060807738453149796,False,,,,,,,,,
1756443104.2576752,0,follower,auto,1.0667403936386108,0.025904733687639236,-1.4203596115112305,1.0,1.0,-1.350000000000001,-0.06674039363861084,0.9740952663123608,0.07035961151122949,0,0,0,0,0.1598797460796939,-0.1507978023822365,0.11912321876193002,-0.10209659199889809,1.0667403936386108,0.025904733687639236,-1.4203596115112305,False,,,,,,,,,
1756443104.3582265,1,leader,auto,0.42054250836372375,0.05443717911839485,-0.06080223247408867,0.0,1.0,-1.350000000000001,-0.42054250836372375,0.9455628208816051,-1.2891977675259123,0,0,0,0,1.0,0.03760010438608685,0.09960487854760144,-0.16136026594573757,0.42054250836372375,0.05443717911839485,-0.06080223247408867,False,,,,,,,,,
1756443104.5245688,0,follower,auto,1.0666414499282837,0.025998694822192192,-1.4202054738998413,1.0,1.0,-1.350000000000001,-0.06664144992828369,0.9740013051778078,0.07020547389984033,0,0,0,0,0.26359713811572677,-0.14982450888606014,0.110871749793487,-0.10492658155020762,1.0666414499282837,0.025998694822192192,-1.4202054738998413,False,,,,,,,,,
1756443104.6249886,1,leader,auto,0.4205443859100342,0.05444579944014549,-0.060804855078458786,0.0,1.0,-1.350000000000001,-0.4205443859100342,0.9455542005598545,-1.2891951449215422,0,0,0,0,1.0,0.03651916818761308,0.09557114011807705,-0.16284338624190253,0.4205443859100342,0.05444579944014549,-0.060804855078458786,False,,,,,,,,,
1756443104.7286005,0,follower,auto,1.0666463375091553,0.02603086456656456,-1.4201998710632324,1.0,1.0,-1.350000000000001,-0.06664633750915527,0.9739691354334354,0.07019987106323144,0,0,0,0,0.4345982085070782,-0.14891497741768434,0.10317244041052298,-0.10751679587547214,1.0666463375091553,0.02603086456656456,-1.4201998710632324,False,,,,,,,,,
1756443104.8291297,1,leader,auto,0.42053914070129395,0.05446648225188255,-0.0607917346060276,0.0,1.0,-1.350000000000001,-0.42053914070129395,0.9455335177481174,-1.2892082653939734,0,0,0,0,1.0,0.03549453489452248,0.09178064416425169,-0.16421364766006508,0.42053914070129395,0.05446648225188255,-0.0607917346060276,False,,,,,,,,,
1756443105.0202467,0,follower,auto,1.066740870475769,0.025957252830266953,-1.4203649759292603,1.0,1.0,-1.350000000000001,-0.06674087047576904,0.974042747169733,0.07036497592925928,0,0,0,0,0.7165313105737893,-0.1480742037428675,0.09589109950004743,-0.10997377026907729,1.066740870475769,0.025957252830266953,-1.4203649759292603,False,,,,,,,,,
1756443105.120899,1,leader,auto,0.4205532968044281,0.05444272980093956,-0.06082642450928688,0.0,1.0,-1.350000000000001,-0.4205532968044281,0.9455572701990604,-1.289173575490714,0,0,0,0,1.0,0.0345579036659423,0.08816108021498939,-0.16556524684562965,0.4205532968044281,0.05444272980093956,-0.06082642450928688,False,,,,,,,,,
1756443105.2267785,0,follower,auto,1.0669411420822144,0.02567516453564167,-1.4207367897033691,1.0,1.0,-1.350000000000001,-0.06694114208221436,0.9743248354643583,0.07073678970336816,0,0,0,0,0.85,-0.14726778323445022,0.0889439439665427,-0.11231932740451045,1.0669411420822144,0.02567516453564167,-1.4207367897033691,False,,,,,,,,,
1756443105.3272624,1,leader,auto,0.42054200172424316,0.05446050316095352,-0.060775306075811386,0.0,1.0,-1.350000000000001,-0.42054200172424316,0.9455394968390465,-1.2892246939241896,0,0,0,0,1.0,0.0336326178158835,0.08484465117631984,-0.1667021313676351,0.42054200172424316,0.05446050316095352,-0.060775306075811386,False,,,,,,,,,
1756443105.457044,0,follower,auto,1.066749930381775,0.025889085605740547,-1.420400857925415,1.0,1.0,-1.350000000000001,-0.0667499303817749,0.9741109143942595,0.07040085792541406,0,0,0,0,1.0,-0.14700696990325435,0.0831181036881001,-0.11360969665167375,1.066749930381775,0.025889085605740547,-1.420400857925415,False,,,,,,,,,
1756443105.5574818,1,leader,auto,0.42054489254951477,0.05441766604781151,-0.06083878502249718,0.0,1.0,-1.350000000000001,-0.42054489254951477,0.9455823339521885,-1.2891612149775038,0,0,0,0,1.0,0.03280248620560383,0.08162507159585752,-0.16797120853521627,0.42054489254951477,0.05441766604781151,-0.06083878502249718,False,,,,,,,,,
1756443105.7317586,0,follower,auto,1.066827416419983,0.02580096572637558,-1.420562744140625,1.0,1.0,-1.350000000000001,-0.06682741641998291,0.9741990342736244,0.07056274414062402,0,0,0,0,1.0,-0.14610162432639817,0.07684376351217605,-0.11602820728923402,1.066827416419983,0.02580096572637558,-1.420562744140625,False,,,,,,,,,
1756443105.832255,1,leader,auto,0.4205509424209595,0.05441976338624954,-0.06082777678966522,0.0,1.0,-1.350000000000001,-0.4205509424209595,0.9455802366137505,-1.2891722232103358,0,0,0,0,1.0,0.032011135632657506,0.07870421171495898,-0.16897505651306355,0.4205509424209595,0.05441976338624954,-0.06082777678966522,False,,,,,,,,,
1756443105.9363115,0,follower,auto,1.0667476654052734,0.025948232039809227,-1.4203965663909912,1.0,1.0,-1.350000000000001,-0.06674766540527344,0.9740517679601908,0.07039656639099023,0,0,0,0,1.0,-0.14567653427571803,0.0714833108890699,-0.11747572533053297,1.0667476654052734,0.025948232039809227,-1.4203965663909912,False,,,,,,,,,
1756443106.0368621,1,leader,auto,0.420547753572464,0.054447416216135025,-0.060830965638160706,0.0,1.0,-1.350000000000001,-0.420547753572464,0.945552583783865,-1.2891690343618403,0,0,0,0,1.0,0.031254868327974694,0.07593922446678175,-0.17000735787308516,0.420547753572464,0.054447416216135025,-0.060830965638160706,False,,,,,,,,,
1756443106.1404266,0,follower,auto,1.0668174028396606,0.02589317597448826,-1.4204977750778198,1.0,1.0,-1.350000000000001,-0.06681740283966064,0.9741068240255117,0.07049777507781885,0,0,0,0,1.0,-0.14497022412606486,0.06600677685179689,-0.1194318426906602,1.0668174028396606,0.02589317597448826,-1.4204977750778198,False,,,,,,,,,
1756443106.2408986,1,leader,auto,0.4205438196659088,0.05444440245628357,-0.0608258880674839,0.0,1.0,-1.350000000000001,-0.4205438196659088,0.9455555975437164,-1.289174111932517,0,0,0,0,1.0,0.03055247072345335,0.07328391437231076,-0.17095525765100575,0.4205438196659088,0.05444440245628357,-0.0608258880674839,False,,,,,,,,,
1756443106.3494275,0,follower,auto,1.0666879415512085,0.026023993268609047,-1.4202529191970825,1.0,1.0,-1.350000000000001,-0.0666879415512085,0.973976006731391,0.07025291919708154,0,0,0,0,1.0,-0.14465497975732666,0.061247030594956633,-0.12065714200515143,1.0666879415512085,0.026023993268609047,-1.4202529191970825,False,,,,,,,,,
1756443106.4498081,1,leader,auto,0.4205420911312103,0.05447671562433243,-0.06079990416765213,0.0,1.0,-1.350000000000001,-0.4205420911312103,0.9455232843756676,-1.2892000958323488,0,0,0,0,1.0,0.02989516740511966,0.07085391640114529,-0.17183364353226843,0.4205420911312103,0.05447671562433243,-0.06079990416765213,False,,,,,,,,,
1756443106.6156037,0,follower,auto,1.0668405294418335,0.025860484689474106,-1.4205563068389893,1.0,1.0,-1.350000000000001,-0.0668405294418335,0.9741395153105259,0.07055630683898828,0,0,0,0,1.0,-0.1438774021487963,0.05629266988082931,-0.12270323145098327,1.0668405294418335,0.025860484689474106,-1.4205563068389893,False,,,,,,,,,
1756443106.7165282,1,leader,auto,0.4205450117588043,0.054471928626298904,-0.0608084462583065,0.0,1.0,-1.350000000000001,-0.4205450117588043,0.9455280713737011,-1.2891915537416945,0,0,0,0,1.0,0.029279746076321778,0.06849729121426704,-0.17271475858029647,0.4205450117588043,0.054471928626298904,-0.0608084462583065,False,,,,,,,,,
1756443106.8192132,0,follower,auto,1.066968321800232,0.025673173367977142,-1.4207724332809448,1.0,1.0,-1.350000000000001,-0.06696832180023193,0.9743268266320229,0.07077243328094385,0,0,0,0,1.0,-0.14345332390808152,0.05190609394044332,-0.12399105080746975,1.066968321800232,0.025673173367977142,-1.4207724332809448,False,,,,,,,,,
1756443106.9195108,1,leader,auto,0.4205436408519745,0.054465893656015396,-0.06079460307955742,0.0,1.0,-1.350000000000001,-0.4205436408519745,0.9455341063439846,-1.2892053969204436,0,0,0,0,1.0,0.02869230933053546,0.06631791573243388,-0.17348609546555321,0.4205436408519745,0.054465893656015396,-0.06079460307955742,False,,,,,,,,,
1756443107.024812,0,follower,auto,1.066792368888855,0.025850947946310043,-1.4204596281051636,1.0,1.0,-1.350000000000001,-0.06679236888885498,0.97414905205369,0.0704596281051626,0,0,0,0,1.0,-0.14333364009935834,0.04817160119867239,-0.12475993058478152,1.066792368888855,0.025850947946310043,-1.4204596281051636,False,,,,,,,,,
1756443107.1280222,1,leader,auto,0.42054030299186707,0.054440777748823166,-0.060823705047369,0.0,1.0,-1.350000000000001,-0.42054030299186707,0.9455592222511768,-1.289176294952632,0,0,0,0,1.0,0.028142443370642534,0.06425146981485197,-0.17427648255365868,0.42054030299186707,0.054440777748823166,-0.060823705047369,False,,,,,,,,,
1756443107.2375937,0,follower,auto,1.0668926239013672,0.025758983567357063,-1.4206559658050537,1.0,1.0,-1.350000000000001,-0.06689262390136719,0.9742410164326429,0.07065596580505273,0,0,0,0,1.0,-0.1426411841254942,0.04402635316429196,-0.12652075206886293,1.0668926239013672,0.025758983567357063,-1.4206559658050537,False,,,,,,,,,
1756443107.3383374,1,leader,auto,0.42054322361946106,0.054435402154922485,-0.060825932770967484,0.0,1.0,-1.350000000000001,-0.42054322361946106,0.9455645978450775,-1.2891740672290335,0,0,0,0,1.0,0.02763379480932221,0.062347831902525255,-0.17494962702570405,0.42054322361946106,0.054435402154922485,-0.060825932770967484,False,,,,,,,,,
1756443107.4687016,0,follower,auto,1.066681981086731,0.025973517447710037,-1.420264720916748,1.0,1.0,-1.350000000000001,-0.06668198108673096,0.97402648255229,0.07026472091674707,0,0,0,0,1.0,-0.1425773812610993,0.0407060572285662,-0.12707919880003193,1.066681981086731,0.025973517447710037,-1.420264720916748,False,,,,,,,,,
1756443107.5691314,1,leader,auto,0.42055103182792664,0.05444880202412605,-0.06080801039934158,0.0,1.0,-1.350000000000001,-0.42055103182792664,0.945551197975874,-1.2891919896006594,0,0,0,0,1.0,0.027154294254851274,0.060557447414750845,-0.1755891069784154,0.42055103182792664,0.05444880202412605,-0.06080801039934158,False,,,,,,,,,
1756443107.6723685,0,follower,auto,1.0667113065719604,0.025940697640180588,-1.4203271865844727,1.0,1.0,-1.350000000000001,-0.06671130657196045,0.9740593023598194,0.07032718658447168,0,0,0,0,1.0,-0.141966540441554,0.0370311271017956,-0.12864543187155708,1.0667113065719604,0.025940697640180588,-1.4203271865844727,False,,,,,,,,,
1756443107.773118,1,leader,auto,0.42055100202560425,0.054448794573545456,-0.060804858803749084,0.0,1.0,-1.350000000000001,-0.42055100202560425,0.9455512054264545,-1.289195141196252,0,0,0,0,1.0,0.02669083814198908,0.058842303213354485,-0.17622513900522185,0.42055100202560425,0.054448794573545456,-0.060804858803749084,False,,,,,,,,,
1756443107.9336853,0,follower,auto,1.0668041706085205,0.02585320919752121,-1.4204936027526855,1.0,1.0,-1.350000000000001,-0.06680417060852051,0.9741467908024788,0.07049360275268457,0,0,0,0,1.0,-0.14156877981971672,0.03376937783538373,-0.12976793090324867,1.0668041706085205,0.02585320919752121,-1.4204936027526855,False,,,,,,,,,
1756443108.0343919,1,leader,auto,0.4205457270145416,0.05445712432265282,-0.06079194322228432,0.0,1.0,-1.350000000000001,-0.4205457270145416,0.9455428756773472,-1.2892080567777167,0,0,0,0,1.0,0.026257782197946278,0.05725181218351403,-0.17679847434851426,0.4205457270145416,0.05445712432265282,-0.06079194322228432,False,,,,,,,,,
1756443108.15441,0,follower,auto,1.0667378902435303,0.02595360204577446,-1.4203588962554932,1.0,1.0,-1.350000000000001,-0.06673789024353027,0.9740463979542255,0.07035889625549219,0,0,0,0,1.0,-0.14141756778807046,0.030945883450999134,-0.13041800682714522,1.0667378902435303,0.02595360204577446,-1.4203588962554932,False,,,,,,,,,
1756443108.2549264,1,leader,auto,0.4205538332462311,0.054477691650390625,-0.060796335339546204,0.0,1.0,-1.350000000000001,-0.4205538332462311,0.9455223083496094,-1.2892036646604548,0,0,0,0,1.0,0.025869336062038395,0.055760650994406497,-0.17736448125580806,0.4205538332462311,0.054477691650390625,-0.060796335339546204,False,,,,,,,,,
1756443108.4600031,0,follower,auto,1.0666660070419312,0.026025304570794106,-1.4202603101730347,1.0,1.0,-1.350000000000001,-0.06666600704193115,0.9739746954292059,0.07026031017303369,0,0,0,0,1.0,-0.14112188691338146,0.028075227115531384,-0.1313663212757472,1.0666660070419312,0.026025304570794106,-1.4202603101730347,False,,,,,,,,,
1756443108.560452,1,leader,auto,0.4205557107925415,0.05447043105959892,-0.060809750109910965,0.0,1.0,-1.350000000000001,-0.4205557107925415,0.9455295689404011,-1.28919024989009,0,0,0,0,1.0,0.025484586766153894,0.05431889397948545,-0.17788824270304043,0.4205557107925415,0.05447043105959892,-0.060809750109910965,False,,,,,,,,,
1756443108.750853,0,follower,auto,1.0668262243270874,0.025822117924690247,-1.4205306768417358,1.0,1.0,-1.350000000000001,-0.0668262243270874,0.9741778820753098,0.07053067684173486,0,0,0,0,1.0,-0.14060624356780949,0.025130611312301793,-0.13259056919385892,1.0668262243270874,0.025822117924690247,-1.4205306768417358,False,,,,,,,,,
1756443108.85141,1,leader,auto,0.42054319381713867,0.05446038767695427,-0.060794588178396225,0.0,1.0,-1.350000000000001,-0.42054319381713867,0.9455396123230457,-1.2892054118216048,0,0,0,0,1.0,0.025114756591688214,0.05298868751213623,-0.1783429791084565,0.42054319381713867,0.05446038767695427,-0.060794588178396225,False,,,,,,,,,
1756443108.9566004,0,follower,auto,1.0668493509292603,0.025833716616034508,-1.420567512512207,1.0,1.0,-1.350000000000001,-0.06684935092926025,0.9741662833839655,0.07056751251220605,0,0,0,0,1.0,-0.14049072999271073,0.022852346965837603,-0.13313887848749406,1.0668493509292603,0.025833716616034508,-1.420567512512207,False,,,,,,,,,
1756443109.056944,1,leader,auto,0.42054998874664307,0.05446740612387657,-0.06080247461795807,0.0,1.0,-1.350000000000001,-0.42054998874664307,0.9455325938761234,-1.289197525382043,0,0,0,0,1.0,0.024800822654310994,0.051758138054247865,-0.1788220564025037,0.42054998874664307,0.05446740612387657,-0.06080247461795807,False,,,,,,,,,
1756443109.1719007,0,follower,auto,1.066731333732605,0.025958076119422913,-1.420347809791565,1.0,1.0,-1.350000000000001,-0.06673133373260498,0.9740419238805771,0.07034780979156396,0,0,0,0,1.0,-0.1403862003479628,0.020608753954757295,-0.133631281830628,1.066731333732605,0.025958076119422913,-1.420347809791565,False,,,,,,,,,
1756443109.2723227,1,leader,auto,0.42055174708366394,0.05446847155690193,-0.060800615698099136,0.0,1.0,-1.350000000000001,-0.42055174708366394,0.9455315284430981,-1.2891993843019018,0,0,0,0,1.0,0.024481376255785614,0.050578406720368896,-0.1792395953284107,0.42055174708366394,0.05446847155690193,-0.060800615698099136,False,,,,,,,,,
