timestamp,drone_id,role,mode,x,y,z,target_x,target_y,target_z,error_x,error_y,error_z,rc_lr,rc_fb,rc_ud,rc_yaw,trust,obs_error_x,obs_error_y,obs_error_z,obs_state_x,obs_state_y,obs_state_z,cbf_fire_flag,rc_safe_x,rc_safe_z,rc_diff_norm,qp_status,active_constraint_id,rc_nom_x,rc_nom_z,h_x,HOh_x
1756446513.8745053,0,leader,manual,0.9928337931632996,0.05016935244202614,1.1282399892807007,1,1,1,0.0071662068367004395,0.9498306475579739,-0.12823998928070068,0,0,0,0,1.0,0.0,0.0,0.0,0.0,0.0,0.0,False,,,,,,,,,
1756446513.9748495,1,follower,manual,0.08898426592350006,0.05987003818154335,1.1239625215530396,0,1,1,-0.08898426592350006,0.9401299618184566,-0.12396252155303955,0,0,0,0,1.0,0.0,0.0,0.0,0.0,0.0,0.0,False,,,,,,,,,
1756446514.0942142,0,leader,manual,0.9928191304206848,0.05017027258872986,1.1282341480255127,1,1,1,0.0071808695793151855,0.9498297274112701,-0.1282341480255127,0,0,0,0,1.0,0.0,0.0,0.0,0.0,0.0,0.0,False,,,,,,,,,
1756446514.1945705,1,follower,manual,0.08898951858282089,0.059868600219488144,1.1239674091339111,0,1,1,-0.08898951858282089,0.9401313997805119,-0.12396740913391113,0,0,0,0,1.0,0.0,0.0,0.0,0.0,0.0,0.0,False,,,,,,,,,
1756446514.3497894,0,leader,manual,0.9928268790245056,0.050163883715867996,1.128238320350647,1,1,1,0.007173120975494385,0.949836116284132,-0.12823832035064697,0,0,0,0,1.0,0.0,0.0,0.0,0.0,0.0,0.0,False,,,,,,,,,
1756446514.4502141,1,follower,manual,0.08898844569921494,0.0598645955324173,1.1239665746688843,0,1,1,-0.08898844569921494,0.9401354044675827,-0.12396657466888428,0,0,0,0,1.0,0.0,0.0,0.0,0.0,0.0,0.0,False,,,,,,,,,
1756446514.5149148,0,leader,manual,0.9928203225135803,0.050174228847026825,1.128233551979065,1,1,1,0.007179677486419678,0.9498257711529732,-0.12823355197906494,0,0,0,0,1.0,0.0,0.0,0.0,0.0,0.0,0.0,False,,,,,,,,,
1756446514.5154037,1,follower,manual,0.08898589015007019,0.05985406041145325,1.123981237411499,0,1,1,-0.08898589015007019,0.9401459395885468,-0.12398123741149902,0,0,0,0,1.0,0.0,0.0,0.0,0.0,0.0,0.0,False,,,,,,,,,
1756446514.607635,0,leader,manual,0.9928310513496399,0.050175681710243225,1.1282343864440918,1,1,1,0.007168948650360107,0.9498243182897568,-0.1282343864440918,0,0,0,0,1.0,0.0,0.0,0.0,0.0,0.0,0.0,False,,,,,,,,,
1756446514.6083846,1,follower,manual,0.08898691833019257,0.05985118821263313,1.123979926109314,0,1,1,-0.08898691833019257,0.9401488117873669,-0.12397992610931396,0,0,0,0,1.0,0.0,0.0,0.0,0.0,0.0,0.0,False,,,,,,,,,
1756446514.7093785,0,leader,manual,0.9928238391876221,0.05018186941742897,1.1282371282577515,1,1,1,0.00717616081237793,0.949818130582571,-0.12823712825775146,0,0,0,0,1.0,0.0,0.0,0.0,0.0,0.0,0.0,False,,,,,,,,,
1756446514.8099475,1,follower,manual,0.0889887735247612,0.059870395809412,1.1239653825759888,0,1,1,-0.0889887735247612,0.940129604190588,-0.12396538257598877,0,0,0,0,1.0,0.0,0.0,0.0,0.0,0.0,0.0,False,,,,,,,,,
1756446514.914091,0,leader,manual,0.9928263425827026,0.050177063792943954,1.1282399892807007,1,1,1,0.007173657417297363,0.949822936207056,-0.12823998928070068,0,0,0,0,1.0,0.0,0.0,0.0,0.0,0.0,0.0,False,,,,,,,,,
1756446515.014707,1,follower,manual,0.08898618817329407,0.05986710637807846,1.123969554901123,0,1,1,-0.08898618817329407,0.9401328936219215,-0.12396955490112305,0,0,0,0,1.0,0.0,0.0,0.0,0.0,0.0,0.0,False,,,,,,,,,
1756446515.1185582,0,leader,manual,0.9928310513496399,0.050173357129096985,1.1282427310943604,1,1,1,0.007168948650360107,0.949826642870903,-0.12824273109436035,0,0,0,0,1.0,0.0,0.0,0.0,0.0,0.0,0.0,False,,,,,,,,,
1756446515.2189083,1,follower,manual,0.08898688852787018,0.05986889451742172,1.1239733695983887,0,1,1,-0.08898688852787018,0.9401311054825783,-0.12397336959838867,0,0,0,0,1.0,0.0,0.0,0.0,0.0,0.0,0.0,False,,,,,,,,,
1756446521.43429,0,leader,manual,0.992831826210022,0.050174009054899216,1.1282403469085693,1,1,1,0.007168173789978027,0.9498259909451008,-0.12824034690856934,0,0,0,0,1.0,0.0,0.0,0.0,0.0,0.0,0.0,False,,,,,,,,,
1756446521.5348659,1,follower,manual,0.08898640424013138,0.05986770614981651,1.1239672899246216,0,1,1,-0.08898640424013138,0.9401322938501835,-0.12396728992462158,0,0,0,0,1.0,0.0,0.0,0.0,0.0,0.0,0.0,False,,,,,,,,,
1756446521.5364296,0,follower,auto,0.9759610295295715,0.8300332427024841,1.156528115272522,1,1,1,0.024038970470428467,0.16996675729751587,-0.15652811527252197,-15.014693230390549,0.7552965432405472,15.77878713607788,0,,,,,,,,True,2.0,-15.0,0.0,optimal,0,2.0,-15.0,6.37130130694803,1.362003579338631
1756446521.6371279,1,follower,auto,0.14615872502326965,0.8202377557754517,1.0090528726577759,0,1,1,-0.14615872502326965,0.17976224422454834,-0.009052872657775879,0.014693230390548706,-12.755296543240547,18.72121286392212,0,,,,,,,,True,-14.0,0.0,0.0,optimal,0,-14.0,0.0,4.2689722021119625,0.5724152070526486
1756446521.9901884,0,follower,auto,0.9759610295295715,0.8300332427024841,1.156528115272522,1,1,1,0.024038970470428467,0.16996675729751587,-0.15652811527252197,0,0,0,0,0.7165313105737893,0.9759610295295715,0.8300332427024841,1.156528115272522,0.9759610295295715,0.8300332427024841,1.156528115272522,False,,,,,,,,,
1756446522.0907998,1,leader,auto,0.14615872502326965,0.8202377557754517,1.0090528726577759,0,1,1,-0.14615872502326965,0.17976224422454834,-0.009052872657775879,0,0,0,0,0.7165313105737893,0.14615872502326965,0.8202377557754517,1.0090528726577759,0.14615872502326965,0.8202377557754517,1.0090528726577759,False,,,,,,,,,
1756446522.0931711,0,follower,auto,0.9820324778556824,0.8475923538208008,1.146843433380127,1,1,1,0.017967522144317627,0.15240764617919922,-0.14684343338012695,-14.11767086982727,-0.2582800477743148,14.842331492900849,0,,,,,,,,True,1.0,-14.0,0.0,optimal,0,1.0,-14.0,6.341281375076203,1.2560072490584746
1756446522.294337,1,follower,auto,0.16017916798591614,0.8183106184005737,1.0146139860153198,0,1,1,-0.16017916798591614,0.18168938159942627,-0.014613986015319824,-0.9479834198951721,-14.826105895638467,19.674987494945526,0,,,,,,,,True,-16.0,-1.0,0.0,optimal,0,-16.0,-1.0,4.306279973702873,0.6048220125636723
1756446522.441145,0,follower,auto,0.9820324778556824,0.8475923538208008,1.146843433380127,1,1,1,0.017967522144317627,0.15240764617919922,-0.14684343338012695,0,0,0,0,0.85,-0.05173091690242293,-0.017228190213441796,-0.0948551559448243,0.9820324778556824,0.8475923538208008,1.146843433380127,False,,,,,,,,,
1756446522.5414686,1,leader,auto,0.16017916798591614,0.8183106184005737,1.0146139860153198,0,1,1,-0.16017916798591614,0.18168938159942627,-0.014613986015319824,0,0,0,0,0.85,-0.0075043770819902544,-0.0511560959517956,-0.0737032718658448,0.16017916798591614,0.8183106184005737,1.0146139860153198,False,,,,,,,,,
1756446522.5421357,0,follower,auto,0.9970366954803467,0.8587661981582642,1.1017529964447021,1,1,1,0.0029633045196533203,0.14123380184173584,-0.10175299644470215,-10.089005880355835,-1.3300481092929841,14.06886450767517,0,,,,,,,,True,0.0,-10.0,0.0,optimal,0,0.0,-10.0,6.1703710460647425,0.7944914400684243
1756446522.6425326,1,follower,auto,0.15744978189468384,0.845465362071991,1.0132743120193481,0,1,1,-0.15744978189468384,0.15453463792800903,-0.013274312019348145,-1.0916704761981963,-13.746821966171265,16.631337654590606,0,,,,,,,,True,-15.0,-1.0,0.0,optimal,0,-15.0,-1.0,4.297843483200214,0.5078681119112277
1756446522.7460544,0,follower,auto,0.9970366954803467,0.8587661981582642,1.1017529964447021,1,1,1,0.0029633045196533203,0.14123380184173584,-0.10175299644470215,0,0,0,0,1.0,-0.039952572637498296,-0.008462094711661372,-0.1394119331240653,0.9970366954803467,0.8587661981582642,1.1017529964447021,False,,,,,,,,,
1756446522.8463507,1,leader,auto,0.15744978189468384,0.845465362071991,1.0132743120193481,0,1,1,-0.15744978189468384,0.15453463792800903,-0.013274312019348145,0,0,0,0,1.0,-0.03863004940658807,-0.018056865728497518,-0.09585685040235514,0.15744978189468384,0.845465362071991,1.0132743120193481,False,,,,,,,,,
1756446522.8470354,0,follower,auto,1.0110281705856323,0.875449538230896,1.0624406337738037,1,1,1,-0.011028170585632324,0.124550461769104,-0.06244063377380371,-6.106956739068031,-2.3819175571799276,12.146181852579117,0,,,,,,,,True,-1.0,-6.0,0.0,optimal,0,-1.0,-6.0,6.02743248541992,0.6876180444293748
1756446522.947461,1,follower,auto,0.14305947721004486,0.8646693229675293,1.0095040798187256,0,1,1,-0.14305947721004486,0.1353306770324707,-0.009504079818725586,-0.09797283196449279,-12.639468381226063,14.594825694561004,0,,,,,,,,True,-14.0,0.0,0.0,optimal,0,-14.0,0.0,4.268209979081233,0.4321829826843403
1756446523.0516737,0,follower,auto,1.0110281705856323,0.875449538230896,1.0624406337738037,1,1,1,-0.011028170585632324,0.124550461769104,-0.06244063377380371,0,0,0,0,1.0,-0.03989820890792006,0.007644132586562602,-0.1393380073797703,1.0110281705856323,0.875449538230896,1.0624406337738037,False,,,,,,,,,
1756446523.1522284,1,leader,auto,0.14305947721004486,0.8646693229675293,1.0095040798187256,0,1,1,-0.14305947721004486,0.1353306770324707,-0.009504079818725586,0,0,0,0,1.0,-0.061719987001770726,-0.023832566084468376,-0.10916733523745537,0.14305947721004486,0.8646693229675293,1.0095040798187256,False,,,,,,,,,
1756446523.153687,0,follower,auto,1.0128004550933838,0.90057772397995,1.0264813899993896,1,1,1,-0.012800455093383789,0.09942227602005005,-0.02648138999938965,-2.1627149995684625,-2.3688304658412935,9.182970294642448,0,,,,,,,,True,-1.0,-2.0,0.0,optimal,0,-1.0,-2.0,5.87066441490701,0.6567059695119806
1756446523.254747,1,follower,auto,0.12120211124420166,0.8806172609329224,1.0026583671569824,0,1,1,-0.12120211124420166,0.11938273906707764,-0.002658367156982422,-0.07128359134197235,-10.553227973556519,12.569112786531448,0,,,,,,,,True,-12.0,0.0,0.0,optimal,0,-12.0,0.0,4.219115100923238,0.40555934742248334
1756446523.3591468,0,follower,auto,1.0128004550933838,0.90057772397995,1.0264813899993896,1,1,1,-0.012800455093383789,0.09942227602005005,-0.02648138999938965,0,0,0,0,1.0,-0.05210542452815892,0.021737287046859066,-0.13977078989307867,1.0128004550933838,0.90057772397995,1.0264813899993896,False,,,,,,,,,
1756446523.4596763,1,leader,auto,0.12120211124420166,0.8806172609329224,1.0026583671569824,0,1,1,-0.12120211124420166,0.11938273906707764,-0.002658367156982422,0,0,0,0,1.0,-0.07812331744409479,-0.02556066221758102,-0.1202876012788896,0.12120211124420166,0.8806172609329224,1.0026583671569824,False,,,,,,,,,
1756446523.4609838,0,follower,auto,1.0127501487731934,0.9203009605407715,0.99705970287323,1,1,1,-0.01275014877319336,0.07969903945922852,0.0029402971267700195,-0.1622863804256916,-2.3818309034609797,7.189340248491764,0,,,,,,,,True,-1.0,0.0,0.0,optimal,0,-1.0,0.0,5.740384291093447,0.7865802009359324
1756446523.5618591,1,follower,auto,0.09767527878284454,0.8938899636268616,0.9971648454666138,0,1,1,-0.09767527878284454,0.10611003637313843,0.0028351545333862305,-0.046496141717433936,-7.495762645475865,11.532928552889825,0,,,,,,,,True,-9.0,0.0,0.0,optimal,0,-9.0,0.0,4.175678985509343,0.5307575399769331
1756446523.6906621,0,follower,auto,1.0127501487731934,0.9203009605407715,0.99705970287323,1,1,1,-0.01275014877319336,0.07969903945922852,0.0029402971267700195,0,0,0,0,1.0,-0.053170520350252604,0.017190815635383494,-0.1340299561458822,1.0127501487731934,0.9203009605407715,0.99705970287323,False,,,,,,,,,
1756446523.7910557,1,leader,auto,0.09767527878284454,0.8938899636268616,0.9971648454666138,0,1,1,-0.09767527878284454,0.10611003637313843,0.0028351545333862305,0,0,0,0,1.0,-0.08565861286651952,-0.02663097416463811,-0.12428726701731319,0.09767527878284454,0.8938899636268616,0.9971648454666138,False,,,,,,,,,
1756446523.792008,0,follower,auto,1.0140655040740967,0.9319634437561035,0.9668005704879761,1,1,1,-0.01406550407409668,0.06803655624389648,0.033199429512023926,2.8799880416704418,-2.41964817123723,6.219651947851896,0,,,,,,,,True,-1.0,3.0,0.0,optimal,0,-1.0,3.0,5.611792861264529,0.8696623037840049
1756446523.8926902,1,follower,auto,0.07316010445356369,0.909144401550293,0.9906731247901917,0,1,1,-0.07316010445356369,0.09085559844970703,0.00932687520980835,-0.055673867096185686,-5.446190653524637,10.50138227542162,0,,,,,,,,True,-7.0,0.0,0.0,optimal,0,-7.0,0.0,4.128297203233819,0.5866020380348171
1756446523.995898,0,follower,auto,1.0140655040740967,0.9319634437561035,0.9668005704879761,1,1,1,-0.01406550407409668,0.06803655624389648,0.033199429512023926,0,0,0,0,1.0,-0.05099645841160472,0.00826089973219668,-0.13401494428471517,1.0140655040740967,0.9319634437561035,0.9668005704879761,False,,,,,,,,,
1756446524.0962288,1,leader,auto,0.07316010445356369,0.909144401550293,0.9906731247901917,0,1,1,-0.07316010445356369,0.09085559844970703,0.00932687520980835,0,0,0,0,1.0,-0.08900320060792796,-0.02300488434355019,-0.12936115853521768,0.07316010445356369,0.909144401550293,0.9906731247901917,False,,,,,,,,,
1756446524.0969892,0,follower,auto,1.0182615518569946,0.9381560683250427,0.9406962990760803,1,1,1,-0.01826155185699463,0.061843931674957275,0.05930370092391968,4.920222135529316,-2.464971307149863,6.228311395775056,0,,,,,,,,True,-1.0,5.0,0.0,optimal,0,-1.0,5.0,5.51039416398244,0.9685165436077582
1756446524.1987681,1,follower,auto,0.05502096191048622,0.9194668531417847,0.9830433130264282,0,1,1,-0.05502096191048622,0.08053314685821533,0.016956686973571777,0.9577087969691515,-3.436219342285943,9.479682020544768,0,,,,,,,,True,-5.0,1.0,0.0,optimal,0,-5.0,1.0,4.0817179899452505,0.6326338133105467
1756446524.3058975,0,follower,auto,1.0182615518569946,0.9381560683250427,0.9406962990760803,1,1,1,-0.01826155185699463,0.061843931674957275,0.05930370092391968,0,0,0,0,1.0,-0.04747562659615112,-0.0005846009397983964,-0.12803883860212606,1.0182615518569946,0.9381560683250427,0.9406962990760803,False,,,,,,,,,
1756446524.40645,1,leader,auto,0.05502096191048622,0.9194668531417847,0.9830433130264282,0,1,1,-0.05502096191048622,0.08053314685821533,0.016956686973571777,0,0,0,0,1.0,-0.08273316743877354,-0.02650090374778069,-0.13323896238586763,0.05502096191048622,0.9194668531417847,0.9830433130264282,False,,,,,,,,,
1756446524.407997,0,follower,auto,1.0248790979385376,0.9424471259117126,0.9192957878112793,1,1,1,-0.024879097938537598,0.057552874088287354,0.0807042121887207,7.948751497908055,-3.509161332281332,5.222711523214214,0,,,,,,,,True,-2.0,8.0,0.0,optimal,0,-2.0,8.0,5.436719260389065,1.118154768375438
1756446524.5090225,1,follower,auto,0.04132275655865669,0.930645227432251,0.9748905301094055,0,1,1,-0.04132275655865669,0.06935477256774902,0.025109469890594482,1.9496561679575133,-2.431457093614206,7.463810337245393,0,,,,,,,,True,-4.0,2.0,0.0,optimal,0,-4.0,2.0,4.036650042104371,0.6701226795579915
1756446524.6525068,0,follower,auto,1.0248790979385376,0.9424471259117126,0.9192957878112793,1,1,1,-0.024879097938537598,0.057552874088287354,0.0807042121887207,0,0,0,0,1.0,-0.04467056200888675,-0.0073713140012090506,-0.12188105953467887,1.0248790979385376,0.9424471259117126,0.9192957878112793,False,,,,,,,,,
1756446524.7532868,1,leader,auto,0.04132275655865669,0.930645227432251,0.9748905301094055,0,1,1,-0.04132275655865669,0.06935477256774902,0.025109469890594482,0,0,0,0,1.0,-0.07676445954348513,-0.025012635620908386,-0.13524727781651968,0.04132275655865669,0.930645227432251,0.9748905301094055,False,,,,,,,,,
1756446524.7541842,0,follower,auto,1.034822702407837,0.9452023506164551,0.9091845154762268,1,1,1,-0.034822702407836914,0.05479764938354492,0.0908154845237732,8.979440819812899,-4.554090591417819,5.169906100582848,0,,,,,,,,True,-3.0,9.0,0.0,optimal,0,-3.0,9.0,5.420410967188047,1.3796835991698537
1756446524.8550825,1,follower,auto,0.0333697646856308,0.9459199905395508,0.9662798047065735,0,1,1,-0.0333697646856308,0.05408000946044922,0.033720195293426514,2.9143555311361933,-1.4364555092551903,6.464682848054149,0,,,,,,,,True,-3.0,3.0,0.0,optimal,0,-3.0,3.0,3.9939035922861037,0.7280795082176241
1756446524.9672916,0,follower,auto,1.034822702407837,0.9452023506164551,0.9091845154762268,1,1,1,-0.034822702407836914,0.05479764938354492,0.0908154845237732,0,0,0,0,1.0,-0.04217343123287853,-0.01641361954097209,-0.1085016685560638,1.034822702407837,0.9452023506164551,0.9091845154762268,False,,,,,,,,,
1756446525.0678663,1,leader,auto,0.0333697646856308,0.9459199905395508,0.9662798047065735,0,1,1,-0.0333697646856308,0.05408000946044922,0.033720195293426514,0,0,0,0,1.0,-0.06884483558568658,-0.021365144834777916,-0.13505419397058316,0.0333697646856308,0.9459199905395508,0.9662798047065735,False,,,,,,,,,
1756446525.0696285,0,follower,auto,1.042419672012329,0.9448500275611877,0.912526547908783,1,1,1,-0.0424196720123291,0.055149972438812256,0.08747345209121704,8.016910133240547,-5.57019678958418,5.077671879813603,0,,,,,,,,True,-4.0,8.0,0.0,optimal,0,-4.0,8.0,5.454858991425089,1.5659961138818876
1756446525.1707106,1,follower,auto,0.027275564149022102,0.9594640731811523,0.956812858581543,0,1,1,-0.027275564149022102,0.040535926818847656,0.04318714141845703,3.8958233817815775,-0.4332786707028329,5.488429442285889,0,,,,,,,,True,-2.0,4.0,0.0,optimal,0,-2.0,4.0,3.9489510018317486,0.7287179481245248
1756446525.2779465,0,follower,auto,1.042419672012329,0.9448500275611877,0.912526547908783,1,1,1,-0.0424196720123291,0.055149972438812256,0.08747345209121704,0,0,0,0,1.0,-0.04654375081513096,-0.02751579094833634,-0.09370816977567409,1.042419672012329,0.9448500275611877,0.912526547908783,False,,,,,,,,,
1756446525.3782365,1,leader,auto,0.027275564149022102,0.9594640731811523,0.956812858581543,0,1,1,-0.027275564149022102,0.040535926818847656,0.04318714141845703,0,0,0,0,1.0,-0.06429180962338338,-0.02472827214152562,-0.13427184590260088,0.027275564149022102,0.9594640731811523,0.956812858581543,False,,,,,,,,,
1756446525.3789024,0,follower,auto,1.0406818389892578,0.9379488229751587,0.9206336736679077,1,1,1,-0.04068183898925781,0.06205117702484131,0.07936632633209229,7.069662197672702,-5.530212676121033,6.007414455498913,0,,,,,,,,True,-4.0,7.0,0.0,optimal,0,-4.0,7.0,5.484514971289865,1.5310132579147675
1756446525.4794629,1,follower,auto,0.02517024800181389,0.9660691022872925,0.9460281133651733,0,1,1,-0.02517024800181389,0.03393089771270752,0.05397188663482666,4.905401793849468,-0.45468873544989763,4.523661942851363,0,,,,,,,,True,-2.0,5.0,0.0,optimal,0,-2.0,5.0,3.901172353539247,0.703779692512004
1756446525.667137,0,follower,auto,1.0406818389892578,0.9379488229751587,0.9206336736679077,1,1,1,-0.04068183898925781,0.06205117702484131,0.07936632633209229,0,0,0,0,1.0,-0.0586561251833706,-0.04043063515543843,-0.08839825814237856,1.0406818389892578,0.9379488229751587,0.9206336736679077,False,,,,,,,,,
1756446525.7678401,1,leader,auto,0.02517024800181389,0.9660691022872925,0.9460281133651733,0,1,1,-0.02517024800181389,0.03393089771270752,0.05397188663482666,0,0,0,0,1.0,-0.056878695327282736,-0.034079452730277016,-0.13302176368206964,0.02517024800181389,0.9660691022872925,0.9460281133651733,False,,,,,,,,,
1756446525.7686152,0,follower,auto,1.0375264883041382,0.9293547868728638,0.9249674081802368,1,1,1,-0.037526488304138184,0.07064521312713623,0.07503259181976318,7.099151499343925,-4.505141051476668,6.987665949847001,0,,,,,,,,True,-3.0,7.0,0.0,optimal,0,-3.0,7.0,5.494463592743434,1.4602057443597487
1756446525.8691823,1,follower,auto,0.026653196662664413,0.9658961296081543,0.9350146055221558,0,1,1,-0.026653196662664413,0.0341038703918457,0.06498539447784424,5.9301891349947455,-0.48330528349268054,4.549712017646974,0,,,,,,,,True,-2.0,6.0,0.0,optimal,0,-2.0,6.0,3.8549896766828646,0.7511328270817006
1756446525.9969523,0,follower,auto,1.0375264883041382,0.9293547868728638,0.9249674081802368,1,1,1,-0.037526488304138184,0.07064521312713623,0.07503259181976318,0,0,0,0,1.0,-0.062084488010537786,-0.046767290760050706,-0.09287516835613041,1.0375264883041382,0.9293547868728638,0.9249674081802368,False,,,,,,,,,
1756446526.09745,1,leader,auto,0.026653196662664413,0.9658961296081543,0.9350146055221558,0,1,1,-0.026653196662664413,0.0341038703918457,0.06498539447784424,0,0,0,0,1.0,-0.050332397535036905,-0.04371808914558817,-0.1297928824306449,0.026653196662664413,0.9658961296081543,0.9350146055221558,False,,,,,,,,,
1756446526.09804,0,follower,auto,1.0400848388671875,0.9254416823387146,0.9276189208030701,1,1,1,-0.0400848388671875,0.0745583176612854,0.07238107919692993,7.080077477476899,-5.522034886849067,6.986755126293212,0,,,,,,,,True,-4.0,7.0,0.0,optimal,0,-4.0,7.0,5.512589647520917,1.4748957547999666
1756446526.1985347,1,follower,auto,0.03032451868057251,0.9590020775794983,0.9316942095756531,0,1,1,-0.03032451868057251,0.04099792242050171,0.06830579042434692,5.974114770388484,-1.5006636384817589,5.527267573914393,0,,,,,,,,True,-3.0,6.0,0.0,optimal,0,-3.0,6.0,3.843234490779921,0.8372296661067767
1756446526.3735719,0,follower,auto,1.0400848388671875,0.9254416823387146,0.9276189208030701,1,1,1,-0.0400848388671875,0.0745583176612854,0.07238107919692993,0,0,0,0,1.0,-0.05715085853321322,-0.04637947324564584,-0.09597254609410566,1.0400848388671875,0.9254416823387146,0.9276189208030701,False,,,,,,,,,
1756446526.474897,1,leader,auto,0.03032451868057251,0.9590020775794983,0.9316942095756531,0,1,1,-0.03032451868057251,0.04099792242050171,0.06830579042434692,0,0,0,0,1.0,-0.045607385609369805,-0.053746272281365526,-0.11886190960593823,0.03032451868057251,0.9590020775794983,0.9316942095756531,False,,,,,,,,,
1756446526.4754102,0,follower,auto,1.0499104261398315,0.9175878167152405,0.933202862739563,1,1,1,-0.04991042613983154,0.08241218328475952,0.06679713726043701,6.089139303023191,-5.574130688681347,7.964725784532937,0,,,,,,,,True,-4.0,6.0,0.0,optimal,0,-4.0,6.0,5.56281261220129,1.585691356585134
1756446526.575851,1,follower,auto,0.02948049269616604,0.9490758180618286,0.9291933178901672,0,1,1,-0.02948049269616604,0.05092418193817139,0.07080668210983276,7.001794896929228,-0.47040142632849924,6.526532214475115,0,,,,,,,,True,-2.0,7.0,0.0,optimal,0,-2.0,7.0,3.832021580015448,0.8823258388047509
1756446526.6809258,0,follower,auto,1.0499104261398315,0.9175878167152405,0.933202862739563,1,1,1,-0.04991042613983154,0.08241218328475952,0.06679713726043701,0,0,0,0,1.0,-0.05197660519847491,-0.05461754341770897,-0.0942685191410928,1.0499104261398315,0.9175878167152405,0.933202862739563,False,,,,,,,,,
1756446526.781225,1,leader,auto,0.02948049269616604,0.9490758180618286,0.9291933178901672,0,1,1,-0.02948049269616604,0.05092418193817139,0.07080668210983276,0,0,0,0,1.0,-0.04888695411360394,-0.05952781820388586,-0.1164379583424795,0.02948049269616604,0.9490758180618286,0.9291933178901672,False,,,,,,,,,
1756446526.781701,0,follower,auto,1.0623219013214111,0.9161604046821594,0.9383173584938049,1,1,1,-0.06232190132141113,0.08383959531784058,0.06168264150619507,6.058858212964109,-7.613264118287457,7.958438140771602,0,,,,,,,,True,-6.0,6.0,0.0,optimal,0,-6.0,6.0,5.618322088455908,1.606641853479279
1756446526.8820584,1,follower,auto,0.030261777341365814,0.9430209994316101,0.9307820200920105,0,1,1,-0.030261777341365814,0.05697900056838989,0.0692179799079895,5.999847415807475,-1.4555051074879701,6.510785827515257,0,,,,,,,,True,-3.0,6.0,0.0,optimal,0,-3.0,6.0,3.8393048587200673,0.9250086322528593
1756446526.9887774,0,follower,auto,1.0623219013214111,0.9161604046821594,0.9383173584938049,1,1,1,-0.06232190132141113,0.08383959531784058,0.06168264150619507,0,0,0,0,1.0,-0.05184625166631207,-0.05100317652527653,-0.09704657995941113,1.0623219013214111,0.9161604046821594,0.9383173584938049,False,,,,,,,,,
1756446527.0891402,1,leader,auto,0.030261777341365814,0.9430209994316101,0.9307820200920105,0,1,1,-0.030261777341365814,0.05697900056838989,0.0692179799079895,0,0,0,0,1.0,-0.044798827663509955,-0.05908650312113073,-0.11188861916907689,0.030261777341365814,0.9430209994316101,0.9307820200920105,False,,,,,,,,,
1756446527.0896108,0,follower,auto,1.0727367401123047,0.9148312211036682,0.9396805167198181,1,1,1,-0.07273674011230469,0.08516877889633179,0.060319483280181885,6.036675237755886,-8.624305353210417,7.972073210067098,0,,,,,,,,True,-7.0,6.0,0.0,optimal,0,-7.0,6.0,5.652638871284546,1.4753396485250159
1756446527.1900046,1,follower,auto,0.0320628397166729,0.9318462014198303,0.9309312701225281,0,1,1,-0.0320628397166729,0.06815379858016968,0.06906872987747192,6.033453173554727,-1.4476321994202535,7.51234186574153,0,,,,,,,,True,-3.0,6.0,0.0,optimal,0,-3.0,6.0,3.841133807506712,0.8988706651598416
1756446527.3181493,0,follower,auto,1.0727367401123047,0.9148312211036682,0.9396805167198181,1,1,1,-0.07273674011230469,0.08516877889633179,0.060319483280181885,0,0,0,0,1.0,-0.05834537707530685,-0.0539036156921342,-0.10293356083084682,1.0727367401123047,0.9148312211036682,0.9396805167198181,False,,,,,,,,,
1756446527.4185784,1,leader,auto,0.0320628397166729,0.9318462014198303,0.9309312701225281,0,1,1,-0.0320628397166729,0.06815379858016968,0.06906872987747192,0,0,0,0,1.0,-0.04254662538108003,-0.06666113973123156,-0.11312554001777309,0.0320628397166729,0.9318462014198303,0.9309312701225281,False,,,,,,,,,
1756446527.4190664,0,follower,auto,1.08479642868042,0.9138741493225098,0.9361822009086609,1,1,1,-0.08479642868041992,0.08612585067749023,0.06381779909133911,6.005059010726485,-9.64334648177655,8.002221784826084,0,,,,,,,,True,-8.0,6.0,0.0,optimal,0,-8.0,6.0,5.670935544365017,1.3641734223675899
1756446527.5196314,1,follower,auto,0.03565813601016998,0.9123364686965942,0.9308286905288696,0,1,1,-0.03565813601016998,0.08766353130340576,0.06917130947113037,6.101940091585156,-1.4439857204314233,9.50822649861673,0,,,,,,,,True,-3.0,6.0,0.0,optimal,0,-3.0,6.0,3.8430972926508002,0.8999546126357297
1756446527.624696,0,follower,auto,1.08479642868042,0.9138741493225098,0.9361822009086609,1,1,1,-0.08479642868041992,0.08612585067749023,0.06381779909133911,0,0,0,0,1.0,-0.061824110026777124,-0.05633396219102926,-0.10959109442823345,1.08479642868042,0.9138741493225098,0.9361822009086609,False,,,,,,,,,
1756446527.7251067,1,leader,auto,0.03565813601016998,0.9123364686965942,0.9308286905288696,0,1,1,-0.03565813601016998,0.08766353130340576,0.06917130947113037,0,0,0,0,1.0,-0.03964722613944548,-0.07702985923236871,-0.11410217910662435,0.03565813601016998,0.9123364686965942,0.9308286905288696,False,,,,,,,,,
1756446527.7257905,0,follower,auto,1.087181568145752,0.9164319634437561,0.925343930721283,1,1,1,-0.08718156814575195,0.0835680365562439,0.07465606927871704,6.96961783377596,-9.601570267828201,8.05382629985689,0,,,,,,,,True,-8.0,7.0,0.0,optimal,0,-8.0,7.0,5.631359526857102,1.1008047956622824
1756446527.826296,1,follower,auto,0.04007425531744957,0.9018659591674805,0.9288305640220642,0,1,1,-0.04007425531744957,0.09813404083251953,0.07116943597793579,7.095715217630576,-2.45319467967916,10.503221051291524,0,,,,,,,,True,-4.0,7.0,0.0,optimal,0,-4.0,7.0,3.8375700694442183,0.834824338969408
1756446527.954874,0,follower,auto,1.087181568145752,0.9164319634437561,0.925343930721283,1,1,1,-0.08718156814575195,0.0835680365562439,0.07465606927871704,0,0,0,0,1.0,-0.07743255900973045,-0.05544409756788926,-0.11835780492358627,1.087181568145752,0.9164319634437561,0.925343930721283,False,,,,,,,,,
1756446528.0554078,1,leader,auto,0.04007425531744957,0.9018659591674805,0.9288305640220642,0,1,1,-0.04007425531744957,0.09813404083251953,0.07116943597793579,0,0,0,0,1.0,-0.03789155527772767,-0.0694707845758894,-0.11865982177199053,0.04007425531744957,0.9018659591674805,0.9288305640220642,False,,,,,,,,,
1756446528.0579739,0,follower,auto,1.0846037864685059,0.9256986975669861,0.9098177552223206,1.0,1.0,0.95,-0.08460378646850586,0.07430130243301392,0.0401822447776794,3.923537862325514,-9.56395868174043,7.105698802337286,0,,,,,,,,True,-8.0,4.0,0.0,optimal,0,-8.0,4.0,5.558458605754277,0.8836278423006331
1756446528.1592557,1,follower,auto,0.040928736329078674,0.9023774266242981,0.9270910620689392,0.0,1.0,0.95,-0.040928736329078674,0.0976225733757019,0.022908937931060747,2.0549936064602465,-2.4452329397161856,10.483931248306005,0,,,,,,,,True,-4.0,2.0,0.0,optimal,0,-4.0,2.0,3.8307487895885113,0.8017881487100752
1756446528.3000526,0,follower,auto,1.0846037864685059,0.9256986975669861,0.9098177552223206,1.0,1.0,0.95,-0.08460378646850586,0.07430130243301392,0.0401822447776794,0,0,0,0,1.0,-0.08735109687955278,-0.052378149545608155,-0.12399806823961246,1.0846037864685059,0.9256986975669861,0.9098177552223206,False,,,,,,,,,
1756446528.4006746,1,leader,auto,0.040928736329078674,0.9023774266242981,0.9270910620689392,0.0,1.0,0.95,-0.040928736329078674,0.0976225733757019,0.022908937931060747,0,0,0,0,1.0,-0.04163289493639366,-0.06141627573303521,-0.12178482896328213,0.040928736329078674,0.9023774266242981,0.9270910620689392,False,,,,,,,,,
1756446528.4031081,0,follower,auto,1.0788109302520752,0.937178909778595,0.8933196663856506,1.0,1.0,0.8999999999999999,-0.0788109302520752,0.06282109022140503,0.006680333614349276,-0.10900894045090538,-8.54009273040833,6.147695350129973,0,,,,,,,,True,-7.0,0.0,0.0,optimal,0,-7.0,0.0,5.473106807059526,0.770064397056118
1756446528.504238,1,follower,auto,0.03555166721343994,0.9049469232559204,0.9296308159828186,0.0,1.0,0.8999999999999999,-0.03555166721343994,0.09505307674407959,-0.029630815982818692,-1.9564403960549375,-1.4157510696339624,10.437818671738734,0,,,,,,,,True,-3.0,-2.0,0.0,optimal,0,-3.0,-2.0,3.8379223337533657,0.8784556683835115
1756446528.6694968,0,follower,auto,1.0788109302520752,0.937178909778595,0.8933196663856506,1.0,1.0,0.8999999999999999,-0.0788109302520752,0.06282109022140503,0.006680333614349276,0,0,0,0,1.0,-0.09488906428770472,-0.05094552034681832,-0.12463579628528043,1.0788109302520752,0.937178909778595,0.8933196663856506,False,,,,,,,,,
1756446528.7699857,1,leader,auto,0.03555166721343994,0.9049469232559204,0.9296308159828186,0.0,1.0,0.8999999999999999,-0.03555166721343994,0.09505307674407959,-0.029630815982818692,0,0,0,0,1.0,-0.04781170430719406,-0.05772826362070871,-0.12068241460678686,0.03555166721343994,0.9049469232559204,0.9296308159828186,False,,,,,,,,,
1756446528.7717624,0,follower,auto,1.0717203617095947,0.9505309462547302,0.8741257190704346,1.0,1.0,0.8499999999999999,-0.07172036170959473,0.049469053745269775,-0.024125719070434704,-2.1280211575009105,-8.524701552878446,4.1976047895787865,0,,,,,,,,True,-7.0,-2.0,0.0,optimal,0,-7.0,-2.0,5.37361424923815,0.6703255596218826
1756446528.872426,1,follower,auto,0.0304398350417614,0.9147014021873474,0.9334734678268433,0.0,1.0,0.8499999999999999,-0.0304398350417614,0.08529859781265259,-0.0834734678268434,-7.988661008162604,-1.4108015041347746,9.39252485796083,0,,,,,,,,True,-3.0,-8.0,0.0,optimal,0,-3.0,-8.0,3.8508995225035236,0.8716316055759487
1756446528.9796906,0,follower,auto,1.0717203617095947,0.9505309462547302,0.8741257190704346,1.0,1.0,0.8499999999999999,-0.07172036170959473,0.049469053745269775,-0.024125719070434704,0,0,0,0,1.0,-0.09903352548690059,-0.04590795592103192,-0.12600120233683976,1.0717203617095947,0.9505309462547302,0.8741257190704346,False,,,,,,,,,
1756446529.080287,1,leader,auto,0.0304398350417614,0.9147014021873474,0.9334734678268433,0.0,1.0,0.8499999999999999,-0.0304398350417614,0.08529859781265259,-0.0834734678268434,0,0,0,0,1.0,-0.04609351617443619,-0.04512314510760651,-0.12257639047197322,0.0304398350417614,0.9147014021873474,0.9334734678268433,False,,,,,,,,,
1756446529.0828788,0,follower,auto,1.069071888923645,0.9615572094917297,0.8566839694976807,1.0,1.0,0.7999999999999998,-0.06907188892364502,0.038442790508270264,-0.05668396949768084,-5.116882329201033,-7.54108791736234,3.214570449067316,0,,,,,,,,True,-6.0,-5.0,0.0,optimal,0,-6.0,-5.0,5.294306787429695,0.6414349795668955
1756446529.1850188,1,follower,auto,0.02682037279009819,0.9293645620346069,0.9291774034500122,0.0,1.0,0.7999999999999998,-0.02682037279009819,0.07063543796539307,-0.12917740345001238,-12.02601789745191,-0.41323767258365174,8.403767263782825,0,,,,,,,,True,-2.0,-12.0,0.0,optimal,0,-2.0,-12.0,3.830207971432795,0.727797225584166
1756446529.3118699,0,follower,auto,1.069071888923645,0.9615572094917297,0.8566839694976807,1.0,1.0,0.7999999999999998,-0.06907188892364502,0.038442790508270264,-0.05668396949768084,0,0,0,0,1.0,-0.09717411975403412,-0.04335123064740487,-0.1208865372437461,1.069071888923645,0.9615572094917297,0.8566839694976807,False,,,,,,,,,
1756446529.4198985,1,leader,auto,0.02682037279009819,0.9293645620346069,0.9291774034500122,0.0,1.0,0.7999999999999998,-0.02682037279009819,0.07063543796539307,-0.12917740345001238,0,0,0,0,1.0,-0.04324633678808945,-0.029518414477154975,-0.13275304812247124,0.02682037279009819,0.9293645620346069,0.9291774034500122,False,,,,,,,,,
1756446529.5216825,0,follower,auto,1.066538691520691,0.9743338227272034,0.8329737186431885,1.0,1.0,0.7499999999999998,-0.06653869152069092,0.02566617727279663,-0.0829737186431887,-8.115431182091037,-7.545066477358248,2.2517245251754407,0,,,,,,,,True,-6.0,-8.0,0.0,optimal,0,-6.0,-8.0,5.190410136116997,0.48038048941781797
1756446529.5229204,1,follower,auto,0.024943549185991287,0.946872889995575,0.9132353067398071,0.0,1.0,0.7499999999999998,-0.024943549185991287,0.05312711000442505,-0.16323530673980735,-16.054635638929902,-0.4227091113958932,6.450316648451331,0,,,,,,,,True,-2.0,-16.0,0.0,optimal,0,-2.0,-16.0,3.761351771809276,0.5578043227573922
1756446529.6931305,0,follower,auto,1.066538691520691,0.9743338227272034,0.8329737186431885,1.0,1.0,0.7499999999999998,-0.06653869152069092,0.02566617727279663,-0.0829737186431887,0,0,0,0,1.0,-0.09876948510315886,-0.03388292448088537,-0.1231164167399269,1.066538691520691,0.9743338227272034,0.8329737186431885,False,,,,,,,,,
1756446529.6938248,1,leader,auto,0.024943549185991287,0.946872889995575,0.9132353067398071,0.0,1.0,0.7499999999999998,-0.024943549185991287,0.05312711000442505,-0.16323530673980735,0,0,0,0,1.0,-0.03932215560583144,-0.012876123597365341,-0.14483766483227978,0.024943549185991287,0.946872889995575,0.9132353067398071,False,,,,,,,,,
1756446529.7956307,0,follower,auto,1.0678844451904297,0.9816898107528687,0.8070687055587769,1.0,1.0,0.6999999999999997,-0.06788444519042969,0.018310189247131348,-0.10706870555877712,-10.08635843768853,-7.565487251691493,1.2762084078436935,0,,,,,,,,True,-6.0,-10.0,0.0,optimal,0,-6.0,-10.0,5.089432644227314,0.32968801624364885
1756446529.7960646,1,follower,auto,0.024529140442609787,0.9595622420310974,0.8924071788787842,0.0,1.0,0.6999999999999997,-0.024529140442609787,0.04043775796890259,-0.19240717887878445,-19.04885203687474,-0.42875707362545046,5.480683136215163,0,,,,,,,,True,-2.0,-19.0,0.0,optimal,0,-2.0,-19.0,3.6734869652198916,0.28484556983019904
1756446530.025325,0,follower,auto,1.0678844451904297,0.9816898107528687,0.8070687055587769,1.0,1.0,0.6999999999999997,-0.06788444519042969,0.018310189247131348,-0.10706870555877712,0,0,0,0,1.0,-0.09650943140163482,-0.029155143039749642,-0.12017591849062614,1.0678844451904297,0.9816898107528687,0.8070687055587769,False,,,,,,,,,
1756446530.02562,1,leader,auto,0.024529140442609787,0.9595622420310974,0.8924071788787842,0.0,1.0,0.6999999999999997,-0.024529140442609787,0.04043775796890259,-0.19240717887878445,0,0,0,0,1.0,-0.03592312052015203,-0.0008678964680390866,-0.1474837527416124,0.024529140442609787,0.9595622420310974,0.8924071788787842,False,,,,,,,,,
1756446530.127428,0,follower,auto,1.0730741024017334,0.9829004406929016,0.7711354494094849,1.0,1.0,0.6499999999999997,-0.0730741024017334,0.01709955930709839,-0.12113544940948517,-12.041330331489855,-8.60551981900259,1.3271840832127884,0,,,,,,,,True,-7.0,-12.0,0.0,optimal,0,-7.0,-12.0,4.960707450605058,0.20369801078874233
1756446530.127881,1,follower,auto,0.017349455505609512,0.9693700671195984,0.8590049147605896,0.0,1.0,0.6499999999999997,-0.017349455505609512,0.03062993288040161,-0.2090049147605899,-20,0.6156046378554327,4.541092565128312,0,,,,,,,,True,-1.0,-20.0,0.0,optimal,0,-1.0,-20.0,3.530211915917971,0.12681517023693933
1756446530.332013,0,follower,auto,1.0730741024017334,0.9829004406929016,0.7711354494094849,1.0,1.0,0.6499999999999997,-0.0730741024017334,0.01709955930709839,-0.12113544940948517,0,0,0,0,1.0,-0.09444044922766315,-0.02346483410530853,-0.12426981485391264,1.0730741024017334,0.9829004406929016,0.7711354494094849,False,,,,,,,,,
1756446530.3322396,1,leader,auto,0.017349455505609512,0.9693700671195984,0.8590049147605896,0.0,1.0,0.6499999999999997,-0.017349455505609512,0.03062993288040161,-0.2090049147605899,0,0,0,0,1.0,-0.040961766556187135,0.015351502409896578,-0.1566895469705023,0.017349455505609512,0.9693700671195984,0.8590049147605896,False,,,,,,,,,
1756446530.432954,0,follower,auto,1.0789439678192139,0.9758184552192688,0.7317496538162231,1.0,1.0,0.5999999999999996,-0.07894396781921387,0.0241815447807312,-0.1317496538162235,-12.982065514899913,-8.634898686853422,2.3521994626967238,0,,,,,,,,True,-7.0,-13.0,0.0,optimal,0,-7.0,-13.0,4.823143191404094,0.06974785771367736
1756446530.4334784,1,follower,auto,0.009833702817559242,0.9721521735191345,0.8171930909156799,0.0,1.0,0.5999999999999996,-0.009833702817559242,0.02784782648086548,-0.2171930909156803,-20,3.6448368590456672,3.599313533445926,0,,,,,,,,True,2.348529869988978,-20.63927414332655,2.376071483331939,optimal,0,0.0,-21.0,3.355064889439595,-0.0775872520868167
1756446530.6387956,0,follower,auto,1.0789439678192139,0.9758184552192688,0.7317496538162231,1.0,1.0,0.5999999999999996,-0.07894396781921387,0.0241815447807312,-0.1317496538162235,0,0,0,0,1.0,-0.09669933388682916,-0.01830822914116581,-0.12159334948986045,1.0789439678192139,0.9758184552192688,0.7317496538162231,False,,,,,,,,,
1756446530.639007,1,leader,auto,0.009833702817559242,0.9721521735191345,0.8171930909156799,0.0,1.0,0.5999999999999996,-0.009833702817559242,0.02784782648086548,-0.2171930909156803,0,0,0,0,1.0,-0.038224523676010466,0.027404693576337902,-0.16023882644411558,0.009833702817559242,0.9721521735191345,0.8171930909156799,False,,,,,,,,,
1756446530.7399664,0,follower,auto,1.0811024904251099,0.9664466381072998,0.6831653118133545,1.0,1.0,0.5499999999999996,-0.08110249042510986,0.033553361892700195,-0.1331653118133549,-9.950234334521777,-5.637451044095828,3.3882078580989874,0,,,,,,,,True,-4.062948490311629,-10.112589313931952,4.882367771886857,optimal,0,-8.0,-13.0,4.643755680675529,-0.1824308627724191
1756446530.7404451,1,follower,auto,0.0017589821945875883,0.968695878982544,0.7611275315284729,0.0,1.0,0.5499999999999996,-0.0017589821945875883,0.031304121017456055,-0.2111275315284733,-18.998285407734905,11.66528052742522,4.686775626582126,0,,,,,,,,True,10.892307440939419,-19.323999049380184,11.020496385119083,optimal,0,0.0,-21.0,3.127079678254075,-0.3498712375250389
1756446530.9439785,0,follower,auto,1.0811024904251099,0.9664466381072998,0.6831653118133545,1.0,1.0,0.5499999999999996,-0.08110249042510986,0.033553361892700195,-0.1331653118133549,0,0,0,0,1.0,-0.10324361535205728,-0.006517501516132174,-0.12584849439277246,1.0811024904251099,0.9664466381072998,0.6831653118133545,False,,,,,,,,,
1756446530.9440932,1,leader,auto,0.0017589821945875883,0.968695878982544,0.7611275315284729,0.0,1.0,0.5499999999999996,-0.0017589821945875883,0.031304121017456055,-0.2111275315284733,0,0,0,0,1.0,-0.03284518333132556,0.03952201102563091,-0.16847754593321196,0.0017589821945875883,0.968695878982544,0.7611275315284729,False,,,,,,,,,
1756446531.044805,0,follower,auto,1.07585871219635,0.9530321955680847,0.6326197385787964,1.0,1.0,0.4999999999999996,-0.0758587121963501,0.04696780443191528,-0.13261973857879678,-6.920501679436352,-1.6063236234960592,4.388357125310136,0,,,,,,,,True,-0.2848326827169618,-7.95851689095904,8.39702471342389,optimal,0,-7.0,-13.0,4.441482302155215,-0.30788346610362993
1756446531.0452955,1,follower,auto,-0.006019126158207655,0.9591922760009766,0.695743978023529,0.0,1.0,0.4999999999999996,0.006019126158207655,0.04080772399902344,-0.19574397802352944,-15.967798452053366,17.669364392137407,5.771040252400106,0,,,,,,,,True,16.76689208263198,-16.399888569762346,16.967299418595744,optimal,0,0.0,-19.0,2.8702699843972583,-0.5208018836186761
1756446531.2183805,0,follower,auto,1.07585871219635,0.9530321955680847,0.6326197385787964,1.0,1.0,0.4999999999999996,-0.0758587121963501,0.04696780443191528,-0.13261973857879678,0,0,0,0,1.0,-0.11008875030968546,-0.00021884251788850673,-0.1236470238189945,1.07585871219635,0.9530321955680847,0.6326197385787964,False,,,,,,,,,
1756446531.2185276,1,leader,auto,-0.006019126158207655,0.9591922760009766,0.695743978023529,0.0,1.0,0.4999999999999996,0.006019126158207655,0.04080772399902344,-0.19574397802352944,0,0,0,0,1.0,-0.01891257953384439,0.050101667326851174,-0.17237366292153822,-0.006019126158207655,0.9591922760009766,0.695743978023529,False,,,,,,,,,
1756446531.3195584,0,follower,auto,1.066870927810669,0.9449767470359802,0.5858168601989746,1.0,1.0,0.4499999999999996,-0.06687092781066895,0.055023252964019775,-0.135816860198975,-5.937563735322948,0.4248039958504175,5.356818036016236,0,,,,,,,,True,2.403937600196816,-6.567594616861157,10.583100027923548,optimal,0,-6.0,-13.0,4.2474779914649226,-0.3808025819615505
1756446531.320042,1,follower,auto,-0.011724164709448814,0.9499940276145935,0.6339133381843567,0.0,1.0,0.4499999999999996,0.011724164709448814,0.050005972385406494,-0.18391333818435707,-14.95646077706632,20,6.797261953816612,0,,,,,,,,True,19.24476747674377,-15.132075177964886,18.468798906948237,optimal,0,1.0,-18.0,2.6363410891829555,-0.5485772136207235
1756446531.5226648,0,follower,auto,1.066870927810669,0.9449767470359802,0.5858168601989746,1.0,1.0,0.4499999999999996,-0.06687092781066895,0.055023252964019775,-0.135816860198975,0,0,0,0,1.0,-0.10883375507152193,0.012073783719731779,-0.1168738646604287,1.066870927810669,0.9449767470359802,0.5858168601989746,False,,,,,,,,,
1756446531.52317,1,leader,auto,-0.011724164709448814,0.9499940276145935,0.6339133381843567,0.0,1.0,0.4499999999999996,0.011724164709448814,0.050005972385406494,-0.18391333818435707,0,0,0,0,1.0,0.0019646094318777653,0.06336872033447782,-0.16424936973287452,-0.011724164709448814,0.9499940276145935,0.6339133381843567,False,,,,,,,,,
1756446531.626058,0,follower,auto,1.063382863998413,0.9366413950920105,0.5389243960380554,1.0,1.0,0.39999999999999963,-0.06338286399841309,0.0633586049079895,-0.1389243960380558,-7.9362017148962005,-1.5860204038172265,6.327756031088951,0,,,,,,,,True,-0.8455843109097039,-8.958742058917846,6.549791358684624,optimal,0,-6.0,-13.0,4.072670888980831,-0.23156673623918922
1756446531.626779,1,follower,auto,-0.012269977480173111,0.9448525309562683,0.5691948533058167,0.0,1.0,0.39999999999999963,0.012269977480173111,0.05514746904373169,-0.16919485330581702,-12.975402874690941,18.627149311543988,6.837233951826632,0,,,,,,,,True,17.426444091259572,-13.328512956349975,16.64226272198785,optimal,0,1.0,-16.0,2.40283899482305,-0.4772839579456484
1756446531.7870865,0,follower,auto,1.063382863998413,0.9366413950920105,0.5389243960380554,1.0,1.0,0.39999999999999963,-0.06338286399841309,0.0633586049079895,-0.1389243960380558,0,0,0,0,1.0,-0.09637920519795484,0.01700701702000551,-0.11530783659791655,1.063382863998413,0.9366413950920105,0.5389243960380554,False,,,,,,,,,
1756446531.7873728,1,leader,auto,-0.012269977480173111,0.9448525309562683,0.5691948533058167,0.0,1.0,0.39999999999999963,0.012269977480173111,0.05514746904373169,-0.16919485330581702,0,0,0,0,1.0,0.027005958646481962,0.07857980961953337,-0.16407951454208636,-0.012269977480173111,0.9448525309562683,0.5691948533058167,False,,,,,,,,,
1756446531.8898044,0,follower,auto,1.0643839836120605,0.9349388480186462,0.49980053305625916,1.0,1.0,0.34999999999999964,-0.06438398361206055,0.06506115198135376,-0.1498005330562595,-9.966009015865039,-2.596452172625603,6.268620608369387,0,,,,,,,,True,-1.9526115751671025,-10.751270613870268,5.189951414587057,optimal,0,-6.0,-14.0,3.940865506915458,-0.18099627749667097
1756446531.8912153,1,follower,auto,-0.002606101566925645,0.9425360560417175,0.5128640532493591,0.0,1.0,0.34999999999999964,0.002606101566925645,0.05746394395828247,-0.1628640532493595,-11.990592468661859,18.563997863730673,6.831785971265954,0,,,,,,,,True,17.454493995427633,-12.969485112008929,17.715625338179706,optimal,0,0.0,-16.0,2.212346395739045,-0.4927749115075824
1756446532.2028222,0,follower,auto,1.0643839836120605,0.9349388480186462,0.49980053305625916,1.0,1.0,0.34999999999999964,-0.06438398361206055,0.06506115198135376,-0.1498005330562595,0,0,0,0,1.0,-0.0876932898639915,0.030555602584306896,-0.10694852125400767,1.0643839836120605,0.9349388480186462,0.49980053305625916,False,,,,,,,,,
1756446532.2063854,1,leader,auto,-0.002606101566925645,0.9425360560417175,0.5128640532493591,0.0,1.0,0.34999999999999964,0.002606101566925645,0.05746394395828247,-0.1628640532493595,0,0,0,0,1.0,0.0542224391232088,0.08966544566082668,-0.1526842927993053,-0.002606101566925645,0.9425360560417175,0.5128640532493591,False,,,,,,,,,
1756446532.3085809,0,follower,auto,1.075645089149475,0.933197021484375,0.44019925594329834,1.0,1.0,0.29999999999999966,-0.0756450891494751,0.066802978515625,-0.14019925594329868,-11.977314214416419,-5.610250957511955,6.315692035293543,0,,,,,,,,True,-4.865249921267331,-12.20957212867339,2.7861783613172135,optimal,0,-7.0,-14.0,3.7726530104980163,-0.09543054079086427
1756446532.314833,1,follower,auto,0.03286895528435707,0.9389247298240662,0.43397197127342224,0.0,1.0,0.29999999999999966,-0.03286895528435707,0.06107527017593384,-0.13397197127342259,-8.987182989383577,12.404222782810947,7.94610204677043,0,,,,,,,,True,11.730594816487695,-9.999117614324783,15.033153985115364,optimal,0,-3.0,-13.0,1.9706661442992526,-0.40109247415963833
1756446532.537162,0,follower,auto,1.075645089149475,0.933197021484375,0.44019925594329834,1.0,1.0,0.29999999999999966,-0.0756450891494751,0.066802978515625,-0.14019925594329868,0,0,0,0,1.0,-0.0747681587210105,0.03864899598420657,-0.12727764471830105,1.075645089149475,0.933197021484375,0.44019925594329834,False,,,,,,,,,
1756446532.5373938,1,leader,auto,0.03286895528435707,0.9389247298240662,0.43397197127342224,0.0,1.0,0.29999999999999966,-0.03286895528435707,0.06107527017593384,-0.13397197127342259,0,0,0,0,1.0,0.0953442715775822,0.09498126008673835,-0.17291630312209227,0.03286895528435707,0.9389247298240662,0.43397197127342224,False,,,,,,,,,
1756446532.6387763,0,follower,auto,1.085323691368103,0.9312418699264526,0.39160627126693726,1.0,1.0,0.24999999999999967,-0.08532369136810303,0.06875813007354736,-0.1416062712669376,-10.976926300081036,-5.588522295900611,6.277420980613221,0,,,,,,,,True,-4.892622171957319,-11.295358656891395,4.119573007128721,optimal,0,-8.0,-14.0,3.64233225260199,-0.13908041228112894
1756446532.6411493,1,follower,auto,0.06262626498937607,0.9383310675621033,0.3754866421222687,0.0,1.0,0.24999999999999967,-0.06262626498937607,0.06166893243789673,-0.125486642122269,-8.001717843015443,11.361083013410992,7.900846162081533,0,,,,,,,,True,10.493248250117553,-8.203785642748386,16.924493531158,optimal,0,-6.0,-12.0,1.8036559675658461,-0.43778398938777413
1756446532.8083608,0,follower,auto,1.085323691368103,0.9312418699264526,0.39160627126693726,1.0,1.0,0.24999999999999967,-0.08532369136810303,0.06875813007354736,-0.1416062712669376,0,0,0,0,1.0,-0.07747482347404833,0.04809404541591944,-0.11494838563389687,1.085323691368103,0.9312418699264526,0.39160627126693726,False,,,,,,,,,
1756446532.808544,1,leader,auto,0.06262626498937607,0.9383310675621033,0.3754866421222687,0.0,1.0,0.24999999999999967,-0.06262626498937607,0.06166893243789673,-0.125486642122269,0,0,0,0,1.0,0.0963100909194745,0.10128723142660612,-0.15008067415675386,0.06262626498937607,0.9383310675621033,0.3754866421222687,False,,,,,,,,,
1756446532.9101858,0,follower,auto,1.0947095155715942,0.9315139651298523,0.3512825071811676,1.0,1.0,0.19999999999999968,-0.09470951557159424,0.0684860348701477,-0.15128250718116792,-10.984339083180553,-6.5692610448594175,6.225846692288157,0,,,,,,,,True,-5.147767238497636,-11.536578177222669,5.1802497981547555,optimal,0,-9.0,-15.0,3.5416920499122404,-0.17290189870679484
1756446532.9126241,1,follower,auto,0.0857110247015953,0.9402284622192383,0.3286203444004059,0.0,1.0,0.19999999999999968,-0.0857110247015953,0.05977153778076172,-0.1286203444004062,-7.018366017162636,11.364652807666548,6.843831710112325,0,,,,,,,,True,10.064508491791791,-7.441850485227762,18.630705677698742,optimal,0,-8.0,-12.0,1.67545315189117,-0.4699504593957231
1756446533.1512258,0,follower,auto,1.0947095155715942,0.9315139651298523,0.3512825071811676,1.0,1.0,0.19999999999999968,-0.09470951557159424,0.0684860348701477,-0.15128250718116792,0,0,0,0,1.0,-0.07870763437664285,0.05841257575236736,-0.10605968288588485,1.0947095155715942,0.9315139651298523,0.3512825071811676,False,,,,,,,,,
1756446533.1516068,1,leader,auto,0.0857110247015953,0.9402284622192383,0.3286203444004059,0.0,1.0,0.19999999999999968,-0.0857110247015953,0.05977153778076172,-0.1286203444004062,0,0,0,0,1.0,0.09522001848491725,0.10570277230312308,-0.13735764844013942,0.0857110247015953,0.9402284622192383,0.3286203444004059,False,,,,,,,,,
1756446533.2558224,0,follower,auto,1.1010624170303345,0.9365780353546143,0.29828953742980957,1.0,1.0,0.1499999999999997,-0.10106241703033447,0.06342196464538574,-0.14828953742980988,-7.998085169477977,-4.524337509825685,6.269372843016456,0,,,,,,,,True,-3.958517278859837,-8.350561642279255,8.271376380477534,optimal,0,-10.0,-14.0,3.3978474343865153,-0.2714736977916704
1756446533.2580385,1,follower,auto,0.11377819627523422,0.9515161514282227,0.27752313017845154,0.0,1.0,0.1499999999999997,-0.11377819627523422,0.048483848571777344,-0.12752313017845185,-7.071403750246715,7.3183907319318315,5.8387094503916,0,,,,,,,,True,6.676084138630305,-7.049838433860347,18.356144747926347,optimal,0,-11.0,-12.0,1.5442869959251153,-0.4506414734386397
1756446533.4285967,0,follower,auto,1.1010624170303345,0.9365780353546143,0.29828953742980957,1.0,1.0,0.1499999999999997,-0.10106241703033447,0.06342196464538574,-0.14828953742980988,0,0,0,0,1.0,-0.08358736010365475,0.07068413531176809,-0.11859115427060829,1.1010624170303345,0.9365780353546143,0.29828953742980957,False,,,,,,,,,
1756446533.428898,1,leader,auto,0.11377819627523422,0.9515161514282227,0.27752313017845154,0.0,1.0,0.1499999999999997,-0.11377819627523422,0.048483848571777344,-0.12752313017845185,0,0,0,0,1.0,0.10585388204490845,0.1157692665339477,-0.14019093774393493,0.11377819627523422,0.9515161514282227,0.27752313017845154,False,,,,,,,,,
1756446533.5307872,0,follower,auto,1.1088554859161377,0.9426881074905396,0.25202107429504395,1.0,1.0,0.09999999999999969,-0.1088554859161377,0.05731189250946045,-0.15202107429504425,-8.004256298686181,-4.507295076043862,5.265716015490672,0,,,,,,,,True,-3.3274342016469616,-8.525795805195113,9.297228312211114,optimal,0,-10.0,-15.0,3.28323898039293,-0.30095878808993726
1756446533.5312316,1,follower,auto,0.13449493050575256,0.9610572457313538,0.23950889706611633,0.0,1.0,0.09999999999999969,-0.13449493050575256,0.03894275426864624,-0.13950889706611663,-7.082325276275262,7.325769869587155,4.770695996769568,0,,,,,,,,True,6.0291649267007585,-7.256321923914029,19.877096257987205,optimal,0,-13.0,-13.0,1.4509717093677055,-0.4782120195558501
1756446533.7723274,0,follower,auto,1.1088554859161377,0.9426881074905396,0.25202107429504395,1.0,1.0,0.09999999999999969,-0.1088554859161377,0.05731189250946045,-0.15202107429504425,0,0,0,0,1.0,-0.08165628858019813,0.07548717427370333,-0.11102055124079585,1.1088554859161377,0.9426881074905396,0.25202107429504395,False,,,,,,,,,
1756446533.7724934,1,leader,auto,0.13449493050575256,0.9610572457313538,0.23950889706611633,0.0,1.0,0.09999999999999969,-0.13449493050575256,0.03894275426864624,-0.13950889706611663,0,0,0,0,1.0,0.0994706025110252,0.1141479193863042,-0.12453520982007127,0.13449493050575256,0.9610572457313538,0.23950889706611633,False,,,,,,,,,
1756446533.8736837,0,follower,auto,1.119207501411438,0.9426942467689514,0.20167194306850433,1.0,1.0,0.049999999999999684,-0.11920750141143799,0.057305753231048584,-0.15167194306850465,-8.981750792427395,-6.506502359804945,5.297589409110779,0,,,,,,,,True,-5.736107623287245,-9.670253917404615,7.490978324528479,optimal,0,-11.0,-15.0,3.168834168047933,-0.23907625402892885
1756446533.8753097,1,follower,auto,0.1530090868473053,0.9612395763397217,0.20219045877456665,0.0,1.0,0.049999999999999684,-0.1530090868473053,0.03876042366027832,-0.15219045877456697,-9.045015253585513,4.330806876153151,4.731537986543268,0,,,,,,,,True,3.5302429666784008,-9.013389270434862,19.473299988226927,optimal,0,-15.0,-15.0,1.361355315444659,-0.4591187031449848
1756446534.0806274,0,follower,auto,1.119207501411438,0.9426942467689514,0.20167194306850433,1.0,1.0,0.049999999999999684,-0.11920750141143799,0.057305753231048584,-0.15167194306850465,0,0,0,0,1.0,-0.07870525973193288,0.0728582672584539,-0.11370570227361276,1.119207501411438,0.9426942467689514,0.20167194306850433,False,,,,,,,,,
1756446534.0809774,1,leader,auto,0.1530090868473053,0.9612395763397217,0.20219045877456665,0.0,1.0,0.049999999999999684,-0.1530090868473053,0.03876042366027832,-0.15219045877456697,0,0,0,0,1.0,0.09862555834098524,0.10502260580463807,-0.12113799840685102,0.1530090868473053,0.9612395763397217,0.20219045877456665,False,,,,,,,,,
1756446534.1829717,0,follower,auto,1.1310324668884277,0.9394652843475342,0.14952489733695984,1.0,1.0,-3.191891195797325e-16,-0.13103246688842773,0.06053471565246582,-0.14952489733696017,-6.961739103842835,-7.517176039426755,6.3310896799736724,0,,,,,,,,True,-6.564250199665866,-7.1755487199809,9.380405682370842,optimal,0,-13.0,-14.0,3.0590713698211105,-0.2952194550238063
1756446534.1834202,1,follower,auto,0.16413262486457825,0.9578452110290527,0.1648772954940796,0.0,1.0,-3.191891195797325e-16,-0.16413262486457825,0.042154788970947266,-0.16487729549407992,-8.018472733486275,8.368083679655314,5.703381416573074,0,,,,,,,,True,7.160803674211937,-8.12406518976212,24.463302638247885,optimal,0,-16.0,-16.0,1.268309125218916,-0.5642741340330518
1756446534.386622,0,follower,auto,1.1310324668884277,0.9394652843475342,0.14952489733695984,1.0,1.0,-3.191891195797325e-16,-0.13103246688842773,0.06053471565246582,-0.14952489733696017,0,0,0,0,1.0,-0.07901649652613241,0.07423342031554503,-0.11397886405131163,1.1310324668884277,0.9394652843475342,0.14952489733695984,False,,,,,,,,,
1756446534.3867388,1,leader,auto,0.16413262486457825,0.9578452110290527,0.1648772954940796,0.0,1.0,-3.191891195797325e-16,-0.16413262486457825,0.042154788970947266,-0.16487729549407992,0,0,0,0,1.0,0.08964821339239948,0.10418956879090846,-0.11859598147792061,0.16413262486457825,0.9578452110290527,0.1648772954940796,False,,,,,,,,,
1756446534.4874482,0,follower,auto,1.1404417753219604,0.9429600238800049,0.1009100005030632,1.0,1.0,-0.05000000000000032,-0.14044177532196045,0.05703997611999512,-0.15091000050306352,-6.986377376571018,-7.5173390619186256,5.343706662081883,0,,,,,,,,True,-6.792442959499816,-7.019381621220819,10.753564441605947,optimal,0,-14.0,-15.0,2.957239337501561,-0.33395198622205924
1756446534.488849,1,follower,auto,0.16859371960163116,0.9596888422966003,0.13231384754180908,0.0,1.0,-0.05000000000000032,-0.16859371960163116,0.04031115770339966,-0.1823138475418094,-9.030107331987793,8.414355660670733,5.657583714984043,0,,,,,,,,True,7.496163492170609,-9.736065291613828,24.90707360801908,optimal,0,-16.0,-18.0,1.184640262401751,-0.5628270702123667
1756446534.6944818,0,follower,auto,1.1404417753219604,0.9429600238800049,0.1009100005030632,1.0,1.0,-0.05000000000000032,-0.14044177532196045,0.05703997611999512,-0.15091000050306352,0,0,0,0,1.0,-0.08420833981744824,0.08346485615434307,-0.10993907299055874,1.1404417753219604,0.9429600238800049,0.1009100005030632,False,,,,,,,,,
1756446534.694954,1,leader,auto,0.16859371960163116,0.9596888422966003,0.13231384754180908,0.0,1.0,-0.05000000000000032,-0.16859371960163116,0.04031115770339966,-0.1823138475418094,0,0,0,0,1.0,0.0859749609882908,0.11119466397515676,-0.1124338886776019,0.16859371960163116,0.9596888422966003,0.13231384754180908,False,,,,,,,,,
1756446534.7974205,0,follower,auto,1.1461224555969238,0.9440022706985474,0.05556628480553627,1.0,1.0,-0.10000000000000032,-0.14612245559692383,0.05599772930145264,-0.15556628480553658,-5.97642631180725,-7.513527847445836,5.350950302071334,0,,,,,,,,True,-6.6686982574766045,-6.556033156575253,11.18251140365093,optimal,0,-14.0,-15.0,2.857716852122054,-0.34265512573185364
1756446534.7995493,1,follower,auto,0.16492319107055664,0.9649304747581482,0.10325057059526443,0.0,1.0,-0.10000000000000032,-0.16492319107055664,0.03506952524185181,-0.20325057059526475,-11.054911393736772,9.474190189747135,4.611946180153544,0,,,,,,,,True,8.309413492232316,-11.327830312247583,25.809961476714733,optimal,0,-16.0,-20.0,1.1046156233521116,-0.5714103969491711
1756446535.0299566,0,follower,auto,1.1461224555969238,0.9440022706985474,0.05556628480553627,1.0,1.0,-0.10000000000000032,-0.14612245559692383,0.05599772930145264,-0.15556628480553658,0,0,0,0,1.0,-0.09040180664888942,0.08299084944772528,-0.10541525413683739,1.1461224555969238,0.9440022706985474,0.05556628480553627,False,,,,,,,,,
1756446535.0301409,1,leader,auto,0.16492319107055664,0.9649304747581482,0.10325057059526443,0.0,1.0,-0.10000000000000032,-0.16492319107055664,0.03506952524185181,-0.20325057059526475,0,0,0,0,1.0,0.08109919572153665,0.11695109266263537,-0.10784526806620398,0.16492319107055664,0.9649304747581482,0.10325057059526443,False,,,,,,,,,
1756446535.131368,0,follower,auto,1.1524125337600708,0.9399807453155518,0.008277365006506443,1.0,1.0,-0.15000000000000033,-0.1524125337600708,0.06001925468444824,-0.15827736500650677,-5.955773138545875,-8.53812253836299,6.377664441749293,0,,,,,,,,True,-7.82955342220645,-6.380748507038135,11.211904406652627,optimal,0,-15.0,-15.0,2.759436359010415,-0.3389215551511091
1756446535.1322665,1,follower,auto,0.15295551717281342,0.9597687721252441,0.0717599093914032,0.0,1.0,-0.15000000000000033,-0.15295551717281342,0.04023122787475586,-0.22175990939140353,-12.015058615450553,12.550167143138683,5.592078743130313,0,,,,,,,,True,11.163030442059018,-12.681661768720156,27.77292907319353,optimal,0,-15.0,-22.0,1.0125419676725207,-0.5999021749942091
1756446535.3394246,0,follower,auto,1.1524125337600708,0.9399807453155518,0.008277365006506443,1.0,1.0,-0.15000000000000033,-0.1524125337600708,0.06001925468444824,-0.15827736500650677,0,0,0,0,1.0,-0.0918818282092182,0.07892405259113089,-0.1063864932922014,1.1524125337600708,0.9399807453155518,0.008277365006506443,False,,,,,,,,,
1756446535.3398445,1,leader,auto,0.15295551717281342,0.9597687721252441,0.0717599093914032,0.0,1.0,-0.15000000000000033,-0.15295551717281342,0.04023122787475586,-0.22175990939140353,0,0,0,0,1.0,0.07741028880132289,0.11058560340216217,-0.1084138824197019,0.15295551717281342,0.9597687721252441,0.0717599093914032,False,,,,,,,,,
1756446535.444478,0,follower,auto,1.158339262008667,0.9359907507896423,-0.03696325793862343,1.0,1.0,-0.20000000000000034,-0.158339262008667,0.06400924921035767,-0.16303674206137692,-5.957410265071071,-8.562192057411387,6.386689261918094,0,,,,,,,,True,-7.337823373233148,-6.392347375497149,12.288854283979804,optimal,0,-15.0,-16.0,2.6694078665007246,-0.36676175966634994
1756446535.4469514,1,follower,auto,0.14126013219356537,0.9503029584884644,0.037667714059352875,0.0,1.0,-0.20000000000000034,-0.14126013219356537,0.049697041511535645,-0.23766771405935322,-11.977324866844562,15.590033797112833,5.587431530309944,0,,,,,,,,True,14.508866277613041,-12.835861467947336,30.26656849617379,optimal,0,-14.0,-23.0,0.9165318746883866,-0.63631251949639
1756446535.6151323,0,follower,auto,1.158339262008667,0.9359907507896423,-0.03696325793862343,1.0,1.0,-0.20000000000000034,-0.158339262008667,0.06400924921035767,-0.16303674206137692,0,0,0,0,1.0,-0.0952703909695789,0.08017591343129515,-0.10433267128251866,1.158339262008667,0.9359907507896423,-0.03696325793862343,False,,,,,,,,,
1756446535.6154897,1,leader,auto,0.14126013219356537,0.9503029584884644,0.037667714059352875,0.0,1.0,-0.20000000000000034,-0.14126013219356537,0.049697041511535645,-0.23766771405935322,0,0,0,0,1.0,0.08558812753487738,0.11166141480960723,-0.11010266234583915,0.14126013219356537,0.9503029584884644,0.037667714059352875,False,,,,,,,,,
1756446535.7177308,0,follower,auto,1.1648712158203125,0.9313850402832031,-0.07863717526197433,1.0,1.0,-0.25000000000000033,-0.1648712158203125,0.06861495971679688,-0.171362824738026,-5.967761587817335,-8.583478770357523,6.389470911979624,0,,,,,,,,True,-7.870244753547839,-6.379847280942142,13.374623887920306,optimal,0,-16.0,-17.0,2.5933022636433245,-0.394776981333665
1756446535.7192652,1,follower,auto,0.13482284545898438,0.935757040977478,0.009374570101499557,0.0,1.0,-0.25000000000000033,-0.13482284545898438,0.06424295902252197,-0.2593745701014999,-14.932222114084169,15.591433690544287,7.546626983069846,0,,,,,,,,True,14.460428295028212,-15.126779689303003,29.181425624015453,optimal,0,-13.0,-25.0,0.8416577577412345,-0.600048726615096
1756446535.9494967,0,follower,auto,1.1648712158203125,0.9313850402832031,-0.07863717526197433,1.0,1.0,-0.25000000000000033,-0.1648712158203125,0.06861495971679688,-0.171362824738026,0,0,0,0,1.0,-0.09751113400576639,0.08070705290995872,-0.10089269464570666,1.1648712158203125,0.9313850402832031,-0.07863717526197433,False,,,,,,,,,
1756446535.949874,1,leader,auto,0.13482284545898438,0.935757040977478,0.009374570101499557,0.0,1.0,-0.25000000000000033,-0.13482284545898438,0.06424295902252197,-0.2593745701014999,0,0,0,0,1.0,0.10130097192456462,0.11185895091366882,-0.10328488276120175,0.13482284545898438,0.935757040977478,0.009374570101499557,False,,,,,,,,,
1756446536.0518985,0,follower,auto,1.164616584777832,0.9213988184928894,-0.12740717828273773,1.0,1.0,-0.3000000000000003,-0.16461658477783203,0.0786011815071106,-0.1725928217172626,-2.9591188465711067,-7.549941303343223,7.425100623841568,0,,,,,,,,True,-6.199517583767113,-3.6175227029237593,16.587349221549868,optimal,0,-16.0,-17.0,2.485557101605679,-0.48179400453965304
1756446536.0537848,1,follower,auto,0.1382906585931778,0.9155554175376892,-0.03205342963337898,0.0,1.0,-0.3000000000000003,-0.1382906585931778,0.08444458246231079,-0.26794657036662134,-13.884087314032914,17.538832414614056,9.58456035624697,0,,,,,,,,True,16.46170618505939,-14.944022839096974,31.467868728548748,optimal,0,-13.0,-26.0,0.7461978926411938,-0.6280868833157199
1756446536.2286737,0,follower,auto,1.164616584777832,0.9213988184928894,-0.12740717828273773,1.0,1.0,-0.3000000000000003,-0.16461658477783203,0.0786011815071106,-0.1725928217172626,0,0,0,0,1.0,-0.10703052958990389,0.07645188003930392,-0.10832468957635638,1.164616584777832,0.9213988184928894,-0.12740717828273773,False,,,,,,,,,
1756446536.329341,1,leader,auto,0.1382906585931778,0.9155554175376892,-0.03205342963337898,0.0,1.0,-0.3000000000000003,-0.1382906585931778,0.08444458246231079,-0.26794657036662134,0,0,0,0,1.0,0.12071944716840946,0.11442393004413032,-0.11776927255562472,0.1382906585931778,0.9155554175376892,-0.03205342963337898,False,,,,,,,,,
1756446536.3317013,0,follower,auto,1.1561850309371948,0.9068112373352051,-0.18242411315441132,1.0,1.0,-0.3500000000000003,-0.15618503093719482,0.09318876266479492,-0.167575886845589,0.07854253544936807,-5.465744957182004,9.45560507845893,0,,,,,,,,True,-4.385422480718496,-0.8101855663904232,18.531047418867885,optimal,0,-15.0,-16.0,2.345935529815145,-0.5267250965377621
1756446536.4330053,1,follower,auto,0.1575038582086563,0.908398449420929,-0.08914881199598312,0.0,1.0,-0.3500000000000003,-0.1575038582086563,0.09160155057907104,-0.2608511880040172,-9.940177276677908,20,10.668164947951597,0,,,,,,,,True,23.12822369724949,-10.296898057535962,41.235286502253324,optimal,0,-15.0,-26.0,0.6333001421657418,-0.7926241970414982
1756446536.538851,0,follower,auto,1.1561850309371948,0.9068112373352051,-0.18242411315441132,1.0,1.0,-0.3500000000000003,-0.15618503093719482,0.09318876266479492,-0.167575886845589,0,0,0,0,1.0,-0.11633556191600958,0.07022252671614626,-0.11549724067652674,1.1561850309371948,0.9068112373352051,-0.18242411315441132,False,,,,,,,,,
1756446536.6391773,1,leader,auto,0.1575038582086563,0.908398449420929,-0.08914881199598312,0.0,1.0,-0.3500000000000003,-0.1575038582086563,0.09160155057907104,-0.2608511880040172,0,0,0,0,1.0,0.14676049923420406,0.13448723687854403,-0.13595505918625983,0.1575038582086563,0.908398449420929,-0.08914881199598314,False,,,,,,,,,
1756446536.6397605,0,follower,auto,1.1504985094070435,0.9065755605697632,-0.22159072756767273,1.0,1.0,-0.4000000000000003,-0.15049850940704346,0.09342443943023682,-0.17840927243232757,-1.956725908832162,-6.424295417175649,9.378597414484663,0,,,,,,,,True,-5.286147702217061,-2.5991468237961914,17.370765632686492,optimal,0,-15.0,-17.0,2.2512306301736107,-0.48628062760739543
1756446536.7401865,1,follower,auto,0.17859061062335968,0.9195327162742615,-0.14199739694595337,0.0,1.0,-0.4000000000000003,-0.17859061062335968,0.08046728372573853,-0.25800260305404693,-8.04753859190554,19.345029773798604,9.694997430764069,0,,,,,,,,True,18.45759423731362,-8.960652243873188,38.91659884342344,optimal,0,-17.0,-25.0,0.5384184806459786,-0.7230481318034739
1756446536.943656,0,follower,auto,1.1504985094070435,0.9065755605697632,-0.22159072756767273,1.0,1.0,-0.4000000000000003,-0.15049850940704346,0.09342443943023682,-0.17840927243232757,0,0,0,0,1.0,-0.11207614084774509,0.08028253696997056,-0.10217269085598189,1.1504985094070435,0.9065755605697632,-0.22159072756767273,False,,,,,,,,,
1756446536.9437847,1,leader,auto,0.17859061062335968,0.9195327162742615,-0.14199739694595337,0.0,1.0,-0.4000000000000003,-0.17859061062335968,0.08046728372573853,-0.25800260305404693,0,0,0,0,1.0,0.15982842207937664,0.1546494149126021,-0.1342191231704019,0.17859061062335968,0.9195327162742615,-0.14199739694595337,False,,,,,,,,,
1756446537.0444577,0,follower,auto,1.146848440170288,0.9083322882652283,-0.26024705171585083,1.0,1.0,-0.4500000000000003,-0.14684844017028809,0.09166771173477173,-0.18975294828414946,-2.954684806918028,-5.384614729644643,9.345118195113852,0,,,,,,,,True,-4.865818366238804,-3.9369672921276297,16.7690835486388,optimal,0,-14.0,-18.0,2.1665060126319466,-0.4628952169270223
1756446537.0450768,1,follower,auto,0.2068384736776352,0.9386935830116272,-0.19024744629859924,0.0,1.0,-0.4500000000000003,-0.2068384736776352,0.0613064169883728,-0.25975255370140105,-9.134448439921172,11.257524302597947,7.691967027164229,0,,,,,,,,True,10.950234150896392,-9.464739029870714,34.63035268958917,optimal,0,-20.0,-25.0,0.4664854581063751,-0.6260151348769281
1756446537.2499928,0,follower,auto,1.146848440170288,0.9083322882652283,-0.26024705171585083,1.0,1.0,-0.4500000000000003,-0.14684844017028809,0.09166771173477173,-0.18975294828414946,0,0,0,0,1.0,-0.10973941552066013,0.07941471512151144,-0.10491063655402433,1.146848440170288,0.9083322882652283,-0.26024705171585083,False,,,,,,,,,
1756446537.2503586,1,leader,auto,0.2068384736776352,0.9386935830116272,-0.19024744629859924,0.0,1.0,-0.4500000000000003,-0.2068384736776352,0.0613064169883728,-0.25975255370140105,0,0,0,0,1.0,0.1767448571679848,0.16144458849378474,-0.1312624376136175,0.2068384736776352,0.9386935830116272,-0.19024744629859924,False,,,,,,,,,
1756446537.352533,0,follower,auto,1.1379183530807495,0.9123693108558655,-0.2980612814426422,1.0,1.0,-0.5000000000000003,-0.1379183530807495,0.08763068914413452,-0.20193871855735812,-1.9503468433186182,-3.2954760778730474,8.331407170086297,0,,,,,,,,True,-2.1179426789603593,-2.6512493373965853,20.479216808549463,optimal,0,-13.0,-20.0,2.0711026421593437,-0.5561765730589673
1756446537.3533387,1,follower,auto,0.24418334662914276,0.9568204283714294,-0.2310267686843872,0.0,1.0,-0.5000000000000003,-0.24418334662914276,0.04317957162857056,-0.2689732313156131,-9.169481376124988,7.138006849138768,5.659811315469959,0,,,,,,,,True,6.138880384634028,-9.07375656900533,34.56659988376884,optimal,0,-24.0,-26.0,0.4250446377547137,-0.6146359697707486
1756446537.5821893,0,follower,auto,1.1379183530807495,0.9123693108558655,-0.2980612814426422,1.0,1.0,-0.5000000000000003,-0.1379183530807495,0.08763068914413452,-0.20193871855735812,0,0,0,0,1.0,-0.11381968317184832,0.07988481191631092,-0.10711902213451,1.1379183530807495,0.9123693108558655,-0.2980612814426422,False,,,,,,,,,
1756446537.582376,1,leader,auto,0.24418334662914276,0.9568204283714294,-0.2310267686843872,0.0,1.0,-0.5000000000000003,-0.24418334662914276,0.04317957162857056,-0.2689732313156131,0,0,0,0,1.0,0.1864946999377357,0.15985834024651535,-0.12360793141710678,0.24418334662914276,0.9568204283714294,-0.2310267686843872,False,,,,,,,,,
1756446537.6831427,0,follower,auto,1.1222336292266846,0.914834201335907,-0.33922329545021057,1.0,1.0,-0.5500000000000004,-0.12223362922668457,0.08516579866409302,-0.2107767045497898,0.061366827512837396,-1.1904717404778409,8.349490930315612,0,,,,,,,,True,0.5031921412772657,-0.34137826684325034,24.1476389246517,optimal,0,-12.0,-21.0,1.9536850311989018,-0.6423014894414439
1756446537.6840878,1,follower,auto,0.2756432890892029,0.9660518169403076,-0.26765406131744385,0.0,1.0,-0.5500000000000004,-0.2756432890892029,0.03394818305969238,-0.28234593868255653,-8.146439665351382,6.076975053712378,4.62458970324189,0,,,,,,,,True,5.317650346477244,-8.046635300017059,37.9811438317448,optimal,0,-27.0,-28.0,0.3906341456512923,-0.6658760085215286
1756446537.8113263,0,follower,auto,1.1222336292266846,0.914834201335907,-0.33922329545021057,1.0,1.0,-0.5500000000000004,-0.12223362922668457,0.08516579866409302,-0.2107767045497898,0,0,0,0,1.0,-0.11704061502393692,0.0754699379340551,-0.1123710722573027,1.1222336292266846,0.914834201335907,-0.33922329545021057,False,,,,,,,,,
1756446537.9119103,1,leader,auto,0.2756432890892029,0.9660518169403076,-0.26765406131744385,0.0,1.0,-0.5500000000000004,-0.2756432890892029,0.03394818305969238,-0.28234593868255653,0,0,0,0,1.0,0.1765580942991629,0.15054086441692527,-0.117699237094819,0.2756432890892029,0.9660518169403076,-0.26765406131744385,False,,,,,,,,,
1756446537.9145715,0,follower,auto,1.1060924530029297,0.912265956401825,-0.3753192126750946,1.0,1.0,-0.6000000000000004,-0.10609245300292969,0.08773404359817505,-0.22468078732490582,-0.9111101087257096,-0.1270259088020207,8.336239613496291,0,,,,,,,,True,1.8716593007395161,-1.7586523125640028,23.465899743169995,optimal,0,-10.0,-22.0,1.8471943873746217,-0.6120245689743834
1756446538.015902,1,follower,auto,0.29366379976272583,0.9674267172813416,-0.30065545439720154,0.0,1.0,-0.6000000000000004,-0.29366379976272583,0.03257328271865845,-0.2993445456027989,-3.1093996953350516,10.085083698083356,4.596193279850454,0,,,,,,,,True,9.634428975473895,-3.497135698010041,46.29271205996308,optimal,0,-29.0,-29.0,0.35125731885422184,-0.7981726447667792
1756446538.1447704,0,follower,auto,1.1060924530029297,0.912265956401825,-0.3753192126750946,1.0,1.0,-0.6000000000000004,-0.10609245300292969,0.08773404359817505,-0.22468078732490582,0,0,0,0,1.0,-0.11166510223266846,0.06584723941637549,-0.10891220206949581,1.1060924530029297,0.912265956401825,-0.3753192126750946,False,,,,,,,,,
1756446538.2457907,1,leader,auto,0.29366379976272583,0.9674267172813416,-0.30065545439720154,0.0,1.0,-0.6000000000000004,-0.29366379976272583,0.03257328271865845,-0.2993445456027989,0,0,0,0,1.0,0.15860215190838833,0.14179836398941692,-0.1116359730190728,0.29366379976272583,0.9674267172813416,-0.30065545439720154,False,,,,,,,,,
1756446538.247672,0,follower,auto,1.0957332849502563,0.9074684381484985,-0.4101772606372833,1.0,1.0,-0.6500000000000005,-0.09573328495025635,0.09253156185150146,-0.23982273936271714,-3.8906323032475956,-0.1238654901308025,9.328585957706878,0,,,,,,,,True,1.3861802131359529,-4.646087527611272,21.088832174016733,optimal,0,-9.0,-23.0,1.7618913623324595,-0.5411265256676879
1756446538.3488328,1,follower,auto,0.29916054010391235,0.9657174348831177,-0.33357128500938416,0.0,1.0,-0.6500000000000005,-0.29916054010391235,0.034282565116882324,-0.3164287149906163,-2.0881920752341214,12.131705023303448,4.585794200309507,0,,,,,,,,True,11.106708377300023,-2.265050041198762,48.762439500900655,optimal,0,-29.0,-30.0,0.2996920709779016,-0.8218766623826842
1756446538.5252068,0,follower,auto,1.0957332849502563,0.9074684381484985,-0.4101772606372833,1.0,1.0,-0.6500000000000005,-0.09573328495025635,0.09253156185150146,-0.23982273936271714,0,0,0,0,1.0,-0.0993102138364288,0.060578241840874236,-0.109475840296127,1.0957332849502563,0.9074684381484985,-0.4101772606372833,False,,,,,,,,,
1756446538.6261203,1,leader,auto,0.29916054010391235,0.9657174348831177,-0.33357128500938416,0.0,1.0,-0.6500000000000005,-0.29916054010391235,0.034282565116882324,-0.3164287149906163,0,0,0,0,1.0,0.14664733615963196,0.13331567910612918,-0.10944844545020382,0.29916054010391235,0.9657174348831177,-0.33357128500938416,False,,,,,,,,,
1756446538.6295478,0,follower,auto,1.0922490358352661,0.9060520529747009,-0.4398452341556549,1.0,1.0,-0.7000000000000005,-0.09224903583526611,0.09394794702529907,-0.2601547658443456,-8.905207720902487,-1.147258858374423,9.311333550578626,0,,,,,,,,True,-0.21382612478643992,-9.907826858311232,18.334527203818883,optimal,0,-9.0,-26.0,1.7061926458200993,-0.4653306317726562
1756446538.7317996,1,follower,auto,0.3034551739692688,0.9608821868896484,-0.35809525847435,0.0,1.0,-0.7000000000000005,-0.3034551739692688,0.03911781311035156,-0.34190474152565054,-3.062182733339508,8.146207102374678,4.540586674156305,0,,,,,,,,True,7.322607861348679,-3.248136387564479,45.91992230296517,optimal,0,-30.0,-30.0,0.262961740793652,-0.7610500965570622
1756446538.8744886,0,follower,auto,1.0922490358352661,0.9060520529747009,-0.4398452341556549,1.0,1.0,-0.7000000000000005,-0.09224903583526611,0.09394794702529907,-0.2601547658443456,0,0,0,0,1.0,-0.08660054755869062,0.06421531271319825,-0.10704580139224917,1.0922490358352661,0.9060520529747009,-0.4398452341556549,False,,,,,,,,,
1756446538.975028,1,leader,auto,0.3034551739692688,0.9608821868896484,-0.35809525847435,0.0,1.0,-0.7000000000000005,-0.3034551739692688,0.03911781311035156,-0.34190474152565054,0,0,0,0,1.0,0.1487780945375274,0.1242789648397502,-0.09907547577628428,0.3034551739692688,0.9608821868896484,-0.35809525847435,False,,,,,,,,,
1756446538.9771416,0,follower,auto,1.0880076885223389,0.9090304970741272,-0.46465814113616943,1.0,1.0,-0.7500000000000006,-0.08800768852233887,0.0909695029258728,-0.2853418588638311,-9.939122258873857,-0.13530822410931176,9.307040078510724,0,,,,,,,,True,1.2995924933657719,-10.446387723853778,19.86483638200769,optimal,0,-8.0,-28.0,1.65729299279444,-0.4992468549020606
1756446539.0784733,1,follower,auto,0.31207337975502014,0.9554458856582642,-0.3671826124191284,0.0,1.0,-0.7500000000000006,-0.31207337975502014,0.04455411434173584,-0.38281738758087214,-6.040771877444517,2.1166098917235274,5.440917084795987,0,,,,,,,,True,1.4885792889182525,-6.857686407056949,39.07809238011252,optimal,0,-30.0,-30.0,0.2582186232617607,-0.6462244870114118
1756446539.2442517,0,follower,auto,1.0880076885223389,0.9090304970741272,-0.46465814113616943,1.0,1.0,-0.7500000000000006,-0.08800768852233887,0.0909695029258728,-0.2853418588638311,0,0,0,0,1.0,-0.08330887176148072,0.07366243094453273,-0.1050793203214358,1.0880076885223389,0.9090304970741272,-0.46465814113616943,False,,,,,,,,,
1756446539.3449795,1,leader,auto,0.31207337975502014,0.9554458856582642,-0.3671826124191284,0.0,1.0,-0.7500000000000006,-0.31207337975502014,0.04455411434173584,-0.38281738758087214,0,0,0,0,1.0,0.15232118788804536,0.11928335644478971,-0.08223491438367614,0.31207337975502014,0.9554458856582642,-0.3671826124191284,False,,,,,,,,,
1756446539.3478668,0,follower,auto,1.0846327543258667,0.9123945236206055,-0.4972265064716339,1.0,1.0,-0.8000000000000006,-0.0846327543258667,0.08760547637939453,-0.3027734935283667,-8.955808701888346,0.8760425379432739,8.376518205723132,0,,,,,,,,True,2.232452029663863,-9.839609251328557,22.608503481621447,optimal,0,-8.0,-30.0,1.6010984475581003,-0.5616933348938713
1756446539.4490926,1,follower,auto,0.32015931606292725,0.9530237317085266,-0.36957114934921265,0.0,1.0,-0.8000000000000006,-0.32015931606292725,0.04697626829147339,-0.43042885065078795,-8.042115403913478,1.098561753472964,5.344687932784186,0,,,,,,,,True,-0.7847448295459678,-8.182221570320035,36.4629481841684,optimal,0,-30.0,-30.0,0.2642096532928253,-0.6046670291461189
1756446539.5766184,0,follower,auto,1.0846327543258667,0.9123945236206055,-0.4972265064716339,1.0,1.0,-0.8000000000000006,-0.0846327543258667,0.08760547637939453,-0.3027734935283667,0,0,0,0,1.0,-0.07757923456344606,0.07956738979378664,-0.1158370595356103,1.0846327543258667,0.9123945236206055,-0.4972265064716339,False,,,,,,,,,
1756446539.677256,1,leader,auto,0.32015931606292725,0.9530237317085266,-0.36957114934921265,0.0,1.0,-0.8000000000000006,-0.32015931606292725,0.04697626829147339,-0.43042885065078795,0,0,0,0,1.0,0.14476625702864196,0.12118127421719349,-0.07604291959075737,0.32015931606292725,0.9530237317085266,-0.36957114934921265,False,,,,,,,,,
1756446539.6790729,0,follower,auto,1.0815938711166382,0.914237380027771,-0.5297999382019043,1.0,1.0,-0.8500000000000006,-0.08159387111663818,0.085762619972229,-0.32020006179809635,-7.95240031265486,0.8798099228905887,8.425797927654077,0,,,,,,,,True,2.2709235130826784,-8.826852181553889,23.53282937416077,optimal,0,-8.0,-30.0,1.547969747541229,-0.5781802373024527
1756446539.7807448,1,follower,auto,0.3217410743236542,0.9544810056686401,-0.37414729595184326,0.0,1.0,-0.8500000000000006,-0.3217410743236542,0.04551899433135986,-0.4758527040481574,-6.060837466628259,2.1186912893179892,5.296592142896302,0,,,,,,,,True,1.6430376835009248,-6.177620842352379,39.607923229704724,optimal,0,-30.0,-30.0,0.25859465228478395,-0.6551014375302118
1756446539.957336,0,follower,auto,1.0815938711166382,0.914237380027771,-0.5297999382019043,1.0,1.0,-0.8500000000000006,-0.08159387111663818,0.085762619972229,-0.32020006179809635,0,0,0,0,1.0,-0.07171238696445248,0.08222798496873496,-0.11726842056400272,1.0815938711166382,0.914237380027771,-0.5297999382019043,False,,,,,,,,,
1756446540.0579188,1,leader,auto,0.3217410743236542,0.9544810056686401,-0.37414729595184326,0.0,1.0,-0.8500000000000006,-0.3217410743236542,0.04551899433135986,-0.4758527040481574,0,0,0,0,1.0,0.13067466531321623,0.1258319410779265,-0.07901264202064251,0.3217410743236542,0.9544810056686401,-0.37414729595184326,False,,,,,,,,,
1756446540.0597305,0,follower,auto,1.086137294769287,0.9128314852714539,-0.5699735283851624,1.0,1.0,-0.9000000000000007,-0.08613729476928711,0.08716851472854614,-0.33002647161483833,-10.936631395170894,-1.1625710988292917,8.499328672372188,0,,,,,,,,True,0.4279803438742018,-11.457385680504498,20.368097566495738,optimal,0,-8.0,-30.0,1.5083099548857595,-0.49619935951465627
1756446540.1609704,1,follower,auto,0.31989365816116333,0.9536938667297363,-0.3880375921726227,0.0,1.0,-0.9000000000000007,-0.31989365816116333,0.04630613327026367,-0.511962407827378,-3.0581291970941145,6.1507982310332014,5.294456671689883,0,,,,,,,,True,5.212652014859145,-3.116859277446082,44.301626573165464,optimal,0,-30.0,-30.0,0.23355109915326144,-0.7240966105814058
1756446540.294352,0,follower,auto,1.086137294769287,0.9128314852714539,-0.5699735283851624,1.0,1.0,-0.9000000000000007,-0.08613729476928711,0.08716851472854614,-0.33002647161483833,0,0,0,0,1.0,-0.058947526961817154,0.08199795501978313,-0.12625827171080434,1.086137294769287,0.9128314852714539,-0.5699735283851624,False,,,,,,,,,
1756446540.3948953,1,leader,auto,0.31989365816116333,0.9536938667297363,-0.3880375921726227,0.0,1.0,-0.9000000000000007,-0.31989365816116333,0.04630613327026367,-0.511962407827378,0,0,0,0,1.0,0.12152370226052345,0.12209844918086177,-0.08888262526044904,0.31989365816116333,0.9536938667297363,-0.3880375921726227,False,,,,,,,,,
1756446540.3964639,0,follower,auto,1.0954666137695312,0.9152840375900269,-0.6092355251312256,1.0,1.0,-0.9500000000000007,-0.09546661376953125,0.08471596240997314,-0.34076447486877515,-12.951630736514868,-2.2181960601881094,8.538283546114828,0,,,,,,,,True,-1.840912444663993,-13.089254527799,18.363710056808603,optimal,0,-9.0,-30.0,1.4863297349123807,-0.4452434451292547
1756446540.4980304,1,follower,auto,0.3120991289615631,0.9539823532104492,-0.40559837222099304,0.0,1.0,-0.9500000000000007,-0.3120991289615631,0.04601764678955078,-0.5444016277790077,-0.05830980412163488,9.208218082686578,5.288507719640414,0,,,,,,,,True,8.815968378668927,-0.09167705155765304,49.00190999096004,optimal,0,-30.0,-30.0,0.19573928989344003,-0.786277230228412
1756446540.60357,0,follower,auto,1.0954666137695312,0.9152840375900269,-0.6092355251312256,1.0,1.0,-0.9500000000000007,-0.09546661376953125,0.08471596240997314,-0.34076447486877515,0,0,0,0,1.0,-0.05178735109534238,0.0918731561886571,-0.1262705106433334,1.0954666137695312,0.9152840375900269,-0.6092355251312256,False,,,,,,,,,
1756446540.7041705,1,leader,auto,0.3120991289615631,0.9539823532104492,-0.40559837222099304,0.0,1.0,-0.9500000000000007,-0.3120991289615631,0.04601764678955078,-0.5444016277790077,0,0,0,0,1.0,0.11443596531881586,0.11890629684672094,-0.09251460824410296,0.3120991289615631,0.9539823532104492,-0.40559837222099304,False,,,,,,,,,
1756446540.7067704,0,follower,auto,1.103177547454834,0.9194377064704895,-0.6552338004112244,1.0,1.0,-1.0000000000000007,-0.10317754745483398,0.0805622935295105,-0.3447661995887763,-10.96579801592974,-3.245809996404497,8.616202868325969,0,,,,,,,,True,-2.6476530412007486,-11.062246186579479,20.31490894147173,optimal,0,-10.0,-30.0,1.4556774418957605,-0.48925345697635203
1756446540.8079062,1,follower,auto,0.3028571307659149,0.9558049440383911,-0.41979262232780457,0.0,1.0,-1.0000000000000007,-0.3028571307659149,0.04419505596160889,-0.5802073776721961,-0.06228443703650877,10.24924707409749,5.2346431180252075,0,,,,,,,,True,9.04940054206925,0.1730158450407373,49.34842011533944,optimal,0,-30.0,-30.0,0.1621602722894352,-0.7785063704879169
1756446540.9247732,0,follower,auto,1.103177547454834,0.9194377064704895,-0.6552338004112244,1.0,1.0,-1.0000000000000007,-0.10317754745483398,0.0805622935295105,-0.3447661995887763,0,0,0,0,1.0,-0.05251669140475124,0.10101351411574222,-0.13396884208478377,1.103177547454834,0.9194377064704895,-0.6552338004112244,False,,,,,,,,,
1756446541.0253305,1,leader,auto,0.3028571307659149,0.9558049440383911,-0.41979262232780457,0.0,1.0,-1.0000000000000007,-0.3028571307659149,0.04419505596160889,-0.5802073776721961,0,0,0,0,1.0,0.11533055648632551,0.11336433318726824,-0.08888570952753833,0.3028571307659149,0.9558049440383911,-0.41979262232780457,False,,,,,,,,,
1756446541.0258565,0,follower,auto,1.1074669361114502,0.9205870628356934,-0.6990066170692444,1.0,1.0,-1.0500000000000007,-0.1074669361114502,0.07941293716430664,-0.3509933829307563,-8.952569236021484,-3.2515774963135264,7.6633685178469,0,,,,,,,,True,-2.8233747559969578,-9.838331028030499,21.40086086184711,optimal,0,-10.0,-30.0,1.4219575459873557,-0.5115571874222489
1756446541.1265938,1,follower,auto,0.29415810108184814,0.9594955444335938,-0.43193304538726807,0.0,1.0,-1.0500000000000007,-0.29415810108184814,0.04050445556640625,-0.6180669546127326,-0.07618331826209856,9.271129111936716,5.176720884871884,0,,,,,,,,True,8.6871658290002,-0.8461160193959358,47.64736529313119,optimal,0,-29.0,-30.0,0.1329506958492641,-0.7402925285014628
1756446541.232006,0,follower,auto,1.1074669361114502,0.9205870628356934,-0.6990066170692444,1.0,1.0,-1.0500000000000007,-0.1074669361114502,0.07941293716430664,-0.3509933829307563,0,0,0,0,1.0,-0.056033044945557275,0.10291418876946867,-0.13232145580604393,1.1074669361114502,0.9205870628356934,-0.6990066170692444,False,,,,,,,,,
1756446541.3327663,1,leader,auto,0.29415810108184814,0.9594955444335938,-0.43193304538726807,0.0,1.0,-1.0500000000000007,-0.29415810108184814,0.04050445556640625,-0.6180669546127326,0,0,0,0,1.0,0.11920293868282489,0.10849276720032941,-0.0867333830265632,0.29415810108184814,0.9594955444335938,-0.43193304538726807,False,,,,,,,,,
1756446541.3350098,0,follower,auto,1.1168519258499146,0.9232444167137146,-0.7464283108711243,1.0,1.0,-1.1000000000000008,-0.11685192584991455,0.0767555832862854,-0.3535716891288765,-11.953132328290119,-6.2918187826226575,7.734602178541135,0,,,,,,,,True,-5.365831707269116,-12.400175347253459,18.47965584523259,optimal,0,-11.0,-30.0,1.403196656963833,-0.43986951493176063
1756446541.4358115,1,follower,auto,0.2882402241230011,0.9641165137290955,-0.44202589988708496,0.0,1.0,-1.1000000000000008,-0.2882402241230011,0.03588348627090454,-0.6579741001129158,-2.086062395323753,8.283122393635221,4.108985745141626,0,,,,,,,,True,7.994865718846711,-2.065499501134017,45.56277731042029,optimal,0,-28.0,-30.0,0.11055129771826189,-0.6994459645783211
1756446541.569603,0,follower,auto,1.1168519258499146,0.9232444167137146,-0.7464283108711243,1.0,1.0,-1.1000000000000008,-0.11685192584991455,0.0767555832862854,-0.3535716891288765,0,0,0,0,1.0,-0.05082703866328919,0.10719990419213932,-0.1356944141193881,1.1168519258499146,0.9232444167137146,-0.7464283108711243,False,,,,,,,,,
1756446541.670104,1,leader,auto,0.2882402241230011,0.9641165137290955,-0.44202589988708496,0.0,1.0,-1.1000000000000008,-0.2882402241230011,0.03588348627090454,-0.6579741001129158,0,0,0,0,1.0,0.12410304419901183,0.10298975338687077,-0.08465853237019472,0.2882402241230011,0.9641165137290955,-0.44202589988708496,False,,,,,,,,,
1756446541.6717591,0,follower,auto,1.128362774848938,0.9247419834136963,-0.7927591800689697,1.0,1.0,-1.1500000000000008,-0.128362774848938,0.07525801658630371,-0.3572408199310311,-12.941921251087896,-8.329271924476338,7.790334011735711,0,,,,,,,,True,-7.428292994939698,-13.965123867862307,16.673864504460763,optimal,0,-12.0,-30.0,1.3960653019922558,-0.39624649401095036
1756446541.7728543,1,follower,auto,0.28419211506843567,0.9705424308776855,-0.45119598507881165,0.0,1.0,-1.1500000000000008,-0.28419211506843567,0.029457569122314453,-0.6988040149211892,-2.1031157981602666,7.295319500013384,3.0458463738053205,0,,,,,,,,True,6.935720866768442,-2.7443065770073254,44.31001485498427,optimal,0,-28.0,-30.0,0.09198788007022363,-0.6733211078021935
1756446541.8773196,0,follower,auto,1.128362774848938,0.9247419834136963,-0.7927591800689697,1.0,1.0,-1.1500000000000008,-0.128362774848938,0.07525801658630371,-0.3572408199310311,0,0,0,0,1.0,-0.05194337586555542,0.11156125509086157,-0.13419652684673156,1.128362774848938,0.9247419834136963,-0.7927591800689697,False,,,,,,,,,
1756446541.9778624,1,leader,auto,0.28419211506843567,0.9705424308776855,-0.45119598507881165,0.0,1.0,-1.1500000000000008,-0.28419211506843567,0.029457569122314453,-0.6988040149211892,0,0,0,0,1.0,0.12680975184498797,0.10070137843207072,-0.08276523686503445,0.28419211506843567,0.9705424308776855,-0.45119598507881165,False,,,,,,,,,
1756446541.980345,0,follower,auto,1.1390869617462158,0.9242010116577148,-0.8338833451271057,1.0,1.0,-1.2000000000000008,-0.13908696174621582,0.07579898834228516,-0.36611665487289513,-13.917261224111769,-10.350901006752405,7.816894224471508,0,,,,,,,,True,-9.092535628871989,-14.641012761546145,15.848241757451303,optimal,0,-13.0,-30.0,1.3950126884432725,-0.3765360970412458
1756446542.0820925,1,follower,auto,0.28111720085144043,0.97996985912323,-0.46003270149230957,0.0,1.0,-1.2000000000000008,-0.28111720085144043,0.02003014087677002,-0.7399672985076913,-2.133573007918844,8.308588334156331,2.9937955933716642,0,,,,,,,,True,7.040051421622984,-2.482058814099794,44.553813425347165,optimal,0,-28.0,-30.0,0.07524880398618272,-0.670714258322781
1756446542.2880259,0,follower,auto,1.1390869617462158,0.9242010116577148,-0.8338833451271057,1.0,1.0,-1.2000000000000008,-0.13908696174621582,0.07579898834228516,-0.36611665487289513,0,0,0,0,1.0,-0.05794270733984397,0.11577096258053465,-0.12872836510795382,1.1390869617462158,0.9242010116577148,-0.8338833451271057,False,,,,,,,,,
1756446542.3885822,1,leader,auto,0.28111720085144043,0.97996985912323,-0.46003270149230957,0.0,1.0,-1.2000000000000008,-0.28111720085144043,0.02003014087677002,-0.7399672985076913,0,0,0,0,1.0,0.12746968107187226,0.0997639226212611,-0.08051180024870896,0.28111720085144043,0.97996985912323,-0.46003270149230957,False,,,,,,,,,
1756446542.3905687,0,follower,auto,1.150266170501709,0.9232895970344543,-0.8820569515228271,1.0,1.0,-1.2500000000000009,-0.15026617050170898,0.07671040296554565,-0.36794304847717374,-13.902407712078348,-12.375997471539424,7.904066977258521,0,,,,,,,,True,-11.50028670430698,-14.03639952655535,16.342721108426613,optimal,0,-15.0,-30.0,1.39435974737665,-0.38822686784112925
1756446542.4921806,1,follower,auto,0.27702558040618896,0.9859820604324341,-0.46545538306236267,0.0,1.0,-1.2500000000000009,-0.27702558040618896,0.014017939567565918,-0.7845446169376382,-4.134265861611798,6.333535798857587,1.9142443775506837,0,,,,,,,,True,5.85781926419628,-4.188358617548484,41.783694399309304,optimal,0,-27.0,-30.0,0.06251431471515945,-0.6244721858363306
1756446542.5955245,0,follower,auto,1.150266170501709,0.9232895970344543,-0.8820569515228271,1.0,1.0,-1.2500000000000009,-0.15026617050170898,0.07671040296554565,-0.36794304847717374,0,0,0,0,1.0,-0.06436202404799052,0.1223715231825353,-0.1358709987635336,1.150266170501709,0.9232895970344543,-0.8820569515228271,False,,,,,,,,,
1756446542.6961389,1,leader,auto,0.27702558040618896,0.9859820604324341,-0.46545538306236267,0.0,1.0,-1.2500000000000009,-0.27702558040618896,0.014017939567565918,-0.7845446169376382,0,0,0,0,1.0,0.12711338231346003,0.0924964333355639,-0.07526085298371321,0.27702558040618896,0.9859820604324341,-0.46545538306236267,False,,,,,,,,,
1756446542.698078,0,follower,auto,1.1637576818466187,0.9236192107200623,-0.9315071105957031,1.0,1.0,-1.300000000000001,-0.16375768184661865,0.07638078927993774,-0.3684928894042978,-16.913536768059807,-14.404613991894795,7.98983904789567,0,,,,,,,,True,-13.715726671237258,-17.546699505404852,12.661066220867047,optimal,0,-16.0,-30.0,1.404674982825655,-0.30147080655258596
1756446542.7998507,1,follower,auto,0.27835190296173096,0.9814735651016235,-0.4659077823162079,0.0,1.0,-1.300000000000001,-0.27835190296173096,0.018526434898376465,-0.834092217683793,-6.079914001137386,4.329640587708347,1.8152451035193211,0,,,,,,,,True,3.185523198949845,-6.218444544894989,38.42822127888011,optimal,0,-27.0,-30.0,0.06338230772336328,-0.574609048318601
1756446542.9043605,0,follower,auto,1.1637576818466187,0.9236192107200623,-0.9315071105957031,1.0,1.0,-1.300000000000001,-0.16375768184661865,0.07638078927993774,-0.3684928894042978,0,0,0,0,1.0,-0.07056399748723385,0.1301726678125299,-0.13689935849213464,1.1637576818466187,0.9236192107200623,-0.9315071105957031,False,,,,,,,,,
1756446543.0049298,1,leader,auto,0.27835190296173096,0.9814735651016235,-0.4659077823162079,0.0,1.0,-1.300000000000001,-0.27835190296173096,0.018526434898376465,-0.834092217683793,0,0,0,0,1.0,0.13123805817430348,0.08056021655702716,-0.06768916386603324,0.27835190296173096,0.9814735651016235,-0.4659077823162079,False,,,,,,,,,
1756446543.0073369,0,follower,auto,1.1651123762130737,0.924311101436615,-0.9878674149513245,1.0,1.0,-1.350000000000001,-0.16511237621307373,0.07568889856338501,-0.3621325850486765,-10.927408555418515,-14.35120724151089,8.101818047674536,0,,,,,,,,True,-13.323721299669455,-11.516045518655197,18.676697806364743,optimal,0,-16.0,-30.0,1.3815545085721528,-0.44238074225582735
1756446543.10849,1,follower,auto,0.283401757478714,0.9747063517570496,-0.4694189131259918,0.0,1.0,-1.350000000000001,-0.283401757478714,0.02529364824295044,-0.8805810868740092,-5.045110320302954,3.3018161149445158,2.741167225444663,0,,,,,,,,True,2.653638721405045,-5.521694956949613,39.2279617701844,optimal,0,-28.0,-30.0,0.06410633512725927,-0.5868104780150871
1756446543.2829058,0,follower,auto,1.1651123762130737,0.924311101436615,-0.9878674149513245,1.0,1.0,-1.350000000000001,-0.16511237621307373,0.07568889856338501,-0.3621325850486765,0,0,0,0,1.0,-0.09287158860834932,0.13963812154278266,-0.1435853813132476,1.1651123762130737,0.924311101436615,-0.9878674149513245,False,,,,,,,,,
1756446543.3840015,1,leader,auto,0.283401757478714,0.9747063517570496,-0.4694189131259918,0.0,1.0,-1.350000000000001,-0.283401757478714,0.02529364824295044,-0.8805810868740092,0,0,0,0,1.0,0.13141694723299466,0.07954779955097957,-0.0685017906935293,0.283401757478714,0.9747063517570496,-0.4694189131259918,False,,,,,,,,,
1756446543.3859162,0,follower,auto,1.1443259716033936,0.9318450689315796,-1.062221646308899,1.0,1.0,-1.400000000000001,-0.14432597160339355,0.06815493106842041,-0.3377783536911021,-1.9713290033549855,-12.209683588175636,7.278408875379574,0,,,,,,,,True,-11.397774448816772,-2.720954730157686,27.40288102833965,optimal,0,-14.0,-30.0,1.2950603869939172,-0.6361338226584463
1756446543.4871402,1,follower,auto,0.2853965759277344,0.9726544618606567,-0.4829699695110321,0.0,1.0,-1.400000000000001,-0.2853965759277344,0.02734553813934326,-0.9170300304889689,-2.0434513852754566,7.273790912080496,2.6936889150751675,0,,,,,,,,True,6.291530983798452,-2.0037599993599073,44.26848259638283,optimal,0,-28.0,-30.0,0.04682121573092579,-0.6556313686728348
1756446543.6112401,0,follower,auto,1.1443259716033936,0.9318450689315796,-1.062221646308899,1.0,1.0,-1.400000000000001,-0.14432597160339355,0.06815493106842041,-0.3377783536911021,0,0,0,0,1.0,-0.12379159950949448,0.1490293195840462,-0.1610660034840804,1.1443259716033936,0.9318450689315796,-1.062221646308899,False,,,,,,,,,
1756446543.7117,1,leader,auto,0.2853965759277344,0.9726544618606567,-0.4829699695110321,0.0,1.0,-1.400000000000001,-0.2853965759277344,0.02734553813934326,-0.9170300304889689,0,0,0,0,1.0,0.12377871044599686,0.08453536534640493,-0.07717277605261857,0.2853965759277344,0.9726544618606567,-0.4829699695110321,False,,,,,,,,,
1756446543.7124248,0,follower,auto,1.1147925853729248,0.9362078905105591,-1.122109293937683,1.0,1.0,-1.450000000000001,-0.1147925853729248,0.06379210948944092,-0.32789070606231796,2.024111422961629,-10.095108029552895,7.315684150252823,0,,,,,,,,True,-9.21501440094859,2.422153016753221,32.47125159014634,optimal,0,-11.0,-30.0,1.1977050217170908,-0.7361544876568005
1756446543.8129919,1,follower,auto,0.2862849831581116,0.9710066914558411,-0.49457821249961853,0.0,1.0,-1.450000000000001,-0.2862849831581116,0.028993308544158936,-0.9554217875003825,-1.0399487544822494,7.234649138524738,2.6262279274765565,0,,,,,,,,True,6.4594839763015415,-1.3602863695612157,44.80724531531172,optimal,0,-28.0,-30.0,0.03134997975694043,-0.6575920769020533
1756446543.9198375,0,follower,auto,1.1147925853729248,0.9362078905105591,-1.122109293937683,1.0,1.0,-1.450000000000001,-0.1147925853729248,0.06379210948944092,-0.32789070606231796,0,0,0,0,1.0,-0.137320768747889,0.13888774349637323,-0.14421386842162487,1.1147925853729248,0.9362078905105591,-1.122109293937683,False,,,,,,,,,
1756446544.020809,1,leader,auto,0.2862849831581116,0.9710066914558411,-0.49457821249961853,0.0,1.0,-1.450000000000001,-0.2862849831581116,0.028993308544158936,-0.9554217875003825,0,0,0,0,1.0,0.12251936751267434,0.08191081430247316,-0.07329328500808274,0.2862849831581116,0.9710066914558411,-0.49457821249961853,False,,,,,,,,,
1756446544.0226376,0,follower,auto,1.0867871046066284,0.9389776587486267,-1.1676174402236938,1.0,1.0,-1.500000000000001,-0.08678710460662842,0.06102234125137329,-0.33238255977630726,2.0247856864528884,-8.032030548843323,7.305264927623893,0,,,,,,,,True,-7.240565109219296,2.5228925878064032,32.5317580777819,optimal,0,-8.0,-30.0,1.1142271036809017,-0.7220307278563735
1756446544.12424,1,follower,auto,0.2908207178115845,0.9688741564750671,-0.4997411370277405,0.0,1.0,-1.500000000000001,-0.2908207178115845,0.03112584352493286,-1.0002588629722606,-3.032213265589708,3.172465815208735,3.5401271931142784,0,,,,,,,,True,2.76322483105184,-3.200808605208305,41.55838195939088,optimal,0,-29.0,-30.0,0.029431595766597596,-0.6092159552186476
1756446544.244629,0,follower,auto,1.0867871046066284,0.9389776587486267,-1.1676174402236938,1.0,1.0,-1.500000000000001,-0.08678710460662842,0.06102234125137329,-0.33238255977630726,0,0,0,0,1.0,-0.13764872518839621,0.12693731412271736,-0.12849721912380674,1.0867871046066284,0.9389776587486267,-1.1676174402236938,False,,,,,,,,,
1756446544.3450544,1,leader,auto,0.2908207178115845,0.9688741564750671,-0.4997411370277405,0.0,1.0,-1.500000000000001,-0.2908207178115845,0.03112584352493286,-1.0002588629722606,0,0,0,0,1.0,0.12605018202353435,0.07755134962284882,-0.06507659737460986,0.2908207178115845,0.9688741564750671,-0.4997411370277405,False,,,,,,,,,
1756446544.3468063,0,follower,auto,1.06731379032135,0.9407804012298584,-1.2040926218032837,1.0,1.0,-1.500000000000001,-0.0673137903213501,0.0592195987701416,-0.2959073781967174,-1.9729214939714363,-7.0237728047944845,6.294720032119222,0,,,,,,,,True,-6.079583865389295,-2.4116363875714804,26.58848271673928,optimal,0,-6.0,-29.0,1.0595637507561617,-0.5816793909762334
1756446544.4480479,1,follower,auto,0.29788950085639954,0.9678922295570374,-0.5037665367126465,0.0,1.0,-1.500000000000001,-0.29788950085639954,0.032107770442962646,-0.9962334632873546,-3.0327542051350576,2.118002415914053,3.479000045413112,0,,,,,,,,True,1.3574230476958355,-3.930605938453297,40.014827762130636,optimal,0,-29.0,-30.0,0.0322128906354171,-0.5875595326090168
1756446544.5582364,0,follower,auto,1.06731379032135,0.9407804012298584,-1.2040926218032837,1.0,1.0,-1.500000000000001,-0.0673137903213501,0.0592195987701416,-0.2959073781967174,0,0,0,0,1.0,-0.12888966574491767,0.11632926383206554,-0.11905968619758145,1.06731379032135,0.9407804012298584,-1.2040926218032837,False,,,,,,,,,
1756446544.6587212,1,leader,auto,0.29788950085639954,0.9678922295570374,-0.5037665367126465,0.0,1.0,-1.500000000000001,-0.29788950085639954,0.032107770442962646,-0.9962334632873546,0,0,0,0,1.0,0.12419268530867317,0.07708108997381169,-0.06357460388203162,0.29788950085639954,0.9678922295570374,-0.5037665367126465,False,,,,,,,,,
1756446544.7597983,0,follower,auto,1.0573064088821411,0.9463382959365845,-1.2332196235656738,1.0,1.0,-1.500000000000001,-0.05730640888214111,0.05366170406341553,-0.2667803764343273,-7.0002298394811415,-6.053845907407336,6.28420152613624,0,,,,,,,,True,-5.456307304628856,-7.35593476042693,18.6496483884741,optimal,0,-5.0,-26.0,1.033384230982379,-0.40513388150686913
1756446548.7693954,1,follower,auto,0.30064907670021057,0.9644650220870972,-0.5074870586395264,0.0,1.0,-1.500000000000001,-0.30064907670021057,0.03553497791290283,-0.9925129413604747,-2.010421756645307,2.1125555742438777,3.4358740966183947,0,,,,,,,,True,1.9097457023689692,-2.3231752807206085,42.240247363522506,optimal,0,-30.0,-30.0,0.030353487292550163,-0.619551537088656
1756446548.903951,0,follower,auto,1.0573064088821411,0.9463382959365845,-1.2332196235656738,1.0,1.0,-1.500000000000001,-0.05730640888214111,0.05366170406341553,-0.2667803764343273,0,0,0,0,1.0,-0.11871412575894791,0.11507758172160742,-0.11086264524064604,1.0573064088821411,0.9463382959365845,-1.2332196235656738,False,,,,,,,,,
1756446549.004499,1,leader,auto,0.30064907670021057,0.9644650220870972,-0.5074870586395264,0.0,1.0,-1.500000000000001,-0.30064907670021057,0.03553497791290283,-0.9925129413604747,0,0,0,0,1.0,0.11454991940506282,0.07304369822860768,-0.06293424993649671,0.30064907670021057,0.9644650220870972,-0.5074870586395264,False,,,,,,,,,
1756446549.1497462,0,follower,auto,0.9798910617828369,0.04493948072195053,-1.4162237644195557,1.0,1.0,-1.500000000000001,0.020108938217163086,0.9550605192780495,-0.08377623558044545,0,0,0,0,0.7165313105737893,-0.1850530897809135,-0.791783553263568,-0.2643722271438351,0.9798910617828369,0.04493948072195053,-1.4162237644195557,False,,,,,,,,,
1756446549.2504098,1,leader,auto,0.6696013808250427,0.052982792258262634,-0.07261329144239426,0.0,1.0,-1.500000000000001,-0.6696013808250427,0.9470172077417374,-1.4273867085576069,0,0,0,0,0.7165313105737893,0.47598220809602404,-0.8373835242673578,0.37600022008708667,0.6696013808250427,0.052982792258262634,-0.07261329144239426,False,,,,,,,,,
1756446549.4046206,0,follower,auto,0.9802080392837524,0.044659800827503204,-1.416821837425232,1.0,1.0,-1.500000000000001,0.01979196071624756,0.9553401991724968,-0.08317816257476918,0,0,0,0,0.85,-0.10227142570124625,0.16384282509191392,-0.07238802719313564,0.9802080392837524,0.044659800827503204,-1.416821837425232,False,,,,,,,,,
1756446549.5049798,1,leader,auto,0.6696096658706665,0.05298421159386635,-0.07261088490486145,0.0,1.0,-1.500000000000001,-0.6696096658706665,0.9470157884061337,-1.4273891150951397,0,0,0,0,0.85,0.08059181210529809,0.1263535581097672,-0.08486702787435621,0.6696096658706665,0.05298421159386635,-0.07261088490486145,False,,,,,,,,,
1756446549.608932,0,follower,auto,0.9795708656311035,0.04527774080634117,-1.4156417846679688,1.0,1.0,-1.500000000000001,0.020429134368896484,0.9547222591936588,-0.08435821533203236,0,0,0,0,1.0,-0.10314313722014323,0.1619101052991655,-0.07255082132474433,0.9795708656311035,0.04527774080634117,-1.4156417846679688,False,,,,,,,,,
1756446549.709448,1,leader,auto,0.6696051955223083,0.05298132449388504,-0.07262024283409119,0.0,1.0,-1.500000000000001,-0.6696051955223083,0.947018675506115,-1.42737975716591,0,0,0,0,1.0,0.07785610355924222,0.12077845994424144,-0.08322264476527577,0.6696051955223083,0.05298132449388504,-0.07262024283409119,False,,,,,,,,,
1756446549.8134096,0,follower,auto,0.9797441959381104,0.04510952904820442,-1.4159629344940186,1.0,1.0,-1.500000000000001,0.02025580406188965,0.9548904709517956,-0.08403706550598256,0,0,0,0,1.0,-0.10219789093468634,0.158409577083722,-0.07598317615470895,0.9797441959381104,0.04510952904820442,-1.4159629344940186,False,,,,,,,,,
1756446549.9140112,1,leader,auto,0.669602632522583,0.052978333085775375,-0.07260862737894058,0.0,1.0,-1.500000000000001,-0.669602632522583,0.9470216669142246,-1.4273913726210605,0,0,0,0,1.0,0.07529920026856429,0.11554206979610389,-0.08164418679159728,0.669602632522583,0.052978333085775375,-0.07260862737894058,False,,,,,,,,,
1756446550.0183327,0,follower,auto,0.9800233840942383,0.04486769065260887,-1.41645085811615,1.0,1.0,-1.500000000000001,0.01997661590576172,0.9551323093473911,-0.08354914188385121,0,0,0,0,1.0,-0.10201400553689144,0.15583160566072102,-0.07787516090764424,0.9800233840942383,0.04486769065260887,-1.41645085811615,False,,,,,,,,,
1756446550.1191025,1,leader,auto,0.6696068048477173,0.05298347771167755,-0.07261330634355545,0.0,1.0,-1.500000000000001,-0.6696068048477173,0.9470165222883224,-1.4273866936564457,0,0,0,0,1.0,0.07290053915155392,0.11062810339899479,-0.08019770410048531,0.6696068048477173,0.05298347771167755,-0.07261330634355545,False,,,,,,,,,
1756446550.2303293,0,follower,auto,0.9796862602233887,0.04520784318447113,-1.4158296585083008,1.0,1.0,-1.500000000000001,0.020313739776611328,0.9547921568155289,-0.08417034149170033,0,0,0,0,1.0,-0.1025633231390628,0.1540639300880167,-0.0783777295493413,0.9796862602233887,0.04520784318447113,-1.4158296585083008,False,,,,,,,,,
1756446550.3308256,1,leader,auto,0.669602632522583,0.052996136248111725,-0.07259854674339294,0.0,1.0,-1.500000000000001,-0.669602632522583,0.9470038637518883,-1.4274014532566082,0,0,0,0,1.0,0.07063071772643603,0.10600835286223238,-0.0788022773862972,0.669602632522583,0.052996136248111725,-0.07259854674339294,False,,,,,,,,,
