timestamp,drone_id,role,mode,x,y,z,target_x,target_y,target_z,error_x,error_y,error_z,rc_lr,rc_fb,rc_ud,rc_yaw,trust,obs_error_x,obs_error_y,obs_error_z,obs_state_x,obs_state_y,obs_state_z,cbf_fire_flag,rc_safe_x,rc_safe_z,rc_diff_norm,qp_status,active_constraint_id,rc_nom_x,rc_nom_z,h_x,HOh_x,h2_value,h2_satisfied,h3_value,h3_satisfied,velocity_diff_x,velocity_diff_y
1764901274.1740317,0,leader,manual,0.8665056228637695,0.03406112268567085,0.8369118571281433,0.9,1,1,0.03349437713623049,0.9659388773143291,0.1630881428718567,0,0,0,0,1.0,0,0,0,0,0,0,False,,,,,,,,,,,,,,,
1764901274.1741881,1,follower,manual,0.03575972095131874,0.05911562964320183,0.8602247834205627,0.1,1,1,0.06424027904868126,0.9408843703567982,0.13977521657943726,0,0,0,0,1.0,0,0,0,0,0,0,False,,,,,,,,,,,,,,,
1764901274.3797112,0,leader,manual,0.8665060997009277,0.0340614877641201,0.8369074463844299,0.9,1,1,0.03349390029907229,0.9659385122358799,0.16309255361557007,0,0,0,0,1.0,0,0,0,0,0,0,False,,,,,,,,,,,,,,,
1764901274.3799522,1,follower,manual,0.03575560450553894,0.05911482870578766,0.8602299690246582,0.1,1,1,0.06424439549446107,0.9408851712942123,0.1397700309753418,0,0,0,0,1.0,0,0,0,0,0,0,False,,,,,,,,,,,,,,,
1764901274.5827954,0,leader,manual,0.8665139079093933,0.03406434878706932,0.8369011282920837,0.9,1,1,0.03348609209060671,0.9659356512129307,0.16309887170791626,0,0,0,0,1.0,0,0,0,0,0,0,False,,,,,,,,,,,,,,,
1764901274.5830622,1,follower,manual,0.03576080873608589,0.059122223407030106,0.8602301478385925,0.1,1,1,0.06423919126391411,0.9408777765929699,0.13976985216140747,0,0,0,0,1.0,0,0,0,0,0,0,False,,,,,,,,,,,,,,,
1764901274.788402,0,leader,manual,0.8665148615837097,0.03406180068850517,0.8369033932685852,0.9,1,1,0.033485138416290305,0.9659381993114948,0.1630966067314148,0,0,0,0,1.0,0,0,0,0,0,0,False,,,,,,,,,,,,,,,
1764901274.78876,1,follower,manual,0.035760872066020966,0.05911366268992424,0.8602294921875,0.1,1,1,0.06423912793397904,0.9408863373100758,0.1397705078125,0,0,0,0,1.0,0,0,0,0,0,0,False,,,,,,,,,,,,,,,
1764901274.9924686,0,leader,manual,0.8665109276771545,0.03405407443642616,0.8369081020355225,0.9,1,1,0.03348907232284548,0.9659459255635738,0.16309189796447754,0,0,0,0,1.0,0,0,0,0,0,0,False,,,,,,,,,,,,,,,
1764901274.9927886,1,follower,manual,0.035755012184381485,0.05911557003855705,0.8602268695831299,0.1,1,1,0.06424498781561852,0.940884429961443,0.13977313041687012,0,0,0,0,1.0,0,0,0,0,0,0,False,,,,,,,,,,,,,,,
1764901275.147463,0,leader,manual,0.8665034770965576,0.03406095877289772,0.8369122743606567,0.9,1,1,0.033496522903442405,0.9659390412271023,0.16308772563934326,0,0,0,0,1.0,0,0,0,0,0,0,False,,,,,,,,,,,,,,,
1764901275.1477635,1,follower,manual,0.03575848042964935,0.059119049459695816,0.8602298498153687,0.1,1,1,0.06424151957035065,0.9408809505403042,0.13977015018463135,0,0,0,0,1.0,0,0,0,0,0,0,False,,,,,,,,,,,,,,,
1764901275.3877482,0,leader,manual,0.866508424282074,0.034069232642650604,0.8369119167327881,0.9,1,1,0.03349157571792605,0.9659307673573494,0.16308808326721191,0,0,0,0,1.0,0,0,0,0,0,0,False,,,,,,,,,,,,,,,
1764901275.387869,1,follower,manual,0.03575797751545906,0.05912473425269127,0.860233724117279,0.1,1,1,0.06424202248454094,0.9408752657473087,0.13976627588272095,0,0,0,0,1.0,0,0,0,0,0,0,False,,,,,,,,,,,,,,,
1764901275.6566572,0,leader,manual,0.8664923906326294,0.03405525162816048,0.8369169235229492,0.9,1,1,0.03350760936737063,0.9659447483718395,0.16308307647705078,0,0,0,0,1.0,0,0,0,0,0,0,False,,,,,,,,,,,,,,,
1764901275.6567416,1,follower,manual,0.035741232335567474,0.05911055579781532,0.8602465391159058,0.1,1,1,0.06425876766443253,0.9408894442021847,0.13975346088409424,0,0,0,0,1.0,0,0,0,0,0,0,False,,,,,,,,,,,,,,,
1764901275.8469775,0,leader,manual,0.8665028214454651,0.034049611538648605,0.8369161486625671,0.9,1,1,0.033497178554534934,0.9659503884613514,0.16308385133743286,0,0,0,0,1.0,0,0,0,0,0,0,False,,,,,,,,,,,,,,,
1764901275.8472066,1,follower,manual,0.03574494644999504,0.05910395085811615,0.8602517247200012,0.1,1,1,0.06425505355000496,0.9408960491418839,0.13974827527999878,0,0,0,0,1.0,0,0,0,0,0,0,False,,,,,,,,,,,,,,,
1764901275.9758825,0,leader,manual,0.8664987087249756,0.03406578302383423,0.8369143009185791,0.9,1,1,0.033501291275024436,0.9659342169761658,0.1630856990814209,0,0,0,0,1.0,0,0,0,0,0,0,False,,,,,,,,,,,,,,,
1764901276.0763865,1,follower,manual,0.0357557088136673,0.05912051349878311,0.8602356314659119,0.1,1,1,0.06424429118633271,0.9408794865012169,0.13976436853408813,0,0,0,0,1.0,0,0,0,0,0,0,False,,,,,,,,,,,,,,,
1764901276.178663,0,leader,manual,0.8665038347244263,0.03406348079442978,0.8369190096855164,0.9,1,1,0.03349616527557375,0.9659365192055702,0.16308099031448364,0,0,0,0,1.0,0,0,0,0,0,0,False,,,,,,,,,,,,,,,
1764901276.2792602,1,follower,manual,0.03575483337044716,0.0591224804520607,0.8602468371391296,0.1,1,1,0.06424516662955285,0.9408775195479393,0.13975316286087036,0,0,0,0,1.0,0,0,0,0,0,0,False,,,,,,,,,,,,,,,
1764901276.4578831,0,leader,manual,0.8665037751197815,0.0340614877641201,0.8369184732437134,0.9,1,1,0.03349622488021853,0.9659385122358799,0.16308152675628662,0,0,0,0,1.0,0,0,0,0,0,0,False,,,,,,,,,,,,,,,
1764901284.871103,1,follower,manual,0.03575615957379341,0.059118203818798065,0.8602466583251953,0.1,1,1,0.0642438404262066,0.9408817961812019,0.1397533416748047,0,0,0,0,1.0,0,0,0,0,0,0,False,,,,,,,,,,,,,,,
1764901285.2726946,0,leader,manual,0.8665106892585754,0.03405443951487541,0.8369086384773254,0.9,1,1,0.03348931074142458,0.9659455604851246,0.16309136152267456,0,0,0,0,1.0,0,0,0,0,0,0,False,,,,,,,,,,,,,,,
1764901285.3730578,1,follower,manual,0.03575185686349869,0.059108614921569824,0.8602303266525269,0.1,1,1,0.06424814313650132,0.9408913850784302,0.13976967334747314,0,0,0,0,1.0,0,0,0,0,0,0,False,,,,,,,,,,,,,,,
1764901285.4854183,0,leader,manual,0.8665036559104919,0.03405391052365303,0.8369173407554626,0.9,1,1,0.03349634408950808,0.965946089476347,0.16308265924453735,0,0,0,0,1.0,0,0,0,0,0,0,False,,,,,,,,,,,,,,,
1764901285.585764,1,follower,manual,0.03575262427330017,0.05910886451601982,0.860239565372467,0.1,1,1,0.06424737572669983,0.9408911354839802,0.13976043462753296,0,0,0,0,1.0,0,0,0,0,0,0,False,,,,,,,,,,,,,,,
1764901294.0064702,0,leader,manual,0.8665066361427307,0.03405670449137688,0.8369109630584717,0.9,1,1,0.03349336385726931,0.9659432955086231,0.16308903694152832,0,0,0,0,1.0,0,0,0,0,0,0,False,,,,,,,,,,,,,,,
1764901294.1067863,1,follower,manual,0.03575843200087547,0.05911495164036751,0.8602355122566223,0.1,1,1,0.06424156799912453,0.9408850483596325,0.13976448774337769,0,0,0,0,1.0,0,0,0,0,0,0,False,,,,,,,,,,,,,,,
1764901294.2117803,0,leader,manual,0.8664965033531189,0.03406263142824173,0.8369115591049194,0.9,1,1,0.033503496646881126,0.9659373685717583,0.16308844089508057,0,0,0,0,1.0,0,0,0,0,0,0,False,,,,,,,,,,,,,,,
1764901294.3122027,1,follower,manual,0.03575339913368225,0.05911168083548546,0.8602290153503418,0.1,1,1,0.06424660086631775,0.9408883191645145,0.1397709846496582,0,0,0,0,1.0,0,0,0,0,0,0,False,,,,,,,,,,,,,,,
1764901294.4218624,0,leader,manual,0.8665306568145752,0.034012023359537125,0.836889386177063,0.9,1,1,0.03346934318542483,0.9659879766404629,0.163110613822937,0,0,0,0,1.0,0,0,0,0,0,0,False,,,,,,,,,,,,,,,
1764901294.522164,1,follower,manual,0.03575385361909866,0.059106774628162384,0.8602286577224731,0.1,1,1,0.06424614638090134,0.9408932253718376,0.13977134227752686,0,0,0,0,1.0,0,0,0,0,0,0,False,,,,,,,,,,,,,,,
1764901294.6259115,0,leader,manual,0.8665065169334412,0.03406652808189392,0.836906373500824,0.9,1,1,0.03349348306655886,0.9659334719181061,0.16309362649917603,0,0,0,0,1.0,0,0,0,0,0,0,False,,,,,,,,,,,,,,,
1764901294.7262685,1,follower,manual,0.03575227037072182,0.05911387875676155,0.8602301478385925,0.1,1,1,0.06424772962927819,0.9408861212432384,0.13976985216140747,0,0,0,0,1.0,0,0,0,0,0,0,False,,,,,,,,,,,,,,,
1764901294.8304517,0,leader,manual,0.8665062189102173,0.03406824916601181,0.8369088768959045,0.9,1,1,0.03349378108978274,0.9659317508339882,0.16309112310409546,0,0,0,0,1.0,0,0,0,0,0,0,False,,,,,,,,,,,,,,,
1764901294.9309757,1,follower,manual,0.03575354442000389,0.05911019444465637,0.8602313995361328,0.1,1,1,0.06424645557999611,0.9408898055553436,0.1397686004638672,0,0,0,0,1.0,0,0,0,0,0,0,False,,,,,,,,,,,,,,,
1764901295.0349324,0,leader,manual,0.8665034174919128,0.03406243398785591,0.8369094133377075,0.9,1,1,0.03349658250808718,0.9659375660121441,0.16309058666229248,0,0,0,0,1.0,0,0,0,0,0,0,False,,,,,,,,,,,,,,,
1764901295.1355054,1,follower,manual,0.03575209528207779,0.05911871790885925,0.8602286577224731,0.1,1,1,0.06424790471792222,0.9408812820911407,0.13977134227752686,0,0,0,0,1.0,0,0,0,0,0,0,False,,,,,,,,,,,,,,,
1764901295.2377808,0,leader,manual,0.8665040731430054,0.03405683860182762,0.8369128108024597,0.9,1,1,0.03349592685699465,0.9659431613981724,0.16308718919754028,0,0,0,0,1.0,0,0,0,0,0,0,False,,,,,,,,,,,,,,,
1764901295.3380659,1,follower,manual,0.035752154886722565,0.05910605937242508,0.8602293133735657,0.1,1,1,0.06424784511327744,0.9408939406275749,0.13977068662643433,0,0,0,0,1.0,0,0,0,0,0,0,False,,,,,,,,,,,,,,,
1764901295.4429216,0,leader,manual,0.8665026426315308,0.03405360132455826,0.8369094729423523,0.9,1,1,0.03349735736846926,0.9659463986754417,0.1630905270576477,0,0,0,0,1.0,0,0,0,0,0,0,False,,,,,,,,,,,,,,,
1764901295.5433574,1,follower,manual,0.03575144708156586,0.059104207903146744,0.8602271676063538,0.1,1,1,0.06424855291843415,0.9408957920968533,0.13977283239364624,0,0,0,0,1.0,0,0,0,0,0,0,False,,,,,,,,,,,,,,,
1764901295.6468103,0,leader,manual,0.8665003776550293,0.03405333310365677,0.8369120359420776,0.9,1,1,0.033499622344970725,0.9659466668963432,0.16308796405792236,0,0,0,0,1.0,0,0,0,0,0,0,False,,,,,,,,,,,,,,,
1764901295.747158,1,follower,manual,0.035739634186029434,0.059092551469802856,0.8602440357208252,0.1,1,1,0.06426036581397057,0.9409074485301971,0.1397559642791748,0,0,0,0,1.0,0,0,0,0,0,0,False,,,,,,,,,,,,,,,
1764901295.8529453,0,leader,manual,0.8664962649345398,0.034057389944791794,0.8369114995002747,0.9,1,1,0.03350373506546023,0.9659426100552082,0.16308850049972534,0,0,0,0,1.0,0,0,0,0,0,0,False,,,,,,,,,,,,,,,
1764901295.9534082,1,follower,manual,0.03574748709797859,0.05910181254148483,0.8602319359779358,0.1,1,1,0.06425251290202141,0.9408981874585152,0.1397680640220642,0,0,0,0,1.0,0,0,0,0,0,0,False,,,,,,,,,,,,,,,
1764901296.062,0,leader,manual,0.8664970993995667,0.034056078642606735,0.8369119167327881,0.9,1,1,0.03350290060043337,0.9659439213573933,0.16308808326721191,0,0,0,0,1.0,0,0,0,0,0,0,False,,,,,,,,,,,,,,,
1764901296.1624315,1,follower,manual,0.03575225546956062,0.05910292640328407,0.8602238893508911,0.1,1,1,0.06424774453043938,0.9408970735967159,0.1397761106491089,0,0,0,0,1.0,0,0,0,0,0,0,False,,,,,,,,,,,,,,,
1764901296.262257,0,leader,manual,0.8665197491645813,0.034019436687231064,0.8368882536888123,0.9,1,1,0.03348025083541872,0.9659805633127689,0.16311174631118774,0,0,0,0,1.0,0,0,0,0,0,0,False,,,,,,,,,,,,,,,
1764901296.3626492,1,follower,manual,0.03574937582015991,0.059105284512043,0.8602313995361328,0.1,1,1,0.0642506241798401,0.940894715487957,0.1397686004638672,0,0,0,0,1.0,0,0,0,0,0,0,False,,,,,,,,,,,,,,,
1764901296.4512346,0,leader,manual,0.8665323853492737,0.03401316702365875,0.8368907570838928,0.9,1,1,0.03346761465072634,0.9659868329763412,0.16310924291610718,0,0,0,0,1.0,0,0,0,0,0,0,False,,,,,,,,,,,,,,,
1764901296.4515104,1,follower,manual,0.03575020283460617,0.059110138565301895,0.8602288365364075,0.1,1,1,0.06424979716539383,0.9408898614346981,0.13977116346359253,0,0,0,0,1.0,0,0,0,0,0,0,False,,,,,,,,,,,,,,,
1764901296.5538447,0,leader,manual,0.8665045499801636,0.034049879759550095,0.8369136452674866,0.9,1,1,0.03349545001983645,0.9659501202404499,0.16308635473251343,0,0,0,0,1.0,0,0,0,0,0,0,False,,,,,,,,,,,,,,,
1764901296.5541196,1,follower,manual,0.0357503816485405,0.05909695848822594,0.8602361083030701,0.1,1,1,0.06424961835145951,0.9409030415117741,0.13976389169692993,0,0,0,0,1.0,0,0,0,0,0,0,False,,,,,,,,,,,,,,,
1764901296.6555333,0,leader,manual,0.8665041327476501,0.034063685685396194,0.8369113802909851,0.9,1,1,0.033495867252349876,0.9659363143146038,0.1630886197090149,0,0,0,0,1.0,0,0,0,0,0,0,False,,,,,,,,,,,,,,,
1764901296.755987,1,follower,manual,0.03575033321976662,0.059115368872880936,0.8602313995361328,0.1,1,1,0.06424966678023339,0.9408846311271191,0.1397686004638672,0,0,0,0,1.0,0,0,0,0,0,0,False,,,,,,,,,,,,,,,
1764901296.8264735,0,leader,manual,0.8665066361427307,0.034061819314956665,0.8369107246398926,0.9,1,1,0.03349336385726931,0.9659381806850433,0.16308927536010742,0,0,0,0,1.0,0,0,0,0,0,0,False,,,,,,,,,,,,,,,
1764901296.926968,1,follower,manual,0.03575538471341133,0.05910646170377731,0.8602274656295776,0.1,1,1,0.06424461528658867,0.9408935382962227,0.13977253437042236,0,0,0,0,1.0,0,0,0,0,0,0,False,,,,,,,,,,,,,,,
1764901297.0307941,0,leader,manual,0.8665007948875427,0.034056585282087326,0.8369065523147583,0.9,1,1,0.0334992051124573,0.9659434147179127,0.1630934476852417,0,0,0,0,1.0,0,0,0,0,0,0,False,,,,,,,,,,,,,,,
1764901297.13115,1,follower,manual,0.0357511080801487,0.05910739302635193,0.8602249622344971,0.1,1,1,0.06424889191985131,0.9408926069736481,0.13977503776550293,0,0,0,0,1.0,0,0,0,0,0,0,False,,,,,,,,,,,,,,,
1764901297.2344465,0,leader,manual,0.866500973701477,0.03405994549393654,0.836908757686615,0.9,1,1,0.03349902629852297,0.9659400545060635,0.163091242313385,0,0,0,0,1.0,0,0,0,0,0,0,False,,,,,,,,,,,,,,,
1764901297.335019,1,follower,manual,0.035752639174461365,0.059103406965732574,0.8602316975593567,0.1,1,1,0.06424736082553864,0.9408965930342674,0.1397683024406433,0,0,0,0,1.0,0,0,0,0,0,0,False,,,,,,,,,,,,,,,
1764901298.2397041,0,leader,manual,0.866502046585083,0.034066252410411835,0.8369076251983643,0.9,1,1,0.033497953414917014,0.9659337475895882,0.16309237480163574,0,0,0,0,1.0,0,0,0,0,0,0,False,,,,,,,,,,,,,,,
1764901298.3402288,1,follower,manual,0.03574756160378456,0.0591149665415287,0.8602316379547119,0.1,1,1,0.06425243839621544,0.9408850334584713,0.13976836204528809,0,0,0,0,1.0,0,0,0,0,0,0,False,,,,,,,,,,,,,,,
1764901298.458768,0,leader,manual,0.8665004372596741,0.034063927829265594,0.8369109034538269,0.9,1,1,0.03349956274032595,0.9659360721707344,0.1630890965461731,0,0,0,0,1.0,0,0,0,0,0,0,False,,,,,,,,,,,,,,,
1764901298.5591812,1,follower,manual,0.035748012363910675,0.059107739478349686,0.8602322936058044,0.1,1,1,0.06425198763608933,0.9408922605216503,0.13976770639419556,0,0,0,0,1.0,0,0,0,0,0,0,False,,,,,,,,,,,,,,,
1764901298.9644897,0,leader,manual,0.8665038347244263,0.0340571254491806,0.8369114995002747,0.9,1,1,0.03349616527557375,0.9659428745508194,0.16308850049972534,0,0,0,0,1.0,0,0,0,0,0,0,False,,,,,,,,,,,,,,,
1764901299.065141,1,follower,manual,0.03575176000595093,0.05910756438970566,0.8602296113967896,0.1,1,1,0.06424823999404908,0.9408924356102943,0.13977038860321045,0,0,0,0,1.0,0,0,0,0,0,0,False,,,,,,,,,,,,,,,
1764901299.3698325,0,leader,manual,0.8665220737457275,0.034017134457826614,0.8368902802467346,0.9,1,1,0.03347792625427248,0.9659828655421734,0.16310971975326538,0,0,0,0,1.0,0,0,0,0,0,0,False,,,,,,,,,,,,,,,
1764901299.4702337,1,follower,manual,0.03575665131211281,0.059103261679410934,0.8602334856987,0.1,1,1,0.0642433486878872,0.9408967383205891,0.13976651430130005,0,0,0,0,1.0,0,0,0,0,0,0,False,,,,,,,,,,,,,,,
1764901299.7301073,0,leader,manual,0.8664923310279846,0.03427881747484207,0.8366154432296753,0.9,1,1,0.0335076689720154,0.9657211825251579,0.1633845567703247,0,0,0,0,1.0,0,0,0,0,0,0,False,,,,,,,,,,,,,,,
1764901299.830513,1,follower,manual,0.03575003892183304,0.05910437926650047,0.860232949256897,0.1,1,1,0.06424996107816697,0.9408956207334995,0.13976705074310303,0,0,0,0,1.0,0,0,0,0,0,0,False,,,,,,,,,,,,,,,
1764901299.936314,0,leader,manual,0.8619506359100342,0.0399489589035511,0.8374522924423218,0.9,1,1,0.03804936408996584,0.9600510410964489,0.16254770755767822,0,0,0,0,1.0,0,0,0,0,0,0,False,,,,,,,,,,,,,,,
1764901300.036867,1,follower,manual,0.03443078324198723,0.060498181730508804,0.8601288795471191,0.1,1,1,0.06556921675801278,0.9395018182694912,0.13987112045288086,0,0,0,0,1.0,0,0,0,0,0,0,False,,,,,,,,,,,,,,,
1764901300.1410487,0,leader,manual,0.8494924306869507,0.10168758779764175,0.8415324091911316,0.9,1,1,0.05050756931304934,0.8983124122023582,0.1584675908088684,0,0,0,0,1.0,0,0,0,0,0,0,False,,,,,,,,,,,,,,,
1764901300.2416494,1,follower,manual,0.03237133473157883,0.09464553743600845,0.8658623099327087,0.1,1,1,0.06762866526842118,0.9053544625639915,0.13413769006729126,0,0,0,0,1.0,0,0,0,0,0,0,False,,,,,,,,,,,,,,,
1764901303.0489736,0,leader,manual,0.8370934128761292,0.22541585564613342,0.8442949652671814,0.9,1,1,0.06290658712387087,0.7745841443538666,0.1557050347328186,0,0,0,0,1.0,0,0,0,0,0,0,False,,,,,,,,,,,,,,,
1764901303.1493914,1,follower,manual,0.031539689749479294,0.20049135386943817,0.877825140953064,0.1,1,1,0.06846031025052071,0.7995086461305618,0.12217485904693604,0,0,0,0,1.0,0,0,0,0,0,0,False,,,,,,,,,,,,,,,
1764901303.1503124,0,follower,manual,0.776516318321228,0.8748958706855774,0.7852182388305664,0.9,1,1,0.123483681678772,0.1251041293144226,0.2147817611694336,0,0,0,0,,,,,,,,False,,,,,,,,,,,,,,,
1764901303.250723,1,follower,manual,-0.010482260957360268,0.8243735432624817,0.8415181636810303,0.1,1,1,0.11048226095736027,0.1756264567375183,0.15848183631896973,0,0,0,0,,,,,,,,False,,,,,,,,,,,,,,,
1764901303.560146,0,leader,manual,0.776516318321228,0.8748958706855774,0.7852182388305664,0.9,1,1,0.123483681678772,0.1251041293144226,0.2147817611694336,0,0,0,0,1.0,0,0,0,0,0,0,False,,,,,,,,,,,,,,,
1764901303.6610138,1,follower,manual,-0.010482260957360268,0.8243735432624817,0.8415181636810303,0.1,1,1,0.11048226095736027,0.1756264567375183,0.15848183631896973,0,0,0,0,1.0,0,0,0,0,0,0,False,,,,,,,,,,,,,,,
1764901303.6618264,0,follower,manual,0.7841811180114746,0.7923537492752075,0.8012131452560425,0.9,1,1,0.11581888198852541,0.20764625072479248,0.19878685474395752,0,0,0,0,,,,,,,,False,,,,,,,,,,,,,,,
1764901303.7623017,1,follower,manual,-0.019936857745051384,0.7913559675216675,0.8365814685821533,0.1,1,1,0.11993685774505139,0.20864403247833252,0.16341853141784668,0,0,0,0,,,,,,,,False,,,,,,,,,,,,,,,
1764901303.8647647,0,leader,manual,0.7841811180114746,0.7923537492752075,0.8012131452560425,0.9,1,1,0.11581888198852541,0.20764625072479248,0.19878685474395752,0,0,0,0,1.0,0,0,0,0,0,0,False,,,,,,,,,,,,,,,
1764901303.9651964,1,follower,manual,-0.019936857745051384,0.7913559675216675,0.8365814685821533,0.1,1,1,0.11993685774505139,0.20864403247833252,0.16341853141784668,0,0,0,0,1.0,0,0,0,0,0,0,False,,,,,,,,,,,,,,,
1764901303.9660382,0,follower,manual,0.78512042760849,0.7589635252952576,0.8086839914321899,0.9,1,1,0.11487957239151003,0.24103647470474243,0.19131600856781006,0,0,0,0,,,,,,,,False,,,,,,,,,,,,,,,
1764901304.1678948,1,follower,manual,-0.02327466383576393,0.7751808166503906,0.8309577703475952,0.1,1,1,0.12327466383576394,0.22481918334960938,0.16904222965240479,0,0,0,0,,,,,,,,False,,,,,,,,,,,,,,,
1764901304.7732546,0,leader,manual,0.78512042760849,0.7589635252952576,0.8086839914321899,0.9,1,1,0.11487957239151003,0.24103647470474243,0.19131600856781006,0,0,0,0,1.0,0,0,0,0,0,0,False,,,,,,,,,,,,,,,
1764901304.8736906,1,follower,manual,-0.02327466383576393,0.7751808166503906,0.8309577703475952,0.1,1,1,0.12327466383576394,0.22481918334960938,0.16904222965240479,0,0,0,0,1.0,0,0,0,0,0,0,False,,,,,,,,,,,,,,,
1764901304.8755674,0,follower,manual,0.7968494892120361,0.7166234850883484,0.8253819942474365,0.9,1,1,0.10315051078796389,0.2833765149116516,0.17461800575256348,0,0,0,0,,,,,,,,False,,,,,,,,,,,,,,,
1764901304.9760385,1,follower,manual,-0.03006546013057232,0.7568381428718567,0.8193503618240356,0.1,1,1,0.13006546013057232,0.2431618571281433,0.18064963817596436,0,0,0,0,,,,,,,,False,,,,,,,,,,,,,,,
1764901305.088379,0,leader,manual,0.7968494892120361,0.7166234850883484,0.8253819942474365,0.9,1,1,0.10315051078796389,0.2833765149116516,0.17461800575256348,0,0,0,0,1.0,0,0,0,0,0,0,False,,,,,,,,,,,,,,,
1764901305.1886337,1,follower,manual,-0.03006546013057232,0.7568381428718567,0.8193503618240356,0.1,1,1,0.13006546013057232,0.2431618571281433,0.18064963817596436,0,0,0,0,1.0,0,0,0,0,0,0,False,,,,,,,,,,,,,,,
1764901305.1890917,0,follower,manual,0.8025146722793579,0.7182596325874329,0.8288867473602295,0.9,1,1,0.09748532772064211,0.28174036741256714,0.1711132526397705,0,0,0,0,,,,,,,,False,,,,,,,,,,,,,,,
1764901305.2893975,1,follower,manual,-0.03575926274061203,0.7470439076423645,0.8172651529312134,0.1,1,1,0.13575926274061204,0.2529560923576355,0.18273484706878662,0,0,0,0,,,,,,,,False,,,,,,,,,,,,,,,
1764901305.3956876,0,leader,manual,0.8025146722793579,0.7182596325874329,0.8288867473602295,0.9,1,1,0.09748532772064211,0.28174036741256714,0.1711132526397705,0,0,0,0,1.0,0,0,0,0,0,0,False,,,,,,,,,,,,,,,
1764901305.4960518,1,follower,manual,-0.03575926274061203,0.7470439076423645,0.8172651529312134,0.1,1,1,0.13575926274061204,0.2529560923576355,0.18273484706878662,0,0,0,0,1.0,0,0,0,0,0,0,False,,,,,,,,,,,,,,,
1764901305.4978502,0,follower,auto,0.8079429864883423,0.7239089608192444,0.8341551423072815,0.9,1,1,0.09205701351165774,0.2760910391807556,0.1658448576927185,16.009381798505782,8.640393577069045,20,0,,,,,,,,True,9.0,16.0,0.0,optimal,0,9.0,16.0,2.305919007756001,2.812339720918423,0.0,True,0.0,True,0.0,0.0
1764901305.5989194,1,follower,auto,-0.04826278239488602,0.7462465763092041,0.8124026656150818,0.09999999999999998,1.0,1.0,0.148262782394886,0.2537534236907959,0.1875973343849182,17.990618201494218,14.023606422930955,20,0,,,,,,,,True,14.0,18.0,0.0,optimal,0,14.0,18.0,1.2554249399201138,1.6353132701591717,0.0,True,0.0,True,0.0,0.0
1764901305.8005862,0,leader,auto,0.8079429864883423,0.7239089608192444,0.8341551423072815,0.9,1,1,0.09205701351165774,0.2760910391807556,0.1658448576927185,0,0,0,0,1.0,0,0,0,0,0,0,False,,,,,,,,,,,,,,,
1764901305.9009984,1,follower,auto,-0.04826278239488602,0.7462465763092041,0.8124026656150818,0.09999999999999998,1.0,1.0,0.148262782394886,0.2537534236907959,0.1875973343849182,0,0,0,0,1.0,0,0,0,0,0,0,False,,,,,,,,,,,,,,,
1764901305.904265,0,follower,auto,0.818985104560852,0.7387756109237671,0.8478283882141113,0.9,1,1,0.08101489543914797,0.2612243890762329,0.15217161178588867,14.9887611079216,7.614206759631633,20,0,,,,,,,,True,8.0,15.0,0.0,optimal,0,8.0,15.0,2.36497200739274,3.13004218090255,0.0,True,0.0,True,0.0,0.0
1764901306.0052936,1,follower,auto,-0.06644387543201447,0.7566162943840027,0.8111059665679932,0.09999999999999998,1.0,1.0,0.16644387543201444,0.24338370561599731,0.18889403343200684,17.979441068172456,16.058788348823786,20,0,,,,,,,,True,16.0,18.0,0.0,optimal,0,16.0,18.0,1.2468360939798109,1.631096549189072,0.0,True,0.0,True,0.0,0.0
1764901306.20885,0,leader,auto,0.818985104560852,0.7387756109237671,0.8478283882141113,0.9,1,1,0.08101489543914797,0.2612243890762329,0.15217161178588867,0,0,0,0,1.0,0,0,0,0,0,0,False,,,,,,,,,,,,,,,
1764901306.309246,1,follower,auto,-0.06644387543201447,0.7566162943840027,0.8111059665679932,0.09999999999999998,1.0,1.0,0.16644387543201444,0.24338370561599731,0.18889403343200684,0,0,0,0,1.0,0,0,0,0,0,0,False,,,,,,,,,,,,,,,
1764901306.3117888,0,follower,auto,0.8356024622917175,0.7691231369972229,0.8836230635643005,0.9,1,1,0.06439753770828249,0.2308768630027771,0.11637693643569946,10.962124861598015,5.598406738981605,20,0,,,,,,,,True,6.0,11.0,0.0,optimal,0,6.0,11.0,2.496885241931729,3.525891076691638,0.0,True,0.0,True,0.0,0.0
1764901306.512933,1,follower,auto,-0.06078198924660683,0.7833667993545532,0.8263354897499084,0.09999999999999998,1.0,1.0,0.1607819892466068,0.21663320064544678,0.17366451025009155,16.956392272114755,16.040219946220517,20,0,,,,,,,,True,16.0,17.0,0.0,optimal,0,16.0,17.0,1.2885474858882615,1.9223310363038226,0.0,True,0.0,True,0.0,0.0
1764901306.9700341,0,leader,auto,0.8356024622917175,0.7691231369972229,0.8836230635643005,0.9,1,1,0.06439753770828249,0.2308768630027771,0.11637693643569946,0,0,0,0,1.0,0,0,0,0,0,0,False,,,,,,,,,,,,,,,
1764901307.0704381,1,follower,auto,-0.06078198924660683,0.7833667993545532,0.8263354897499084,0.09999999999999998,1.0,1.0,0.1607819892466068,0.21663320064544678,0.17366451025009155,0,0,0,0,1.0,0,0,0,0,0,0,False,,,,,,,,,,,,,,,
1764901307.0716825,0,follower,auto,0.8516598343849182,0.8388348817825317,0.986167311668396,0.9,1,1,0.04834016561508181,0.16116511821746826,0.013832688331604004,0.8898413296103478,3.617612140288949,15.805233003103734,0,,,,,,,,True,4.0,1.0,0.0,optimal,0,4.0,1.0,2.824681685530181,3.878461223413893,0.0,True,0.0,True,0.0,0.0
1764901307.1723561,1,follower,auto,0.007321659475564957,0.8170143365859985,0.865976095199585,0.09999999999999998,1.0,1.0,0.09267834052443502,0.18298566341400146,0.13402390480041504,12.955481115162373,8.932732979044319,17.994923433959485,0,,,,,,,,True,9.0,13.0,0.0,optimal,0,9.0,13.0,1.4188729631444077,2.0696046336951115,0.0,True,0.0,True,0.0,0.0
1764901308.1942067,0,leader,auto,0.8516598343849182,0.8388348817825317,0.986167311668396,0.9,1,1,0.04834016561508181,0.16116511821746826,0.013832688331604004,0,0,0,0,1.0,0,0,0,0,0,0,False,,,,,,,,,,,,,,,
1764901308.2946315,1,follower,auto,0.007321659475564957,0.8170143365859985,0.865976095199585,0.09999999999999998,1.0,1.0,0.09267834052443502,0.18298566341400146,0.13402390480041504,0,0,0,0,1.0,0,0,0,0,0,0,False,,,,,,,,,,,,,,,
1764901308.2959404,0,follower,auto,0.8711317777633667,0.9139071702957153,1.0886763334274292,0.9,1,1,0.028868222236633323,0.08609282970428467,-0.0886763334274292,-8.126107598198653,1.6520656429636478,7.785426020087003,0,,,,,,,,True,2.0,-8.0,0.0,optimal,0,2.0,-8.0,3.1812157777269308,3.6989196488059792,0.0,True,0.0,True,0.0,0.0
1764901308.5974863,1,follower,auto,0.12096520513296127,0.9110064506530762,0.9883748888969421,0.09999999999999998,1.0,1.0,-0.020965205132961295,0.08899354934692383,0.011625111103057861,0.8666831843793392,-2.1898876233488322,7.87123706355691,0,,,,,,,,True,-2.0,1.0,0.0,optimal,0,-2.0,1.0,1.8282784728050288,2.531998263608596,0.0,True,0.0,True,0.0,0.0
1764901308.803194,0,leader,auto,0.8711317777633667,0.9139071702957153,1.0886763334274292,0.9,1,1,0.028868222236633323,0.08609282970428467,-0.0886763334274292,0,0,0,0,1.0,0,0,0,0,0,0,False,,,,,,,,,,,,,,,
1764901308.9035482,1,follower,auto,0.12096520513296127,0.9110064506530762,0.9883748888969421,0.09999999999999998,1.0,1.0,-0.020965205132961295,0.08899354934692383,0.011625111103057861,0,0,0,0,1.0,0,0,0,0,0,0,False,,,,,,,,,,,,,,,
1764901308.9046314,0,follower,auto,0.8768357634544373,0.9247769117355347,1.086368203163147,0.9,1,1,0.023164236545562766,0.07522308826446533,-0.08636820316314697,-8.04030083228743,1.6670963338735103,6.931437615830064,0,,,,,,,,True,2.0,-8.0,0.0,optimal,0,2.0,-8.0,3.1861393374615727,3.104688417792414,0.0,True,0.0,True,0.0,0.0
1764901309.1053443,1,follower,auto,0.12479451298713684,0.9506384134292603,1.0393767356872559,0.09999999999999998,1.0,1.0,-0.024794512987136863,0.049361586570739746,-0.03937673568725586,-3.1011586391705275,-2.075654877856076,3.9042072264403105,0,,,,,,,,True,-2.0,-3.0,0.0,optimal,0,-2.0,-3.0,1.9851722100417029,2.4506310412170524,0.0,True,0.0,True,0.0,0.0
1764901309.2235312,0,leader,auto,0.8768357634544373,0.9247769117355347,1.086368203163147,0.9,1,1,0.023164236545562766,0.07522308826446533,-0.08636820316314697,0,0,0,0,1.0,0,0,0,0,0,0,False,,,,,,,,,,,,,,,
1764901309.3240345,1,follower,auto,0.12479451298713684,0.9506384134292603,1.0393767356872559,0.09999999999999998,1.0,1.0,-0.024794512987136863,0.049361586570739746,-0.03937673568725586,0,0,0,0,1.0,0,0,0,0,0,0,False,,,,,,,,,,,,,,,
1764901309.3256116,0,follower,auto,0.885523796081543,0.9265607595443726,1.0773663520812988,0.9,1,1,0.014476203918457053,0.07343924045562744,-0.07736635208129883,-7.0047563835668445,0.6622346903002978,6.985834663950908,0,,,,,,,,True,1.0,-7.0,0.0,optimal,0,1.0,-7.0,3.176446520537547,3.0245068149493,0.0,True,0.0,True,0.0,0.0
1764901309.4268074,1,follower,auto,0.11956073343753815,0.9571323394775391,1.0515094995498657,0.09999999999999998,1.0,1.0,-0.01956073343753817,0.04286766052246094,-0.05150949954986572,-5.0481114529305104,-1.0243546123727263,3.9609138386264444,0,,,,,,,,True,-1.0,-5.0,0.0,optimal,0,-1.0,-5.0,2.019300789548612,2.1274322141770114,0.0,True,0.0,True,0.0,0.0
1764901309.6306267,0,leader,auto,0.885523796081543,0.9265607595443726,1.0773663520812988,0.9,1,1,0.014476203918457053,0.07343924045562744,-0.07736635208129883,0,0,0,0,1.0,0,0,0,0,0,0,False,,,,,,,,,,,,,,,
1764901309.731057,1,follower,auto,0.11956073343753815,0.9571323394775391,1.0515094995498657,0.09999999999999998,1.0,1.0,-0.01956073343753817,0.04286766052246094,-0.05150949954986572,0,0,0,0,1.0,0,0,0,0,0,0,False,,,,,,,,,,,,,,,
1764901309.7325988,0,follower,auto,0.9000673294067383,0.9348786473274231,1.0667610168457031,0.9,1,1,-6.732940673825905e-05,0.0651213526725769,-0.06676101684570312,-6.00686418404245,-0.3583799283767724,6.001229274583908,0,,,,,,,,True,0.0,-6.0,0.0,optimal,0,0.0,-6.0,3.1748882131354548,3.0539272242787203,0.0,True,0.0,True,0.0,0.0
1764901309.8336227,1,follower,auto,0.1018844023346901,0.9560579061508179,1.0402328968048096,0.09999999999999998,1.0,1.0,-0.0018844023346901162,0.04394209384918213,-0.04023289680480957,-4.018122919521731,0.018491276954886334,4.010366518044918,0,,,,,,,,True,0.0,-4.0,0.0,optimal,0,0.0,-4.0,1.973451568772708,1.7338616299917622,0.0,True,0.0,True,0.0,0.0
1764901310.0872629,0,leader,auto,0.9000673294067383,0.9348786473274231,1.0667610168457031,0.9,1,1,-6.732940673825905e-05,0.0651213526725769,-0.06676101684570312,0,0,0,0,1.0,0,0,0,0,0,0,False,,,,,,,,,,,,,,,
1764901310.1876168,1,follower,auto,0.1018844023346901,0.9560579061508179,1.0402328968048096,0.09999999999999998,1.0,1.0,-0.0018844023346901162,0.04394209384918213,-0.04023289680480957,0,0,0,0,1.0,0,0,0,0,0,0,False,,,,,,,,,,,,,,,
1764901310.188677,0,follower,auto,0.9152352213859558,0.9388711452484131,1.0579148530960083,0.9,1,1,-0.015235221385955788,0.061128854751586914,-0.0579148530960083,-5.007998827904652,-1.3776189119388158,5.998076533649281,0,,,,,,,,True,-1.0,-5.0,0.0,optimal,0,-1.0,-5.0,3.180848288516939,3.0828702176053917,0.0,True,0.0,True,0.0,0.0
1764901311.1907017,1,follower,auto,0.07817703485488892,0.943060576915741,1.0179601907730103,0.09999999999999998,1.0,1.0,0.021822965145111062,0.05693942308425903,-0.017960190773010254,-0.9881512157088524,2.0512120556429854,5.044611980064049,0,,,,,,,,True,2.0,-1.0,0.0,optimal,0,2.0,-1.0,1.891585603492292,1.5968452929112542,0.0,True,0.0,True,0.0,0.0
1764901311.7954688,0,leader,auto,0.9152352213859558,0.9388711452484131,1.0579148530960083,0.9,1,1,-0.015235221385955788,0.061128854751586914,-0.0579148530960083,0,0,0,0,1.0,0,0,0,0,0,0,False,,,,,,,,,,,,,,,
1764901311.895793,1,follower,auto,0.07817703485488892,0.943060576915741,1.0179601907730103,0.09999999999999998,1.0,1.0,0.021822965145111062,0.05693942308425903,-0.017960190773010254,0,0,0,0,1.0,0,0,0,0,0,0,False,,,,,,,,,,,,,,,
1764901311.897506,0,follower,auto,0.9856709241867065,0.945532500743866,1.065004587173462,0.9,1,1,-0.08567092418670652,0.05446749925613403,-0.06500458717346191,-6.014039161267934,-8.505112971813068,4.924726592592572,0,,,,,,,,True,-8.0,-6.0,0.0,optimal,0,-8.0,-6.0,3.3650548983357367,3.2365673738993963,0.0,True,0.0,True,0.0,0.0
1764901311.9987404,1,follower,auto,0.012938437983393669,0.9390602707862854,0.8964388966560364,0.09999999999999998,1.0,1.0,0.08706156201660631,0.0609397292137146,0.10356110334396362,10.011841225982726,8.165442561453457,6.2322637271712225,0,,,,,,,,True,8.0,10.0,0.0,optimal,0,8.0,10.0,1.5053843704647358,1.3281666334463824,0.0,True,0.0,True,0.0,0.0
1764901312.0305965,0,leader,auto,0.9856709241867065,0.945532500743866,1.065004587173462,0.9,1,1,-0.08567092418670652,0.05446749925613403,-0.06500458717346191,0,0,0,0,1.0,0,0,0,0,0,0,False,,,,,,,,,,,,,,,
1764901312.1309056,1,follower,auto,0.012938437983393669,0.9390602707862854,0.8964388966560364,0.09999999999999998,1.0,1.0,0.08706156201660631,0.0609397292137146,0.10356110334396362,0,0,0,0,1.0,0,0,0,0,0,0,False,,,,,,,,,,,,,,,
1764901312.1322932,0,follower,auto,0.9970495700836182,0.9458813667297363,1.0671149492263794,0.9,1,1,-0.09704957008361814,0.05411863327026367,-0.0671149492263794,-6.008688249368387,-9.458382266778672,4.919342513886742,0,,,,,,,,True,-9.0,-6.0,0.0,optimal,0,-9.0,-6.0,3.398776937326173,3.3088290578660815,0.0,True,0.0,True,0.0,0.0
1764901312.233314,1,follower,auto,0.008774392306804657,0.9343279600143433,0.8846014142036438,0.09999999999999998,1.0,1.0,0.09122560769319532,0.06567203998565674,0.1153985857963562,11.013552009213274,9.112190747393184,6.1400107537457345,0,,,,,,,,True,9.0,11.0,0.0,optimal,0,9.0,11.0,1.470707823097806,1.4478956355810997,0.0,True,0.0,True,0.0,0.0
1764901312.3373857,0,leader,auto,0.9970495700836182,0.9458813667297363,1.0671149492263794,0.9,1,1,-0.09704957008361814,0.05411863327026367,-0.0671149492263794,0,0,0,0,1.0,0,0,0,0,0,0,False,,,,,,,,,,,,,,,
1764901312.437794,1,follower,auto,0.008774392306804657,0.9343279600143433,0.8846014142036438,0.09999999999999998,1.0,1.0,0.09122560769319532,0.06567203998565674,0.1153985857963562,0,0,0,0,1.0,0,0,0,0,0,0,False,,,,,,,,,,,,,,,
1764901312.4386654,0,follower,auto,1.0114850997924805,0.946714460849762,1.0693626403808594,0.9,1,1,-0.11148509979248045,0.05328553915023804,-0.06936264038085938,-6.007349552327072,-11.455843354882958,4.9151555475019375,0,,,,,,,,True,-11.0,-6.0,0.0,optimal,0,-11.0,-6.0,3.440595244042379,3.27772646855009,0.0,True,0.0,True,0.0,0.0
1764901312.6394491,1,follower,auto,0.0003837192780338228,0.9344546794891357,0.8769535422325134,0.09999999999999998,1.0,1.0,0.09961628072196616,0.06554532051086426,0.12304645776748657,12.007599315151067,9.109169379650396,6.109454660616786,0,,,,,,,,True,9.0,12.0,0.0,optimal,0,9.0,12.0,1.446154692418364,1.555704758631072,0.0,True,0.0,True,0.0,0.0
1764901312.948517,0,leader,auto,1.0114850997924805,0.946714460849762,1.0693626403808594,0.9,1,1,-0.11148509979248045,0.05328553915023804,-0.06936264038085938,0,0,0,0,1.0,0,0,0,0,0,0,False,,,,,,,,,,,,,,,
1764901313.0490224,1,follower,auto,0.0003837192780338228,0.9344546794891357,0.8769535422325134,0.09999999999999998,1.0,1.0,0.09961628072196616,0.06554532051086426,0.12304645776748657,0,0,0,0,1.0,0,0,0,0,0,0,False,,,,,,,,,,,,,,,
1764901313.0509558,0,follower,auto,1.0262647867202759,0.9543066620826721,1.0742878913879395,0.9,1,1,-0.12626478672027586,0.04569333791732788,-0.07428789138793945,-7.017968156222604,-12.465425777405702,3.913313137424676,0,,,,,,,,True,-12.0,-7.0,0.0,optimal,0,-12.0,-7.0,3.4921076921208085,3.1679925393602004,0.0,True,0.0,True,0.0,0.0
1764901313.1524918,1,follower,auto,-0.01528078317642212,0.9358736872673035,0.8855468034744263,0.09999999999999998,1.0,1.0,0.1152807831764221,0.06412631273269653,0.11445319652557373,11.006688961715845,11.127338452399526,6.07703659957721,0,,,,,,,,True,11.0,11.0,0.0,optimal,0,11.0,11.0,1.4638611336821163,1.835332784183153,0.0,True,0.0,True,0.0,0.0
1764901313.3193998,0,leader,auto,1.0262647867202759,0.9543066620826721,1.0742878913879395,0.9,1,1,-0.12626478672027586,0.04569333791732788,-0.07428789138793945,0,0,0,0,1.0,0,0,0,0,0,0,False,,,,,,,,,,,,,,,
1764901313.4198046,1,follower,auto,-0.01528078317642212,0.9358736872673035,0.8855468034744263,0.09999999999999998,1.0,1.0,0.1152807831764221,0.06412631273269653,0.11445319652557373,0,0,0,0,1.0,0,0,0,0,0,0,False,,,,,,,,,,,,,,,
1764901313.4208972,0,follower,auto,1.0252183675765991,0.9574984312057495,1.0758661031723022,0.9,1,1,-0.1252183675765991,0.04250156879425049,-0.07586610317230225,-7.011506311143667,-12.444988603694798,3.9234620854057933,0,,,,,,,,True,-12.0,-7.0,0.0,optimal,0,-12.0,-7.0,3.4945140233745238,3.0128205674276445,0.0,True,0.0,True,0.0,0.0
1764901313.5215561,1,follower,auto,-0.01743425242602825,0.9469822645187378,0.9036644697189331,0.09999999999999998,1.0,1.0,0.11743425242602823,0.05301773548126221,0.0963355302810669,8.990104116359754,11.112394265568481,5.048826029378397,0,,,,,,,,True,11.0,9.0,0.0,optimal,0,11.0,9.0,1.513604195738577,2.096846070779613,0.0,True,0.0,True,0.0,0.0
1764901313.9463887,0,leader,auto,1.0252183675765991,0.9574984312057495,1.0758661031723022,0.9,1,1,-0.1252183675765991,0.04250156879425049,-0.07586610317230225,0,0,0,0,1.0,0,0,0,0,0,0,False,,,,,,,,,,,,,,,
1764901314.0468166,1,follower,auto,-0.01743425242602825,0.9469822645187378,0.9036644697189331,0.09999999999999998,1.0,1.0,0.11743425242602823,0.05301773548126221,0.0963355302810669,0,0,0,0,1.0,0,0,0,0,0,0,False,,,,,,,,,,,,,,,
1764901314.0482857,0,follower,auto,1.015339970588684,0.9579474925994873,1.0670925378799438,0.9,1,1,-0.11533997058868406,0.042052507400512695,-0.06709253787994385,-5.998542370094428,-11.418431632193867,3.950022040986957,0,,,,,,,,True,-11.0,-6.0,0.0,optimal,0,-11.0,-6.0,3.442830266389507,2.8379199701301663,0.0,True,0.0,True,0.0,0.0
1764901314.1493616,1,follower,auto,-0.005507794674485922,0.967829167842865,0.9247861504554749,0.09999999999999998,1.0,1.0,0.1055077946744859,0.03217083215713501,0.07521384954452515,6.965288796114744,10.080872774193802,3.026105767988629,0,,,,,,,,True,10.0,7.0,0.0,optimal,0,10.0,7.0,1.577842792462113,2.0683969303323027,0.0,True,0.0,True,0.0,0.0
1764901314.4052048,0,leader,auto,1.015339970588684,0.9579474925994873,1.0670925378799438,0.9,1,1,-0.11533997058868406,0.042052507400512695,-0.06709253787994385,0,0,0,0,1.0,0,0,0,0,0,0,False,,,,,,,,,,,,,,,
1764901314.5055258,1,follower,auto,-0.005507794674485922,0.967829167842865,0.9247861504554749,0.09999999999999998,1.0,1.0,0.1055077946744859,0.03217083215713501,0.07521384954452515,0,0,0,0,1.0,0,0,0,0,0,0,False,,,,,,,,,,,,,,,
1764901314.5063748,0,follower,auto,1.0013319253921509,0.9564747214317322,1.0632423162460327,0.9,1,1,-0.10133192539215086,0.04352527856826782,-0.06324231624603271,-5.994519423870316,-10.395691847505367,3.9524730280589884,0,,,,,,,,True,-10.0,-6.0,0.0,optimal,0,-10.0,-6.0,3.396924934268674,2.7884211556009704,0.0,True,0.0,True,0.0,0.0
1764901314.6070313,1,follower,auto,0.009809751063585281,0.9670287370681763,0.9315388202667236,0.09999999999999998,1.0,1.0,0.0901902489364147,0.03297126293182373,0.06846117973327637,5.98740758612389,9.057574219423008,3.036708229930242,0,,,,,,,,True,9.0,6.0,0.0,optimal,0,9.0,6.0,1.6033235255720066,1.9730878662236713,0.0,True,0.0,True,0.0,0.0
1764901314.6317432,0,leader,auto,1.0013319253921509,0.9564747214317322,1.0632423162460327,0.9,1,1,-0.10133192539215086,0.04352527856826782,-0.06324231624603271,0,0,0,0,1.0,0,0,0,0,0,0,False,,,,,,,,,,,,,,,
1764901314.7321558,1,follower,auto,0.009809751063585281,0.9670287370681763,0.9315388202667236,0.09999999999999998,1.0,1.0,0.0901902489364147,0.03297126293182373,0.06846117973327637,0,0,0,0,1.0,0,0,0,0,0,0,False,,,,,,,,,,,,,,,
1764901314.733676,0,follower,auto,0.9925824403762817,0.9559765458106995,1.0640493631362915,0.9,1,1,-0.09258244037628172,0.04402345418930054,-0.0640493631362915,-5.995313653894684,-9.393346361943243,3.945273660765643,0,,,,,,,,True,-9.0,-6.0,0.0,optimal,0,-9.0,-6.0,3.378503287420887,2.8376941822151425,0.0,True,0.0,True,0.0,0.0
1764901314.8349104,1,follower,auto,0.0149754099547863,0.9648914933204651,0.930606484413147,0.09999999999999998,1.0,1.0,0.08502459004521368,0.03510850667953491,0.06939351558685303,5.996500730975374,8.061226694435618,3.051638580724907,0,,,,,,,,True,8.0,6.0,0.0,optimal,0,8.0,6.0,1.6028493401301722,1.8292131705314671,0.0,True,0.0,True,0.0,0.0
1764901314.9415808,0,leader,auto,0.9925824403762817,0.9559765458106995,1.0640493631362915,0.9,1,1,-0.09258244037628172,0.04402345418930054,-0.0640493631362915,0,0,0,0,1.0,0,0,0,0,0,0,False,,,,,,,,,,,,,,,
1764901315.0420487,1,follower,auto,0.0149754099547863,0.9648914933204651,0.930606484413147,0.09999999999999998,1.0,1.0,0.08502459004521368,0.03510850667953491,0.06939351558685303,0,0,0,0,1.0,0,0,0,0,0,0,False,,,,,,,,,,,,,,,
1764901315.0439456,0,follower,auto,0.9814871549606323,0.9578119516372681,1.0659143924713135,0.9,1,1,-0.0814871549606323,0.042188048362731934,-0.06591439247131348,-6.000333164676554,-8.383356477678763,3.9385646209557517,0,,,,,,,,True,-8.0,-6.0,0.0,optimal,0,-8.0,-6.0,3.357999781885772,2.8760894261409997,0.0,True,0.0,True,0.0,0.0
1764901315.1448243,1,follower,auto,0.02312735840678215,0.9618520140647888,0.9242921471595764,0.09999999999999998,1.0,1.0,0.07687264159321783,0.03814798593521118,0.07570785284042358,7.002206420321436,7.052229182000679,3.066115179468784,0,,,,,,,,True,7.0,7.0,0.0,optimal,0,7.0,7.0,1.588393938530025,1.7056310231234237,0.0,True,0.0,True,0.0,0.0
1764901315.356293,0,leader,auto,0.9814871549606323,0.9578119516372681,1.0659143924713135,0.9,1,1,-0.0814871549606323,0.042188048362731934,-0.06591439247131348,0,0,0,0,1.0,0,0,0,0,0,0,False,,,,,,,,,,,,,,,
1764901315.4566026,1,follower,auto,0.02312735840678215,0.9618520140647888,0.9242921471595764,0.09999999999999998,1.0,1.0,0.07687264159321783,0.03814798593521118,0.07570785284042358,0,0,0,0,1.0,0,0,0,0,0,0,False,,,,,,,,,,,,,,,
1764901315.4573104,0,follower,auto,0.9703211784362793,0.9560062289237976,1.0721664428710938,0.9,1,1,-0.07032117843627927,0.04399377107620239,-0.07216644287109375,-6.995834046526112,-7.374039043765053,3.921420139951696,0,,,,,,,,True,-7.0,-7.0,0.0,optimal,0,-7.0,-7.0,3.35135898478643,2.9764250875630363,0.0,True,0.0,True,0.0,0.0
1764901315.5579515,1,follower,auto,0.03257221356034279,0.9619579911231995,0.9052234292030334,0.09999999999999998,1.0,1.0,0.06742778643965719,0.03804200887680054,0.09477657079696655,8.998537702744953,6.041669467988825,3.096132801297186,0,,,,,,,,True,6.0,9.0,0.0,optimal,0,6.0,9.0,1.5387427205014903,1.4953838538442135,0.0,True,0.0,True,0.0,0.0
1764901315.6782067,0,leader,auto,0.9703211784362793,0.9560062289237976,1.0721664428710938,0.9,1,1,-0.07032117843627927,0.04399377107620239,-0.07216644287109375,0,0,0,0,1.0,0,0,0,0,0,0,False,,,,,,,,,,,,,,,
1764901315.7785802,1,follower,auto,0.03257221356034279,0.9619579911231995,0.9052234292030334,0.09999999999999998,1.0,1.0,0.06742778643965719,0.03804200887680054,0.09477657079696655,0,0,0,0,1.0,0,0,0,0,0,0,False,,,,,,,,,,,,,,,
1764901315.7798367,0,follower,auto,0.9653304219245911,0.9481245875358582,1.0750834941864014,0.9,1,1,-0.06533042192459104,0.051875412464141846,-0.07508349418640137,-6.983958583689737,-6.375737525733049,4.915866879726407,0,,,,,,,,True,-6.0,-7.0,0.0,optimal,0,-6.0,-7.0,3.348883005921389,3.017428211257498,0.0,True,0.0,True,0.0,0.0
1764901315.8810167,1,follower,auto,0.04159105196595192,0.961483359336853,0.889563262462616,0.09999999999999998,1.0,1.0,0.05840894803404806,0.03851664066314697,0.11043673753738403,10.99529858475499,5.035751269813841,3.105455328083896,0,,,,,,,,True,5.0,11.0,0.0,optimal,0,5.0,11.0,1.4992522967757642,1.4356518917638252,0.0,True,0.0,True,0.0,0.0
1764901315.9578469,0,leader,auto,0.9653304219245911,0.9481245875358582,1.0750834941864014,0.9,1,1,-0.06533042192459104,0.051875412464141846,-0.07508349418640137,0,0,0,0,1.0,0,0,0,0,0,0,False,,,,,,,,,,,,,,,
1764901316.0581768,1,follower,auto,0.04159105196595192,0.961483359336853,0.889563262462616,0.09999999999999998,1.0,1.0,0.05840894803404806,0.03851664066314697,0.11043673753738403,0,0,0,0,1.0,0,0,0,0,0,0,False,,,,,,,,,,,,,,,
1764901316.0592222,0,follower,auto,0.9659120440483093,0.939843475818634,1.0761957168579102,0.9,1,1,-0.0659120440483093,0.06015652418136597,-0.07619571685791016,-6.975660765533748,-6.382652537982683,5.914564499767112,0,,,,,,,,True,-6.0,-7.0,0.0,optimal,0,-6.0,-7.0,3.3537438322981283,3.0714432032388888,0.0,True,0.0,True,0.0,0.0
1764901316.16,1,follower,auto,0.047841574996709824,0.9655001759529114,0.8805535435676575,0.09999999999999998,1.0,1.0,0.052158425003290154,0.03449982404708862,0.11944645643234253,10.984435777680792,5.036848158312281,3.1017830078175255,0,,,,,,,,True,5.0,11.0,0.0,optimal,0,5.0,11.0,1.4773535329540657,1.4978115357992974,0.0,True,0.0,True,0.0,0.0
1764901317.6643624,0,leader,auto,0.9659120440483093,0.939843475818634,1.0761957168579102,0.9,1,1,-0.0659120440483093,0.06015652418136597,-0.07619571685791016,0,0,0,0,1.0,0,0,0,0,0,0,False,,,,,,,,,,,,,,,
1764901317.7647755,1,follower,auto,0.047841574996709824,0.9655001759529114,0.8805535435676575,0.09999999999999998,1.0,1.0,0.052158425003290154,0.03449982404708862,0.11944645643234253,0,0,0,0,1.0,0,0,0,0,0,0,False,,,,,,,,,,,,,,,
1764901317.7662256,0,follower,auto,1.015048623085022,0.9448345899581909,1.1013424396514893,0.9,1,1,-0.11504862308502195,0.05516541004180908,-0.10134243965148926,-9.994400423158735,-11.469199128772622,4.886717660043087,0,,,,,,,,True,-11.0,-10.0,0.0,optimal,0,-11.0,-10.0,3.5506407654897916,3.2512457784407,0.0,True,0.0,True,0.0,0.0
1764901317.8673277,1,follower,auto,0.0432196781039238,0.9634521007537842,0.9093954563140869,0.09999999999999998,1.0,1.0,0.05678032189607618,0.03654789924621582,0.09060454368591309,8.993324697737908,5.074169315370154,3.050160911451894,0,,,,,,,,True,5.0,9.0,0.0,optimal,0,5.0,9.0,1.5555513640957697,1.8149940355779417,0.0,True,0.0,True,0.0,0.0
1764901317.9506686,0,leader,auto,1.015048623085022,0.9448345899581909,1.1013424396514893,0.9,1,1,-0.11504862308502195,0.05516541004180908,-0.10134243965148926,0,0,0,0,1.0,0,0,0,0,0,0,False,,,,,,,,,,,,,,,
1764901318.0516121,1,follower,auto,0.0432196781039238,0.9634521007537842,0.9093954563140869,0.09999999999999998,1.0,1.0,0.05678032189607618,0.03654789924621582,0.09060454368591309,0,0,0,0,1.0,0,0,0,0,0,0,False,,,,,,,,,,,,,,,
1764901318.0529962,0,follower,auto,1.020520806312561,0.9408785104751587,1.0986069440841675,0.9,1,1,-0.12052080631256101,0.05912148952484131,-0.09860694408416748,-8.982087111887196,-12.436699114106835,4.918951140050127,0,,,,,,,,True,-12.0,-9.0,0.0,optimal,0,-12.0,-9.0,3.555215200315985,3.045269624306107,0.0,True,0.0,True,0.0,0.0
1764901318.15483,1,follower,auto,0.040771111845970154,0.9732455611228943,0.920758843421936,0.09999999999999998,1.0,1.0,0.059228888154029824,0.026754438877105713,0.07924115657806396,6.97440929434449,5.079180412704417,2.0512412880573025,0,,,,,,,,True,5.0,7.0,0.0,optimal,0,5.0,7.0,1.5865264194611821,1.9651085486993998,0.0,True,0.0,True,0.0,0.0
1764901318.252247,0,leader,auto,1.020520806312561,0.9408785104751587,1.0986069440841675,0.9,1,1,-0.12052080631256101,0.05912148952484131,-0.09860694408416748,0,0,0,0,1.0,0,0,0,0,0,0,False,,,,,,,,,,,,,,,
1764901318.3525667,1,follower,auto,0.040771111845970154,0.9732455611228943,0.920758843421936,0.09999999999999998,1.0,1.0,0.059228888154029824,0.026754438877105713,0.07924115657806396,0,0,0,0,1.0,0,0,0,0,0,0,False,,,,,,,,,,,,,,,
1764901318.3536558,0,follower,auto,1.0246269702911377,0.937849223613739,1.0929495096206665,0.9,1,1,-0.12462697029113767,0.062150776386260986,-0.0929495096206665,-8.976776919131535,-12.42724111666165,5.937488609970818,0,,,,,,,,True,-12.0,-9.0,0.0,optimal,0,-12.0,-9.0,3.5471993565651734,2.9528471582483555,0.0,True,0.0,True,0.0,0.0
1764901318.4544106,1,follower,auto,0.03770773857831955,0.9809696078300476,0.9316781759262085,0.09999999999999998,1.0,1.0,0.06229226142168043,0.019030392169952393,0.0683218240737915,5.968558176463099,6.083471589945158,1.0469391269300388,0,,,,,,,,True,6.0,6.0,0.0,optimal,0,6.0,6.0,1.6162073684034144,1.9976501259464368,0.0,True,0.0,True,0.0,0.0
1764901318.5562491,0,leader,auto,1.0246269702911377,0.937849223613739,1.0929495096206665,0.9,1,1,-0.12462697029113767,0.062150776386260986,-0.0929495096206665,0,0,0,0,1.0,0,0,0,0,0,0,False,,,,,,,,,,,,,,,
1764901318.6565723,1,follower,auto,0.03770773857831955,0.9809696078300476,0.9316781759262085,0.09999999999999998,1.0,1.0,0.06229226142168043,0.019030392169952393,0.0683218240737915,0,0,0,0,1.0,0,0,0,0,0,0,False,,,,,,,,,,,,,,,
1764901318.6574042,0,follower,auto,1.0271902084350586,0.9370487332344055,1.084284782409668,0.9,1,1,-0.12719020843505857,0.06295126676559448,-0.08428478240966797,-7.9778186170354655,-12.423321276932604,5.950222688681248,0,,,,,,,,True,-12.0,-8.0,0.0,optimal,0,-12.0,-8.0,3.5259540794537316,2.8695012700905287,0.0,True,0.0,True,0.0,0.0
1764901318.7580988,1,follower,auto,0.03606857731938362,0.9838082790374756,0.9360427856445312,0.09999999999999998,1.0,1.0,0.06393142268061636,0.016191720962524414,0.06395721435546875,5.972784886391536,6.083826082042575,1.0505237804297807,0,,,,,,,,True,6.0,6.0,0.0,optimal,0,6.0,6.0,1.627947255399303,1.8864571222524036,0.0,True,0.0,True,0.0,0.0
1764901318.9135244,0,leader,auto,1.0271902084350586,0.9370487332344055,1.084284782409668,0.9,1,1,-0.12719020843505857,0.06295126676559448,-0.08428478240966797,0,0,0,0,1.0,0,0,0,0,0,0,False,,,,,,,,,,,,,,,
1764901319.0138488,1,follower,auto,0.03606857731938362,0.9838082790374756,0.9360427856445312,0.09999999999999998,1.0,1.0,0.06393142268061636,0.016191720962524414,0.06395721435546875,0,0,0,0,1.0,0,0,0,0,0,0,False,,,,,,,,,,,,,,,
1764901319.014652,0,follower,auto,1.0321160554885864,0.9370562434196472,1.0712982416152954,0.9,1,1,-0.1321160554885864,0.06294375658035278,-0.07129824161529541,-6.98471351588056,-13.42632913358648,5.9657689199943436,0,,,,,,,,True,-13.0,-7.0,0.0,optimal,0,-13.0,-7.0,3.4970881382960726,2.8166648472664098,0.0,True,0.0,True,0.0,0.0
1764901319.1152697,1,follower,auto,0.03686008229851723,0.9716591835021973,0.941918671131134,0.09999999999999998,1.0,1.0,0.06313991770148275,0.028340816497802734,0.05808132886886597,4.998501794228427,6.082076711558318,2.0434144464267554,0,,,,,,,,True,6.0,5.0,0.0,optimal,0,6.0,5.0,1.6452321527430358,1.9198094900729632,0.0,True,0.0,True,0.0,0.0
1764901319.4586246,0,leader,auto,1.0321160554885864,0.9370562434196472,1.0712982416152954,0.9,1,1,-0.1321160554885864,0.06294375658035278,-0.07129824161529541,0,0,0,0,1.0,0,0,0,0,0,0,False,,,,,,,,,,,,,,,
1764901319.559362,1,follower,auto,0.03686008229851723,0.9716591835021973,0.941918671131134,0.09999999999999998,1.0,1.0,0.06313991770148275,0.028340816497802734,0.05808132886886597,0,0,0,0,1.0,0,0,0,0,0,0,False,,,,,,,,,,,,,,,
1764901319.5611448,0,follower,auto,1.041491150856018,0.9364790320396423,1.054999589920044,0.9,1,1,-0.14149115085601804,0.06352096796035767,-0.054999589920043945,-4.988339768184082,-14.435789624855337,5.978524170342061,0,,,,,,,,True,-14.0,-5.0,0.0,optimal,0,-14.0,-5.0,3.469324002305305,2.8677628072324417,0.0,True,0.0,True,0.0,0.0
1764901319.6620078,1,follower,auto,0.037966109812259674,0.9619718194007874,0.9406076073646545,0.09999999999999998,1.0,1.0,0.062033890187740304,0.038028180599212646,0.05939239263534546,5.005409616795025,6.08410768341661,3.04641908106605,0,,,,,,,,True,6.0,5.0,0.0,optimal,0,6.0,5.0,1.641978147816095,1.8071046272255484,0.0,True,0.0,True,0.0,0.0
1764901319.7676175,0,leader,auto,1.041491150856018,0.9364790320396423,1.054999589920044,0.9,1,1,-0.14149115085601804,0.06352096796035767,-0.054999589920043945,0,0,0,0,1.0,0,0,0,0,0,0,False,,,,,,,,,,,,,,,
1764901319.86866,1,follower,auto,0.037966109812259674,0.9619718194007874,0.9406076073646545,0.09999999999999998,1.0,1.0,0.062033890187740304,0.038028180599212646,0.05939239263534546,0,0,0,0,1.0,0,0,0,0,0,0,False,,,,,,,,,,,,,,,
1764901319.8710794,0,follower,auto,1.0469930171966553,0.9409851431846619,1.0514214038848877,0.9,1,1,-0.14699301719665525,0.059014856815338135,-0.051421403884887695,-4.997900587300317,-14.433466922672217,4.965143509156397,0,,,,,,,,True,-14.0,-5.0,0.0,optimal,0,-14.0,-5.0,3.471899957369374,2.986526303811513,0.0,True,0.0,True,0.0,0.0
1764901319.9721627,1,follower,auto,0.04165530577301979,0.958821177482605,0.9387174844741821,0.09999999999999998,1.0,1.0,0.05834469422698019,0.04117882251739502,0.06128251552581787,6.001313650657785,5.081181601740838,4.049229535512327,0,,,,,,,,True,5.0,6.0,0.0,optimal,0,5.0,6.0,1.6383052869399701,1.7706710909421102,0.0,True,0.0,True,0.0,0.0
1764901321.3802583,0,leader,auto,1.0469930171966553,0.9409851431846619,1.0514214038848877,0.9,1,1,-0.14699301719665525,0.059014856815338135,-0.051421403884887695,0,0,0,0,1.0,0,0,0,0,0,0,False,,,,,,,,,,,,,,,
1764901321.480698,1,follower,auto,0.04165530577301979,0.958821177482605,0.9387174844741821,0.09999999999999998,1.0,1.0,0.05834469422698019,0.04117882251739502,0.06128251552581787,0,0,0,0,1.0,0,0,0,0,0,0,False,,,,,,,,,,,,,,,
1764901321.4872484,0,follower,auto,1.0588042736053467,0.9504279494285583,1.0773048400878906,0.9,1,1,-0.15880427360534666,0.04957205057144165,-0.07730484008789062,-7.0000802316605615,-15.441548255132624,3.9194349578162706,0,,,,,,,,True,-15.0,-7.0,0.0,optimal,0,-15.0,-7.0,3.582478757811771,3.136461531079165,0.0,True,0.0,True,0.0,0.0
1764901321.5890324,1,follower,auto,0.05095059052109718,0.982416570186615,0.9542199373245239,0.09999999999999998,1.0,1.0,0.049049409478902795,0.01758342981338501,0.045780062675476074,3.9594760199934402,4.074068416995681,1.0327307353771327,0,,,,,,,,True,4.0,4.0,0.0,optimal,0,4.0,4.0,1.6877318249950297,1.8723220712642175,0.0,True,0.0,True,0.0,0.0
1764901321.6699615,0,leader,auto,1.0588042736053467,0.9504279494285583,1.0773048400878906,0.9,1,1,-0.15880427360534666,0.04957205057144165,-0.07730484008789062,0,0,0,0,1.0,0,0,0,0,0,0,False,,,,,,,,,,,,,,,
1764901321.7703083,1,follower,auto,0.05095059052109718,0.982416570186615,0.9542199373245239,0.09999999999999998,1.0,1.0,0.049049409478902795,0.01758342981338501,0.045780062675476074,0,0,0,0,1.0,0,0,0,0,0,0,False,,,,,,,,,,,,,,,
1764901321.7716517,0,follower,auto,1.0579956769943237,0.9418943524360657,1.0824772119522095,0.9,1,1,-0.1579956769943237,0.058105647563934326,-0.08247721195220947,-7.977038021038162,-15.429602269328234,4.93288117990317,0,,,,,,,,True,-15.0,-8.0,0.0,optimal,0,-15.0,-8.0,3.596787249684445,3.089813797249479,0.0,True,0.0,True,0.0,0.0
1764901321.872287,1,follower,auto,0.04574284702539444,0.9806188344955444,0.9588086009025574,0.09999999999999998,1.0,1.0,0.05425715297460554,0.019381165504455566,0.04119139909744263,3.977874236719315,5.091738906421624,1.0404696233974873,0,,,,,,,,True,5.0,4.0,0.0,optimal,0,5.0,4.0,1.6985120809314231,1.9249194479663474,0.0,True,0.0,True,0.0,0.0
1764901321.9741228,0,leader,auto,1.0579956769943237,0.9418943524360657,1.0824772119522095,0.9,1,1,-0.1579956769943237,0.058105647563934326,-0.08247721195220947,0,0,0,0,1.0,0,0,0,0,0,0,False,,,,,,,,,,,,,,,
1764901322.0745268,1,follower,auto,0.04574284702539444,0.9806188344955444,0.9588086009025574,0.09999999999999998,1.0,1.0,0.05425715297460554,0.019381165504455566,0.04119139909744263,0,0,0,0,1.0,0,0,0,0,0,0,False,,,,,,,,,,,,,,,
1764901322.0754025,0,follower,auto,1.0492119789123535,0.934914231300354,1.0862447023391724,0.9,1,1,-0.1492119789123535,0.065085768699646,-0.08624470233917236,-7.969405974730905,-14.413591296373783,5.937216753200954,0,,,,,,,,True,-14.0,-8.0,0.0,optimal,0,-14.0,-8.0,3.5867028239572076,2.9433167612895312,0.0,True,0.0,True,0.0,0.0
1764901322.1761127,1,follower,auto,0.04130261763930321,0.9820327162742615,0.9589046835899353,0.09999999999999998,1.0,1.0,0.05869738236069677,0.017967283725738525,0.0410953164100647,3.9766703010250644,5.093694436111559,1.0499203857155734,0,,,,,,,,True,5.0,4.0,0.0,optimal,0,5.0,4.0,1.6966298290802289,1.8334683641101843,0.0,True,0.0,True,0.0,0.0
1764901322.3823543,0,leader,auto,1.0492119789123535,0.934914231300354,1.0862447023391724,0.9,1,1,-0.1492119789123535,0.065085768699646,-0.08624470233917236,0,0,0,0,1.0,0,0,0,0,0,0,False,,,,,,,,,,,,,,,
1764901322.482779,1,follower,auto,0.04130261763930321,0.9820327162742615,0.9589046835899353,0.09999999999999998,1.0,1.0,0.05869738236069677,0.017967283725738525,0.0410953164100647,0,0,0,0,1.0,0,0,0,0,0,0,False,,,,,,,,,,,,,,,
1764901322.4849033,0,follower,auto,1.027992844581604,0.9349817037582397,1.0861495733261108,0.9,1,1,-0.12799284458160398,0.06501829624176025,-0.08614957332611084,-7.9774046987846665,-12.389868888437444,5.942516693960507,0,,,,,,,,True,-12.0,-8.0,0.0,optimal,0,-12.0,-8.0,3.5338368953062234,2.7632511924846517,0.0,True,0.0,True,0.0,0.0
1764901322.5860434,1,follower,auto,0.029125729575753212,0.981265127658844,0.9556423425674438,0.09999999999999998,1.0,1.0,0.07087427042424677,0.018734872341156006,0.04435765743255615,3.980466143031404,7.100778818575593,1.0578548599592474,0,,,,,,,,True,7.0,4.0,0.0,optimal,0,7.0,4.0,1.681393229428857,1.8095992739091484,0.0,True,0.0,True,0.0,0.0
1764901322.7910593,0,leader,auto,1.027992844581604,0.9349817037582397,1.0861495733261108,0.9,1,1,-0.12799284458160398,0.06501829624176025,-0.08614957332611084,0,0,0,0,1.0,0,0,0,0,0,0,False,,,,,,,,,,,,,,,
1764901322.8914037,1,follower,auto,0.029125729575753212,0.981265127658844,0.9556423425674438,0.09999999999999998,1.0,1.0,0.07087427042424677,0.018734872341156006,0.04435765743255615,0,0,0,0,1.0,0,0,0,0,0,0,False,,,,,,,,,,,,,,,
1764901322.8924482,0,follower,auto,1.0012645721435547,0.9401817917823792,1.0777504444122314,0.9,1,1,-0.10126457214355467,0.05981820821762085,-0.07775044441223145,-6.9893128363655554,-10.371180326109288,4.956660078493023,0,,,,,,,,True,-10.0,-7.0,0.0,optimal,0,-10.0,-7.0,3.4423330371302314,2.572078596901869,0.0,True,0.0,True,0.0,0.0
1764901322.9934244,1,follower,auto,0.01613471657037735,0.9789732098579407,0.9512701034545898,0.09999999999999998,1.0,1.0,0.08386528342962263,0.021026790142059326,0.048729896545410156,3.9865669751582997,8.099299604809449,2.0595433113965878,0,,,,,,,,True,8.0,4.0,0.0,optimal,0,8.0,4.0,1.6628991288880532,1.799828884412782,0.0,True,0.0,True,0.0,0.0
1764901323.2013676,0,leader,auto,1.0012645721435547,0.9401817917823792,1.0777504444122314,0.9,1,1,-0.10126457214355467,0.05981820821762085,-0.07775044441223145,0,0,0,0,1.0,0,0,0,0,0,0,False,,,,,,,,,,,,,,,
1764901323.3017983,1,follower,auto,0.01613471657037735,0.9789732098579407,0.9512701034545898,0.09999999999999998,1.0,1.0,0.08386528342962263,0.021026790142059326,0.048729896545410156,0,0,0,0,1.0,0,0,0,0,0,0,False,,,,,,,,,,,,,,,
1764901323.302971,0,follower,auto,0.9765494465827942,0.9397816061973572,1.0653131008148193,0.9,1,1,-0.07654944658279417,0.06021839380264282,-0.06531310081481934,-5.987310104142622,-7.363439480698529,5.96800074461915,0,,,,,,,,True,-7.0,-6.0,0.0,optimal,0,-7.0,-6.0,3.344473703836784,2.5562105307021343,0.0,True,0.0,True,0.0,0.0
1764901323.4037714,1,follower,auto,0.006661820691078901,0.9727988243103027,0.9448253512382507,0.09999999999999998,1.0,1.0,0.09333817930892108,0.027201175689697266,0.05517464876174927,4.994770305407597,9.08975217132305,2.0606517130730597,0,,,,,,,,True,9.0,5.0,0.0,optimal,0,9.0,5.0,1.6402294037120864,1.7846529987354278,0.0,True,0.0,True,0.0,0.0
1764901323.7055557,0,leader,auto,0.9765494465827942,0.9397816061973572,1.0653131008148193,0.9,1,1,-0.07654944658279417,0.06021839380264282,-0.06531310081481934,0,0,0,0,1.0,0,0,0,0,0,0,False,,,,,,,,,,,,,,,
1764901323.8059788,1,follower,auto,0.006661820691078901,0.9727988243103027,0.9448253512382507,0.09999999999999998,1.0,1.0,0.09333817930892108,0.027201175689697266,0.05517464876174927,0,0,0,0,1.0,0,0,0,0,0,0,False,,,,,,,,,,,,,,,
1764901323.8072824,0,follower,auto,0.9724323153495789,0.9323152899742126,1.0626492500305176,0.9,1,1,-0.07243231534957884,0.06768471002578735,-0.06264925003051758,-5.977282787850796,-7.388204278819873,5.953861061822826,0,,,,,,,,True,-7.0,-6.0,0.0,optimal,0,-7.0,-6.0,3.3264702126969135,2.9318260092930157,0.0,True,0.0,True,0.0,0.0
1764901323.9082322,1,follower,auto,0.004418361000716686,0.9648458957672119,0.9315133690834045,0.09999999999999998,1.0,1.0,0.09558163899928329,0.035154104232788086,0.06848663091659546,5.998949096635745,9.078912430570938,3.074864224988164,0,,,,,,,,True,9.0,6.0,0.0,optimal,0,9.0,6.0,1.6010173921787387,1.701667746325527,0.0,True,0.0,True,0.0,0.0
1764901324.0749383,0,leader,auto,0.9724323153495789,0.9323152899742126,1.0626492500305176,0.9,1,1,-0.07243231534957884,0.06768471002578735,-0.06264925003051758,0,0,0,0,1.0,0,0,0,0,0,0,False,,,,,,,,,,,,,,,
1764901324.1753452,1,follower,auto,0.004418361000716686,0.9648458957672119,0.9315133690834045,0.09999999999999998,1.0,1.0,0.09558163899928329,0.035154104232788086,0.06848663091659546,0,0,0,0,1.0,0,0,0,0,0,0,False,,,,,,,,,,,,,,,
1764901324.1774836,0,follower,auto,0.981597900390625,0.9361526966094971,1.0646487474441528,0.9,1,1,-0.08159790039062498,0.06384730339050293,-0.06464874744415283,-5.988089098063498,-8.412792266973664,5.940776259330348,0,,,,,,,,True,-8.0,-6.0,0.0,optimal,0,-8.0,-6.0,3.35429930108609,3.1535266183247974,0.0,True,0.0,True,0.0,0.0
1764901324.2786252,1,follower,auto,0.013140508905053139,0.9695568084716797,0.9232539534568787,0.09999999999999998,1.0,1.0,0.08685949109494684,0.030443191528320312,0.07674604654312134,6.983818108330896,8.0622661689878,3.0757288236611906,0,,,,,,,,True,8.0,7.0,0.0,optimal,0,8.0,7.0,1.58108069256694,1.7080940508995883,0.0,True,0.0,True,0.0,0.0
1764901324.3737636,0,leader,auto,0.981597900390625,0.9361526966094971,1.0646487474441528,0.9,1,1,-0.08159790039062498,0.06384730339050293,-0.06464874744415283,0,0,0,0,1.0,0,0,0,0,0,0,False,,,,,,,,,,,,,,,
1764901324.474096,1,follower,auto,0.013140508905053139,0.9695568084716797,0.9232539534568787,0.09999999999999998,1.0,1.0,0.08685949109494684,0.030443191528320312,0.07674604654312134,0,0,0,0,1.0,0,0,0,0,0,0,False,,,,,,,,,,,,,,,
1764901324.4752486,0,follower,auto,0.9874049425125122,0.945955216884613,1.0744953155517578,0.9,1,1,-0.08740494251251218,0.05404478311538696,-0.07449531555175781,-7.00471097443324,-8.412657676661405,4.92254709000213,0,,,,,,,,True,-8.0,-7.0,0.0,optimal,0,-8.0,-7.0,3.398965996197572,3.326283900410979,0.0,True,0.0,True,0.0,0.0
1764901324.5764496,1,follower,auto,0.026622192934155464,0.9656596183776855,0.9195075631141663,0.09999999999999998,1.0,1.0,0.07337780706584451,0.03434038162231445,0.08049243688583374,7.995988961485246,7.0479960523153995,3.0747182109115667,0,,,,,,,,True,7.0,8.0,0.0,optimal,0,7.0,8.0,1.5763593400686042,1.7618598964111427,0.0,True,0.0,True,0.0,0.0
1764901324.6780574,0,leader,auto,0.9874049425125122,0.945955216884613,1.0744953155517578,0.9,1,1,-0.08740494251251218,0.05404478311538696,-0.07449531555175781,0,0,0,0,1.0,0,0,0,0,0,0,False,,,,,,,,,,,,,,,
1764901324.778469,1,follower,auto,0.026622192934155464,0.9656596183776855,0.9195075631141663,0.09999999999999998,1.0,1.0,0.07337780706584451,0.03434038162231445,0.08049243688583374,0,0,0,0,1.0,0,0,0,0,0,0,False,,,,,,,,,,,,,,,
1764901324.779863,0,follower,auto,0.9961140155792236,0.9552661180496216,1.0869759321212769,0.9,1,1,-0.09611401557922361,0.04473388195037842,-0.08697593212127686,-8.016566981118386,-9.414099087748495,3.9100604365909786,0,,,,,,,,True,-9.0,-8.0,0.0,optimal,0,-9.0,-8.0,3.459181347397251,3.43183600716848,0.0,True,0.0,True,0.0,0.0
1764901324.8809927,1,follower,auto,0.04281168431043625,0.9530299305915833,0.9191031455993652,0.09999999999999998,1.0,1.0,0.05718831568956373,0.04697006940841675,0.08089685440063477,8.018132048376566,5.038128409246523,4.073903142874186,0,,,,,,,,True,5.0,8.0,0.0,optimal,0,5.0,8.0,1.5828112518876842,1.7952143497832223,0.0,True,0.0,True,0.0,0.0
1764901324.9858253,0,leader,auto,0.9961140155792236,0.9552661180496216,1.0869759321212769,0.9,1,1,-0.09611401557922361,0.04473388195037842,-0.08697593212127686,0,0,0,0,1.0,0,0,0,0,0,0,False,,,,,,,,,,,,,,,
1764901325.086275,1,follower,auto,0.04281168431043625,0.9530299305915833,0.9191031455993652,0.09999999999999998,1.0,1.0,0.05718831568956373,0.04697006940841675,0.08089685440063477,0,0,0,0,1.0,0,0,0,0,0,0,False,,,,,,,,,,,,,,,
1764901325.087594,0,follower,auto,1.0053499937057495,0.9591726660728455,1.0960484743118286,0.9,1,1,-0.10534999370574949,0.04082733392715454,-0.09604847431182861,-9.016153258336027,-10.414624465028515,3.9103038384510485,0,,,,,,,,True,-10.0,-9.0,0.0,optimal,0,-10.0,-9.0,3.510239339679566,3.3641996627311026,0.0,True,0.0,True,0.0,0.0
1764901325.1884158,1,follower,auto,0.05565118417143822,0.9435948729515076,0.923584520816803,0.09999999999999998,1.0,1.0,0.04434881582856176,0.05640512704849243,0.07641547918319702,7.0235887006307145,4.038818159213638,5.067807299454434,0,,,,,,,,True,4.0,7.0,0.0,optimal,0,4.0,7.0,1.6019504158774651,1.8662022999814984,0.0,True,0.0,True,0.0,0.0
1764901325.3921623,0,leader,auto,1.0053499937057495,0.9591726660728455,1.0960484743118286,0.9,1,1,-0.10534999370574949,0.04082733392715454,-0.09604847431182861,0,0,0,0,1.0,0,0,0,0,0,0,False,,,,,,,,,,,,,,,
1764901325.4925191,1,follower,auto,0.05565118417143822,0.9435948729515076,0.923584520816803,0.09999999999999998,1.0,1.0,0.04434881582856176,0.05640512704849243,0.07641547918319702,0,0,0,0,1.0,0,0,0,0,0,0,False,,,,,,,,,,,,,,,
1764901325.4941645,0,follower,auto,1.016730546951294,0.9587982892990112,1.0923089981079102,0.9,1,1,-0.11673054695129392,0.04120171070098877,-0.09230899810791016,-9.008528331474198,-11.419858252941093,3.934776477038664,0,,,,,,,,True,-11.0,-9.0,0.0,optimal,0,-11.0,-9.0,3.525881169339812,3.0928514579025017,0.0,True,0.0,True,0.0,0.0
1764901325.595009,1,follower,auto,0.062460388988256454,0.944234311580658,0.9381259679794312,0.09999999999999998,1.0,1.0,0.03753961101174352,0.05576568841934204,0.06187403202056885,6.010424986224905,3.048997266038053,5.045046380925006,0,,,,,,,,True,3.0,6.0,0.0,optimal,0,3.0,6.0,1.6470917555646427,1.979541747413753,0.0,True,0.0,True,0.0,0.0
1764901325.702027,0,leader,auto,1.016730546951294,0.9587982892990112,1.0923089981079102,0.9,1,1,-0.11673054695129392,0.04120171070098877,-0.09230899810791016,0,0,0,0,1.0,0,0,0,0,0,0,False,,,,,,,,,,,,,,,
1764901325.802508,1,follower,auto,0.062460388988256454,0.944234311580658,0.9381259679794312,0.09999999999999998,1.0,1.0,0.03753961101174352,0.05576568841934204,0.06187403202056885,0,0,0,0,1.0,0,0,0,0,0,0,False,,,,,,,,,,,,,,,
1764901325.804842,0,follower,auto,1.0220754146575928,0.9523811340332031,1.0793366432189941,0.9,1,1,-0.12207541465759275,0.047618865966796875,-0.07933664321899414,-6.995592229353109,-12.414815081972932,3.9619725723325616,0,,,,,,,,True,-12.0,-7.0,0.0,optimal,0,-12.0,-7.0,3.497772551724768,2.8269378185990486,0.0,True,0.0,True,0.0,0.0
1764901326.1063235,1,follower,auto,0.06407276540994644,0.9453468322753906,0.9502114057540894,0.09999999999999998,1.0,1.0,0.035927234590053536,0.054653167724609375,0.049788594245910645,4.002845065337877,3.0595906583007553,5.033091800620504,0,,,,,,,,True,3.0,4.0,0.0,optimal,0,3.0,4.0,1.6828475468105084,2.014232829256241,0.0,True,0.0,True,0.0,0.0
1764901327.5111501,0,leader,auto,1.0220754146575928,0.9523811340332031,1.0793366432189941,0.9,1,1,-0.12207541465759275,0.047618865966796875,-0.07933664321899414,0,0,0,0,1.0,0,0,0,0,0,0,False,,,,,,,,,,,,,,,
1764901327.6115963,1,follower,auto,0.06407276540994644,0.9453468322753906,0.9502114057540894,0.09999999999999998,1.0,1.0,0.035927234590053536,0.054653167724609375,0.049788594245910645,0,0,0,0,1.0,0,0,0,0,0,0,False,,,,,,,,,,,,,,,
1764901327.613178,0,follower,auto,0.9621880054473877,0.9536091685295105,1.0040408372879028,0.9,1,1,-0.06218800544738767,0.0463908314704895,-0.004040837287902832,-0.0068231456240175825,-6.343753918809908,4.090845587350708,0,,,,,,,,True,-6.0,0.0,0.0,optimal,0,-6.0,0.0,3.1228198002354732,2.5615923236092564,0.0,True,0.0,True,0.0,0.0
1764901327.7145188,1,follower,auto,-0.02704024128615856,0.9357889890670776,0.9828773140907288,0.09999999999999998,1.0,1.0,0.12704024128615854,0.06421101093292236,0.01712268590927124,1.0194945553965749,12.192247115750204,5.961387395504221,0,,,,,,,,True,12.0,1.0,0.0,optimal,0,12.0,1.0,1.7388402067792843,2.1402733807227836,0.0,True,0.0,True,0.0,0.0
1764901327.8818154,0,leader,auto,0.9621880054473877,0.9536091685295105,1.0040408372879028,0.9,1,1,-0.06218800544738767,0.0463908314704895,-0.004040837287902832,0,0,0,0,1.0,0,0,0,0,0,0,False,,,,,,,,,,,,,,,
1764901327.982195,1,follower,auto,-0.02704024128615856,0.9357889890670776,0.9828773140907288,0.09999999999999998,1.0,1.0,0.12704024128615854,0.06421101093292236,0.01712268590927124,0,0,0,0,1.0,0,0,0,0,0,0,False,,,,,,,,,,,,,,,
1764901327.9844372,0,follower,auto,0.9503178000450134,0.9567626714706421,1.0042964220046997,0.8946494770050049,1.0,1.0267526149749755,-0.05566832304000857,0.04323732852935791,0.02245619297027579,1.9828454650413943,-5.383872168106055,4.021899827867085,0,,,,,,,,True,-5.0,2.0,0.0,optimal,0,-5.0,2.0,3.096138766356541,2.861010553192021,0.0,True,0.0,True,0.0,0.0
1764901328.085386,1,follower,auto,-0.05050412937998772,0.9249066710472107,0.9859668612480164,0.09464947700500481,1.0,1.0267526149749755,0.14515360638499253,0.0750933289527893,0.04078575372695914,4.030694264889579,14.14774108499336,6.989555200828047,0,,,,,,,,True,14.0,4.0,0.0,optimal,0,14.0,4.0,1.740446528059717,2.14548395560835,0.0,True,0.0,True,0.0,0.0
1764901328.2107491,0,leader,auto,0.9503178000450134,0.9567626714706421,1.0042964220046997,0.8946494770050049,1.0,1.0267526149749755,-0.05566832304000857,0.04323732852935791,0.02245619297027579,0,0,0,0,1.0,0,0,0,0,0,0,False,,,,,,,,,,,,,,,
1764901328.3110921,1,follower,auto,-0.05050412937998772,0.9249066710472107,0.9859668612480164,0.09464947700500481,1.0,1.0267526149749755,0.14515360638499253,0.0750933289527893,0.04078575372695914,0,0,0,0,1.0,0,0,0,0,0,0,False,,,,,,,,,,,,,,,
1764901328.3123586,0,follower,auto,0.9478085041046143,0.9474297761917114,1.0083390474319458,0.9020654249191284,1.0,0.9896728754043578,-0.04574307918548581,0.052570223808288574,-0.018666172027588024,-1.0011243934341683,-4.410722250496511,4.995134832665126,0,,,,,,,,True,-4.0,-1.0,0.0,optimal,0,-4.0,-1.0,3.1025510441027824,3.0128642241706314,0.0,True,0.0,True,0.0,0.0
1764901328.9139018,1,follower,auto,-0.06368167698383331,0.9194504022598267,0.9877415895462036,0.1020654249191284,1.0,0.9896728754043578,0.1657471019029617,0.08054959774017334,0.0019312858581541636,0.023820659137016965,16.12444834842845,8.000971810249368,0,,,,,,,,True,16.0,0.0,0.0,optimal,0,16.0,0.0,1.7419577224554044,2.1840115459977705,0.0,True,0.0,True,0.0,0.0
1764901331.4053814,0,leader,auto,0.9478085041046143,0.9474297761917114,1.0083390474319458,0.9020654249191284,1.0,0.9896728754043578,-0.04574307918548581,0.052570223808288574,-0.018666172027588024,0,0,0,0,1.0,0,0,0,0,0,0,False,,,,,,,,,,,,,,,
1764901331.5056338,1,follower,auto,-0.06368167698383331,0.9194504022598267,0.9877415895462036,0.1020654249191284,1.0,0.9896728754043578,0.1657471019029617,0.08054959774017334,0.0019312858581541636,0,0,0,0,1.0,0,0,0,0,0,0,False,,,,,,,,,,,,,,,
1764901331.5065212,0,follower,auto,1.1171430349349976,0.9567732214927673,1.0235015153884888,0.9186389446258545,1.0,0.9068052768707274,-0.19850409030914307,0.043226778507232666,-0.11669623851776134,-10.998048644152535,-19.60816690941309,3.9603019761457445,0,,,,,,,,True,-19.0,-11.0,0.0,optimal,0,-19.0,-11.0,3.565922641868798,3.0979762639534116,0.0,True,0.0,True,0.0,0.0
1764901331.60722,1,follower,auto,0.1670561581850052,0.9818589687347412,0.9717656970024109,0.11863894462585445,1.0,0.9068052768707274,-0.04841721355915074,0.01814103126525879,-0.06496042013168346,-6.085550010974334,-4.2170064423663485,1.0395549317085384,0,,,,,,,,True,-4.0,-6.0,0.0,optimal,0,-4.0,-6.0,1.810824490134528,1.7523203153914892,0.0,True,0.0,True,0.0,0.0
1764901333.0204713,0,leader,auto,1.1171430349349976,0.9567732214927673,1.0235015153884888,0.9186389446258545,1.0,0.9068052768707274,-0.19850409030914307,0.043226778507232666,-0.11669623851776134,0,0,0,0,1.0,0,0,0,0,0,0,False,,,,,,,,,,,,,,,
1764901333.1208677,1,follower,auto,0.1670561581850052,0.9818589687347412,0.9717656970024109,0.11863894462585445,1.0,0.9068052768707274,-0.04841721355915074,0.01814103126525879,-0.06496042013168346,0,0,0,0,1.0,0,0,0,0,0,0,False,,,,,,,,,,,,,,,
1764901333.1222413,0,follower,auto,1.0069628953933716,0.9506509304046631,0.9771655201911926,0.9725020456314087,1.0,0.6374897718429564,-0.03446084976196284,0.049349069595336914,-0.3396757483482362,-20,-3.2357974764396396,4.033258646828365,0,,,,,,,,True,-3.0,-30.0,0.0,optimal,0,-3.0,-30.0,3.1487774048980675,1.929456487922485,0.0,True,0.0,True,0.0,0.0
1764901333.223014,1,follower,auto,0.26437878608703613,1.0100129842758179,0.9301797747612,0.1725020456314087,1.0,0.6374897718429564,-0.09187674045562744,-0.010012984275817871,-0.29269000291824354,-20,-9.230754064428302,-0.9225199584995616,0,,,,,,,,True,-9.0,-29.0,0.0,optimal,0,-9.0,-29.0,1.771061845103666,1.270193424531789,0.0,True,0.0,True,0.0,0.0
1764901333.6317642,0,leader,auto,1.0069628953933716,0.9506509304046631,0.9771655201911926,0.9725020456314087,1.0,0.6374897718429564,-0.03446084976196284,0.049349069595336914,-0.3396757483482362,0,0,0,0,1.0,0,0,0,0,0,0,False,,,,,,,,,,,,,,,
1764901333.7321827,1,follower,auto,0.26437878608703613,1.0100129842758179,0.9301797747612,0.1725020456314087,1.0,0.6374897718429564,-0.09187674045562744,-0.010012984275817871,-0.29269000291824354,0,0,0,0,1.0,0,0,0,0,0,0,False,,,,,,,,,,,,,,,
1764901333.7347836,0,follower,auto,0.9362815022468567,0.953436017036438,0.9140986800193787,1.0048163557052612,1.0,0.47591822147369367,0.06853485345840449,0.04656398296356201,-0.438180458545685,-20,5.823484146336029,4.084386106163988,0,,,,,,,,True,6.0,-30.0,0.0,optimal,0,6.0,-30.0,2.8008107291809226,1.2792516689602222,0.0,True,0.0,True,0.0,0.0
1764901333.936393,1,follower,auto,0.24961301684379578,0.9867254495620728,0.8879655599594116,0.20481635570526113,1.0,0.47591822147369367,-0.044796661138534644,0.013274550437927246,-0.41204733848571795,-20,-4.09098618398532,1.0814896296013918,0,,,,,,,,True,-4.0,-30.0,0.0,optimal,0,-4.0,-30.0,1.6386002605488226,0.8808729497713894,0.0,True,0.0,True,0.0,0.0
1764901335.0511403,0,leader,auto,0.9362815022468567,0.953436017036438,0.9140986800193787,1.0048163557052612,1.0,0.47591822147369367,0.06853485345840449,0.04656398296356201,-0.438180458545685,0,0,0,0,1.0,0,0,0,0,0,0,False,,,,,,,,,,,,,,,
1764901335.1515899,1,follower,auto,0.24961301684379578,0.9867254495620728,0.8879655599594116,0.20481635570526113,1.0,0.47591822147369367,-0.044796661138534644,0.013274550437927246,-0.41204733848571795,0,0,0,0,1.0,0,0,0,0,0,0,False,,,,,,,,,,,,,,,
1764901335.1539304,0,follower,auto,1.0255435705184937,0.9437585473060608,0.6730267405509949,1.0190910625457763,1.0,0.404544687271118,-0.006452507972717347,0.05624145269393921,-0.2684820532798769,-20,-0.4345691378893522,5.317074044057945,0,,,,,,,,True,0.0,-26.0,0.0,optimal,0,0.0,-26.0,2.3879487772869092,1.391471223827729,0.0,True,0.0,True,0.0,0.0
1764901335.2556129,1,follower,auto,0.1787235587835312,0.9744125008583069,0.6366333961486816,0.21909106254577626,1.0,0.404544687271118,0.04036750376224507,0.025587499141693115,-0.23208870887756367,-20,4.095969037728236,2.353117846803353,0,,,,,,,,True,4.0,-23.0,0.0,optimal,0,4.0,-23.0,0.9453670112181487,0.0573268969582042,0.0,True,0.0,True,0.0,0.0
1764901335.3413608,0,leader,auto,1.0255435705184937,0.9437585473060608,0.6730267405509949,1.0190910625457763,1.0,0.404544687271118,-0.006452507972717347,0.05624145269393921,-0.2684820532798769,0,0,0,0,1.0,0,0,0,0,0,0,False,,,,,,,,,,,,,,,
1764901335.4418998,1,follower,auto,0.1787235587835312,0.9744125008583069,0.6366333961486816,0.21909106254577626,1.0,0.404544687271118,0.04036750376224507,0.025587499141693115,-0.23208870887756367,0,0,0,0,1.0,0,0,0,0,0,0,False,,,,,,,,,,,,,,,
1764901335.4429193,0,follower,auto,1.0601767301559448,0.9433649778366089,0.617037832736969,1.0454693126678467,1.0,0.2726534366607664,-0.014707417488098118,0.05663502216339111,-0.3443843960762026,-20,-1.4409955972129722,5.153036323281889,0,,,,,,,,True,-1.0,-30.0,0.0,optimal,0,-1.0,-30.0,2.3458189109922336,1.4875360422078299,0.0,True,0.0,True,0.0,0.0
1764901335.5436838,1,follower,auto,0.1704472154378891,0.9759052395820618,0.5760438442230225,0.24546931266784666,1.0,0.2726534366607664,0.07502209722995756,0.024094760417938232,-0.30339040756225605,-20,12.071005978636958,2.1949101032485023,0,,,,,,,,True,12.359947452769514,-28.15474283930726,5.668686857248179,infeasible,0,7.0,-30.0,0.805101494115946,-0.11611995909942519,0.0,True,0.0,True,0.0,0.0
1764901335.6474948,0,leader,auto,1.0601767301559448,0.9433649778366089,0.617037832736969,1.0454693126678467,1.0,0.2726534366607664,-0.014707417488098118,0.05663502216339111,-0.3443843960762026,0,0,0,0,1.0,0,0,0,0,0,0,False,,,,,,,,,,,,,,,
1764901335.7479582,1,follower,auto,0.1704472154378891,0.9759052395820618,0.5760438442230225,0.24546931266784666,1.0,0.2726534366607664,0.07502209722995756,0.024094760417938232,-0.30339040756225605,0,0,0,0,1.0,0,0,0,0,0,0,False,,,,,,,,,,,,,,,
1764901335.749729,0,follower,auto,1.0910552740097046,0.9374632835388184,0.5679330229759216,1.0512311363220215,1.0,0.2438443183898924,-0.039824137687683114,0.06253671646118164,-0.32408870458602923,-20,-3.448548573633868,6.090956224528779,0,,,,,,,,True,-3.0,-30.0,0.0,optimal,0,-3.0,-30.0,2.317304662110764,1.4699944488740526,0.0,True,0.0,True,0.0,0.0
1764901335.851432,1,follower,auto,0.16379611194133759,0.9772989153862,0.5155711770057678,0.25123113632202143,1.0,0.2438443183898924,0.08743502438068385,0.02270108461380005,-0.2717268586158754,-20,13.07182511321098,2.151495324422999,0,,,,,,,,True,13.279549516650505,-25.108769104079926,5.60806538838905,optimal,0,8.0,-27.0,0.6737324266285147,-0.10889605374127248,0.0,True,0.0,True,0.0,0.0
1764901336.044725,0,leader,auto,1.0910552740097046,0.9374632835388184,0.5679330229759216,1.0512311363220215,1.0,0.2438443183898924,-0.039824137687683114,0.06253671646118164,-0.32408870458602923,0,0,0,0,1.0,0,0,0,0,0,0,False,,,,,,,,,,,,,,,
1764901336.1450963,1,follower,auto,0.16379611194133759,0.9772989153862,0.5155711770057678,0.25123113632202143,1.0,0.2438443183898924,0.08743502438068385,0.02270108461380005,-0.2717268586158754,0,0,0,0,1.0,0,0,0,0,0,0,False,,,,,,,,,,,,,,,
1764901336.1462314,0,follower,auto,1.1301994323730469,0.9248108267784119,0.5048106908798218,1.0573859739303588,1.0,0.21307013034820538,-0.07281345844268805,0.07518917322158813,-0.2917405605316164,-20,-7.472862902188551,7.082802264311263,0,,,,,,,,True,-7.0,-29.0,0.0,optimal,0,-7.0,-29.0,2.289075054391961,1.4237023613916957,0.0,True,0.0,True,0.0,0.0
1764901336.247089,1,follower,auto,0.16398194432258606,0.9721688032150269,0.43191465735435486,0.2573859739303588,1.0,0.21307013034820538,0.09340402960777272,0.027831196784973145,-0.21884452700614948,-17.01360682286744,17.0750900757235,2.174874553576137,0,,,,,,,,True,17.972223066715355,-17.495679973539424,9.632291814866893,infeasible,0,9.0,-21.0,0.5109477843847348,-0.17346339723032228,0.0,True,0.0,True,0.0,0.0
1764901337.3612998,0,leader,auto,1.1301994323730469,0.9248108267784119,0.5048106908798218,1.0573859739303588,1.0,0.21307013034820538,-0.07281345844268805,0.07518917322158813,-0.2917405605316164,0,0,0,0,1.0,0,0,0,0,0,0,False,,,,,,,,,,,,,,,
1764901337.461712,1,follower,auto,0.16398194432258606,0.9721688032150269,0.43191465735435486,0.2573859739303588,1.0,0.21307013034820538,0.09340402960777272,0.027831196784973145,-0.21884452700614948,0,0,0,0,1.0,0,0,0,0,0,0,False,,,,,,,,,,,,,,,
1764901337.4632404,0,follower,auto,1.230178952217102,0.9549791216850281,0.255202978849411,1.0653003406524657,1.0,0.1734982967376707,-0.16487861156463635,0.045020878314971924,-0.08170468211174031,-8.037034182812903,-16.56016363158949,4.305296105271085,0,,,,,,,,True,-16.0,-8.0,0.0,optimal,0,-16.0,-8.0,2.125743374627832,1.6474282803717648,0.0,True,0.0,True,0.0,0.0
1764901337.5642738,1,follower,auto,0.24428854882717133,0.9440710544586182,0.15226204693317413,0.26530034065246566,1.0,0.1734982967376707,0.021011791825294335,0.055928945541381836,0.021236249804496565,8.041869609838947,11.978471266970686,5.438874946384139,0,,,,,,,,True,12.221961046247296,8.962692771652822,12.368006236391684,optimal,0,2.0,2.0,0.1328380924884081,-0.17569515425658294,0.0,True,0.0,True,0.0,0.0
1764901337.769838,0,leader,auto,1.230178952217102,0.9549791216850281,0.255202978849411,1.0653003406524657,1.0,0.1734982967376707,-0.16487861156463635,0.045020878314971924,-0.08170468211174031,0,0,0,0,1.0,0,0,0,0,0,0,False,,,,,,,,,,,,,,,
1764901337.8702877,1,follower,auto,0.24428854882717133,0.9440710544586182,0.15226204693317413,0.26530034065246566,1.0,0.1734982967376707,0.021011791825294335,0.055928945541381836,0.021236249804496565,0,0,0,0,1.0,0,0,0,0,0,0,False,,,,,,,,,,,,,,,
1764901337.872475,0,follower,auto,1.235382318496704,0.952690839767456,0.17550547420978546,1.0916444492340087,1.0,0.041777753829955855,-0.14373786926269538,0.047309160232543945,-0.1337277203798296,-13.011343618829887,-14.447637254909061,4.16050509954259,0,,,,,,,,True,-14.0,-13.0,0.0,optimal,0,-14.0,-13.0,2.0266300459403612,1.1433904695621717,0.0,True,0.0,True,0.0,0.0
1764901337.973612,1,follower,auto,0.2895391881465912,0.9419979453086853,0.06961703300476074,0.2916444492340087,1.0,0.041777753829955855,0.002105261087417487,0.0580020546913147,-0.027839279174804887,1.018289599682756,3.974357498468653,5.2672977893497075,0,,,,,,,,True,4.54953916551431,1.9099563048150303,5.998838631277845,optimal,0,0.0,-2.0,0.07411218102037037,-0.0811002930506462,0.0,True,0.0,True,0.0,0.0
1764901338.1757777,0,leader,auto,1.235382318496704,0.952690839767456,0.17550547420978546,1.0916444492340087,1.0,0.041777753829955855,-0.14373786926269538,0.047309160232543945,-0.1337277203798296,0,0,0,0,1.0,0,0,0,0,0,0,False,,,,,,,,,,,,,,,
1764901338.2761176,1,follower,auto,0.2895391881465912,0.9419979453086853,0.06961703300476074,0.2916444492340087,1.0,0.041777753829955855,0.002105261087417487,0.0580020546913147,-0.027839279174804887,0,0,0,0,1.0,0,0,0,0,0,0,False,,,,,,,,,,,,,,,
1764901338.2771683,0,follower,auto,1.2185322046279907,0.951301634311676,0.11367540806531906,1.0998287773132323,1.0,0.0008561134338376866,-0.11870342731475847,0.048698365688323975,-0.11281929463148138,-10.99104614979024,-11.3618381898151,4.095280908151761,0,,,,,,,,True,-11.0,-11.0,0.0,optimal,0,-11.0,-11.0,1.8988311220308833,0.9356990846152826,0.0,True,0.0,True,0.0,0.0
1764901339.1817267,1,follower,auto,0.3424503207206726,0.9733474254608154,0.008631482720375061,0.2998287773132322,1.0,0.0008561134338376866,-0.0426215434074404,0.02665257453918457,-0.007775369286537374,-0.044620002071300825,-4.060782620685787,2.1878076352162816,0,,,,,,,,True,-4.0,0.0,0.0,optimal,0,-4.0,0.0,0.06295833566428782,0.08308459516591832,0.0,True,0.0,True,0.0,0.0
1764901340.2568972,0,leader,auto,1.2185322046279907,0.951301634311676,0.11367540806531906,1.0998287773132323,1.0,0.0008561134338376866,-0.11870342731475847,0.048698365688323975,-0.11281929463148138,0,0,0,0,1.0,0,0,0,0,0,0,False,,,,,,,,,,,,,,,
1764901340.3572853,1,follower,auto,0.3424503207206726,0.9733474254608154,0.008631482720375061,0.2998287773132322,1.0,0.0008561134338376866,-0.0426215434074404,0.02665257453918457,-0.007775369286537374,0,0,0,0,1.0,0,0,0,0,0,0,False,,,,,,,,,,,,,,,
1764901340.3605742,0,follower,auto,1.0414743423461914,0.9502963423728943,-0.09450787305831909,1.1239954185485839,1.0,-0.11997709274292012,0.08252107620239246,0.04970365762710571,-0.02546921968460103,-1.9942219542443609,7.954143481834348,4.342474151891074,0,,,,,,,,True,8.0,-2.0,0.0,optimal,0,8.0,-2.0,1.2156824077155965,0.6792960127637249,0.0,True,0.0,True,0.0,0.0
1764901341.1622186,1,follower,auto,0.3967498540878296,0.9612558484077454,-0.003214038209989667,0.3239954185485838,1.0,-0.11997709274292012,-0.07275443553924577,0.03874415159225464,-0.11676305453293045,-9.999975836384367,-6.161454230552164,3.019688701707383,0,,,,,,,,True,-6.2901840810034395,-10.147354034393059,1.1094339915140172,optimal,0,-7.0,-11.0,0.11290668018547151,-0.015505972912387533,0.0,True,0.0,True,0.0,0.0
1764901341.5892854,0,leader,auto,1.0414743423461914,0.9502963423728943,-0.09450787305831909,1.1239954185485839,1.0,-0.11997709274292012,0.08252107620239246,0.04970365762710571,-0.02546921968460103,0,0,0,0,1.0,0,0,0,0,0,0,False,,,,,,,,,,,,,,,
1764901341.6896112,1,follower,auto,0.3967498540878296,0.9612558484077454,-0.003214038209989667,0.3239954185485838,1.0,-0.11997709274292012,-0.07275443553924577,0.03874415159225464,-0.11676305453293045,0,0,0,0,1.0,0,0,0,0,0,0,False,,,,,,,,,,,,,,,
1764901341.6905496,0,follower,auto,1.0631380081176758,0.9357703328132629,-0.13542158901691437,1.16360200881958,1.0,-0.31801004409790057,0.1004640007019042,0.06422966718673706,-0.1825884550809862,-17.96888824364483,9.74774944179762,6.2073315406728655,0,,,,,,,,True,10.0,-18.0,0.0,optimal,0,10.0,-18.0,1.2384350453064412,0.9346115828803554,0.0,True,0.0,True,0.0,0.0
1764901341.7912757,1,follower,auto,0.3668697476387024,0.9654285907745361,0.018247544765472412,0.36360200881957994,1.0,-0.31801004409790057,-0.0032677388191224566,0.03457140922546387,-0.336257588863373,-18.01632597688081,9.965210048840866,2.92582700296542,0,,,,,,,,True,10.842127759054888,-18.1406592491946,16.0684690430477,optimal,0,0.0,-30.0,0.09992182844340652,-0.22214893661521573,0.0,True,0.0,True,0.0,0.0
1764901341.8525898,0,leader,auto,1.0631380081176758,0.9357703328132629,-0.13542158901691437,1.16360200881958,1.0,-0.31801004409790057,0.1004640007019042,0.06422966718673706,-0.1825884550809862,0,0,0,0,1.0,0,0,0,0,0,0,False,,,,,,,,,,,,,,,
1764901341.852714,1,follower,auto,0.3668697476387024,0.9654285907745361,0.018247544765472412,0.36360200881957994,1.0,-0.31801004409790057,-0.0032677388191224566,0.03457140922546387,-0.336257588863373,0,0,0,0,1.0,0,0,0,0,0,0,False,,,,,,,,,,,,,,,
1764901341.9539914,0,follower,auto,1.077449083328247,0.9407745599746704,-0.13509108126163483,1.1761822938919066,1.0,-0.38091146945953386,0.09873321056365958,0.05922544002532959,-0.24582038819789903,-20,8.694634150724138,5.1054596864622495,0,,,,,,,,True,9.0,-24.0,0.0,optimal,0,9.0,-24.0,1.2750346794709815,1.2486615931745437,0.0,True,0.0,True,0.0,0.0
1764901341.9553874,1,follower,auto,0.36461925506591797,0.9647510647773743,0.01500171609222889,0.3761822938919066,1.0,-0.38091146945953386,0.011563038825988636,0.03524893522262573,-0.39591318555176275,-16.010377301821833,12.968857362343796,2.9381611809858708,0,,,,,,,,True,13.03910155317318,-16.80099825259952,17.864870929718407,optimal,0,1.0,-30.0,0.09402167076913287,-0.24574623289782865,0.0,True,0.0,True,0.0,0.0
1764901342.157419,0,leader,auto,1.077449083328247,0.9407745599746704,-0.13509108126163483,1.1761822938919066,1.0,-0.38091146945953386,0.09873321056365958,0.05922544002532959,-0.24582038819789903,0,0,0,0,1.0,0,0,0,0,0,0,False,,,,,,,,,,,,,,,
1764901342.1575665,1,follower,auto,0.36461925506591797,0.9647510647773743,0.01500171609222889,0.3761822938919066,1.0,-0.38091146945953386,0.011563038825988636,0.03524893522262573,-0.39591318555176275,0,0,0,0,1.0,0,0,0,0,0,0,False,,,,,,,,,,,,,,,
1764901342.2586977,0,follower,auto,1.1046401262283325,0.9497168064117432,-0.1440989375114441,1.1794639110565184,1.0,-0.39731955528259294,0.07482378482818586,0.050283193588256836,-0.25322061777114885,-20,6.651702064651407,5.086225328209003,0,,,,,,,,True,7.0,-25.0,0.0,optimal,0,7.0,-25.0,1.3387514252455623,1.2376071246543874,0.0,True,0.0,True,0.0,0.0
1764901342.2595057,1,follower,auto,0.3612019717693329,0.9605616331100464,0.003875385969877243,0.37946391105651833,1.0,-0.39731955528259294,0.018261939287185447,0.03943836688995361,-0.4011949412524702,-11.999368294253864,15.982190452168563,2.9522300068543563,0,,,,,,,,True,16.30879660321291,-12.94950085207703,22.91459741369822,infeasible,0,1.0,-30.0,0.07883805770407987,-0.3110849916955911,0.0,True,0.0,True,0.0,0.0
1764901342.5649936,0,leader,auto,1.1046401262283325,0.9497168064117432,-0.1440989375114441,1.1794639110565184,1.0,-0.39731955528259294,0.07482378482818586,0.050283193588256836,-0.25322061777114885,0,0,0,0,1.0,0,0,0,0,0,0,False,,,,,,,,,,,,,,,
1764901342.5652275,1,follower,auto,0.3612019717693329,0.9605616331100464,0.003875385969877243,0.37946391105651833,1.0,-0.39731955528259294,0.018261939287185447,0.03943836688995361,-0.4011949412524702,0,0,0,0,1.0,0,0,0,0,0,0,False,,,,,,,,,,,,,,,
1764901343.1682508,0,follower,auto,1.1460736989974976,0.9606157541275024,-0.17881301045417786,1.1855449819564818,1.0,-0.42772490978240985,0.03947128295898428,0.03938424587249756,-0.248911899328232,-20,2.608546384983706,3.1166376687175035,0,,,,,,,,True,3.0,-24.0,0.0,optimal,0,3.0,-24.0,1.4250754853863137,1.3327969182662196,0.0,True,0.0,True,0.0,0.0
1764901343.1692119,1,follower,auto,0.3640947937965393,0.9616982936859131,-0.02244371734559536,0.3855449819564818,1.0,-0.42772490978240985,0.021450188159942485,0.038301706314086914,-0.4052811924368145,-14.000330899052297,14.990570112618856,2.971800733886844,0,,,,,,,,True,15.48021308619839,-14.077022337709673,20.862822495604735,optimal,0,2.0,-30.0,0.05626293949105382,-0.27755332653367304,0.0,True,0.0,True,0.0,0.0
1764901343.6890273,0,leader,auto,1.1460736989974976,0.9606157541275024,-0.17881301045417786,1.1855449819564818,1.0,-0.42772490978240985,0.03947128295898428,0.03938424587249756,-0.248911899328232,0,0,0,0,1.0,0,0,0,0,0,0,False,,,,,,,,,,,,,,,
1764901343.6891522,1,follower,auto,0.3640947937965393,0.9616982936859131,-0.02244371734559536,0.3855449819564818,1.0,-0.42772490978240985,0.021450188159942485,0.038301706314086914,-0.4052811924368145,0,0,0,0,1.0,0,0,0,0,0,0,False,,,,,,,,,,,,,,,
1764901343.789994,0,follower,auto,1.2568047046661377,0.9688675403594971,-0.37740686535835266,1.2037392091751098,1.0,-0.5186960458755495,-0.0530654954910279,0.03113245964050293,-0.14128918051719686,-14.021122246312396,-5.493055916543768,3.3745725300225913,0,,,,,,,,True,-5.0,-14.0,0.0,optimal,0,-5.0,-14.0,1.6473090241986574,1.8391441248757088,0.0,True,0.0,True,0.0,0.0
1764901343.790804,1,follower,auto,0.4600711166858673,0.9556008577346802,-0.11775090545415878,0.40373920917510975,1.0,-0.5186960458755495,-0.05633190751075756,0.044399142265319824,-0.40094514042139073,-20,-3.1228603681585034,4.022274304954763,0,,,,,,,,True,-3.864839470949044,-28.039794760224012,2.2651697527471275,infeasible,0,-5.0,-30.0,0.09180824936404336,-0.03110020102703398,0.0,True,0.0,True,0.0,0.0
1764901344.1972723,0,leader,auto,1.2568047046661377,0.9688675403594971,-0.37740686535835266,1.2037392091751098,1.0,-0.5186960458755495,-0.0530654954910279,0.03113245964050293,-0.14128918051719686,0,0,0,0,1.0,0,0,0,0,0,0,False,,,,,,,,,,,,,,,
1764901344.197522,1,follower,auto,0.4600711166858673,0.9556008577346802,-0.11775090545415878,0.40373920917510975,1.0,-0.5186960458755495,-0.05633190751075756,0.044399142265319824,-0.40094514042139073,0,0,0,0,1.0,0,0,0,0,0,0,False,,,,,,,,,,,,,,,
1764901345.1008546,0,follower,auto,1.285050868988037,0.968656063079834,-0.47593027353286743,1.2161710262298584,1.0,-0.5808551311492922,-0.06887984275817871,0.031343936920166016,-0.10492485761642478,-10.008838481821805,-6.407836914931526,3.332130650484958,0,,,,,,,,True,-6.0,-10.0,0.0,optimal,0,-6.0,-10.0,1.7159554352143267,1.838336050661476,0.0,True,0.0,True,0.0,0.0
1764901345.1025245,1,follower,auto,0.5119118094444275,0.9580849409103394,-0.1703682541847229,0.41617102622985835,1.0,-0.5808551311492922,-0.09574078321456914,0.041915059089660645,-0.4104868769645693,-13.996374103619976,-1.1130474104005348,3.9773607537086475,0,,,,,,,,True,-1.6700884537193117,-14.169453767039327,17.445165442328264,optimal,0,-9.0,-30.0,0.12547551227566628,-0.2463502383517096,0.0,True,0.0,True,0.0,0.0
1764901345.884704,0,leader,auto,1.285050868988037,0.968656063079834,-0.47593027353286743,1.2161710262298584,1.0,-0.5808551311492922,-0.06887984275817871,0.031343936920166016,-0.10492485761642478,0,0,0,0,1.0,0,0,0,0,0,0,False,,,,,,,,,,,,,,,
1764901345.8849063,1,follower,auto,0.5119118094444275,0.9580849409103394,-0.1703682541847229,0.41617102622985835,1.0,-0.5808551311492922,-0.09574078321456914,0.041915059089660645,-0.4104868769645693,0,0,0,0,1.0,0,0,0,0,0,0,False,,,,,,,,,,,,,,,
1764901345.9900763,0,follower,auto,1.3214644193649292,0.9547340273857117,-0.7226940393447876,1.2424066638946534,1.0,-0.7120333194732669,-0.07905775547027583,0.04526597261428833,0.01066071987152073,1.0273559062724742,-7.396452751062748,4.491877507509112,0,,,,,,,,True,-7.0,1.0,0.0,optimal,0,-7.0,1.0,1.8744466145531586,2.235145952395379,0.0,True,0.0,True,0.0,0.0
1764901345.991187,1,follower,auto,0.5461403131484985,0.9812428951263428,-0.4374159872531891,0.44240666389465333,1.0,-0.7120333194732669,-0.1037336492538452,0.018757104873657227,-0.2746173322200778,-20,-9.084021534678884,1.2483724023382565,0,,,,,,,,True,-9.503940862318649,-21.085874265890716,5.9348932481495265,infeasible,0,-10.0,-27.0,0.07064212555683241,-0.07998863397558692,0.0,True,0.0,True,0.0,0.0
1764901346.103339,0,leader,auto,1.3214644193649292,0.9547340273857117,-0.7226940393447876,1.2424066638946534,1.0,-0.7120333194732669,-0.07905775547027583,0.04526597261428833,0.01066071987152073,0,0,0,0,1.0,0,0,0,0,0,0,False,,,,,,,,,,,,,,,
1764901346.2038827,1,follower,auto,0.5461403131484985,0.9812428951263428,-0.4374159872531891,0.44240666389465333,1.0,-0.7120333194732669,-0.1037336492538452,0.018757104873657227,-0.2746173322200778,0,0,0,0,1.0,0,0,0,0,0,0,False,,,,,,,,,,,,,,,
1764901346.2056892,0,follower,auto,1.327986478805542,0.9549607038497925,-0.7528603672981262,1.2601843166351319,1.0,-0.8009215831756594,-0.06780216217041013,0.04503929615020752,-0.0480612158775332,-3.9818311801837254,-6.358856553525459,4.265915186268485,0,,,,,,,,True,-6.0,-4.0,0.0,optimal,0,-6.0,-4.0,1.9086810447627023,2.065274439789764,0.0,True,0.0,True,0.0,0.0
1764901346.6071074,1,follower,auto,0.5437155961990356,0.9873125553131104,-0.4759856164455414,0.4601843166351318,1.0,-0.8009215831756594,-0.08353127956390383,0.012687444686889648,-0.32493596673011804,-5.0300625138873745,-7.02564838373588,1.0427670926892967,0,,,,,,,,True,-7.210400175349024,-5.546417711816506,24.466326953755246,infeasible,0,-8.0,-30.0,0.06368957864718766,-0.3276985011066408,0.0,True,0.0,True,0.0,0.0
1764901348.216773,0,leader,auto,1.327986478805542,0.9549607038497925,-0.7528603672981262,1.2601843166351319,1.0,-0.8009215831756594,-0.06780216217041013,0.04503929615020752,-0.0480612158775332,0,0,0,0,1.0,0,0,0,0,0,0,False,,,,,,,,,,,,,,,
1764901348.317125,1,follower,auto,0.5437155961990356,0.9873125553131104,-0.4759856164455414,0.4601843166351318,1.0,-0.8009215831756594,-0.08353127956390383,0.012687444686889648,-0.32493596673011804,0,0,0,0,1.0,0,0,0,0,0,0,False,,,,,,,,,,,,,,,
1764901348.3186908,0,follower,auto,1.3042638301849365,0.9636690616607666,-0.7907829880714417,1.2724981880187989,1.0,-0.8624909400939944,-0.03176564216613764,0.0363309383392334,-0.07170795202255276,-6.989397472121905,-3.3298900539549385,3.148427280802249,0,,,,,,,,True,-3.0,-7.0,0.0,optimal,0,-3.0,-7.0,1.8573644169544117,1.6377457766664711,0.0,True,0.0,True,0.0,0.0
1764901348.4199445,1,follower,auto,0.4686882197856903,1.0117660760879517,-0.6580295562744141,0.47249818801879884,1.0,-0.8624909400939944,0.0038099682331085294,-0.01176607608795166,-0.20446138381958034,1.9440453968824478,-4.896236395680685,-0.7786647307561574,0,,,,,,,,True,-5.239522523222894,2.1705804355802023,22.781291296190645,optimal,0,0.0,-20.0,-0.01788272406355612,-0.2817576968853292,0.0,True,0.0,True,0.0,0.0
1764901348.6329389,0,leader,auto,1.3042638301849365,0.9636690616607666,-0.7907829880714417,1.2724981880187989,1.0,-0.8624909400939944,-0.03176564216613764,0.0363309383392334,-0.07170795202255276,0,0,0,0,1.0,0,0,0,0,0,0,False,,,,,,,,,,,,,,,
1764901348.733282,1,follower,auto,0.4686882197856903,1.0117660760879517,-0.6580295562744141,0.47249818801879884,1.0,-0.8624909400939944,0.0038099682331085294,-0.01176607608795166,-0.20446138381958034,0,0,0,0,1.0,0,0,0,0,0,0,False,,,,,,,,,,,,,,,
1764901348.7348077,0,follower,auto,1.2823325395584106,0.965254545211792,-0.79412841796875,1.3087560796737672,1.0,-1.0437803983688356,0.026423540115356525,0.03474545478820801,-0.24965198040008563,-20,1.6860795848109664,3.088874328559255,0,,,,,,,,True,2.0,-24.0,0.0,optimal,0,2.0,-24.0,1.7938212840904868,0.8455806001883983,0.0,True,0.0,True,0.0,0.0
1764901348.8360243,1,follower,auto,0.45407217741012573,1.0258405208587646,-0.6587526202201843,0.5087560796737671,1.0,-1.0437803983688356,0.05468390226364139,-0.02584052085876465,-0.3850277781486513,8.946093932699608,-3.9430678801190195,-1.9728192613031488,0,,,,,,,,True,-4.5941632501078615,9.528640464155302,40.676300045778206,infeasible,0,5.0,-30.0,-0.0369871923112029,-0.49279828487808386,0.0,True,0.0,True,0.0,0.0
1764901348.942476,0,leader,auto,1.2823325395584106,0.965254545211792,-0.79412841796875,1.3087560796737672,1.0,-1.0437803983688356,0.026423540115356525,0.03474545478820801,-0.24965198040008563,0,0,0,0,1.0,0,0,0,0,0,0,False,,,,,,,,,,,,,,,
1764901349.14295,1,follower,auto,0.45407217741012573,1.0258405208587646,-0.6587526202201843,0.5087560796737671,1.0,-1.0437803983688356,0.05468390226364139,-0.02584052085876465,-0.3850277781486513,0,0,0,0,1.0,0,0,0,0,0,0,False,,,,,,,,,,,,,,,
1764901349.1439896,0,follower,auto,1.270127534866333,0.9657285213470459,-0.8111966848373413,1.3170779132843018,1.0,-1.085389566421509,0.046950378417968786,0.0342714786529541,-0.27419288158416766,-20,1.6786263748567802,3.099778165109639,-1,,,,,,,,True,2.0,-27.0,0.0,optimal,0,2.0,-27.0,1.7681183454259124,0.9242743302951568,0.0,True,0.0,True,0.0,0.0
1764901350.1487303,1,follower,auto,0.4440879821777344,1.0217578411102295,-0.6477033495903015,0.5170779132843017,1.0,-1.085389566421509,0.07298993110656737,-0.021757841110229492,-0.43768621683120745,8.973073874924017,-5.962964471544365,-2.0573777096720343,-1,,,,,,,,True,-6.120104627020261,9.769915866911433,40.80223666012698,optimal,0,3.0,-30.0,-0.053334391734019715,-0.4853231075541985,0.0,True,0.0,True,0.0,0.0
1764901353.3224845,0,leader,auto,1.270127534866333,0.9657285213470459,-0.8111966848373413,1.3170779132843018,1.0,-1.085389566421509,0.046950378417968786,0.0342714786529541,-0.27419288158416766,0,0,0,0,1.0,0,0,0,0,0,0,False,,,,,,,,,,,,,,,
1764901353.4228413,1,follower,auto,0.4440879821777344,1.0217578411102295,-0.6477033495903015,0.5170779132843017,1.0,-1.085389566421509,0.07298993110656737,-0.021757841110229492,-0.43768621683120745,0,0,0,0,1.0,0,0,0,0,0,0,False,,,,,,,,,,,,,,,
1764901353.4239366,0,follower,auto,1.2590794563293457,0.9963758587837219,-1.5820268392562866,1.3433513402938844,1.0,-1.2167567014694216,0.08427188396453866,0.003624141216278076,0.365270137786865,20,7.747669512407825,1.4987860960029615,0,,,,,,,,True,8.0,30.0,0.0,optimal,0,8.0,30.0,2.809694940753289,4.271113269836079,0.0,True,0.0,True,0.0,0.0
1764901353.5246878,1,follower,auto,0.6068890690803528,0.9810895919799805,-0.34820109605789185,0.5433513402938843,1.0,-1.2167567014694216,-0.06353772878646846,0.01891040802001953,-0.8685556054115298,-20,-4.2593797319547955,0.10780719574535469,0,,,,,,,,True,-4.87341862318055,-24.01164188424058,6.0934077921289775,optimal,0,-6.0,-30.0,0.18411287703938367,-0.09005318142385821,0.0,True,0.0,True,0.0,0.0
1764901353.6323087,0,leader,auto,1.2590794563293457,0.9963758587837219,-1.5820268392562866,1.3433513402938844,1.0,-1.2167567014694216,0.08427188396453866,0.003624141216278076,0.365270137786865,0,0,0,0,1.0,0,0,0,0,0,0,False,,,,,,,,,,,,,,,
1764901353.7327616,1,follower,auto,0.6068890690803528,0.9810895919799805,-0.34820109605789185,0.5433513402938843,1.0,-1.2167567014694216,-0.06353772878646846,0.01891040802001953,-0.8685556054115298,0,0,0,0,1.0,0,0,0,0,0,0,False,,,,,,,,,,,,,,,
1764901353.7344759,0,follower,auto,1.2638750076293945,0.9915107488632202,-1.670815348625183,1.4108488750457764,1.0,-1.5542443752288821,0.14697386741638185,0.008489251136779785,0.11657097339630096,10.988993359269195,13.72753329192902,0.9710430863578037,0,,,,,,,,True,14.0,11.0,0.0,optimal,0,14.0,11.0,3.023738618538269,4.613033390287223,0.0,True,0.0,True,0.0,0.0
1764901354.1361308,1,follower,auto,0.6141103506088257,0.978733241558075,-0.32558730244636536,0.6108488750457763,1.0,-1.5542443752288821,-0.003261475563049343,0.02126675844192505,-1.2286570727825168,-20,0.8686124328429514,1.2943150430209773,0,,,,,,,,True,1.3738693630247956,-23.58715687268761,6.558359093719701,optimal,0,0.0,-30.0,0.20319545203636075,-0.09828688011240844,0.0,True,0.0,True,0.0,0.0
1764901355.2481341,0,leader,auto,1.2638750076293945,0.9915107488632202,-1.670815348625183,1.4108488750457764,1.0,-1.5542443752288821,0.14697386741638185,0.008489251136779785,0.11657097339630096,0,0,0,0,1.0,0,0,0,0,0,0,False,,,,,,,,,,,,,,,
1764901355.3487504,1,follower,auto,0.6141103506088257,0.978733241558075,-0.32558730244636536,0.6108488750457763,1.0,-1.5542443752288821,-0.003261475563049343,0.02126675844192505,-1.2286570727825168,0,0,0,0,1.0,0,0,0,0,0,0,False,,,,,,,,,,,,,,,
1764901355.3513935,0,follower,auto,1.3646082878112793,0.9679896831512451,-1.6929357051849365,1.4230829000473022,1.0,-1.6154145002365115,0.058474612236022905,0.03201031684875488,0.07752120494842507,7.036159082013814,4.576418450341539,3.667234711202351,0,,,,,,,,True,5.0,7.0,0.0,optimal,0,5.0,7.0,3.381094690992825,3.934189629530478,0.0,True,0.0,True,0.0,0.0
1764901355.5525708,1,follower,auto,0.6579703092575073,0.9875481724739075,-0.46067649126052856,0.6230829000473022,1.0,-1.6154145002365115,-0.03488740921020517,0.01245182752609253,-1.1547380089759829,-20,-2.1149622138364608,0.6104567547824186,0,,,,,,,,True,-2.6375534956875346,-22.092050039214072,7.9162516414514315,optimal,0,-3.0,-30.0,0.24765938990700603,-0.1223827009511097,0.0,True,0.0,True,0.0,0.0
1764901356.328354,0,leader,auto,1.3646082878112793,0.9679896831512451,-1.6929357051849365,1.4230829000473022,1.0,-1.6154145002365115,0.058474612236022905,0.03201031684875488,0.07752120494842507,0,0,0,0,1.0,0,0,0,0,0,0,False,,,,,,,,,,,,,,,
1764901356.428835,1,follower,auto,0.6579703092575073,0.9875481724739075,-0.46067649126052856,0.6230829000473022,1.0,-1.6154145002365115,-0.03488740921020517,0.01245182752609253,-1.1547380089759829,0,0,0,0,1.0,0,0,0,0,0,0,False,,,,,,,,,,,,,,,
1764901357.1328819,0,follower,auto,1.4234718084335327,0.9750823974609375,-1.6459693908691406,1.4514090061187743,1.0,-1.7570450305938723,0.02793719768524161,0.0249176025390625,-0.11107563972473167,-11.004317019176945,1.5763956691223133,2.401515357956996,0,,,,,,,,True,2.0,-11.0,0.0,optimal,0,2.0,-11.0,3.4589065575874343,3.260545945947582,0.0,True,0.0,True,0.0,0.0
1764901360.8423886,1,follower,auto,0.6820474863052368,0.9661215543746948,-0.6559999585151672,0.6514090061187743,1.0,-1.7570450305938723,-0.030638480186462536,0.033878445625305176,-1.101045072078705,-20,-3.0776640772349686,2.868722094541377,0,,,,,,,,True,-3.162931923165799,-29.078758131507463,0.9355390915670634,infeasible,0,-3.0,-30.0,0.3123437551541208,-0.015083936057477543,0.0,True,0.0,True,0.0,0.0
1764901361.1794696,0,leader,auto,1.4234718084335327,0.9750823974609375,-1.6459693908691406,1.4514090061187743,1.0,-1.7570450305938723,0.02793719768524161,0.0249176025390625,-0.11107563972473167,0,0,0,0,1.0,0,0,0,0,0,0,False,,,,,,,,,,,,,,,
1764901361.2800815,1,follower,auto,0.6820474863052368,0.9661215543746948,-0.6559999585151672,0.6514090061187743,1.0,-1.7570450305938723,-0.030638480186462536,0.033878445625305176,-1.101045072078705,0,0,0,0,1.0,0,0,0,0,0,0,False,,,,,,,,,,,,,,,
1764901363.0884738,0,leader,auto,1.39363694190979,0.03265435993671417,-1.6487971544265747,1.5572074556350708,1.0,-2.286037278175354,0.16357051372528075,0.9673456400632858,-0.6372401237487795,0,0,0,0,1.0,0,0,0,0,0,0,False,,,,,,,,,,,,,,,
1764901363.189004,1,follower,auto,0.8337095379829407,0.052143048495054245,-1.1167006492614746,0.757207455635071,1.0,-2.286037278175354,-0.0765020823478697,0.9478569515049458,-1.1693366289138796,0,0,0,0,1.0,0,0,0,0,0,0,False,,,,,,,,,,,,,,,
1764901363.5854077,0,leader,auto,1.3936352729797363,0.03264055773615837,-1.6488457918167114,1.5659757900238036,1.0,-2.329878950119019,0.17234051704406728,0.9673594422638416,-0.6810331583023075,0,0,0,0,1.0,0,0,0,0,0,0,False,,,,,,,,,,,,,,,
1764901363.6858575,1,follower,auto,0.8337528705596924,0.05215314030647278,-1.1167705059051514,0.7659757900238039,1.0,-2.329878950119019,-0.06777708053588849,0.9478468596935272,-1.2131084442138675,0,0,0,0,1.0,0,0,0,0,0,0,False,,,,,,,,,,,,,,,
1764901363.8005936,0,leader,auto,1.3936386108398438,0.03263743966817856,-1.648842215538025,1.6041440486907959,1.0,-2.52072024345398,0.2105054378509521,0.9673625603318214,-0.871878027915955,0,0,0,0,1.0,0,0,0,0,0,0,False,,,,,,,,,,,,,,,
1764901363.9011889,1,follower,auto,0.8337568640708923,0.052137963473796844,-1.1167666912078857,0.804144048690796,1.0,-2.52072024345398,-0.029612815380096302,0.9478620365262032,-1.4039535522460942,0,0,0,0,1.0,0,0,0,0,0,0,False,,,,,,,,,,,,,,,
1764901364.0040734,0,leader,auto,1.3936458826065063,0.03261779248714447,-1.6488685607910156,1.6140806913375854,1.0,-2.5704034566879277,0.220434808731079,0.9673822075128555,-0.9215348958969121,0,0,0,0,1.0,0,0,0,0,0,0,False,,,,,,,,,,,,,,,
1764901364.1044328,1,follower,auto,0.8337722420692444,0.052117396146059036,-1.116803765296936,0.8140806913375855,1.0,-2.5704034566879277,-0.019691550731658847,0.947882603853941,-1.4535996913909917,0,0,0,0,1.0,0,0,0,0,0,0,False,,,,,,,,,,,,,,,
1764901364.206125,0,leader,auto,1.3936488628387451,0.032620593905448914,-1.6488546133041382,1.6183978414535523,1.0,-2.5919892072677615,0.22474897861480714,0.9673794060945511,-0.9431345939636233,0,0,0,0,1.0,0,0,0,0,0,0,False,,,,,,,,,,,,,,,
1764901364.3064177,1,follower,auto,0.8337713479995728,0.05212393403053284,-1.1167906522750854,0.8183978414535523,1.0,-2.5919892072677615,-0.015373506546020432,0.9478760659694672,-1.475198554992676,0,0,0,0,1.0,0,0,0,0,0,0,False,,,,,,,,,,,,,,,
1764901365.0110617,0,leader,auto,1.393642783164978,0.032633427530527115,-1.648834228515625,1.622451171875,1.0,-2.6122558593750003,0.22880838871002207,0.9673665724694729,-0.9634216308593753,0,0,0,0,1.0,0,0,0,0,0,0,False,,,,,,,,,,,,,,,
1764901365.1114845,1,follower,auto,0.8337780237197876,0.05212019383907318,-1.1167935132980347,0.822451171875,1.0,-2.6122558593750003,-0.011326851844787544,0.9478798061609268,-1.4954623460769656,0,0,0,0,1.0,0,0,0,0,0,0,False,,,,,,,,,,,,,,,
1764901365.277787,0,leader,auto,1.393649697303772,0.03263580799102783,-1.6488534212112427,1.6264977788925172,1.0,-2.6324888944625857,0.23284808158874526,0.9673641920089722,-0.983635473251343,0,0,0,0,1.0,0,0,0,0,0,0,False,,,,,,,,,,,,,,,
1764901365.378182,1,follower,auto,0.8337675333023071,0.05213940516114235,-1.1167854070663452,0.8264977788925172,1.0,-2.6324888944625857,-0.007269754409789941,0.9478605948388577,-1.5157034873962405,0,0,0,0,1.0,0,0,0,0,0,0,False,,,,,,,,,,,,,,,
1764901365.4813888,0,leader,auto,1.3936442136764526,0.032627638429403305,-1.6488710641860962,1.6425967359542848,1.0,-2.7129836797714235,0.24895252227783216,0.9673723615705967,-1.0641126155853273,0,0,0,0,1.0,0,0,0,0,0,0,False,,,,,,,,,,,,,,,
1764901365.581822,1,follower,auto,0.833769679069519,0.052153486758470535,-1.1167736053466797,0.8425967359542847,1.0,-2.7129836797714235,0.008827056884765705,0.9478465132415295,-1.5962100744247438,0,0,0,0,1.0,0,0,0,0,0,0,False,,,,,,,,,,,,,,,
