timestamp,drone_id,role,mode,x,y,z,target_x,target_y,target_z,error_x,error_y,error_z,rc_lr,rc_fb,rc_ud,rc_yaw,trust,obs_error_x,obs_error_y,obs_error_z,obs_state_x,obs_state_y,obs_state_z
1762584222.4239995,0,leader,manual,-0.32910484075546265,0.050160229206085205,0.04836108908057213,0,1,0,0.32910484075546265,0.9498397707939148,-0.04836108908057213,0,0,0,0,1.0,0.0,0.0,0.0,0.0,0.0,0.0
1762584222.4242723,1,follower,manual,0.07094935327768326,0.05829159915447235,0.8326870203018188,0.5,1,0.5,0.42905064672231674,0.9417084008455276,-0.33268702030181885,0,0,0,0,1.0,0.0,0.0,0.0,0.0,0.0,0.0
1762584222.4249911,2,follower,manual,0.03379424661397934,0.050175152719020844,-0.5886083841323853,0.5,1,-0.5,0.46620575338602066,0.9498248472809792,0.08860838413238525,0,0,0,0,1.0,0.0,0.0,0.0,0.0,0.0,0.0
1762584222.5480487,0,leader,manual,-0.32903993129730225,0.05016908049583435,0.04837886244058609,0,1,0,0.32903993129730225,0.9498309195041656,-0.04837886244058609,0,0,0,0,1.0,0.0,0.0,0.0,0.0,0.0,0.0
1762584222.6484687,1,follower,manual,0.07094831019639969,0.058283958584070206,0.8326853513717651,0.5,1,0.5,0.4290516898036003,0.9417160414159298,-0.33268535137176514,0,0,0,0,1.0,0.0,0.0,0.0,0.0,0.0,0.0
1762584222.6487112,2,follower,manual,0.03379744663834572,0.05016690492630005,-0.5886052846908569,0.5,1,-0.5,0.4662025533616543,0.9498330950737,0.08860528469085693,0,0,0,0,1.0,0.0,0.0,0.0,0.0,0.0,0.0
1762584222.7970927,0,leader,manual,-0.3290937840938568,0.050148192793130875,0.048376742750406265,0,1,0,0.3290937840938568,0.9498518072068691,-0.048376742750406265,0,0,0,0,1.0,0.0,0.0,0.0,0.0,0.0,0.0
1762584222.7973046,1,follower,manual,0.07094118744134903,0.05829186737537384,0.8326796293258667,0.5,1,0.5,0.42905881255865097,0.9417081326246262,-0.3326796293258667,0,0,0,0,1.0,0.0,0.0,0.0,0.0,0.0,0.0
1762584222.8994637,2,follower,manual,0.03379625827074051,0.050166238099336624,-0.588606595993042,0.5,1,-0.5,0.4662037417292595,0.9498337619006634,0.08860659599304199,0,0,0,0,1.0,0.0,0.0,0.0,0.0,0.0,0.0
1762584223.0341237,0,leader,manual,-0.3291037976741791,0.05015682801604271,0.04837849736213684,0,1,0,0.3291037976741791,0.9498431719839573,-0.04837849736213684,0,0,0,0,1.0,0.0,0.0,0.0,0.0,0.0,0.0
1762584223.0343328,1,follower,manual,0.07080335915088654,0.058258410543203354,0.8324924111366272,0.5,1,0.5,0.42919664084911346,0.9417415894567966,-0.3324924111366272,0,0,0,0,1.0,0.0,0.0,0.0,0.0,0.0,0.0
1762584223.134721,2,follower,manual,0.033803630620241165,0.05016236752271652,-0.5886311531066895,0.5,1,-0.5,0.46619636937975883,0.9498376324772835,0.08863115310668945,0,0,0,0,1.0,0.0,0.0,0.0,0.0,0.0,0.0
1762584223.3051705,0,leader,manual,-0.32903730869293213,0.05021514371037483,0.048364970833063126,0,1,0,0.32903730869293213,0.9497848562896252,-0.048364970833063126,0,0,0,0,1.0,0.0,0.0,0.0,0.0,0.0,0.0
1762584223.3053749,1,follower,manual,0.07080131769180298,0.05824478343129158,0.8324891924858093,0.5,1,0.5,0.429198682308197,0.9417552165687084,-0.3324891924858093,0,0,0,0,1.0,0.0,0.0,0.0,0.0,0.0,0.0
1762584223.405757,2,follower,manual,0.03379491716623306,0.05017270892858505,-0.5886132121086121,0.5,1,-0.5,0.46620508283376694,0.949827291071415,0.08861321210861206,0,0,0,0,1.0,0.0,0.0,0.0,0.0,0.0,0.0
1762584223.52785,0,leader,manual,-0.32906413078308105,0.05016474425792694,0.048359356820583344,0,1,0,0.32906413078308105,0.9498352557420731,-0.048359356820583344,0,0,0,0,1.0,0.0,0.0,0.0,0.0,0.0,0.0
1762584223.529322,1,follower,manual,0.07081320136785507,0.05822628736495972,0.8324905037879944,0.5,1,0.5,0.42918679863214493,0.9417737126350403,-0.3324905037879944,0,0,0,0,1.0,0.0,0.0,0.0,0.0,0.0,0.0
1762584223.6328433,2,follower,manual,0.03379007801413536,0.05014599487185478,-0.5886168479919434,0.5,1,-0.5,0.46620992198586464,0.9498540051281452,0.08861684799194336,0,0,0,0,1.0,0.0,0.0,0.0,0.0,0.0,0.0
1762584223.8094842,0,leader,manual,-0.3290891945362091,0.05016990751028061,0.04840168356895447,0,1,0,0.3290891945362091,0.9498300924897194,-0.04840168356895447,0,0,0,0,1.0,0.0,0.0,0.0,0.0,0.0,0.0
1762584223.8096752,1,follower,manual,0.07081472128629684,0.05822879076004028,0.8324928879737854,0.5,1,0.5,0.42918527871370316,0.9417712092399597,-0.3324928879737854,0,0,0,0,1.0,0.0,0.0,0.0,0.0,0.0,0.0
1762584223.91006,2,follower,manual,0.033802397549152374,0.0501578114926815,-0.5886212587356567,0.5,1,-0.5,0.4661976024508476,0.9498421885073185,0.08862125873565674,0,0,0,0,1.0,0.0,0.0,0.0,0.0,0.0,0.0
1762584224.0384777,0,leader,manual,-0.3290943205356598,0.050161946564912796,0.048368342220783234,0,1,0,0.3290943205356598,0.9498380534350872,-0.048368342220783234,0,0,0,0,1.0,0.0,0.0,0.0,0.0,0.0,0.0
1762584224.0386717,1,follower,manual,0.07081088423728943,0.05824199691414833,0.8324770331382751,0.5,1,0.5,0.42918911576271057,0.9417580030858517,-0.33247703313827515,0,0,0,0,1.0,0.0,0.0,0.0,0.0,0.0,0.0
1762584224.1391032,2,follower,manual,0.03379414603114128,0.05017674341797829,-0.5886114239692688,0.5,1,-0.5,0.4662058539688587,0.9498232565820217,0.0886114239692688,0,0,0,0,1.0,0.0,0.0,0.0,0.0,0.0,0.0
1762584224.310272,0,leader,manual,-0.32908475399017334,0.0501432865858078,0.04838702455163002,0,1,0,0.32908475399017334,0.9498567134141922,-0.04838702455163002,0,0,0,0,1.0,0.0,0.0,0.0,0.0,0.0,0.0
1762584224.3104937,1,follower,manual,0.07081925123929977,0.05823934078216553,0.8324891328811646,0.5,1,0.5,0.4291807487607002,0.9417606592178345,-0.33248913288116455,0,0,0,0,1.0,0.0,0.0,0.0,0.0,0.0,0.0
1762584224.4109187,2,follower,manual,0.03379867970943451,0.05018024891614914,-0.588617205619812,0.5,1,-0.5,0.4662013202905655,0.9498197510838509,0.08861720561981201,0,0,0,0,1.0,0.0,0.0,0.0,0.0,0.0,0.0
1762584224.523431,0,leader,manual,-0.32903820276260376,0.050170861184597015,0.048421528190374374,0,1,0,0.32903820276260376,0.949829138815403,-0.048421528190374374,0,0,0,0,1.0,0.0,0.0,0.0,0.0,0.0,0.0
1762584224.523654,1,follower,manual,0.0708184763789177,0.05823489651083946,0.8324994444847107,0.5,1,0.5,0.4291815236210823,0.9417651034891605,-0.3324994444847107,0,0,0,0,1.0,0.0,0.0,0.0,0.0,0.0,0.0
1762584224.6241145,2,follower,manual,0.03379138559103012,0.05016101151704788,-0.588597297668457,0.5,1,-0.5,0.4662086144089699,0.9498389884829521,0.08859729766845703,0,0,0,0,1.0,0.0,0.0,0.0,0.0,0.0,0.0
1762584224.7673728,0,leader,manual,-0.3302852213382721,0.049076490104198456,0.04996202513575554,0,1,0,0.3302852213382721,0.9509235098958015,-0.04996202513575554,0,0,0,0,1.0,0.0,0.0,0.0,0.0,0.0,0.0
1762584224.767554,1,follower,manual,0.07081685960292816,0.05824996158480644,0.8325033187866211,0.5,1,0.5,0.42918314039707184,0.9417500384151936,-0.3325033187866211,0,0,0,0,1.0,0.0,0.0,0.0,0.0,0.0,0.0
1762584224.8679843,2,follower,manual,0.03379213064908981,0.05016275867819786,-0.5886035561561584,0.5,1,-0.5,0.4662078693509102,0.9498372413218021,0.08860355615615845,0,0,0,0,1.0,0.0,0.0,0.0,0.0,0.0,0.0
1762584225.0412452,0,leader,manual,-0.3313212990760803,0.052352339029312134,0.048745304346084595,0,1,0,0.3313212990760803,0.9476476609706879,-0.048745304346084595,0,0,0,0,1.0,0.0,0.0,0.0,0.0,0.0,0.0
1762584225.0413682,1,follower,manual,0.07094541192054749,0.058286845684051514,0.8326757550239563,0.5,1,0.5,0.4290545880794525,0.9417131543159485,-0.3326757550239563,0,0,0,0,1.0,0.0,0.0,0.0,0.0,0.0,0.0
1762584225.1417403,2,follower,manual,0.033724404871463776,0.05024239048361778,-0.5886318683624268,0.5,1,-0.5,0.4662755951285362,0.9497576095163822,0.08863186836242676,0,0,0,0,1.0,0.0,0.0,0.0,0.0,0.0,0.0
1762584225.3312669,0,leader,manual,-0.3313046991825104,0.05233759060502052,0.04873509332537651,0,1,0,0.3313046991825104,0.9476624093949795,-0.04873509332537651,0,0,0,0,1.0,0.0,0.0,0.0,0.0,0.0,0.0
1762584225.3314633,1,follower,manual,0.07095398753881454,0.058284495025873184,0.8326773643493652,0.5,1,0.5,0.42904601246118546,0.9417155049741268,-0.33267736434936523,0,0,0,0,1.0,0.0,0.0,0.0,0.0,0.0,0.0
1762584225.4335725,2,follower,manual,0.033363617956638336,0.05054173246026039,-0.5888582468032837,0.5,1,-0.5,0.46663638204336166,0.9494582675397396,0.08885824680328369,0,0,0,0,1.0,0.0,0.0,0.0,0.0,0.0,0.0
1762584225.573202,0,leader,manual,-0.3290546238422394,0.05019141361117363,0.04838520660996437,0,1,0,0.3290546238422394,0.9498085863888264,-0.04838520660996437,0,0,0,0,1.0,0.0,0.0,0.0,0.0,0.0,0.0
1762584225.5734475,1,follower,manual,0.07094632834196091,0.05828593298792839,0.8326799869537354,0.5,1,0.5,0.4290536716580391,0.9417140670120716,-0.33267998695373535,0,0,0,0,1.0,0.0,0.0,0.0,0.0,0.0,0.0
1762584225.6742153,2,follower,manual,0.03335469216108322,0.050545938313007355,-0.5888603329658508,0.5,1,-0.5,0.4666453078389168,0.9494540616869926,0.08886033296585083,0,0,0,0,1.0,0.0,0.0,0.0,0.0,0.0,0.0
1762584225.81259,0,leader,manual,-0.3290967643260956,0.050185009837150574,0.04836029186844826,0,1,0,0.3290967643260956,0.9498149901628494,-0.04836029186844826,0,0,0,0,1.0,0.0,0.0,0.0,0.0,0.0,0.0
1762584225.8127797,1,follower,manual,0.07094651460647583,0.058294132351875305,0.8326706886291504,0.5,1,0.5,0.42905348539352417,0.9417058676481247,-0.3326706886291504,0,0,0,0,1.0,0.0,0.0,0.0,0.0,0.0,0.0
1762584225.9131932,2,follower,manual,0.03379698842763901,0.05017254501581192,-0.5886138081550598,0.5,1,-0.5,0.466203011572361,0.9498274549841881,0.08861380815505981,0,0,0,0,1.0,0.0,0.0,0.0,0.0,0.0,0.0
1762584226.0945532,0,leader,manual,-0.32908156514167786,0.05017729103565216,0.04838661849498749,0,1,0,0.32908156514167786,0.9498227089643478,-0.04838661849498749,0,0,0,0,1.0,0.0,0.0,0.0,0.0,0.0,0.0
1762584226.0947678,1,follower,manual,0.07094644755125046,0.0582866296172142,0.832671582698822,0.5,1,0.5,0.42905355244874954,0.9417133703827858,-0.332671582698822,0,0,0,0,1.0,0.0,0.0,0.0,0.0,0.0,0.0
1762584226.1951747,2,follower,manual,0.034144386649131775,0.05044632777571678,-0.5884749889373779,0.5,1,-0.5,0.4658556133508682,0.9495536722242832,0.08847498893737793,0,0,0,0,1.0,0.0,0.0,0.0,0.0,0.0,0.0
1762584226.399719,0,leader,manual,-0.3301006257534027,0.049334943294525146,0.05018259212374687,0,1,0,0.3301006257534027,0.9506650567054749,-0.05018259212374687,0,0,0,0,1.0,0.0,0.0,0.0,0.0,0.0,0.0
1762584226.3999388,1,follower,manual,0.0709526464343071,0.058490101248025894,0.832808256149292,0.5,1,0.5,0.4290473535656929,0.9415098987519741,-0.332808256149292,0,0,0,0,1.0,0.0,0.0,0.0,0.0,0.0,0.0
1762584226.500746,2,follower,manual,0.03379839286208153,0.05017195641994476,-0.5886194109916687,0.5,1,-0.5,0.4662016071379185,0.9498280435800552,0.0886194109916687,0,0,0,0,1.0,0.0,0.0,0.0,0.0,0.0,0.0
1762584226.6176133,0,leader,manual,-0.32910236716270447,0.050166577100753784,0.048378799110651016,0,1,0,0.32910236716270447,0.9498334228992462,-0.048378799110651016,0,0,0,0,1.0,0.0,0.0,0.0,0.0,0.0,0.0
1762584226.6177952,1,follower,manual,0.07093268632888794,0.05826908349990845,0.8326613903045654,0.5,1,0.5,0.42906731367111206,0.9417309165000916,-0.33266139030456543,0,0,0,0,1.0,0.0,0.0,0.0,0.0,0.0,0.0
1762584226.7181768,2,follower,manual,0.03379586711525917,0.050174690783023834,-0.588638961315155,0.5,1,-0.5,0.46620413288474083,0.9498253092169762,0.08863896131515503,0,0,0,0,1.0,0.0,0.0,0.0,0.0,0.0,0.0
1762584226.8348553,0,leader,manual,-0.3290235996246338,0.05019154027104378,0.04851571097970009,0,1,0,0.3290235996246338,0.9498084597289562,-0.04851571097970009,0,0,0,0,1.0,0.0,0.0,0.0,0.0,0.0,0.0
1762584226.835038,1,follower,manual,0.07095709443092346,0.05830992013216019,0.8326816558837891,0.5,1,0.5,0.42904290556907654,0.9416900798678398,-0.33268165588378906,0,0,0,0,1.0,0.0,0.0,0.0,0.0,0.0,0.0
1762584226.9354858,2,follower,manual,0.033805593848228455,0.050226885825395584,-0.5885898470878601,0.5,1,-0.5,0.46619440615177155,0.9497731141746044,0.08858984708786011,0,0,0,0,1.0,0.0,0.0,0.0,0.0,0.0,0.0
1762584227.1190262,0,leader,manual,-0.329094260931015,0.050173770636320114,0.04836251959204674,0,1,0,0.329094260931015,0.9498262293636799,-0.04836251959204674,0,0,0,0,1.0,0.0,0.0,0.0,0.0,0.0,0.0
1762584227.1193705,1,follower,manual,0.07096658647060394,0.058316610753536224,0.8326440453529358,0.5,1,0.5,0.42903341352939606,0.9416833892464638,-0.3326440453529358,0,0,0,0,1.0,0.0,0.0,0.0,0.0,0.0,0.0
1762584227.2199728,2,follower,manual,0.033795490860939026,0.050178516656160355,-0.5886184573173523,0.5,1,-0.5,0.466204509139061,0.9498214833438396,0.0886184573173523,0,0,0,0,1.0,0.0,0.0,0.0,0.0,0.0,0.0
1762584227.3410563,0,leader,manual,-0.3290926516056061,0.0501382052898407,0.04833154007792473,0,1,0,0.3290926516056061,0.9498617947101593,-0.04833154007792473,0,0,0,0,1.0,0.0,0.0,0.0,0.0,0.0,0.0
1762584227.3412862,1,follower,manual,0.07093740999698639,0.058266863226890564,0.8326719403266907,0.5,1,0.5,0.4290625900030136,0.9417331367731094,-0.3326719403266907,0,0,0,0,1.0,0.0,0.0,0.0,0.0,0.0,0.0
1762584227.4417531,2,follower,manual,0.03378821164369583,0.05014361813664436,-0.5886365175247192,0.5,1,-0.5,0.46621178835630417,0.9498563818633556,0.08863651752471924,0,0,0,0,1.0,0.0,0.0,0.0,0.0,0.0,0.0
1762584227.627435,0,leader,manual,-0.3291037082672119,0.050157397985458374,0.048370178788900375,0,1,0,0.3291037082672119,0.9498426020145416,-0.048370178788900375,0,0,0,0,1.0,0.0,0.0,0.0,0.0,0.0,0.0
1762584227.6277196,1,follower,manual,0.07093501091003418,0.05829682946205139,0.8326881527900696,0.5,1,0.5,0.4290649890899658,0.9417031705379486,-0.3326881527900696,0,0,0,0,1.0,0.0,0.0,0.0,0.0,0.0,0.0
1762584227.728208,2,follower,manual,0.03377966210246086,0.050180546939373016,-0.5886050462722778,0.5,1,-0.5,0.46622033789753914,0.949819453060627,0.08860504627227783,0,0,0,0,1.0,0.0,0.0,0.0,0.0,0.0,0.0
1762584227.841631,0,leader,manual,-0.3291129767894745,0.050183918327093124,0.04833253473043442,0,1,0,0.3291129767894745,0.9498160816729069,-0.04833253473043442,0,0,0,0,1.0,0.0,0.0,0.0,0.0,0.0,0.0
1762584227.8419213,1,follower,manual,0.07093232870101929,0.05828557908535004,0.8326602578163147,0.5,1,0.5,0.4290676712989807,0.94171442091465,-0.3326602578163147,0,0,0,0,1.0,0.0,0.0,0.0,0.0,0.0,0.0
1762584227.942211,2,follower,manual,0.03378268703818321,0.050154805183410645,-0.5886343121528625,0.5,1,-0.5,0.4662173129618168,0.9498451948165894,0.08863431215286255,0,0,0,0,1.0,0.0,0.0,0.0,0.0,0.0,0.0
1762584228.1392276,0,leader,manual,-0.32909446954727173,0.050177913159132004,0.04841933399438858,0,1,0,0.32909446954727173,0.949822086840868,-0.04841933399438858,0,0,0,0,1.0,0.0,0.0,0.0,0.0,0.0,0.0
1762584228.1394205,1,follower,manual,0.07093803584575653,0.05829727649688721,0.8326842784881592,0.5,1,0.5,0.42906196415424347,0.9417027235031128,-0.3326842784881592,0,0,0,0,1.0,0.0,0.0,0.0,0.0,0.0,0.0
1762584228.2397768,2,follower,manual,0.0337635800242424,0.05020235851407051,-0.5885830521583557,0.5,1,-0.5,0.4662364199757576,0.9497976414859295,0.08858305215835571,0,0,0,0,1.0,0.0,0.0,0.0,0.0,0.0,0.0
1762584228.365418,0,leader,manual,-0.32902225852012634,0.05023270100355148,0.048479776829481125,0,1,0,0.32902225852012634,0.9497672989964485,-0.048479776829481125,0,0,0,0,1.0,0.0,0.0,0.0,0.0,0.0,0.0
1762584228.3656151,1,follower,manual,0.07094313949346542,0.05831912159919739,0.832691490650177,0.5,1,0.5,0.4290568605065346,0.9416808784008026,-0.332691490650177,0,0,0,0,1.0,0.0,0.0,0.0,0.0,0.0,0.0
1762584228.4660604,2,follower,manual,0.03377748653292656,0.0502343513071537,-0.5885748863220215,0.5,1,-0.5,0.46622251346707344,0.9497656486928463,0.08857488632202148,0,0,0,0,1.0,0.0,0.0,0.0,0.0,0.0,0.0
1762584232.7801065,0,leader,manual,-0.3290506899356842,0.05018549785017967,0.048526499420404434,0,1,0,0.3290506899356842,0.9498145021498203,-0.048526499420404434,0,0,0,0,1.0,0.0,0.0,0.0,0.0,0.0,0.0
1762584232.7802873,1,follower,manual,0.07095875591039658,0.058323174715042114,0.8327195048332214,0.5,1,0.5,0.4290412440896034,0.9416768252849579,-0.33271950483322144,0,0,0,0,1.0,0.0,0.0,0.0,0.0,0.0,0.0
1762584232.8806796,2,follower,manual,0.033815648406744,0.05023008584976196,-0.5885593295097351,0.5,1,-0.5,0.466184351593256,0.949769914150238,0.08855932950973511,0,0,0,0,1.0,0.0,0.0,0.0,0.0,0.0,0.0
1762584232.8814447,0,follower,manual,-0.28778234124183655,0.8420121073722839,0.08648641407489777,0,1,0,0.28778234124183655,0.15798789262771606,-0.08648641407489777,0,0,0,0,,,,,,,
1762584232.8816357,1,follower,manual,0.01564406044781208,0.8653639554977417,0.8345232605934143,0.5,1,0.5,0.4843559395521879,0.1346360445022583,-0.3345232605934143,0,0,0,0,,,,,,,
1762584232.9820168,2,follower,manual,-0.015936877578496933,0.7859118580818176,-0.6064124703407288,0.5,1,-0.5,0.5159368775784969,0.21408814191818237,0.10641247034072876,0,0,0,0,,,,,,,
1762584233.2630007,0,leader,manual,-0.28778234124183655,0.8420121073722839,0.08648641407489777,0,1,0,0.28778234124183655,0.15798789262771606,-0.08648641407489777,0,0,0,0,1.0,0.0,0.0,0.0,0.0,0.0,0.0
1762584233.2631974,1,follower,manual,0.01564406044781208,0.8653639554977417,0.8345232605934143,0.5,1,0.5,0.4843559395521879,0.1346360445022583,-0.3345232605934143,0,0,0,0,1.0,0.0,0.0,0.0,0.0,0.0,0.0
1762584233.3636038,2,follower,manual,-0.015936877578496933,0.7859118580818176,-0.6064124703407288,0.5,1,-0.5,0.5159368775784969,0.21408814191818237,0.10641247034072876,0,0,0,0,1.0,0.0,0.0,0.0,0.0,0.0,0.0
1762584233.3642461,0,follower,manual,-0.29548323154449463,0.8417619466781616,0.09236808121204376,0,1,0,0.29548323154449463,0.15823805332183838,-0.09236808121204376,0,0,0,0,,,,,,,
1762584233.3643858,1,follower,manual,0.0149863101541996,0.8669124245643616,0.8274915814399719,0.5,1,0.5,0.4850136898458004,0.13308757543563843,-0.3274915814399719,0,0,0,0,,,,,,,
1762584233.4647398,2,follower,manual,-0.01778269372880459,0.786469578742981,-0.6033909916877747,0.5,1,-0.5,0.5177826937288046,0.21353042125701904,0.10339099168777466,0,0,0,0,,,,,,,
1762584233.5701685,0,leader,manual,-0.29548323154449463,0.8417619466781616,0.09236808121204376,0,1,0,0.29548323154449463,0.15823805332183838,-0.09236808121204376,0,0,0,0,1.0,0.0,0.0,0.0,0.0,0.0,0.0
1762584233.57036,1,follower,manual,0.0149863101541996,0.8669124245643616,0.8274915814399719,0.5,1,0.5,0.4850136898458004,0.13308757543563843,-0.3274915814399719,0,0,0,0,1.0,0.0,0.0,0.0,0.0,0.0,0.0
1762584233.6711638,2,follower,manual,-0.01778269372880459,0.786469578742981,-0.6033909916877747,0.5,1,-0.5,0.5177826937288046,0.21353042125701904,0.10339099168777466,0,0,0,0,1.0,0.0,0.0,0.0,0.0,0.0,0.0
1762584233.6717954,0,follower,manual,-0.3020109534263611,0.8409449458122253,0.10060109943151474,0,1,0,0.3020109534263611,0.15905505418777466,-0.10060109943151474,0,0,0,0,,,,,,,
1762584233.6719306,1,follower,manual,0.01530794519931078,0.8683724403381348,0.8223898410797119,0.5,1,0.5,0.4846920548006892,0.13162755966186523,-0.3223898410797119,0,0,0,0,,,,,,,
1762584233.772258,2,follower,manual,-0.014092576690018177,0.8186866044998169,-0.6041243672370911,0.5,1,-0.5,0.5140925766900182,0.1813133955001831,0.10412436723709106,0,0,0,0,,,,,,,
1762584233.9118533,0,leader,manual,-0.3020109534263611,0.8409449458122253,0.10060109943151474,0,1,0,0.3020109534263611,0.15905505418777466,-0.10060109943151474,0,0,0,0,1.0,0.0,0.0,0.0,0.0,0.0,0.0
1762584233.912176,1,follower,manual,0.01530794519931078,0.8683724403381348,0.8223898410797119,0.5,1,0.5,0.4846920548006892,0.13162755966186523,-0.3223898410797119,0,0,0,0,1.0,0.0,0.0,0.0,0.0,0.0,0.0
1762584234.012741,2,follower,manual,-0.014092576690018177,0.8186866044998169,-0.6041243672370911,0.5,1,-0.5,0.5140925766900182,0.1813133955001831,0.10412436723709106,0,0,0,0,1.0,0.0,0.0,0.0,0.0,0.0,0.0
1762584234.0138342,0,follower,manual,-0.3072420060634613,0.8439779877662659,0.10569354891777039,0,1,0,0.3072420060634613,0.15602201223373413,-0.10569354891777039,0,0,0,0,,,,,,,
1762584234.0140111,1,follower,manual,0.013630528002977371,0.8745181560516357,0.8211811780929565,0.5,1,0.5,0.48636947199702263,0.12548184394836426,-0.32118117809295654,0,0,0,0,,,,,,,
1762584234.1143093,2,follower,manual,-0.00828652922064066,0.8621232509613037,-0.6066295504570007,0.5,1,-0.5,0.5082865292206407,0.1378767490386963,0.10662955045700073,0,0,0,0,,,,,,,
1762584234.249916,0,leader,manual,-0.3072420060634613,0.8439779877662659,0.10569354891777039,0,1,0,0.3072420060634613,0.15602201223373413,-0.10569354891777039,0,0,0,0,1.0,0.0,0.0,0.0,0.0,0.0,0.0
1762584234.249975,1,follower,manual,0.013630528002977371,0.8745181560516357,0.8211811780929565,0.5,1,0.5,0.48636947199702263,0.12548184394836426,-0.32118117809295654,0,0,0,0,1.0,0.0,0.0,0.0,0.0,0.0,0.0
1762584234.3503165,2,follower,manual,-0.00828652922064066,0.8621232509613037,-0.6066295504570007,0.5,1,-0.5,0.5082865292206407,0.1378767490386963,0.10662955045700073,0,0,0,0,1.0,0.0,0.0,0.0,0.0,0.0,0.0
1762584234.3505538,0,follower,manual,-0.3110426068305969,0.8497985005378723,0.10720068216323853,0,1,0,0.3110426068305969,0.15020149946212769,-0.10720068216323853,0,0,0,0,,,,,,,
1762584234.3505933,1,follower,manual,0.01115886028856039,0.8820249438285828,0.8198380470275879,0.5,1,0.5,0.4888411397114396,0.11797505617141724,-0.3198380470275879,0,0,0,0,,,,,,,
1762584234.450841,2,follower,manual,-0.0029620083514600992,0.890326738357544,-0.6078077554702759,0.5,1,-0.5,0.5029620083514601,0.10967326164245605,0.10780775547027588,0,0,0,0,,,,,,,
1762584234.600372,0,leader,manual,-0.3110426068305969,0.8497985005378723,0.10720068216323853,0,1,0,0.3110426068305969,0.15020149946212769,-0.10720068216323853,0,0,0,0,1.0,0.0,0.0,0.0,0.0,0.0,0.0
1762584234.600574,1,follower,manual,0.01115886028856039,0.8820249438285828,0.8198380470275879,0.5,1,0.5,0.4888411397114396,0.11797505617141724,-0.3198380470275879,0,0,0,0,1.0,0.0,0.0,0.0,0.0,0.0,0.0
1762584234.7010791,2,follower,manual,-0.0029620083514600992,0.890326738357544,-0.6078077554702759,0.5,1,-0.5,0.5029620083514601,0.10967326164245605,0.10780775547027588,0,0,0,0,1.0,0.0,0.0,0.0,0.0,0.0,0.0
1762584234.7018106,0,follower,manual,-0.3077448606491089,0.8603510856628418,0.10471754521131516,0,1,0,0.3077448606491089,0.1396489143371582,-0.10471754521131516,0,0,0,0,,,,,,,
1762584234.8021872,1,follower,manual,0.007636306807398796,0.8859734535217285,0.8148057460784912,0.5,1,0.5,0.4923636931926012,0.11402654647827148,-0.3148057460784912,0,0,0,0,,,,,,,
1762584234.9026916,2,follower,manual,0.0024541879538446665,0.891154408454895,-0.6042088866233826,0.5,1,-0.5,0.49754581204615533,0.10884559154510498,0.10420888662338257,0,0,0,0,,,,,,,
1762584235.1228933,0,leader,manual,-0.3077448606491089,0.8603510856628418,0.10471754521131516,0,1,0,0.3077448606491089,0.1396489143371582,-0.10471754521131516,0,0,0,0,1.0,0.0,0.0,0.0,0.0,0.0,0.0
1762584235.1231,1,follower,manual,0.007636306807398796,0.8859734535217285,0.8148057460784912,0.5,1,0.5,0.4923636931926012,0.11402654647827148,-0.3148057460784912,0,0,0,0,1.0,0.0,0.0,0.0,0.0,0.0,0.0
1762584235.2235284,2,follower,manual,0.0024541879538446665,0.891154408454895,-0.6042088866233826,0.5,1,-0.5,0.49754581204615533,0.10884559154510498,0.10420888662338257,0,0,0,0,1.0,0.0,0.0,0.0,0.0,0.0,0.0
1762584235.224199,0,follower,manual,-0.30033478140830994,0.87427818775177,0.10247507691383362,0,1,0,0.30033478140830994,0.12572181224822998,-0.10247507691383362,0,0,0,0,,,,,,,
1762584235.3245754,1,follower,manual,0.003191809868440032,0.8831496238708496,0.8083438277244568,0.5,1,0.5,0.49680819013155997,0.11685037612915039,-0.3083438277244568,0,0,0,0,,,,,,,
1762584235.425074,2,follower,manual,0.010155914351344109,0.8777210116386414,-0.5991036295890808,0.5,1,-0.5,0.4898440856486559,0.12227898836135864,0.09910362958908081,0,0,0,0,,,,,,,
1762584235.5993605,0,leader,manual,-0.30033478140830994,0.87427818775177,0.10247507691383362,0,1,0,0.30033478140830994,0.12572181224822998,-0.10247507691383362,0,0,0,0,1.0,0.0,0.0,0.0,0.0,0.0,0.0
1762584235.5995424,1,follower,manual,0.003191809868440032,0.8831496238708496,0.8083438277244568,0.5,1,0.5,0.49680819013155997,0.11685037612915039,-0.3083438277244568,0,0,0,0,1.0,0.0,0.0,0.0,0.0,0.0,0.0
1762584235.6999729,2,follower,manual,0.010155914351344109,0.8777210116386414,-0.5991036295890808,0.5,1,-0.5,0.4898440856486559,0.12227898836135864,0.09910362958908081,0,0,0,0,1.0,0.0,0.0,0.0,0.0,0.0,0.0
1762584235.700659,0,follower,manual,-0.29988032579421997,0.8769285678863525,0.09787888079881668,0,1,0,0.29988032579421997,0.12307143211364746,-0.09787888079881668,0,0,0,0,,,,,,,
1762584235.7008164,1,follower,manual,-0.0014242110773921013,0.8760237693786621,0.8048673868179321,0.5,1,0.5,0.5014242110773921,0.12397623062133789,-0.30486738681793213,0,0,0,0,,,,,,,
1762584235.8012743,2,follower,manual,0.0145063241943717,0.8852542042732239,-0.6013704538345337,0.5,1,-0.5,0.4854936758056283,0.11474579572677612,0.10137045383453369,0,0,0,0,,,,,,,
1762584235.9565437,0,leader,manual,-0.29988032579421997,0.8769285678863525,0.09787888079881668,0,1,0,0.29988032579421997,0.12307143211364746,-0.09787888079881668,0,0,0,0,1.0,0.0,0.0,0.0,0.0,0.0,0.0
1762584235.956793,1,follower,manual,-0.0014242110773921013,0.8760237693786621,0.8048673868179321,0.5,1,0.5,0.5014242110773921,0.12397623062133789,-0.30486738681793213,0,0,0,0,1.0,0.0,0.0,0.0,0.0,0.0,0.0
1762584236.0572197,2,follower,manual,0.0145063241943717,0.8852542042732239,-0.6013704538345337,0.5,1,-0.5,0.4854936758056283,0.11474579572677612,0.10137045383453369,0,0,0,0,1.0,0.0,0.0,0.0,0.0,0.0,0.0
1762584236.0579016,0,follower,manual,-0.29867103695869446,0.8779361248016357,0.08884622901678085,0,1,0,0.29867103695869446,0.12206387519836426,-0.08884622901678085,0,0,0,0,,,,,,,
1762584236.058069,1,follower,manual,-0.009618920274078846,0.8710615634918213,0.8049810528755188,0.5,1,0.5,0.5096189202740788,0.1289384365081787,-0.3049810528755188,0,0,0,0,,,,,,,
1762584236.1584425,2,follower,manual,0.01920321397483349,0.8985887169837952,-0.6041839718818665,0.5,1,-0.5,0.4807967860251665,0.10141128301620483,0.10418397188186646,0,0,0,0,,,,,,,
1762584236.3215363,0,leader,manual,-0.29867103695869446,0.8779361248016357,0.08884622901678085,0,1,0,0.29867103695869446,0.12206387519836426,-0.08884622901678085,0,0,0,0,1.0,0.0,0.0,0.0,0.0,0.0,0.0
1762584236.3217473,1,follower,manual,-0.009618920274078846,0.8710615634918213,0.8049810528755188,0.5,1,0.5,0.5096189202740788,0.1289384365081787,-0.3049810528755188,0,0,0,0,1.0,0.0,0.0,0.0,0.0,0.0,0.0
1762584236.4222279,2,follower,manual,0.01920321397483349,0.8985887169837952,-0.6041839718818665,0.5,1,-0.5,0.4807967860251665,0.10141128301620483,0.10418397188186646,0,0,0,0,1.0,0.0,0.0,0.0,0.0,0.0,0.0
1762584236.4229388,0,follower,manual,-0.2984122633934021,0.8832547664642334,0.08646758645772934,0,1,0,0.2984122633934021,0.1167452335357666,-0.08646758645772934,0,0,0,0,,,,,,,
1762584236.5232506,1,follower,manual,-0.01648166961967945,0.8691571354866028,0.8058948516845703,0.5,1,0.5,0.5164816696196795,0.13084286451339722,-0.3058948516845703,0,0,0,0,,,,,,,
1762584236.5233288,2,follower,manual,0.022564318031072617,0.9024513959884644,-0.6075477600097656,0.5,1,-0.5,0.4774356819689274,0.09754860401153564,0.10754776000976562,0,0,0,0,,,,,,,
1762584236.7595737,0,leader,manual,-0.2984122633934021,0.8832547664642334,0.08646758645772934,0,1,0,0.2984122633934021,0.1167452335357666,-0.08646758645772934,0,0,0,0,1.0,0.0,0.0,0.0,0.0,0.0,0.0
1762584236.8600643,1,follower,manual,-0.01648166961967945,0.8691571354866028,0.8058948516845703,0.5,1,0.5,0.5164816696196795,0.13084286451339722,-0.3058948516845703,0,0,0,0,1.0,0.0,0.0,0.0,0.0,0.0,0.0
1762584236.8603296,2,follower,manual,0.022564318031072617,0.9024513959884644,-0.6075477600097656,0.5,1,-0.5,0.4774356819689274,0.09754860401153564,0.10754776000976562,0,0,0,0,1.0,0.0,0.0,0.0,0.0,0.0,0.0
1762584236.8609312,0,follower,manual,-0.3059677481651306,0.8954993486404419,0.08215115964412689,0,1,0,0.3059677481651306,0.1045006513595581,-0.08215115964412689,0,0,0,0,,,,,,,
1762584236.9612823,1,follower,manual,-0.02133495919406414,0.8778223991394043,0.8047754764556885,0.5,1,0.5,0.5213349591940641,0.1221776008605957,-0.3047754764556885,0,0,0,0,,,,,,,
1762584236.961566,2,follower,manual,0.026580195873975754,0.90143883228302,-0.6102056503295898,0.5,1,-0.5,0.47341980412602425,0.09856116771697998,0.11020565032958984,0,0,0,0,,,,,,,
1762584237.1043684,0,leader,manual,-0.3059677481651306,0.8954993486404419,0.08215115964412689,0,1,0,0.3059677481651306,0.1045006513595581,-0.08215115964412689,0,0,0,0,1.0,0.0,0.0,0.0,0.0,0.0,0.0
1762584237.205202,1,follower,manual,-0.02133495919406414,0.8778223991394043,0.8047754764556885,0.5,1,0.5,0.5213349591940641,0.1221776008605957,-0.3047754764556885,0,0,0,0,1.0,0.0,0.0,0.0,0.0,0.0,0.0
1762584237.2085824,2,follower,manual,0.026580195873975754,0.90143883228302,-0.6102056503295898,0.5,1,-0.5,0.47341980412602425,0.09856116771697998,0.11020565032958984,0,0,0,0,1.0,0.0,0.0,0.0,0.0,0.0,0.0
1762584237.2095027,0,follower,manual,-0.30839845538139343,0.8929063081741333,0.0859086737036705,0,1,0,0.30839845538139343,0.1070936918258667,-0.0859086737036705,0,20,0,0,,,,,,,
1762584237.3103797,1,follower,manual,-0.02149440534412861,0.888058602809906,0.800871729850769,0.5,1,0.5,0.5214944053441286,0.111941397190094,-0.30087172985076904,0,20,0,0,,,,,,,
1762584237.415027,2,follower,manual,0.025002770125865936,0.8940749764442444,-0.6124988794326782,0.5,1,-0.5,0.47499722987413406,0.10592502355575562,0.11249887943267822,0,20,0,0,,,,,,,
1762584237.6024084,0,leader,manual,-0.30839845538139343,0.8929063081741333,0.0859086737036705,0,1,0,0.30839845538139343,0.1070936918258667,-0.0859086737036705,0,20,0,0,1.0,0.0,0.0,0.0,0.0,0.0,0.0
1762584237.6026912,1,follower,manual,-0.02149440534412861,0.888058602809906,0.800871729850769,0.5,1,0.5,0.5214944053441286,0.111941397190094,-0.30087172985076904,0,20,0,0,1.0,0.0,0.0,0.0,0.0,0.0,0.0
1762584237.8033934,2,follower,manual,0.025002770125865936,0.8940749764442444,-0.6124988794326782,0.5,1,-0.5,0.47499722987413406,0.10592502355575562,0.11249887943267822,0,20,0,0,1.0,0.0,0.0,0.0,0.0,0.0,0.0
1762584237.8042703,0,follower,manual,-0.29641488194465637,0.8868420124053955,0.10061807185411453,0,1,0,0.29641488194465637,0.11315798759460449,-0.10061807185411453,0,0,0,0,,,,,,,
1762584237.8047378,1,follower,manual,-0.012786771170794964,0.9007862210273743,0.7944230437278748,0.5,1,0.5,0.512786771170795,0.09921377897262573,-0.29442304372787476,0,0,0,0,,,,,,,
1762584237.9052575,2,follower,manual,0.02733457460999489,0.8677608966827393,-0.6167622804641724,0.5,1,-0.5,0.4726654253900051,0.13223910331726074,0.11676228046417236,0,0,0,0,,,,,,,
1762584238.0135822,0,leader,manual,-0.29641488194465637,0.8868420124053955,0.10061807185411453,0,1,0,0.29641488194465637,0.11315798759460449,-0.10061807185411453,0,0,0,0,1.0,0.0,0.0,0.0,0.0,0.0,0.0
1762584238.0137792,1,follower,manual,-0.012786771170794964,0.9007862210273743,0.7944230437278748,0.5,1,0.5,0.512786771170795,0.09921377897262573,-0.29442304372787476,0,0,0,0,1.0,0.0,0.0,0.0,0.0,0.0,0.0
1762584238.114192,2,follower,manual,0.02733457460999489,0.8677608966827393,-0.6167622804641724,0.5,1,-0.5,0.4726654253900051,0.13223910331726074,0.11676228046417236,0,0,0,0,1.0,0.0,0.0,0.0,0.0,0.0,0.0
1762584238.114897,0,follower,manual,-0.27131161093711853,0.8855410218238831,0.10999473184347153,0,1,0,0.27131161093711853,0.11445897817611694,-0.10999473184347153,0,0,0,0,,,,,,,
1762584238.1150725,1,follower,manual,0.0014417145866900682,0.8994362950325012,0.7877119183540344,0.5,1,0.5,0.49855828541330993,0.10056370496749878,-0.2877119183540344,0,0,0,0,,,,,,,
1762584238.2153778,2,follower,manual,0.05492820590734482,0.8705483675003052,-0.6197965145111084,0.5,1,-0.5,0.4450717940926552,0.12945163249969482,0.1197965145111084,0,0,0,0,,,,,,,
1762584238.3478143,0,leader,manual,-0.27131161093711853,0.8855410218238831,0.10999473184347153,0,1,0,0.27131161093711853,0.11445897817611694,-0.10999473184347153,0,0,0,0,1.0,0.0,0.0,0.0,0.0,0.0,0.0
1762584238.3481326,1,follower,manual,0.0014417145866900682,0.8994362950325012,0.7877119183540344,0.5,1,0.5,0.49855828541330993,0.10056370496749878,-0.2877119183540344,0,0,0,0,1.0,0.0,0.0,0.0,0.0,0.0,0.0
1762584238.4487545,2,follower,manual,0.05492820590734482,0.8705483675003052,-0.6197965145111084,0.5,1,-0.5,0.4450717940926552,0.12945163249969482,0.1197965145111084,0,0,0,0,1.0,0.0,0.0,0.0,0.0,0.0,0.0
1762584238.4500046,0,follower,manual,-0.24236394464969635,0.8802570700645447,0.12051593512296677,0,1,0,0.24236394464969635,0.11974292993545532,-0.12051593512296677,0,20,0,0,,,,,,,
1762584238.450183,1,follower,manual,0.009931884706020355,0.892737090587616,0.779985785484314,0.5,1,0.5,0.49006811529397964,0.10726290941238403,-0.27998578548431396,0,20,0,0,,,,,,,
1762584238.650806,2,follower,manual,0.08362670242786407,0.8763864040374756,-0.6241276860237122,0.5,1,-0.5,0.4163732975721359,0.12361359596252441,0.12412768602371216,0,20,0,0,,,,,,,
1762584238.9195094,0,leader,manual,-0.24236394464969635,0.8802570700645447,0.12051593512296677,0,1,0,0.24236394464969635,0.11974292993545532,-0.12051593512296677,0,20,0,0,1.0,0.0,0.0,0.0,0.0,0.0,0.0
1762584238.9197268,1,follower,manual,0.009931884706020355,0.892737090587616,0.779985785484314,0.5,1,0.5,0.49006811529397964,0.10726290941238403,-0.27998578548431396,0,20,0,0,1.0,0.0,0.0,0.0,0.0,0.0,0.0
1762584239.0201802,2,follower,manual,0.08362670242786407,0.8763864040374756,-0.6241276860237122,0.5,1,-0.5,0.4163732975721359,0.12361359596252441,0.12412768602371216,0,20,0,0,1.0,0.0,0.0,0.0,0.0,0.0,0.0
1762584239.0209315,0,follower,manual,-0.22153399884700775,0.8591590523719788,0.13977882266044617,0,1,0,0.22153399884700775,0.14084094762802124,-0.13977882266044617,0,20,0,0,,,,,,,
1762584239.0211034,1,follower,manual,0.0028674101922661066,0.888574481010437,0.7752055525779724,0.5,1,0.5,0.4971325898077339,0.11142551898956299,-0.2752055525779724,0,20,0,0,,,,,,,
1762584239.1214688,2,follower,manual,0.12526975572109222,0.8697522878646851,-0.6343803405761719,0.5,1,-0.5,0.3747302442789078,0.13024771213531494,0.13438034057617188,0,20,0,0,,,,,,,
1762584239.284224,0,leader,manual,-0.22153399884700775,0.8591590523719788,0.13977882266044617,0,1,0,0.22153399884700775,0.14084094762802124,-0.13977882266044617,0,20,0,0,1.0,0.0,0.0,0.0,0.0,0.0,0.0
1762584239.2844071,1,follower,manual,0.0028674101922661066,0.888574481010437,0.7752055525779724,0.5,1,0.5,0.4971325898077339,0.11142551898956299,-0.2752055525779724,0,20,0,0,1.0,0.0,0.0,0.0,0.0,0.0,0.0
1762584239.3847713,2,follower,manual,0.12526975572109222,0.8697522878646851,-0.6343803405761719,0.5,1,-0.5,0.3747302442789078,0.13024771213531494,0.13438034057617188,0,20,0,0,1.0,0.0,0.0,0.0,0.0,0.0,0.0
1762584239.385453,0,follower,manual,-0.18684642016887665,0.8537846207618713,0.15692880749702454,0,1,0,0.18684642016887665,0.14621537923812866,-0.15692880749702454,0,20,0,0,,,,,,,
1762584239.3855944,1,follower,manual,0.018866892904043198,0.8786946535110474,0.7659530639648438,0.5,1,0.5,0.4811331070959568,0.12130534648895264,-0.26595306396484375,0,20,0,0,,,,,,,
1762584239.4859545,2,follower,manual,0.17445582151412964,0.8736010193824768,-0.6447380781173706,0.5,1,-0.5,0.32554417848587036,0.1263989806175232,0.1447380781173706,0,20,0,0,,,,,,,
1762584239.7912486,0,leader,manual,-0.18684642016887665,0.8537846207618713,0.15692880749702454,0,1,0,0.18684642016887665,0.14621537923812866,-0.15692880749702454,0,20,0,0,1.0,0.0,0.0,0.0,0.0,0.0,0.0
1762584239.791444,1,follower,manual,0.018866892904043198,0.8786946535110474,0.7659530639648438,0.5,1,0.5,0.4811331070959568,0.12130534648895264,-0.26595306396484375,0,20,0,0,1.0,0.0,0.0,0.0,0.0,0.0,0.0
1762584239.8919685,2,follower,manual,0.17445582151412964,0.8736010193824768,-0.6447380781173706,0.5,1,-0.5,0.32554417848587036,0.1263989806175232,0.1447380781173706,0,20,0,0,1.0,0.0,0.0,0.0,0.0,0.0,0.0
1762584239.8927352,0,follower,manual,-0.1081828773021698,0.8501712679862976,0.17609596252441406,0,1,0,0.1081828773021698,0.1498287320137024,-0.17609596252441406,0,20,0,0,,,,,,,
1762584239.892889,1,follower,manual,0.06821133196353912,0.8544245362281799,0.7393605709075928,0.5,1,0.5,0.4317886680364609,0.14557546377182007,-0.23936057090759277,0,20,0,0,,,,,,,
1762584239.993363,2,follower,manual,0.27206555008888245,0.8708361983299255,-0.652138888835907,0.5,1,-0.5,0.22793444991111755,0.12916380167007446,0.15213888883590698,0,20,0,0,,,,,,,
1762584240.1065612,0,leader,manual,-0.1081828773021698,0.8501712679862976,0.17609596252441406,0,1,0,0.1081828773021698,0.1498287320137024,-0.17609596252441406,0,20,0,0,1.0,0.0,0.0,0.0,0.0,0.0,0.0
1762584240.106785,1,follower,manual,0.06821133196353912,0.8544245362281799,0.7393605709075928,0.5,1,0.5,0.4317886680364609,0.14557546377182007,-0.23936057090759277,0,20,0,0,1.0,0.0,0.0,0.0,0.0,0.0,0.0
1762584240.207212,2,follower,manual,0.27206555008888245,0.8708361983299255,-0.652138888835907,0.5,1,-0.5,0.22793444991111755,0.12916380167007446,0.15213888883590698,0,20,0,0,1.0,0.0,0.0,0.0,0.0,0.0,0.0
1762584240.2079208,0,follower,manual,-0.045637741684913635,0.8472347259521484,0.18864178657531738,0,1,0,0.045637741684913635,0.15276527404785156,-0.18864178657531738,0,20,0,0,,,,,,,
1762584240.2080624,1,follower,manual,0.11272234469652176,0.8427922129631042,0.7203265428543091,0.5,1,0.5,0.38727765530347824,0.15720778703689575,-0.22032654285430908,0,20,0,0,,,,,,,
1762584240.408563,2,follower,manual,0.3495330810546875,0.8602606058120728,-0.65183424949646,0.5,1,-0.5,0.1504669189453125,0.13973939418792725,0.15183424949645996,0,20,0,0,,,,,,,
1762584240.5303335,0,leader,manual,-0.045637741684913635,0.8472347259521484,0.18864178657531738,0,1,0,0.045637741684913635,0.15276527404785156,-0.18864178657531738,0,20,0,0,1.0,0.0,0.0,0.0,0.0,0.0,0.0
1762584240.5305233,1,follower,manual,0.11272234469652176,0.8427922129631042,0.7203265428543091,0.5,1,0.5,0.38727765530347824,0.15720778703689575,-0.22032654285430908,0,20,0,0,1.0,0.0,0.0,0.0,0.0,0.0,0.0
1762584240.630925,2,follower,manual,0.3495330810546875,0.8602606058120728,-0.65183424949646,0.5,1,-0.5,0.1504669189453125,0.13973939418792725,0.15183424949645996,0,20,0,0,1.0,0.0,0.0,0.0,0.0,0.0,0.0
1762584240.7318184,0,follower,manual,0.03474889695644379,0.8514707088470459,0.20454855263233185,0,1,0,-0.03474889695644379,0.1485292911529541,-0.20454855263233185,0,20,0,0,,,,,,,
1762584240.7320664,1,follower,manual,0.16618382930755615,0.8447904586791992,0.6995558738708496,0.5,1,0.5,0.33381617069244385,0.15520954132080078,-0.1995558738708496,0,20,0,0,,,,,,,
1762584240.7322,2,follower,manual,0.4352080523967743,0.8469931483268738,-0.6471802592277527,0.5,1,-0.5,0.06479194760322571,0.15300685167312622,0.14718025922775269,0,20,0,0,,,,,,,
1762584240.921642,0,leader,manual,0.03474889695644379,0.8514707088470459,0.20454855263233185,0,1,0,-0.03474889695644379,0.1485292911529541,-0.20454855263233185,0,20,0,0,1.0,0.0,0.0,0.0,0.0,0.0,0.0
1762584240.9217992,1,follower,manual,0.16618382930755615,0.8447904586791992,0.6995558738708496,0.5,1,0.5,0.33381617069244385,0.15520954132080078,-0.1995558738708496,0,20,0,0,1.0,0.0,0.0,0.0,0.0,0.0,0.0
1762584240.9218938,2,follower,manual,0.4352080523967743,0.8469931483268738,-0.6471802592277527,0.5,1,-0.5,0.06479194760322571,0.15300685167312622,0.14718025922775269,0,20,0,0,1.0,0.0,0.0,0.0,0.0,0.0,0.0
1762584241.0226216,0,follower,manual,0.09480881690979004,0.8572157621383667,0.21763476729393005,0,1,0,-0.09480881690979004,0.1427842378616333,-0.21763476729393005,0,20,0,0,,,,,,,
1762584241.0229588,1,follower,manual,0.20811030268669128,0.8571355938911438,0.6864620447158813,0.5,1,0.5,0.2918896973133087,0.1428644061088562,-0.18646204471588135,0,20,0,0,,,,,,,
1762584241.0231721,2,follower,manual,0.496336966753006,0.8427655100822449,-0.6450066566467285,0.5,1,-0.5,0.0036630332469940186,0.15723448991775513,0.14500665664672852,0,20,0,0,,,,,,,
1762584241.2341824,0,leader,manual,0.09480881690979004,0.8572157621383667,0.21763476729393005,0,1,0,-0.09480881690979004,0.1427842378616333,-0.21763476729393005,0,20,0,0,1.0,0.0,0.0,0.0,0.0,0.0,0.0
1762584241.2345715,1,follower,manual,0.20811030268669128,0.8571355938911438,0.6864620447158813,0.5,1,0.5,0.2918896973133087,0.1428644061088562,-0.18646204471588135,0,20,0,0,1.0,0.0,0.0,0.0,0.0,0.0,0.0
1762584241.2348232,2,follower,manual,0.496336966753006,0.8427655100822449,-0.6450066566467285,0.5,1,-0.5,0.0036630332469940186,0.15723448991775513,0.14500665664672852,0,20,0,0,1.0,0.0,0.0,0.0,0.0,0.0,0.0
1762584241.3360312,0,follower,manual,0.15140695869922638,0.8593168258666992,0.22394946217536926,0,1,0,-0.15140695869922638,0.14068317413330078,-0.22394946217536926,0,20,0,0,,,,,,,
1762584241.336399,1,follower,manual,0.24630631506443024,0.8689660429954529,0.6751879453659058,0.5,1,0.5,0.25369368493556976,0.13103395700454712,-0.17518794536590576,0,20,0,0,,,,,,,
1762584241.336635,2,follower,manual,0.5565605163574219,0.8461030721664429,-0.6480226516723633,0.5,1,-0.5,-0.056560516357421875,0.15389692783355713,0.14802265167236328,0,20,0,0,,,,,,,
1762584241.6401026,0,leader,manual,0.15140695869922638,0.8593168258666992,0.22394946217536926,0,1,0,-0.15140695869922638,0.14068317413330078,-0.22394946217536926,0,20,0,0,1.0,0.0,0.0,0.0,0.0,0.0,0.0
1762584241.6403632,1,follower,manual,0.24630631506443024,0.8689660429954529,0.6751879453659058,0.5,1,0.5,0.25369368493556976,0.13103395700454712,-0.17518794536590576,0,20,0,0,1.0,0.0,0.0,0.0,0.0,0.0,0.0
1762584241.743233,2,follower,manual,0.5565605163574219,0.8461030721664429,-0.6480226516723633,0.5,1,-0.5,-0.056560516357421875,0.15389692783355713,0.14802265167236328,0,20,0,0,1.0,0.0,0.0,0.0,0.0,0.0,0.0
1762584241.7440708,0,follower,manual,0.2554056942462921,0.8503320813179016,0.22571536898612976,0,1,0,-0.2554056942462921,0.1496679186820984,-0.22571536898612976,0,20,0,0,,,,,,,
1762584241.7442813,1,follower,manual,0.3221471905708313,0.8701226115226746,0.6503286361694336,0.5,1,0.5,0.1778528094291687,0.12987738847732544,-0.1503286361694336,0,20,0,0,,,,,,,
1762584241.844715,2,follower,manual,0.6830291748046875,0.8501474857330322,-0.6556728482246399,0.5,1,-0.5,-0.1830291748046875,0.14985251426696777,0.1556728482246399,0,20,0,0,,,,,,,
1762584242.0160296,0,leader,manual,0.2554056942462921,0.8503320813179016,0.22571536898612976,0,1,0,-0.2554056942462921,0.1496679186820984,-0.22571536898612976,0,20,0,0,1.0,0.0,0.0,0.0,0.0,0.0,0.0
1762584242.0162163,1,follower,manual,0.3221471905708313,0.8701226115226746,0.6503286361694336,0.5,1,0.5,0.1778528094291687,0.12987738847732544,-0.1503286361694336,0,20,0,0,1.0,0.0,0.0,0.0,0.0,0.0,0.0
1762584242.2179918,2,follower,manual,0.6830291748046875,0.8501474857330322,-0.6556728482246399,0.5,1,-0.5,-0.1830291748046875,0.14985251426696777,0.1556728482246399,0,20,0,0,1.0,0.0,0.0,0.0,0.0,0.0,0.0
1762584242.218665,0,follower,manual,0.35240495204925537,0.8564144968986511,0.22842077910900116,0,1,0,-0.35240495204925537,0.14358550310134888,-0.22842077910900116,0,20,0,0,,,,,,,
1762584242.2188053,1,follower,manual,0.3881974220275879,0.863377571105957,0.6245563626289368,0.5,1,0.5,0.11180257797241211,0.13662242889404297,-0.12455636262893677,0,20,0,0,,,,,,,
1762584242.3191645,2,follower,manual,0.7934399247169495,0.8172318935394287,-0.6485247015953064,0.5,1,-0.5,-0.29343992471694946,0.1827681064605713,0.1485247015953064,0,20,0,0,,,,,,,
1762584242.4597032,0,leader,manual,0.35240495204925537,0.8564144968986511,0.22842077910900116,0,1,0,-0.35240495204925537,0.14358550310134888,-0.22842077910900116,0,20,0,0,1.0,0.0,0.0,0.0,0.0,0.0,0.0
1762584242.4599206,1,follower,manual,0.3881974220275879,0.863377571105957,0.6245563626289368,0.5,1,0.5,0.11180257797241211,0.13662242889404297,-0.12455636262893677,0,20,0,0,1.0,0.0,0.0,0.0,0.0,0.0,0.0
1762584242.5603323,2,follower,manual,0.7934399247169495,0.8172318935394287,-0.6485247015953064,0.5,1,-0.5,-0.29343992471694946,0.1827681064605713,0.1485247015953064,0,20,0,0,1.0,0.0,0.0,0.0,0.0,0.0,0.0
1762584242.661212,0,follower,manual,0.4210498631000519,0.858383059501648,0.22695304453372955,0,1,0,-0.4210498631000519,0.14161694049835205,-0.22695304453372955,0,0,0,0,,,,,,,
1762584242.6614814,1,follower,manual,0.43610504269599915,0.8589934706687927,0.6087475419044495,0.5,1,0.5,0.06389495730400085,0.14100652933120728,-0.10874754190444946,0,0,0,0,,,,,,,
1762584242.7618518,2,follower,manual,0.8654628992080688,0.79616779088974,-0.6437138915061951,0.5,1,-0.5,-0.36546289920806885,0.20383220911026,0.14371389150619507,0,0,0,0,,,,,,,
1762584243.0745103,0,leader,manual,0.4210498631000519,0.858383059501648,0.22695304453372955,0,1,0,-0.4210498631000519,0.14161694049835205,-0.22695304453372955,0,0,0,0,1.0,0.0,0.0,0.0,0.0,0.0,0.0
1762584243.0747223,1,follower,manual,0.43610504269599915,0.8589934706687927,0.6087475419044495,0.5,1,0.5,0.06389495730400085,0.14100652933120728,-0.10874754190444946,0,0,0,0,1.0,0.0,0.0,0.0,0.0,0.0,0.0
1762584243.1751733,2,follower,manual,0.8654628992080688,0.79616779088974,-0.6437138915061951,0.5,1,-0.5,-0.36546289920806885,0.20383220911026,0.14371389150619507,0,0,0,0,1.0,0.0,0.0,0.0,0.0,0.0,0.0
1762584243.175911,0,follower,manual,0.5312045812606812,0.8481425642967224,0.23446224629878998,0,1,0,-0.5312045812606812,0.1518574357032776,-0.23446224629878998,0,-20,0,0,,,,,,,
1762584243.1760743,1,follower,manual,0.524520754814148,0.8522829413414001,0.5816326141357422,0.5,1,0.5,-0.02452075481414795,0.14771705865859985,-0.08163261413574219,0,-20,0,0,,,,,,,
1762584243.2768648,2,follower,manual,0.9835951924324036,0.789791464805603,-0.6332811713218689,0.5,1,-0.5,-0.48359519243240356,0.21020853519439697,0.1332811713218689,0,-20,0,0,,,,,,,
1762584243.537545,0,leader,manual,0.5312045812606812,0.8481425642967224,0.23446224629878998,0,1,0,-0.5312045812606812,0.1518574357032776,-0.23446224629878998,0,-20,0,0,1.0,0.0,0.0,0.0,0.0,0.0,0.0
1762584243.537779,1,follower,manual,0.524520754814148,0.8522829413414001,0.5816326141357422,0.5,1,0.5,-0.02452075481414795,0.14771705865859985,-0.08163261413574219,0,-20,0,0,1.0,0.0,0.0,0.0,0.0,0.0,0.0
1762584243.738343,2,follower,manual,0.9835951924324036,0.789791464805603,-0.6332811713218689,0.5,1,-0.5,-0.48359519243240356,0.21020853519439697,0.1332811713218689,0,-20,0,0,1.0,0.0,0.0,0.0,0.0,0.0,0.0
1762584243.7390447,0,follower,manual,0.5410727262496948,0.8502510190010071,0.25027868151664734,0,1,0,-0.5410727262496948,0.14974898099899292,-0.25027868151664734,-20,0,0,0,,,,,,,
1762584243.7391956,1,follower,manual,0.5498363375663757,0.8502978086471558,0.5697852373123169,0.5,1,0.5,-0.04983633756637573,0.14970219135284424,-0.0697852373123169,-20,0,0,0,,,,,,,
1762584243.9397347,2,follower,manual,1.0438522100448608,0.8038352727890015,-0.6225252151489258,0.5,1,-0.5,-0.5438522100448608,0.19616472721099854,0.12252521514892578,-20,0,0,0,,,,,,,
1762584244.0642564,0,leader,manual,0.5410727262496948,0.8502510190010071,0.25027868151664734,0,1,0,-0.5410727262496948,0.14974898099899292,-0.25027868151664734,-20,0,0,0,1.0,0.0,0.0,0.0,0.0,0.0,0.0
1762584244.0644667,1,follower,manual,0.5498363375663757,0.8502978086471558,0.5697852373123169,0.5,1,0.5,-0.04983633756637573,0.14970219135284424,-0.0697852373123169,-20,0,0,0,1.0,0.0,0.0,0.0,0.0,0.0,0.0
1762584244.1648786,2,follower,manual,1.0438522100448608,0.8038352727890015,-0.6225252151489258,0.5,1,-0.5,-0.5438522100448608,0.19616472721099854,0.12252521514892578,-20,0,0,0,1.0,0.0,0.0,0.0,0.0,0.0,0.0
1762584244.1661623,0,follower,manual,0.5000015497207642,0.8544483780860901,0.2550926208496094,0,1,0,-0.5000015497207642,0.1455516219139099,-0.2550926208496094,-20,0,0,0,,,,,,,
1762584244.1692657,1,follower,manual,0.5161423683166504,0.8454053997993469,0.5579131245613098,0.5,1,0.5,-0.01614236831665039,0.15459460020065308,-0.057913124561309814,-20,0,0,0,,,,,,,
1762584244.2697697,2,follower,manual,1.0391881465911865,0.8198969960212708,-0.6170903444290161,0.5,1,-0.5,-0.5391881465911865,0.18010300397872925,0.11709034442901611,-20,0,0,0,,,,,,,
1762584244.4446871,0,leader,manual,0.5000015497207642,0.8544483780860901,0.2550926208496094,0,1,0,-0.5000015497207642,0.1455516219139099,-0.2550926208496094,-20,0,0,0,1.0,0.0,0.0,0.0,0.0,0.0,0.0
1762584244.444891,1,follower,manual,0.5161423683166504,0.8454053997993469,0.5579131245613098,0.5,1,0.5,-0.01614236831665039,0.15459460020065308,-0.057913124561309814,-20,0,0,0,1.0,0.0,0.0,0.0,0.0,0.0,0.0
1762584244.545735,2,follower,manual,1.0391881465911865,0.8198969960212708,-0.6170903444290161,0.5,1,-0.5,-0.5391881465911865,0.18010300397872925,0.11709034442901611,-20,0,0,0,1.0,0.0,0.0,0.0,0.0,0.0,0.0
1762584244.5465384,0,follower,manual,0.47537726163864136,0.8567895889282227,0.23277559876441956,0,1,0,-0.47537726163864136,0.14321041107177734,-0.23277559876441956,-20,0,0,0,,,,,,,
1762584244.5466871,1,follower,manual,0.48203331232070923,0.8397031426429749,0.5203375220298767,0.5,1,0.5,0.01796668767929077,0.16029685735702515,-0.02033752202987671,-20,0,0,0,,,,,,,
1762584244.5468056,2,follower,manual,1.0274330377578735,0.8279605507850647,-0.6392688155174255,0.5,1,-0.5,-0.5274330377578735,0.1720394492149353,0.13926881551742554,-20,0,0,0,,,,,,,
1762584244.7447035,0,leader,manual,0.47537726163864136,0.8567895889282227,0.23277559876441956,0,1,0,-0.47537726163864136,0.14321041107177734,-0.23277559876441956,-20,0,0,0,1.0,0.0,0.0,0.0,0.0,0.0,0.0
1762584244.7454867,1,follower,manual,0.48203331232070923,0.8397031426429749,0.5203375220298767,0.5,1,0.5,0.01796668767929077,0.16029685735702515,-0.02033752202987671,-20,0,0,0,1.0,0.0,0.0,0.0,0.0,0.0,0.0
1762584244.8459415,2,follower,manual,1.0274330377578735,0.8279605507850647,-0.6392688155174255,0.5,1,-0.5,-0.5274330377578735,0.1720394492149353,0.13926881551742554,-20,0,0,0,1.0,0.0,0.0,0.0,0.0,0.0,0.0
1762584244.9470127,0,follower,manual,0.46484848856925964,0.8551698923110962,0.19762630760669708,0,1,0,-0.46484848856925964,0.1448301076889038,-0.19762630760669708,-20,0,0,0,,,,,,,
1762584244.9473352,1,follower,manual,0.45674559473991394,0.8365412950515747,0.47608694434165955,0.5,1,0.5,0.04325440526008606,0.1634587049484253,0.023913055658340454,-20,0,0,0,,,,,,,
1762584244.9474993,2,follower,manual,1.0159908533096313,0.8292039036750793,-0.675157368183136,0.5,1,-0.5,-0.5159908533096313,0.17079609632492065,0.175157368183136,-20,0,0,0,,,,,,,
1762584245.1724343,0,leader,manual,0.46484848856925964,0.8551698923110962,0.19762630760669708,0,1,0,-0.46484848856925964,0.1448301076889038,-0.19762630760669708,-20,0,0,0,1.0,0.0,0.0,0.0,0.0,0.0,0.0
1762584245.172715,1,follower,manual,0.45674559473991394,0.8365412950515747,0.47608694434165955,0.5,1,0.5,0.04325440526008606,0.1634587049484253,0.023913055658340454,-20,0,0,0,1.0,0.0,0.0,0.0,0.0,0.0,0.0
1762584245.1728563,2,follower,manual,1.0159908533096313,0.8292039036750793,-0.675157368183136,0.5,1,-0.5,-0.5159908533096313,0.17079609632492065,0.175157368183136,-20,0,0,0,1.0,0.0,0.0,0.0,0.0,0.0,0.0
1762584245.274259,0,follower,manual,0.46003901958465576,0.8478457927703857,0.15218669176101685,0,1,0,-0.46003901958465576,0.15215420722961426,-0.15218669176101685,0,0,0,0,,,,,,,
1762584245.2745337,1,follower,manual,0.4306187629699707,0.8335151076316833,0.41537216305732727,0.5,1,0.5,0.0693812370300293,0.16648489236831665,0.08462783694267273,0,0,0,0,,,,,,,
1762584245.2746778,2,follower,manual,1.0044622421264648,0.8278639316558838,-0.7282832264900208,0.5,1,-0.5,-0.5044622421264648,0.1721360683441162,0.22828322649002075,0,0,0,0,,,,,,,
1762584245.5464725,0,leader,manual,0.46003901958465576,0.8478457927703857,0.15218669176101685,0,1,0,-0.46003901958465576,0.15215420722961426,-0.15218669176101685,0,0,0,0,1.0,0.0,0.0,0.0,0.0,0.0,0.0
1762584245.5467598,1,follower,manual,0.4306187629699707,0.8335151076316833,0.41537216305732727,0.5,1,0.5,0.0693812370300293,0.16648489236831665,0.08462783694267273,0,0,0,0,1.0,0.0,0.0,0.0,0.0,0.0,0.0
1762584245.5469053,2,follower,manual,1.0044622421264648,0.8278639316558838,-0.7282832264900208,0.5,1,-0.5,-0.5044622421264648,0.1721360683441162,0.22828322649002075,0,0,0,0,1.0,0.0,0.0,0.0,0.0,0.0,0.0
1762584245.647723,1,follower,manual,0.4054737985134125,0.8306218981742859,0.3457314670085907,0.5,1,0.5,0.09452620148658752,0.1693781018257141,0.1542685329914093,0,0,0,0,,,,,,,
1762584245.8859344,0,leader,manual,0.4560500681400299,0.8406712412834167,0.10406218469142914,0,1,0,-0.4560500681400299,0.15932875871658325,-0.10406218469142914,0,0,0,0,1.0,0.0,0.0,0.0,0.0,0.0,0.0
1762584245.9865162,1,follower,manual,0.4054737985134125,0.8306218981742859,0.3457314670085907,0.5,1,0.5,0.09452620148658752,0.1693781018257141,0.1542685329914093,0,0,0,0,1.0,0.0,0.0,0.0,0.0,0.0,0.0
1762584245.9867997,2,follower,manual,0.996463418006897,0.8209381699562073,-0.793295681476593,0.5,1,-0.5,-0.496463418006897,0.17906183004379272,0.293295681476593,0,0,0,0,1.0,0.0,0.0,0.0,0.0,0.0,0.0
1762584245.9874923,0,follower,manual,0.4524180293083191,0.8293805718421936,0.0777287557721138,0,1,0,-0.4524180293083191,0.1706194281578064,-0.0777287557721138,0,0,0,0,,,,,,,
1762584246.2069998,0,leader,manual,0.4524180293083191,0.8293805718421936,0.0777287557721138,0,1,0,-0.4524180293083191,0.1706194281578064,-0.0777287557721138,0,0,0,0,1.0,0.0,0.0,0.0,0.0,0.0,0.0
1762584246.2076457,1,follower,manual,0.3807142674922943,0.8316160440444946,0.281949520111084,0.5,1,0.5,0.11928573250770569,0.16838395595550537,0.21805047988891602,0,0,0,0,1.0,0.0,0.0,0.0,0.0,0.0,0.0
1762584246.2078223,2,follower,manual,0.9925125241279602,0.8287765383720398,-0.8618969321250916,0.5,1,-0.5,-0.4925125241279602,0.1712234616279602,0.36189693212509155,0,0,0,0,1.0,0.0,0.0,0.0,0.0,0.0,0.0
1762584246.3086905,0,follower,manual,0.45380741357803345,0.8480679988861084,0.0728742778301239,0,1,0,-0.45380741357803345,0.1519320011138916,-0.0728742778301239,-20,0,0,0,,,,,,,
1762584246.4671533,0,leader,manual,0.45380741357803345,0.8480679988861084,0.0728742778301239,0,1,0,-0.45380741357803345,0.1519320011138916,-0.0728742778301239,-20,0,0,0,1.0,0.0,0.0,0.0,0.0,0.0,0.0
1762584246.4674797,1,follower,manual,0.3705662488937378,0.8352643251419067,0.2637152373790741,0.5,1,0.5,0.1294337511062622,0.16473567485809326,0.2362847626209259,-20,0,0,0,1.0,0.0,0.0,0.0,0.0,0.0,0.0
1762584246.4676585,2,follower,manual,0.9887444376945496,0.836054801940918,-0.8694674372673035,0.5,1,-0.5,-0.48874443769454956,0.16394519805908203,0.36946743726730347,-20,0,0,0,1.0,0.0,0.0,0.0,0.0,0.0,0.0
1762584246.5684695,0,follower,manual,0.4537617266178131,0.8241439461708069,0.08304448425769806,0,1,0,-0.4537617266178131,0.17585605382919312,-0.08304448425769806,-20,0,0,0,,,,,,,
1762584246.8201265,0,leader,manual,0.4537617266178131,0.8241439461708069,0.08304448425769806,0,1,0,-0.4537617266178131,0.17585605382919312,-0.08304448425769806,-20,0,0,0,1.0,0.0,0.0,0.0,0.0,0.0,0.0
1762584246.8204594,1,follower,manual,0.3579747974872589,0.8384684920310974,0.26300498843193054,0.5,1,0.5,0.1420252025127411,0.1615315079689026,0.23699501156806946,-20,0,0,0,1.0,0.0,0.0,0.0,0.0,0.0,0.0
1762584246.9210958,2,follower,manual,0.9853416681289673,0.844464898109436,-0.8694935441017151,0.5,1,-0.5,-0.4853416681289673,0.15553510189056396,0.3694935441017151,-20,0,0,0,1.0,0.0,0.0,0.0,0.0,0.0,0.0
1762584246.9226866,0,follower,manual,0.4481610655784607,0.8248221278190613,0.06386575847864151,0,1,0,-0.4481610655784607,0.17517787218093872,-0.06386575847864151,-20,0,0,0,,,,,,,
1762584247.2262855,0,leader,manual,0.4481610655784607,0.8248221278190613,0.06386575847864151,0,1,0,-0.4481610655784607,0.17517787218093872,-0.06386575847864151,-20,0,0,0,1.0,0.0,0.0,0.0,0.0,0.0,0.0
1762584247.2264833,1,follower,manual,0.3502063751220703,0.8374703526496887,0.2549336552619934,0.5,1,0.5,0.1497936248779297,0.16252964735031128,0.2450663447380066,-20,0,0,0,1.0,0.0,0.0,0.0,0.0,0.0,0.0
1762584247.3274167,2,follower,manual,0.9955046772956848,0.8573487997055054,-0.8526371717453003,0.5,1,-0.5,-0.4955046772956848,0.14265120029449463,0.3526371717453003,-20,0,0,0,1.0,0.0,0.0,0.0,0.0,0.0,0.0
1762584247.332326,0,follower,manual,0.4397279918193817,0.8131758570671082,0.036453258246183395,0,1,0,-0.4397279918193817,0.18682414293289185,-0.036453258246183395,-20,0,0,0,,,,,,,
1762584247.534886,0,leader,manual,0.4397279918193817,0.8131758570671082,0.036453258246183395,0,1,0,-0.4397279918193817,0.18682414293289185,-0.036453258246183395,-20,0,0,0,1.0,0.0,0.0,0.0,0.0,0.0,0.0
1762584247.5350745,1,follower,manual,0.3405274748802185,0.8449233770370483,0.2623056173324585,0.5,1,0.5,0.1594725251197815,0.15507662296295166,0.2376943826675415,-20,0,0,0,1.0,0.0,0.0,0.0,0.0,0.0,0.0
1762584247.635487,2,follower,manual,1.001096248626709,0.8544450402259827,-0.8467685580253601,0.5,1,-0.5,-0.501096248626709,0.14555495977401733,0.3467685580253601,-20,0,0,0,1.0,0.0,0.0,0.0,0.0,0.0,0.0
1762584247.7363296,0,follower,manual,0.4369266927242279,0.8090906143188477,0.00032577142701484263,0,1,0,-0.4369266927242279,0.19090938568115234,-0.00032577142701484263,-20,0,0,0,,,,,,,
1762584247.9427335,0,leader,manual,0.4369266927242279,0.8090906143188477,0.00032577142701484263,0,1,0,-0.4369266927242279,0.19090938568115234,-0.00032577142701484263,-20,0,0,0,1.0,0.0,0.0,0.0,0.0,0.0,0.0
1762584247.9428504,1,follower,manual,0.3348849415779114,0.8498837947845459,0.2664220631122589,0.5,1,0.5,0.16511505842208862,0.1501162052154541,0.2335779368877411,-20,0,0,0,1.0,0.0,0.0,0.0,0.0,0.0,0.0
1762584248.043183,2,follower,manual,0.9995137453079224,0.8382977247238159,-0.8445155024528503,0.5,1,-0.5,-0.49951374530792236,0.16170227527618408,0.34451550245285034,-20,0,0,0,1.0,0.0,0.0,0.0,0.0,0.0,0.0
1762584248.0438635,0,follower,manual,0.4366876482963562,0.809692919254303,-0.05880248174071312,0,1,0,-0.4366876482963562,0.19030708074569702,0.05880248174071312,-20,0,0,0,,,,,,,
1762584248.3506157,0,leader,manual,0.4366876482963562,0.809692919254303,-0.05880248174071312,0,1,0,-0.4366876482963562,0.19030708074569702,0.05880248174071312,-20,0,0,0,1.0,0.0,0.0,0.0,0.0,0.0,0.0
1762584248.3508098,1,follower,manual,0.3269383907318115,0.8523542284965515,0.2737184166908264,0.5,1,0.5,0.17306160926818848,0.1476457715034485,0.22628158330917358,-20,0,0,0,1.0,0.0,0.0,0.0,0.0,0.0,0.0
1762584248.5513632,2,follower,manual,1.0068767070770264,0.8014141917228699,-0.8383939862251282,0.5,1,-0.5,-0.5068767070770264,0.19858580827713013,0.3383939862251282,-20,0,0,0,1.0,0.0,0.0,0.0,0.0,0.0,0.0
1762584248.5520608,0,follower,manual,0.44270119071006775,0.8203578591346741,-0.13645301759243011,0,1,0,-0.44270119071006775,0.17964214086532593,0.13645301759243011,0,-20,0,0,,,,,,,
1762584248.8567557,0,leader,manual,0.44270119071006775,0.8203578591346741,-0.13645301759243011,0,1,0,-0.44270119071006775,0.17964214086532593,0.13645301759243011,0,-20,0,0,1.0,0.0,0.0,0.0,0.0,0.0,0.0
1762584248.856951,1,follower,manual,0.3204139769077301,0.850782036781311,0.2818068861961365,0.5,1,0.5,0.1795860230922699,0.14921796321868896,0.21819311380386353,0,-20,0,0,1.0,0.0,0.0,0.0,0.0,0.0,0.0
1762584249.1575427,2,follower,manual,1.0197280645370483,0.7939345836639404,-0.8378753066062927,0.5,1,-0.5,-0.5197280645370483,0.20606541633605957,0.3378753066062927,0,-20,0,0,1.0,0.0,0.0,0.0,0.0,0.0,0.0
1762584249.1582239,0,follower,manual,0.434722363948822,0.8322581648826599,-0.2298041731119156,0,1,0,-0.434722363948822,0.1677418351173401,0.2298041731119156,0,-20,0,0,,,,,,,
1762584249.4427404,0,leader,manual,0.434722363948822,0.8322581648826599,-0.2298041731119156,0,1,0,-0.434722363948822,0.1677418351173401,0.2298041731119156,0,-20,0,0,1.0,0.0,0.0,0.0,0.0,0.0,0.0
1762584249.4433699,1,follower,manual,0.3170565664768219,0.8531073927879333,0.2900029718875885,0.5,1,0.5,0.1829434335231781,0.14689260721206665,0.2099970281124115,0,-20,0,0,1.0,0.0,0.0,0.0,0.0,0.0,0.0
1762584249.5440276,2,follower,manual,1.0329254865646362,0.8157058358192444,-0.8184068202972412,0.5,1,-0.5,-0.5329254865646362,0.18429416418075562,0.3184068202972412,0,-20,0,0,1.0,0.0,0.0,0.0,0.0,0.0,0.0
1762584249.5495749,0,follower,manual,0.39777448773384094,0.835536003112793,-0.2529369294643402,0,1,0,-0.39777448773384094,0.16446399688720703,0.2529369294643402,0,-20,0,0,,,,,,,
1762584249.7948787,0,leader,manual,0.39777448773384094,0.835536003112793,-0.2529369294643402,0,1,0,-0.39777448773384094,0.16446399688720703,0.2529369294643402,0,-20,0,0,1.0,0.0,0.0,0.0,0.0,0.0,0.0
1762584249.7950985,1,follower,manual,0.31576481461524963,0.8560744524002075,0.29170382022857666,0.5,1,0.5,0.18423518538475037,0.14392554759979248,0.20829617977142334,0,-20,0,0,1.0,0.0,0.0,0.0,0.0,0.0,0.0
1762584249.8954763,2,follower,manual,1.0306806564331055,0.8310903906822205,-0.8036362528800964,0.5,1,-0.5,-0.5306806564331055,0.16890960931777954,0.30363625288009644,0,-20,0,0,1.0,0.0,0.0,0.0,0.0,0.0,0.0
1762584249.996369,0,follower,manual,0.3542301654815674,0.8354078531265259,-0.2528476417064667,0,1,0,-0.3542301654815674,0.16459214687347412,0.2528476417064667,0,-20,0,0,,,,,,,
1762584250.2531037,0,leader,manual,0.3542301654815674,0.8354078531265259,-0.2528476417064667,0,1,0,-0.3542301654815674,0.16459214687347412,0.2528476417064667,0,-20,0,0,1.0,0.0,0.0,0.0,0.0,0.0,0.0
1762584250.2532973,1,follower,manual,0.3159583508968353,0.8570263981819153,0.29255351424217224,0.5,1,0.5,0.18404164910316467,0.14297360181808472,0.20744648575782776,0,-20,0,0,1.0,0.0,0.0,0.0,0.0,0.0,0.0
1762584250.455415,2,follower,manual,1.0290275812149048,0.8378767371177673,-0.801472008228302,0.5,1,-0.5,-0.5290275812149048,0.16212326288223267,0.301472008228302,0,-20,0,0,1.0,0.0,0.0,0.0,0.0,0.0,0.0
1762584250.4562116,0,follower,manual,0.26209551095962524,0.8337433934211731,-0.23169434070587158,0,1,0,-0.26209551095962524,0.1662566065788269,0.23169434070587158,0,-20,0,0,,,,,,,
1762584250.6685095,0,leader,manual,0.26209551095962524,0.8337433934211731,-0.23169434070587158,0,1,0,-0.26209551095962524,0.1662566065788269,0.23169434070587158,0,-20,0,0,1.0,0.0,0.0,0.0,0.0,0.0,0.0
1762584250.6687117,1,follower,manual,0.31570643186569214,0.8533473610877991,0.2913570702075958,0.5,1,0.5,0.18429356813430786,0.14665263891220093,0.20864292979240417,0,-20,0,0,1.0,0.0,0.0,0.0,0.0,0.0,0.0
1762584250.769106,2,follower,manual,1.0262538194656372,0.8265644311904907,-0.8069660663604736,0.5,1,-0.5,-0.5262538194656372,0.17343556880950928,0.30696606636047363,0,-20,0,0,1.0,0.0,0.0,0.0,0.0,0.0,0.0
1762584250.7697709,0,follower,manual,0.20500591397285461,0.8319180607795715,-0.2187792807817459,0,1,0,-0.20500591397285461,0.16808193922042847,0.2187792807817459,-20,0,0,0,,,,,,,
1762584250.9722497,0,leader,manual,0.20500591397285461,0.8319180607795715,-0.2187792807817459,0,1,0,-0.20500591397285461,0.16808193922042847,0.2187792807817459,-20,0,0,0,1.0,0.0,0.0,0.0,0.0,0.0,0.0
1762584250.972459,1,follower,manual,0.3186880350112915,0.8485211730003357,0.28868964314460754,0.5,1,0.5,0.1813119649887085,0.1514788269996643,0.21131035685539246,-20,0,0,0,1.0,0.0,0.0,0.0,0.0,0.0,0.0
1762584251.0728679,2,follower,manual,1.0254851579666138,0.81725013256073,-0.8111199736595154,0.5,1,-0.5,-0.5254851579666138,0.18274986743927002,0.3111199736595154,-20,0,0,0,1.0,0.0,0.0,0.0,0.0,0.0,0.0
1762584251.0735664,0,follower,manual,0.15368886291980743,0.8335769176483154,-0.21017718315124512,0,1,0,-0.15368886291980743,0.16642308235168457,0.21017718315124512,-20,0,0,0,,,,,,,
1762584251.2768662,0,leader,manual,0.15368886291980743,0.8335769176483154,-0.21017718315124512,0,1,0,-0.15368886291980743,0.16642308235168457,0.21017718315124512,-20,0,0,0,1.0,0.0,0.0,0.0,0.0,0.0,0.0
1762584251.2770612,1,follower,manual,0.323326051235199,0.8438843488693237,0.2869385778903961,0.5,1,0.5,0.17667394876480103,0.15611565113067627,0.21306142210960388,-20,0,0,0,1.0,0.0,0.0,0.0,0.0,0.0,0.0
1762584251.3795295,2,follower,manual,1.0240509510040283,0.8090811371803284,-0.8112652897834778,0.5,1,-0.5,-0.5240509510040283,0.19091886281967163,0.3112652897834778,-20,0,0,0,1.0,0.0,0.0,0.0,0.0,0.0,0.0
1762584251.3802896,0,follower,manual,0.11415920406579971,0.837762713432312,-0.2159920036792755,0,1,0,-0.11415920406579971,0.162237286567688,0.2159920036792755,-20,0,0,0,,,,,,,
1762584251.58398,0,leader,manual,0.11415920406579971,0.837762713432312,-0.2159920036792755,0,1,0,-0.11415920406579971,0.162237286567688,0.2159920036792755,-20,0,0,0,1.0,0.0,0.0,0.0,0.0,0.0,0.0
1762584251.584213,1,follower,manual,0.32682934403419495,0.8385242223739624,0.2847428619861603,0.5,1,0.5,0.17317065596580505,0.1614757776260376,0.21525713801383972,-20,0,0,0,1.0,0.0,0.0,0.0,0.0,0.0,0.0
1762584251.6847754,2,follower,manual,1.0221450328826904,0.8042135238647461,-0.814111053943634,0.5,1,-0.5,-0.5221450328826904,0.1957864761352539,0.31411105394363403,-20,0,0,0,1.0,0.0,0.0,0.0,0.0,0.0,0.0
1762584251.685132,0,follower,manual,0.09213121235370636,0.838914692401886,-0.2399657815694809,0,1,0,-0.09213121235370636,0.161085307598114,0.2399657815694809,-20,0,0,0,,,,,,,
1762584251.8954594,0,leader,manual,0.09213121235370636,0.838914692401886,-0.2399657815694809,0,1,0,-0.09213121235370636,0.161085307598114,0.2399657815694809,-20,0,0,0,1.0,0.0,0.0,0.0,0.0,0.0,0.0
1762584251.895679,1,follower,manual,0.32862913608551025,0.8338708281517029,0.2847955524921417,0.5,1,0.5,0.17137086391448975,0.16612917184829712,0.21520444750785828,-20,0,0,0,1.0,0.0,0.0,0.0,0.0,0.0,0.0
1762584251.9960914,2,follower,manual,1.019501805305481,0.8058331608772278,-0.8155167102813721,0.5,1,-0.5,-0.519501805305481,0.19416683912277222,0.31551671028137207,-20,0,0,0,1.0,0.0,0.0,0.0,0.0,0.0,0.0
1762584252.0969853,0,follower,manual,0.0840228870511055,0.8372072577476501,-0.27527862787246704,0,1,0,-0.0840228870511055,0.16279274225234985,0.27527862787246704,-20,0,0,0,,,,,,,
1762584252.5059211,0,leader,manual,0.0840228870511055,0.8372072577476501,-0.27527862787246704,0,1,0,-0.0840228870511055,0.16279274225234985,0.27527862787246704,-20,0,0,0,1.0,0.0,0.0,0.0,0.0,0.0,0.0
1762584252.5061467,1,follower,manual,0.32836398482322693,0.8323580026626587,0.28608235716819763,0.5,1,0.5,0.17163601517677307,0.1676419973373413,0.21391764283180237,-20,0,0,0,1.0,0.0,0.0,0.0,0.0,0.0,0.0
1762584252.70734,2,follower,manual,1.0163296461105347,0.8119685053825378,-0.8169111609458923,0.5,1,-0.5,-0.5163296461105347,0.18803149461746216,0.31691116094589233,-20,0,0,0,1.0,0.0,0.0,0.0,0.0,0.0,0.0
1762584252.7089386,0,follower,manual,0.08565189689397812,0.8182712197303772,-0.3751632571220398,0,1,0,-0.08565189689397812,0.1817287802696228,0.3751632571220398,-20,0,0,0,,,,,,,
1762584252.9313138,0,leader,manual,0.08565189689397812,0.8182712197303772,-0.3751632571220398,0,1,0,-0.08565189689397812,0.1817287802696228,0.3751632571220398,-20,0,0,0,1.0,0.0,0.0,0.0,0.0,0.0,0.0
1762584252.9314737,1,follower,manual,0.32576629519462585,0.8387469053268433,0.28950491547584534,0.5,1,0.5,0.17423370480537415,0.16125309467315674,0.21049508452415466,-20,0,0,0,1.0,0.0,0.0,0.0,0.0,0.0,0.0
1762584253.0325036,2,follower,manual,1.023184061050415,0.8214995265007019,-0.8285813927650452,0.5,1,-0.5,-0.523184061050415,0.1785004734992981,0.32858139276504517,-20,0,0,0,1.0,0.0,0.0,0.0,0.0,0.0,0.0
1762584253.0329905,0,follower,manual,0.08627048134803772,0.8112096786499023,-0.43022146821022034,0,1,0,-0.08627048134803772,0.18879032135009766,0.43022146821022034,-20,0,0,0,,,,,,,
1762584253.237154,0,leader,manual,0.08627048134803772,0.8112096786499023,-0.43022146821022034,0,1,0,-0.08627048134803772,0.18879032135009766,0.43022146821022034,-20,0,0,0,1.0,0.0,0.0,0.0,0.0,0.0,0.0
1762584253.2372205,1,follower,manual,0.32408204674720764,0.8447821140289307,0.2922739088535309,0.5,1,0.5,0.17591795325279236,0.15521788597106934,0.20772609114646912,-20,0,0,0,1.0,0.0,0.0,0.0,0.0,0.0,0.0
1762584253.3375168,2,follower,manual,1.0336788892745972,0.8151358366012573,-0.8445015549659729,0.5,1,-0.5,-0.5336788892745972,0.18486416339874268,0.3445015549659729,-20,0,0,0,1.0,0.0,0.0,0.0,0.0,0.0,0.0
1762584253.3423662,0,follower,manual,0.08940155804157257,0.8080553412437439,-0.48194727301597595,0,1,0,-0.08940155804157257,0.1919446587562561,0.48194727301597595,-20,0,0,0,,,,,,,
1762584253.6967144,0,leader,manual,0.08940155804157257,0.8080553412437439,-0.48194727301597595,0,1,0,-0.08940155804157257,0.1919446587562561,0.48194727301597595,-20,0,0,0,1.0,0.0,0.0,0.0,0.0,0.0,0.0
1762584253.6967707,1,follower,manual,0.32264408469200134,0.8484858274459839,0.29483309388160706,0.5,1,0.5,0.17735591530799866,0.1515141725540161,0.20516690611839294,-20,0,0,0,1.0,0.0,0.0,0.0,0.0,0.0,0.0
1762584253.797511,2,follower,manual,1.042752981185913,0.7977110743522644,-0.861201286315918,0.5,1,-0.5,-0.5427529811859131,0.2022889256477356,0.36120128631591797,-20,0,0,0,1.0,0.0,0.0,0.0,0.0,0.0,0.0
1762584253.7982204,0,follower,manual,0.09461987763643265,0.8063294291496277,-0.558866024017334,0,1,0,-0.09461987763643265,0.19367057085037231,0.558866024017334,-20,0,0,0,,,,,,,
1762584254.0159702,0,leader,manual,0.09461987763643265,0.8063294291496277,-0.558866024017334,0,1,0,-0.09461987763643265,0.19367057085037231,0.558866024017334,-20,0,0,0,1.0,0.0,0.0,0.0,0.0,0.0,0.0
1762584254.0162077,1,follower,manual,0.3199518024921417,0.8525769710540771,0.2951166331768036,0.5,1,0.5,0.18004819750785828,0.14742302894592285,0.2048833668231964,-20,0,0,0,1.0,0.0,0.0,0.0,0.0,0.0,0.0
1762584254.1166286,2,follower,manual,1.0574959516525269,0.7739620804786682,-0.875527024269104,0.5,1,-0.5,-0.5574959516525269,0.2260379195213318,0.375527024269104,-20,0,0,0,1.0,0.0,0.0,0.0,0.0,0.0,0.0
1762584254.1175554,0,follower,manual,0.09590877592563629,0.8066548109054565,-0.6120285987854004,0,1,0,-0.09590877592563629,0.19334518909454346,0.6120285987854004,-20,0,0,0,,,,,,,
1762584254.2816248,0,leader,manual,0.09590877592563629,0.8066548109054565,-0.6120285987854004,0,1,0,-0.09590877592563629,0.19334518909454346,0.6120285987854004,-20,0,0,0,1.0,0.0,0.0,0.0,0.0,0.0,0.0
1762584254.2823164,1,follower,manual,0.31901341676712036,0.8514449596405029,0.29659125208854675,0.5,1,0.5,0.18098658323287964,0.14855504035949707,0.20340874791145325,-20,0,0,0,1.0,0.0,0.0,0.0,0.0,0.0,0.0
1762584254.282481,2,follower,manual,1.061995267868042,0.7761403918266296,-0.8948057889938354,0.5,1,-0.5,-0.561995267868042,0.22385960817337036,0.39480578899383545,-20,0,0,0,1.0,0.0,0.0,0.0,0.0,0.0,0.0
1762584254.3834474,0,follower,manual,0.09510934352874756,0.8065583109855652,-0.6437059044837952,0,1,0,-0.09510934352874756,0.19344168901443481,0.6437059044837952,-20,0,0,0,,,,,,,
1762584254.6040168,0,leader,manual,0.09510934352874756,0.8065583109855652,-0.6437059044837952,0,1,0,-0.09510934352874756,0.19344168901443481,0.6437059044837952,-20,0,0,0,1.0,0.0,0.0,0.0,0.0,0.0,0.0
1762584254.604488,1,follower,manual,0.31969648599624634,0.8490761518478394,0.29716604948043823,0.5,1,0.5,0.18030351400375366,0.15092384815216064,0.20283395051956177,-20,0,0,0,1.0,0.0,0.0,0.0,0.0,0.0,0.0
1762584254.6046565,2,follower,manual,1.0599602460861206,0.7809499502182007,-0.9053130149841309,0.5,1,-0.5,-0.5599602460861206,0.21905004978179932,0.40531301498413086,-20,0,0,0,1.0,0.0,0.0,0.0,0.0,0.0,0.0
1762584254.7057462,0,follower,manual,0.09416946768760681,0.8082439303398132,-0.7014918327331543,0,1,0,-0.09416946768760681,0.19175606966018677,0.7014918327331543,0,0,0,0,,,,,,,
1762584254.8895915,0,leader,manual,0.09416946768760681,0.8082439303398132,-0.7014918327331543,0,1,0,-0.09416946768760681,0.19175606966018677,0.7014918327331543,0,0,0,0,1.0,0.0,0.0,0.0,0.0,0.0,0.0
1762584254.8897877,1,follower,manual,0.322823166847229,0.8427868485450745,0.2974401116371155,0.5,1,0.5,0.177176833152771,0.15721315145492554,0.20255988836288452,0,0,0,0,1.0,0.0,0.0,0.0,0.0,0.0,0.0
1762584254.8899164,2,follower,manual,1.0649789571762085,0.7884944677352905,-0.9139862060546875,0.5,1,-0.5,-0.5649789571762085,0.21150553226470947,0.4139862060546875,0,0,0,0,1.0,0.0,0.0,0.0,0.0,0.0,0.0
1762584254.990714,0,follower,manual,0.09309574961662292,0.8111392259597778,-0.7496697902679443,0,1,0,-0.09309574961662292,0.18886077404022217,0.7496697902679443,20,0,0,0,,,,,,,
1762584255.180353,0,leader,manual,0.09309574961662292,0.8111392259597778,-0.7496697902679443,0,1,0,-0.09309574961662292,0.18886077404022217,0.7496697902679443,20,0,0,0,1.0,0.0,0.0,0.0,0.0,0.0,0.0
1762584255.180582,1,follower,manual,0.3259858787059784,0.8365784287452698,0.2961379885673523,0.5,1,0.5,0.1740141212940216,0.16342157125473022,0.2038620114326477,20,0,0,0,1.0,0.0,0.0,0.0,0.0,0.0,0.0
1762584255.1807363,2,follower,manual,1.070214867591858,0.7996233701705933,-0.9102763533592224,0.5,1,-0.5,-0.5702148675918579,0.20037662982940674,0.4102763533592224,20,0,0,0,1.0,0.0,0.0,0.0,0.0,0.0,0.0
1762584255.2814918,0,follower,manual,0.09394907206296921,0.8130574226379395,-0.7850379347801208,0,1,0,-0.09394907206296921,0.18694257736206055,0.7850379347801208,20,0,0,0,,,,,,,
1762584255.4045248,0,leader,manual,0.09394907206296921,0.8130574226379395,-0.7850379347801208,0,1,0,-0.09394907206296921,0.18694257736206055,0.7850379347801208,20,0,0,0,1.0,0.0,0.0,0.0,0.0,0.0,0.0
1762584255.5053425,1,follower,manual,0.32864782214164734,0.8325002789497375,0.29207462072372437,0.5,1,0.5,0.17135217785835266,0.16749972105026245,0.20792537927627563,20,0,0,0,1.0,0.0,0.0,0.0,0.0,0.0,0.0
1762584255.5056233,2,follower,manual,1.0749022960662842,0.8133522272109985,-0.8949280977249146,0.5,1,-0.5,-0.5749022960662842,0.18664777278900146,0.39492809772491455,20,0,0,0,1.0,0.0,0.0,0.0,0.0,0.0,0.0
1762584255.5062044,0,follower,manual,0.09913171082735062,0.815248429775238,-0.7950642108917236,0,1,0,-0.09913171082735062,0.18475157022476196,0.7950642108917236,0,0,0,0,,,,,,,
1762584255.7274573,0,leader,manual,0.09913171082735062,0.815248429775238,-0.7950642108917236,0,1,0,-0.09913171082735062,0.18475157022476196,0.7950642108917236,0,0,0,0,1.0,0.0,0.0,0.0,0.0,0.0,0.0
1762584255.8280761,1,follower,manual,0.3302503824234009,0.8317660093307495,0.28769880533218384,0.5,1,0.5,0.16974961757659912,0.1682339906692505,0.21230119466781616,0,0,0,0,1.0,0.0,0.0,0.0,0.0,0.0,0.0
1762584255.828429,2,follower,manual,1.07988440990448,0.8253740668296814,-0.8729853630065918,0.5,1,-0.5,-0.57988440990448,0.1746259331703186,0.3729853630065918,0,0,0,0,1.0,0.0,0.0,0.0,0.0,0.0,0.0
1762584255.8292227,0,follower,manual,0.10748458653688431,0.8199890851974487,-0.7787854075431824,0,1,0,-0.10748458653688431,0.18001091480255127,0.7787854075431824,0,0,0,0,,,,,,,
1762584256.0431206,0,leader,manual,0.10748458653688431,0.8199890851974487,-0.7787854075431824,0,1,0,-0.10748458653688431,0.18001091480255127,0.7787854075431824,0,0,0,0,1.0,0.0,0.0,0.0,0.0,0.0,0.0
1762584256.1437066,1,follower,manual,0.3305833339691162,0.8331514596939087,0.28415820002555847,0.5,1,0.5,0.1694166660308838,0.1668485403060913,0.21584179997444153,0,0,0,0,1.0,0.0,0.0,0.0,0.0,0.0,0.0
1762584256.1441221,2,follower,manual,1.0842338800430298,0.8328914642333984,-0.8489012122154236,0.5,1,-0.5,-0.5842338800430298,0.16710853576660156,0.3489012122154236,0,0,0,0,1.0,0.0,0.0,0.0,0.0,0.0,0.0
1762584256.1449602,0,follower,manual,0.11689785122871399,0.8239786028862,-0.7551882266998291,0,1,0,-0.11689785122871399,0.17602139711380005,0.7551882266998291,0,0,0,0,,,,,,,
1762584256.4023438,0,leader,manual,0.11689785122871399,0.8239786028862,-0.7551882266998291,0,1,0,-0.11689785122871399,0.17602139711380005,0.7551882266998291,0,0,0,0,1.0,0.0,0.0,0.0,0.0,0.0,0.0
1762584256.5029101,1,follower,manual,0.3299429416656494,0.8342593908309937,0.28151628375053406,0.5,1,0.5,0.17005705833435059,0.16574060916900635,0.21848371624946594,0,0,0,0,1.0,0.0,0.0,0.0,0.0,0.0,0.0
1762584256.5031946,2,follower,manual,1.084262728691101,0.8418945074081421,-0.830204963684082,0.5,1,-0.5,-0.5842627286911011,0.1581054925918579,0.33020496368408203,0,0,0,0,1.0,0.0,0.0,0.0,0.0,0.0,0.0
1762584256.6045802,1,follower,manual,0.3299730718135834,0.8360885977745056,0.28013020753860474,0.5,1,0.5,0.17002692818641663,0.16391140222549438,0.21986979246139526,0,0,0,0,,,,,,,
1762584256.73245,0,leader,manual,0.12953431904315948,0.8271412253379822,-0.7438543438911438,0,1,0,-0.12953431904315948,0.17285877466201782,0.7438543438911438,0,0,0,0,1.0,0.0,0.0,0.0,0.0,0.0,0.0
1762584256.8332324,1,follower,manual,0.3299730718135834,0.8360885977745056,0.28013020753860474,0.5,1,0.5,0.17002692818641663,0.16391140222549438,0.21986979246139526,0,0,0,0,1.0,0.0,0.0,0.0,0.0,0.0,0.0
1762584256.8335454,2,follower,manual,1.0773019790649414,0.8405317664146423,-0.8358113169670105,0.5,1,-0.5,-0.5773019790649414,0.15946823358535767,0.3358113169670105,0,0,0,0,1.0,0.0,0.0,0.0,0.0,0.0,0.0
1762584256.9344444,1,follower,manual,0.3326655328273773,0.8399792909622192,0.28090646862983704,0.5,1,0.5,0.16733446717262268,0.16002070903778076,0.21909353137016296,20,0,0,0,,,,,,,
1762584257.086615,0,leader,manual,0.1370042860507965,0.8228732347488403,-0.7355852723121643,0,1,0,-0.1370042860507965,0.17712676525115967,0.7355852723121643,20,0,0,0,1.0,0.0,0.0,0.0,0.0,0.0,0.0
1762584257.1871696,1,follower,manual,0.3326655328273773,0.8399792909622192,0.28090646862983704,0.5,1,0.5,0.16733446717262268,0.16002070903778076,0.21909353137016296,20,0,0,0,1.0,0.0,0.0,0.0,0.0,0.0,0.0
1762584257.1874392,2,follower,manual,1.0833526849746704,0.8229532837867737,-0.8442475199699402,0.5,1,-0.5,-0.5833526849746704,0.17704671621322632,0.3442475199699402,20,0,0,0,1.0,0.0,0.0,0.0,0.0,0.0,0.0
1762584257.2883384,1,follower,manual,0.33664071559906006,0.8448207974433899,0.2865731716156006,0.5,1,0.5,0.16335928440093994,0.1551792025566101,0.21342682838439941,20,0,0,0,,,,,,,
1762584257.4886105,0,leader,manual,0.14188173413276672,0.8162288665771484,-0.733008086681366,0,1,0,-0.14188173413276672,0.18377113342285156,0.733008086681366,20,0,0,0,1.0,0.0,0.0,0.0,0.0,0.0,0.0
1762584257.48883,1,follower,manual,0.33664071559906006,0.8448207974433899,0.2865731716156006,0.5,1,0.5,0.16335928440093994,0.1551792025566101,0.21342682838439941,20,0,0,0,1.0,0.0,0.0,0.0,0.0,0.0,0.0
1762584257.4894953,2,follower,manual,1.0908123254776,0.8119480609893799,-0.8526633381843567,0.5,1,-0.5,-0.5908123254776001,0.18805193901062012,0.3526633381843567,20,0,0,0,1.0,0.0,0.0,0.0,0.0,0.0,0.0
1762584257.5904207,1,follower,manual,0.3387221693992615,0.8474991321563721,0.30747199058532715,0.5,1,0.5,0.16127783060073853,0.15250086784362793,0.19252800941467285,20,0,0,0,,,,,,,
1762584257.726492,0,leader,manual,0.14786310493946075,0.8106539845466614,-0.7322134971618652,0,1,0,-0.14786310493946075,0.18934601545333862,0.7322134971618652,20,0,0,0,1.0,0.0,0.0,0.0,0.0,0.0,0.0
1762584257.827021,1,follower,manual,0.3387221693992615,0.8474991321563721,0.30747199058532715,0.5,1,0.5,0.16127783060073853,0.15250086784362793,0.19252800941467285,20,0,0,0,1.0,0.0,0.0,0.0,0.0,0.0,0.0
1762584257.8274035,2,follower,manual,1.0950217247009277,0.8176772594451904,-0.860722005367279,0.5,1,-0.5,-0.5950217247009277,0.18232274055480957,0.36072200536727905,20,0,0,0,1.0,0.0,0.0,0.0,0.0,0.0,0.0
1762584257.9285607,1,follower,manual,0.33644843101501465,0.8481999635696411,0.3480960428714752,0.5,1,0.5,0.16355156898498535,0.1518000364303589,0.15190395712852478,20,0,0,0,,,,,,,
1762584258.0325866,0,leader,manual,0.148854598402977,0.8031448125839233,-0.7303804755210876,0,1,0,-0.148854598402977,0.19685518741607666,0.7303804755210876,20,0,0,0,1.0,0.0,0.0,0.0,0.0,0.0,0.0
1762584258.1331325,1,follower,manual,0.33644843101501465,0.8481999635696411,0.3480960428714752,0.5,1,0.5,0.16355156898498535,0.1518000364303589,0.15190395712852478,20,0,0,0,1.0,0.0,0.0,0.0,0.0,0.0,0.0
1762584258.133439,2,follower,manual,1.086281418800354,0.8287559747695923,-0.8594810962677002,0.5,1,-0.5,-0.586281418800354,0.17124402523040771,0.3594810962677002,20,0,0,0,1.0,0.0,0.0,0.0,0.0,0.0,0.0
1762584258.234307,1,follower,manual,0.3328400254249573,0.8447796702384949,0.39976945519447327,0.5,1,0.5,0.16715997457504272,0.15522032976150513,0.10023054480552673,20,0,0,0,,,,,,,
1762584258.3907754,0,leader,manual,0.14746807515621185,0.8039324283599854,-0.7257472276687622,0,1,0,-0.14746807515621185,0.19606757164001465,0.7257472276687622,20,0,0,0,1.0,0.0,0.0,0.0,0.0,0.0,0.0
1762584258.4912753,1,follower,manual,0.3328400254249573,0.8447796702384949,0.39976945519447327,0.5,1,0.5,0.16715997457504272,0.15522032976150513,0.10023054480552673,20,0,0,0,1.0,0.0,0.0,0.0,0.0,0.0,0.0
1762584258.4915802,2,follower,manual,1.0755780935287476,0.8334612250328064,-0.8433030843734741,0.5,1,-0.5,-0.5755780935287476,0.1665387749671936,0.3433030843734741,20,0,0,0,1.0,0.0,0.0,0.0,0.0,0.0,0.0
1762584258.5924747,1,follower,manual,0.3286145329475403,0.8394680023193359,0.46442970633506775,0.5,1,0.5,0.17138546705245972,0.16053199768066406,0.03557029366493225,20,0,0,0,,,,,,,
1762584258.6950119,0,leader,manual,0.1475399136543274,0.812430739402771,-0.730930745601654,0,1,0,-0.1475399136543274,0.187569260597229,0.730930745601654,20,0,0,0,1.0,0.0,0.0,0.0,0.0,0.0,0.0
1762584258.8955572,1,follower,manual,0.3286145329475403,0.8394680023193359,0.46442970633506775,0.5,1,0.5,0.17138546705245972,0.16053199768066406,0.03557029366493225,20,0,0,0,1.0,0.0,0.0,0.0,0.0,0.0,0.0
1762584258.895812,2,follower,manual,1.0724282264709473,0.8301804065704346,-0.8202549815177917,0.5,1,-0.5,-0.5724282264709473,0.16981959342956543,0.32025498151779175,20,0,0,0,1.0,0.0,0.0,0.0,0.0,0.0,0.0
1762584258.997403,1,follower,manual,0.3222140371799469,0.8364593386650085,0.5492145419120789,0.5,1,0.5,0.1777859628200531,0.16354066133499146,-0.04921454191207886,20,0,0,0,,,,,,,
1762584259.207704,0,leader,manual,0.13719795644283295,0.8293058276176453,-0.7331957817077637,0,1,0,-0.13719795644283295,0.17069417238235474,0.7331957817077637,20,0,0,0,1.0,0.0,0.0,0.0,0.0,0.0,0.0
1762584259.3081615,1,follower,manual,0.3222140371799469,0.8364593386650085,0.5492145419120789,0.5,1,0.5,0.1777859628200531,0.16354066133499146,-0.04921454191207886,20,0,0,0,1.0,0.0,0.0,0.0,0.0,0.0,0.0
1762584259.3084276,2,follower,manual,1.0714514255523682,0.815808892250061,-0.8122283220291138,0.5,1,-0.5,-0.5714514255523682,0.18419110774993896,0.31222832202911377,20,0,0,0,1.0,0.0,0.0,0.0,0.0,0.0,0.0
1762584259.4092574,1,follower,manual,0.3132425844669342,0.8379921317100525,0.6398075222969055,0.5,1,0.5,0.1867574155330658,0.1620078682899475,-0.13980752229690552,20,0,0,0,,,,,,,
1762584259.5247276,0,leader,manual,0.126623272895813,0.8359423875808716,-0.7326223254203796,0,1,0,-0.126623272895813,0.16405761241912842,0.7326223254203796,20,0,0,0,1.0,0.0,0.0,0.0,0.0,0.0,0.0
1762584259.6251912,1,follower,manual,0.3132425844669342,0.8379921317100525,0.6398075222969055,0.5,1,0.5,0.1867574155330658,0.1620078682899475,-0.13980752229690552,20,0,0,0,1.0,0.0,0.0,0.0,0.0,0.0,0.0
1762584259.6254797,2,follower,manual,1.066287875175476,0.8103062510490417,-0.8156819939613342,0.5,1,-0.5,-0.5662878751754761,0.18969374895095825,0.31568199396133423,20,0,0,0,1.0,0.0,0.0,0.0,0.0,0.0,0.0
1762584259.7263079,1,follower,manual,0.305656373500824,0.8409843444824219,0.7098879814147949,0.5,1,0.5,0.19434362649917603,0.15901565551757812,-0.20988798141479492,20,0,0,0,,,,,,,
1762584259.8999104,0,leader,manual,0.12202247977256775,0.8343957662582397,-0.7385473847389221,0,1,0,-0.12202247977256775,0.16560423374176025,0.7385473847389221,20,0,0,0,1.0,0.0,0.0,0.0,0.0,0.0,0.0
1762584260.0002425,1,follower,manual,0.305656373500824,0.8409843444824219,0.7098879814147949,0.5,1,0.5,0.19434362649917603,0.15901565551757812,-0.20988798141479492,20,0,0,0,1.0,0.0,0.0,0.0,0.0,0.0,0.0
1762584260.0003319,2,follower,manual,1.0583537817001343,0.8150613903999329,-0.8183477520942688,0.5,1,-0.5,-0.5583537817001343,0.18493860960006714,0.3183477520942688,20,0,0,0,1.0,0.0,0.0,0.0,0.0,0.0,0.0
1762584260.1006477,1,follower,manual,0.29647547006607056,0.843268096446991,0.7934970855712891,0.5,1,0.5,0.20352452993392944,0.15673190355300903,-0.29349708557128906,0,0,0,0,,,,,,,
1762584260.2066572,0,leader,manual,0.11987129598855972,0.8306771516799927,-0.7427898049354553,0,1,0,-0.11987129598855972,0.16932284832000732,0.7427898049354553,0,0,0,0,1.0,0.0,0.0,0.0,0.0,0.0,0.0
1762584260.3070626,1,follower,manual,0.29647547006607056,0.843268096446991,0.7934970855712891,0.5,1,0.5,0.20352452993392944,0.15673190355300903,-0.29349708557128906,0,0,0,0,1.0,0.0,0.0,0.0,0.0,0.0,0.0
1762584260.3073754,2,follower,manual,1.0499236583709717,0.8181467652320862,-0.8182043433189392,0.5,1,-0.5,-0.5499236583709717,0.18185323476791382,0.3182043433189392,0,0,0,0,1.0,0.0,0.0,0.0,0.0,0.0,0.0
1762584260.4084332,1,follower,manual,0.28914666175842285,0.8446656465530396,0.858181893825531,0.5,1,0.5,0.21085333824157715,0.15533435344696045,-0.358181893825531,0,20,0,0,,,,,,,
1762584260.5179546,0,leader,manual,0.12118624895811081,0.8229334354400635,-0.7438521981239319,0,1,0,-0.12118624895811081,0.17706656455993652,0.7438521981239319,0,20,0,0,1.0,0.0,0.0,0.0,0.0,0.0,0.0
1762584260.6183646,1,follower,manual,0.28914666175842285,0.8446656465530396,0.858181893825531,0.5,1,0.5,0.21085333824157715,0.15533435344696045,-0.358181893825531,0,20,0,0,1.0,0.0,0.0,0.0,0.0,0.0,0.0
1762584260.6186051,2,follower,manual,1.0479456186294556,0.8160780072212219,-0.8190866708755493,0.5,1,-0.5,-0.5479456186294556,0.18392199277877808,0.3190866708755493,0,20,0,0,1.0,0.0,0.0,0.0,0.0,0.0,0.0
1762584260.7193544,1,follower,manual,0.2830120027065277,0.8447270393371582,0.9088159203529358,0.5,1,0.5,0.2169879972934723,0.1552729606628418,-0.4088159203529358,0,20,0,0,,,,,,,
1762584260.8379233,0,leader,manual,0.12374448776245117,0.8165479898452759,-0.7483611702919006,0,1,0,-0.12374448776245117,0.18345201015472412,0.7483611702919006,0,20,0,0,1.0,0.0,0.0,0.0,0.0,0.0,0.0
1762584260.8381474,1,follower,manual,0.2830120027065277,0.8447270393371582,0.9088159203529358,0.5,1,0.5,0.2169879972934723,0.1552729606628418,-0.4088159203529358,0,20,0,0,1.0,0.0,0.0,0.0,0.0,0.0,0.0
1762584260.9384513,2,follower,manual,1.0505156517028809,0.8159132599830627,-0.8160319328308105,0.5,1,-0.5,-0.5505156517028809,0.18408674001693726,0.31603193283081055,0,20,0,0,1.0,0.0,0.0,0.0,0.0,0.0,0.0
1762584260.9388123,1,follower,manual,0.29013338685035706,0.844327986240387,0.9451512694358826,0.5,1,0.5,0.20986661314964294,0.15567201375961304,-0.44515126943588257,0,20,0,0,,,,,,,
1762584261.140895,0,leader,manual,0.12637297809123993,0.8134670257568359,-0.7477693557739258,0,1,0,-0.12637297809123993,0.18653297424316406,0.7477693557739258,0,20,0,0,1.0,0.0,0.0,0.0,0.0,0.0,0.0
1762584261.1411045,1,follower,manual,0.29013338685035706,0.844327986240387,0.9451512694358826,0.5,1,0.5,0.20986661314964294,0.15567201375961304,-0.44515126943588257,0,20,0,0,1.0,0.0,0.0,0.0,0.0,0.0,0.0
1762584261.2415493,2,follower,manual,1.0529210567474365,0.8159604072570801,-0.8078958988189697,0.5,1,-0.5,-0.5529210567474365,0.18403959274291992,0.3078958988189697,0,20,0,0,1.0,0.0,0.0,0.0,0.0,0.0,0.0
1762584261.2423065,1,follower,manual,0.3141914904117584,0.8412216305732727,0.9652485847473145,0.5,1,0.5,0.18580850958824158,0.1587783694267273,-0.46524858474731445,0,20,0,0,,,,,,,
1762584261.447994,0,leader,manual,0.13090355694293976,0.8130882978439331,-0.7441387176513672,0,1,0,-0.13090355694293976,0.1869117021560669,0.7441387176513672,0,20,0,0,1.0,0.0,0.0,0.0,0.0,0.0,0.0
1762584261.4483688,1,follower,manual,0.3141914904117584,0.8412216305732727,0.9652485847473145,0.5,1,0.5,0.18580850958824158,0.1587783694267273,-0.46524858474731445,0,20,0,0,1.0,0.0,0.0,0.0,0.0,0.0,0.0
1762584261.5489562,2,follower,manual,1.0520380735397339,0.8182592988014221,-0.809691309928894,0.5,1,-0.5,-0.5520380735397339,0.18174070119857788,0.30969130992889404,0,20,0,0,1.0,0.0,0.0,0.0,0.0,0.0,0.0
1762584261.5501006,1,follower,manual,0.35487717390060425,0.8360311985015869,0.9772540330886841,0.5,1,0.5,0.14512282609939575,0.16396880149841309,-0.4772540330886841,0,20,0,0,,,,,,,
1762584261.7566493,0,leader,manual,0.13637205958366394,0.8075261116027832,-0.7420526742935181,0,1,0,-0.13637205958366394,0.1924738883972168,0.7420526742935181,0,20,0,0,1.0,0.0,0.0,0.0,0.0,0.0,0.0
1762584261.7568464,1,follower,manual,0.35487717390060425,0.8360311985015869,0.9772540330886841,0.5,1,0.5,0.14512282609939575,0.16396880149841309,-0.4772540330886841,0,20,0,0,1.0,0.0,0.0,0.0,0.0,0.0,0.0
1762584261.8573046,2,follower,manual,1.0403764247894287,0.8273997902870178,-0.8166478872299194,0.5,1,-0.5,-0.5403764247894287,0.17260020971298218,0.31664788722991943,0,20,0,0,1.0,0.0,0.0,0.0,0.0,0.0,0.0
1762584261.8584573,1,follower,manual,0.4045611619949341,0.829047679901123,0.9846068620681763,0.5,1,0.5,0.09543883800506592,0.17095232009887695,-0.48460686206817627,0,20,0,0,,,,,,,
1762584262.123762,0,leader,manual,0.1410628855228424,0.7981463074684143,-0.7354780435562134,0,1,0,-0.1410628855228424,0.2018536925315857,0.7354780435562134,0,20,0,0,1.0,0.0,0.0,0.0,0.0,0.0,0.0
1762584262.1239712,1,follower,manual,0.4045611619949341,0.829047679901123,0.9846068620681763,0.5,1,0.5,0.09543883800506592,0.17095232009887695,-0.48460686206817627,0,20,0,0,1.0,0.0,0.0,0.0,0.0,0.0,0.0
1762584262.2244198,2,follower,manual,1.0232317447662354,0.8305343985557556,-0.8309004902839661,0.5,1,-0.5,-0.5232317447662354,0.16946560144424438,0.33090049028396606,0,20,0,0,1.0,0.0,0.0,0.0,0.0,0.0,0.0
1762584262.2251728,1,follower,manual,0.4685853123664856,0.8218057751655579,0.990940272808075,0.5,1,0.5,0.031414687633514404,0.17819422483444214,-0.49094027280807495,0,20,0,0,,,,,,,
1762584262.432527,0,leader,manual,0.14560768008232117,0.7897420525550842,-0.7261422872543335,0,1,0,-0.14560768008232117,0.21025794744491577,0.7261422872543335,0,20,0,0,1.0,0.0,0.0,0.0,0.0,0.0,0.0
1762584262.4327161,1,follower,manual,0.4685853123664856,0.8218057751655579,0.990940272808075,0.5,1,0.5,0.031414687633514404,0.17819422483444214,-0.49094027280807495,0,20,0,0,1.0,0.0,0.0,0.0,0.0,0.0,0.0
1762584262.5331645,2,follower,manual,1.0066722631454468,0.8273182511329651,-0.833513081073761,0.5,1,-0.5,-0.5066722631454468,0.1726817488670349,0.333513081073761,0,20,0,0,1.0,0.0,0.0,0.0,0.0,0.0,0.0
1762584262.5339487,1,follower,manual,0.5247634649276733,0.8170087933540344,0.9936215877532959,0.5,1,0.5,-0.02476346492767334,0.18299120664596558,-0.4936215877532959,0,20,0,0,,,,,,,
1762584262.7375536,0,leader,manual,0.14607566595077515,0.7838360667228699,-0.717052698135376,0,1,0,-0.14607566595077515,0.21616393327713013,0.717052698135376,0,20,0,0,1.0,0.0,0.0,0.0,0.0,0.0,0.0
1762584262.7377713,1,follower,manual,0.5247634649276733,0.8170087933540344,0.9936215877532959,0.5,1,0.5,-0.02476346492767334,0.18299120664596558,-0.4936215877532959,0,20,0,0,1.0,0.0,0.0,0.0,0.0,0.0,0.0
1762584262.8382301,2,follower,manual,0.9977294206619263,0.817547082901001,-0.8384057283401489,0.5,1,-0.5,-0.49772942066192627,0.18245291709899902,0.3384057283401489,0,20,0,0,1.0,0.0,0.0,0.0,0.0,0.0,0.0
1762584262.8390183,1,follower,manual,0.5815284848213196,0.8190568089485168,0.9974331259727478,0.5,1,0.5,-0.08152848482131958,0.18094319105148315,-0.4974331259727478,0,20,0,0,,,,,,,
1762584263.0411463,0,leader,manual,0.14374420046806335,0.7803401350975037,-0.7096562385559082,0,1,0,-0.14374420046806335,0.21965986490249634,0.7096562385559082,0,20,0,0,1.0,0.0,0.0,0.0,0.0,0.0,0.0
1762584263.0413845,1,follower,manual,0.5815284848213196,0.8190568089485168,0.9974331259727478,0.5,1,0.5,-0.08152848482131958,0.18094319105148315,-0.4974331259727478,0,20,0,0,1.0,0.0,0.0,0.0,0.0,0.0,0.0
1762584263.14186,2,follower,manual,0.9936596751213074,0.8004677891731262,-0.8423391580581665,0.5,1,-0.5,-0.4936596751213074,0.19953221082687378,0.3423391580581665,0,20,0,0,1.0,0.0,0.0,0.0,0.0,0.0,0.0
1762584263.1426406,1,follower,manual,0.6367818117141724,0.8249920606613159,1.0022873878479004,0.5,1,0.5,-0.13678181171417236,0.17500793933868408,-0.5022873878479004,0,20,0,0,,,,,,,
1762584263.3494058,0,leader,manual,0.14232021570205688,0.7823861241340637,-0.7048977017402649,0,1,0,-0.14232021570205688,0.21761387586593628,0.7048977017402649,0,20,0,0,1.0,0.0,0.0,0.0,0.0,0.0,0.0
1762584263.3496318,1,follower,manual,0.6367818117141724,0.8249920606613159,1.0022873878479004,0.5,1,0.5,-0.13678181171417236,0.17500793933868408,-0.5022873878479004,0,20,0,0,1.0,0.0,0.0,0.0,0.0,0.0,0.0
1762584263.4500995,2,follower,manual,0.9966610074043274,0.7875984907150269,-0.8405256271362305,0.5,1,-0.5,-0.4966610074043274,0.21240150928497314,0.34052562713623047,0,20,0,0,1.0,0.0,0.0,0.0,0.0,0.0,0.0
1762584263.4508934,1,follower,manual,0.699741780757904,0.8344857692718506,1.0063525438308716,0.5,1,0.5,-0.19974178075790405,0.16551423072814941,-0.5063525438308716,0,20,0,0,,,,,,,
1762584263.9094672,0,leader,manual,0.14347940683364868,0.7847765684127808,-0.703835129737854,0,1,0,-0.14347940683364868,0.21522343158721924,0.703835129737854,0,20,0,0,1.0,0.0,0.0,0.0,0.0,0.0,0.0
1762584263.9096897,1,follower,manual,0.699741780757904,0.8344857692718506,1.0063525438308716,0.5,1,0.5,-0.19974178075790405,0.16551423072814941,-0.5063525438308716,0,20,0,0,1.0,0.0,0.0,0.0,0.0,0.0,0.0
1762584264.0101078,2,follower,manual,1.0029218196868896,0.7848474383354187,-0.8310189843177795,0.5,1,-0.5,-0.5029218196868896,0.2151525616645813,0.33101898431777954,0,20,0,0,1.0,0.0,0.0,0.0,0.0,0.0,0.0
1762584264.010846,1,follower,manual,0.8130910396575928,0.8492831587791443,1.0170400142669678,0.5,1,0.5,-0.3130910396575928,0.1507168412208557,-0.5170400142669678,-20,0,0,0,,,,,,,
1762584264.2168946,0,leader,manual,0.14268141984939575,0.786801815032959,-0.7087975740432739,0,1,0,-0.14268141984939575,0.21319818496704102,0.7087975740432739,-20,0,0,0,1.0,0.0,0.0,0.0,0.0,0.0,0.0
1762584264.2171183,1,follower,manual,0.8130910396575928,0.8492831587791443,1.0170400142669678,0.5,1,0.5,-0.3130910396575928,0.1507168412208557,-0.5170400142669678,-20,0,0,0,1.0,0.0,0.0,0.0,0.0,0.0,0.0
1762584264.3175712,2,follower,manual,1.0217030048370361,0.8070613145828247,-0.8273002505302429,0.5,1,-0.5,-0.5217030048370361,0.1929386854171753,0.3273002505302429,-20,0,0,0,1.0,0.0,0.0,0.0,0.0,0.0,0.0
1762584264.318523,1,follower,manual,0.8730809092521667,0.8487093448638916,1.016479253768921,0.5,1,0.5,-0.37308090925216675,0.1512906551361084,-0.5164792537689209,-20,0,0,0,,,,,,,
1762584264.5229416,0,leader,manual,0.14157499372959137,0.7865575551986694,-0.7122930288314819,0,1,0,-0.14157499372959137,0.21344244480133057,0.7122930288314819,-20,0,0,0,1.0,0.0,0.0,0.0,0.0,0.0,0.0
1762584264.5231354,1,follower,manual,0.8730809092521667,0.8487093448638916,1.016479253768921,0.5,1,0.5,-0.37308090925216675,0.1512906551361084,-0.5164792537689209,-20,0,0,0,1.0,0.0,0.0,0.0,0.0,0.0,0.0
1762584264.623511,2,follower,manual,1.032888650894165,0.8267165422439575,-0.8325433731079102,0.5,1,-0.5,-0.532888650894165,0.17328345775604248,0.33254337310791016,-20,0,0,0,1.0,0.0,0.0,0.0,0.0,0.0,0.0
1762584264.6241922,1,follower,manual,0.9171578884124756,0.8459238409996033,1.0030386447906494,0.5,1,0.5,-0.4171578884124756,0.15407615900039673,-0.5030386447906494,0,0,0,0,,,,,,,
1762584264.8272011,0,leader,manual,0.13964909315109253,0.7864866852760315,-0.7173960208892822,0,1,0,-0.13964909315109253,0.2135133147239685,0.7173960208892822,0,0,0,0,1.0,0.0,0.0,0.0,0.0,0.0,0.0
1762584264.827398,1,follower,manual,0.9171578884124756,0.8459238409996033,1.0030386447906494,0.5,1,0.5,-0.4171578884124756,0.15407615900039673,-0.5030386447906494,0,0,0,0,1.0,0.0,0.0,0.0,0.0,0.0,0.0
1762584264.9278662,2,follower,manual,1.0454076528549194,0.8369740843772888,-0.8461202383041382,0.5,1,-0.5,-0.5454076528549194,0.16302591562271118,0.3461202383041382,0,0,0,0,1.0,0.0,0.0,0.0,0.0,0.0,0.0
1762584264.928606,1,follower,manual,0.9503721594810486,0.8495258092880249,0.9808168411254883,0.5,1,0.5,-0.4503721594810486,0.1504741907119751,-0.4808168411254883,0,0,0,0,,,,,,,
1762584265.1329472,0,leader,manual,0.13800929486751556,0.7876471877098083,-0.7243127822875977,0,1,0,-0.13800929486751556,0.21235281229019165,0.7243127822875977,0,0,0,0,1.0,0.0,0.0,0.0,0.0,0.0,0.0
1762584265.1331322,1,follower,manual,0.9503721594810486,0.8495258092880249,0.9808168411254883,0.5,1,0.5,-0.4503721594810486,0.1504741907119751,-0.4808168411254883,0,0,0,0,1.0,0.0,0.0,0.0,0.0,0.0,0.0
1762584265.2336633,2,follower,manual,1.0536422729492188,0.8389739990234375,-0.8572088479995728,0.5,1,-0.5,-0.5536422729492188,0.1610260009765625,0.35720884799957275,0,0,0,0,1.0,0.0,0.0,0.0,0.0,0.0,0.0
1762584265.2343514,1,follower,manual,0.9808430075645447,0.8594070672988892,0.9537631273269653,0.5,1,0.5,-0.4808430075645447,0.14059293270111084,-0.45376312732696533,0,0,0,0,,,,,,,
1762584265.440454,0,leader,manual,0.13976749777793884,0.7900506258010864,-0.7326774001121521,0,1,0,-0.13976749777793884,0.20994937419891357,0.7326774001121521,0,0,0,0,1.0,0.0,0.0,0.0,0.0,0.0,0.0
1762584265.4408526,1,follower,manual,0.9808430075645447,0.8594070672988892,0.9537631273269653,0.5,1,0.5,-0.4808430075645447,0.14059293270111084,-0.45376312732696533,0,0,0,0,1.0,0.0,0.0,0.0,0.0,0.0,0.0
1762584265.5415645,2,follower,manual,1.0560804605484009,0.8362977504730225,-0.868561863899231,0.5,1,-0.5,-0.5560804605484009,0.16370224952697754,0.36856186389923096,0,0,0,0,1.0,0.0,0.0,0.0,0.0,0.0,0.0
1762584265.642515,2,follower,manual,1.0578539371490479,0.8390565514564514,-0.875089704990387,0.5,1,-0.5,-0.5578539371490479,0.16094344854354858,0.37508970499038696,0,0,0,0,,,,,,,
1762584265.7697484,0,leader,manual,0.14541111886501312,0.7927268743515015,-0.7442784905433655,0,1,0,-0.14541111886501312,0.20727312564849854,0.7442784905433655,0,0,0,0,1.0,0.0,0.0,0.0,0.0,0.0,0.0
1762584265.7699497,1,follower,manual,1.0050374269485474,0.8644089698791504,0.9370768070220947,0.5,1,0.5,-0.5050374269485474,0.1355910301208496,-0.4370768070220947,0,0,0,0,1.0,0.0,0.0,0.0,0.0,0.0,0.0
1762584265.8704433,2,follower,manual,1.0578539371490479,0.8390565514564514,-0.875089704990387,0.5,1,-0.5,-0.5578539371490479,0.16094344854354858,0.37508970499038696,0,0,0,0,1.0,0.0,0.0,0.0,0.0,0.0,0.0
1762584265.9713068,2,follower,manual,1.0548651218414307,0.8412659764289856,-0.8740435242652893,0.5,1,-0.5,-0.5548651218414307,0.1587340235710144,0.3740435242652893,20,0,0,0,,,,,,,
1762584266.1439059,0,leader,manual,0.15583555400371552,0.7989856600761414,-0.7565509080886841,0,1,0,-0.15583555400371552,0.20101433992385864,0.7565509080886841,20,0,0,0,1.0,0.0,0.0,0.0,0.0,0.0,0.0
1762584266.1441073,1,follower,manual,1.0239602327346802,0.8567405343055725,0.9352157711982727,0.5,1,0.5,-0.5239602327346802,0.1432594656944275,-0.4352157711982727,20,0,0,0,1.0,0.0,0.0,0.0,0.0,0.0,0.0
1762584266.244518,2,follower,manual,1.0548651218414307,0.8412659764289856,-0.8740435242652893,0.5,1,-0.5,-0.5548651218414307,0.1587340235710144,0.3740435242652893,20,0,0,0,1.0,0.0,0.0,0.0,0.0,0.0,0.0
1762584266.345485,2,follower,manual,1.0509922504425049,0.8334851861000061,-0.8613411784172058,0.5,1,-0.5,-0.5509922504425049,0.1665148138999939,0.3613411784172058,20,0,0,0,,,,,,,
1762584266.486951,0,leader,manual,0.15985246002674103,0.8050933480262756,-0.7631102204322815,0,1,0,-0.15985246002674103,0.19490665197372437,0.7631102204322815,20,0,0,0,1.0,0.0,0.0,0.0,0.0,0.0,0.0
1762584266.4871755,1,follower,manual,1.0360119342803955,0.8517866134643555,0.9498782157897949,0.5,1,0.5,-0.5360119342803955,0.14821338653564453,-0.4498782157897949,20,0,0,0,1.0,0.0,0.0,0.0,0.0,0.0,0.0
1762584266.5876803,2,follower,manual,1.0509922504425049,0.8334851861000061,-0.8613411784172058,0.5,1,-0.5,-0.5509922504425049,0.1665148138999939,0.3613411784172058,20,0,0,0,1.0,0.0,0.0,0.0,0.0,0.0,0.0
1762584266.6891968,2,follower,manual,1.042630910873413,0.8173595666885376,-0.8316865563392639,0.5,1,-0.5,-0.5426309108734131,0.1826404333114624,0.3316865563392639,20,0,0,0,,,,,,,
1762584266.8439794,0,leader,manual,0.1551656574010849,0.809929609298706,-0.7646692991256714,0,1,0,-0.1551656574010849,0.19007039070129395,0.7646692991256714,20,0,0,0,1.0,0.0,0.0,0.0,0.0,0.0,0.0
1762584266.8442042,1,follower,manual,1.0341479778289795,0.8618348240852356,0.9759869575500488,0.5,1,0.5,-0.5341479778289795,0.1381651759147644,-0.47598695755004883,20,0,0,0,1.0,0.0,0.0,0.0,0.0,0.0,0.0
1762584266.9446602,2,follower,manual,1.042630910873413,0.8173595666885376,-0.8316865563392639,0.5,1,-0.5,-0.5426309108734131,0.1826404333114624,0.3316865563392639,20,0,0,0,1.0,0.0,0.0,0.0,0.0,0.0,0.0
1762584267.045677,2,follower,manual,1.0322152376174927,0.794777512550354,-0.7841802835464478,0.5,1,-0.5,-0.5322152376174927,0.205222487449646,0.28418028354644775,20,0,0,0,,,,,,,
1762584267.1632712,0,leader,manual,0.14702299237251282,0.8139015436172485,-0.7623898983001709,0,1,0,-0.14702299237251282,0.18609845638275146,0.7623898983001709,20,0,0,0,1.0,0.0,0.0,0.0,0.0,0.0,0.0
1762584267.1634736,1,follower,manual,1.0225552320480347,0.8799409866333008,0.9878981113433838,0.5,1,0.5,-0.5225552320480347,0.12005901336669922,-0.4878981113433838,20,0,0,0,1.0,0.0,0.0,0.0,0.0,0.0,0.0
1762584267.2639759,2,follower,manual,1.0322152376174927,0.794777512550354,-0.7841802835464478,0.5,1,-0.5,-0.5322152376174927,0.205222487449646,0.28418028354644775,20,0,0,0,1.0,0.0,0.0,0.0,0.0,0.0,0.0
1762584267.3649392,2,follower,manual,1.0237901210784912,0.7850816249847412,-0.7301741242408752,0.5,1,-0.5,-0.5237901210784912,0.2149183750152588,0.23017412424087524,20,0,0,0,,,,,,,
1762584267.543249,0,leader,manual,0.14079321920871735,0.8166421055793762,-0.7600523233413696,0,1,0,-0.14079321920871735,0.18335789442062378,0.7600523233413696,20,0,0,0,1.0,0.0,0.0,0.0,0.0,0.0,0.0
1762584267.5434566,1,follower,manual,1.009799838066101,0.8938066363334656,0.9856360554695129,0.5,1,0.5,-0.5097998380661011,0.10619336366653442,-0.48563605546951294,20,0,0,0,1.0,0.0,0.0,0.0,0.0,0.0,0.0
1762584267.6438935,2,follower,manual,1.0237901210784912,0.7850816249847412,-0.7301741242408752,0.5,1,-0.5,-0.5237901210784912,0.2149183750152588,0.23017412424087524,20,0,0,0,1.0,0.0,0.0,0.0,0.0,0.0,0.0
1762584267.7448835,2,follower,manual,1.023780107498169,0.8060296773910522,-0.658470869064331,0.5,1,-0.5,-0.523780107498169,0.19397032260894775,0.15847086906433105,20,0,0,0,,,,,,,
1762584267.8779938,0,leader,manual,0.13749347627162933,0.8172100186347961,-0.7618961334228516,0,1,0,-0.13749347627162933,0.18278998136520386,0.7618961334228516,20,0,0,0,1.0,0.0,0.0,0.0,0.0,0.0,0.0
1762584267.8782148,1,follower,manual,0.9951809048652649,0.8943594694137573,0.9811234474182129,0.5,1,0.5,-0.4951809048652649,0.10564053058624268,-0.4811234474182129,20,0,0,0,1.0,0.0,0.0,0.0,0.0,0.0,0.0
1762584267.9786437,2,follower,manual,1.023780107498169,0.8060296773910522,-0.658470869064331,0.5,1,-0.5,-0.523780107498169,0.19397032260894775,0.15847086906433105,20,0,0,0,1.0,0.0,0.0,0.0,0.0,0.0,0.0
1762584268.0806262,2,follower,manual,1.0304080247879028,0.8394243717193604,-0.5853254795074463,0.5,1,-0.5,-0.5304080247879028,0.16057562828063965,0.08532547950744629,20,0,0,0,,,,,,,
1762584268.2482965,0,leader,manual,0.1400093138217926,0.8186918497085571,-0.7631214261054993,0,1,0,-0.1400093138217926,0.18130815029144287,0.7631214261054993,20,0,0,0,1.0,0.0,0.0,0.0,0.0,0.0,0.0
1762584268.2485068,1,follower,manual,0.9847795367240906,0.8954828381538391,0.9775073528289795,0.5,1,0.5,-0.4847795367240906,0.10451716184616089,-0.4775073528289795,20,0,0,0,1.0,0.0,0.0,0.0,0.0,0.0,0.0
1762584268.3489046,2,follower,manual,1.0304080247879028,0.8394243717193604,-0.5853254795074463,0.5,1,-0.5,-0.5304080247879028,0.16057562828063965,0.08532547950744629,20,0,0,0,1.0,0.0,0.0,0.0,0.0,0.0,0.0
1762584268.4497743,2,follower,manual,1.0358256101608276,0.8662124276161194,-0.5072736740112305,0.5,1,-0.5,-0.5358256101608276,0.13378757238388062,0.007273674011230469,0,0,0,0,,,,,,,
1762584268.5821898,0,leader,manual,0.14714255928993225,0.8227920532226562,-0.7575970888137817,0,1,0,-0.14714255928993225,0.17720794677734375,0.7575970888137817,0,0,0,0,1.0,0.0,0.0,0.0,0.0,0.0,0.0
1762584268.5823884,1,follower,manual,0.9762322902679443,0.8961325883865356,0.9756143689155579,0.5,1,0.5,-0.47623229026794434,0.10386741161346436,-0.47561436891555786,0,0,0,0,1.0,0.0,0.0,0.0,0.0,0.0,0.0
1762584268.6827836,2,follower,manual,1.0358256101608276,0.8662124276161194,-0.5072736740112305,0.5,1,-0.5,-0.5358256101608276,0.13378757238388062,0.007273674011230469,0,0,0,0,1.0,0.0,0.0,0.0,0.0,0.0,0.0
1762584268.7836947,2,follower,manual,1.0389549732208252,0.8634775876998901,-0.433806449174881,0.5,1,-0.5,-0.5389549732208252,0.13652241230010986,-0.06619355082511902,0,-20,0,0,,,,,,,
1762584268.95775,0,leader,manual,0.15277810394763947,0.8273537158966064,-0.7472355365753174,0,1,0,-0.15277810394763947,0.17264628410339355,0.7472355365753174,0,-20,0,0,1.0,0.0,0.0,0.0,0.0,0.0,0.0
1762584268.9579625,1,follower,manual,0.9708507061004639,0.8955315947532654,0.9729135632514954,0.5,1,0.5,-0.47085070610046387,0.10446840524673462,-0.47291356325149536,0,-20,0,0,1.0,0.0,0.0,0.0,0.0,0.0,0.0
1762584269.058479,2,follower,manual,1.0389549732208252,0.8634775876998901,-0.433806449174881,0.5,1,-0.5,-0.5389549732208252,0.13652241230010986,-0.06619355082511902,0,-20,0,0,1.0,0.0,0.0,0.0,0.0,0.0,0.0
1762584269.1595218,2,follower,manual,1.0499824285507202,0.8479424715042114,-0.3647083640098572,0.5,1,-0.5,-0.5499824285507202,0.15205752849578857,-0.13529163599014282,0,-20,0,0,,,,,,,
1762584269.303342,0,leader,manual,0.15411272644996643,0.8331295251846313,-0.738123893737793,0,1,0,-0.15411272644996643,0.16687047481536865,0.738123893737793,0,-20,0,0,1.0,0.0,0.0,0.0,0.0,0.0,0.0
1762584269.303536,1,follower,manual,0.9671847224235535,0.8937849998474121,0.9654879570007324,0.5,1,0.5,-0.46718472242355347,0.10621500015258789,-0.4654879570007324,0,-20,0,0,1.0,0.0,0.0,0.0,0.0,0.0,0.0
1762584269.403911,2,follower,manual,1.0499824285507202,0.8479424715042114,-0.3647083640098572,0.5,1,-0.5,-0.5499824285507202,0.15205752849578857,-0.13529163599014282,0,-20,0,0,1.0,0.0,0.0,0.0,0.0,0.0,0.0
1762584269.5048518,2,follower,manual,1.0451887845993042,0.8296854496002197,-0.31683608889579773,0.5,1,-0.5,-0.5451887845993042,0.17031455039978027,-0.18316391110420227,20,-20,0,0,,,,,,,
1762584269.6658382,0,leader,manual,0.15282462537288666,0.8353552222251892,-0.7335380911827087,0,1,0,-0.15282462537288666,0.1646447777748108,0.7335380911827087,20,-20,0,0,1.0,0.0,0.0,0.0,0.0,0.0,0.0
1762584269.666049,1,follower,manual,0.9713173508644104,0.8992931842803955,0.9588593244552612,0.5,1,0.5,-0.4713173508644104,0.10070681571960449,-0.45885932445526123,20,-20,0,0,1.0,0.0,0.0,0.0,0.0,0.0,0.0
1762584269.7675192,2,follower,manual,1.0451887845993042,0.8296854496002197,-0.31683608889579773,0.5,1,-0.5,-0.5451887845993042,0.17031455039978027,-0.18316391110420227,20,-20,0,0,1.0,0.0,0.0,0.0,0.0,0.0,0.0
1762584269.868657,2,follower,manual,1.0105457305908203,0.814996600151062,-0.2858492434024811,0.5,1,-0.5,-0.5105457305908203,0.185003399848938,-0.21415075659751892,20,0,0,0,,,,,,,
1762584270.038381,0,leader,manual,0.1532551795244217,0.8373842835426331,-0.7309831976890564,0,1,0,-0.1532551795244217,0.16261571645736694,0.7309831976890564,20,0,0,0,1.0,0.0,0.0,0.0,0.0,0.0,0.0
1762584270.0385966,1,follower,manual,0.9830824732780457,0.9047419428825378,0.9417768120765686,0.5,1,0.5,-0.48308247327804565,0.09525805711746216,-0.4417768120765686,20,0,0,0,1.0,0.0,0.0,0.0,0.0,0.0,0.0
1762584270.1389694,2,follower,manual,1.0105457305908203,0.814996600151062,-0.2858492434024811,0.5,1,-0.5,-0.5105457305908203,0.185003399848938,-0.21415075659751892,20,0,0,0,1.0,0.0,0.0,0.0,0.0,0.0,0.0
1762584270.239823,2,follower,manual,0.958423912525177,0.8161481022834778,-0.24782820045948029,0.5,1,-0.5,-0.458423912525177,0.18385189771652222,-0.2521717995405197,20,-20,0,0,,,,,,,
1762584270.3799422,0,leader,manual,0.15258711576461792,0.837652862071991,-0.7316271066665649,0,1,0,-0.15258711576461792,0.16234713792800903,0.7316271066665649,20,-20,0,0,1.0,0.0,0.0,0.0,0.0,0.0,0.0
1762584270.3801923,1,follower,manual,0.9919493198394775,0.9082825183868408,0.9248307943344116,0.5,1,0.5,-0.49194931983947754,0.09171748161315918,-0.4248307943344116,20,-20,0,0,1.0,0.0,0.0,0.0,0.0,0.0,0.0
1762584270.4806468,2,follower,manual,0.958423912525177,0.8161481022834778,-0.24782820045948029,0.5,1,-0.5,-0.458423912525177,0.18385189771652222,-0.2521717995405197,20,-20,0,0,1.0,0.0,0.0,0.0,0.0,0.0,0.0
1762584270.5816433,2,follower,manual,0.9172406792640686,0.819229781627655,-0.19027046859264374,0.5,1,-0.5,-0.4172406792640686,0.18077021837234497,-0.30972953140735626,20,-20,0,0,,,,,,,
1762584270.7550492,0,leader,manual,0.14450858533382416,0.8349431753158569,-0.7345316410064697,0,1,0,-0.14450858533382416,0.16505682468414307,0.7345316410064697,20,-20,0,0,1.0,0.0,0.0,0.0,0.0,0.0,0.0
1762584270.7552705,1,follower,manual,0.9948280453681946,0.9084857106208801,0.9133395552635193,0.5,1,0.5,-0.4948280453681946,0.09151428937911987,-0.4133395552635193,20,-20,0,0,1.0,0.0,0.0,0.0,0.0,0.0,0.0
1762584270.855693,2,follower,manual,0.9172406792640686,0.819229781627655,-0.19027046859264374,0.5,1,-0.5,-0.4172406792640686,0.18077021837234497,-0.30972953140735626,20,-20,0,0,1.0,0.0,0.0,0.0,0.0,0.0,0.0
1762584270.9565907,2,follower,manual,0.8591086268424988,0.8120546936988831,-0.12048893421888351,0.5,1,-0.5,-0.3591086268424988,0.18794530630111694,-0.3795110657811165,20,0,0,0,,,,,,,
1762584271.096328,0,leader,manual,0.13372080028057098,0.8318222165107727,-0.7400395274162292,0,1,0,-0.13372080028057098,0.1681777834892273,0.7400395274162292,20,0,0,0,1.0,0.0,0.0,0.0,0.0,0.0,0.0
1762584271.0965827,1,follower,manual,0.9932792782783508,0.9064623713493347,0.9075741767883301,0.5,1,0.5,-0.49327927827835083,0.09353762865066528,-0.4075741767883301,20,0,0,0,1.0,0.0,0.0,0.0,0.0,0.0,0.0
1762584271.197078,2,follower,manual,0.8591086268424988,0.8120546936988831,-0.12048893421888351,0.5,1,-0.5,-0.3591086268424988,0.18794530630111694,-0.3795110657811165,20,0,0,0,1.0,0.0,0.0,0.0,0.0,0.0,0.0
1762584271.298111,2,follower,manual,0.7917364239692688,0.8051343560218811,-0.0526423379778862,0.5,1,-0.5,-0.2917364239692688,0.1948656439781189,-0.4473576620221138,20,-20,0,0,,,,,,,
1762584271.465626,0,leader,manual,0.12943647801876068,0.828392505645752,-0.7451043128967285,0,1,0,-0.12943647801876068,0.17160749435424805,0.7451043128967285,20,-20,0,0,1.0,0.0,0.0,0.0,0.0,0.0,0.0
1762584271.4658582,1,follower,manual,0.9888522028923035,0.9026185870170593,0.9060450196266174,0.5,1,0.5,-0.48885220289230347,0.09738141298294067,-0.40604501962661743,20,-20,0,0,1.0,0.0,0.0,0.0,0.0,0.0,0.0
1762584271.5663457,2,follower,manual,0.7917364239692688,0.8051343560218811,-0.0526423379778862,0.5,1,-0.5,-0.2917364239692688,0.1948656439781189,-0.4473576620221138,20,-20,0,0,1.0,0.0,0.0,0.0,0.0,0.0,0.0
1762584271.667272,2,follower,manual,0.7301692962646484,0.8157418966293335,0.027328213676810265,0.5,1,-0.5,-0.23016929626464844,0.1842581033706665,-0.5273282136768103,20,-20,0,0,,,,,,,
1762584271.7988071,0,leader,manual,0.12970729172229767,0.822147786617279,-0.7504540085792542,0,1,0,-0.12970729172229767,0.17785221338272095,0.7504540085792542,20,-20,0,0,1.0,0.0,0.0,0.0,0.0,0.0,0.0
1762584271.799034,1,follower,manual,0.9855585694313049,0.8932953476905823,0.9081363677978516,0.5,1,0.5,-0.48555856943130493,0.10670465230941772,-0.40813636779785156,20,-20,0,0,1.0,0.0,0.0,0.0,0.0,0.0,0.0
1762584271.8994517,2,follower,manual,0.7301692962646484,0.8157418966293335,0.027328213676810265,0.5,1,-0.5,-0.23016929626464844,0.1842581033706665,-0.5273282136768103,20,-20,0,0,1.0,0.0,0.0,0.0,0.0,0.0,0.0
1762584272.0003505,2,follower,manual,0.673853874206543,0.8294312357902527,0.09905244410037994,0.5,1,-0.5,-0.17385387420654297,0.17056876420974731,-0.5990524441003799,20,-20,0,0,,,,,,,
1762584272.1860785,0,leader,manual,0.12919959425926208,0.8179052472114563,-0.7552961707115173,0,1,0,-0.12919959425926208,0.1820947527885437,0.7552961707115173,20,-20,0,0,1.0,0.0,0.0,0.0,0.0,0.0,0.0
1762584272.1864433,1,follower,manual,0.9813134074211121,0.8817363381385803,0.9129776358604431,0.5,1,0.5,-0.48131340742111206,0.11826366186141968,-0.4129776358604431,20,-20,0,0,1.0,0.0,0.0,0.0,0.0,0.0,0.0
1762584272.286891,2,follower,manual,0.673853874206543,0.8294312357902527,0.09905244410037994,0.5,1,-0.5,-0.17385387420654297,0.17056876420974731,-0.5990524441003799,20,-20,0,0,1.0,0.0,0.0,0.0,0.0,0.0,0.0
1762584272.3883193,2,follower,manual,0.6042709946632385,0.8429084420204163,0.17931486666202545,0.5,1,-0.5,-0.10427099466323853,0.15709155797958374,-0.6793148666620255,0,-20,0,0,,,,,,,
1762584272.5835264,0,leader,manual,0.12538115680217743,0.8147843480110168,-0.7571595311164856,0,1,0,-0.12538115680217743,0.18521565198898315,0.7571595311164856,0,-20,0,0,1.0,0.0,0.0,0.0,0.0,0.0,0.0
1762584272.5837348,1,follower,manual,0.9779069423675537,0.8661631345748901,0.9181973338127136,0.5,1,0.5,-0.4779069423675537,0.13383686542510986,-0.4181973338127136,0,-20,0,0,1.0,0.0,0.0,0.0,0.0,0.0,0.0
1762584272.6845098,2,follower,manual,0.6042709946632385,0.8429084420204163,0.17931486666202545,0.5,1,-0.5,-0.10427099466323853,0.15709155797958374,-0.6793148666620255,0,-20,0,0,1.0,0.0,0.0,0.0,0.0,0.0,0.0
1762584272.7854514,2,follower,manual,0.5244359374046326,0.8388180136680603,0.26257482171058655,0.5,1,-0.5,-0.02443593740463257,0.1611819863319397,-0.7625748217105865,0,-20,0,0,,,,,,,
1762584272.9231532,0,leader,manual,0.12203274667263031,0.8146268725395203,-0.7551246881484985,0,1,0,-0.12203274667263031,0.18537312746047974,0.7551246881484985,0,-20,0,0,1.0,0.0,0.0,0.0,0.0,0.0,0.0
1762584272.9234023,1,follower,manual,0.9782752394676208,0.845664918422699,0.9237104654312134,0.5,1,0.5,-0.47827523946762085,0.15433508157730103,-0.4237104654312134,0,-20,0,0,1.0,0.0,0.0,0.0,0.0,0.0,0.0
1762584273.0238607,2,follower,manual,0.5244359374046326,0.8388180136680603,0.26257482171058655,0.5,1,-0.5,-0.02443593740463257,0.1611819863319397,-0.7625748217105865,0,-20,0,0,1.0,0.0,0.0,0.0,0.0,0.0,0.0
1762584273.124809,2,follower,manual,0.45536962151527405,0.8199883103370667,0.31754255294799805,0.5,1,-0.5,0.04463037848472595,0.18001168966293335,-0.817542552947998,20,-20,0,0,,,,,,,
1762584273.2486103,0,leader,manual,0.1215534657239914,0.8178901076316833,-0.7542457580566406,0,1,0,-0.1215534657239914,0.18210989236831665,0.7542457580566406,20,-20,0,0,1.0,0.0,0.0,0.0,0.0,0.0,0.0
1762584273.2491639,1,follower,manual,0.9806222915649414,0.8309422135353088,0.9308062791824341,0.5,1,0.5,-0.4806222915649414,0.16905778646469116,-0.4308062791824341,20,-20,0,0,1.0,0.0,0.0,0.0,0.0,0.0,0.0
1762584273.3494277,2,follower,manual,0.45536962151527405,0.8199883103370667,0.31754255294799805,0.5,1,-0.5,0.04463037848472595,0.18001168966293335,-0.817542552947998,20,-20,0,0,1.0,0.0,0.0,0.0,0.0,0.0,0.0
1762584273.450212,2,follower,manual,0.38437825441360474,0.8061180710792542,0.35229262709617615,0.5,1,-0.5,0.11562174558639526,0.19388192892074585,-0.8522926270961761,0,-20,0,0,,,,,,,
1762584273.583413,0,leader,manual,0.12688569724559784,0.8236995935440063,-0.7541223168373108,0,1,0,-0.12688569724559784,0.17630040645599365,0.7541223168373108,0,-20,0,0,1.0,0.0,0.0,0.0,0.0,0.0,0.0
1762584273.583626,1,follower,manual,0.98040771484375,0.820690393447876,0.938292384147644,0.5,1,0.5,-0.48040771484375,0.17930960655212402,-0.43829238414764404,0,-20,0,0,1.0,0.0,0.0,0.0,0.0,0.0,0.0
1762584273.6840281,2,follower,manual,0.38437825441360474,0.8061180710792542,0.35229262709617615,0.5,1,-0.5,0.11562174558639526,0.19388192892074585,-0.8522926270961761,0,-20,0,0,1.0,0.0,0.0,0.0,0.0,0.0,0.0
1762584273.7849395,2,follower,manual,0.30923327803611755,0.793175220489502,0.3903299570083618,0.5,1,-0.5,0.19076672196388245,0.20682477951049805,-0.8903299570083618,20,0,0,0,,,,,,,
1762584274.0076003,0,leader,manual,0.1339300572872162,0.8266889452934265,-0.7550123929977417,0,1,0,-0.1339300572872162,0.1733110547065735,0.7550123929977417,20,0,0,0,1.0,0.0,0.0,0.0,0.0,0.0,0.0
1762584274.0078049,1,follower,manual,0.9816325902938843,0.8138710856437683,0.9439322352409363,0.5,1,0.5,-0.4816325902938843,0.1861289143562317,-0.4439322352409363,20,0,0,0,1.0,0.0,0.0,0.0,0.0,0.0,0.0
1762584274.1081972,2,follower,manual,0.30923327803611755,0.793175220489502,0.3903299570083618,0.5,1,-0.5,0.19076672196388245,0.20682477951049805,-0.8903299570083618,20,0,0,0,1.0,0.0,0.0,0.0,0.0,0.0,0.0
1762584274.2092016,2,follower,manual,0.2155846357345581,0.7760023474693298,0.43129923939704895,0.5,1,-0.5,0.2844153642654419,0.22399765253067017,-0.931299239397049,20,0,0,0,,,,,,,
1762584274.4046845,0,leader,manual,0.13534289598464966,0.8280356526374817,-0.7570079565048218,0,1,0,-0.13534289598464966,0.1719643473625183,0.7570079565048218,20,0,0,0,1.0,0.0,0.0,0.0,0.0,0.0,0.0
1762584274.4052856,1,follower,manual,0.9834659695625305,0.8055223226547241,0.9464890360832214,0.5,1,0.5,-0.4834659695625305,0.19447767734527588,-0.44648903608322144,20,0,0,0,1.0,0.0,0.0,0.0,0.0,0.0,0.0
1762584274.5078344,2,follower,manual,0.2155846357345581,0.7760023474693298,0.43129923939704895,0.5,1,-0.5,0.2844153642654419,0.22399765253067017,-0.931299239397049,20,0,0,0,1.0,0.0,0.0,0.0,0.0,0.0,0.0
1762584274.6088421,2,follower,manual,0.1602344512939453,0.7729310989379883,0.4774830937385559,0.5,1,-0.5,0.3397655487060547,0.22706890106201172,-0.9774830937385559,20,0,0,0,,,,,,,
1762584274.725983,0,leader,manual,0.13210614025592804,0.8250109553337097,-0.75745689868927,0,1,0,-0.13210614025592804,0.17498904466629028,0.75745689868927,20,0,0,0,1.0,0.0,0.0,0.0,0.0,0.0,0.0
1762584274.7262123,1,follower,manual,0.9829813838005066,0.7958561182022095,0.9505678415298462,0.5,1,0.5,-0.4829813838005066,0.20414388179779053,-0.4505678415298462,20,0,0,0,1.0,0.0,0.0,0.0,0.0,0.0,0.0
1762584274.826656,2,follower,manual,0.1602344512939453,0.7729310989379883,0.4774830937385559,0.5,1,-0.5,0.3397655487060547,0.22706890106201172,-0.9774830937385559,20,0,0,0,1.0,0.0,0.0,0.0,0.0,0.0,0.0
1762584274.929595,2,follower,manual,0.1380397379398346,0.7760940790176392,0.5252296328544617,0.5,1,-0.5,0.3619602620601654,0.22390592098236084,-1.0252296328544617,0,0,0,0,,,,,,,
1762584275.084853,0,leader,manual,0.1308518648147583,0.8239648342132568,-0.7574633359909058,0,1,0,-0.1308518648147583,0.17603516578674316,0.7574633359909058,0,0,0,0,1.0,0.0,0.0,0.0,0.0,0.0,0.0
1762584275.085057,1,follower,manual,0.983354389667511,0.7867404818534851,0.9518688917160034,0.5,1,0.5,-0.483354389667511,0.2132595181465149,-0.4518688917160034,0,0,0,0,1.0,0.0,0.0,0.0,0.0,0.0,0.0
1762584275.1854894,2,follower,manual,0.1380397379398346,0.7760940790176392,0.5252296328544617,0.5,1,-0.5,0.3619602620601654,0.22390592098236084,-1.0252296328544617,0,0,0,0,1.0,0.0,0.0,0.0,0.0,0.0,0.0
1762584275.2863781,2,follower,manual,0.12386193126440048,0.7796611785888672,0.5749657154083252,0.5,1,-0.5,0.3761380687355995,0.2203388214111328,-1.0749657154083252,0,0,0,0,,,,,,,
1762584275.428851,0,leader,manual,0.13144923746585846,0.828153133392334,-0.7591121196746826,0,1,0,-0.13144923746585846,0.17184686660766602,0.7591121196746826,0,0,0,0,1.0,0.0,0.0,0.0,0.0,0.0,0.0
1762584275.429064,1,follower,manual,0.9845479726791382,0.7802426218986511,0.9519919753074646,0.5,1,0.5,-0.4845479726791382,0.21975737810134888,-0.4519919753074646,0,0,0,0,1.0,0.0,0.0,0.0,0.0,0.0,0.0
1762584275.529504,2,follower,manual,0.12386193126440048,0.7796611785888672,0.5749657154083252,0.5,1,-0.5,0.3761380687355995,0.2203388214111328,-1.0749657154083252,0,0,0,0,1.0,0.0,0.0,0.0,0.0,0.0,0.0
1762584275.6306646,2,follower,manual,0.11866410076618195,0.7843068242073059,0.6169960498809814,0.5,1,-0.5,0.38133589923381805,0.2156931757926941,-1.1169960498809814,0,0,0,0,,,,,,,
1762584275.799854,0,leader,manual,0.13295422494411469,0.8351091146469116,-0.7583891153335571,0,1,0,-0.13295422494411469,0.16489088535308838,0.7583891153335571,0,0,0,0,1.0,0.0,0.0,0.0,0.0,0.0,0.0
1762584275.7999117,1,follower,manual,0.9838547110557556,0.7799201011657715,0.9522628784179688,0.5,1,0.5,-0.4838547110557556,0.22007989883422852,-0.45226287841796875,0,0,0,0,1.0,0.0,0.0,0.0,0.0,0.0,0.0
1762584275.9003646,2,follower,manual,0.11866410076618195,0.7843068242073059,0.6169960498809814,0.5,1,-0.5,0.38133589923381805,0.2156931757926941,-1.1169960498809814,0,0,0,0,1.0,0.0,0.0,0.0,0.0,0.0,0.0
1762584276.0013347,2,follower,manual,0.12521494925022125,0.7794831395149231,0.6328225135803223,0.5,1,-0.5,0.37478505074977875,0.2205168604850769,-1.1328225135803223,0,0,0,0,,,,,,,
1762584276.201715,0,leader,manual,0.1287437081336975,0.8316820859909058,-0.7636754512786865,0,1,0,-0.1287437081336975,0.16831791400909424,0.7636754512786865,0,0,0,0,1.0,0.0,0.0,0.0,0.0,0.0,0.0
1762584276.2019043,1,follower,manual,0.9865143299102783,0.7837404012680054,0.9532768130302429,0.5,1,0.5,-0.4865143299102783,0.21625959873199463,-0.4532768130302429,0,0,0,0,1.0,0.0,0.0,0.0,0.0,0.0,0.0
1762584276.3024082,2,follower,manual,0.12521494925022125,0.7794831395149231,0.6328225135803223,0.5,1,-0.5,0.37478505074977875,0.2205168604850769,-1.1328225135803223,0,0,0,0,1.0,0.0,0.0,0.0,0.0,0.0,0.0
1762584276.3031127,0,follower,manual,0.12886148691177368,0.8295192718505859,-0.763954758644104,0,1,0,-0.12886148691177368,0.17048072814941406,0.763954758644104,0,0,0,0,,,,,,,
1762584276.3032577,1,follower,manual,0.9930370450019836,0.7913075685501099,0.9572846293449402,0.5,1,0.5,-0.49303704500198364,0.20869243144989014,-0.4572846293449402,0,0,0,0,,,,,,,
1762584276.4036345,2,follower,manual,0.12513810396194458,0.7708598971366882,0.6265227794647217,0.5,1,-0.5,0.3748618960380554,0.22914010286331177,-1.1265227794647217,0,0,0,0,,,,,,,
1762584276.5646412,0,leader,manual,0.12886148691177368,0.8295192718505859,-0.763954758644104,0,1,0,-0.12886148691177368,0.17048072814941406,0.763954758644104,0,0,0,0,1.0,0.0,0.0,0.0,0.0,0.0,0.0
1762584276.5648518,1,follower,manual,0.9930370450019836,0.7913075685501099,0.9572846293449402,0.5,1,0.5,-0.49303704500198364,0.20869243144989014,-0.4572846293449402,0,0,0,0,1.0,0.0,0.0,0.0,0.0,0.0,0.0
1762584276.6652894,2,follower,manual,0.12513810396194458,0.7708598971366882,0.6265227794647217,0.5,1,-0.5,0.3748618960380554,0.22914010286331177,-1.1265227794647217,0,0,0,0,1.0,0.0,0.0,0.0,0.0,0.0,0.0
1762584276.6659973,0,follower,manual,0.13348235189914703,0.8268402218818665,-0.7598256468772888,0,1,0,-0.13348235189914703,0.17315977811813354,0.7598256468772888,0,0,0,0,,,,,,,
1762584276.666166,1,follower,manual,0.9983046650886536,0.7981258630752563,0.9613012671470642,0.5,1,0.5,-0.49830466508865356,0.20187413692474365,-0.4613012671470642,0,0,0,0,,,,,,,
1762584276.766529,2,follower,manual,0.12005187571048737,0.768447995185852,0.615178644657135,0.5,1,-0.5,0.37994812428951263,0.23155200481414795,-1.115178644657135,0,0,0,0,,,,,,,
1762584276.9000506,0,leader,manual,0.13348235189914703,0.8268402218818665,-0.7598256468772888,0,1,0,-0.13348235189914703,0.17315977811813354,0.7598256468772888,0,0,0,0,1.0,0.0,0.0,0.0,0.0,0.0,0.0
1762584276.9002576,1,follower,manual,0.9983046650886536,0.7981258630752563,0.9613012671470642,0.5,1,0.5,-0.49830466508865356,0.20187413692474365,-0.4613012671470642,0,0,0,0,1.0,0.0,0.0,0.0,0.0,0.0,0.0
1762584277.0007582,2,follower,manual,0.12005187571048737,0.768447995185852,0.615178644657135,0.5,1,-0.5,0.37994812428951263,0.23155200481414795,-1.115178644657135,0,0,0,0,1.0,0.0,0.0,0.0,0.0,0.0,0.0
1762584277.0014777,0,follower,manual,0.13532716035842896,0.8239618539810181,-0.7546113729476929,0,1,0,-0.13532716035842896,0.17603814601898193,0.7546113729476929,0,0,20,0,,,,,,,
1762584277.0016174,1,follower,manual,1.0041630268096924,0.8065008521080017,0.9616532325744629,0.5,1,0.5,-0.5041630268096924,0.1934991478919983,-0.4616532325744629,0,0,20,0,,,,,,,
1762584277.1019578,2,follower,manual,0.10841193795204163,0.7557687759399414,0.6017407178878784,0.5,1,-0.5,0.3915880620479584,0.2442312240600586,-1.1017407178878784,0,0,20,0,,,,,,,
1762584277.2215106,0,leader,manual,0.13532716035842896,0.8239618539810181,-0.7546113729476929,0,1,0,-0.13532716035842896,0.17603814601898193,0.7546113729476929,0,0,20,0,1.0,0.0,0.0,0.0,0.0,0.0,0.0
1762584277.2217126,1,follower,manual,1.0041630268096924,0.8065008521080017,0.9616532325744629,0.5,1,0.5,-0.5041630268096924,0.1934991478919983,-0.4616532325744629,0,0,20,0,1.0,0.0,0.0,0.0,0.0,0.0,0.0
1762584277.3220797,2,follower,manual,0.10841193795204163,0.7557687759399414,0.6017407178878784,0.5,1,-0.5,0.3915880620479584,0.2442312240600586,-1.1017407178878784,0,0,20,0,1.0,0.0,0.0,0.0,0.0,0.0,0.0
1762584277.3227599,0,follower,manual,0.1352432370185852,0.825850784778595,-0.7530282139778137,0,1,0,-0.1352432370185852,0.17414921522140503,0.7530282139778137,0,0,20,0,,,,,,,
1762584277.3229303,1,follower,manual,1.0046159029006958,0.817699670791626,0.961254358291626,0.5,1,0.5,-0.5046159029006958,0.18230032920837402,-0.461254358291626,0,0,20,0,,,,,,,
1762584277.4232094,2,follower,manual,0.09414460510015488,0.7431021332740784,0.5895718336105347,0.5,1,-0.5,0.4058553948998451,0.25689786672592163,-1.0895718336105347,0,0,20,0,,,,,,,
1762584277.5913053,0,leader,manual,0.1352432370185852,0.825850784778595,-0.7530282139778137,0,1,0,-0.1352432370185852,0.17414921522140503,0.7530282139778137,0,0,20,0,1.0,0.0,0.0,0.0,0.0,0.0,0.0
1762584277.591522,1,follower,manual,1.0046159029006958,0.817699670791626,0.961254358291626,0.5,1,0.5,-0.5046159029006958,0.18230032920837402,-0.461254358291626,0,0,20,0,1.0,0.0,0.0,0.0,0.0,0.0,0.0
1762584277.6919153,2,follower,manual,0.09414460510015488,0.7431021332740784,0.5895718336105347,0.5,1,-0.5,0.4058553948998451,0.25689786672592163,-1.0895718336105347,0,0,20,0,1.0,0.0,0.0,0.0,0.0,0.0,0.0
1762584277.692665,0,follower,manual,0.1337607055902481,0.845695436000824,-0.7563050389289856,0,1,0,-0.1337607055902481,0.15430456399917603,0.7563050389289856,0,0,20,0,,,,,,,
1762584277.6928256,1,follower,manual,1.0033644437789917,0.8422966599464417,0.9602090716362,0.5,1,0.5,-0.5033644437789917,0.15770334005355835,-0.46020907163619995,0,0,20,0,,,,,,,
1762584277.7931707,2,follower,manual,0.08901514858007431,0.7314985990524292,0.5844792723655701,0.5,1,-0.5,0.4109848514199257,0.2685014009475708,-1.08447927236557,0,0,20,0,,,,,,,
1762584277.9211705,0,leader,manual,0.1337607055902481,0.845695436000824,-0.7563050389289856,0,1,0,-0.1337607055902481,0.15430456399917603,0.7563050389289856,0,0,20,0,1.0,0.0,0.0,0.0,0.0,0.0,0.0
1762584277.9222264,1,follower,manual,1.0033644437789917,0.8422966599464417,0.9602090716362,0.5,1,0.5,-0.5033644437789917,0.15770334005355835,-0.46020907163619995,0,0,20,0,1.0,0.0,0.0,0.0,0.0,0.0,0.0
1762584278.0226474,2,follower,manual,0.08901514858007431,0.7314985990524292,0.5844792723655701,0.5,1,-0.5,0.4109848514199257,0.2685014009475708,-1.08447927236557,0,0,20,0,1.0,0.0,0.0,0.0,0.0,0.0,0.0
1762584278.023403,0,follower,manual,0.12978385388851166,0.8722468018531799,-0.7603617906570435,0,1,0,-0.12978385388851166,0.12775319814682007,0.7603617906570435,0,0,20,0,,,,,,,
1762584278.023581,1,follower,manual,1.0015095472335815,0.8728667497634888,0.9619702100753784,0.5,1,0.5,-0.5015095472335815,0.12713325023651123,-0.4619702100753784,0,0,20,0,,,,,,,
1762584278.1239197,2,follower,manual,0.09360750764608383,0.7242026925086975,0.5843300223350525,0.5,1,-0.5,0.40639249235391617,0.2757973074913025,-1.0843300223350525,0,0,20,0,,,,,,,
1762584278.2520115,0,leader,manual,0.12978385388851166,0.8722468018531799,-0.7603617906570435,0,1,0,-0.12978385388851166,0.12775319814682007,0.7603617906570435,0,0,20,0,1.0,0.0,0.0,0.0,0.0,0.0,0.0
1762584278.2525873,1,follower,manual,1.0015095472335815,0.8728667497634888,0.9619702100753784,0.5,1,0.5,-0.5015095472335815,0.12713325023651123,-0.4619702100753784,0,0,20,0,1.0,0.0,0.0,0.0,0.0,0.0,0.0
1762584278.3529673,2,follower,manual,0.09360750764608383,0.7242026925086975,0.5843300223350525,0.5,1,-0.5,0.40639249235391617,0.2757973074913025,-1.0843300223350525,0,0,20,0,1.0,0.0,0.0,0.0,0.0,0.0,0.0
1762584278.3536756,0,follower,manual,0.1266593337059021,0.8994224667549133,-0.7647109627723694,0,1,0,-0.1266593337059021,0.10057753324508667,0.7647109627723694,0,0,20,0,,,,,,,
1762584278.3538475,1,follower,manual,1.001238465309143,0.9074224233627319,0.9660472869873047,0.5,1,0.5,-0.5012384653091431,0.09257757663726807,-0.4660472869873047,0,0,20,0,,,,,,,
1762584278.4544952,2,follower,manual,0.09971933811903,0.7279404997825623,0.579826831817627,0.5,1,-0.5,0.40028066188097,0.27205950021743774,-1.079826831817627,0,0,20,0,,,,,,,
1762584278.6148884,0,leader,manual,0.1266593337059021,0.8994224667549133,-0.7647109627723694,0,1,0,-0.1266593337059021,0.10057753324508667,0.7647109627723694,0,0,20,0,1.0,0.0,0.0,0.0,0.0,0.0,0.0
1762584278.6151154,1,follower,manual,1.001238465309143,0.9074224233627319,0.9660472869873047,0.5,1,0.5,-0.5012384653091431,0.09257757663726807,-0.4660472869873047,0,0,20,0,1.0,0.0,0.0,0.0,0.0,0.0,0.0
1762584278.7167816,2,follower,manual,0.09971933811903,0.7279404997825623,0.579826831817627,0.5,1,-0.5,0.40028066188097,0.27205950021743774,-1.079826831817627,0,0,20,0,1.0,0.0,0.0,0.0,0.0,0.0,0.0
1762584278.721148,0,follower,manual,0.12694771587848663,0.9306235313415527,-0.7691024541854858,0,1,0,-0.12694771587848663,0.06937646865844727,0.7691024541854858,0,0,20,0,,,,,,,
1762584278.7213516,1,follower,manual,1.0030238628387451,0.9416560530662537,0.9709903001785278,0.5,1,0.5,-0.5030238628387451,0.05834394693374634,-0.47099030017852783,0,0,20,0,,,,,,,
1762584278.821707,2,follower,manual,0.10498851537704468,0.7576596140861511,0.5708355903625488,0.5,1,-0.5,0.3950114846229553,0.24234038591384888,-1.0708355903625488,0,0,20,0,,,,,,,
1762584279.0116591,0,leader,manual,0.12694771587848663,0.9306235313415527,-0.7691024541854858,0,1,0,-0.12694771587848663,0.06937646865844727,0.7691024541854858,0,0,20,0,1.0,0.0,0.0,0.0,0.0,0.0,0.0
1762584279.0127206,1,follower,manual,1.0030238628387451,0.9416560530662537,0.9709903001785278,0.5,1,0.5,-0.5030238628387451,0.05834394693374634,-0.47099030017852783,0,0,20,0,1.0,0.0,0.0,0.0,0.0,0.0,0.0
1762584279.1131814,2,follower,manual,0.10498851537704468,0.7576596140861511,0.5708355903625488,0.5,1,-0.5,0.3950114846229553,0.24234038591384888,-1.0708355903625488,0,0,20,0,1.0,0.0,0.0,0.0,0.0,0.0,0.0
1762584279.1144383,0,follower,manual,0.12927906215190887,0.9619401097297668,-0.7744616270065308,0,1,0,-0.12927906215190887,0.038059890270233154,0.7744616270065308,0,0,20,0,,,,,,,
1762584279.114584,1,follower,manual,1.006346583366394,0.9753296375274658,0.9732231497764587,0.5,1,0.5,-0.506346583366394,0.02467036247253418,-0.47322314977645874,0,0,20,0,,,,,,,
1762584279.2149324,2,follower,manual,0.10745108127593994,0.8138924837112427,0.5631640553474426,0.5,1,-0.5,0.39254891872406006,0.18610751628875732,-1.0631640553474426,0,0,20,0,,,,,,,
1762584279.3472862,0,leader,manual,0.12927906215190887,0.9619401097297668,-0.7744616270065308,0,1,0,-0.12927906215190887,0.038059890270233154,0.7744616270065308,0,0,20,0,1.0,0.0,0.0,0.0,0.0,0.0,0.0
1762584279.3474963,1,follower,manual,1.006346583366394,0.9753296375274658,0.9732231497764587,0.5,1,0.5,-0.506346583366394,0.02467036247253418,-0.47322314977645874,0,0,20,0,1.0,0.0,0.0,0.0,0.0,0.0,0.0
1762584279.4483461,2,follower,manual,0.10745108127593994,0.8138924837112427,0.5631640553474426,0.5,1,-0.5,0.39254891872406006,0.18610751628875732,-1.0631640553474426,0,0,20,0,1.0,0.0,0.0,0.0,0.0,0.0,0.0
1762584279.4490697,0,follower,manual,0.12990802526474,0.986503541469574,-0.7766277194023132,0,1,0,-0.12990802526474,0.013496458530426025,0.7766277194023132,0,0,20,0,,,,,,,
1762584279.4492316,1,follower,manual,1.0073868036270142,1.0007044076919556,0.9691509008407593,0.5,1,0.5,-0.5073868036270142,-0.0007044076919555664,-0.4691509008407593,0,0,20,0,,,,,,,
1762584279.549609,2,follower,manual,0.10402373969554901,0.86423659324646,0.5590978264808655,0.5,1,-0.5,0.395976260304451,0.13576340675354004,-1.0590978264808655,0,0,20,0,,,,,,,
1762584279.7281957,0,leader,manual,0.12990802526474,0.986503541469574,-0.7766277194023132,0,1,0,-0.12990802526474,0.013496458530426025,0.7766277194023132,0,0,20,0,1.0,0.0,0.0,0.0,0.0,0.0,0.0
1762584279.7285175,1,follower,manual,1.0073868036270142,1.0007044076919556,0.9691509008407593,0.5,1,0.5,-0.5073868036270142,-0.0007044076919555664,-0.4691509008407593,0,0,20,0,1.0,0.0,0.0,0.0,0.0,0.0,0.0
1762584279.829057,2,follower,manual,0.10402373969554901,0.86423659324646,0.5590978264808655,0.5,1,-0.5,0.395976260304451,0.13576340675354004,-1.0590978264808655,0,0,20,0,1.0,0.0,0.0,0.0,0.0,0.0,0.0
1762584279.830463,0,follower,manual,0.12929895520210266,1.0125662088394165,-0.776287317276001,0,1,0,-0.12929895520210266,-0.012566208839416504,0.776287317276001,0,0,20,0,,,,,,,
1762584279.8307216,1,follower,manual,1.0066121816635132,1.031766414642334,0.9635822176933289,0.5,1,0.5,-0.5066121816635132,-0.031766414642333984,-0.46358221769332886,0,0,20,0,,,,,,,
1762584279.931229,2,follower,manual,0.10229310393333435,0.9149348139762878,0.561823308467865,0.5,1,-0.5,0.39770689606666565,0.08506518602371216,-1.061823308467865,0,0,20,0,,,,,,,
1762584280.0879085,0,leader,manual,0.12929895520210266,1.0125662088394165,-0.776287317276001,0,1,0,-0.12929895520210266,-0.012566208839416504,0.776287317276001,0,0,20,0,1.0,0.0,0.0,0.0,0.0,0.0,0.0
1762584280.0881271,1,follower,manual,1.0066121816635132,1.031766414642334,0.9635822176933289,0.5,1,0.5,-0.5066121816635132,-0.031766414642333984,-0.46358221769332886,0,0,20,0,1.0,0.0,0.0,0.0,0.0,0.0,0.0
1762584280.190802,2,follower,manual,0.10229310393333435,0.9149348139762878,0.561823308467865,0.5,1,-0.5,0.39770689606666565,0.08506518602371216,-1.061823308467865,0,0,20,0,1.0,0.0,0.0,0.0,0.0,0.0,0.0
1762584280.1921344,0,follower,manual,0.1330326646566391,1.0374014377593994,-0.7732165455818176,0,1,0,-0.1330326646566391,-0.037401437759399414,0.7732165455818176,0,0,20,0,,,,,,,
1762584280.1923091,1,follower,manual,1.0118961334228516,1.0653669834136963,0.9593117237091064,0.5,1,0.5,-0.5118961334228516,-0.06536698341369629,-0.45931172370910645,0,0,20,0,,,,,,,
1762584280.2926545,2,follower,manual,0.10675082355737686,0.9676714539527893,0.5622157454490662,0.5,1,-0.5,0.39324917644262314,0.03232854604721069,-1.0622157454490662,0,0,20,0,,,,,,,
1762584280.4332924,0,leader,manual,0.1330326646566391,1.0374014377593994,-0.7732165455818176,0,1,0,-0.1330326646566391,-0.037401437759399414,0.7732165455818176,0,0,20,0,1.0,0.0,0.0,0.0,0.0,0.0,0.0
1762584280.4338489,1,follower,manual,1.0118961334228516,1.0653669834136963,0.9593117237091064,0.5,1,0.5,-0.5118961334228516,-0.06536698341369629,-0.45931172370910645,0,0,20,0,1.0,0.0,0.0,0.0,0.0,0.0,0.0
1762584280.5343225,2,follower,manual,0.10675082355737686,0.9676714539527893,0.5622157454490662,0.5,1,-0.5,0.39324917644262314,0.03232854604721069,-1.0622157454490662,0,0,20,0,1.0,0.0,0.0,0.0,0.0,0.0,0.0
1762584280.5351155,0,follower,manual,0.13868947327136993,1.0626648664474487,-0.7741257548332214,0,1,0,-0.13868947327136993,-0.06266486644744873,0.7741257548332214,0,0,20,0,,,,,,,
1762584280.5352762,1,follower,manual,1.0176631212234497,1.099816918373108,0.9524840116500854,0.5,1,0.5,-0.5176631212234497,-0.09981691837310791,-0.45248401165008545,0,0,20,0,,,,,,,
1762584280.6356485,2,follower,manual,0.11239568144083023,1.0169836282730103,0.5682535767555237,0.5,1,-0.5,0.38760431855916977,-0.016983628273010254,-1.0682535767555237,0,0,20,0,,,,,,,
1762584280.800935,0,leader,manual,0.13868947327136993,1.0626648664474487,-0.7741257548332214,0,1,0,-0.13868947327136993,-0.06266486644744873,0.7741257548332214,0,0,20,0,1.0,0.0,0.0,0.0,0.0,0.0,0.0
1762584280.8011518,1,follower,manual,1.0176631212234497,1.099816918373108,0.9524840116500854,0.5,1,0.5,-0.5176631212234497,-0.09981691837310791,-0.45248401165008545,0,0,20,0,1.0,0.0,0.0,0.0,0.0,0.0,0.0
1762584280.901542,2,follower,manual,0.11239568144083023,1.0169836282730103,0.5682535767555237,0.5,1,-0.5,0.38760431855916977,-0.016983628273010254,-1.0682535767555237,0,0,20,0,1.0,0.0,0.0,0.0,0.0,0.0,0.0
1762584280.9022157,0,follower,manual,0.14586403965950012,1.0931940078735352,-0.7733287215232849,0,1,0,-0.14586403965950012,-0.09319400787353516,0.7733287215232849,0,0,0,0,,,,,,,
1762584280.9023669,1,follower,manual,1.021227478981018,1.1330995559692383,0.9457355737686157,0.5,1,0.5,-0.5212274789810181,-0.13309955596923828,-0.4457355737686157,0,0,0,0,,,,,,,
1762584281.0027375,2,follower,manual,0.11970891803503036,1.0681596994400024,0.5725972056388855,0.5,1,-0.5,0.38029108196496964,-0.06815969944000244,-1.0725972056388855,0,0,0,0,,,,,,,
1762584281.1360316,0,leader,manual,0.14586403965950012,1.0931940078735352,-0.7733287215232849,0,1,0,-0.14586403965950012,-0.09319400787353516,0.7733287215232849,0,0,0,0,1.0,0.0,0.0,0.0,0.0,0.0,0.0
1762584281.1362329,1,follower,manual,1.021227478981018,1.1330995559692383,0.9457355737686157,0.5,1,0.5,-0.5212274789810181,-0.13309955596923828,-0.4457355737686157,0,0,0,0,1.0,0.0,0.0,0.0,0.0,0.0,0.0
1762584281.2366693,2,follower,manual,0.11970891803503036,1.0681596994400024,0.5725972056388855,0.5,1,-0.5,0.38029108196496964,-0.06815969944000244,-1.0725972056388855,0,0,0,0,1.0,0.0,0.0,0.0,0.0,0.0,0.0
1762584281.2373621,0,follower,manual,0.15032356977462769,1.1152689456939697,-0.7746545672416687,0,1,0,-0.15032356977462769,-0.11526894569396973,0.7746545672416687,0,0,0,0,,,,,,,
1762584281.2378604,1,follower,manual,1.0199236869812012,1.158308982849121,0.9456283450126648,0.5,1,0.5,-0.5199236869812012,-0.1583089828491211,-0.4456283450126648,0,0,0,0,,,,,,,
1762584281.338184,2,follower,manual,0.12542450428009033,1.0943138599395752,0.5822464823722839,0.5,1,-0.5,0.37457549571990967,-0.0943138599395752,-1.082246482372284,0,0,0,0,,,,,,,
1762584281.4567692,0,leader,manual,0.15032356977462769,1.1152689456939697,-0.7746545672416687,0,1,0,-0.15032356977462769,-0.11526894569396973,0.7746545672416687,0,0,0,0,1.0,0.0,0.0,0.0,0.0,0.0,0.0
1762584281.4569755,1,follower,manual,1.0199236869812012,1.158308982849121,0.9456283450126648,0.5,1,0.5,-0.5199236869812012,-0.1583089828491211,-0.4456283450126648,0,0,0,0,1.0,0.0,0.0,0.0,0.0,0.0,0.0
1762584281.5577593,2,follower,manual,0.12542450428009033,1.0943138599395752,0.5822464823722839,0.5,1,-0.5,0.37457549571990967,-0.0943138599395752,-1.082246482372284,0,0,0,0,1.0,0.0,0.0,0.0,0.0,0.0,0.0
1762584281.5623124,0,follower,manual,0.15074458718299866,1.1213812828063965,-0.7761791348457336,0,1,0,-0.15074458718299866,-0.12138128280639648,0.7761791348457336,0,0,-20,0,,,,,,,
1762584281.5624883,1,follower,manual,1.0114939212799072,1.1656221151351929,0.9458773136138916,0.5,1,0.5,-0.5114939212799072,-0.16562211513519287,-0.4458773136138916,0,0,-20,0,,,,,,,
1762584281.6628485,2,follower,manual,0.13416029512882233,1.0962214469909668,0.5883072018623352,0.5,1,-0.5,0.3658397048711777,-0.0962214469909668,-1.0883072018623352,0,0,-20,0,,,,,,,
1762584281.8499904,0,leader,manual,0.15074458718299866,1.1213812828063965,-0.7761791348457336,0,1,0,-0.15074458718299866,-0.12138128280639648,0.7761791348457336,0,0,-20,0,1.0,0.0,0.0,0.0,0.0,0.0,0.0
1762584281.8501828,1,follower,manual,1.0114939212799072,1.1656221151351929,0.9458773136138916,0.5,1,0.5,-0.5114939212799072,-0.16562211513519287,-0.4458773136138916,0,0,-20,0,1.0,0.0,0.0,0.0,0.0,0.0,0.0
1762584281.9506168,2,follower,manual,0.13416029512882233,1.0962214469909668,0.5883072018623352,0.5,1,-0.5,0.3658397048711777,-0.0962214469909668,-1.0883072018623352,0,0,-20,0,1.0,0.0,0.0,0.0,0.0,0.0,0.0
1762584281.951354,0,follower,manual,0.14896467328071594,1.1082074642181396,-0.774463415145874,0,1,0,-0.14896467328071594,-0.10820746421813965,0.774463415145874,0,0,-20,0,,,,,,,
1762584281.9515014,1,follower,manual,1.0001163482666016,1.1572738885879517,0.9458596706390381,0.5,1,0.5,-0.5001163482666016,-0.15727388858795166,-0.4458596706390381,0,0,-20,0,,,,,,,
1762584282.0518403,2,follower,manual,0.14249347150325775,1.0865700244903564,0.5876840353012085,0.5,1,-0.5,0.35750652849674225,-0.08657002449035645,-1.0876840353012085,0,0,-20,0,,,,,,,
1762584282.2201393,0,leader,manual,0.14896467328071594,1.1082074642181396,-0.774463415145874,0,1,0,-0.14896467328071594,-0.10820746421813965,0.774463415145874,0,0,-20,0,1.0,0.0,0.0,0.0,0.0,0.0,0.0
1762584282.2203496,1,follower,manual,1.0001163482666016,1.1572738885879517,0.9458596706390381,0.5,1,0.5,-0.5001163482666016,-0.15727388858795166,-0.4458596706390381,0,0,-20,0,1.0,0.0,0.0,0.0,0.0,0.0,0.0
1762584282.3210752,2,follower,manual,0.14249347150325775,1.0865700244903564,0.5876840353012085,0.5,1,-0.5,0.35750652849674225,-0.08657002449035645,-1.0876840353012085,0,0,-20,0,1.0,0.0,0.0,0.0,0.0,0.0,0.0
1762584282.3218458,0,follower,manual,0.14980995655059814,1.0765955448150635,-0.7701347470283508,0,1,0,-0.14980995655059814,-0.07659554481506348,0.7701347470283508,0,0,-20,0,,,,,,,
1762584282.3220046,1,follower,manual,0.9897682666778564,1.1296870708465576,0.945163905620575,0.5,1,0.5,-0.48976826667785645,-0.12968707084655762,-0.44516390562057495,0,0,-20,0,,,,,,,
1762584282.4223962,2,follower,manual,0.15038157999515533,1.0722161531448364,0.5835376977920532,0.5,1,-0.5,0.34961842000484467,-0.07221615314483643,-1.0835376977920532,0,0,-20,0,,,,,,,
1762584282.536939,0,leader,manual,0.14980995655059814,1.0765955448150635,-0.7701347470283508,0,1,0,-0.14980995655059814,-0.07659554481506348,0.7701347470283508,0,0,-20,0,1.0,0.0,0.0,0.0,0.0,0.0,0.0
1762584282.5371616,1,follower,manual,0.9897682666778564,1.1296870708465576,0.945163905620575,0.5,1,0.5,-0.48976826667785645,-0.12968707084655762,-0.44516390562057495,0,0,-20,0,1.0,0.0,0.0,0.0,0.0,0.0,0.0
1762584282.6382687,2,follower,manual,0.15038157999515533,1.0722161531448364,0.5835376977920532,0.5,1,-0.5,0.34961842000484467,-0.07221615314483643,-1.0835376977920532,0,0,-20,0,1.0,0.0,0.0,0.0,0.0,0.0,0.0
1762584282.638972,0,follower,manual,0.15113727748394012,1.0459253787994385,-0.7675819396972656,0,1,0,-0.15113727748394012,-0.04592537879943848,0.7675819396972656,0,0,0,0,,,,,,,
1762584282.6391287,1,follower,manual,0.9833185076713562,1.1020838022232056,0.9470220804214478,0.5,1,0.5,-0.4833185076713562,-0.10208380222320557,-0.44702208042144775,0,0,0,0,,,,,,,
1762584282.739593,2,follower,manual,0.1543467491865158,1.0587717294692993,0.5773255228996277,0.5,1,-0.5,0.3456532508134842,-0.058771729469299316,-1.0773255228996277,0,0,0,0,,,,,,,
1762584282.872454,0,leader,manual,0.15113727748394012,1.0459253787994385,-0.7675819396972656,0,1,0,-0.15113727748394012,-0.04592537879943848,0.7675819396972656,0,0,0,0,1.0,0.0,0.0,0.0,0.0,0.0,0.0
1762584282.8726442,1,follower,manual,0.9833185076713562,1.1020838022232056,0.9470220804214478,0.5,1,0.5,-0.4833185076713562,-0.10208380222320557,-0.44702208042144775,0,0,0,0,1.0,0.0,0.0,0.0,0.0,0.0,0.0
1762584282.973072,2,follower,manual,0.1543467491865158,1.0587717294692993,0.5773255228996277,0.5,1,-0.5,0.3456532508134842,-0.058771729469299316,-1.0773255228996277,0,0,0,0,1.0,0.0,0.0,0.0,0.0,0.0,0.0
1762584282.9738073,0,follower,manual,0.15220248699188232,1.0167292356491089,-0.7663962841033936,0,1,0,-0.15220248699188232,-0.016729235649108887,0.7663962841033936,0,0,0,0,,,,,,,
1762584282.9739692,1,follower,manual,0.9787685871124268,1.0771372318267822,0.9498543739318848,0.5,1,0.5,-0.47876858711242676,-0.07713723182678223,-0.44985437393188477,0,0,0,0,,,,,,,
1762584283.0743532,2,follower,manual,0.14703933894634247,1.0415326356887817,0.5659344792366028,0.5,1,-0.5,0.35296066105365753,-0.04153263568878174,-1.0659344792366028,0,0,0,0,,,,,,,
1762584283.2364933,0,leader,manual,0.15220248699188232,1.0167292356491089,-0.7663962841033936,0,1,0,-0.15220248699188232,-0.016729235649108887,0.7663962841033936,0,0,0,0,1.0,0.0,0.0,0.0,0.0,0.0,0.0
1762584283.2366867,1,follower,manual,0.9787685871124268,1.0771372318267822,0.9498543739318848,0.5,1,0.5,-0.47876858711242676,-0.07713723182678223,-0.44985437393188477,0,0,0,0,1.0,0.0,0.0,0.0,0.0,0.0,0.0
1762584283.3370745,2,follower,manual,0.14703933894634247,1.0415326356887817,0.5659344792366028,0.5,1,-0.5,0.35296066105365753,-0.04153263568878174,-1.0659344792366028,0,0,0,0,1.0,0.0,0.0,0.0,0.0,0.0,0.0
1762584283.3381393,0,follower,manual,0.1537598967552185,1.0054242610931396,-0.7625221610069275,0,1,0,-0.1537598967552185,-0.0054242610931396484,0.7625221610069275,0,0,0,50,,,,,,,
1762584283.3382895,1,follower,manual,0.9765195250511169,1.066203236579895,0.949703574180603,0.5,1,0.5,-0.47651952505111694,-0.06620323657989502,-0.449703574180603,0,0,0,50,,,,,,,
1762584283.4386823,2,follower,manual,0.1264856457710266,1.0314271450042725,0.5567856431007385,0.5,1,-0.5,0.3735143542289734,-0.03142714500427246,-1.0567856431007385,0,0,0,50,,,,,,,
1762584283.608258,0,leader,manual,0.1537598967552185,1.0054242610931396,-0.7625221610069275,0,1,0,-0.1537598967552185,-0.0054242610931396484,0.7625221610069275,0,0,0,50,1.0,0.0,0.0,0.0,0.0,0.0,0.0
1762584283.6084757,1,follower,manual,0.9765195250511169,1.066203236579895,0.949703574180603,0.5,1,0.5,-0.47651952505111694,-0.06620323657989502,-0.449703574180603,0,0,0,50,1.0,0.0,0.0,0.0,0.0,0.0,0.0
1762584283.7090378,2,follower,manual,0.1264856457710266,1.0314271450042725,0.5567856431007385,0.5,1,-0.5,0.3735143542289734,-0.03142714500427246,-1.0567856431007385,0,0,0,50,1.0,0.0,0.0,0.0,0.0,0.0,0.0
1762584283.7098715,0,follower,manual,0.15013620257377625,1.005210280418396,-0.7579952478408813,0,1,0,-0.15013620257377625,-0.005210280418395996,0.7579952478408813,0,0,0,50,,,,,,,
1762584283.710033,1,follower,manual,0.9765763282775879,1.067743182182312,0.9522426128387451,0.5,1,0.5,-0.4765763282775879,-0.06774318218231201,-0.4522426128387451,0,0,0,50,,,,,,,
1762584283.8104274,2,follower,manual,0.09978648275136948,1.0248249769210815,0.5610826015472412,0.5,1,-0.5,0.4002135172486305,-0.024824976921081543,-1.0610826015472412,0,0,0,50,,,,,,,
1762584284.0517771,0,leader,manual,0.15013620257377625,1.005210280418396,-0.7579952478408813,0,1,0,-0.15013620257377625,-0.005210280418395996,0.7579952478408813,0,0,0,50,1.0,0.0,0.0,0.0,0.0,0.0,0.0
1762584284.0519953,1,follower,manual,0.9765763282775879,1.067743182182312,0.9522426128387451,0.5,1,0.5,-0.4765763282775879,-0.06774318218231201,-0.4522426128387451,0,0,0,50,1.0,0.0,0.0,0.0,0.0,0.0,0.0
1762584284.1524198,2,follower,manual,0.09978648275136948,1.0248249769210815,0.5610826015472412,0.5,1,-0.5,0.4002135172486305,-0.024824976921081543,-1.0610826015472412,0,0,0,50,1.0,0.0,0.0,0.0,0.0,0.0,0.0
1762584284.1531143,0,follower,manual,0.14853714406490326,1.005791425704956,-0.7511959671974182,0,1,0,-0.14853714406490326,-0.005791425704956055,0.7511959671974182,0,0,0,50,,,,,,,
1762584284.1532605,1,follower,manual,0.9800430536270142,1.0739845037460327,0.9552509188652039,0.5,1,0.5,-0.48004305362701416,-0.07398450374603271,-0.45525091886520386,0,0,0,50,,,,,,,
1762584284.254202,2,follower,manual,0.07989723235368729,1.0315124988555908,0.5708362460136414,0.5,1,-0.5,0.4201027676463127,-0.03151249885559082,-1.0708362460136414,0,0,0,50,,,,,,,
1762584284.424438,0,leader,manual,0.14853714406490326,1.005791425704956,-0.7511959671974182,0,1,0,-0.14853714406490326,-0.005791425704956055,0.7511959671974182,0,0,0,50,1.0,0.0,0.0,0.0,0.0,0.0,0.0
1762584284.4247913,1,follower,manual,0.9800430536270142,1.0739845037460327,0.9552509188652039,0.5,1,0.5,-0.48004305362701416,-0.07398450374603271,-0.45525091886520386,0,0,0,50,1.0,0.0,0.0,0.0,0.0,0.0,0.0
1762584284.52542,2,follower,manual,0.07989723235368729,1.0315124988555908,0.5708362460136414,0.5,1,-0.5,0.4201027676463127,-0.03151249885559082,-1.0708362460136414,0,0,0,50,1.0,0.0,0.0,0.0,0.0,0.0,0.0
1762584284.5262427,0,follower,manual,0.16239123046398163,1.0079365968704224,-0.7469626069068909,0,1,0,-0.16239123046398163,-0.007936596870422363,0.7469626069068909,0,0,0,0,,,,,,,
1762584284.5264237,1,follower,manual,0.9890983700752258,1.0747637748718262,0.96015864610672,0.5,1,0.5,-0.48909837007522583,-0.07476377487182617,-0.46015864610671997,0,0,0,0,,,,,,,
1762584284.6268818,2,follower,manual,0.07620406895875931,1.0338176488876343,0.5778873562812805,0.5,1,-0.5,0.4237959310412407,-0.03381764888763428,-1.0778873562812805,0,0,0,0,,,,,,,
1762584284.760782,0,leader,manual,0.16239123046398163,1.0079365968704224,-0.7469626069068909,0,1,0,-0.16239123046398163,-0.007936596870422363,0.7469626069068909,0,0,0,0,1.0,0.0,0.0,0.0,0.0,0.0,0.0
1762584284.7609816,1,follower,manual,0.9890983700752258,1.0747637748718262,0.96015864610672,0.5,1,0.5,-0.48909837007522583,-0.07476377487182617,-0.46015864610671997,0,0,0,0,1.0,0.0,0.0,0.0,0.0,0.0,0.0
1762584284.8617284,2,follower,manual,0.07620406895875931,1.0338176488876343,0.5778873562812805,0.5,1,-0.5,0.4237959310412407,-0.03381764888763428,-1.0778873562812805,0,0,0,0,1.0,0.0,0.0,0.0,0.0,0.0,0.0
1762584284.8624227,0,follower,manual,0.17851725220680237,1.0112348794937134,-0.7423596382141113,0,1,0,-0.17851725220680237,-0.011234879493713379,0.7423596382141113,0,0,0,-50,,,,,,,
1762584284.862575,1,follower,manual,1.0032459497451782,1.0695786476135254,0.9668307900428772,0.5,1,0.5,-0.5032459497451782,-0.06957864761352539,-0.4668307900428772,0,0,0,-50,,,,,,,
1762584284.9629285,2,follower,manual,0.0841611698269844,1.0355956554412842,0.5839266777038574,0.5,1,-0.5,0.4158388301730156,-0.03559565544128418,-1.0839266777038574,0,0,0,-50,,,,,,,
1762584285.088639,0,leader,manual,0.17851725220680237,1.0112348794937134,-0.7423596382141113,0,1,0,-0.17851725220680237,-0.011234879493713379,0.7423596382141113,0,0,0,-50,1.0,0.0,0.0,0.0,0.0,0.0,0.0
1762584285.0888503,1,follower,manual,1.0032459497451782,1.0695786476135254,0.9668307900428772,0.5,1,0.5,-0.5032459497451782,-0.06957864761352539,-0.4668307900428772,0,0,0,-50,1.0,0.0,0.0,0.0,0.0,0.0,0.0
1762584285.1892617,2,follower,manual,0.0841611698269844,1.0355956554412842,0.5839266777038574,0.5,1,-0.5,0.4158388301730156,-0.03559565544128418,-1.0839266777038574,0,0,0,-50,1.0,0.0,0.0,0.0,0.0,0.0,0.0
1762584285.1899898,0,follower,manual,0.19101400673389435,1.0126010179519653,-0.7319574952125549,0,1,0,-0.19101400673389435,-0.012601017951965332,0.7319574952125549,0,0,0,-50,,,,,,,
1762584285.190138,1,follower,manual,1.017495036125183,1.0636682510375977,0.9745715856552124,0.5,1,0.5,-0.5174950361251831,-0.06366825103759766,-0.4745715856552124,0,0,0,-50,,,,,,,
1762584285.2905004,2,follower,manual,0.10192357748746872,1.0327420234680176,0.5868023037910461,0.5,1,-0.5,0.3980764225125313,-0.03274202346801758,-1.0868023037910461,0,0,0,-50,,,,,,,
1762584285.4775832,0,leader,manual,0.19101400673389435,1.0126010179519653,-0.7319574952125549,0,1,0,-0.19101400673389435,-0.012601017951965332,0.7319574952125549,0,0,0,-50,1.0,0.0,0.0,0.0,0.0,0.0,0.0
1762584285.4778101,1,follower,manual,1.017495036125183,1.0636682510375977,0.9745715856552124,0.5,1,0.5,-0.5174950361251831,-0.06366825103759766,-0.4745715856552124,0,0,0,-50,1.0,0.0,0.0,0.0,0.0,0.0,0.0
1762584285.5782344,2,follower,manual,0.10192357748746872,1.0327420234680176,0.5868023037910461,0.5,1,-0.5,0.3980764225125313,-0.03274202346801758,-1.0868023037910461,0,0,0,-50,1.0,0.0,0.0,0.0,0.0,0.0,0.0
1762584285.5793161,0,follower,manual,0.19706572592258453,1.0128371715545654,-0.7239524126052856,0,1,0,-0.19706572592258453,-0.01283717155456543,0.7239524126052856,0,0,0,-50,,,,,,,
1762584285.5794675,1,follower,manual,1.0212472677230835,1.058521032333374,0.9827232360839844,0.5,1,0.5,-0.5212472677230835,-0.05852103233337402,-0.4827232360839844,0,0,0,-50,,,,,,,
1762584285.679888,2,follower,manual,0.12278001755475998,1.0310827493667603,0.5900494456291199,0.5,1,-0.5,0.37721998244524,-0.031082749366760254,-1.0900494456291199,0,0,0,-50,,,,,,,
1762584285.8510659,0,leader,manual,0.19706572592258453,1.0128371715545654,-0.7239524126052856,0,1,0,-0.19706572592258453,-0.01283717155456543,0.7239524126052856,0,0,0,-50,1.0,0.0,0.0,0.0,0.0,0.0,0.0
1762584285.8512502,1,follower,manual,1.0212472677230835,1.058521032333374,0.9827232360839844,0.5,1,0.5,-0.5212472677230835,-0.05852103233337402,-0.4827232360839844,0,0,0,-50,1.0,0.0,0.0,0.0,0.0,0.0,0.0
1762584285.9516892,2,follower,manual,0.12278001755475998,1.0310827493667603,0.5900494456291199,0.5,1,-0.5,0.37721998244524,-0.031082749366760254,-1.0900494456291199,0,0,0,-50,1.0,0.0,0.0,0.0,0.0,0.0,0.0
1762584285.9523878,0,follower,manual,0.1840571016073227,1.0143159627914429,-0.7314066290855408,0,1,0,-0.1840571016073227,-0.014315962791442871,0.7314066290855408,0,0,0,0,,,,,,,
1762584285.952545,1,follower,manual,1.0100903511047363,1.0571902990341187,0.9805479645729065,0.5,1,0.5,-0.5100903511047363,-0.05719029903411865,-0.4805479645729065,0,0,0,0,,,,,,,
1762584286.0529926,2,follower,manual,0.13410484790802002,1.049164891242981,0.600986897945404,0.5,1,-0.5,0.36589515209198,-0.04916489124298096,-1.100986897945404,0,0,0,0,,,,,,,
1762584286.2202752,0,leader,manual,0.1840571016073227,1.0143159627914429,-0.7314066290855408,0,1,0,-0.1840571016073227,-0.014315962791442871,0.7314066290855408,0,0,0,0,1.0,0.0,0.0,0.0,0.0,0.0,0.0
1762584286.2205,1,follower,manual,1.0100903511047363,1.0571902990341187,0.9805479645729065,0.5,1,0.5,-0.5100903511047363,-0.05719029903411865,-0.4805479645729065,0,0,0,0,1.0,0.0,0.0,0.0,0.0,0.0,0.0
1762584286.321345,2,follower,manual,0.13410484790802002,1.049164891242981,0.600986897945404,0.5,1,-0.5,0.36589515209198,-0.04916489124298096,-1.100986897945404,0,0,0,0,1.0,0.0,0.0,0.0,0.0,0.0,0.0
1762584286.322012,0,follower,manual,0.16166675090789795,1.0148143768310547,-0.7414896488189697,0,1,0,-0.16166675090789795,-0.014814376831054688,0.7414896488189697,0,0,0,0,,,,,,,
1762584286.3221586,1,follower,manual,0.9913403987884521,1.0529249906539917,0.9712124466896057,0.5,1,0.5,-0.49134039878845215,-0.0529249906539917,-0.4712124466896057,0,0,0,0,,,,,,,
1762584286.4225438,2,follower,manual,0.13771995902061462,1.0610460042953491,0.6071435809135437,0.5,1,-0.5,0.3622800409793854,-0.06104600429534912,-1.1071435809135437,0,0,0,0,,,,,,,
1762584286.5486746,0,leader,manual,0.16166675090789795,1.0148143768310547,-0.7414896488189697,0,1,0,-0.16166675090789795,-0.014814376831054688,0.7414896488189697,0,0,0,0,1.0,0.0,0.0,0.0,0.0,0.0,0.0
1762584286.548896,1,follower,manual,0.9913403987884521,1.0529249906539917,0.9712124466896057,0.5,1,0.5,-0.49134039878845215,-0.0529249906539917,-0.4712124466896057,0,0,0,0,1.0,0.0,0.0,0.0,0.0,0.0,0.0
1762584286.649363,2,follower,manual,0.13771995902061462,1.0610460042953491,0.6071435809135437,0.5,1,-0.5,0.3622800409793854,-0.06104600429534912,-1.1071435809135437,0,0,0,0,1.0,0.0,0.0,0.0,0.0,0.0,0.0
1762584286.6501107,0,follower,manual,0.1440311074256897,1.01825749874115,-0.7474342584609985,0,1,0,-0.1440311074256897,-0.018257498741149902,0.7474342584609985,0,0,0,0,,,,,,,
1762584286.6502962,1,follower,manual,0.9739636182785034,1.052410364151001,0.9607604146003723,0.5,1,0.5,-0.4739636182785034,-0.05241036415100098,-0.4607604146003723,0,0,0,0,,,,,,,
1762584286.750701,2,follower,manual,0.13988396525382996,1.063134789466858,0.606961727142334,0.5,1,-0.5,0.36011603474617004,-0.06313478946685791,-1.106961727142334,0,0,0,0,,,,,,,
1762584286.8672552,0,leader,manual,0.1440311074256897,1.01825749874115,-0.7474342584609985,0,1,0,-0.1440311074256897,-0.018257498741149902,0.7474342584609985,0,0,0,0,1.0,0.0,0.0,0.0,0.0,0.0,0.0
1762584286.8674424,1,follower,manual,0.9739636182785034,1.052410364151001,0.9607604146003723,0.5,1,0.5,-0.4739636182785034,-0.05241036415100098,-0.4607604146003723,0,0,0,0,1.0,0.0,0.0,0.0,0.0,0.0,0.0
1762584286.967852,2,follower,manual,0.13988396525382996,1.063134789466858,0.606961727142334,0.5,1,-0.5,0.36011603474617004,-0.06313478946685791,-1.106961727142334,0,0,0,0,1.0,0.0,0.0,0.0,0.0,0.0,0.0
1762584286.9685953,0,follower,manual,0.13670587539672852,1.0233659744262695,-0.7477644085884094,0,1,0,-0.13670587539672852,-0.02336597442626953,0.7477644085884094,0,0,-20,0,,,,,,,
1762584286.9687574,1,follower,manual,0.9597535133361816,1.0502750873565674,0.9536885023117065,0.5,1,0.5,-0.45975351333618164,-0.05027508735656738,-0.45368850231170654,0,0,-20,0,,,,,,,
1762584287.0691326,2,follower,manual,0.14172658324241638,1.0712642669677734,0.5969576239585876,0.5,1,-0.5,0.3582734167575836,-0.07126426696777344,-1.0969576239585876,0,0,-20,0,,,,,,,
1762584287.2334154,0,leader,manual,0.13670587539672852,1.0233659744262695,-0.7477644085884094,0,1,0,-0.13670587539672852,-0.02336597442626953,0.7477644085884094,0,0,-20,0,1.0,0.0,0.0,0.0,0.0,0.0,0.0
1762584287.2336376,1,follower,manual,0.9597535133361816,1.0502750873565674,0.9536885023117065,0.5,1,0.5,-0.45975351333618164,-0.05027508735656738,-0.45368850231170654,0,0,-20,0,1.0,0.0,0.0,0.0,0.0,0.0,0.0
1762584287.3340456,2,follower,manual,0.14172658324241638,1.0712642669677734,0.5969576239585876,0.5,1,-0.5,0.3582734167575836,-0.07126426696777344,-1.0969576239585876,0,0,-20,0,1.0,0.0,0.0,0.0,0.0,0.0,0.0
1762584287.3350537,0,follower,manual,0.13420508801937103,1.0238643884658813,-0.7456597089767456,0,1,0,-0.13420508801937103,-0.023864388465881348,0.7456597089767456,0,0,-20,0,,,,,,,
1762584287.3353856,1,follower,manual,0.9529205560684204,1.0362167358398438,0.951645016670227,0.5,1,0.5,-0.4529205560684204,-0.03621673583984375,-0.45164501667022705,0,0,-20,0,,,,,,,
1762584287.435807,2,follower,manual,0.13793158531188965,1.0830012559890747,0.5807632207870483,0.5,1,-0.5,0.36206841468811035,-0.08300125598907471,-1.0807632207870483,0,0,-20,0,,,,,,,
1762584287.5723722,0,leader,manual,0.13420508801937103,1.0238643884658813,-0.7456597089767456,0,1,0,-0.13420508801937103,-0.023864388465881348,0.7456597089767456,0,0,-20,0,1.0,0.0,0.0,0.0,0.0,0.0,0.0
1762584287.57259,1,follower,manual,0.9529205560684204,1.0362167358398438,0.951645016670227,0.5,1,0.5,-0.4529205560684204,-0.03621673583984375,-0.45164501667022705,0,0,-20,0,1.0,0.0,0.0,0.0,0.0,0.0,0.0
1762584287.6728857,2,follower,manual,0.13793158531188965,1.0830012559890747,0.5807632207870483,0.5,1,-0.5,0.36206841468811035,-0.08300125598907471,-1.0807632207870483,0,0,-20,0,1.0,0.0,0.0,0.0,0.0,0.0,0.0
1762584287.6731207,0,follower,manual,0.13070261478424072,1.0062538385391235,-0.7462356090545654,0,1,0,-0.13070261478424072,-0.006253838539123535,0.7462356090545654,0,0,-20,0,,,,,,,
1762584287.6731586,1,follower,manual,0.9532333612442017,1.0090497732162476,0.9500177502632141,0.5,1,0.5,-0.45323336124420166,-0.009049773216247559,-0.4500177502632141,0,0,-20,0,,,,,,,
1762584287.7735412,2,follower,manual,0.13273967802524567,1.0819463729858398,0.5705774426460266,0.5,1,-0.5,0.36726032197475433,-0.08194637298583984,-1.0705774426460266,0,0,-20,0,,,,,,,
1762584287.891349,0,leader,manual,0.13070261478424072,1.0062538385391235,-0.7462356090545654,0,1,0,-0.13070261478424072,-0.006253838539123535,0.7462356090545654,0,0,-20,0,1.0,0.0,0.0,0.0,0.0,0.0,0.0
1762584287.8915355,1,follower,manual,0.9532333612442017,1.0090497732162476,0.9500177502632141,0.5,1,0.5,-0.45323336124420166,-0.009049773216247559,-0.4500177502632141,0,0,-20,0,1.0,0.0,0.0,0.0,0.0,0.0,0.0
1762584287.9919364,2,follower,manual,0.13273967802524567,1.0819463729858398,0.5705774426460266,0.5,1,-0.5,0.36726032197475433,-0.08194637298583984,-1.0705774426460266,0,0,-20,0,1.0,0.0,0.0,0.0,0.0,0.0,0.0
1762584287.9965158,0,follower,manual,0.1257134974002838,0.980099081993103,-0.7518246173858643,0,1,0,-0.1257134974002838,0.019900918006896973,0.7518246173858643,0,0,0,0,,,,,,,
1762584287.9974253,1,follower,manual,0.9649252891540527,0.9789013266563416,0.9530178904533386,0.5,1,0.5,-0.46492528915405273,0.021098673343658447,-0.4530178904533386,0,0,0,0,,,,,,,
1762584288.0979319,2,follower,manual,0.13229605555534363,1.0756173133850098,0.5659382939338684,0.5,1,-0.5,0.36770394444465637,-0.07561731338500977,-1.0659382939338684,0,0,0,0,,,,,,,
1762584288.2851272,0,leader,manual,0.1257134974002838,0.980099081993103,-0.7518246173858643,0,1,0,-0.1257134974002838,0.019900918006896973,0.7518246173858643,0,0,0,0,1.0,0.0,0.0,0.0,0.0,0.0,0.0
1762584288.2854123,1,follower,manual,0.9649252891540527,0.9789013266563416,0.9530178904533386,0.5,1,0.5,-0.46492528915405273,0.021098673343658447,-0.4530178904533386,0,0,0,0,1.0,0.0,0.0,0.0,0.0,0.0,0.0
1762584288.3858829,2,follower,manual,0.13229605555534363,1.0756173133850098,0.5659382939338684,0.5,1,-0.5,0.36770394444465637,-0.07561731338500977,-1.0659382939338684,0,0,0,0,1.0,0.0,0.0,0.0,0.0,0.0,0.0
1762584288.488344,0,follower,manual,0.1252444088459015,0.9536508321762085,-0.7577327489852905,0,1,0,-0.1252444088459015,0.046349167823791504,0.7577327489852905,0,0,0,0,,,,,,,
1762584288.5888193,1,follower,manual,0.9823389053344727,0.9439674615859985,0.9546629786491394,0.5,1,0.5,-0.48233890533447266,0.056032538414001465,-0.4546629786491394,0,0,0,0,,,,,,,
1762584292.8977125,2,follower,manual,0.13539476692676544,1.0599318742752075,0.572730541229248,0.5,1,-0.5,0.36460523307323456,-0.05993187427520752,-1.072730541229248,0,0,0,0,,,,,,,
1762584293.0772629,0,leader,manual,0.1252444088459015,0.9536508321762085,-0.7577327489852905,0,1,0,-0.1252444088459015,0.046349167823791504,0.7577327489852905,0,0,0,0,1.0,0.0,0.0,0.0,0.0,0.0,0.0
1762584293.0775504,1,follower,manual,0.9823389053344727,0.9439674615859985,0.9546629786491394,0.5,1,0.5,-0.48233890533447266,0.056032538414001465,-0.4546629786491394,0,0,0,0,1.0,0.0,0.0,0.0,0.0,0.0,0.0
1762584293.1781096,2,follower,manual,0.13539476692676544,1.0599318742752075,0.572730541229248,0.5,1,-0.5,0.36460523307323456,-0.05993187427520752,-1.072730541229248,0,0,0,0,1.0,0.0,0.0,0.0,0.0,0.0,0.0
1762584293.3132737,0,leader,manual,0.14163850247859955,0.04409307241439819,-0.6773331165313721,0,1,0,-0.14163850247859955,0.9559069275856018,0.6773331165313721,0,0,0,0,1.0,0.0,0.0,0.0,0.0,0.0,0.0
1762584293.313503,1,follower,manual,0.9508333206176758,0.03933129087090492,0.9056602120399475,0.5,1,0.5,-0.4508333206176758,0.9606687091290951,-0.4056602120399475,0,0,0,0,1.0,0.0,0.0,0.0,0.0,0.0,0.0
1762584293.4139462,2,follower,manual,0.09952984750270844,0.029502037912607193,0.5972189903259277,0.5,1,-0.5,0.40047015249729156,0.9704979620873928,-1.0972189903259277,0,0,0,0,1.0,0.0,0.0,0.0,0.0,0.0,0.0
1762584293.588234,0,leader,manual,0.1423616260290146,0.042596545070409775,-0.6779801249504089,0,1,0,-0.1423616260290146,0.9574034549295902,0.6779801249504089,0,0,0,0,1.0,0.0,0.0,0.0,0.0,0.0,0.0
1762584293.5884194,1,follower,manual,0.9507381319999695,0.03947493061423302,0.9056774973869324,0.5,1,0.5,-0.4507381319999695,0.960525069385767,-0.4056774973869324,0,0,0,0,1.0,0.0,0.0,0.0,0.0,0.0,0.0
1762584293.6889434,2,follower,manual,0.09953216463327408,0.029521770775318146,0.5972222685813904,0.5,1,-0.5,0.4004678353667259,0.9704782292246819,-1.0972222685813904,0,0,0,0,1.0,0.0,0.0,0.0,0.0,0.0,0.0
1762584293.8055253,0,leader,manual,0.141658216714859,0.04409312084317207,-0.6775040030479431,0,1,0,-0.141658216714859,0.9559068791568279,0.6775040030479431,0,0,0,0,1.0,0.0,0.0,0.0,0.0,0.0,0.0
1762584293.805708,1,follower,manual,0.9507243633270264,0.039467837661504745,0.9056625366210938,0.5,1,0.5,-0.45072436332702637,0.9605321623384953,-0.40566253662109375,0,0,0,0,1.0,0.0,0.0,0.0,0.0,0.0,0.0
1762584293.9061723,2,follower,manual,0.09953533858060837,0.02953055500984192,0.5972574353218079,0.5,1,-0.5,0.40046466141939163,0.9704694449901581,-1.0972574353218079,0,0,0,0,1.0,0.0,0.0,0.0,0.0,0.0,0.0
1762584294.072412,0,leader,manual,0.14165183901786804,0.044386643916368484,-0.6774622797966003,0,1,0,-0.14165183901786804,0.9556133560836315,0.6774622797966003,0,0,0,0,1.0,0.0,0.0,0.0,0.0,0.0,0.0
1762584294.0725965,1,follower,manual,0.95073401927948,0.03943658247590065,0.9056659936904907,0.5,1,0.5,-0.45073401927948,0.9605634175240993,-0.4056659936904907,0,0,0,0,1.0,0.0,0.0,0.0,0.0,0.0,0.0
1762584294.1731405,2,follower,manual,0.09953158348798752,0.02954684942960739,0.5972456336021423,0.5,1,-0.5,0.4004684165120125,0.9704531505703926,-1.0972456336021423,0,0,0,0,1.0,0.0,0.0,0.0,0.0,0.0,0.0
1762584294.3103995,0,leader,manual,0.1416677087545395,0.04431196674704552,-0.6775221824645996,0,1,0,-0.1416677087545395,0.9556880332529545,0.6775221824645996,0,0,0,0,1.0,0.0,0.0,0.0,0.0,0.0,0.0
1762584294.310621,1,follower,manual,0.9508751034736633,0.039198871701955795,0.9056165814399719,0.5,1,0.5,-0.45087510347366333,0.9608011282980442,-0.4056165814399719,0,0,0,0,1.0,0.0,0.0,0.0,0.0,0.0,0.0
1762584294.4109397,2,follower,manual,0.09952884167432785,0.029508549720048904,0.5972213745117188,0.5,1,-0.5,0.40047115832567215,0.9704914502799511,-1.0972213745117188,0,0,0,0,1.0,0.0,0.0,0.0,0.0,0.0,0.0
1762584294.5381448,0,leader,manual,0.14237353205680847,0.042773064225912094,-0.6782134771347046,0,1,0,-0.14237353205680847,0.9572269357740879,0.6782134771347046,0,0,0,0,1.0,0.0,0.0,0.0,0.0,0.0,0.0
1762584294.5381982,1,follower,manual,0.9507072567939758,0.039634767919778824,0.9054608941078186,0.5,1,0.5,-0.45070725679397583,0.9603652320802212,-0.4054608941078186,0,0,0,0,1.0,0.0,0.0,0.0,0.0,0.0,0.0
1762584294.638564,2,follower,manual,0.09950695186853409,0.029622821137309074,0.5970503091812134,0.5,1,-0.5,0.4004930481314659,0.9703771788626909,-1.0970503091812134,0,0,0,0,1.0,0.0,0.0,0.0,0.0,0.0,0.0
1762584294.8169663,0,leader,manual,0.14169500768184662,0.04444548860192299,-0.6774072051048279,0,1,0,-0.14169500768184662,0.955554511398077,0.6774072051048279,0,0,0,0,1.0,0.0,0.0,0.0,0.0,0.0,0.0
1762584294.817198,1,follower,manual,0.95070880651474,0.039638955146074295,0.9054524302482605,0.5,1,0.5,-0.45070880651474,0.9603610448539257,-0.4054524302482605,0,0,0,0,1.0,0.0,0.0,0.0,0.0,0.0,0.0
1762584294.9176114,2,follower,manual,0.09952835738658905,0.029700083658099174,0.5968945026397705,0.5,1,-0.5,0.40047164261341095,0.9702999163419008,-1.0968945026397705,0,0,0,0,1.0,0.0,0.0,0.0,0.0,0.0,0.0
1762584295.1018465,0,leader,manual,0.14235316216945648,0.04268298298120499,-0.6782389283180237,0,1,0,-0.14235316216945648,0.957317017018795,0.6782389283180237,0,0,0,0,1.0,0.0,0.0,0.0,0.0,0.0,0.0
1762584295.1020594,1,follower,manual,0.9507060050964355,0.03961888700723648,0.9054718613624573,0.5,1,0.5,-0.45070600509643555,0.9603811129927635,-0.4054718613624573,0,0,0,0,1.0,0.0,0.0,0.0,0.0,0.0,0.0
1762584295.2024288,2,follower,manual,0.09951978921890259,0.029672522097826004,0.5968911647796631,0.5,1,-0.5,0.4004802107810974,0.970327477902174,-1.096891164779663,0,0,0,0,1.0,0.0,0.0,0.0,0.0,0.0,0.0
