timestamp,drone_id,role,mode,x,y,z,target_x,target_y,target_z,error_x,error_y,error_z,rc_lr,rc_fb,rc_ud,rc_yaw,trust,obs_error_x,obs_error_y,obs_error_z,obs_state_x,obs_state_y,obs_state_z
1759299709.1648052,0,leader,manual,-0.21515075862407684,0.057375285774469376,0.0795782133936882,0,1,0,0.21515075862407684,0.9426247142255306,-0.0795782133936882,0,0,0,0,1.0,0.0,0.0,0.0,0.0,0.0,0.0
1759299709.1649668,1,follower,manual,-0.21514756977558136,0.061238303780555725,0.9803913235664368,0,1,1,0.21514756977558136,0.9387616962194443,0.019608676433563232,0,0,0,0,1.0,0.0,0.0,0.0,0.0,0.0,0.0
1759299709.3769798,0,leader,manual,-0.2151501625776291,0.057378627359867096,0.07956896722316742,0,1,0,0.2151501625776291,0.9426213726401329,-0.07956896722316742,0,0,0,0,1.0,0.0,0.0,0.0,0.0,0.0,0.0
1759299709.3770926,1,follower,manual,-0.21515381336212158,0.061232130974531174,0.9803899526596069,0,1,1,0.21515381336212158,0.9387678690254688,0.019610047340393066,0,0,0,0,1.0,0.0,0.0,0.0,0.0,0.0,0.0
1759299709.5959778,0,leader,manual,-0.21515588462352753,0.05737362802028656,0.07957928627729416,0,1,0,0.21515588462352753,0.9426263719797134,-0.07957928627729416,0,0,0,0,1.0,0.0,0.0,0.0,0.0,0.0,0.0
1759299709.5960803,1,follower,manual,-0.21515433490276337,0.06123759597539902,0.9803887009620667,0,1,1,0.21515433490276337,0.938762404024601,0.01961129903793335,0,0,0,0,1.0,0.0,0.0,0.0,0.0,0.0,0.0
1759299709.8367813,0,leader,manual,-0.21515262126922607,0.057368386536836624,0.07957558333873749,0,1,0,0.21515262126922607,0.9426316134631634,-0.07957558333873749,0,0,0,0,1.0,0.0,0.0,0.0,0.0,0.0,0.0
1759299709.8372676,1,follower,manual,-0.21514835953712463,0.061236072331666946,0.9803900718688965,0,1,1,0.21514835953712463,0.938763927668333,0.019609928131103516,0,0,0,0,1.0,0.0,0.0,0.0,0.0,0.0,0.0
1759299710.0400126,0,leader,manual,-0.21507708728313446,0.05737268924713135,0.07959552854299545,0,1,0,0.21507708728313446,0.9426273107528687,-0.07959552854299545,0,0,0,0,1.0,0.0,0.0,0.0,0.0,0.0,0.0
1759299710.040252,1,follower,manual,-0.2151847630739212,0.061188023537397385,0.9803675413131714,0,1,1,0.2151847630739212,0.9388119764626026,0.019632458686828613,0,0,0,0,1.0,0.0,0.0,0.0,0.0,0.0,0.0
1759299710.2552302,0,leader,manual,-0.2151504009962082,0.05737950652837753,0.07956129312515259,0,1,0,0.2151504009962082,0.9426204934716225,-0.07956129312515259,0,0,0,0,1.0,0.0,0.0,0.0,0.0,0.0,0.0
1759299710.2554,1,follower,manual,-0.21518807113170624,0.061180051416158676,0.9803650379180908,0,1,1,0.21518807113170624,0.9388199485838413,0.01963496208190918,0,0,0,0,1.0,0.0,0.0,0.0,0.0,0.0,0.0
1759299710.4654129,0,leader,manual,-0.2151256501674652,0.05739843472838402,0.07956551015377045,0,1,0,0.2151256501674652,0.942601565271616,-0.07956551015377045,0,0,0,0,1.0,0.0,0.0,0.0,0.0,0.0,0.0
1759299710.4655213,1,follower,manual,-0.2151932418346405,0.06118055060505867,0.9803605079650879,0,1,1,0.2151932418346405,0.9388194493949413,0.01963949203491211,0,0,0,0,1.0,0.0,0.0,0.0,0.0,0.0,0.0
1759299710.6699338,0,leader,manual,-0.21513213217258453,0.05738937482237816,0.07957083731889725,0,1,0,0.21513213217258453,0.9426106251776218,-0.07957083731889725,0,0,0,0,1.0,0.0,0.0,0.0,0.0,0.0,0.0
1759299710.6702535,1,follower,manual,-0.21518516540527344,0.061186306178569794,0.9803615808486938,0,1,1,0.21518516540527344,0.9388136938214302,0.019638419151306152,0,0,0,0,1.0,0.0,0.0,0.0,0.0,0.0,0.0
1759299711.0116875,0,leader,manual,-0.21507517993450165,0.057371869683265686,0.0795992836356163,0,1,0,0.21507517993450165,0.9426281303167343,-0.0795992836356163,0,0,0,0,1.0,0.0,0.0,0.0,0.0,0.0,0.0
1759299711.1133478,1,follower,manual,-0.21515293419361115,0.0612352155148983,0.9803889393806458,0,1,1,0.21515293419361115,0.9387647844851017,0.019611060619354248,0,0,0,0,1.0,0.0,0.0,0.0,0.0,0.0,0.0
1759299711.318012,0,leader,manual,-0.21515297889709473,0.057388246059417725,0.07955965399742126,0,1,0,0.21515297889709473,0.9426117539405823,-0.07955965399742126,0,0,0,0,1.0,0.0,0.0,0.0,0.0,0.0,0.0
1759299711.4183965,1,follower,manual,-0.21514609456062317,0.061243847012519836,0.9803872108459473,0,1,1,0.21514609456062317,0.9387561529874802,0.019612789154052734,0,0,0,0,1.0,0.0,0.0,0.0,0.0,0.0,0.0
1759299711.5488064,0,leader,manual,-0.21508850157260895,0.057363372296094894,0.07961121201515198,0,1,0,0.21508850157260895,0.9426366277039051,-0.07961121201515198,0,0,0,0,1.0,0.0,0.0,0.0,0.0,0.0,0.0
1759299711.6498394,1,follower,manual,-0.21514984965324402,0.061229459941387177,0.9803957939147949,0,1,1,0.21514984965324402,0.9387705400586128,0.019604206085205078,0,0,0,0,1.0,0.0,0.0,0.0,0.0,0.0,0.0
1759299711.7579026,0,leader,manual,-0.2151477038860321,0.057384368032217026,0.07957006990909576,0,1,0,0.2151477038860321,0.942615631967783,-0.07957006990909576,0,0,0,0,1.0,0.0,0.0,0.0,0.0,0.0,0.0
1759299711.8586397,1,follower,manual,-0.21519634127616882,0.061181120574474335,0.9803575873374939,0,1,1,0.21519634127616882,0.9388188794255257,0.019642412662506104,0,0,0,0,1.0,0.0,0.0,0.0,0.0,0.0,0.0
1759299711.97139,0,leader,manual,-0.21514837443828583,0.057378094643354416,0.07956748455762863,0,1,0,0.21514837443828583,0.9426219053566456,-0.07956748455762863,0,0,0,0,1.0,0.0,0.0,0.0,0.0,0.0,0.0
1759299712.0721123,1,follower,manual,-0.21514634788036346,0.061227548867464066,0.9803930521011353,0,1,1,0.21514634788036346,0.9387724511325359,0.019606947898864746,0,0,0,0,1.0,0.0,0.0,0.0,0.0,0.0,0.0
1759299712.201907,0,leader,manual,-0.2151489555835724,0.05737785995006561,0.07956283539533615,0,1,0,0.2151489555835724,0.9426221400499344,-0.07956283539533615,0,0,0,0,1.0,0.0,0.0,0.0,0.0,0.0,0.0
1759299712.3029966,1,follower,manual,-0.21515411138534546,0.061230018734931946,0.9803889393806458,0,1,1,0.21515411138534546,0.938769981265068,0.019611060619354248,0,0,0,0,1.0,0.0,0.0,0.0,0.0,0.0,0.0
1759299712.4738288,0,leader,manual,-0.21512915194034576,0.05738559737801552,0.0795685425400734,0,1,0,0.21512915194034576,0.9426144026219845,-0.0795685425400734,0,0,0,0,1.0,0.0,0.0,0.0,0.0,0.0,0.0
1759299712.5742896,1,follower,manual,-0.21515274047851562,0.06123167276382446,0.9803939461708069,0,1,1,0.21515274047851562,0.9387683272361755,0.019606053829193115,0,0,0,0,1.0,0.0,0.0,0.0,0.0,0.0,0.0
1759299712.6913342,0,leader,manual,-0.21514691412448883,0.05738343670964241,0.07955996692180634,0,1,0,0.21514691412448883,0.9426165632903576,-0.07955996692180634,0,0,0,0,1.0,0.0,0.0,0.0,0.0,0.0,0.0
1759299712.791805,1,follower,manual,-0.21519336104393005,0.06118626892566681,0.9803599119186401,0,1,1,0.21519336104393005,0.9388137310743332,0.019640088081359863,0,0,0,0,1.0,0.0,0.0,0.0,0.0,0.0,0.0
1759299719.9057205,0,leader,manual,-0.2151530385017395,0.057369135320186615,0.07957877963781357,0,1,0,0.2151530385017395,0.9426308646798134,-0.07957877963781357,0,0,0,0,1.0,0.0,0.0,0.0,0.0,0.0,0.0
1759299720.0062695,1,follower,manual,-0.21518251299858093,0.0611920990049839,0.9803597927093506,0,1,1,0.21518251299858093,0.9388079009950161,0.019640207290649414,0,0,0,0,1.0,0.0,0.0,0.0,0.0,0.0,0.0
1759299720.007353,0,follower,manual,-0.20749253034591675,0.8398956656455994,0.0705050379037857,0,1,0,0.20749253034591675,0.16010433435440063,-0.0705050379037857,0,0,0,0,,,,,,,
1759299720.1078768,1,follower,manual,-0.26478928327560425,0.7415075898170471,0.9815945029258728,0,1,1,0.26478928327560425,0.2584924101829529,0.018405497074127197,0,0,0,0,,,,,,,
1759299720.3870668,0,leader,manual,-0.20749253034591675,0.8398956656455994,0.0705050379037857,0,1,0,0.20749253034591675,0.16010433435440063,-0.0705050379037857,0,0,0,0,1.0,0.0,0.0,0.0,0.0,0.0,0.0
1759299720.487586,1,follower,manual,-0.26478928327560425,0.7415075898170471,0.9815945029258728,0,1,1,0.26478928327560425,0.2584924101829529,0.018405497074127197,0,0,0,0,1.0,0.0,0.0,0.0,0.0,0.0,0.0
1759299720.4881434,0,follower,manual,-0.20483554899692535,0.8503269553184509,0.06330112367868423,0,1,0,0.20483554899692535,0.14967304468154907,-0.06330112367868423,0,0,0,0,,,,,,,
1759299720.588517,1,follower,manual,-0.2820301353931427,0.7531113028526306,0.9822310209274292,0,1,1,0.2820301353931427,0.24688869714736938,0.0177689790725708,0,0,0,0,,,,,,,
1759299720.713595,0,leader,manual,-0.20483554899692535,0.8503269553184509,0.06330112367868423,0,1,0,0.20483554899692535,0.14967304468154907,-0.06330112367868423,0,0,0,0,1.0,0.0,0.0,0.0,0.0,0.0,0.0
1759299720.8141258,1,follower,manual,-0.2820301353931427,0.7531113028526306,0.9822310209274292,0,1,1,0.2820301353931427,0.24688869714736938,0.0177689790725708,0,0,0,0,1.0,0.0,0.0,0.0,0.0,0.0,0.0
1759299720.815086,0,follower,manual,-0.20638194680213928,0.8630462288856506,0.055485375225543976,0,1,0,0.20638194680213928,0.13695377111434937,-0.055485375225543976,0,0,0,0,,,,,,,
1759299720.9154186,1,follower,manual,-0.29315850138664246,0.7627136707305908,0.9775780439376831,0,1,1,0.29315850138664246,0.23728632926940918,0.022421956062316895,0,0,0,0,,,,,,,
1759299721.078825,0,leader,manual,-0.20638194680213928,0.8630462288856506,0.055485375225543976,0,1,0,0.20638194680213928,0.13695377111434937,-0.055485375225543976,0,0,0,0,1.0,0.0,0.0,0.0,0.0,0.0,0.0
1759299721.1791193,1,follower,manual,-0.29315850138664246,0.7627136707305908,0.9775780439376831,0,1,1,0.29315850138664246,0.23728632926940918,0.022421956062316895,0,0,0,0,1.0,0.0,0.0,0.0,0.0,0.0,0.0
1759299721.179504,0,follower,manual,-0.20850563049316406,0.8771873712539673,0.04927978292107582,0,1,0,0.20850563049316406,0.12281262874603271,-0.04927978292107582,0,0,0,0,,,,,,,
1759299721.279784,1,follower,manual,-0.3032987415790558,0.7759655117988586,0.9694942235946655,0,1,1,0.3032987415790558,0.22403448820114136,0.030505776405334473,0,0,0,0,,,,,,,
1759299721.480875,0,leader,manual,-0.20850563049316406,0.8771873712539673,0.04927978292107582,0,1,0,0.20850563049316406,0.12281262874603271,-0.04927978292107582,0,0,0,0,1.0,0.0,0.0,0.0,0.0,0.0,0.0
1759299721.5812438,1,follower,manual,-0.3032987415790558,0.7759655117988586,0.9694942235946655,0,1,1,0.3032987415790558,0.22403448820114136,0.030505776405334473,0,0,0,0,1.0,0.0,0.0,0.0,0.0,0.0,0.0
1759299721.5816772,0,follower,manual,-0.21191978454589844,0.8875473141670227,0.04460977390408516,0,1,0,0.21191978454589844,0.1124526858329773,-0.04460977390408516,0,0,0,0,,,,,,,
1759299721.682088,1,follower,manual,-0.31547218561172485,0.7939322590827942,0.9610071778297424,0,1,1,0.31547218561172485,0.2060677409172058,0.03899282217025757,0,0,0,0,,,,,,,
1759299721.7919965,0,leader,manual,-0.21191978454589844,0.8875473141670227,0.04460977390408516,0,1,0,0.21191978454589844,0.1124526858329773,-0.04460977390408516,0,0,0,0,1.0,0.0,0.0,0.0,0.0,0.0,0.0
1759299721.8925798,1,follower,manual,-0.31547218561172485,0.7939322590827942,0.9610071778297424,0,1,1,0.31547218561172485,0.2060677409172058,0.03899282217025757,0,0,0,0,1.0,0.0,0.0,0.0,0.0,0.0,0.0
1759299721.8942497,0,follower,auto,-0.21703775227069855,0.8885830640792847,0.044167473912239075,0,1,0,0.21703775227069855,0.11141693592071533,-0.044167473912239075,-2.631198398768902,20,10.870070666074753,0,,,,,,,
1759299721.9947808,1,follower,auto,-0.32166382670402527,0.8019635081291199,0.9567018747329712,0.0,1.0,1.0,0.32166382670402527,0.19803649187088013,0.04329812526702881,4.131198398768902,20,19.129929333925247,0,,,,,,,
1759299722.0985992,0,leader,auto,-0.21703775227069855,0.8885830640792847,0.044167473912239075,0,1,0,0.21703775227069855,0.11141693592071533,-0.044167473912239075,0,0,0,0,1.0,-0.21703775227069855,0.8885830640792847,0.044167473912239075,-0.10851887613534927,0.44429153203964233,0.022083736956119537
1759299722.1989753,1,follower,auto,-0.32166382670402527,0.8019635081291199,0.9567018747329712,0.0,1.0,1.0,0.32166382670402527,0.19803649187088013,0.04329812526702881,0,0,0,0,1.0,-0.32166382670402527,0.8019635081291199,0.9567018747329712,-0.16083191335201263,0.40098175406455994,0.4783509373664856
1759299722.2001028,0,follower,auto,-0.22033165395259857,0.8850646018981934,0.04656524583697319,0,1,0,0.22033165395259857,0.11493539810180664,-0.04656524583697319,-2.6471494209021333,20,10.890198230743408,0,,,,,,,
1759299722.3005714,1,follower,auto,-0.3263597786426544,0.8020117282867432,0.9551793932914734,0.0,1.0,1.0,0.3263597786426544,0.19798827171325684,0.04482060670852661,4.14347320087254,20,19.124376785755157,0,,,,,,,
1759299722.4073806,0,leader,auto,-0.22033165395259857,0.8850646018981934,0.04656524583697319,0,1,0,0.22033165395259857,0.11493539810180664,-0.04656524583697319,0,0,0,0,0.85,-0.10138683401048183,0.41584097559005023,0.0240351216327399,-0.16963823694735766,0.6771441141031682,0.034547685020603236
1759299722.5081084,1,follower,auto,-0.3263597786426544,0.8020117282867432,0.9551793932914734,0.0,1.0,1.0,0.3263597786426544,0.19798827171325684,0.04482060670852661,0,0,0,0,0.7165313105737893,-0.15248626962304115,0.3761984041854739,0.45187810945697127,-0.25011664383113386,0.6139125261940062,0.7292403385629878
1759299722.5098357,0,follower,auto,-0.2081916332244873,0.8879369497299194,0.050077810883522034,0,1,0,0.2081916332244873,0.11206305027008057,-0.050077810883522034,-3.6476593338698153,19.774391612410547,10.875354367494584,0,,,,,,,
1759299722.6105998,1,follower,auto,-0.3273720443248749,0.8099269270896912,0.9634875655174255,0.0,1.0,1.0,0.3273720443248749,0.19007307291030884,0.03651243448257446,3.096909371316433,20,19.083710441589357,0,,,,,,,
1759299722.7412086,0,leader,auto,-0.2081916332244873,0.8879369497299194,0.050077810883522034,0,1,0,0.2081916332244873,0.11206305027008057,-0.050077810883522034,0,0,0,0,1.0,-0.020592781620100142,0.17274216741081327,0.01514464792921208,-0.19789524241443723,0.8015658660245129,0.042505486918915994
1759299722.841597,1,follower,auto,-0.3273720443248749,0.8099269270896912,0.9634875655174255,0.0,1.0,1.0,0.3273720443248749,0.19007307291030884,0.03651243448257446,0,0,0,0,0.513417119032592,-0.05540164808556436,0.1569967765579,0.1969640594497789,-0.2996712202820927,0.7314285388107411,0.8650055357925361
1759299722.842216,0,follower,auto,-0.17475785315036774,0.8927677273750305,0.054341938346624374,0,1,0,0.17475785315036774,0.10723227262496948,-0.054341938346624374,-3.635031923227012,16.64019598096609,9.891773703098297,0,,,,,,,
1759299722.9425418,1,follower,auto,-0.3116450607776642,0.8356691598892212,0.9798150062561035,0.0,1.0,1.0,0.3116450607776642,0.1643308401107788,0.020184993743896484,2.0333223480135203,20,15.967539095759392,0,,,,,,,
1759299723.067797,0,leader,auto,-0.17475785315036774,0.8927677273750305,0.054341938346624374,0,1,0,0.17475785315036774,0.10723227262496948,-0.054341938346624374,0,0,0,0,1.0,0.04655642136470414,0.04611380035743573,0.011984272129238818,-0.19803606383271982,0.8697108271963127,0.048349802282004965
1759299723.168149,1,follower,auto,-0.3116450607776642,0.8356691598892212,0.9798150062561035,0.0,1.0,1.0,0.3116450607776642,0.1643308401107788,0.020184993743896484,0,0,0,0,0.6065306597126334,0.016264953114744296,0.05652714971635031,0.07182797412983488,-0.31977753733503633,0.807405585031046,0.9439010191911861
1759299723.1693215,0,follower,auto,-0.1316509246826172,0.8962599039077759,0.05678102746605873,0,1,0,0.1316509246826172,0.10374009609222412,-0.05678102746605873,-3.6151837405405938,12.546502473294735,9.931487182497978,0,,,,,,,
1759299723.2698095,1,follower,auto,-0.2823885679244995,0.8648784756660461,0.9914696216583252,0.0,1.0,1.0,0.2823885679244995,0.13512152433395386,0.008530378341674805,0.025477308985590936,20,12.888960389459132,0,,,,,,,
1759299723.3914623,0,leader,auto,-0.1316509246826172,0.8962599039077759,0.05678102746605873,0,1,0,0.1316509246826172,0.10374009609222412,-0.05678102746605873,0,0,0,0,1.0,0.0928003097118612,-0.022164772716329106,0.009188197063159986,-0.1780510795385478,0.9073422902659405,0.05218692893447874
1759299723.4919214,1,follower,auto,-0.2823885679244995,0.8648784756660461,0.9914696216583252,0.0,1.0,1.0,0.2823885679244995,0.13512152433395386,0.008530378341674805,0,0,0,0,0.7165313105737893,0.070221139192984,0.004354355756021722,0.002283076193157374,-0.3174991375209915,0.8627012977880353,0.9903280835617465
1759299723.4923446,0,follower,auto,-0.08798981457948685,0.9001989960670471,0.0574740432202816,0,1,0,0.08798981457948685,0.09980100393295288,-0.0574740432202816,-3.602306793722287,7.5125413536548615,8.959962615287305,0,,,,,,,
1759299723.592651,1,follower,auto,-0.24523292481899261,0.888824999332428,0.9946532845497131,0.0,1.0,1.0,0.24523292481899261,0.11117500066757202,0.005346715450286865,0.059112813944220535,20,10.869052069832087,0,,,,,,,
1759299723.7210634,0,leader,auto,-0.08798981457948685,0.9001989960670471,0.0574740432202816,0,1,0,0.08798981457948685,0.09980100393295288,-0.0574740432202816,0,0,0,0,1.0,0.11729305339634666,-0.05778589610440199,0.006718177173465234,-0.14663634127766018,0.9290919441192481,0.054114954633548984
1759299723.8214993,1,follower,auto,-0.24523292481899261,0.888824999332428,0.9946532845497131,0.0,1.0,1.0,0.24523292481899261,0.11117500066757202,0.005346715450286865,0,0,0,0,0.8464817248906141,0.10834285400462146,-0.030325932325851013,-0.04102377151809056,-0.2994043518213033,0.9039879654953535,1.0151651703087583
1759299723.8219402,0,follower,auto,-0.04698557406663895,0.9028919339179993,0.05946015194058418,0,1,0,0.04698557406663895,0.09710806608200073,-0.05946015194058418,-3.596208429326944,3.5166136514252426,8.993009361301661,0,,,,,,,
1759299723.923804,1,follower,auto,-0.2041124701499939,0.9103670120239258,1.0024974346160889,0.0,1.0,1.0,0.2041124701499939,0.08963298797607422,-0.002497434616088867,0.04196314848947525,20,7.8539082519558665,0,,,,,,,
1759299724.0886774,0,leader,auto,-0.04698557406663895,0.9028919339179993,0.05946015194058418,0,1,0,0.04698557406663895,0.09710806608200073,-0.05946015194058418,0,0,0,0,1.0,0.12582836465181202,-0.07763795535796925,0.007508882463791507,-0.10989975639254496,0.941710911596984,0.05570571070868843
1759299724.1890204,1,follower,auto,-0.2041124701499939,0.9103670120239258,1.0024974346160889,0.0,1.0,1.0,0.2041124701499939,0.08963298797607422,-0.002497434616088867,0,0,0,0,1.0,0.13365995162381644,-0.05202970205098323,-0.057005892114260215,-0.2709424459619021,0.9363818630494174,1.0310003806732189
1759299724.1895661,0,follower,auto,-0.01141302939504385,0.9036421775817871,0.06184929236769676,0,1,0,0.01141302939504385,0.09635782241821289,-0.06184929236769676,-4.59931941602091,0.5576580323422253,9.01288670977199,0,,,,,,,
1759299724.2899315,1,follower,auto,-0.15716534852981567,0.9179746508598328,1.0044788122177124,0.0,1.0,1.0,0.15716534852981567,0.08202534914016724,-0.004478812217712402,0.06468965604897738,14.951765952899963,7.906085467706549,0,,,,,,,
1759299724.3964398,0,leader,auto,-0.01141302939504385,0.9036421775817871,0.06184929236769676,0,1,0,0.01141302939504385,0.09635782241821289,-0.06184929236769676,0,0,0,0,1.0,0.12239776873485289,-0.08981398262829343,0.009018596861501589,-0.0726119137624703,0.9485491688959338,0.05733999393694597
1759299724.496708,1,follower,auto,-0.15716534852981567,0.9179746508598328,1.0044788122177124,0.0,1.0,1.0,0.15716534852981567,0.08202534914016724,-0.004478812217712402,0,0,0,0,0.85,0.15380366859399802,-0.07747869528085449,-0.06944506836136322,-0.23406718282681468,0.95671399850026,1.039201346398394
1759299724.4970846,0,follower,auto,0.008784312754869461,0.9046211242675781,0.062012817710638046,0,1,0,-0.008784312754869461,0.09537887573242188,-0.062012817710638046,-4.585126323881626,-0.34095127424726485,9.015383427382243,0,,,,,,,
1759299724.5974202,1,follower,auto,-0.11722128093242645,0.919340193271637,1.0083725452423096,0.0,1.0,1.0,0.11722128093242645,0.08065980672836304,-0.00837254524230957,0.057696910746384854,10.941184548881251,7.95046137165142,0,,,,,,,
1759299724.7020857,0,leader,auto,0.008784312754869461,0.9046211242675781,0.062012817710638046,0,1,0,-0.008784312754869461,0.09537887573242188,-0.062012817710638046,0,0,0,0,1.0,0.10238673854440578,-0.09568116535318794,0.008472203908653018,-0.04240905651733343,0.9524617069441721,0.057776715756311534
1759299724.80251,1,follower,auto,-0.11722128093242645,0.919340193271637,1.0083725452423096,0.0,1.0,1.0,0.11722128093242645,0.08065980672836304,-0.00837254524230957,0,0,0,0,1.0,0.15676532282967487,-0.09648484230479815,-0.07203234676691928,-0.1956039423472639,0.967582614424036,1.0443887186257692
1759299724.8037124,0,follower,auto,0.023789681494235992,0.9095504879951477,0.05813676491379738,0,1,0,-0.023789681494235992,0.0904495120048523,-0.05813676491379738,-3.5596406184905414,-2.262024360831468,8.990733496856908,0,,,,,,,
1759299724.904394,1,follower,auto,-0.07848961651325226,0.91851407289505,1.0084565877914429,0.0,1.0,1.0,0.07848961651325226,0.08148592710494995,-0.008456587791442871,0.06733823759033954,6.916398803955793,7.981786320779064,0,,,,,,,
1759299725.008408,0,leader,auto,0.023789681494235992,0.9095504879951477,0.05813676491379738,0,1,0,-0.023789681494235992,0.0904495120048523,-0.05813676491379738,0,0,0,0,1.0,0.08454434375646348,-0.09452615639687245,0.005093905775700874,-0.01848249038399575,0.9568135661935839,0.05558981202594694
1759299725.1091022,1,follower,auto,-0.07848961651325226,0.91851407289505,1.0084565877914429,0.0,1.0,1.0,0.07848961651325226,0.08148592710494995,-0.008456587791442871,0,0,0,0,1.0,0.15584990983577673,-0.10775507289045394,-0.0753492920036749,-0.15641457143114063,0.972391609340277,1.0461312337932802
1759299725.109796,0,follower,auto,0.035340070724487305,0.9200296401977539,0.049575719982385635,0,1,0,-0.035340070724487305,0.0799703598022461,-0.049575719982385635,-2.525727512077202,-3.2096927144932414,6.938805649433202,0,,,,,,,
1759299725.2102418,1,follower,auto,-0.05039289966225624,0.9131174087524414,1.0054771900177002,0.0,1.0,1.0,0.05039289966225624,0.0868825912475586,-0.005477190017700195,0.07650665716878972,4.939487201889301,8.0316038460056,0,,,,,,,
1759299725.3136094,0,leader,auto,0.035340070724487305,0.9200296401977539,0.049575719982385635,0,1,0,-0.035340070724487305,0.0799703598022461,-0.049575719982385635,0,0,0,0,1.0,0.06948905216925766,-0.08828339290797049,-0.0005176729151161671,0.0005955446398584752,0.9641713366517392,0.04983455643994372
1759299725.4138873,1,follower,auto,-0.05039289966225624,0.9131174087524414,1.0054771900177002,0.0,1.0,1.0,0.05039289966225624,0.0868825912475586,-0.005477190017700195,0,0,0,0,1.0,0.142590107725744,-0.11726230170723717,-0.07820430720423421,-0.12168795352512823,0.97174855960606,1.0445793436198172
1759299725.4142668,0,follower,auto,0.043255019932985306,0.927175760269165,0.042803339660167694,0,1,0,-0.043255019932985306,0.07282423973083496,-0.042803339660167694,-2.5236810612710445,-4.173614140154649,6.932090547607442,0,,,,,,,
1759299725.5145698,1,follower,auto,-0.034107230603694916,0.9120771288871765,0.9999692440032959,0.0,1.0,1.0,0.034107230603694916,0.08792287111282349,3.075599670410156e-05,0.09049217541233422,2.9909098896518183,8.033387772158385,0,,,,,,,
1759299725.619996,0,leader,auto,0.043255019932985306,0.927175760269165,0.042803339660167694,0,1,0,-0.043255019932985306,0.07282423973083496,-0.042803339660167694,0,0,0,0,1.0,0.05578631687104669,-0.08802265988437363,-0.0008904239504336844,0.015361861497461961,0.9711870902113519,0.04324855163538453
1759299725.7205105,1,follower,auto,-0.034107230603694916,0.9120771288871765,0.9999692440032959,0.0,1.0,1.0,0.034107230603694916,0.08792287111282349,3.075599670410156e-05,0,0,0,0,1.0,0.12181927798562164,-0.11673587525710549,-0.08022438202936177,-0.09501686959650574,0.9704450665157293,1.0400814350179768
1759299725.7215898,0,follower,auto,0.04877416044473648,0.928272545337677,0.040148645639419556,0,1,0,-0.04877416044473648,0.071727454662323,-0.040148645639419556,-2.5474654832640926,-4.16273613800905,6.963363241233259,0,,,,,,,
1759299725.8220572,1,follower,auto,-0.03274885192513466,0.9159713387489319,0.9929578304290771,0.0,1.0,1.0,0.03274885192513466,0.08402866125106812,0.0070421695709228516,0.10810646940534031,3.079039282258893,8.005318075989365,0,,,,,,,
1759299725.958897,0,leader,auto,0.04877416044473648,0.928272545337677,0.040148645639419556,0,1,0,-0.04877416044473648,0.071727454662323,-0.040148645639419556,0,0,0,0,1.0,0.044101079068379546,-0.09347408451526684,0.0036940676974559702,0.026723620910546704,0.9750095875953104,0.03830161179069157
1759299726.0594025,1,follower,auto,-0.03274885192513466,0.9159713387489319,0.9929578304290771,0.0,1.0,1.0,0.03274885192513466,0.08402866125106812,0.0070421695709228516,0,0,0,0,1.0,0.09420881825833183,-0.11062812236663122,-0.08075490049485934,-0.07985326105430057,0.9712853999322475,1.0333352806765068
1759299726.0603826,0,follower,auto,0.05160633102059364,0.9284403324127197,0.04180687293410301,0,1,0,-0.05160633102059364,0.07155966758728027,-0.04180687293410301,-2.5943316589790477,-5.163741807171112,6.975668916427442,0,,,,,,,
1759299726.160693,1,follower,auto,-0.04153447225689888,0.9163264036178589,0.9788979887962341,0.0,1.0,1.0,0.04153447225689888,0.08367359638214111,0.02110201120376587,2.164610735041692,4.163637239420875,8.012739500574673,0,,,,,,,
1759299726.2699358,0,leader,auto,0.05160633102059364,0.9284403324127197,0.04180687293410301,0,1,0,-0.05160633102059364,0.07155966758728027,-0.04180687293410301,0,0,0,0,1.0,0.03342827921994022,-0.09653278352160943,0.010843749515212019,0.03489219141062354,0.9767067241735244,0.036384998176497
1759299726.3702676,1,follower,auto,-0.04153447225689888,0.9163264036178589,0.9788979887962341,0.0,1.0,1.0,0.04153447225689888,0.08367359638214111,0.02110201120376587,0,0,0,0,1.0,0.06867412874846887,-0.110349017374054,-0.08607674189121206,-0.07587153663113332,0.9715009123048859,1.02193635974184
1759299726.3707974,0,follower,auto,0.05315135046839714,0.928284764289856,0.04669761285185814,0,1,0,-0.05315135046839714,0.07171523571014404,-0.04669761285185814,-2.643057949535486,-5.182931882524016,6.982677742637202,0,,,,,,,
1759299726.4711766,1,follower,auto,-0.0596710629761219,0.9175330400466919,0.9650133848190308,0.0,1.0,1.0,0.0596710629761219,0.0824669599533081,0.03498661518096924,3.2019159014039618,5.252585111538906,8.009430295578362,0,,,,,,,
1759299726.6436875,0,leader,auto,0.05315135046839714,0.928284764289856,0.04669761285185814,0,1,0,-0.05315135046839714,0.07171523571014404,-0.04669761285185814,0,0,0,0,1.0,0.024678085735375596,-0.0977160858637538,0.018028592224026176,0.04081230760070934,0.9771428072217329,0.037683316739845055
1759299726.7439454,1,follower,auto,-0.0596710629761219,0.9175330400466919,0.9650133848190308,0.0,1.0,1.0,0.0596710629761219,0.0824669599533081,0.03498661518096924,0,0,0,0,1.0,0.04587986969722209,-0.10860235275865171,-0.08695165907022884,-0.08261099782473294,0.9718342164260177,1.008489214354145
1759299726.7443054,0,follower,auto,0.05303534120321274,0.9265643954277039,0.05190897732973099,0,1,0,-0.05303534120321274,0.07343560457229614,-0.05190897732973099,-3.6686255537919514,-5.228443960065699,7.020433492898048,0,,,,,,,
1759299726.844626,1,follower,auto,-0.09684580564498901,0.9356086254119873,0.9581900835037231,0.0,1.0,1.0,0.09684580564498901,0.0643913745880127,0.041809916496276855,4.19305307406972,9.405961086893182,5.908507009253419,0,,,,,,,
1759299727.010821,0,leader,auto,0.05303534120321274,0.9265643954277039,0.05190897732973099,0,1,0,-0.05303534120321274,0.07343560457229614,-0.05190897732973099,0,0,0,0,1.0,0.01672927516608999,-0.09917530506317984,0.022151687820334186,0.04467070362016774,0.9761520479592938,0.04083313341956389
1759299727.1115556,1,follower,auto,-0.09684580564498901,0.9356086254119873,0.9581900835037231,0.0,1.0,1.0,0.09684580564498901,0.0643913745880127,0.041809916496276855,0,0,0,0,1.0,0.015610737757408774,-0.09014737026941644,-0.07895450249643687,-0.10465117452369341,0.9806823105466955,0.9976673347519416
1759299727.1134088,0,follower,auto,0.04951554536819458,0.9246312975883484,0.05531775578856468,0,1,0,-0.04951554536819458,0.07536870241165161,-0.05531775578856468,-3.6810433187619545,-4.261964744617062,7.059477531146736,0,,,,,,,
1759299727.2141333,1,follower,auto,-0.13425859808921814,0.9574968814849854,0.9497762322425842,0.0,1.0,1.0,0.13425859808921814,0.04250311851501465,0.05022376775741577,5.209392880614967,13.487136753438145,3.835392954917406,0,,,,,,,
1759299727.3158917,0,leader,auto,0.04951554536819458,0.9246312975883484,0.05531775578856468,0,1,0,-0.04951554536819458,0.07536870241165161,-0.05531775578856468,0,0,0,0,1.0,0.00762574044244476,-0.09939336938674126,0.022774013792388678,0.045702675146972196,0.974327982281719,0.04393074889237034
1759299727.4165432,1,follower,auto,-0.13425859808921814,0.9574968814849854,0.9497762322425842,0.0,1.0,1.0,0.13425859808921814,0.04250311851501465,0.05022376775741577,0,0,0,0,1.0,0.002199343839928203,-0.0763306508126742,-0.07562087486147862,-0.13535827000918224,0.9956622068913225,0.9875866696733235
1759299727.4173825,0,follower,auto,0.0465133935213089,0.923014223575592,0.05661570653319359,0,1,0,-0.0465133935213089,0.07698577642440796,-0.05661570653319359,-3.6824064340378553,-4.295590436842893,7.082051328787723,0,,,,,,,
1759299727.5178819,1,follower,auto,-0.16169221699237823,0.9711514711380005,0.9431918859481812,0.0,1.0,1.0,0.16169221699237823,0.02884852886199951,0.05680811405181885,5.2131141639028105,16.49097227663941,1.8358522513424322,0,,,,,,,
1759299727.629857,0,leader,auto,0.0465133935213089,0.923014223575592,0.05661570653319359,0,1,0,-0.0465133935213089,0.07698577642440796,-0.05661570653319359,0,0,0,0,1.0,0.0023354823715392437,-0.09846641287004099,0.021325259549091903,0.04534565233553928,0.9722474300106125,0.04595307675864764
1759299727.7301464,1,follower,auto,-0.16169221699237823,0.9711514711380005,0.9431918859481812,0.0,1.0,1.0,0.16169221699237823,0.02884852886199951,0.05680811405181885,0,0,0,0,1.0,0.008789621014618276,-0.07670653947269845,-0.07153638242588056,-0.16608702749968737,1.0095047408743496,0.9789600771611214
1759299727.7305713,0,follower,auto,0.04442024976015091,0.9214003086090088,0.05696972459554672,0,1,0,-0.04442024976015091,0.07859969139099121,-0.05696972459554672,-3.684608082247845,-4.336699302162783,7.077674937835193,0,,,,,,,
1759299727.8309011,1,follower,auto,-0.18925034999847412,0.9666955471038818,0.9373430609703064,0.0,1.0,1.0,0.18925034999847412,0.033304452896118164,0.0626569390296936,6.216898590252522,18.519849216524204,2.9231894600068022,0,,,,,,,
1759299727.9507668,0,leader,auto,0.04442024976015091,0.9214003086090088,0.05696972459554672,0,1,0,-0.04442024976015091,0.07859969139099121,-0.05696972459554672,0,0,0,0,1.0,-0.0005329232466850312,-0.09730862807596363,0.02004441986494991,0.04468671138349342,0.9700546226469906,0.04694751466307177
1759299728.051273,1,follower,auto,-0.18925034999847412,0.9666955471038818,0.9373430609703064,0.0,1.0,1.0,0.18925034999847412,0.033304452896118164,0.0626569390296936,0,0,0,0,1.0,0.01586324804282191,-0.09354629706586248,-0.06827348387188192,-0.19718197401988508,1.013468695636813,0.9714798029062474
1759299728.0516617,0,follower,auto,0.0443384163081646,0.9209250807762146,0.05518941208720207,0,1,0,-0.0443384163081646,0.0790749192237854,-0.05518941208720207,-3.6703211293438294,-4.372245926459448,7.067614630636828,0,,,,,,,
1759299728.152064,1,follower,auto,-0.20681598782539368,0.9627244472503662,0.9376907348632812,0.0,1.0,1.0,0.20681598782539368,0.03727555274963379,0.06230926513671875,6.186025363929785,20,2.9513192649982716,0,,,,,,,
1759299728.2557452,0,leader,auto,0.0443384163081646,0.9209250807762146,0.05518941208720207,0,1,0,-0.0443384163081646,0.0790749192237854,-0.05518941208720207,0,0,0,0,1.0,-0.0010266674909990628,-0.09492775157769562,0.017689710976119342,0.044851750053664124,0.9683889565650624,0.0463445565991424
1759299728.3562934,1,follower,auto,-0.20681598782539368,0.9627244472503662,0.9376907348632812,0.0,1.0,1.0,0.20681598782539368,0.03727555274963379,0.06230926513671875,0,0,0,0,1.0,0.03362593783916054,-0.09987349162019665,-0.06029292327479896,-0.22362895674497396,1.0126611930604645,0.9678371965006807
1759299728.356916,0,follower,auto,0.04539542272686958,0.9198008179664612,0.053179189562797546,0,1,0,-0.04539542272686958,0.08019918203353882,-0.053179189562797546,-3.655279409351028,-4.387446725569611,8.068140049510376,0,,,,,,,
1759299728.4572618,1,follower,auto,-0.2108399122953415,0.961096465587616,0.9428455829620361,0.0,1.0,1.0,0.2108399122953415,0.03890353441238403,0.05715441703796387,5.146783252314543,20,2.9490995459646685,0,,,,,,,
1759299728.5628016,0,leader,auto,0.04539542272686958,0.9198008179664612,0.053179189562797546,0,1,0,-0.04539542272686958,0.08019918203353882,-0.053179189562797546,0,0,0,0,1.0,-0.001202094536804664,-0.09378005817373758,0.016757784023577166,0.04599646999527192,0.96669084705333,0.044800297551008963
1759299728.6632028,1,follower,auto,-0.2108399122953415,0.961096465587616,0.9428455829620361,0.0,1.0,1.0,0.2108399122953415,0.03890353441238403,0.05715441703796387,0,0,0,0,1.0,0.06020834764832261,-0.09893496323234308,-0.051534652029589956,-0.2409440861195028,1.0105639472037875,0.9686129089768312
1759299728.6641834,0,follower,auto,0.046133868396282196,0.9187561869621277,0.050776418298482895,0,1,0,-0.046133868396282196,0.08124381303787231,-0.050776418298482895,-3.6408374198413123,-4.380324011617137,8.063838636795634,0,,,,,,,
1759299728.7646635,1,follower,auto,-0.2047290802001953,0.9571509957313538,0.9481128454208374,0.0,1.0,1.0,0.2047290802001953,0.04284900426864624,0.0518871545791626,5.126257709713523,20,3.9622916654613825,0,,,,,,,
1759299728.86685,0,leader,auto,0.046133868396282196,0.9187561869621277,0.050776418298482895,0,1,0,-0.046133868396282196,0.08124381303787231,-0.050776418298482895,0,0,0,0,1.0,-0.0026751781269721275,-0.09279911322437284,0.01639414705914427,0.04747145745976826,0.9651557435743141,0.04257934476891076
1759299728.967592,1,follower,auto,-0.2047290802001953,0.9571509957313538,0.9481128454208374,0.0,1.0,1.0,0.2047290802001953,0.04284900426864624,0.0518871545791626,0,0,0,0,1.0,0.08712910042678956,-0.09904708803761064,-0.04704143155927798,-0.2482936304135901,1.006674539750159,0.9716335612004764
1759299728.9683774,0,follower,auto,0.0468401275575161,0.9196658730506897,0.0479765385389328,0,1,0,-0.0468401275575161,0.0803341269493103,-0.0479765385389328,-2.6236908113773536,-4.362750116161475,8.044144861674296,0,,,,,,,
1759299729.0687234,1,follower,auto,-0.19220983982086182,0.9503936171531677,0.9550447463989258,0.0,1.0,1.0,0.19220983982086182,0.049606382846832275,0.04495525360107422,4.101962409221156,19.303179160680475,3.988254537459231,0,,,,,,,
1759299729.1894019,0,leader,auto,0.0468401275575161,0.9196658730506897,0.0479765385389328,0,1,0,-0.0468401275575161,0.0803341269493103,-0.0479765385389328,0,0,0,0,1.0,-0.00447210797996455,-0.09005030548538451,0.016315575760174103,0.049076181547498376,0.964691025793382,0.03981875065884575
1759299729.2896912,1,follower,auto,-0.19220983982086182,0.9503936171531677,0.9550447463989258,0.0,1.0,1.0,0.19220983982086182,0.049606382846832275,0.04495525360107422,0,0,0,0,1.0,0.1098196575895406,-0.10042945487759347,-0.04323571144328131,-0.24711966861563212,1.0006083445919645,0.9766626021205664
1759299729.2901077,0,follower,auto,0.04908139631152153,0.9220172762870789,0.04369678348302841,0,1,0,-0.04908139631152153,0.07798272371292114,-0.04369678348302841,-2.5912855141107998,-4.346708105518511,7.042449513905044,0,,,,,,,
1759299729.3905578,1,follower,auto,-0.17494675517082214,0.9572902321815491,0.9677150845527649,0.0,1.0,1.0,0.17494675517082214,0.04270976781845093,0.03228491544723511,3.0495265444526147,17.246918534577222,3.9284286291229775,0,,,,,,,
1759299729.4978127,0,leader,auto,0.04908139631152153,0.9220172762870789,0.04369678348302841,0,1,0,-0.04908139631152153,0.07798272371292114,-0.04369678348302841,0,0,0,0,1.0,-0.004814448143230489,-0.08699396304634721,0.015044448123174708,0.05148862038313677,0.9655142578102525,0.03617455942144106
1759299729.5983455,1,follower,auto,-0.17494675517082214,0.9572902321815491,0.9677150845527649,0.0,1.0,1.0,0.17494675517082214,0.04270976781845093,0.03228491544723511,0,0,0,0,1.0,0.12798908379205393,-0.08595297195344243,-0.03553901202575549,-0.2389412970668491,1.0002667181582703,0.9854845905656426
1759299729.5998127,0,follower,auto,0.05215086042881012,0.9233729243278503,0.03905768319964409,0,1,0,-0.05215086042881012,0.07662707567214966,-0.03905768319964409,-1.5651697046382653,-5.322804013532129,7.06223343009734,0,,,,,,,
1759299729.7010565,1,follower,auto,-0.1523241400718689,0.9707496762275696,0.9780843257904053,0.0,1.0,1.0,0.1523241400718689,0.02925032377243042,0.021915674209594727,2.0285754217329344,15.184960409541526,1.86680662604654,0,,,,,,,
1759299729.803584,0,leader,auto,0.05215086042881012,0.9233729243278503,0.03905768319964409,0,1,0,-0.05215086042881012,0.07662707567214966,-0.03905768319964409,0,0,0,0,1.0,-0.00512373868437916,-0.08604731032476387,0.014321249252643407,0.054712729770999696,0.9663965794902323,0.03189705857332238
1759299729.9039822,1,follower,auto,-0.1523241400718689,0.9707496762275696,0.9780843257904053,0.0,1.0,1.0,0.1523241400718689,0.02925032377243042,0.021915674209594727,0,0,0,0,1.0,0.1435453298810671,-0.07098518433217249,-0.03386566556866066,-0.22409680501240245,1.0062422683936558,0.9950171585747356
1759299729.9051416,0,follower,auto,0.05606494098901749,0.9246954917907715,0.03444696590304375,0,1,0,-0.05606494098901749,0.07530450820922852,-0.03444696590304375,-1.5401211506299206,-5.297043645275154,7.082857061013532,0,,,,,,,
1759299730.0057511,1,follower,auto,-0.12778642773628235,0.9854030609130859,0.9895314574241638,0.0,1.0,1.0,0.12778642773628235,0.014596939086914062,0.010468542575836182,1.0004299255422568,12.136193033915639,0.8287559568061952,0,,,,,,,
1759299730.1101086,0,leader,auto,0.05606494098901749,0.9246954917907715,0.03444696590304375,0,1,0,-0.05606494098901749,0.07530450820922852,-0.03444696590304375,0,0,0,0,1.0,-0.005636375048308273,-0.08522144014122768,0.014021293999005223,0.05888312851317162,0.9673062118613853,0.027436318903541135
1759299730.2107928,1,follower,auto,-0.12778642773628235,0.9854030609130859,0.9895314574241638,0.0,1.0,1.0,0.12778642773628235,0.014596939086914062,0.010468542575836182,0,0,0,0,1.0,0.1534461570175657,-0.06099942193024899,-0.03161160416021169,-0.2045095062450652,1.0159027718782103,1.0053372595042696
1759299730.2122624,0,follower,auto,0.06205764412879944,0.9273322224617004,0.026838336139917374,0,1,0,-0.06205764412879944,0.07266777753829956,-0.026838336139917374,-0.5010433880961545,-6.283272735816991,7.088888975556181,0,,,,,,,
1759299730.3128698,1,follower,auto,-0.10575795918703079,0.9956152439117432,0.9993881583213806,0.0,1.0,1.0,0.10575795918703079,0.004384756088256836,0.0006118416786193848,-0.02030587819332432,10.117328631315196,-0.16937050762252437,0,,,,,,,
1759299730.5190113,0,leader,auto,0.06205764412879944,0.9273322224617004,0.026838336139917374,0,1,0,-0.06205764412879944,0.07266777753829956,-0.026838336139917374,0,0,0,0,1.0,-0.004997422185809328,-0.08313452010317457,0.010907901843342449,0.06455635522170411,0.9688994825132877,0.02138438521824615
1759299730.619401,1,follower,auto,-0.10575795918703079,0.9956152439117432,0.9993881583213806,0.0,1.0,1.0,0.10575795918703079,0.004384756088256836,0.0006118416786193848,0,0,0,0,1.0,0.15508522113251977,-0.059129945857091526,-0.031534821569909166,-0.18330056975329068,1.025180216840289,1.0151555691063352
1759299730.6202478,0,follower,auto,0.07072418928146362,0.9304741621017456,0.017032602801918983,0,1,0,-0.07072418928146362,0.0695258378982544,-0.017032602801918983,0.5360344696498929,-7.286515915034043,6.0854382641838445,0,,,,,,,
1759299730.7207222,1,follower,auto,-0.08971022814512253,0.9989375472068787,1.0055731534957886,0.0,1.0,1.0,0.08971022814512253,0.0010624527931213379,-0.005573153495788574,-0.027232149249656654,8.132932723666299,-0.13673254413150676,0,,,,,,,
1759299730.8250494,0,leader,auto,0.07072418928146362,0.9304741621017456,0.017032602801918983,0,1,0,-0.07072418928146362,0.0695258378982544,-0.017032602801918983,0,0,0,0,1.0,-0.0034499863709866463,-0.0812797103563414,0.007006665491579522,0.07244918246695695,0.9711140172799163,0.013529270056129222
1759299730.9256563,1,follower,auto,-0.08971022814512253,0.9989375472068787,1.0055731534957886,0.0,1.0,1.0,0.08971022814512253,0.0010624527931213379,-0.005573153495788574,0,0,0,0,1.0,0.14857621731216933,-0.06356449625070182,-0.03437468898877083,-0.16399833680120718,1.0307197953322296,1.0227604979901739
1759299730.9278295,0,follower,auto,0.07466701418161392,0.9351829886436462,0.011111102066934109,0,1,0,-0.07466701418161392,0.06481701135635376,-0.011111102066934109,0.5354440675588554,-7.269319810684868,6.066505188576175,0,,,,,,,
1759299731.0285542,1,follower,auto,-0.08466675877571106,0.996155858039856,1.007515549659729,0.0,1.0,1.0,0.08466675877571106,0.003844141960144043,-0.007515549659729004,-0.01609113224039783,8.185502417342386,-0.08998744953496136,0,,,,,,,
1759299731.1299589,0,leader,auto,0.07466701418161392,0.9351829886436462,0.011111102066934109,0,1,0,-0.07466701418161392,0.06481701135635376,-0.011111102066934109,0,0,0,0,1.0,-0.009135368035573022,-0.07827478538820687,0.008631104664009612,0.07923469819940043,0.9743203813377497,0.006795549734929303
1759299731.230253,1,follower,auto,-0.08466675877571106,0.996155858039856,1.007515549659729,0.0,1.0,1.0,0.08466675877571106,0.003844141960144043,-0.007515549659729004,0,0,0,0,1.0,0.13263628147760964,-0.07026246836736472,-0.03917104644663727,-0.15098489951451588,1.0312870922235384,1.0271010728830476
1759299731.230672,0,follower,auto,0.07517100125551224,0.937949001789093,0.0058694337494671345,0,1,0,-0.07517100125551224,0.06205099821090698,-0.0058694337494671345,1.537007375643763,-7.252144821574196,6.059180982360778,0,,,,,,,
1759299731.3309672,1,follower,auto,-0.08545055240392685,0.9901386499404907,1.0076968669891357,0.0,1.0,1.0,0.08545055240392685,0.009861350059509277,-0.007696866989135742,-0.009948020898372859,8.228174791099585,-0.0525706418419566,0,,,,,,,
1759299731.440937,0,leader,auto,0.07517100125551224,0.937949001789093,0.0058694337494671345,0,1,0,-0.07517100125551224,0.06205099821090698,-0.0058694337494671345,0,0,0,0,1.0,-0.017005842445900088,-0.07827489296303236,0.009773518034252603,0.08367392247846228,0.9770864482706092,0.0009826747323408332
1759299731.5414395,1,follower,auto,-0.08545055240392685,0.9901386499404907,1.0076968669891357,0.0,1.0,1.0,0.08545055240392685,0.009861350059509277,-0.007696866989135742,0,0,0,0,1.0,0.11756951913009789,-0.07506791478647079,-0.042347005065878296,-0.1442353119689758,1.0276726073337261,1.028870369522075
1759299731.5423267,0,follower,auto,0.07254984974861145,0.9412391185760498,-0.0006564843934029341,0.05,1.0,0.0,-0.022549849748611447,0.058760881423950195,0.0006564843934029341,1.5458930631238559,-2.2397614905506087,5.038671206667882,0,,,,,,,
1759299731.6429079,1,follower,auto,-0.09238786995410919,0.9800529479980469,1.0048130750656128,0.05,1.0,1.0,0.14238786995410918,0.019947052001953125,-0.004813075065612793,0.0017455255786118103,14.272716051447974,0.9918533531408106,0,,,,,,,
1759299731.7778416,0,leader,auto,0.07254984974861145,0.9412391185760498,-0.0006564843934029341,0.05,1.0,0.0,-0.022549849748611447,0.058760881423950195,0.0006564843934029341,0,0,0,0,1.0,-0.025454108376108772,-0.07730876603044945,0.00843188509920375,0.08527690393666584,0.9798935015912745,-0.004872426943004809
1759299731.8782911,1,follower,auto,-0.09238786995410919,0.9800529479980469,1.0048130750656128,0.05,1.0,1.0,0.14238786995410918,0.019947052001953125,-0.004813075065612793,0,0,0,0,1.0,0.10300041975389793,-0.07964929130898013,-0.045938931496557034,-0.14388807983105817,1.019877593652537,1.0277825408138912
1759299731.878749,0,follower,auto,0.0693194568157196,0.944088339805603,-0.008241493254899979,0.1,1.0,0.0,0.0306805431842804,0.05591166019439697,0.008241493254899979,1.5640930486887383,2.7508306625703063,5.029058787594694,0,,,,,,,
1759299731.979042,1,follower,auto,-0.10736755281686783,0.9753485918045044,1.0057114362716675,0.1,1.0,1.0,0.20736755281686783,0.024651408195495605,-0.0057114362716674805,-0.021717551925140254,20,1.9878901471966681,0,,,,,,,
1759299732.0943875,0,leader,auto,0.0693194568157196,0.944088339805603,-0.008241493254899979,0.1,1.0,0.0,0.0306805431842804,0.05591166019439697,0.008241493254899979,0,0,0,0,1.0,-0.030211070430439108,-0.07659354677246721,0.006104707519791291,0.08442499203093916,0.9823851131918366,-0.011293847014795624
1759299732.194782,1,follower,auto,-0.10736755281686783,0.9753485918045044,1.0057114362716675,0.1,1.0,1.0,0.20736755281686783,0.024651408195495605,-0.0057114362716674805,0,0,0,0,1.0,0.08866667327223621,-0.07481536487689433,-0.04280470467629938,-0.15170088945298593,1.0127562742429514,1.0271137886098172
1759299732.195666,0,follower,auto,0.07056494802236557,0.9450348019599915,-0.014922606758773327,0.15000000000000002,1.0,0.0,0.07943505197763445,0.054965198040008545,0.014922606758773327,2.569010228851279,6.7146164211845125,5.025290898493069,0,,,,,,,
1759299732.2960665,1,follower,auto,-0.11937563121318817,0.9681118130683899,1.00374436378479,0.15000000000000002,1.0,1.0,0.2693756312131882,0.03188818693161011,-0.003744363784790039,-0.019975198661046516,20,3.006213111587589,0,,,,,,,
1759299732.4613037,0,leader,auto,0.07056494802236557,0.9450348019599915,-0.014922606758773327,0.15000000000000002,1.0,0.0,0.07943505197763445,0.054965198040008545,0.014922606758773327,0,0,0,0,1.0,-0.02667068289166291,-0.07748112224622794,0.005301373137541789,0.08390028946819703,0.9837753630831054,-0.01757329332754422
1759299732.5616786,1,follower,auto,-0.11937563121318817,0.9681118130683899,1.00374436378479,0.15000000000000002,1.0,1.0,0.2693756312131882,0.03188818693161011,-0.003744363784790039,0,0,0,0,1.0,0.08725473766603772,-0.07355741261830007,-0.04302747795421391,-0.16300300004620705,1.00489051937754,1.025258102761897
1759299732.5621364,0,follower,auto,0.0814649686217308,0.9428157806396484,-0.021920377388596535,0.2,1.0,0.0,0.1185350313782692,0.05718421936035156,0.021920377388596535,3.5787494400054487,10.657232038549058,5.029339877370339,0,,,,,,,
1759299732.6624446,1,follower,auto,-0.11643240600824356,0.9580273628234863,1.0027835369110107,0.2,1.0,1.0,0.31643240600824357,0.04197263717651367,-0.002783536911010742,-0.03061282143324831,20,4.031785906227895,0,,,,,,,
1759299732.7992058,0,leader,auto,0.0814649686217308,0.9428157806396484,-0.021920377388596535,0.2,1.0,0.0,0.1185350313782692,0.05718421936035156,0.021920377388596535,0,0,0,0,1.0,-0.012900538551967836,-0.08040968812630722,0.0038082619348158153,0.08791523789771472,0.983020624702802,-0.023824508356004442
1759299732.8997123,1,follower,auto,-0.11643240600824356,0.9580273628234863,1.0027835369110107,0.2,1.0,1.0,0.31643240600824357,0.04197263717651367,-0.002783536911010742,0,0,0,0,1.0,0.1043187050225525,-0.07468872596023135,-0.0410519382315524,-0.1685917585195198,0.995371725803602,1.023309506026787
1759299732.9018345,0,follower,auto,0.09889095276594162,0.9385791420936584,-0.028907695785164833,0.25,1.0,0.0,0.15110904723405838,0.06142085790634155,0.028907695785164833,3.5993478379260084,14.61522367890819,6.038790740848583,0,,,,,,,
1759299733.0028322,1,follower,auto,-0.09964945912361145,0.9512725472450256,1.0094209909439087,0.25,1.0,1.0,0.34964945912361145,0.048727452754974365,-0.009420990943908691,-0.08343742202693288,20,4.025711101553579,0,,,,,,,
1759299733.1499028,0,leader,auto,0.09889095276594162,0.9385791420936584,-0.028907695785164833,0.25,1.0,0.0,0.15110904723405838,0.06142085790634155,0.028907695785164833,0,0,0,0,1.0,0.0034973186361617475,-0.08313868105817868,0.00208226465833598,0.09714229344786074,0.9801484826227478,-0.029948828114332825
1759299733.2504022,1,follower,auto,-0.09964945912361145,0.9512725472450256,1.0094209909439087,0.25,1.0,1.0,0.34964945912361145,0.048727452754974365,-0.009420990943908691,0,0,0,0,1.0,0.12908244275493355,-0.07106547629230531,-0.03143193580239734,-0.1641906805010782,0.9868052853911783,1.0251369588451074
1759299733.2516851,0,follower,auto,0.12665626406669617,0.9340981841087341,-0.03640906512737274,0.3,1.0,0.0,0.17334373593330382,0.06590181589126587,0.03640906512737274,4.630583349719214,16.550211860749556,6.045350837195218,0,,,,,,,
1759299733.3523746,1,follower,auto,-0.07806648313999176,0.9478352665901184,1.0212717056274414,0.3,1.0,1.0,0.37806648313999175,0.05216473340988159,-0.021271705627441406,-2.1440774753830554,20,5.007256317812723,0,,,,,,,
1759299733.4696631,0,leader,auto,0.12665626406669617,0.9340981841087341,-0.03640906512737274,0.3,1.0,0.0,0.17334373593330382,0.06590181589126587,0.03640906512737274,0,0,0,0,1.0,0.025601947340593276,-0.08417872762180645,-0.0002466785014834452,0.11385529039639952,0.9761875479196374,-0.03628572587663102
1759299733.5700753,1,follower,auto,-0.07806648313999176,0.9478352665901184,1.0212717056274414,0.3,1.0,1.0,0.37806648313999175,0.05216473340988159,-0.021271705627441406,0,0,0,0,1.0,0.14803727965123833,-0.06516610740286954,-0.0206020161866185,-0.15208512296561094,0.9804183202915532,1.0315727137207507
1759299733.5706131,0,follower,auto,0.1668783575296402,0.9313656091690063,-0.04412969574332237,0.35,1.0,0.0,0.18312164247035978,0.06863439083099365,0.04412969574332237,5.640615303845575,17.467443938631842,6.040434583271831,0,,,,,,,
1759299733.6709514,1,follower,auto,-0.0469963513314724,0.9457217454910278,1.01918363571167,0.35,1.0,1.0,0.3969963513314724,0.05427825450897217,-0.019183635711669922,-1.1034669993114985,20,4.995701166593588,0,,,,,,,
1759299733.8389666,0,leader,auto,0.1668783575296402,0.9313656091690063,-0.04412969574332237,0.35,1.0,0.0,0.18312164247035978,0.06863439083099365,0.04412969574332237,0,0,0,0,1.0,0.05260854813667108,-0.08235723737717748,-0.0027818902300275963,0.14057408346130465,0.9725442278575951,-0.04273875062830858
1759299733.9393764,1,follower,auto,-0.0469963513314724,0.9457217454910278,1.01918363571167,0.35,1.0,1.0,0.3969963513314724,0.05427825450897217,-0.019183635711669922,0,0,0,0,1.0,0.1683009219330095,-0.06051532479671651,-0.028074771204521953,-0.13114681229797714,0.9759794078893861,1.0332210213139308
1759299733.9412506,0,follower,auto,0.22275269031524658,0.9316394329071045,-0.05180300027132034,0.39999999999999997,1.0,0.0,0.17724730968475338,0.06836056709289551,0.05180300027132034,0,0,0,0,,,,,,,
1759299734.0427895,1,follower,auto,-0.0037330654449760914,0.9391892552375793,1.0030677318572998,0.39999999999999997,1.0,1.0,0.40373306544497606,0.060810744762420654,-0.0030677318572998047,-0.017168402643278746,20,6.021282336891757,0,,,,,,,
1759299734.152358,0,leader,auto,0.22275269031524658,0.9316394329071045,-0.05180300027132034,0.39999999999999997,1.0,0.0,0.17724730968475338,0.06836056709289551,0.05180300027132034,0,0,0,0,1.0,0.08481573513861351,-0.07789127128842566,-0.005342776576558718,0.18034482274593983,0.9705850685513173,-0.04913161198304099
1759299734.252848,1,follower,auto,-0.0037330654449760914,0.9391892552375793,1.0030677318572998,0.39999999999999997,1.0,1.0,0.40373306544497606,0.060810744762420654,-0.0030677318572998047,0,0,0,0,1.0,0.19141837410354676,-0.06234494481972841,-0.0448612466221312,-0.09944225249674947,0.9703617276474436,1.0254983551683654
1759299734.254172,0,follower,auto,0.27786412835121155,0.9334121942520142,-0.05624710023403168,0.44999999999999996,1.0,0.0,0.1721358716487884,0.06658780574798584,0.05624710023403168,0,0,0,0,,,,,,,
1759299734.3550925,1,follower,auto,0.03838150203227997,0.942230761051178,0.9867281913757324,0.44999999999999996,1.0,1.0,0.41161849796772,0.05776923894882202,0.013271808624267578,1.0237044412728322,20,4.983779946500381,0,,,,,,,
1759299734.4849925,0,leader,auto,0.27786412835121155,0.9334121942520142,-0.05624710023403168,0.44999999999999996,1.0,0.0,0.1721358716487884,0.06658780574798584,0.05624710023403168,0,0,0,0,1.0,0.10212655950378727,-0.07371603005188554,-0.004917502662426035,0.22680084859931793,0.9702702092779569,-0.05378834890281866
1759299734.5852847,1,follower,auto,0.03838150203227997,0.942230761051178,0.9867281913757324,0.44999999999999996,1.0,1.0,0.41161849796772,0.05776923894882202,0.013271808624267578,0,0,0,0,1.0,0.20204292242698646,-0.05363245572791697,-0.05235229769191907,-0.06263995918121326,0.9690469889151365,1.012904340221692
1759299734.5857544,0,follower,auto,0.3248898684978485,0.9358986020088196,-0.06079082563519478,0.49999999999999994,1.0,0.0,0.17511013150215143,0.06410139799118042,0.06079082563519478,0,0,0,0,,,,,,,
1759299734.68607,1,follower,auto,0.08171002566814423,0.9533007144927979,0.9694140553474426,0.49999999999999994,1.0,1.0,0.4182899743318557,0.04669928550720215,0.030585944652557373,3.0538622634511046,20,3.9265053658289673,0,,,,,,,
1759299734.8661346,0,leader,auto,0.3248898684978485,0.9358986020088196,-0.06079082563519478,0.49999999999999994,1.0,0.0,0.17511013150215143,0.06410139799118042,0.06079082563519478,0,0,0,0,1.0,0.1042230721598599,-0.07057364683760547,-0.0063307797268915625,0.27277833241791855,0.9711854254276223,-0.057625435771749
1759299734.9666696,1,follower,auto,0.08171002566814423,0.9533007144927979,0.9694140553474426,0.49999999999999994,1.0,1.0,0.4182899743318557,0.04669928550720215,0.030585944652557373,0,0,0,0,0.7165313105737893,0.20851807968663988,-0.04115289714741721,-0.056019537441555745,-0.022549014175175713,0.9738771630665064,0.9974238240682205
1759299734.9681797,0,follower,auto,0.35306864976882935,0.9365465044975281,-0.06589681655168533,0.5499999999999999,1.0,0.0,0.1969313502311706,0.06345349550247192,0.06589681655168533,0,0,0,0,,,,,,,
1759299735.06898,1,follower,auto,0.12958009541034698,0.9722893834114075,0.956321656703949,0.5499999999999999,1.0,1.0,0.42041990458965295,0.02771061658859253,0.043678343296051025,4.05141123989674,20,1.8524158325375009,0,,,,,,,
1759299735.2019687,0,leader,auto,0.35306864976882935,0.9365465044975281,-0.06589681655168533,0.5499999999999999,1.0,0.0,0.1969313502311706,0.06345349550247192,0.06589681655168533,0,0,0,0,1.0,0.0879041538406119,-0.07058007767304897,-0.009334945147905324,0.3091165728485234,0.9718365433340526,-0.06122934397773267
1759299735.4026005,1,follower,auto,0.12958009541034698,0.9722893834114075,0.956321656703949,0.5499999999999999,1.0,1.0,0.42041990458965295,0.02771061658859253,0.043678343296051025,0,0,0,0,0.513417119032592,0.21608425243063908,-0.026947206292949333,-0.05299439706140174,0.021537969195027443,0.9857629865578821,0.9828188552346498
1759299735.4039953,0,follower,auto,0.3663797378540039,0.9343388676643372,-0.06934360414743423,0.6,1.0,0.0,0.23362026214599607,0.06566113233566284,0.06934360414743423,0,0,0,0,,,,,,,
1759299735.504754,1,follower,auto,0.17852382361888885,0.9853877425193787,0.9507289528846741,0.6,1.0,1.0,0.4214761763811111,0.014612257480621338,0.04927104711532593,4.01880220542685,20,0.8402226247364547,0,,,,,,,
1759299735.6117973,0,leader,auto,0.3663797378540039,0.9343388676643372,-0.06934360414743423,0.6,1.0,0.0,0.23362026214599607,0.06566113233566284,0.06934360414743423,0,0,0,0,1.0,0.06729396776297619,-0.0731861335187971,-0.010835305337783305,0.3327327539725158,0.9709319344237357,-0.06392595147854258
1759299735.812375,1,follower,auto,0.17852382361888885,0.9853877425193787,0.9507289528846741,0.6,1.0,1.0,0.4214761763811111,0.014612257480621338,0.04927104711532593,0,0,0,0,0.36787944117144233,0.22053889095821183,-0.025524094477164416,-0.04367012493054523,0.06825437813978294,0.9981497897579609,0.9725640153499466
1759299735.8131564,0,follower,auto,0.37945765256881714,0.9336094856262207,-0.0738082304596901,0.65,1.0,0.0,0.2705423474311829,0.0663905143737793,0.0738082304596901,0,0,0,0,,,,,,,
1759299735.9137778,1,follower,auto,0.2344144880771637,0.9760766625404358,0.9440048933029175,0.65,1.0,1.0,0.4155855119228363,0.02392333745956421,0.05599510669708252,5.01619467689197,20,1.9504445516459425,0,,,,,,,
1759299736.1372201,0,leader,auto,0.37945765256881714,0.9336094856262207,-0.0738082304596901,0.65,1.0,0.0,0.2705423474311829,0.0663905143737793,0.0738082304596901,0,0,0,0,1.0,0.06007335215972265,-0.07270223449588031,-0.014220844602049108,0.3494209764889558,0.9699606028741609,-0.06669780815866554
1759299736.2377858,1,follower,auto,0.2344144880771637,0.9760766625404358,0.9440048933029175,0.65,1.0,1.0,0.4155855119228363,0.02392333745956421,0.05599510669708252,0,0,0,0,0.26359713811572677,0.22919967419777587,-0.04679393095044104,-0.04005229205569172,0.11981465097827575,0.9994736280156563,0.9640310393307634
1759299736.239493,0,follower,auto,0.39023277163505554,0.937279224395752,-0.07883284986019135,0.7000000000000001,1.0,0.0,0.3097672283649445,0.06272077560424805,0.07883284986019135,0,0,0,0,,,,,,,
1759299736.34032,1,follower,auto,0.28946980834007263,0.9479376673698425,0.9367144703865051,0.7000000000000001,1.0,1.0,0.41053019165992743,0.05206233263015747,0.06328552961349487,6.020173104639651,20,5.106439710360536,0,,,,,,,
1759299736.5332952,0,leader,auto,0.39023277163505554,0.937279224395752,-0.07883284986019135,0.7000000000000001,1.0,0.0,0.3097672283649445,0.06272077560424805,0.07883284986019135,0,0,0,0,1.0,0.05765841490552798,-0.06776085071461502,-0.018256216749628233,0.3614035641822916,0.9711596497530595,-0.06970474148537723
1759299736.633774,1,follower,auto,0.28946980834007263,0.9479376673698425,0.9367144703865051,0.7000000000000001,1.0,1.0,0.41053019165992743,0.05206233263015747,0.06328552961349487,0,0,0,0,0.18887560283756183,0.23196472976724763,-0.07557452724288027,-0.03906248032075155,0.17348744345644884,0.9857249309912827,0.9562457105468809
1759299736.6357338,0,follower,auto,0.39488640427589417,0.9410824179649353,-0.08187797665596008,0.7500000000000001,1.0,0.0,0.35511359572410595,0.0589175820350647,0.08187797665596008,0,0,0,0,,,,,,,
1759299736.7364666,1,follower,auto,0.32733261585235596,0.925075113773346,0.9388824105262756,0.7500000000000001,1.0,1.0,0.42266738414764415,0.07492488622665405,0.061117589473724365,5.972802296142519,20,7.156761893839171,0,,,,,,,
1759299736.8494134,0,leader,auto,0.39488640427589417,0.9410824179649353,-0.08187797665596008,0.7500000000000001,1.0,0.0,0.35511359572410595,0.0589175820350647,0.08187797665596008,0,0,0,0,1.0,0.053887999480392634,-0.0649632216095406,-0.01997604608165994,0.3679424045356978,0.9735640287697056,-0.07188995361513012
1759299736.949858,1,follower,auto,0.32733261585235596,0.925075113773346,0.9388824105262756,0.7500000000000001,1.0,1.0,0.42266738414764415,0.07492488622665405,0.061117589473724365,0,0,0,0,0.1353352832366127,0.21535562655717666,-0.08407563056152134,-0.029637692665239634,0.21965480257376763,0.9671129290541066,0.9537012568588954
1759299736.9510112,0,follower,auto,0.39725780487060547,0.9410988688468933,-0.08361861854791641,0.8000000000000002,1.0,0.0,0.4027421951293947,0.05890113115310669,0.08361861854791641,0,0,0,0,,,,,,,
1759299737.0520148,1,follower,auto,0.35407254099845886,0.912458598613739,0.947437584400177,0.8000000000000002,1.0,1.0,0.4459274590015413,0.08754140138626099,0.052562415599823,4.918666828382236,20,8.135775050285616,0,,,,,,,
1759299737.193828,0,leader,auto,0.39725780487060547,0.9410988688468933,-0.08361861854791641,0.8000000000000002,1.0,0.0,0.4027421951293947,0.05890113115310669,0.08361861854791641,0,0,0,0,1.0,0.053373359734687875,-0.06696603569275883,-0.02142022053113763,0.3705711250032615,0.9745818866932727,-0.0729085082823476
1759299737.294268,1,follower,auto,0.35407254099845886,0.912458598613739,0.947437584400177,0.8000000000000002,1.0,1.0,0.4459274590015413,0.08754140138626099,0.052562415599823,0,0,0,0,0.1598797460796939,0.19554430192203137,-0.07776744349337394,-0.019290323360757422,0.2563003900374432,0.951342320360426,0.9570827460805558
1759299737.295019,0,follower,auto,0.4002631902694702,0.9410393238067627,-0.0860477015376091,0.8500000000000002,1.0,0.0,0.44973680973053,0.058960676193237305,0.0860477015376091,0,0,0,0,,,,,,,
1759299737.3954744,1,follower,auto,0.3849620819091797,0.8995617032051086,0.95915287733078,0.8500000000000002,1.0,1.0,0.4650379180908205,0.10043829679489136,0.04084712266921997,3.8725702412301963,20,10.144227785099494,0,,,,,,,
1759299737.5625885,0,leader,auto,0.4002631902694702,0.9410393238067627,-0.0860477015376091,0.8500000000000002,1.0,0.0,0.44973680973053,0.058960676193237305,0.0860477015376091,0,0,0,0,1.0,0.0574156906726217,-0.06760702115772643,-0.024685325298663206,0.37155534493315934,0.9748428343856259,-0.0737050388882775
1759299737.6629596,1,follower,auto,0.3849620819091797,0.8995617032051086,0.95915287733078,0.8500000000000002,1.0,1.0,0.4650379180908205,0.10043829679489136,0.04084712266921997,0,0,0,0,0.18887560283756183,0.18989964782102584,-0.0749834878835608,-0.011703928274891306,0.29001225799866676,0.937053447146889,0.9650048414682257
1759299737.6635306,0,follower,auto,0.4039306640625,0.9394167065620422,-0.08864609152078629,0.9000000000000002,1.0,0.0,0.49606933593750024,0.060583293437957764,0.08864609152078629,0,0,0,0,,,,,,,
1759299737.7639647,1,follower,auto,0.42532050609588623,0.8859840631484985,0.9731020927429199,0.9000000000000002,1.0,1.0,0.474679493904114,0.11401593685150146,0.026897907257080078,1.8309023517332872,20,11.161778459617182,0,,,,,,,
1759299737.8742359,0,leader,auto,0.4039306640625,0.9394167065620422,-0.08864609152078629,0.9000000000000002,1.0,0.0,0.49606933593750024,0.060583293437957764,0.08864609152078629,0,0,0,0,1.0,0.0636635522689381,-0.0690344610289011,-0.028265583062325725,0.3720988879280309,0.9739339370764928,-0.07451329998962342
1759299737.9747262,1,follower,auto,0.42532050609588623,0.8859840631484985,0.9731020927429199,0.9000000000000002,1.0,1.0,0.474679493904114,0.11401593685150146,0.026897907257080078,0,0,0,0,0.22313016014842982,0.1967987128509832,-0.07493372447581981,-0.006352352603856692,0.32692114967039465,0.9234509253864085,0.9762782690448483
1759299737.9767287,0,follower,auto,0.4053102433681488,0.9349420070648193,-0.08831905573606491,0.9500000000000003,1.0,0.0,0.5446897566318515,0.06505799293518066,0.08831905573606491,0,0,0,0,,,,,,,
1759299738.0775976,1,follower,auto,0.46091142296791077,0.8694936633110046,0.9840665459632874,0.9500000000000003,1.0,1.0,0.4890885770320895,0.13050633668899536,0.015933454036712646,0.8224282823640824,20,13.191921043297256,0,,,,,,,
1759299738.2124646,0,leader,auto,0.4053102433681488,0.9349420070648193,-0.08831905573606491,0.9500000000000003,1.0,0.0,0.5446897566318515,0.06505799293518066,0.08831905573606491,0,0,0,0,1.0,0.06790799977299189,-0.07235594956932623,-0.028825604868823365,0.37135624348165286,0.9711199818494824,-0.07390625330165324
1759299738.3128195,1,follower,auto,0.46091142296791077,0.8694936633110046,0.9840665459632874,0.9500000000000003,1.0,1.0,0.4890885770320895,0.13050633668899536,0.015933454036712646,0,0,0,0,0.26359713811572677,0.1955607702300053,-0.07873870405584193,-0.006960243732948679,0.3631310378529081,0.9088630153389257,0.9875466678297617
1759299738.3133662,0,follower,auto,0.40402066707611084,0.9257456660270691,-0.08832839131355286,1.0000000000000002,1.0,0.0,0.5959793329238894,0.07425433397293091,0.08832839131355286,0,0,0,0,,,,,,,
1759299738.4137778,1,follower,auto,0.4993731379508972,0.8537088632583618,0.994583010673523,1.0000000000000002,1.0,1.0,0.500626862049103,0.14629113674163818,0.005416989326477051,-0.18923424928967,20,14.202475922674122,0,,,,,,,
1759299738.6936145,0,leader,auto,0.40402066707611084,0.9257456660270691,-0.08832839131355286,1.0000000000000002,1.0,0.0,0.5959793329238894,0.07425433397293091,0.08832839131355286,0,0,0,0,1.0,0.0706633679330072,-0.07841006748219881,-0.031124289035631456,0.36868898310960724,0.9649506997681685,-0.07276624679573712
1759299738.894641,1,follower,auto,0.4993731379508972,0.8537088632583618,0.994583010673523,1.0000000000000002,1.0,1.0,0.500626862049103,0.14629113674163818,0.005416989326477051,0,0,0,0,0.3114032239145977,0.19792357777472813,-0.08126510672043019,-0.007743778784893962,0.40041134906353315,0.8943414166185769,0.9984549000659699
1759299738.8950813,0,follower,auto,0.4054476022720337,0.9115457534790039,-0.087807297706604,1.0500000000000003,1.0,0.0,0.6445523977279666,0.0884542465209961,0.087807297706604,0,0,0,0,,,,,,,
1759299738.9954727,1,follower,auto,0.5582339763641357,0.8397478461265564,0.9977151155471802,1.0500000000000003,1.0,1.0,0.4917660236358645,0.1602521538734436,0.0022848844528198242,-0.1608986042427535,20,16.194659348538572,0,,,,,,,
1759299739.1979463,0,leader,auto,0.4054476022720337,0.9115457534790039,-0.087807297706604,1.0500000000000003,1.0,0.0,0.6445523977279666,0.0884542465209961,0.087807297706604,0,0,0,0,1.0,0.07799097930265048,-0.0862146408100285,-0.03337143551353944,0.3664521126207084,0.9546530738840182,-0.07112157994983428
1759299739.298311,1,follower,auto,0.5582339763641357,0.8397478461265564,0.9977151155471802,1.0500000000000003,1.0,1.0,0.4917660236358645,0.1602521538734436,0.0022848844528198242,0,0,0,0,0.22313016014842982,0.21955601553297344,-0.08222351644454462,-0.015279003115500123,0.448455968597649,0.8808596043488287,1.0053546171049303
1759299739.2990692,0,follower,auto,0.4095189869403839,0.9093213677406311,-0.08878824859857559,1.0500000000000003,1.0,0.0,0.6404810130596164,0.0906786322593689,0.08878824859857559,0,0,0,0,,,,,,,
1759299739.3995347,1,follower,auto,0.5963351726531982,0.8406281471252441,0.9990456104278564,1.0500000000000003,1.0,1.0,0.453664827346802,0.15937185287475586,0.0009543895721435547,-0.14712336234711154,20,15.125431312981561,0,,,,,,,
1759299739.5363786,0,leader,auto,0.4095189869403839,0.9093213677406311,-0.08878824859857559,1.0500000000000003,1.0,0.0,0.6404810130596164,0.0906786322593689,0.08878824859857559,0,0,0,0,1.0,0.08734945997733323,-0.0779773828416701,-0.03756936582898416,0.3658442569517173,0.9483100591614662,-0.07000356568408352
1759299739.636685,1,follower,auto,0.5963351726531982,0.8406281471252441,0.9990456104278564,1.0500000000000003,1.0,1.0,0.453664827346802,0.15937185287475586,0.0009543895721435547,0,0,0,0,0.1598797460796939,0.20912369189959573,-0.06985448010212969,-0.02042602554483608,0.49177332670340035,0.875555387176309,1.0092586232002745
1759299739.6371593,0,follower,auto,0.4109979271888733,0.9111691117286682,-0.08778183162212372,1.0500000000000003,1.0,0.0,0.639002072811127,0.08883088827133179,0.08778183162212372,0,0,0,0,,,,,,,
1759299739.7374732,1,follower,auto,0.6367594003677368,0.8479482531547546,1.009447693824768,1.0500000000000003,1.0,1.0,0.41324059963226345,0.15205174684524536,-0.009447693824768066,-0.19414481057960553,20,15.070804287154472,0,,,,,,,
1759299739.8426206,0,leader,auto,0.4109979271888733,0.9111691117286682,-0.08778183162212372,1.0500000000000003,1.0,0.0,0.639002072811127,0.08883088827133179,0.08778183162212372,0,0,0,0,1.0,0.09225251939538043,-0.07006924693121175,-0.03915055493626152,0.36487166749118305,0.946203735194274,-0.06820655415399296
1759299739.9430914,1,follower,auto,0.6367594003677368,0.8479482531547546,1.009447693824768,1.0500000000000003,1.0,1.0,0.41324059963226345,0.15205174684524536,-0.009447693824768066,0,0,0,0,0.11455884399268773,0.20600246921089305,-0.05926515272579169,-0.013380516764060824,0.5337581657622903,0.8775808295176505,1.0161379522067984
1759299739.9445934,0,follower,auto,0.40917983651161194,0.9135564565658569,-0.08660639822483063,1.0500000000000003,1.0,0.0,0.6408201634883883,0.08644354343414307,0.08660639822483063,0,0,0,0,,,,,,,
1759299740.0453024,1,follower,auto,0.673642635345459,0.8641414642333984,1.0187543630599976,1.0500000000000003,1.0,1.0,0.3763573646545413,0.13585853576660156,-0.01875436305999756,-1.2116193094379866,20,12.998902901756464,0,,,,,,,
1759299740.1651661,0,leader,auto,0.40917983651161194,0.9135564565658569,-0.08660639822483063,1.0500000000000003,1.0,0.0,0.6408201634883883,0.08644354343414307,0.08660639822483063,0,0,0,0,1.0,0.09410070519376879,-0.065800544199069,-0.041204040009840195,0.36212948391472755,0.9464567286653914,-0.06600437821991054
1759299740.2654788,1,follower,auto,0.673642635345459,0.8641414642333984,1.0187543630599976,1.0500000000000003,1.0,1.0,0.3763573646545413,0.13585853576660156,-0.01875436305999756,0,0,0,0,0.0820849986238988,0.20075080339945295,-0.04738345624213314,-0.010570127413608743,0.5732672336457325,0.887833192354465,1.024039426766802
1759299740.2659898,0,follower,auto,0.40567445755004883,0.9150192737579346,-0.08738555759191513,1.0500000000000003,1.0,0.0,0.6443255424499514,0.08498072624206543,0.08738555759191513,0,0,0,0,,,,,,,
1759299740.3663754,1,follower,auto,0.7116091251373291,0.889317512512207,1.0207431316375732,1.0500000000000003,1.0,1.0,0.33839087486267116,0.11068248748779297,-0.020743131637573242,-2.1866193121232738,20,10.910247363074928,0,,,,,,,
1759299740.5726879,0,leader,auto,0.40567445755004883,0.9150192737579346,-0.08738555759191513,1.0500000000000003,1.0,0.0,0.6443255424499514,0.08498072624206543,0.08738555759191513,0,0,0,0,1.0,0.09598499217881701,-0.06492479105917337,-0.045568313313819324,0.35768196146064035,0.9474816692875212,-0.06460140093500547
1759299740.6730158,1,follower,auto,0.7116091251373291,0.889317512512207,1.0207431316375732,1.0500000000000003,1.0,1.0,0.33839087486267116,0.11068248748779297,-0.020743131637573242,0,0,0,0,0.09697196786440505,0.19918945522289455,-0.034524910119524854,-0.015915675383337158,0.6120143975258818,0.9065799675719695,1.028700969329242
1759299740.674176,0,follower,auto,0.4036524295806885,0.9161662459373474,-0.09157291799783707,1.0500000000000003,1.0,0.0,0.6463475704193118,0.08383375406265259,0.09157291799783707,0,0,0,0,,,,,,,
1759299740.7748082,1,follower,auto,0.7627808451652527,0.9147137999534607,1.0212560892105103,1.0500000000000003,1.0,1.0,0.2872191548347476,0.0852862000465393,-0.021256089210510254,-2.1787258161025687,20,7.857022678084466,0,,,,,,,
1759299740.881106,0,leader,auto,0.4036524295806885,0.9161662459373474,-0.09157291799783707,1.0500000000000003,1.0,0.0,0.6463475704193118,0.08383375406265259,0.09157291799783707,0,0,0,0,1.0,0.10101086185907343,-0.06516775004934194,-0.05243536816287026,0.35314699865115173,0.9487501209620184,-0.06535523391640194
1759299740.981399,1,follower,auto,0.7627808451652527,0.9147137999534607,1.0212560892105103,1.0500000000000003,1.0,1.0,0.2872191548347476,0.0852862000465393,-0.021256089210510254,0,0,0,0,0.06948345122280154,0.21163427499009646,-0.02973983698355631,-0.01911971366022569,0.6569637076702044,0.9295837184452389,1.0308159460406232
1759299740.9818645,0,follower,auto,0.4032594561576843,0.9166802763938904,-0.09610255062580109,1.0500000000000003,1.0,0.0,0.6467405438423159,0.08331972360610962,0.09610255062580109,0,0,0,0,,,,,,,
1759299741.0822217,1,follower,auto,0.8004101514816284,0.9256969094276428,1.0211037397384644,1.0500000000000003,1.0,1.0,0.24958984851837185,0.07430309057235718,-0.021103739738464355,-2.1780142593508196,20,6.896799193390397,0,,,,,,,
1759299741.1856341,0,leader,auto,0.4032594561576843,0.9166802763938904,-0.09610255062580109,1.0500000000000003,1.0,0.0,0.6467405438423159,0.08331972360610962,0.09610255062580109,0,0,0,0,1.0,0.10762757969908104,-0.06629055307334975,-0.057572104231277905,0.3494456663081438,0.9498255529305653,-0.06731649851016214
1759299741.2860842,1,follower,auto,0.8004101514816284,0.9256969094276428,1.0211037397384644,1.0500000000000003,1.0,1.0,0.24958984851837185,0.07430309057235718,-0.021103739738464355,0,0,0,0,0.049787068367863944,0.20402341428739723,-0.042981238127575816,-0.0203643655481216,0.6983984443379299,0.9471875284914307,1.031285922512525
1759299741.2870786,0,follower,auto,0.40434056520462036,0.9173456430435181,-0.10006192326545715,1.0500000000000003,1.0,0.0,0.6456594347953799,0.08265435695648193,0.10006192326545715,0,0,0,0,,,,,,,
1759299741.3875744,1,follower,auto,0.836930513381958,0.931749701499939,1.024132251739502,1.0500000000000003,1.0,1.0,0.21306948661804226,0.06825029850006104,-0.024132251739501953,-2.1996724600531232,20,5.926069428494032,0,,,,,,,
1759299741.491393,0,leader,auto,0.40434056520462036,0.9173456430435181,-0.10006192326545715,1.0500000000000003,1.0,0.0,0.6456594347953799,0.08265435695648193,0.10006192326545715,0,0,0,0,1.0,0.11471933159654801,-0.0670456321382028,-0.0608059710690004,0.34698089940634635,0.9508684591126195,-0.06965893773095695
1759299741.591833,1,follower,auto,0.836930513381958,0.931749701499939,1.024132251739502,1.0500000000000003,1.0,1.0,0.21306948661804226,0.06825029850006104,-0.024132251739501953,0,0,0,0,0.05881647164242988,0.19900845416281643,-0.05518192494662966,-0.016752217315445073,0.7374262863005498,0.9593406639732538,1.0325083603972245
1759299741.5925732,0,follower,auto,0.4075264632701874,0.916923463344574,-0.10196065902709961,1.0500000000000003,1.0,0.0,0.6424735367298129,0.08307653665542603,0.10196065902709961,0,0,0,0,,,,,,,
1759299741.6929195,1,follower,auto,0.8674863576889038,0.932147741317749,1.028140902519226,1.0500000000000003,1.0,1.0,0.18251364231109646,0.06785225868225098,-0.028140902519226074,-2.2160030348580353,17.113835705301753,5.959794470659034,0,,,,,,,
1759299741.8947349,0,leader,auto,0.4075264632701874,0.916923463344574,-0.10196065902709961,1.0500000000000003,1.0,0.0,0.6424735367298129,0.08307653665542603,0.10196065902709961,0,0,0,0,1.0,0.12250201327399879,-0.06883894900329912,-0.06176968120163813,0.346275456633188,0.9513429378462235,-0.07107581842628055
1759299741.9950156,1,follower,auto,0.8674863576889038,0.932147741317749,1.028140902519226,1.0500000000000003,1.0,1.0,0.18251364231109646,0.06785225868225098,-0.028140902519226074,0,0,0,0,0.06948345122280154,0.19056124515307182,-0.0670389898441005,-0.012997280872520944,0.7722057351123679,0.9656672362397993,1.0346395429554867
1759299741.9954543,0,follower,auto,0.4139365553855896,0.9165371656417847,-0.101165272295475,1.0500000000000003,1.0,0.0,0.6360634446144107,0.08346283435821533,0.101165272295475,0,0,0,0,,,,,,,
1759299742.0957987,1,follower,auto,0.918969988822937,0.9159358739852905,1.032752513885498,1.0500000000000003,1.0,1.0,0.13103001117706325,0.08406412601470947,-0.03275251388549805,-3.2265006547713657,11.967351263159989,8.063781046566707,0,,,,,,,
1759299742.208579,0,leader,auto,0.4139365553855896,0.9165371656417847,-0.101165272295475,1.0500000000000003,1.0,0.0,0.6360634446144107,0.08346283435821533,0.101165272295475,0,0,0,0,1.0,0.1315549978307094,-0.06998459518722333,-0.06094075051864504,0.34815905647023493,0.9515294632353963,-0.07069489703615249
1759299742.3091512,1,follower,auto,0.918969988822937,0.9159358739852905,1.032752513885498,1.0500000000000003,1.0,1.0,0.13103001117706325,0.08406412601470947,-0.03275251388549805,0,0,0,0,0.049787068367863944,0.20677985527278564,-0.08939140331466677,-0.00963791928398372,0.8155800611865442,0.9606315756426239,1.03757147352749
1759299742.3111234,0,follower,auto,0.4170381724834442,0.9195096492767334,-0.10286390781402588,1.0500000000000003,1.0,0.0,0.632961827516556,0.0804903507232666,0.10286390781402588,0,0,0,0,,,,,,,
1759299742.4116824,1,follower,auto,0.9546998143196106,0.9037818312644958,1.03596031665802,1.0500000000000003,1.0,1.0,0.09530018568038967,0.09621816873550415,-0.03596031665802002,-3.229396301002633,7.9609126941545245,9.093502439170283,0,,,,,,,
1759299742.5216205,0,leader,auto,0.4170381724834442,0.9195096492767334,-0.10286390781402588,1.0500000000000003,1.0,0.0,0.632961827516556,0.0804903507232666,0.10286390781402588,0,0,0,0,1.0,0.13448414014574933,-0.06744924250049555,-0.06442230988463236,0.3497961024105696,0.9532342705269812,-0.07065275287170969
1759299742.6222696,1,follower,auto,0.9546998143196106,0.9037818312644958,1.03596031665802,1.0500000000000003,1.0,1.0,0.09530018568038967,0.09621816873550415,-0.03596031665802002,0,0,0,0,0.05881647164242988,0.19695769612925318,-0.09629094561706109,-0.008314473937672595,0.856220966254984,0.9519273040730264,1.0401175536268563
1759299742.6228604,0,follower,auto,0.4178713262081146,0.9228837490081787,-0.10426072031259537,1.0500000000000003,1.0,0.0,0.6321286737918856,0.07711625099182129,0.10426072031259537,0,0,0,0,,,,,,,
1759299742.72317,1,follower,auto,0.9830681085586548,0.8878501653671265,1.0383899211883545,1.0500000000000003,1.0,1.0,0.06693189144134548,0.11214983463287354,-0.03838992118835449,-3.230528290567199,4.963279537742836,11.140436585876108,0,,,,,,,
1759299742.8556962,0,leader,auto,0.4178713262081146,0.9228837490081787,-0.10426072031259537,1.0500000000000003,1.0,0.0,0.6321286737918856,0.07711625099182129,0.10426072031259537,0,0,0,0,1.0,0.13531814442644136,-0.06608483373548146,-0.06717964206713734,0.350212253994894,0.9559261658759195,-0.0706708992790267
1759299742.9563768,1,follower,auto,0.9830681085586548,0.8878501653671265,1.0383899211883545,1.0500000000000003,1.0,1.0,0.06693189144134548,0.11214983463287354,-0.03838992118835449,0,0,0,0,0.06948345122280154,0.18175137107016492,-0.10338444191419893,-0.007415738583012033,0.8921924230235723,0.9395423863242259,1.0420977904798605
1759299742.9577205,0,follower,auto,0.4193229079246521,0.9240448474884033,-0.10398086160421371,1.0500000000000003,1.0,0.0,0.6306770920753482,0.07595515251159668,0.10398086160421371,0,0,0,0,,,,,,,
1759299743.0586495,1,follower,auto,1.0031108856201172,0.8755278587341309,1.0408767461776733,1.0500000000000003,1.0,1.0,0.04688911437988308,0.12447214126586914,-0.04087674617767334,-4.232696775122702,2.983460783179254,12.150895034114349,0,,,,,,,
1759299743.1674616,0,leader,auto,0.4193229079246521,0.9240448474884033,-0.10398086160421371,1.0500000000000003,1.0,0.0,0.6306770920753482,0.07595515251159668,0.10398086160421371,0,0,0,0,1.0,0.1379706209479934,-0.06769593316295874,-0.06813266879817603,0.3503375974506554,0.9578928140698827,-0.0699145272051257
1759299743.2677984,1,follower,auto,1.0031108856201172,0.8755278587341309,1.0408767461776733,1.0500000000000003,1.0,1.0,0.04688911437988308,0.12447214126586914,-0.04087674617767334,0,0,0,0,0.0820849986238988,0.1625197269707207,-0.10352232889700819,-0.005916124909480347,0.9218510221347569,0.927289023182635,1.0438348086324134
1759299743.26849,0,follower,auto,0.4212164282798767,0.9237993955612183,-0.10269159823656082,1.0500000000000003,1.0,0.0,0.6287835717201236,0.07620060443878174,0.10269159823656082,0,0,0,0,,,,,,,
1759299743.3691022,1,follower,auto,1.0097146034240723,0.8675216436386108,1.0445232391357422,1.0500000000000003,1.0,1.0,0.040285396575928,0.13247835636138916,-0.04452323913574219,-4.240760635517305,3.047259947423831,13.141478596579978,0,,,,,,,
1759299743.5311718,0,leader,auto,0.4212164282798767,0.9237993955612183,-0.10269159823656082,1.0500000000000003,1.0,0.0,0.6287835717201236,0.07620060443878174,0.10269159823656082,0,0,0,0,1.0,0.14128953232375674,-0.06994489022965067,-0.06882609720810004,0.35057166211799834,0.9587718406760436,-0.06827854963251082
1759299743.6315656,1,follower,auto,1.0097146034240723,0.8675216436386108,1.0445232391357422,1.0500000000000003,1.0,1.0,0.040285396575928,0.13247835636138916,-0.04452323913574219,0,0,0,0,0.09697196786440505,0.13614771768501788,-0.0997248463870406,-0.00280057278744672,0.9416407445815633,0.9173840668321311,1.0459235255294654
1759299743.6322243,0,follower,auto,0.422788143157959,0.9213463068008423,-0.10192156583070755,1.0500000000000003,1.0,0.0,0.6272118568420413,0.07865369319915771,0.10192156583070755,0,0,0,0,,,,,,,
1759299743.7327435,1,follower,auto,1.0046249628067017,0.8627296090126038,1.0542978048324585,1.0500000000000003,1.0,1.0,0.045375037193298606,0.13727039098739624,-0.054297804832458496,-5.281363745758613,3.1276234241618797,13.125170182720407,0,,,,,,,
1759299743.8788447,0,leader,auto,0.422788143157959,0.9213463068008423,-0.10192156583070755,1.0500000000000003,1.0,0.0,0.6272118568420413,0.07865369319915771,0.10192156583070755,0,0,0,0,1.0,0.14409494422640218,-0.07325677165161903,-0.07090033622835135,0.3507406710447579,0.9579746926266518,-0.06647139771653188
1759299743.9791434,1,follower,auto,1.0046249628067017,0.8627296090126038,1.0542978048324585,1.0500000000000003,1.0,1.0,0.045375037193298606,0.13727039098739624,-0.054297804832458496,0,0,0,0,0.11455884399268773,0.10862647666557135,-0.09540417315201277,0.006015480490783043,0.950311724473916,0.9104316955886101,1.051290064587067
1759299743.9796371,0,follower,auto,0.42124947905540466,0.9192270636558533,-0.10132165998220444,1.0500000000000003,1.0,0.0,0.6287505209445956,0.08077293634414673,0.10132165998220444,0,0,0,0,,,,,,,
1759299744.0800211,1,follower,auto,0.992751955986023,0.8655199408531189,1.0645411014556885,1.0500000000000003,1.0,1.0,0.05724804401397732,0.1344800591468811,-0.06454110145568848,-6.305926394903564,4.192726509341421,13.080014831285354,0,,,,,,,
1759299744.1947567,0,leader,auto,0.42124947905540466,0.9192270636558533,-0.10132165998220444,1.0500000000000003,1.0,0.0,0.6287505209445956,0.08077293634414673,0.10132165998220444,0,0,0,0,1.0,0.1437848975914282,-0.0744778896778967,-0.0732674698359942,0.34935703025969056,0.9564660084948016,-0.06468792506420734
1759299744.2951362,1,follower,auto,0.992751955986023,0.8655199408531189,1.0645411014556885,1.0500000000000003,1.0,1.0,0.05724804401397732,0.1344800591468811,-0.06454110145568848,0,0,0,0,0.1353352832366127,0.08614873389194122,-0.08655765828485651,0.012062191980581671,0.9496775890400524,0.9087987699955471,1.0585100054653975
1759299744.2958672,0,follower,auto,0.4185218811035156,0.9182195067405701,-0.10011494904756546,1.0500000000000003,1.0,0.0,0.6314781188964846,0.08178049325942993,0.10011494904756546,0,0,0,0,,,,,,,
1759299744.396211,1,follower,auto,0.9767990112304688,0.8744814395904541,1.0684176683425903,1.0500000000000003,1.0,1.0,0.07320098876953152,0.1255185604095459,-0.06841766834259033,-6.286220182834239,6.2445807402041025,12.027805050152741,0,,,,,,,
1759299744.519417,0,leader,auto,0.4185218811035156,0.9182195067405701,-0.10011494904756546,1.0500000000000003,1.0,0.0,0.6314781188964846,0.08178049325942993,0.10011494904756546,0,0,0,0,1.0,0.14384631798482084,-0.07409762729872593,-0.07494875754674132,0.3465987221111052,0.955268320389933,-0.0626405702741948
1759299744.6197145,1,follower,auto,0.9767990112304688,0.8744814395904541,1.0684176683425903,1.0500000000000003,1.0,1.0,0.07320098876953152,0.1255185604095459,-0.06841766834259033,0,0,0,0,0.1598797460796939,0.06972438785028745,-0.07706929620515812,0.009993744788364234,0.9419368173053251,0.9130160876930331,1.0634207959484083
1759299744.620142,0,follower,auto,0.4179672300815582,0.9194019436836243,-0.0987829640507698,1.0500000000000003,1.0,0.0,0.632032769918442,0.08059805631637573,0.0987829640507698,0,0,0,0,,,,,,,
1759299744.7205536,1,follower,auto,0.9568729996681213,0.8881556987762451,1.0674030780792236,1.0500000000000003,1.0,1.0,0.09312700033187893,0.11184430122375488,-0.06740307807922363,-6.255044161113552,8.299929524800374,10.978096863609016,0,,,,,,,
1759299744.8492706,0,leader,auto,0.4179672300815582,0.9194019436836243,-0.0987829640507698,1.0500000000000003,1.0,0.0,0.632032769918442,0.08059805631637573,0.0987829640507698,0,0,0,0,1.0,0.14745381716182832,-0.07185060340303318,-0.07672704534735628,0.3442403215006441,0.9553272453851409,-0.06041944137709166
1759299744.9496703,1,follower,auto,0.9568729996681213,0.8881556987762451,1.0674030780792236,1.0500000000000003,1.0,1.0,0.09312700033187893,0.11184430122375488,-0.06740307807922363,0,0,0,0,0.19265311489431308,0.05735718351146113,-0.0686925735742624,0.0053900754679863105,0.9281944079123907,0.9225019855633763,1.0647080403452305
1759299744.9502013,0,follower,auto,0.42109325528144836,0.9247188568115234,-0.09740253537893295,1.0500000000000003,1.0,0.0,0.6289067447185519,0.07528114318847656,0.09740253537893295,0,0,0,0,,,,,,,
1759299745.050537,1,follower,auto,0.9359622001647949,0.9069232940673828,1.0662370920181274,1.0500000000000003,1.0,1.0,0.11403779983520534,0.09307670593261719,-0.06623709201812744,-6.242291829014555,10.348008394343017,8.927237692767816,0,,,,,,,
1759299745.2183745,0,leader,auto,0.42109325528144836,0.9247188568115234,-0.09740253537893295,1.0500000000000003,1.0,0.0,0.6289067447185519,0.07528114318847656,0.09740253537893295,0,0,0,0,1.0,0.15425189754313384,-0.06678397436759942,-0.07833502178485435,0.34396730650988144,0.9581108439953232,-0.05823502448650577
1759299745.3186834,1,follower,auto,0.9359622001647949,0.9069232940673828,1.0662370920181274,1.0500000000000003,1.0,1.0,0.11403779983520534,0.09307670593261719,-0.06623709201812744,0,0,0,0,0.2275927633513984,0.05082984619448272,-0.06043808603001355,0.004365854163646654,0.9105472770675536,0.9371423370823896,1.0640541649363042
1759299745.319329,0,follower,auto,0.43031319975852966,0.9302356243133545,-0.09728648513555527,1.0500000000000003,1.0,0.0,0.6196868002414706,0.06976437568664551,0.09728648513555527,0,0,0,0,,,,,,,
1759299745.4198341,1,follower,auto,0.9180716276168823,0.9237577319145203,1.0683302879333496,1.0500000000000003,1.0,1.0,0.13192837238311794,0.07624226808547974,-0.06833028793334961,-6.25626629882298,12.379596306414115,6.909175504235756,0,,,,,,,
1759299745.544014,0,leader,auto,0.43031319975852966,0.9302356243133545,-0.09728648513555527,1.0500000000000003,1.0,0.0,0.6196868002414706,0.06976437568664551,0.09728648513555527,0,0,0,0,1.0,0.16488855957239945,-0.0641187524791994,-0.08112936807164475,0.34786891997232994,0.9622950005529542,-0.056721801099732884
1759299745.644345,1,follower,auto,0.9180716276168823,0.9237577319145203,1.0683302879333496,1.0500000000000003,1.0,1.0,0.13192837238311794,0.07624226808547974,-0.06833028793334961,0,0,0,0,0.2688690808780413,0.05190266043513092,-0.05896485697433107,0.008564352090957517,0.8921202973993169,0.9532401604016858,1.0640481118878709
1759299745.6447818,0,follower,auto,0.4382701814174652,0.9327872395515442,-0.09802434593439102,1.0500000000000003,1.0,0.0,0.6117298185825351,0.06721276044845581,0.09802434593439102,0,0,0,0,,,,,,,
1759299745.7451227,1,follower,auto,0.9122669696807861,0.9335861206054688,1.0716456174850464,1.0500000000000003,1.0,1.0,0.13773303031921413,0.06641387939453125,-0.07164561748504639,-7.27078167101217,12.346754565397116,5.927360045608381,0,,,,,,,
1759299745.8682587,0,leader,auto,0.4382701814174652,0.9327872395515442,-0.09802434593439102,1.0500000000000003,1.0,0.0,0.6117298185825351,0.06721276044845581,0.09802434593439102,0,0,0,0,1.0,0.16982171377957656,-0.06563836908067466,-0.08403859958978648,0.35335932452767693,0.9656064240918816,-0.056005046139497784
1759299745.9685676,1,follower,auto,0.9122669696807861,0.9335861206054688,1.0716456174850464,1.0500000000000003,1.0,1.0,0.13773303031921413,0.06641387939453125,-0.07164561748504639,0,0,0,0,0.3176312883928896,0.06632231473299666,-0.06548746405437944,0.013235692463519522,0.8791058123142879,0.9663298526326585,1.0650277712532867
1759299745.96919,0,follower,auto,0.44561222195625305,0.9329496026039124,-0.09670743346214294,1.0500000000000003,1.0,0.0,0.6043877780437472,0.06705039739608765,0.09670743346214294,0,0,0,0,,,,,,,
1759299746.0696247,1,follower,auto,0.9170597791671753,0.9474433064460754,1.0782431364059448,1.0500000000000003,1.0,1.0,0.13294022083282497,0.05255669355392456,-0.07824313640594482,-7.295018452034809,12.290023788678411,4.898626773862987,0,,,,,,,
1759299746.1776106,0,leader,auto,0.44561222195625305,0.9329496026039124,-0.09670743346214294,1.0500000000000003,1.0,0.0,0.6043877780437472,0.06705039739608765,0.09670743346214294,0,0,0,0,1.0,0.172427806918528,-0.068641832715711,-0.0840266606514769,0.35939831849698906,0.9672705189617679,-0.05469410313640449
1759299746.2782435,1,follower,auto,0.9170597791671753,0.9474433064460754,1.0782431364059448,1.0500000000000003,1.0,1.0,0.13294022083282497,0.05255669355392456,-0.07824313640594482,0,0,0,0,0.3752370299948712,0.08555824007743917,-0.0645646238547879,0.020340355125167076,0.8742806591284558,0.9797256183734694,1.0680729588433613
1759299746.279348,0,follower,auto,0.4530382454395294,0.9287258982658386,-0.09334523230791092,1.0500000000000003,1.0,0.0,0.5969617545604708,0.07127410173416138,0.09334523230791092,0,0,0,0,,,,,,,
1759299746.379871,1,follower,auto,0.9240921139717102,0.9601107239723206,1.0847898721694946,1.0500000000000003,1.0,1.0,0.12590788602829006,0.03988927602767944,-0.08478987216949463,-8.30447672609282,11.26304192837112,2.8758298067179173,0,,,,,,,
1759299746.4811766,0,leader,auto,0.4530382454395294,0.9287258982658386,-0.09334523230791092,1.0500000000000003,1.0,0.0,0.5969617545604708,0.07127410173416138,0.09334523230791092,0,0,0,0,1.0,0.174504141259529,-0.07431736960204383,-0.08256412688780565,0.36578617480976494,0.9658845830668605,-0.05206316886400809
1759299746.5814412,1,follower,auto,0.9240921139717102,0.9601107239723206,1.0847898721694946,1.0500000000000003,1.0,1.0,0.12590788602829006,0.03988927602767944,-0.08478987216949463,0,0,0,0,0.44329017267721976,0.09834927801303983,-0.06490351316644993,0.02515714903352184,0.8749174749651902,0.9925624805555455,1.0722112976527338
1759299746.5818696,0,follower,auto,0.4602167308330536,0.9232901334762573,-0.08832243084907532,1.0500000000000003,1.0,0.0,0.5897832691669467,0.07670986652374268,0.08832243084907532,0,0,0,0,,,,,,,
1759299746.682271,1,follower,auto,0.9336449503898621,0.9617493152618408,1.0862334966659546,1.0500000000000003,1.0,1.0,0.1163550496101382,0.03825068473815918,-0.08623349666595459,-8.27907933497069,10.240622577059368,2.9123012574889318,0,,,,,,,
1759299746.8051224,0,leader,auto,0.4602167308330536,0.9232901334762573,-0.08832243084907532,1.0500000000000003,1.0,0.0,0.5897832691669467,0.07670986652374268,0.08832243084907532,0,0,0,0,1.0,0.1759321668087891,-0.07827497296305896,-0.08079606221415456,0.37225064742865904,0.9624276199577868,-0.04792439974199803
1759299746.905689,1,follower,auto,0.9336449503898621,0.9617493152618408,1.0862334966659546,1.0500000000000003,1.0,1.0,0.1163550496101382,0.03825068473815918,-0.08623349666595459,0,0,0,0,0.5236854614132439,0.107622327126224,-0.07519815368152405,0.02390962517629447,0.8798337868267501,0.9993483921026028,1.0742786840778074
1759299746.9066412,0,follower,auto,0.46815451979637146,0.9202965497970581,-0.08655320107936859,1.0500000000000003,1.0,0.0,0.5818454802036288,0.0797034502029419,0.08655320107936859,0,0,0,0,,,,,,,
1759299747.0074592,1,follower,auto,0.9497302770614624,0.9666629433631897,1.0852675437927246,1.0500000000000003,1.0,1.0,0.10026972293853786,0.0333370566368103,-0.08526754379272461,-8.258847748350018,9.195307464000017,2.9008101806753293,0,,,,,,,
1759299747.148338,0,leader,auto,0.46815451979637146,0.9202965497970581,-0.08655320107936859,1.0500000000000003,1.0,0.0,0.5818454802036288,0.0797034502029419,0.08655320107936859,0,0,0,0,1.0,0.17800717898299312,-0.07762603077433239,-0.08357971604863165,0.3791509303048749,0.9591095651842243,-0.044763343055052765
1759299747.2487044,1,follower,auto,0.9497302770614624,0.9666629433631897,1.0852675437927246,1.0500000000000003,1.0,1.0,0.10026972293853786,0.0333370566368103,-0.08526754379272461,0,0,0,0,0.6186612729068861,0.11866093940237377,-0.07591855859956653,0.022348315082326264,0.8903998073602755,1.0046222226629729,1.0740933862515614
1759299747.2614045,0,follower,auto,0.47471359372138977,0.9261434078216553,-0.08731165528297424,1.0500000000000003,1.0,0.0,0.5752864062786105,0.07385659217834473,0.08731165528297424,0,0,0,0,,,,,,,
1759299747.3624005,1,follower,auto,0.9751216769218445,0.9748890995979309,1.075944423675537,1.0500000000000003,1.0,1.0,0.07487832307815578,0.025110900402069092,-0.07594442367553711,-7.206062003258143,6.118045325755009,1.8834395374570314,0,,,,,,,
1759299747.5170765,0,leader,auto,0.47471359372138977,0.9261434078216553,-0.08731165528297424,1.0500000000000003,1.0,0.0,0.5752864062786105,0.07385659217834473,0.08731165528297424,0,0,0,0,1.0,0.17821579055722075,-0.0682930646788813,-0.08784537639544847,0.38560569844277937,0.9602899401610959,-0.04338896708525001
1759299747.6173716,1,follower,auto,0.9751216769218445,0.9748890995979309,1.075944423675537,1.0500000000000003,1.0,1.0,0.07487832307815578,0.025110900402069092,-0.07594442367553711,0,0,0,0,0.7165313105737893,0.13281862211017115,-0.07179347150537496,0.014716496851414185,0.9087123658667589,1.0107858353506183,1.06858617524983
1759299747.6177952,0,follower,auto,0.4792551100254059,0.9429260492324829,-0.08867073804140091,1.0500000000000003,1.0,0.0,0.5707448899745944,0.05707395076751709,0.08867073804140091,0,0,0,0,,,,,,,
1759299747.7181277,1,follower,auto,1.0039279460906982,0.9971137642860413,1.0605762004852295,1.0500000000000003,1.0,1.0,0.046072053909302024,0.0028862357139587402,-0.06057620048522949,-6.147677235836766,3.052601650559583,-0.18765774173396751,0,,,,,,,
1759299747.8658226,0,leader,auto,0.4792551100254059,0.9429260492324829,-0.08867073804140091,1.0500000000000003,1.0,0.0,0.5707448899745944,0.05707395076751709,0.08867073804140091,0,0,0,0,1.0,0.17684714395940188,-0.052747175083787456,-0.0908185809937613,0.3908315380457049,0.9692996367743767,-0.04326144754452026
1759299747.966351,1,follower,auto,1.0039279460906982,0.9971137642860413,1.0605762004852295,1.0500000000000003,1.0,1.0,0.046072053909302024,0.0028862357139587402,-0.06057620048522949,0,0,0,0,0.8464817248906141,0.14152137855122593,-0.05440844260164002,0.006289087742367139,0.9331672568150853,1.0243179855868614,1.057431656614046
1759299747.9672778,0,follower,auto,0.4832290709018707,0.9533395767211914,-0.08635631203651428,1.0500000000000003,1.0,0.0,0.5667709290981295,0.046660423278808594,0.08635631203651428,0,0,0,0,,,,,,,
1759299748.0677056,1,follower,auto,1.0319857597351074,1.0260101556777954,1.050478219985962,1.0500000000000003,1.0,1.0,0.018014240264892845,-0.02601015567779541,-0.050478219985961914,-5.139982328350837,0.010905420840882973,-2.2622835630263625,0,,,,,,,
1759299748.183819,0,leader,auto,0.4832290709018707,0.9533395767211914,-0.08635631203651428,1.0500000000000003,1.0,0.0,0.5667709290981295,0.046660423278808594,0.08635631203651428,0,0,0,0,1.0,0.17617408663395612,-0.051275990597354104,-0.08879350241871228,0.3951420275848927,0.9789775720198685,-0.041959560827158134
1759299748.284103,1,follower,auto,1.0319857597351074,1.0260101556777954,1.050478219985962,1.0500000000000003,1.0,1.0,0.018014240264892845,-0.02601015567779541,-0.050478219985961914,0,0,0,0,1.0,0.142349417196168,-0.03763707594565435,0.008725317994283444,0.9608110511370234,1.0448286936506226,1.0461155609888202
1759299748.2845821,0,follower,auto,0.4857674837112427,0.9568356871604919,-0.08229299634695053,1.0500000000000003,1.0,0.0,0.5642325162887576,0.04316431283950806,0.08229299634695053,0,0,0,0,,,,,,,
1759299748.3849015,1,follower,auto,1.0471224784851074,1.042702555656433,1.0425927639007568,1.0500000000000003,1.0,1.0,0.0028775215148928446,-0.042702555656433105,-0.042592763900756836,-4.134628883908836,-0.9553945746835757,-4.2448916910316274,0,,,,,,,
1759299748.5355916,0,leader,auto,0.4857674837112427,0.9568356871604919,-0.08229299634695053,1.0500000000000003,1.0,0.0,0.5642325162887576,0.04316431283950806,0.08229299634695053,0,0,0,0,1.0,0.1749976577382914,-0.05718653451374034,-0.08623651613184746,0.39826865484209695,0.9854289544173621,-0.03917473828102679
1759299748.6359265,1,follower,auto,1.0471224784851074,1.042702555656433,1.0425927639007568,1.0500000000000003,1.0,1.0,0.0028775215148928446,-0.042702555656433105,-0.042592763900756836,0,0,0,0,0.85,0.12628633254953592,-0.03994888624137993,0.013222820166534754,0.9839793122103395,1.062676998777123,1.0359813538174896
1759299748.636415,0,follower,auto,0.4867398738861084,0.9570626616477966,-0.08152449131011963,1.0500000000000003,1.0,0.0,0.5632601261138919,0.04293733835220337,0.08152449131011963,0,0,0,0,,,,,,,
1759299748.7368,1,follower,auto,1.0495868921279907,1.0468299388885498,1.0369155406951904,1.0500000000000003,1.0,1.0,0.0004131078720095438,-0.046829938888549805,-0.03691554069519043,-3.138005783605769,-0.8886296894197669,-4.186813341922335,0,,,,,,,
1759299748.8414688,0,leader,auto,0.4867398738861084,0.9570626616477966,-0.08152449131011963,1.0500000000000003,1.0,0.0,0.5632601261138919,0.04293733835220337,0.08152449131011963,0,0,0,0,1.0,0.17346847921249559,-0.06300481844321659,-0.08851387660535942,0.4000056342798606,0.9885650708694049,-0.03726755300743991
1759299748.941872,1,follower,auto,1.0495868921279907,1.0468299388885498,1.0369155406951904,1.0500000000000003,1.0,1.0,0.0004131078720095438,-0.046829938888549805,-0.03691554069519043,0,0,0,0,1.0,0.10218647816169368,-0.05160986305697124,0.01838289084911282,0.9984936530471439,1.0726348704170354,1.0277240952706341
1759299748.9435282,0,follower,auto,0.4862101972103119,0.956050455570221,-0.08215562999248505,1.0500000000000003,1.0,0.0,0.5637898027896884,0.04394954442977905,0.08215562999248505,0,0,0,0,,,,,,,
1759299749.0441778,1,follower,auto,1.0455795526504517,1.0400888919830322,1.0358270406723022,1.0500000000000003,1.0,1.0,0.004420447349548606,-0.04008889198303223,-0.035827040672302246,-3.1605060265803915,-0.8355309559716286,-4.113393985434405,0,,,,,,,
1759299749.2036607,0,leader,auto,0.4862101972103119,0.956050455570221,-0.08215562999248505,1.0500000000000003,1.0,0.0,0.5637898027896884,0.04394954442977905,0.08215562999248505,0,0,0,0,1.0,0.17186511111862307,-0.06660884670944167,-0.0912564988401155,0.4002776416510003,0.9893548789249418,-0.03652738057242729
1759299749.3042185,1,follower,auto,1.0455795526504517,1.0400888919830322,1.0358270406723022,1.0500000000000003,1.0,1.0,0.004420447349548606,-0.04008889198303223,-0.035827040672302246,0,0,0,0,1.0,0.08088797847095308,-0.06597183169049647,0.025876578547753715,1.0051355634149752,1.0730748078282804,1.0228887513984253
1759299749.305526,0,follower,auto,0.48407217860221863,0.95343416929245,-0.08321301639080048,1.0500000000000003,1.0,0.0,0.5659278213977816,0.04656583070755005,0.08321301639080048,0,0,0,0,,,,,,,
1759299749.4063368,1,follower,auto,1.0360289812088013,1.0232198238372803,1.0308483839035034,1.0500000000000003,1.0,1.0,0.013971018791198997,-0.023219823837280273,-0.030848383903503418,-3.145241348187464,0.21323411930163205,-2.0300292948496437,0,,,,,,,
1759299749.6166632,0,leader,auto,0.48407217860221863,0.95343416929245,-0.08321301639080048,1.0500000000000003,1.0,0.0,0.5659278213977816,0.04656583070755005,0.08321301639080048,0,0,0,0,1.0,0.1701584573614245,-0.0693814461456661,-0.09319187045413718,0.39899294992150636,0.988124892365283,-0.036617081163731885
1759299749.7169628,1,follower,auto,1.0360289812088013,1.0232198238372803,1.0308483839035034,1.0500000000000003,1.0,1.0,0.013971018791198997,-0.023219823837280273,-0.030848383903503418,0,0,0,0,1.0,0.06246441446070461,-0.0806031929588722,0.025876477694115163,1.004796773978449,1.0635214203167163,1.0179101450564458
1759299749.7173963,0,follower,auto,0.47826099395751953,0.9494948387145996,-0.08814261108636856,1.0500000000000003,1.0,0.0,0.5717390060424807,0.05050516128540039,0.08814261108636856,0,0,0,0,,,,,,,
1759299749.817719,1,follower,auto,1.0207483768463135,1.0036749839782715,1.0295106172561646,1.0500000000000003,1.0,1.0,0.02925162315368679,-0.0036749839782714844,-0.02951061725616455,-2.163105996918779,1.2627982609527098,0.023212865602609677,0,,,,,,,
1759299749.954532,0,leader,auto,0.47826099395751953,0.9494948387145996,-0.08814261108636856,1.0500000000000003,1.0,0.0,0.5717390060424807,0.05050516128540039,0.08814261108636856,0,0,0,0,1.0,0.16637800301218375,-0.07138523428836141,-0.09812084560293499,0.39507199245142766,0.9851874558587803,-0.03908218828490106
1759299750.055024,1,follower,auto,1.0207483768463135,1.0036749839782715,1.0295106172561646,1.0500000000000003,1.0,1.0,0.02925162315368679,-0.0036749839782714844,-0.02951061725616455,0,0,0,0,1.0,0.04601429770305088,-0.08807205815863273,0.02965671578344964,0.997741227994788,1.047711013057588,1.0146822593644398
1759299750.0558953,0,follower,auto,0.4731356203556061,0.9452520608901978,-0.09774512052536011,1.0500000000000003,1.0,0.0,0.5768643796443942,0.054747939109802246,0.09774512052536011,0,0,0,0,,,,,,,
1759299750.15638,1,follower,auto,1.0060784816741943,0.9848491549491882,1.0300993919372559,1.0500000000000003,1.0,1.0,0.04392151832580593,0.015150845050811768,-0.03009939193725586,-3.1902274686760013,3.285158068330788,1.0510177658830993,0,,,,,,,
1759299750.2633548,0,leader,auto,0.4731356203556061,0.9452520608901978,-0.09774512052536011,1.0500000000000003,1.0,0.0,0.5768643796443942,0.054747939109802246,0.09774512052536011,0,0,0,0,1.0,0.1660141368050444,-0.0721812417979395,-0.10522985424997602,0.3901285519530839,0.9813426817891675,-0.0451301934003721
1759299750.3636994,1,follower,auto,1.0060784816741943,0.9848491549491882,1.0300993919372559,1.0500000000000003,1.0,1.0,0.04392151832580593,0.015150845050811768,-0.03009939193725586,0,0,0,0,1.0,0.037565290637254556,-0.08889148169102246,0.033272734761190415,0.9872958363555671,1.0292948957946995,1.0134630245566607
1759299750.3643253,0,follower,auto,0.4724661111831665,0.9404646754264832,-0.10480646789073944,1.0500000000000003,1.0,0.0,0.5775338888168338,0.059535324573516846,0.10480646789073944,0,0,0,0,,,,,,,
1759299750.46476,1,follower,auto,0.9917783737182617,0.9677711129188538,1.032671332359314,1.0500000000000003,1.0,1.0,0.05822162628173855,0.03222888708114624,-0.032671332359313965,-3.2165570601423474,4.306463767704876,3.0638921423803245,0,,,,,,,
1759299750.669098,0,leader,auto,0.4724661111831665,0.9404646754264832,-0.10480646789073944,1.0500000000000003,1.0,0.0,0.5775338888168338,0.059535324573516846,0.10480646789073944,0,0,0,0,1.0,0.1711377147108225,-0.07259011982240482,-0.1062971267233184,0.38689725382775525,0.9767597353376856,-0.05165790452908024
1759299750.7694643,1,follower,auto,0.9917783737182617,0.9677711129188538,1.032671332359314,1.0500000000000003,1.0,1.0,0.05822162628173855,0.03222888708114624,-0.032671332359313965,0,0,0,0,1.0,0.03359273157169418,-0.08559387385766382,0.0370296484891669,0.9749820079324146,1.0105680498476857,1.0141565081147306
1759299750.7701025,0,follower,auto,0.47362974286079407,0.9295994639396667,-0.10870038717985153,1.0500000000000003,1.0,0.0,0.5763702571392062,0.07040053606033325,0.10870038717985153,0,0,0,0,,,,,,,
1759299750.870589,1,follower,auto,0.9715275168418884,0.9458451867103577,1.0368272066116333,1.0500000000000003,1.0,1.0,0.07847248315811184,0.054154813289642334,-0.0368272066116333,-3.238848170477149,6.363836586361382,5.099175845505311,0,,,,,,,
1759299750.9760742,0,leader,auto,0.47362974286079407,0.9295994639396667,-0.10870038717985153,1.0500000000000003,1.0,0.0,0.5763702571392062,0.07040053606033325,0.10870038717985153,0,0,0,0,0.7165313105737893,0.17625420164600814,-0.07832468316048757,-0.10394339577171981,0.38550264203779,0.9687618055199105,-0.05672868929399163
1759299751.076579,1,follower,auto,0.9715275168418884,0.9458451867103577,1.0368272066116333,1.0500000000000003,1.0,1.0,0.07847248315811184,0.054154813289642334,-0.0368272066116333,0,0,0,0,1.0,0.025892500771107163,-0.08741908030829948,0.04037043723622269,0.9585812664563349,0.9895547268645074,1.016641987993522
1759299751.0775752,0,follower,auto,0.4750158488750458,0.9203424453735352,-0.10768234729766846,1.0500000000000003,1.0,0.0,0.5749841511249545,0.07965755462646484,0.10768234729766846,0,0,0,0,,,,,,,
1759299751.1779463,1,follower,auto,0.9556679725646973,0.931311309337616,1.03840172290802,1.0500000000000003,1.0,1.0,0.094332027435303,0.06868869066238403,-0.03840172290802002,-3.2319061076903335,8.378836874629632,6.081652317917798,0,,,,,,,
1759299751.347759,0,leader,auto,0.4750158488750458,0.9203424453735352,-0.10768234729766846,1.0500000000000003,1.0,0.0,0.5749841511249545,0.07965755462646484,0.10768234729766846,0,0,0,0,0.513417119032592,0.17962856440907493,-0.0793951988632069,-0.09819292815755373,0.3852015666705083,0.9600400448051386,-0.0585858832188916
1759299751.448104,1,follower,auto,0.9556679725646973,0.931311309337616,1.03840172290802,1.0500000000000003,1.0,1.0,0.094332027435303,0.06868869066238403,-0.03840172290802002,0,0,0,0,1.0,0.02737734459730845,-0.08002895165153179,0.03925992476553175,0.941979300266043,0.9713257851633819,1.0187717605252542
1759299751.4489791,0,follower,auto,0.48418673872947693,0.9089673757553101,-0.09934590756893158,1.0500000000000003,1.0,0.0,0.5658132612705233,0.09103262424468994,0.09934590756893158,0,0,0,0,,,,,,,
1759299751.54952,1,follower,auto,0.9411205649375916,0.9277969598770142,1.043890118598938,1.0500000000000003,1.0,1.0,0.10887943506240871,0.07220304012298584,-0.04389011859893799,-4.2417393018682,9.405642890770904,7.015947575711147,0,,,,,,,
1759299751.706126,0,leader,auto,0.48418673872947693,0.9089673757553101,-0.09934590756893158,1.0500000000000003,1.0,0.0,0.5658132612705233,0.09103262424468994,0.09934590756893158,0,0,0,0,0.36787944117144233,0.1896098155205609,-0.08183149655476152,-0.08847539460829373,0.3893818309691965,0.9498831240326908,-0.055108210264784706
1759299751.806556,1,follower,auto,0.9411205649375916,0.9277969598770142,1.043890118598938,1.0500000000000003,1.0,1.0,0.10887943506240871,0.07220304012298584,-0.04389011859893799,0,0,0,0,1.0,0.03084217876421924,-0.06483404869919918,0.0424450263325018,0.9256994755554819,0.9602139842266137,1.022667605432687
1759299751.807843,0,follower,auto,0.49805280566215515,0.9057316184043884,-0.09282317757606506,1.0500000000000003,1.0,0.0,0.5519471943378451,0.09426838159561157,0.09282317757606506,0,0,0,0,,,,,,,
1759299751.9087129,1,follower,auto,0.9330370426177979,0.9398183822631836,1.0529212951660156,1.0500000000000003,1.0,1.0,0.11696295738220241,0.060181617736816406,-0.052921295166015625,-5.264613229479766,10.408787527334592,5.911637465758007,0,,,,,,,
1759299752.0633464,0,leader,auto,0.49805280566215515,0.9057316184043884,-0.09282317757606506,1.0500000000000003,1.0,0.0,0.5519471943378451,0.09426838159561157,0.09282317757606506,0,0,0,0,0.26359713811572677,0.1995553727665369,-0.07513767726721965,-0.08588875548702113,0.3982751192788867,0.9433004570379983,-0.0498787998325545
1759299752.1638713,1,follower,auto,0.9330370426177979,0.9398183822631836,1.0529212951660156,1.0500000000000003,1.0,1.0,0.11696295738220241,0.060181617736816406,-0.052921295166015625,0,0,0,0,1.0,0.04061883740857397,-0.04183396105270942,0.047579667159300953,0.9127276239135109,0.9607353627895383,1.0291314615863651
1759299752.1645374,0,follower,auto,0.5068435668945312,0.9090902805328369,-0.08614139258861542,1.0500000000000003,1.0,0.0,0.543156433105469,0.09090971946716309,0.08614139258861542,0,0,0,0,,,,,,,
1759299752.264986,1,follower,auto,0.9302305579185486,0.9528926014900208,1.0592310428619385,1.0500000000000003,1.0,1.0,0.11976944208145168,0.04710739850997925,-0.05923104286193848,-5.2583585496087,10.395085914031238,3.868215081275368,0,,,,,,,
1759299752.4059496,0,follower,auto,0.5068435668945312,0.9090902805328369,-0.08614139258861542,1.0500000000000003,1.0,0.0,0.543156433105469,0.09090971946716309,0.08614139258861542,0,0,0,0,0.18887560283756183,0.1994639613700594,-0.06558890743020596,-0.08495944413727635,0.40711158620950155,0.94188473424794,-0.04366167051997724
1759299752.5065258,1,leader,auto,0.9302305579185486,0.9528926014900208,1.0592310428619385,1.0500000000000003,1.0,0.0,0.11976944208145168,0.04710739850997925,-1.0592310428619385,0,0,0,0,1.0,0.05237093029791495,-0.029713180728918598,0.047552220329933226,0.9040450927695911,0.96774919185448,1.0354549326969718
1759299752.5075264,0,follower,auto,0.5073381662368774,0.9187738299369812,-0.08805609494447708,1.0500000000000003,1.0,1.0,0.5426618337631228,0.0812261700630188,1.088056094944477,0,0,0,0,,,,,,,
1759299752.608378,1,follower,auto,0.9341917634010315,0.9578250646591187,1.0631322860717773,1.0500000000000003,1.0,0.0,0.11580823659896877,0.04217493534088135,-1.0631322860717773,-20,10.35213246139752,3.9008823714199257,0,,,,,,,
1759299752.7126815,0,follower,auto,0.5073381662368774,0.9187738299369812,-0.08805609494447708,1.0500000000000003,1.0,1.0,0.5426618337631228,0.0812261700630188,1.088056094944477,0,0,0,0,0.1353352832366127,0.19113549474753927,-0.05511527742978051,-0.09338697686595207,0.41177041886310783,0.9463314686518715,-0.041362606511501046
1759299752.8131135,1,leader,auto,0.9341917634010315,0.9578250646591187,1.0631322860717773,1.0500000000000003,1.0,0.0,0.11580823659896877,0.04217493534088135,-1.0631322860717773,0,0,0,0,1.0,0.06630416514537762,-0.03201877087685834,0.04525577655831947,0.9010396808283427,0.9738344500975478,1.0405043977926176
1759299752.8138623,0,follower,auto,0.5050227046012878,0.9281601309776306,-0.09518955647945404,1.0500000000000003,1.0,1.0,0.5449772953987124,0.07183986902236938,1.095189556479454,0,0,0,0,,,,,,,
1759299752.914345,1,follower,auto,0.9421645998954773,0.9548565745353699,1.064409852027893,1.0500000000000003,1.0,0.0,0.10783540010452297,0.04514342546463013,-1.064409852027893,-20,9.308525100925168,3.9602607602340756,0,,,,,,,
1759299753.0182295,0,follower,auto,0.5050227046012878,0.9281601309776306,-0.09518955647945404,1.0500000000000003,1.0,1.0,0.5449772953987124,0.07183986902236938,1.095189556479454,0,0,0,0,0.09697196786440505,0.18438281308965487,-0.050801987046216635,-0.10548482798775644,0.4128312980564604,0.9535611245007389,-0.04244714248557582
1759299753.1185675,1,leader,auto,0.9421645998954773,0.9548565745353699,1.064409852027893,1.0500000000000003,1.0,0.0,0.10783540010452297,0.04514342546463013,-1.064409852027893,0,0,0,0,1.0,0.07821284256778671,-0.04124727056460842,0.0453524830048313,0.9030581786115839,0.975480209817674,1.0417336105254775
1759299753.119082,0,follower,auto,0.5011566281318665,0.9376354217529297,-0.10493562370538712,1.0500000000000003,1.0,1.0,0.5488433718681338,0.06236457824707031,1.1049356237053871,0,0,0,0,,,,,,,
1759299753.2194688,1,follower,auto,0.9543903470039368,0.9489647746086121,1.056695580482483,1.0500000000000003,1.0,0.0,0.0956096529960635,0.05103522539138794,-1.056695580482483,-20,8.2580726669963,5.007843158080065,0,,,,,,,
1759299753.3313658,0,follower,auto,0.5011566281318665,0.9376354217529297,-0.10493562370538712,1.0500000000000003,1.0,1.0,0.5488433718681338,0.06236457824707031,1.1049356237053871,0,0,0,0,0.06948345122280154,0.17984628709963957,-0.049033312186634315,-0.11650923853992083,0.41123348458204667,0.9621520778462469,-0.0466810044354267
1759299753.431665,1,leader,auto,0.9543903470039368,0.9489647746086121,1.056695580482483,1.0500000000000003,1.0,0.0,0.0956096529960635,0.05103522539138794,-1.056695580482483,0,0,0,0,1.0,0.08879190210404175,-0.04874371363743579,0.040275186651440364,0.9099943959519159,0.97333663142733,1.0365579871567627
1759299753.4323268,0,follower,auto,0.4975416362285614,0.9374858736991882,-0.10775693506002426,1.0500000000000003,1.0,1.0,0.5524583637714389,0.06251412630081177,1.1077569350600243,0,0,0,0,,,,,,,
1759299753.5329092,1,follower,auto,0.9684851765632629,0.9408666491508484,1.0316832065582275,1.0500000000000003,1.0,0.0,0.08151482343673733,0.05913335084915161,-1.0316832065582275,-20,7.2157633789401,5.0363921199541934,0,,,,,,,
1759299753.6419234,0,follower,auto,0.4975416362285614,0.9374858736991882,-0.10775693506002426,1.0500000000000003,1.0,1.0,0.5524583637714389,0.06251412630081177,1.1077569350600243,0,0,0,0,0.049787068367863944,0.17833295149325723,-0.05803837980622595,-0.11718395698120909,0.4083751604819328,0.9665050636023012,-0.04916495656941972
1759299753.7425137,1,leader,auto,0.9684851765632629,0.9408666491508484,1.0316832065582275,1.0500000000000003,1.0,0.0,0.08151482343673733,0.05913335084915161,-1.0316832065582275,0,0,0,0,1.0,0.09579523493718389,-0.0547316286534395,0.02443155642961381,0.920587559094671,0.9682324634775681,1.0194674283434206
1759299753.7433836,0,follower,auto,0.4957800805568695,0.9277111291885376,-0.1053677424788475,1.0500000000000003,1.0,1.0,0.5542199194431308,0.0722888708114624,1.1053677424788475,0,0,0,0,,,,,,,
1759299753.8437817,1,follower,auto,0.9824408292770386,0.9320880174636841,0.9928956031799316,1.0500000000000003,1.0,0.0,0.06755917072296169,0.06791198253631592,-0.9928956031799316,-20,5.1880487423545345,6.042743905612875,0,,,,,,,
1759299753.986384,0,follower,auto,0.4957800805568695,0.9277111291885376,-0.1053677424788475,1.0500000000000003,1.0,1.0,0.5542199194431308,0.0722888708114624,1.1053677424788475,0,0,0,0,0.035673993347252395,0.17997139613434782,-0.07221242054933208,-0.11438121334150908,0.40579438248969557,0.9638173394632037,-0.04817713580809297
1759299754.0867074,1,leader,auto,0.9824408292770386,0.9320880174636841,0.9928956031799316,1.0500000000000003,1.0,0.0,0.06755917072296169,0.06791198253631592,-0.9928956031799316,0,0,0,0,1.0,0.09856678447950984,-0.058296899704494476,0.007123722953919609,0.9331574370372837,0.9612364673159313,0.9893337417029718
1759299754.0871255,0,follower,auto,0.4950207471847534,0.9205019474029541,-0.10874014347791672,1.0500000000000003,1.0,1.0,0.5549792528152468,0.0794980525970459,1.1087401434779167,0,0,0,0,,,,,,,
1759299754.1874976,1,follower,auto,1.000265121459961,0.9264836311340332,0.9397183060646057,1.0500000000000003,1.0,0.0,0.04973487854003933,0.0735163688659668,-0.9397183060646057,-20,3.142683371049351,7.029358668395593,0,,,,,,,
1759299754.292721,0,follower,auto,0.4950207471847534,0.9205019474029541,-0.10874014347791672,1.0500000000000003,1.0,1.0,0.5549792528152468,0.0794980525970459,1.1087401434779167,0,0,0,0,0.025561533206507402,0.1822935558511103,-0.07668927315115293,-0.12088190476836733,0.4038739692591983,0.9588465839785305,-0.04829919109373306
1759299754.3932629,1,leader,auto,1.000265121459961,0.9264836311340332,0.9397183060646057,1.0500000000000003,1.0,0.0,0.04973487854003933,0.0735163688659668,-0.9397183060646057,0,0,0,0,1.0,0.10265404129342037,-0.0569585533562994,-0.01109798059480549,0.9489381008132507,0.9549629078121828,0.9452672963620085
1759299754.393774,0,follower,auto,0.49543851613998413,0.9135891795158386,-0.1125527173280716,1.0500000000000003,1.0,1.0,0.5545614838600161,0.08641082048416138,1.1125527173280716,0,0,0,0,,,,,,,
1759299754.4943385,1,follower,auto,1.014172077178955,0.9232206344604492,0.8903640508651733,1.0500000000000003,1.0,0.0,0.03582792282104519,0.07677936553955078,-0.8903640508651733,-20,2.133655424160417,7.010756761809801,0,,,,,,,
1759299754.5977597,0,follower,auto,0.49543851613998413,0.9135891795158386,-0.1125527173280716,1.0500000000000003,1.0,1.0,0.5545614838600161,0.08641082048416138,1.1125527173280716,0,0,0,0,0.01831563888873418,0.1850743991405605,-0.07847658573787997,-0.12655037571367292,0.40290131656970385,0.9528274723847786,-0.04927752947123513
1759299754.6992607,1,leader,auto,1.014172077178955,0.9232206344604492,0.8903640508651733,1.0500000000000003,1.0,0.0,0.03582792282104519,0.07677936553955078,-0.8903640508651733,0,0,0,0,1.0,0.09899965304687441,-0.054281366359326344,-0.011108340938404293,0.9646722506555179,0.9503613176401124,0.8959182213343755
1759299754.700642,0,follower,auto,0.49758437275886536,0.9111518263816833,-0.10538101196289062,1.0500000000000003,1.0,1.0,0.5524156272411349,0.08884817361831665,1.1053810119628906,0,0,0,0,,,,,,,
1759299754.8022733,1,follower,auto,1.0283057689666748,0.9228125810623169,0.8446696400642395,1.0500000000000003,1.0,0.0,0.021694231033325462,0.0771874189376831,-0.8446696400642395,-20,1.118083129895525,6.9917838755192205,0,,,,,,,
1759299754.9674253,0,follower,auto,0.49758437275886536,0.9111518263816833,-0.10538101196289062,1.0500000000000003,1.0,1.0,0.5524156272411349,0.08884817361831665,1.1053810119628906,0,0,0,0,0.013123728736940968,0.1885660484704222,-0.07494686950122131,-0.12023657257814807,0.4033013485236543,0.9486252611322941,-0.04526272567381658
1759299755.0678062,1,leader,auto,1.0283057689666748,0.9228125810623169,0.8446696400642395,1.0500000000000003,1.0,0.0,0.021694231033325462,0.0771874189376831,-0.8446696400642395,0,0,0,0,1.0,0.09545761752219517,-0.05048348461685759,-0.0021759681882450588,0.9805769602055772,0.9480543233707457,0.845757624158362
1759299755.0683358,0,follower,auto,0.49744102358818054,0.9168079495429993,-0.08868739008903503,1.0500000000000003,1.0,1.0,0.5525589764118197,0.08319205045700073,1.088687390089035,0,0,0,0,,,,,,,
1759299755.1686673,1,follower,auto,1.0417170524597168,0.9154736995697021,0.7841381430625916,1.0500000000000003,1.0,0.0,0.00828294754028347,0.08452630043029785,-0.7841381430625916,-20,-0.898491866715909,8.03560717949098,0,,,,,,,
1759299755.270334,0,follower,auto,0.49744102358818054,0.9168079495429993,-0.08868739008903503,1.0500000000000003,1.0,1.0,0.5525589764118197,0.08319205045700073,1.088687390089035,0,0,0,0,0.01,0.18830851613402638,-0.06522489887492067,-0.10955184018725733,0.4032867655211674,0.9494203989804596,-0.033911469995406375
1759299755.3706818,1,leader,auto,1.0417170524597168,0.9154736995697021,0.7841381430625916,1.0500000000000003,1.0,0.0,0.00828294754028347,0.08452630043029785,-0.7841381430625916,0,0,0,0,1.0,0.0908572718095969,-0.056001230693564,-0.007492468809173425,0.9962884165549184,0.9434743149164841,0.7878843774671782
1759299755.371266,0,follower,auto,0.4977560341358185,0.9234564304351807,-0.08337346464395523,1.0500000000000003,1.0,1.0,0.5522439658641818,0.07654356956481934,1.0833734646439552,0,0,0,0,,,,,,,
1759299755.4716344,1,follower,auto,1.0495193004608154,0.9080662131309509,0.7351654767990112,1.0500000000000003,1.0,0.0,0.00048069953918483677,0.09193378686904907,-0.7351654767990112,-20,-0.8850376881146911,9.06427851035841,0,,,,,,,
1759299755.5800812,0,follower,auto,0.4977560341358185,0.9234564304351807,-0.08337346464395523,1.0500000000000003,1.0,1.0,0.5522439658641818,0.07654356956481934,1.0833734646439552,0,0,0,0,0.01,0.1889303967808006,-0.0597361929085799,-0.11785037441590629,0.4032908357454182,0.9533245268894706,-0.02444827743600208
1759299755.6808076,1,leader,auto,1.0495193004608154,0.9080662131309509,0.7351654767990112,1.0500000000000003,1.0,0.0,0.00048069953918483677,0.09193378686904907,-0.7351654767990112,0,0,0,0,1.0,0.08045200869943536,-0.05943757970558727,0.0065954233386593675,1.0092932961110979,0.9377850029837446,0.7318677651296815
1759299755.682131,0,follower,auto,0.5020409822463989,0.9294483065605164,-0.08695997297763824,1.0500000000000003,1.0,1.0,0.5479590177536013,0.07055169343948364,1.0869599729776382,0,0,0,0,,,,,,,
1759299755.7827296,1,follower,auto,1.0567923784255981,0.8922861814498901,0.6825702786445618,1.0500000000000003,1.0,0.0,-0.006792378425597878,0.10771381855010986,-0.6825702786445618,-20,-0.8798918583090449,10.134377276047013,0,,,,,,,
1759299756.0997481,0,follower,auto,0.5020409822463989,0.9294483065605164,-0.08695997297763824,1.0500000000000003,1.0,1.0,0.5479590177536013,0.07055169343948364,1.0869599729776382,0,0,0,0,0.01,0.19348801474761018,-0.057891015601101214,-0.13295381594859595,0.40529697487259386,0.958393814361067,-0.020483065003340274
1759299756.2000675,1,leader,auto,1.0567923784255981,0.8922861814498901,0.6825702786445618,1.0500000000000003,1.0,0.0,-0.006792378425597878,0.10771381855010986,-0.6825702786445618,0,0,0,0,1.0,0.0724876474685241,-0.07030842958885841,0.014851951938240071,1.0205485546913362,0.9274403962443194,0.6751443026754418
1759299756.2016044,0,follower,auto,0.5139265060424805,0.9281540513038635,-0.09184540063142776,1.0500000000000003,1.0,1.0,0.5360734939575198,0.07184594869613647,1.0918454006314278,0,0,0,0,,,,,,,
1759299756.3022928,1,follower,auto,1.0652366876602173,0.869709312915802,0.6056075096130371,1.0500000000000003,1.0,0.0,-0.015236687660217019,0.130290687084198,-0.6056075096130371,-20,-1.8767608004240794,13.206080181939585,0,,,,,,,
1759299756.5053556,0,follower,auto,0.5139265060424805,0.9281540513038635,-0.09184540063142776,1.0500000000000003,1.0,1.0,0.5360734939575198,0.07184594869613647,1.0918454006314278,0,0,0,0,0.01,0.20353019904782582,-0.06453457979138977,-0.14348061063633238,0.4121614065185676,0.9604213411995584,-0.020105095313261566
1759299756.6172788,1,leader,auto,1.0652366876602173,0.869709312915802,0.6056075096130371,1.0500000000000003,1.0,0.0,-0.015236687660217019,0.130290687084198,-0.6056075096130371,0,0,0,0,1.0,0.06764453397161452,-0.08331657496281164,-0.0007586534375008114,1.03141442067441,0.9113676003972078,0.6059868363317875
1759299756.6179063,0,follower,auto,0.5188431739807129,0.9243490695953369,-0.09658963233232498,1.0500000000000003,1.0,1.0,0.5311568260192874,0.07565093040466309,1.096589632332325,0,0,0,0,,,,,,,
1759299756.7182412,1,follower,auto,1.0778779983520508,0.8512653708457947,0.5462443828582764,1.0500000000000003,1.0,0.0,-0.027877998352050515,0.14873462915420532,-0.5462443828582764,-20,-2.90658439986195,14.222614027125593,0,,,,,,,
1759299756.8524325,0,follower,auto,0.5188431739807129,0.9243490695953369,-0.09658963233232498,1.0500000000000003,1.0,1.0,0.5311568260192874,0.07565093040466309,1.096589632332325,0,0,0,0,0.01,0.2014941803638889,-0.07048053582944203,-0.1500157967614,0.41809608379876845,0.9595893375100579,-0.021581733951624986
1759299756.9529505,1,leader,auto,1.0778779983520508,0.8512653708457947,0.5462443828582764,1.0500000000000003,1.0,0.0,-0.027877998352050515,0.14873462915420532,-0.5462443828582764,0,0,0,0,1.0,0.06725967513097775,-0.08690632685712196,0.014054652487330288,1.044248160786562,0.8947185342743557,0.5392170566146113
1759299756.954039,0,follower,auto,0.5208144187927246,0.9301526546478271,-0.09626088291406631,1.0500000000000003,1.0,1.0,0.5291855812072757,0.06984734535217285,1.0962608829140663,0,0,0,0,,,,,,,
1759299757.054748,1,follower,auto,1.099590539932251,0.8503167033195496,0.482906699180603,1.0500000000000003,1.0,0.0,-0.04959053993225071,0.14968329668045044,-0.482906699180603,-20,-4.979766505337613,14.15763487430303,0,,,,,,,
1759299757.1599298,0,follower,auto,0.5208144187927246,0.9301526546478271,-0.09626088291406631,1.0500000000000003,1.0,1.0,0.5291855812072757,0.06984734535217285,1.0962608829140663,0,0,0,0,0.01,0.1974933933866025,-0.06380914116429248,-0.14946001378574292,0.42206772209942334,0.9620572252299734,-0.021530876021194863
1759299757.260621,1,leader,auto,1.099590539932251,0.8503167033195496,0.482906699180603,1.0500000000000003,1.0,0.0,-0.04959053993225071,0.14968329668045044,-0.482906699180603,0,0,0,0,1.0,0.07373033862078615,-0.07258892359586833,0.022135382214649946,1.062725370621858,0.8866111651174837,0.47183900807327805
1759299757.2617528,0,follower,auto,0.5244442224502563,0.9372016191482544,-0.09634721279144287,1.0500000000000003,1.0,1.0,0.5255557775497439,0.0627983808517456,1.0963472127914429,0,0,0,0,,,,,,,
1759299757.3623786,1,follower,auto,1.1175472736358643,0.8672717809677124,0.42074891924858093,1.0500000000000003,1.0,0.0,-0.06754727363586399,0.1327282190322876,-0.42074891924858093,-20,-6.998553555422085,13.045047715341713,0,,,,,,,
1759299757.4652123,0,follower,auto,0.5244442224502563,0.9372016191482544,-0.09634721279144287,1.0500000000000003,1.0,1.0,0.5255557775497439,0.0627983808517456,1.0963472127914429,0,0,0,0,0.01,0.19721422390881427,-0.05909788776650271,-0.15086070124890602,0.4258371104958492,0.9667505630315057,-0.020916862166989854
1759299757.565568,1,leader,auto,1.1175472736358643,0.8672717809677124,0.42074891924858093,1.0500000000000003,1.0,0.0,-0.06754727363586399,0.1327282190322876,-0.42074891924858093,0,0,0,0,1.0,0.07012166239724937,-0.04925116241951255,0.031802266268594837,1.0824864424372396,0.8918973621774686,0.4048477861142835
1759299757.5660093,0,follower,auto,0.5265804529190063,0.9341393113136292,-0.097502201795578,1.0500000000000003,1.0,1.0,0.5234195470809939,0.06586068868637085,1.097502201795578,0,0,0,0,,,,,,,
1759299757.666367,1,follower,auto,1.1279059648513794,0.8863868117332458,0.35635843873023987,1.0500000000000003,1.0,0.0,-0.07790596485137913,0.11361318826675415,-0.35635843873023987,-20,-7.978164464596825,10.973391507576604,0,,,,,,,
1759299757.7713833,0,follower,auto,0.5265804529190063,0.9341393113136292,-0.097502201795578,1.0500000000000003,1.0,1.0,0.5234195470809939,0.06586068868637085,1.097502201795578,0,0,0,0,0.01,0.19565071038341808,-0.06684095822452774,-0.15385818657602351,0.4287550977272973,0.967559790425893,-0.02057310850756624
1759299757.8716805,1,leader,auto,1.1279059648513794,0.8863868117332458,0.35635843873023987,1.0500000000000003,1.0,0.0,-0.07790596485137913,0.11361318826675415,-0.35635843873023987,0,0,0,0,1.0,0.057216601848596005,-0.03745231158231166,0.03860795105253345,1.0992976639270813,0.9051129675244016,0.33705446320397314
1759299757.8725836,0,follower,auto,0.5278764367103577,0.9233723878860474,-0.10052136331796646,1.0500000000000003,1.0,1.0,0.5221235632896426,0.07662761211395264,1.1005213633179665,0,0,0,0,,,,,,,
1759299757.9732084,1,follower,auto,1.1218678951263428,0.9066386818885803,0.28200942277908325,1.0500000000000003,1.0,0.0,-0.07186789512634251,0.09336131811141968,-0.28200942277908325,-20,-7.888480153788303,8.910571531805605,0,,,,,,,
1759299758.0782423,0,follower,auto,0.5278764367103577,0.9233723878860474,-0.10052136331796646,1.0500000000000003,1.0,1.0,0.5221235632896426,0.07662761211395264,1.1005213633179665,0,0,0,0,0.01,0.19413743918373583,-0.07822872203837172,-0.15837464709343502,0.43080771711848975,0.9624867489052332,-0.02133403977124896
1759299758.1786354,1,leader,auto,1.1218678951263428,0.9066386818885803,0.28200942277908325,1.0500000000000003,1.0,0.0,-0.07186789512634251,0.09336131811141968,-0.28200942277908325,0,0,0,0,1.0,0.030942354471353628,-0.03222308686124653,0.036087059235373864,1.106396717890666,0.9227502253192036,0.2639658931613963
1759299758.1790972,0,follower,auto,0.5307473540306091,0.9136413931846619,-0.10344310849905014,1.0500000000000003,1.0,1.0,0.5192526459693911,0.08635860681533813,1.1034431084990501,0,0,0,0,,,,,,,
1759299758.2794561,1,follower,auto,1.1098941564559937,0.9254706501960754,0.20564351975917816,1.0500000000000003,1.0,0.0,-0.059894156455993386,0.07452934980392456,-0.20564351975917816,-20,-5.817678391071908,6.868803139434221,0,,,,,,,
1759299758.3926232,0,follower,auto,0.5307473540306091,0.9136413931846619,-0.10344310849905014,1.0500000000000003,1.0,1.0,0.5192526459693911,0.08635860681533813,1.1034431084990501,0,0,0,0,0.01,0.19510230113320143,-0.0826861505384372,-0.1615760948335001,0.43319620346400844,0.9549844684538804,-0.022655061082300094
1759299758.4930532,1,leader,auto,1.1098941564559937,0.9254706501960754,0.20564351975917816,1.0500000000000003,1.0,0.0,-0.059894156455993386,0.07452934980392456,-0.20564351975917816,0,0,0,0,1.0,0.00912388293718891,-0.032450442059973605,0.036907549777161264,1.1053322149873992,0.9416958712260622,0.18718974487059753
1759299758.4937606,0,follower,auto,0.5331190824508667,0.9064145088195801,-0.10368818789720535,1.0500000000000003,1.0,1.0,0.5168809175491336,0.09358549118041992,1.1036881878972054,0,0,0,0,,,,,,,
1759299758.594159,1,follower,auto,1.091687560081482,0.9431701898574829,0.12638981640338898,1.0500000000000003,1.0,0.0,-0.04168756008148167,0.05682981014251709,-0.12638981640338898,-11.87759058443421,-4.746072467903123,4.836492519350637,0,,,,,,,
1759299758.7439373,0,follower,auto,0.5331190824508667,0.9064145088195801,-0.10368818789720535,1.0500000000000003,1.0,1.0,0.5168809175491336,0.09358549118041992,1.1036881878972054,0,0,0,0,0.01,0.19520798567961029,-0.08236169475753541,-0.16146075054976666,0.43551508961106156,0.9475953561983478,-0.022957812622322014
1759299758.8444602,1,leader,auto,1.091687560081482,0.9431701898574829,0.12638981640338898,1.0500000000000003,1.0,0.0,-0.04168756008148167,0.05682981014251709,-0.12638981640338898,0,0,0,0,1.0,-0.009700727205253612,-0.034602488038784074,0.03850730596774182,1.0965379236841089,0.960471433876875,0.10713616341951807
1759299758.8450003,0,follower,auto,0.5342994332313538,0.8954355716705322,-0.0965062752366066,1.0500000000000003,1.0,1.0,0.5157005667686465,0.10456442832946777,1.0965062752366066,0,0,0,0,,,,,,,
1759299758.9454343,1,follower,auto,1.0675901174545288,0.9495610594749451,0.044693708419799805,1.0500000000000003,1.0,0.0,-0.017590117454528542,0.05043894052505493,-0.044693708419799805,-3.7284183953485304,-1.6711926927387195,4.859457928172287,0,,,,,,,
1759299759.2161517,0,follower,auto,0.5342994332313538,0.8954355716705322,-0.0965062752366066,1.0500000000000003,1.0,1.0,0.5157005667686465,0.10456442832946777,1.0965062752366066,0,0,0,0,0.01,0.19418925067105397,-0.0861679463203201,-0.15493956758540184,0.4372048078958268,0.9385195448306922,-0.019036491443905686
1759299759.3168232,1,leader,auto,1.0675901174545288,0.9495610594749451,0.044693708419799805,1.0500000000000003,1.0,0.0,-0.017590117454528542,0.05043894052505493,-0.044693708419799805,0,0,0,0,1.0,-0.025947878465760965,-0.04733124200100258,0.03887149443214713,1.0805640566874093,0.9732266804754464,0.02525796120372624
1759299759.3180025,0,follower,auto,0.5342993140220642,0.8784564733505249,-0.09511853009462357,1.0500000000000003,1.0,1.0,0.5157006859779361,0.1215435266494751,1.0951185300946236,0,0,0,0,,,,,,,
1759299759.4186575,1,follower,auto,1.0360026359558105,0.9383019208908081,-0.04530762881040573,1.0500000000000003,1.0,0.0,0.01399736404418972,0.061698079109191895,0.04530762881040573,4.448303738481361,0.4187354394728101,5.939714058706622,0,,,,,,,
1759299759.5511596,0,follower,auto,0.5342993140220642,0.8784564733505249,-0.09511853009462357,1.0500000000000003,1.0,1.0,0.5157006859779361,0.1215435266494751,1.0951185300946236,0,0,0,0,0.01,0.19264468191022288,-0.09445236525394263,-0.1585996544322001,0.43797697306695277,0.9256826559774962,-0.015818702878523522
1759299759.6526685,1,leader,auto,1.0360026359558105,0.9383019208908081,-0.04530762881040573,1.0500000000000003,1.0,0.0,0.01399736404418972,0.061698079109191895,0.04530762881040573,0,0,0,0,1.0,-0.04133059417932028,-0.0713772106157291,0.03070867665576686,1.0566679330454707,0.9739905261986727,-0.06066196713828916
1759299759.6540053,0,follower,auto,0.5298318862915039,0.8780850172042847,-0.10226161032915115,1.0500000000000003,1.0,1.0,0.5201681137084964,0.12191498279571533,1.1022616103291512,20,20,12.104172427116339,0,,,,,,,
1759299759.7546926,1,follower,auto,1.020824670791626,0.9286227226257324,-0.08203071355819702,1.0500000000000003,1.0,0.0,0.02917532920837429,0.07137727737426758,0.08203071355819702,8.2807966379066,1.3786454036514209,6.9736907435862605,0,,,,,,,
1759299759.8782806,0,follower,auto,0.5298318862915039,0.8780850172042847,-0.10226161032915115,1.0500000000000003,1.0,1.0,0.5201681137084964,0.12191498279571533,1.1022616103291512,0,0,0,0,0.01,0.187588971960781,-0.08267040358610744,-0.16999553187130484,0.4360374003111134,0.9194202189973384,-0.017263844393498734
1759299759.9789386,1,leader,auto,1.020824670791626,0.9286227226257324,-0.08203071355819702,1.0500000000000003,1.0,0.0,0.02917532920837429,0.07137727737426758,0.08203071355819702,0,0,0,0,1.0,-0.031474486987215,-0.0815207528533144,0.07802572739897645,1.0365619142852336,0.9693830990523896,-0.12104357725768525
1759299759.9797928,0,follower,auto,0.5229255557060242,0.877034604549408,-0.10483398288488388,1.0500000000000003,1.0,1.0,0.5270744442939761,0.12296539545059204,1.1048339828848839,20,20,12.088549327450545,0,,,,,,,
1759299760.080283,1,follower,auto,1.0112600326538086,0.9274531602859497,-0.09957786649465561,1.0500000000000003,1.0,0.0,0.03873996734619167,0.07254683971405029,0.09957786649465561,9.159156762666692,2.3422101388776375,6.944133518737805,0,,,,,,,
1759299760.2117567,0,follower,auto,0.5229255557060242,0.877034604549408,-0.10483398288488388,1.0500000000000003,1.0,1.0,0.5270744442939761,0.12296539545059204,1.1048339828848839,0,0,0,0,0.01,0.18293248983212113,-0.07841766227795277,-0.17187287461527972,0.4314593107899636,0.9162434356883844,-0.018897545577244004
1759299760.312141,1,leader,auto,1.0112600326538086,0.9274531602859497,-0.09957786649465561,1.0500000000000003,1.0,0.0,0.03873996734619167,0.07254683971405029,0.09957786649465561,0,0,0,0,1.0,-0.019801582839202192,-0.0777882919113777,0.1168393422374629,1.0211608240734096,0.9663473062416386,-0.15799753761338706
1759299760.3125074,0,follower,auto,0.5399150252342224,0.8773191571235657,-0.09077391773462296,1.0500000000000003,1.0,1.0,0.5100849747657779,0.12268084287643433,1.090773917734623,20,20,12.088682872533068,0,,,,,,,
1759299760.4128249,1,follower,auto,1.005346417427063,0.9346535205841064,-0.1059974804520607,1.0500000000000003,1.0,0.0,0.04465358257293728,0.06534647941589355,0.1059974804520607,10.099910003872868,3.349103651952865,5.889685347259715,0,,,,,,,
1759299760.5196116,0,follower,auto,0.5399150252342224,0.8773191571235657,-0.09077391773462296,1.0500000000000003,1.0,1.0,0.5100849747657779,0.12268084287643433,1.090773917734623,0,0,0,0,0.01,0.20492673663566613,-0.07601802216975484,-0.15688228641589155,0.4374516569163893,0.9153281682084431,-0.012332774526677179
1759299760.620016,1,leader,auto,1.005346417427063,0.9346535205841064,-0.1059974804520607,1.0500000000000003,1.0,0.0,0.04465358257293728,0.06534647941589355,0.1059974804520607,0,0,0,0,1.0,-0.009233515748424237,-0.06734346488437004,0.14216291588915636,1.0099631753012752,0.9683252530262915,-0.17707893839663888
1759299760.62052,0,follower,auto,0.5862478017807007,0.8826143741607666,-0.06131187826395035,1.0500000000000003,1.0,1.0,0.4637521982192996,0.1173856258392334,1.0613118782639503,20,20,11.07105554714181,0,,,,,,,
1759299760.720923,1,follower,auto,1.0003396272659302,0.9442750811576843,-0.10306248068809509,1.0500000000000003,1.0,0.0,0.04966037273407009,0.055724918842315674,0.10306248068809509,10.073421302566576,3.4140660025215515,4.859804452830755,0,,,,,,,
1759299760.9280367,0,follower,auto,0.5862478017807007,0.8826143741607666,-0.06131187826395035,1.0500000000000003,1.0,1.0,0.4637521982192996,0.1173856258392334,1.0613118782639503,0,0,0,0,0.01,0.245143998639827,-0.07092925781650206,-0.1350629608353885,0.4636758024607872,0.9180790030690176,0.006219602153743897
1759299761.0283504,1,leader,auto,1.0003396272659302,0.9442750811576843,-0.10306248068809509,1.0500000000000003,1.0,0.0,0.04966037273407009,0.055724918842315674,0.10306248068809509,0,0,0,0,1.0,-0.001974543330723888,-0.059488685810150654,0.15810026603817667,1.0013268989312922,0.9740194240627597,-0.18211261370718343
1759299761.0288048,0,follower,auto,0.673535943031311,0.8928173780441284,-0.005791366100311279,1.0500000000000003,1.0,1.0,0.37646405696868923,0.10718262195587158,1.0057913661003113,20,20,10.036911662144595,0,,,,,,,
1759299761.1291697,1,follower,auto,0.9906540513038635,0.9502806663513184,-0.08322310447692871,1.0500000000000003,1.0,0.0,0.05934594869613674,0.04971933364868164,0.08322310447692871,8.036060847157135,4.57556337885667,3.8742702637237914,0,,,,,,,
1759299761.2341514,0,follower,auto,0.673535943031311,0.8928173780441284,-0.005791366100311279,1.0500000000000003,1.0,1.0,0.37646405696868923,0.10718262195587158,1.0057913661003113,0,0,0,0,0.01,0.3050793943800438,-0.06447162123508765,-0.09971825133128578,0.5209962458412891,0.9250531886616722,0.04406775956533161
1759299761.3345594,1,leader,auto,0.9906540513038635,0.9502806663513184,-0.08322310447692871,1.0500000000000003,1.0,0.0,0.05934594869613674,0.04971933364868164,0.08322310447692871,0,0,0,0,1.0,-0.0021209628389090573,-0.05890500562093881,0.17650245558329158,0.9917145327233181,0.9797331691617878,-0.1714743322685745
1759299761.3351145,0,follower,auto,0.753511905670166,0.899014949798584,0.04154012352228165,1.0500000000000003,1.0,1.0,0.29648809432983425,0.10098505020141602,0.9584598764777184,20,20,10.028331493056754,0,,,,,,,
1759299761.4355493,1,follower,auto,0.9813801050186157,0.9451124668121338,-0.05583784729242325,1.0500000000000003,1.0,0.0,0.06861989498138454,0.05488753318786621,0.05583784729242325,5.007022847924797,5.712520437755016,4.940699721399623,0,,,,,,,
1759299761.5398147,0,follower,auto,0.753511905670166,0.899014949798584,0.04154012352228165,1.0500000000000003,1.0,1.0,0.29648809432983425,0.10098505020141602,0.9584598764777184,0,0,0,0,0.01,0.32510792877889577,-0.06614567245794567,-0.09274196283699843,0.5909579412807181,0.9320877860275568,0.08791110494078086
1759299761.6404507,1,leader,auto,0.9813801050186157,0.9451124668121338,-0.05583784729242325,1.0500000000000003,1.0,0.0,0.06861989498138454,0.05488753318786621,0.05583784729242325,0,0,0,0,1.0,-0.0005856280004957748,-0.069282892684559,0.1868278547278165,0.9816729190188636,0.9797539131544133,-0.1492517746563315
1759299761.641001,0,follower,auto,0.8394743204116821,0.9056165218353271,0.08815372735261917,1.0500000000000003,1.0,1.0,0.21052567958831814,0.09438347816467285,0.9118462726473808,20,20,9.002346800183338,0,,,,,,,
1759299761.7413032,1,follower,auto,0.9725140929222107,0.9338284134864807,-0.02419884502887726,1.0500000000000003,1.0,0.0,0.07748590707778957,0.06617158651351929,0.02419884502887726,1.9939318165761735,6.853974413072415,6.008028985566997,0,,,,,,,
1759299761.8451614,0,follower,auto,0.8394743204116821,0.9056165218353271,0.08815372735261917,1.0500000000000003,1.0,1.0,0.21052567958831814,0.09438347816467285,0.9118462726473808,0,0,0,0,0.01,0.3379809498615105,-0.06743213884890265,-0.0926531553111852,0.6704838454809269,0.9393325912597785,0.1344803050082118
1759299761.9454982,1,leader,auto,0.9725140929222107,0.9338284134864807,-0.02419884502887726,1.0500000000000003,1.0,0.0,0.07748590707778957,0.06617158651351929,0.02419884502887726,0,0,0,0,1.0,0.0020327444170048503,-0.08009079261607344,0.19032184729894286,0.9714977207137083,0.9738738097945174,-0.11935976867834869
1759299761.9458807,0,follower,auto,0.8977856040000916,0.8953132033348083,0.14364755153656006,1.0500000000000003,1.0,1.0,0.1522143959999087,0.10468679666519165,0.8563524484634399,20,20,10.078516953115189,-3,,,,,,,
1759299762.046167,1,follower,auto,0.9984591007232666,0.9268027544021606,-0.004979339893907309,1.0500000000000003,1.0,0.0,0.051540899276733665,0.07319724559783936,0.004979339893907309,-0.9101606970199941,4.7560809437022655,6.997377488466234,-3,,,,,,,
1759299762.2517223,0,follower,auto,0.8977856040000916,0.8953132033348083,0.14364755153656006,1.0500000000000003,1.0,1.0,0.1522143959999087,0.10468679666519165,0.8563524484634399,0,0,0,0,0.01,0.3133168055031734,-0.0855450458104664,-0.08641220231189561,0.7411272012485048,0.9380857262400415,0.18685365269250787
1759299762.4523046,1,leader,auto,0.9984591007232666,0.9268027544021606,-0.004979339893907309,1.0500000000000003,1.0,0.0,0.051540899276733665,0.07319724559783936,0.004979339893907309,0,0,0,0,1.0,0.039815625516058994,-0.08073608577148761,0.1743928173193124,0.9785512879652372,0.9671707972879044,-0.0921757485535635
1759299762.453178,0,follower,auto,1.0038013458251953,0.8700861930847168,0.2105296552181244,1.0500000000000003,1.0,1.0,0.046198654174804954,0.1299138069152832,0.7894703447818756,20,20,12.165179664768138,-9,,,,,,,
1759299762.5537333,1,follower,auto,1.0273600816726685,0.9033138155937195,0.03763209283351898,1.0500000000000003,1.0,0.0,0.02263991832733181,0.09668618440628052,-0.03763209283351898,-3.959551984127991,-1.1845948671225892,9.062195653752127,-9,,,,,,,
1759299762.6618414,0,follower,auto,1.0038013458251953,0.8700861930847168,0.2105296552181244,1.0500000000000003,1.0,1.0,0.046198654174804954,0.1299138069152832,0.7894703447818756,0,0,0,0,0.01,0.3458562714231198,-0.10990619413383806,-0.07474314125682996,0.8308732101136354,0.9250392901516358,0.24790122584653937
1759299762.762182,1,leader,auto,1.0273600816726685,0.9033138155937195,0.03763209283351898,1.0500000000000003,1.0,0.0,0.02263991832733181,0.09668618440628052,-0.03763209283351898,0,0,0,0,1.0,0.06185666881195606,-0.09725295430114511,0.18568794966322572,0.9964317472666904,0.951940292744292,-0.055211881998093876
1759299762.7625854,0,follower,auto,1.0660206079483032,0.8677387833595276,0.23828816413879395,1.0500000000000003,1.0,1.0,-0.016020607948302956,0.1322612166404724,0.761711835861206,20,20,13.087293054126906,-12,,,,,,,
1759299762.8629613,1,follower,auto,1.037408709526062,0.8962937593460083,0.06480028480291367,1.0500000000000003,1.0,0.0,0.012591290473938255,0.1037062406539917,-0.06480028480291367,-3.919544085579107,-5.044063418356305,10.020262898515355,-12,,,,,,,
1759299762.9679387,0,follower,auto,1.0660206079483032,0.8677387833595276,0.23828816413879395,1.0500000000000003,1.0,1.0,-0.016020607948302956,0.1322612166404724,0.761711835861206,0,0,0,0,0.01,0.3146831178955193,-0.0995008078334676,-0.11116362695877119,0.9086790490005436,0.9174891872762614,0.29386997761817957
1759299763.0683172,1,leader,auto,1.037408709526062,0.8962937593460083,0.06480028480291367,1.0500000000000003,1.0,0.0,0.012591290473938255,0.1037062406539917,-0.06480028480291367,0,0,0,0,1.0,0.0521822719268169,-0.08887673106115335,0.17223996433160213,1.0113175735626536,0.940732124876585,-0.0213196973628874
1759299763.170545,0,follower,auto,1.1258512735366821,0.87163245677948,0.2453719526529312,1.0500000000000003,1.0,1.0,-0.07585127353668186,0.12836754322052002,0.7546280473470688,20,20,12.045915214855434,-14,,,,,,,
1759299767.0785952,1,follower,auto,1.0462087392807007,0.9042527675628662,0.0869230329990387,1.0500000000000003,1.0,0.0,0.003791260719299583,0.09574723243713379,-0.0869230329990387,-1.9091749343177646,-7.9435907033824105,8.93657030806264,-14,,,,,,,
1759299767.281343,0,follower,auto,1.1258512735366821,0.87163245677948,0.2453719526529312,1.0500000000000003,1.0,1.0,-0.07585127353668186,0.12836754322052002,0.7546280473470688,0,0,0,0,0.01,0.29384086664960196,-0.08884133460583588,-0.15226949954230484,0.9789308402118811,0.9160531240823979,0.32150670242408363
1759299767.3817213,1,leader,auto,1.0462087392807007,0.9042527675628662,0.0869230329990387,1.0500000000000003,1.0,0.0,0.003791260719299583,0.09574723243713379,-0.0869230329990387,0,0,0,0,1.0,0.04353090273273286,-0.06999270242468836,0.1571444148056254,1.0244432879143344,0.9392491187752103,0.008350825596226005
1759299767.5144176,0,follower,auto,1.2485918998718262,0.04723766818642616,0.09298059344291687,1.0500000000000003,1.0,1.0,-0.1985918998718259,0.9527623318135738,0.9070194065570831,0,0,0,0,0.01,0.3439836801071684,-0.9125905054435942,-0.3334908460696656,1.076600059818242,0.5035329209082233,0.2597260164777497
1759299767.6147537,1,leader,auto,1.0774856805801392,0.052842576056718826,0.19919516146183014,1.0500000000000003,1.0,0.0,-0.027485680580138894,0.9471574239432812,-0.19919516146183014,0,0,0,0,1.0,0.058607959436326684,-0.9204042128458596,0.23629470367274225,1.0481817008619758,0.5130446824796486,0.08104780962545902
1759299767.735801,0,follower,auto,1.2485824823379517,0.04726065695285797,0.09300202876329422,1.0500000000000003,1.0,1.0,-0.1985824823379514,0.952739343047142,0.9069979712367058,0,0,0,0,0.01,0.2427054509642539,-0.48024402967061175,-0.2683514536512127,1.1272297568558247,0.28738267178816385,0.22717775558890058
1759299767.8361807,1,leader,auto,1.077554702758789,0.052785515785217285,0.19916126132011414,1.0500000000000003,1.0,0.0,-0.027554702758788796,0.9472144842147827,-0.19916126132011414,0,0,0,0,0.85,0.03148747200558133,-0.4734808740776686,0.15813374564355412,1.0618109667559983,0.2895259528240516,0.12009438849833709
