timestamp,drone_id,role,mode,x,y,z,target_x,target_y,target_z,error_x,error_y,error_z,rc_lr,rc_fb,rc_ud,rc_yaw,trust,obs_error_x,obs_error_y,obs_error_z,obs_state_x,obs_state_y,obs_state_z
1759299234.0539713,0,leader,manual,0.08353785425424576,0.05541735142469406,0.09045163542032242,0,1,0,-0.08353785425424576,0.9445826485753059,-0.09045163542032242,0,0,0,0,1.0,0.0,0.0,0.0,0.0,0.0,0.0
1759299234.1548734,1,follower,manual,0.08737396448850632,0.0592581108212471,0.9881799817085266,0,1,1,-0.08737396448850632,0.9407418891787529,0.011820018291473389,0,0,0,0,1.0,0.0,0.0,0.0,0.0,0.0,0.0
1759299234.345879,0,leader,manual,0.08353620767593384,0.0554170161485672,0.09045965224504471,0,1,0,-0.08353620767593384,0.9445829838514328,-0.09045965224504471,0,0,0,0,1.0,0.0,0.0,0.0,0.0,0.0,0.0
1759299234.4461842,1,follower,manual,0.08737518638372421,0.05926256254315376,0.9881803393363953,0,1,1,-0.08737518638372421,0.9407374374568462,0.011819660663604736,0,0,0,0,1.0,0.0,0.0,0.0,0.0,0.0,0.0
1759299234.5572941,0,leader,manual,0.08353708684444427,0.05541437491774559,0.09045853465795517,0,1,0,-0.08353708684444427,0.9445856250822544,-0.09045853465795517,0,0,0,0,1.0,0.0,0.0,0.0,0.0,0.0,0.0
1759299234.657692,1,follower,manual,0.08737029880285263,0.05926038324832916,0.9881796836853027,0,1,1,-0.08737029880285263,0.9407396167516708,0.011820316314697266,0,0,0,0,1.0,0.0,0.0,0.0,0.0,0.0,0.0
1759299234.7617314,0,leader,manual,0.08353208750486374,0.055414892733097076,0.09045784920454025,0,1,0,-0.08353208750486374,0.9445851072669029,-0.09045784920454025,0,0,0,0,1.0,0.0,0.0,0.0,0.0,0.0,0.0
1759299234.8622644,1,follower,manual,0.08737543970346451,0.05927475541830063,0.9881786704063416,0,1,1,-0.08737543970346451,0.9407252445816994,0.011821329593658447,0,0,0,0,1.0,0.0,0.0,0.0,0.0,0.0,0.0
1759299234.9650025,0,leader,manual,0.08353790640830994,0.055416543036699295,0.09045834839344025,0,1,0,-0.08353790640830994,0.9445834569633007,-0.09045834839344025,0,0,0,0,1.0,0.0,0.0,0.0,0.0,0.0,0.0
1759299235.0654202,1,follower,manual,0.08737552911043167,0.0592593215405941,0.9881827235221863,0,1,1,-0.08737552911043167,0.9407406784594059,0.01181727647781372,0,0,0,0,1.0,0.0,0.0,0.0,0.0,0.0,0.0
1759299235.1698194,0,leader,manual,0.08353973180055618,0.055418264120817184,0.09045688807964325,0,1,0,-0.08353973180055618,0.9445817358791828,-0.09045688807964325,0,0,0,0,1.0,0.0,0.0,0.0,0.0,0.0,0.0
1759299235.2701702,1,follower,manual,0.08737029135227203,0.05926547944545746,0.9881801009178162,0,1,1,-0.08737029135227203,0.9407345205545425,0.011819899082183838,0,0,0,0,1.0,0.0,0.0,0.0,0.0,0.0,0.0
1759299235.3734112,0,leader,manual,0.0835372656583786,0.055418748408555984,0.09046455472707748,0,1,0,-0.0835372656583786,0.944581251591444,-0.09046455472707748,0,0,0,0,1.0,0.0,0.0,0.0,0.0,0.0,0.0
1759299235.4741325,1,follower,manual,0.0873701348900795,0.059289831668138504,0.9881712198257446,0,1,1,-0.0873701348900795,0.9407101683318615,0.011828780174255371,0,0,0,0,1.0,0.0,0.0,0.0,0.0,0.0,0.0
1759299235.5771515,0,leader,manual,0.08353611081838608,0.055411551147699356,0.09045282751321793,0,1,0,-0.08353611081838608,0.9445884488523006,-0.09045282751321793,0,0,0,0,1.0,0.0,0.0,0.0,0.0,0.0,0.0
1759299235.6775215,1,follower,manual,0.08737856149673462,0.05926692113280296,0.9881817102432251,0,1,1,-0.08737856149673462,0.940733078867197,0.011818289756774902,0,0,0,0,1.0,0.0,0.0,0.0,0.0,0.0,0.0
1759299235.8252933,0,leader,manual,0.08353690057992935,0.05541147664189339,0.09045670181512833,0,1,0,-0.08353690057992935,0.9445885233581066,-0.09045670181512833,0,0,0,0,1.0,0.0,0.0,0.0,0.0,0.0,0.0
1759299235.9255948,1,follower,manual,0.08737365901470184,0.05926143750548363,0.9881793260574341,0,1,1,-0.08737365901470184,0.9407385624945164,0.011820673942565918,0,0,0,0,1.0,0.0,0.0,0.0,0.0,0.0,0.0
1759299236.0280087,0,leader,manual,0.0835394635796547,0.05541146919131279,0.09045671671628952,0,1,0,-0.0835394635796547,0.9445885308086872,-0.09045671671628952,0,0,0,0,1.0,0.0,0.0,0.0,0.0,0.0,0.0
1759299236.1282988,1,follower,manual,0.08738676458597183,0.05931016430258751,0.988202691078186,0,1,1,-0.08738676458597183,0.9406898356974125,0.011797308921813965,0,0,0,0,1.0,0.0,0.0,0.0,0.0,0.0,0.0
1759299236.2355428,0,leader,manual,0.08353860676288605,0.055416833609342575,0.09045741707086563,0,1,0,-0.08353860676288605,0.9445831663906574,-0.09045741707086563,0,0,0,0,1.0,0.0,0.0,0.0,0.0,0.0,0.0
1759299236.3360481,1,follower,manual,0.08737315982580185,0.05925920605659485,0.9881792068481445,0,1,1,-0.08737315982580185,0.9407407939434052,0.011820793151855469,0,0,0,0,1.0,0.0,0.0,0.0,0.0,0.0,0.0
1759299236.440541,0,leader,manual,0.08353660255670547,0.055419839918613434,0.09045659005641937,0,1,0,-0.08353660255670547,0.9445801600813866,-0.09045659005641937,0,0,0,0,1.0,0.0,0.0,0.0,0.0,0.0,0.0
1759299236.5408843,1,follower,manual,0.08737151324748993,0.05926088988780975,0.9881782531738281,0,1,1,-0.08737151324748993,0.9407391101121902,0.011821746826171875,0,0,0,0,1.0,0.0,0.0,0.0,0.0,0.0,0.0
1759299236.6495557,0,leader,manual,0.0835379883646965,0.05540980398654938,0.09045437723398209,0,1,0,-0.0835379883646965,0.9445901960134506,-0.09045437723398209,0,0,0,0,1.0,0.0,0.0,0.0,0.0,0.0,0.0
1759299236.7505255,1,follower,manual,0.08736814558506012,0.05925844609737396,0.9881799817085266,0,1,1,-0.08736814558506012,0.940741553902626,0.011820018291473389,0,0,0,0,1.0,0.0,0.0,0.0,0.0,0.0,0.0
1759299236.9276843,0,leader,manual,0.08353669941425323,0.05541227385401726,0.09045664966106415,0,1,0,-0.08353669941425323,0.9445877261459827,-0.09045664966106415,0,0,0,0,1.0,0.0,0.0,0.0,0.0,0.0,0.0
1759299237.0279772,1,follower,manual,0.08737547695636749,0.05925672501325607,0.9881767630577087,0,1,1,-0.08737547695636749,0.9407432749867439,0.01182323694229126,0,0,0,0,1.0,0.0,0.0,0.0,0.0,0.0,0.0
1759299243.7429025,0,leader,manual,0.08353671431541443,0.05542078986763954,0.09045868366956711,0,1,0,-0.08353671431541443,0.9445792101323605,-0.09045868366956711,0,0,0,0,1.0,0.0,0.0,0.0,0.0,0.0,0.0
1759299243.8432295,1,follower,manual,0.08737561106681824,0.05926762521266937,0.988174557685852,0,1,1,-0.08737561106681824,0.9407323747873306,0.01182544231414795,0,0,0,0,1.0,0.0,0.0,0.0,0.0,0.0,0.0
1759299243.8435037,0,follower,manual,0.034164976328611374,0.8379639983177185,0.05845918506383896,0,1,0,-0.034164976328611374,0.1620360016822815,-0.05845918506383896,0,0,0,0,,,,,,,
1759299243.9437556,1,follower,manual,0.06951364874839783,0.8009564876556396,0.9197999238967896,0,1,1,-0.06951364874839783,0.19904351234436035,0.08020007610321045,0,0,0,0,,,,,,,
1759299244.15266,0,leader,manual,0.034164976328611374,0.8379639983177185,0.05845918506383896,0,1,0,-0.034164976328611374,0.1620360016822815,-0.05845918506383896,0,0,0,0,1.0,0.0,0.0,0.0,0.0,0.0,0.0
1759299244.2533937,1,follower,manual,0.06951364874839783,0.8009564876556396,0.9197999238967896,0,1,1,-0.06951364874839783,0.19904351234436035,0.08020007610321045,0,0,0,0,1.0,0.0,0.0,0.0,0.0,0.0,0.0
1759299244.2542608,0,follower,manual,0.035158101469278336,0.8400384187698364,0.061786483973264694,0,1,0,-0.035158101469278336,0.15996158123016357,-0.061786483973264694,0,0,0,0,,,,,,,
1759299244.354646,1,follower,manual,0.05613713338971138,0.797624945640564,0.9286594986915588,0,1,1,-0.05613713338971138,0.20237505435943604,0.07134050130844116,0,0,0,0,,,,,,,
1759299244.4591167,0,leader,manual,0.035158101469278336,0.8400384187698364,0.061786483973264694,0,1,0,-0.035158101469278336,0.15996158123016357,-0.061786483973264694,0,0,0,0,1.0,0.0,0.0,0.0,0.0,0.0,0.0
1759299244.5594642,1,follower,manual,0.05613713338971138,0.797624945640564,0.9286594986915588,0,1,1,-0.05613713338971138,0.20237505435943604,0.07134050130844116,0,0,0,0,1.0,0.0,0.0,0.0,0.0,0.0,0.0
1759299244.5598714,0,follower,manual,0.03712727501988411,0.842104971408844,0.06182169169187546,0,1,0,-0.03712727501988411,0.157895028591156,-0.06182169169187546,0,0,0,0,,,,,,,
1759299244.6602082,1,follower,manual,0.05068676546216011,0.8029211163520813,0.9365983009338379,0,1,1,-0.05068676546216011,0.1970788836479187,0.06340169906616211,0,0,0,0,,,,,,,
1759299244.7637558,0,leader,manual,0.03712727501988411,0.842104971408844,0.06182169169187546,0,1,0,-0.03712727501988411,0.157895028591156,-0.06182169169187546,0,0,0,0,1.0,0.0,0.0,0.0,0.0,0.0,0.0
1759299244.8641043,1,follower,manual,0.05068676546216011,0.8029211163520813,0.9365983009338379,0,1,1,-0.05068676546216011,0.1970788836479187,0.06340169906616211,0,0,0,0,1.0,0.0,0.0,0.0,0.0,0.0,0.0
1759299244.864652,0,follower,manual,0.042778853327035904,0.8436062932014465,0.05792392045259476,0,1,0,-0.042778853327035904,0.15639370679855347,-0.05792392045259476,0,0,0,0,,,,,,,
1759299244.9649239,1,follower,manual,0.04207688197493553,0.8058452606201172,0.9378354549407959,0,1,1,-0.04207688197493553,0.1941547393798828,0.0621645450592041,0,0,0,0,,,,,,,
1759299245.0761025,0,leader,manual,0.042778853327035904,0.8436062932014465,0.05792392045259476,0,1,0,-0.042778853327035904,0.15639370679855347,-0.05792392045259476,0,0,0,0,1.0,0.0,0.0,0.0,0.0,0.0,0.0
1759299245.1763725,1,follower,manual,0.04207688197493553,0.8058452606201172,0.9378354549407959,0,1,1,-0.04207688197493553,0.1941547393798828,0.0621645450592041,0,0,0,0,1.0,0.0,0.0,0.0,0.0,0.0,0.0
1759299245.1766376,0,follower,manual,0.04848117381334305,0.8401345610618591,0.05995791032910347,0,1,0,-0.04848117381334305,0.15986543893814087,-0.05995791032910347,0,0,0,0,,,,,,,
1759299245.2768552,1,follower,manual,0.031865209341049194,0.8086251616477966,0.9350874423980713,0,1,1,-0.031865209341049194,0.19137483835220337,0.06491255760192871,0,0,0,0,,,,,,,
1759299245.399726,0,leader,manual,0.04848117381334305,0.8401345610618591,0.05995791032910347,0,1,0,-0.04848117381334305,0.15986543893814087,-0.05995791032910347,0,0,0,0,1.0,0.0,0.0,0.0,0.0,0.0,0.0
1759299245.5001001,1,follower,manual,0.031865209341049194,0.8086251616477966,0.9350874423980713,0,1,1,-0.031865209341049194,0.19137483835220337,0.06491255760192871,0,0,0,0,1.0,0.0,0.0,0.0,0.0,0.0,0.0
1759299245.5004313,0,follower,manual,0.051804181188344955,0.833968997001648,0.06676743179559708,0,1,0,-0.051804181188344955,0.16603100299835205,-0.06676743179559708,0,0,0,0,,,,,,,
1759299245.6006675,1,follower,manual,0.02048451080918312,0.8054828643798828,0.9243901371955872,0,1,1,-0.02048451080918312,0.1945171356201172,0.07560986280441284,0,0,0,0,,,,,,,
1759299245.7292411,0,leader,manual,0.051804181188344955,0.833968997001648,0.06676743179559708,0,1,0,-0.051804181188344955,0.16603100299835205,-0.06676743179559708,0,0,0,0,1.0,0.0,0.0,0.0,0.0,0.0,0.0
1759299245.8295207,1,follower,manual,0.02048451080918312,0.8054828643798828,0.9243901371955872,0,1,1,-0.02048451080918312,0.1945171356201172,0.07560986280441284,0,0,0,0,1.0,0.0,0.0,0.0,0.0,0.0,0.0
1759299245.8299212,0,follower,manual,0.051033977419137955,0.8356220126152039,0.06423734873533249,0,1,0,-0.051033977419137955,0.16437798738479614,-0.06423734873533249,0,0,0,0,,,,,,,
1759299245.9301548,1,follower,manual,0.012313202023506165,0.8005787134170532,0.9155904650688171,0,1,1,-0.012313202023506165,0.19942128658294678,0.08440953493118286,0,0,0,0,,,,,,,
1759299246.0355098,0,leader,manual,0.051033977419137955,0.8356220126152039,0.06423734873533249,0,1,0,-0.051033977419137955,0.16437798738479614,-0.06423734873533249,0,0,0,0,1.0,0.0,0.0,0.0,0.0,0.0,0.0
1759299246.135913,1,follower,manual,0.012313202023506165,0.8005787134170532,0.9155904650688171,0,1,1,-0.012313202023506165,0.19942128658294678,0.08440953493118286,0,0,0,0,1.0,0.0,0.0,0.0,0.0,0.0,0.0
1759299246.1364753,0,follower,manual,0.04696466773748398,0.8400986194610596,0.058046646416187286,0,1,0,-0.04696466773748398,0.15990138053894043,-0.058046646416187286,0,0,0,0,,,,,,,
1759299246.237052,1,follower,manual,0.0063134487718343735,0.8072059750556946,0.90948086977005,0,1,1,-0.0063134487718343735,0.19279402494430542,0.09051913022994995,0,0,0,0,,,,,,,
1759299246.3522875,0,leader,manual,0.04696466773748398,0.8400986194610596,0.058046646416187286,0,1,0,-0.04696466773748398,0.15990138053894043,-0.058046646416187286,0,0,0,0,1.0,0.0,0.0,0.0,0.0,0.0,0.0
1759299246.4526722,1,follower,manual,0.0063134487718343735,0.8072059750556946,0.90948086977005,0,1,1,-0.0063134487718343735,0.19279402494430542,0.09051913022994995,0,0,0,0,1.0,0.0,0.0,0.0,0.0,0.0,0.0
1759299246.4540908,0,follower,auto,0.042362459003925323,0.8412544131278992,0.04936608299612999,0,1,0,-0.042362459003925323,0.15874558687210083,-0.04936608299612999,-2.7153146360069513,-4.065447256609332,14.964726448059082,0,,,,,,,
1759299246.5547054,1,follower,auto,-0.0012690454022958875,0.8177387118339539,0.9058229923248291,0.0,1.0,1.0,0.0012690454022958875,0.18226128816604614,0.0941770076751709,9.215314636006951,0.06544725660933182,18.035273551940918,0,,,,,,,
1759299246.7416425,0,leader,auto,0.042362459003925323,0.8412544131278992,0.04936608299612999,0,1,0,-0.042362459003925323,0.15874558687210083,-0.04936608299612999,0,0,0,0,1.0,0.042362459003925323,0.8412544131278992,0.04936608299612999,0.021181229501962662,0.4206272065639496,0.024683041498064995
1759299246.8423362,1,follower,auto,-0.0012690454022958875,0.8177387118339539,0.9058229923248291,0.0,1.0,1.0,0.0012690454022958875,0.18226128816604614,0.0941770076751709,0,0,0,0,1.0,-0.0012690454022958875,0.8177387118339539,0.9058229923248291,-0.0006345227011479437,0.40886935591697693,0.45291149616241455
1759299246.84357,0,follower,auto,0.0384274497628212,0.8322303295135498,0.047745805233716965,0,1,0,-0.0384274497628212,0.1677696704864502,-0.047745805233716965,-2.7122237253934145,-3.060079070460051,16.03669818043709,0,,,,,,,
1759299246.9439824,1,follower,auto,-0.012643289752304554,0.8314283490180969,0.9017265439033508,0.0,1.0,1.0,0.012643289752304554,0.16857165098190308,0.09827345609664917,9.236233975365758,1.124377935542725,15.943706494569778,0,,,,,,,
1759299247.149686,0,leader,auto,0.0384274497628212,0.8322303295135498,0.047745805233716965,0,1,0,-0.0384274497628212,0.1677696704864502,-0.047745805233716965,0,0,0,0,1.0,0.015170796971608069,0.38683058100938794,0.02250744031975046,0.03084205127701716,0.6388150390088558,0.03649208507384173
1759299247.2501655,1,follower,auto,-0.012643289752304554,0.8314283490180969,0.9017265439033508,0.0,1.0,1.0,0.012643289752304554,0.16857165098190308,0.09827345609664917,0,0,0,0,0.7165313105737893,-0.01196067910194688,0.39760670691728595,0.4238656442738138,-0.006662950201331114,0.632624995559454,0.6897937217664439
1759299247.2513912,0,follower,auto,0.02945380099117756,0.835297167301178,0.06097919121384621,0,1,0,-0.02945380099117756,0.16470283269882202,-0.06097919121384621,-4.791838642582297,-2.058069816567004,16.04812667608261,0,,,,,,,
1759299247.3519673,1,follower,auto,-0.037691034376621246,0.8683885335922241,0.9021125435829163,0.0,1.0,1.0,0.037691034376621246,0.13161146640777588,0.09788745641708374,9.241840297803282,3.2202493283548392,12.777881232500077,0,,,,,,,
1759299247.4547515,0,leader,auto,0.02945380099117756,0.835297167301178,0.06097919121384621,0,1,0,-0.02945380099117756,0.16470283269882202,-0.06097919121384621,0,0,0,0,1.0,-0.00460796326699528,0.15802964728176594,0.024047152647457555,0.0317577826246752,0.756282343660295,0.04895561489011743
1759299247.5552127,1,follower,auto,-0.037691034376621246,0.8683885335922241,0.9021125435829163,0.0,1.0,1.0,0.037691034376621246,0.13161146640777588,0.09788745641708374,0,0,0,0,0.8464817248906141,-0.03039988476464605,0.19688515755236147,0.17446371874866307,-0.02249109199429822,0.7699459548160434,0.8148806842085847
1759299247.5563238,0,follower,auto,0.020077308639883995,0.8474603891372681,0.06798091530799866,0,1,0,-0.020077308639883995,0.15253961086273193,-0.06798091530799866,-4.792813619524241,-2.0661208235919477,15.029793264985084,0,,,,,,,
1759299247.6571107,1,follower,auto,-0.05878690630197525,0.901681661605835,0.903084397315979,0.0,1.0,1.0,0.05878690630197525,0.09831833839416504,0.096915602684021,9.244325089216233,5.242758607090218,8.727092438220978,0,,,,,,,
1759299247.7609932,0,leader,auto,0.020077308639883995,0.8474603891372681,0.06798091530799866,0,1,0,-0.020077308639883995,0.15253961086273193,-0.06798091530799866,0,0,0,0,1.0,-0.015299505338413753,0.044762791615352016,0.019182127769793438,0.02772706130909087,0.8250789933295921,0.058389851423101935
1759299247.861335,1,follower,auto,-0.05878690630197525,0.901681661605835,0.903084397315979,0.0,1.0,1.0,0.05878690630197525,0.09831833839416504,0.096915602684021,0,0,0,0,1.0,-0.03410255544582808,0.08474072706244884,0.04367655699641759,-0.04173562857906121,0.8593112980746105,0.8812461188177703
1759299247.8619914,0,follower,auto,0.012214708141982555,0.8623378872871399,0.07199565321207047,0,1,0,-0.012214708141982555,0.1376621127128601,-0.07199565321207047,-5.788527538791299,-1.1008138873785733,13.029985452449322,0,,,,,,,
1759299247.9624403,1,follower,auto,-0.08744493126869202,0.9342929124832153,0.8999789953231812,0.0,1.0,1.0,0.08744493126869202,0.06570708751678467,0.10002100467681885,10.270161768871546,8.307191849379452,5.697627512598038,0,,,,,,,
1759299248.0683274,0,leader,auto,0.012214708141982555,0.8623378872871399,0.07199565321207047,0,1,0,-0.012214708141982555,0.1376621127128601,-0.07199565321207047,0,0,0,0,1.0,-0.01926542709316851,-0.014032878010703298,0.014481279351516968,0.02184742168856681,0.8693543262924915,0.06475501353631198
1759299248.1689005,1,follower,auto,-0.08744493126869202,0.9342929124832153,0.8999789953231812,0.0,1.0,1.0,0.08744493126869202,0.06570708751678467,0.10002100467681885,0,0,0,0,0.85,-0.041352790289863606,0.023686343395145637,-0.029197274802780226,-0.06676853612376021,0.9224497407856425,0.9145776327245713
1759299248.16953,0,follower,auto,0.006036403588950634,0.8785419464111328,0.07286114990711212,0,1,0,-0.006036403588950634,0.12145805358886719,-0.07286114990711212,-5.776687256743013,-0.14874326488517225,12.025637070761919,0,,,,,,,
1759299248.2698443,1,follower,auto,-0.12016014009714127,0.9565941095352173,0.8969268798828125,0.0,1.0,1.0,0.12016014009714127,0.043405890464782715,0.1030731201171875,10.280361324497461,12.374009409687657,3.7309247428131105,0,,,,,,,
1759299248.3734584,0,leader,auto,0.006036403588950634,0.8785419464111328,0.07286114990711212,0,1,0,-0.006036403588950634,0.12145805358886719,-0.07286114990711212,0,0,0,0,1.0,-0.0193576598201918,-0.04501082626245456,0.010066713834258487,0.015715233499046535,0.90104735954236,0.06782779298998287
1759299248.4742086,1,follower,auto,-0.12016014009714127,0.9565941095352173,0.8969268798828125,0.0,1.0,1.0,0.12016014009714127,0.043405890464782715,0.1030731201171875,0,0,0,0,1.0,-0.0459244738540224,-0.019167467726912468,-0.06741851272209831,-0.09719790317013006,0.9661778433986735,0.9306361362438617
1759299248.4750674,0,follower,auto,-0.00012801113189198077,0.8944266438484192,0.07100667804479599,0,1,0,0.00012801113189198077,0.10557335615158081,-0.07100667804479599,-5.758766966238468,-0.18426861730220823,10.01390354646051,0,,,,,,,
1759299248.575846,1,follower,auto,-0.14834442734718323,0.9664610624313354,0.8958600163459778,0.0,1.0,1.0,0.14834442734718323,0.03353893756866455,0.10413998365402222,10.272138795241236,14.396113009020668,2.8049080662117003,0,,,,,,,
1759299248.7328286,0,leader,auto,-0.00012801113189198077,0.8944266438484192,0.07100667804479599,0,1,0,0.00012801113189198077,0.10557335615158081,-0.07100667804479599,0,0,0,0,1.0,-0.018943130672230638,-0.06270030068616583,0.006331966486600754,0.009343554204223338,0.925776794191502,0.06784069480149561
1759299248.8331819,1,follower,auto,-0.14834442734718323,0.9664610624313354,0.8958600163459778,0.0,1.0,1.0,0.14834442734718323,0.03353893756866455,0.10413998365402222,0,0,0,0,1.0,-0.03943777985892204,-0.05348216193635591,-0.08542850729129536,-0.1286255374177222,0.9932021433995134,0.9385742699916255
1759299248.8337495,0,follower,auto,-0.003346262965351343,0.9149993658065796,0.06610985845327377,0,1,0,0.003346262965351343,0.08500063419342041,-0.06610985845327377,-4.7268886166587025,-0.22984568741030226,7.958567743935597,0,,,,,,,
1759299248.9340682,1,follower,auto,-0.17319902777671814,0.9638110995292664,0.9003490805625916,0.0,1.0,1.0,0.17319902777671814,0.03618890047073364,0.09965091943740845,9.232612737934149,17.411304984430416,2.9118001518304824,0,,,,,,,
1759299249.036386,0,leader,auto,-0.003346262965351343,0.9149993658065796,0.06610985845327377,0,1,0,0.003346262965351343,0.08500063419342041,-0.06610985845327377,0,0,0,0,1.0,-0.01536219209838659,-0.06779298174660842,0.0027036376629603898,0.004334833083841952,0.9488958566798837,0.06475803962179358
1759299249.1367009,1,follower,auto,-0.17319902777671814,0.9638110995292664,0.9003490805625916,0.0,1.0,1.0,0.17319902777671814,0.03618890047073364,0.09965091943740845,0,0,0,0,1.0,-0.0282797732921366,-0.08252059780740884,-0.08930989883897333,-0.15905914113064984,1.0050713984329707,0.9450040299820782
1759299249.1373289,0,follower,auto,-0.0034124820958822966,0.931617259979248,0.06031838059425354,0,1,0,0.0034124820958822966,0.06838274002075195,-0.06031838059425354,-4.6958040657721325,-0.2655971216424755,5.924154220652107,0,,,,,,,
1759299249.2376757,1,follower,auto,-0.1856493353843689,0.950513482093811,0.9092156887054443,0.0,1.0,1.0,0.1856493353843689,0.049486517906188965,0.09078431129455566,9.18460575496267,18.372604323048872,4.023010985781422,0,,,,,,,
1759299249.3431053,0,leader,auto,-0.0034124820958822966,0.931617259979248,0.06031838059425354,0,1,0,0.0034124820958822966,0.06838274002075195,-0.06031838059425354,0,0,0,0,1.0,-0.010093096727929067,-0.07458896745464028,0.001108946196232856,0.0016340662680822378,0.9689117437065682,0.05976390749613711
1759299249.4434023,1,follower,auto,-0.1856493353843689,0.950513482093811,0.9092156887054443,0.0,1.0,1.0,0.1856493353843689,0.049486517906188965,0.09078431129455566,0,0,0,0,1.0,-0.0052366566084486865,-0.10635240536909385,-0.08694845640008242,-0.18303100708014455,1.003689684778358,0.9526899169054855
1759299249.4437642,0,follower,auto,-0.0037668519653379917,0.9424729347229004,0.054183587431907654,0,1,0,0.0037668519653379917,0.05752706527709961,-0.054183587431907654,-3.667740087601017,-0.28061880468387385,4.9039612348769674,0,,,,,,,
1759299249.5440347,1,follower,auto,-0.1933899223804474,0.9296810030937195,0.9190094470977783,0.0,1.0,1.0,0.1933899223804474,0.07031899690628052,0.08099055290222168,8.149012940392229,19.346719783941037,7.122090904930135,0,,,,,,,
1759299249.653002,0,leader,auto,-0.0037668519653379917,0.9424729347229004,0.054183587431907654,0,1,0,0.0037668519653379917,0.05752706527709961,-0.054183587431907654,0,0,0,0,1.0,-0.007560771643837441,-0.08336549410646943,0.0011145125210806558,1.3533856580728691e-05,0.9841556817761351,0.05362633117136732
1759299249.7535434,1,follower,auto,-0.1933899223804474,0.9296810030937195,0.9190094470977783,0.0,1.0,1.0,0.1933899223804474,0.07031899690628052,0.08099055290222168,0,0,0,0,1.0,0.015718689840940964,-0.12415011332679082,-0.0849630249598945,-0.20124926730091786,0.9917560597571149,0.9614909595777256
1759299249.7545683,0,follower,auto,-0.001401049317792058,0.9480307102203369,0.05000012740492821,0,1,0,0.001401049317792058,0.051969289779663086,-0.05000012740492821,-3.646535468740008,-0.28897547894808345,4.901227034208016,0,,,,,,,
1759299249.8551362,1,follower,auto,-0.1881902813911438,0.9131140112876892,0.933591902256012,0.0,1.0,1.0,0.1881902813911438,0.08688598871231079,0.06640809774398804,6.097241545026103,18.277030909450463,8.152827316230209,0,,,,,,,
1759299249.9589102,0,leader,auto,-0.001401049317792058,0.9480307102203369,0.05000012740492821,0,1,0,0.001401049317792058,0.051969289779663086,-0.05000012740492821,0,0,0,0,1.0,-0.0034555719948650304,-0.09219350963465733,0.0039577010277442315,0.0003267366796404572,0.9941274650376656,0.04802127689105609
1759299250.0595715,1,follower,auto,-0.1881902813911438,0.9131140112876892,0.933591902256012,0.0,1.0,1.0,0.1881902813911438,0.08688598871231079,0.06640809774398804,0,0,0,0,1.0,0.0435803037509796,-0.12746025000464067,-0.07909479008500142,-0.2099804332666336,0.9768441362900095,0.9731392972985127
1759299250.0610101,0,follower,auto,0.002921809908002615,0.9505370855331421,0.047329895198345184,0,1,0,-0.002921809908002615,0.04946291446685791,-0.047329895198345184,-2.627186521371526,-0.2845360345389662,3.903032638751518,0,,,,,,,
1759299250.1615927,1,follower,auto,-0.1729065477848053,0.9021896123886108,0.9494468569755554,0.0,1.0,1.0,0.1729065477848053,0.09781038761138916,0.05055314302444458,5.057022509702921,17.198604973794723,9.148539365442296,0,,,,,,,
1759299250.2740443,0,leader,auto,0.002921809908002615,0.9505370855331421,0.047329895198345184,0,1,0,-0.002921809908002615,0.04946291446685791,-0.047329895198345184,0,0,0,0,1.0,0.000568229838004519,-0.09857938660106824,0.007705214442963834,0.0026376949890003555,0.9998267788336762,0.04347728797686327
1759299250.374446,1,follower,auto,-0.1729065477848053,0.9021896123886108,0.9494468569755554,0.0,1.0,1.0,0.1729065477848053,0.09781038761138916,0.05055314302444458,0,0,0,0,1.0,0.07107495345662196,-0.12232442601555515,-0.0744351137203767,-0.20844402451311628,0.9633518253963884,0.9866644138357438
1759299250.3753402,0,follower,auto,0.009524482302367687,0.9520891904830933,0.04530655965209007,0,1,0,-0.009524482302367687,0.04791080951690674,-0.04530655965209007,-2.602539688193894,-0.27074945917434895,3.905991732514814,0,,,,,,,
1759299250.4762475,1,follower,auto,-0.1483289748430252,0.8986521363258362,0.9673538208007812,0.0,1.0,1.0,0.1483289748430252,0.10134786367416382,0.03264617919921875,3.0147792459216354,14.114013110539267,10.11781842741719,0,,,,,,,
1759299250.631663,0,leader,auto,0.009524482302367687,0.9520891904830933,0.04530655965209007,0,1,0,-0.009524482302367687,0.04791080951690674,-0.04530655965209007,0,0,0,0,1.0,0.004774604168424838,-0.10123786894178877,0.010690034080170337,0.007137180218155268,1.0027081249539878,0.03996154261200491
1759299250.731933,1,follower,auto,-0.1483289748430252,0.8986521363258362,0.9673538208007812,0.0,1.0,1.0,0.1483289748430252,0.10134786367416382,0.03264617919921875,0,0,0,0,1.0,0.09663889505191786,-0.1115986153756805,-0.06945664421679831,-0.19664842236898414,0.9544514440136764,1.0020821429091804
1759299250.7323432,0,follower,auto,0.019237587228417397,0.9517917037010193,0.04170764982700348,0,1,0,-0.019237587228417397,0.04820829629898071,-0.04170764982700348,-2.5674514093902996,-1.2557333906109107,3.923159798811947,0,,,,,,,
1759299250.8326402,1,follower,auto,-0.11726079136133194,0.9025024771690369,0.9837852120399475,0.0,1.0,1.0,0.11726079136133194,0.09749752283096313,0.01621478796005249,0.9872268547694873,11.037431074707865,9.069061262110921,0,,,,,,,
1759299250.9381003,0,leader,auto,0.019237587228417397,0.9517917037010193,0.04170764982700348,0,1,0,-0.019237587228417397,0.04820829629898071,-0.04170764982700348,0,0,0,0,1.0,0.009801171396315426,-0.1028622530537584,0.010990253689986317,0.014337001530259684,1.0032228302278985,0.03621252298201032
1759299251.038466,1,follower,auto,-0.11726079136133194,0.9025024771690369,0.9837852120399475,0.0,1.0,1.0,0.11726079136133194,0.09749752283096313,0.01621478796005249,0,0,0,0,1.0,0.11702400729081586,-0.09858738237223008,-0.06746026075712908,-0.17577279500673987,0.9517961683551519,1.0175153424185122
1759299251.039019,0,follower,auto,0.028104588389396667,0.950608491897583,0.03955862671136856,0,1,0,-0.028104588389396667,0.04939150810241699,-0.03955862671136856,-1.5560173874767809,-2.238553275435864,3.9375748636815175,0,,,,,,,
1759299251.139313,1,follower,auto,-0.09590616077184677,0.9062600135803223,0.9923099875450134,0.0,1.0,1.0,0.09590616077184677,0.09373998641967773,0.007690012454986572,0.005171861054926871,9.046131727313,9.049279291242376,0,,,,,,,
1759299251.244237,0,leader,auto,0.028104588389396667,0.950608491897583,0.03955862671136856,0,1,0,-0.028104588389396667,0.04939150810241699,-0.03955862671136856,0,0,0,0,1.0,0.010909388612629668,-0.1029694037544644,0.012957356714443903,0.022649894083081833,1.0020931937748152,0.03307994835414661
1759299251.3445415,1,follower,auto,-0.09590616077184677,0.9062600135803223,0.9923099875450134,0.0,1.0,1.0,0.09590616077184677,0.09373998641967773,0.007690012454986572,0,0,0,0,1.0,0.11733676810446333,-0.09197715105864213,-0.07292898495615896,-0.15457454482407845,0.9522485891096433,1.028774480023093
1759299251.344896,0,follower,auto,0.03658074513077736,0.9504542350769043,0.038100387901067734,0,1,0,-0.03658074513077736,0.0495457649230957,-0.038100387901067734,-1.559324910064703,-3.2312723583786784,3.9378522873667845,0,,,,,,,
1759299251.445213,1,follower,auto,-0.08336015790700912,0.9077709913253784,0.9914962649345398,0.0,1.0,1.0,0.08336015790700912,0.09222900867462158,0.008503735065460205,0.053613490105399404,8.085252823595702,9.052505731227999,0,,,,,,,
1759299251.5467937,0,leader,auto,0.03658074513077736,0.9504542350769043,0.038100387901067734,0,1,0,-0.03658074513077736,0.0495457649230957,-0.038100387901067734,0,0,0,0,1.0,0.010240279767013503,-0.10040418274411866,0.014696762961014881,0.03146060524727061,1.0006563264489636,0.030752006420560293
1759299251.647251,1,follower,auto,-0.08336015790700912,0.9077709913253784,0.9914962649345398,0.0,1.0,1.0,0.08336015790700912,0.09222900867462158,0.008503735065460205,0,0,0,0,1.0,0.10801263451585624,-0.09088148511442196,-0.08317991351257326,-0.13736647516493725,0.9532117338825894,1.0330862216908265
1759299251.6476073,0,follower,auto,0.04396425187587738,0.9498369693756104,0.0391056090593338,0,1,0,-0.04396425187587738,0.05016303062438965,-0.0391056090593338,-1.5840760642126697,-4.2367843551355335,4.933767272256254,0,,,,,,,
1759299251.747961,1,follower,auto,-0.08294596523046494,0.9035780429840088,0.9837532639503479,0.0,1.0,1.0,0.08294596523046494,0.09642195701599121,0.0162467360496521,1.110661313493767,8.160228157129735,9.083543032301368,0,,,,,,,
1759299251.85379,0,leader,auto,0.04396425187587738,0.9498369693756104,0.0391056090593338,0,1,0,-0.04396425187587738,0.05016303062438965,-0.0391056090593338,0,0,0,0,1.0,0.007749250264154739,-0.09805893962279977,0.01805233820635807,0.04008962674380001,0.9988664391870102,0.030079439956154766
1759299251.9545538,1,follower,auto,-0.08294596523046494,0.9035780429840088,0.9837532639503479,0.0,1.0,1.0,0.08294596523046494,0.09642195701599121,0.0162467360496521,0,0,0,0,1.0,0.09053975487626176,-0.09602866753368411,-0.09316856169921062,-0.12821584266859581,0.9515923767508508,1.0303375447999532
1759299251.9560227,0,follower,auto,0.053040117025375366,0.9474837183952332,0.043173711746931076,0,1,0,-0.053040117025375366,0.052516281604766846,-0.043173711746931076,-2.621232333372101,-5.275528690976433,4.947772512800229,0,,,,,,,
1759299252.0567043,1,follower,auto,-0.0959494486451149,0.9054451584815979,0.9739523530006409,0.0,1.0,1.0,0.0959494486451149,0.0945548415184021,0.02604764699935913,2.1532857028572914,9.269057828288332,9.059462347594769,0,,,,,,,
1759299252.2149014,0,leader,auto,0.053040117025375366,0.9474837183952332,0.043173711746931076,0,1,0,-0.053040117025375366,0.052516281604766846,-0.043173711746931076,0,0,0,0,1.0,0.006943166571735576,-0.09740427166871757,0.022737717919255086,0.04956853373950758,0.9961858542295919,0.031804852787303536
1759299252.3152063,1,follower,auto,-0.0959494486451149,0.9054451584815979,0.9739523530006409,0.0,1.0,1.0,0.0959494486451149,0.0945548415184021,0.02604764699935913,0,0,0,0,1.0,0.06816220213264623,-0.0924123639740897,-0.09816924704393748,-0.13003054971143801,0.9516513404686427,1.0230369765226097
1759299252.3155863,0,follower,auto,0.0641670823097229,0.9472750425338745,0.04658648371696472,0,1,0,-0.0641670823097229,0.05272495746612549,-0.04658648371696472,-2.6344934055850104,-6.337792334858338,4.95038364230595,0,,,,,,,
1759299252.4159057,1,follower,auto,-0.11946343630552292,0.9114471077919006,0.9699600338935852,0.0,1.0,1.0,0.11946343630552292,0.08855289220809937,0.030039966106414795,3.14654351440606,11.387876570031361,8.027455067326985,0,,,,,,,
1759299252.5703604,0,leader,auto,0.0641670823097229,0.9472750425338745,0.04658648371696472,0,1,0,-0.0641670823097229,0.05272495746612549,-0.04658648371696472,0,0,0,0,1.0,0.0070987635233380406,-0.09373419890914003,0.024511942193501612,0.06061770054805388,0.9941421419884445,0.034330512620213915
1759299252.6708694,1,follower,auto,-0.11946343630552292,0.9114471077919006,0.9699600338935852,0.0,1.0,1.0,0.11946343630552292,0.08855289220809937,0.030039966106414795,0,0,0,0,1.0,0.047076130918836334,-0.08642393486912536,-0.09294508812326563,-0.14300150176494109,0.9546590752264633,1.016432577955218
1759299252.6718798,0,follower,auto,0.0726364329457283,0.9457563757896423,0.04573804512619972,0,1,0,-0.0726364329457283,0.054243624210357666,-0.04573804512619972,-2.626637554530656,-7.378751329080391,4.964012911614781,0,,,,,,,
1759299252.7725315,1,follower,auto,-0.14368095993995667,0.9166876077651978,0.9628481268882751,0.0,1.0,1.0,0.14368095993995667,0.08331239223480225,0.037151873111724854,3.163686038680486,14.459918926225697,8.013707001713026,0,,,,,,,
1759299252.87784,0,leader,auto,0.0726364329457283,0.9457563757896423,0.04573804512619972,0,1,0,-0.0726364329457283,0.054243624210357666,-0.04573804512619972,0,0,0,0,1.0,0.0027570301789991147,-0.09210339435007286,0.021183668566384945,0.07125791785622874,0.9918080729646788,0.03514621084300725
1759299252.9782102,1,follower,auto,-0.14368095993995667,0.9166876077651978,0.9628481268882751,0.0,1.0,1.0,0.14368095993995667,0.08331239223480225,0.037151873111724854,0,0,0,0,1.0,0.0374996252074426,-0.08403743504875227,-0.09191560523670383,-0.16243077254367796,0.9587063252895739,1.008805929506627
1759299252.9787714,0,follower,auto,0.07763437926769257,0.9455161094665527,0.043120019137859344,0,1,0,-0.07763437926769257,0.054483890533447266,-0.043120019137859344,-2.6217273580251206,-7.390334616674819,4.978261864393057,0,,,,,,,
1759299253.079214,1,follower,auto,-0.15773940086364746,0.9288280606269836,0.9550985097885132,0.0,1.0,1.0,0.15773940086364746,0.07117193937301636,0.044901490211486816,4.176386004240099,15.452738973145662,6.96507332614276,0,,,,,,,
1759299253.184319,0,leader,auto,0.07763437926769257,0.9455161094665527,0.043120019137859344,0,1,0,-0.07763437926769257,0.054483890533447266,-0.043120019137859344,0,0,0,0,1.0,-0.004798854393956567,-0.08894801001854846,0.017877012029724273,0.08003380646467084,0.989990114475827,0.034181513122997206
1759299253.284599,1,follower,auto,-0.15773940086364746,0.9288280606269836,0.9550985097885132,0.0,1.0,1.0,0.15773940086364746,0.07117193937301636,0.044901490211486816,0,0,0,0,1.0,0.045547944163859044,-0.07584672312428653,-0.0905316052666274,-0.18051337294557698,0.9667514221891269,1.0003643124218269
1759299253.2850037,0,follower,auto,0.08371146023273468,0.9427683353424072,0.042308103293180466,0,1,0,-0.08371146023273468,0.05723166465759277,-0.042308103293180466,-2.647467488265576,-8.40654939951713,5.016297336283058,0,,,,,,,
1759299253.3854795,1,follower,auto,-0.16285085678100586,0.9452806711196899,0.9396620988845825,0.0,1.0,1.0,0.16285085678100586,0.05471932888031006,0.06033790111541748,6.23210805447423,16.42121508125811,4.9091429081297315,0,,,,,,,
1759299253.5437994,0,leader,auto,0.08371146023273468,0.9427683353424072,0.042308103293180466,0,1,0,-0.08371146023273468,0.05723166465759277,-0.042308103293180466,0,0,0,0,1.0,-0.009225274331676345,-0.08889869086947666,0.018238300443818613,0.08832409739857286,0.9872176807771456,0.03318895307127116
1759299253.6440732,1,follower,auto,-0.16285085678100586,0.9452806711196899,0.9396620988845825,0.0,1.0,1.0,0.16285085678100586,0.05471932888031006,0.06033790111541748,0,0,0,0,1.0,0.0612435747875896,-0.06728430978456168,-0.09630720545515215,-0.19347264417480065,0.9789228260119708,0.9878157016121586
1759299253.6444383,0,follower,auto,0.09300944954156876,0.940125048160553,0.043164726346731186,0,1,0,-0.09300944954156876,0.05987495183944702,-0.043164726346731186,-2.6803199376438682,-9.430541598922655,5.045902465540984,0,,,,,,,
1759299253.8448637,1,follower,auto,-0.16064272820949554,0.9608197212219238,0.9240496754646301,0.0,1.0,1.0,0.16064272820949554,0.03918027877807617,0.07595032453536987,7.267686469045351,16.386615608347505,2.8775674035172583,0,,,,,,,
1759299253.9522314,0,leader,auto,0.09300944954156876,0.940125048160553,0.043164726346731186,0,1,0,-0.09300944954156876,0.05987495183944702,-0.043164726346731186,0,0,0,0,1.0,-0.010088581448331663,-0.08780115141498346,0.020293392910066307,0.09805374026573459,0.9840256238680447,0.03301802989169803
1759299254.052633,1,follower,auto,-0.16064272820949554,0.9608197212219238,0.9240496754646301,0.0,1.0,1.0,0.16064272820949554,0.03918027877807617,0.07595032453536987,0,0,0,0,1.0,0.07898518898894835,-0.06346184148759004,-0.09852136494267616,-0.20013532270396972,0.9925506419657188,0.9733103579359682
1759299254.0536065,0,follower,auto,0.10353763401508331,0.9395650029182434,0.04521841183304787,0,1,0,-0.10353763401508331,0.06043499708175659,-0.04521841183304787,-2.7029477393485495,-10.440670250468447,6.056337405669337,0,,,,,,,
1759299254.1542249,1,follower,auto,-0.15075094997882843,0.9725830554962158,0.915999710559845,0.0,1.0,1.0,0.15075094997882843,0.02741694450378418,0.08400028944015503,8.254342072326562,15.341728609938338,1.8736497411138093,0,,,,,,,
1759299254.358352,0,leader,auto,0.10353763401508331,0.9395650029182434,0.04521841183304787,0,1,0,-0.10353763401508331,0.06043499708175659,-0.04521841183304787,0,0,0,0,1.0,-0.01139546070550121,-0.08423558657920283,0.022680746737615425,0.10923536436783392,0.9816827962078448,0.03387803846424015
1759299254.458945,1,follower,auto,-0.15075094997882843,0.9725830554962158,0.915999710559845,0.0,1.0,1.0,0.15075094997882843,0.02741694450378418,0.08400028944015503,0,0,0,0,1.0,0.09766166992614772,-0.06445916898073567,-0.09141987366496518,-0.1995817849419023,1.0048126399865835,0.9617096473923276
1759299254.4611228,0,follower,auto,0.10922712087631226,0.9405013918876648,0.04535789415240288,0,1,0,-0.10922712087631226,0.059498608112335205,-0.04535789415240288,-2.710639786485058,-10.408538108650742,5.036838501521244,0,,,,,,,
1759299254.5619202,1,follower,auto,-0.13535358011722565,0.9663202166557312,0.9071458578109741,0.0,1.0,1.0,0.13535358011722565,0.0336797833442688,0.09285414218902588,9.262658442182428,13.290290818255816,2.964528731972166,0,,,,,,,
1759299254.712822,0,leader,auto,0.10922712087631226,0.9405013918876648,0.04535789415240288,0,1,0,-0.10922712087631226,0.059498608112335205,-0.04535789415240288,0,0,0,0,1.0,-0.019212878991351184,-0.08036456463651875,0.022068938750825065,0.11883356037198785,0.9806836742059242,0.034323424776990345
1759299254.813294,1,follower,auto,-0.13535358011722565,0.9663202166557312,0.9071458578109741,0.0,1.0,1.0,0.13535358011722565,0.0336797833442688,0.09285414218902588,0,0,0,0,1.0,0.11389939243001396,-0.08184093905284517,-0.08845110454665295,-0.19230327633223263,1.0072406861821537,0.9513714100843006
1759299254.814843,0,follower,auto,0.1096188947558403,0.9399276971817017,0.04358527809381485,0,1,0,-0.1096188947558403,0.06007230281829834,-0.04358527809381485,-2.706179058518476,-10.352854117180078,6.034179487773268,0,,,,,,,
1759299254.9151819,1,follower,auto,-0.11618680506944656,0.9614856243133545,0.9018335938453674,0.0,1.0,1.0,0.11618680506944656,0.03851437568664551,0.09816640615463257,9.251541151329304,11.23523402456691,2.988945487877783,0,,,,,,,
1759299255.0615437,0,leader,auto,0.1096188947558403,0.9399276971817017,0.04358527809381485,0,1,0,-0.1096188947558403,0.06007230281829834,-0.04358527809381485,0,0,0,0,1.0,-0.030541113668355963,-0.07918923285002855,0.019976872857337485,0.12488945159001828,0.9795223136067159,0.03359684166514611
1759299255.1619387,1,follower,auto,-0.11618680506944656,0.9614856243133545,0.9018335938453674,0.0,1.0,1.0,0.11618680506944656,0.03851437568664551,0.09816640615463257,0,0,0,0,1.0,0.126262746761937,-0.08779868629746401,-0.08352951820111199,-0.17931817845041506,1.0053849674620865,0.9435983529459234
1759299255.162857,0,follower,auto,0.10760854184627533,0.9388862252235413,0.04360336810350418,0,1,0,-0.10760854184627533,0.06111377477645874,-0.04360336810350418,-2.7055928818036517,-10.317232730068318,6.032906424685862,0,,,,,,,
1759299255.3634715,1,follower,auto,-0.10667981952428818,0.9575392007827759,0.9053024053573608,0.0,1.0,1.0,0.10667981952428818,0.04246079921722412,0.09469759464263916,9.204556523255834,10.250460845214874,3.9949802290621568,0,,,,,,,
1759299255.468467,0,leader,auto,0.10760854184627533,0.9388862252235413,0.04360336810350418,0,1,0,-0.10760854184627533,0.06111377477645874,-0.04360336810350418,0,0,0,0,1.0,-0.04043204348353749,-0.07859815825967331,0.020898668922067237,0.12782456358804406,0.9781853043533779,0.03315403364247056
1759299255.66893,1,follower,auto,-0.10667981952428818,0.9575392007827759,0.9053024053573608,0.0,1.0,1.0,0.10667981952428818,0.04246079921722412,0.09469759464263916,0,0,0,0,1.0,0.1224368742623711,-0.08844166032250822,-0.07251229688354599,-0.16789825665547373,1.00176003094403,0.9415585537991338
1759299255.66963,0,follower,auto,0.10573199391365051,0.9352620244026184,0.046485260128974915,0,1,0,-0.10573199391365051,0.06473797559738159,-0.046485260128974915,-2.704694238279742,-10.322477378197775,6.026767224575444,0,,,,,,,
1759299255.7699752,1,follower,auto,-0.11534722149372101,0.9419736862182617,0.9177200198173523,0.0,1.0,1.0,0.11534722149372101,0.05802631378173828,0.0822799801826477,8.140125403476455,11.346730402330383,5.062195576167797,0,,,,,,,
1759299255.8762343,0,leader,auto,0.10573199391365051,0.9352620244026184,0.046485260128974915,0,1,0,-0.10573199391365051,0.06473797559738159,-0.046485260128974915,0,0,0,0,1.0,-0.04681221050961673,-0.08042862247693794,0.024377300467612745,0.12913809916845886,0.9754763356410874,0.03429660989516854
1759299255.97658,1,follower,auto,-0.11534722149372101,0.9419736862182617,0.9177200198173523,0.0,1.0,1.0,0.11534722149372101,0.05802631378173828,0.0822799801826477,0,0,0,0,1.0,0.10185124385274139,-0.09916994191816864,-0.0585432149854902,-0.1662728434200917,0.991558657177346,0.9469916273100973
1759299255.9770186,0,follower,auto,0.10556440055370331,0.9329439997673035,0.04646318405866623,0,1,0,-0.10556440055370331,0.06705600023269653,-0.04646318405866623,-2.675722960226083,-10.338965784832318,6.005618065746237,0,,,,,,,
1759299256.0773695,1,follower,auto,-0.12271033972501755,0.9268589615821838,0.9315620064735413,0.0,1.0,1.0,0.12271033972501755,0.07314103841781616,0.06843799352645874,6.0983086853244,12.377870680755326,7.0942883214165855,0,,,,,,,
1759299256.1855445,0,leader,auto,0.10556440055370331,0.9329439997673035,0.04646318405866623,0,1,0,-0.10556440055370331,0.06705600023269653,-0.04646318405866623,0,0,0,0,1.0,-0.04970365353178777,-0.07953365464418272,0.0232793891924857,0.13041622731959718,0.9727108270893948,0.034823489462423377
1759299256.2858841,1,follower,auto,-0.12271033972501755,0.9268589615821838,0.9315620064735413,0.0,1.0,1.0,0.12271033972501755,0.07314103841781616,0.06843799352645874,0,0,0,0,1.0,0.09315311389032685,-0.1028695931336503,-0.050705752816496585,-0.169286896670181,0.978293758149009,0.9569148828817895
1759299256.2863371,0,follower,auto,0.10644189268350601,0.9325783252716064,0.044309429824352264,0.05,1.0,0.0,-0.05644189268350601,0.06742167472839355,-0.044309429824352264,-2.6412785224146678,-5.347615052781844,5.980726906702402,0,,,,,,,
1759299256.3866684,1,follower,auto,-0.12353376299142838,0.9157565832138062,0.9447674751281738,0.05,1.0,1.0,0.17353376299142836,0.08424341678619385,0.05523252487182617,5.071637039378825,17.3590594323325,8.097410831475559,0,,,,,,,
1759299256.4932063,0,leader,auto,0.10644189268350601,0.9325783252716064,0.044309429824352264,0.05,1.0,0.0,-0.05644189268350601,0.06742167472839355,-0.044309429824352264,0,0,0,0,1.0,-0.051446439661036764,-0.07664688373851924,0.02068570140116128,0.1321651125140244,0.9709017671408661,0.03396657912377163
1759299256.5935142,1,follower,auto,-0.12353376299142838,0.9157565832138062,0.9447674751281738,0.05,1.0,1.0,0.17353376299142836,0.08424341678619385,0.05523252487182617,0,0,0,0,1.0,0.09610938369693597,-0.0999089047257038,-0.04768047308447487,-0.17158845483989638,0.965711035576658,0.9686077116704113
1759299256.594157,0,follower,auto,0.1084994524717331,0.9328626394271851,0.042700909078121185,0.1,1.0,0.0,-0.008499452471733088,0.06713736057281494,-0.042700909078121185,-2.6169061514594265,-0.35936079160044904,5.971446975781167,0,,,,,,,
1759299256.6945817,1,follower,auto,-0.12478292733430862,0.9134314656257629,0.9586527347564697,0.1,1.0,1.0,0.22478292733430863,0.08656853437423706,0.04134726524353027,4.044451403244001,20,8.060565720088572,0,,,,,,,
1759299256.7981362,0,leader,auto,0.1084994524717331,0.9328626394271851,0.042700909078121185,0.1,1.0,0.0,-0.008499452471733088,0.06713736057281494,-0.042700909078121185,0,0,0,0,1.0,-0.05118850783890644,-0.07413251926762432,0.02007726808915658,0.1340937063911863,0.9699288990609972,0.032662275033542895
1759299256.8985536,1,follower,auto,-0.12478292733430862,0.9134314656257629,0.9586527347564697,0.1,1.0,1.0,0.22478292733430863,0.08656853437423706,0.04134726524353027,0,0,0,0,1.0,0.09909880778943086,-0.08917792983112238,-0.04556393967753358,-0.17433233122902406,0.9580204305413241,0.9814347045952365
1759299256.8995154,0,follower,auto,0.11416847258806229,0.9313974380493164,0.04137132316827774,0.15000000000000002,1.0,0.0,0.035831527411937736,0.0686025619506836,-0.04137132316827774,-2.584550860236827,2.608429447976737,5.987650649164213,0,,,,,,,
1759299257.000062,1,follower,auto,-0.12911786139011383,0.9189432263374329,0.9794480204582214,0.15000000000000002,1.0,1.0,0.27911786139011385,0.08105677366256714,0.020551979541778564,1.9810584966461846,20,8.004957610394744,0,,,,,,,
1759299257.1032977,0,leader,auto,0.11416847258806229,0.9313974380493164,0.04137132316827774,0.15000000000000002,1.0,0.0,0.035831527411937736,0.0686025619506836,-0.04137132316827774,0,0,0,0,1.0,-0.046258209101666614,-0.07426440132787882,0.020204281105177815,0.1372975771388956,0.9685296387132558,0.03126918261568883
1759299257.2037885,1,follower,auto,-0.12911786139011383,0.9189432263374329,0.9794480204582214,0.15000000000000002,1.0,1.0,0.27911786139011385,0.08105677366256714,0.020551979541778564,0,0,0,0,1.0,0.10003027992801755,-0.07576125726836269,-0.037467661259479756,-0.1791330013541226,0.9568238549716142,0.9981818510879613
1759299257.205209,0,follower,auto,0.1258903443813324,0.9287978410720825,0.03958465903997421,0.2,1.0,0.0,0.07410965561866761,0.07120215892791748,-0.03958465903997421,-1.5503805664064716,6.552475430046913,7.009544529442219,0,,,,,,,
1759299257.3059955,1,follower,auto,-0.13430991768836975,0.9266155958175659,0.9993281364440918,0.2,1.0,1.0,0.33430991768836976,0.07338440418243408,0.0006718635559082031,-0.05665964047250186,20,6.966932303913292,0,,,,,,,
1759299257.41279,0,leader,auto,0.1258903443813324,0.9287978410720825,0.03958465903997421,0.2,1.0,0.0,0.07410965561866761,0.07120215892791748,-0.03958465903997421,0,0,0,0,1.0,-0.035931645466569934,-0.0751050405864655,0.01995174008215811,0.14385616711461735,0.9663503613653153,0.029608788998895158
1759299257.5133328,1,follower,auto,-0.13430991768836975,0.9266155958175659,0.9993281364440918,0.2,1.0,1.0,0.33430991768836976,0.07338440418243408,0.0006718635559082031,0,0,0,0,1.0,0.10213813675665975,-0.06699952018940925,-0.0338932648590089,-0.1853789860666996,0.9601153559122706,1.0162747688735962
1759299257.5141256,0,follower,auto,0.14462600648403168,0.924552857875824,0.03733876347541809,0.25,1.0,0.0,0.10537399351596832,0.07544714212417603,-0.03733876347541809,-1.5217164397055576,9.491267470263063,7.028897040463754,0,,,,,,,
1759299257.6146693,1,follower,auto,-0.13062432408332825,0.9293680191040039,1.0145717859268188,0.25,1.0,1.0,0.38062432408332825,0.0706319808959961,-0.014571785926818848,-1.0649861888144523,20,6.970314761164145,0,,,,,,,
1759299257.7842653,0,leader,auto,0.14462600648403168,0.924552857875824,0.03733876347541809,0.25,1.0,0.0,0.10537399351596832,0.07544714212417603,-0.03733876347541809,0,0,0,0,1.0,-0.02121816334541643,-0.07704550655248243,0.019255039773943328,0.1552350881567399,0.9630756111520652,0.027711243588446427
1759299257.8847744,1,follower,auto,-0.13062432408332825,0.9293680191040039,1.0145717859268188,0.25,1.0,1.0,0.38062432408332825,0.0706319808959961,-0.014571785926818848,0,0,0,0,1.0,0.11451626165536177,-0.06760534291487075,-0.03588103663032327,-0.18788245491100913,0.9631706905614392,1.0325123042419806
1759299257.8859336,0,follower,auto,0.1768456995487213,0.918627142906189,0.03356422483921051,0.3,1.0,0.0,0.12315430045127868,0.08137285709381104,-0.03356422483921051,-1.4949169528429114,11.403389723671264,8.038996590190312,0,,,,,,,
1759299257.986576,1,follower,auto,-0.11150793731212616,0.9236980080604553,1.023897409439087,0.3,1.0,1.0,0.41150793731212615,0.07630199193954468,-0.023897409439086914,-2.054408392192546,20,7.009468999553429,0,,,,,,,
1759299258.0917284,0,leader,auto,0.1768456995487213,0.918627142906189,0.03356422483921051,0.3,1.0,0.0,0.12315430045127868,0.08137285709381104,-0.03356422483921051,0,0,0,0,1.0,0.0025258796283518237,-0.07952755790517119,0.017277099663762285,0.1755827597345454,0.9583909218587745,0.024925675007329368
1759299258.192337,1,follower,auto,-0.11150793731212616,0.9236980080604553,1.023897409439087,0.3,1.0,1.0,0.41150793731212615,0.07630199193954468,-0.023897409439086914,0,0,0,0,1.0,0.13827321072948934,-0.07638313372500738,-0.041629676023478,-0.18064454267687083,0.961889574922959,1.044712247450826
1759299258.1934617,0,follower,auto,0.21230891346931458,0.9135451316833496,0.029049178585410118,0.35,1.0,0.0,0.1376910865306854,0.08645486831665039,-0.029049178585410118,-0.4817404200343609,12.352115365586515,8.03401112050211,0,,,,,,,
1759299258.2939756,1,follower,auto,-0.08750121295452118,0.915711522102356,1.0246634483337402,0.35,1.0,1.0,0.43750121295452116,0.08428847789764404,-0.024663448333740234,-2.0173113525678583,20,8.035416244580956,0,,,,,,,
1759299258.478046,0,leader,auto,0.21230891346931458,0.9135451316833496,0.029049178585410118,0.35,1.0,0.0,0.1376910865306854,0.08645486831665039,-0.029049178585410118,0,0,0,0,1.0,0.020429122411348616,-0.07994644003463813,0.015489423737695622,0.20209435226364025,0.9535183517006687,0.021304466716562307
1759299258.578417,1,follower,auto,-0.08750121295452118,0.915711522102356,1.0246634483337402,0.35,1.0,1.0,0.43750121295452116,0.08428847789764404,-0.024663448333740234,0,0,0,0,1.0,0.15658519258471879,-0.08293129295138957,-0.051509236339034814,-0.16579380924688059,0.9571771685780508,1.0504180665032576
1759299258.579493,0,follower,auto,0.2617015540599823,0.9161193370819092,0.024541769176721573,0.39999999999999997,1.0,0.0,0.13829844594001767,0.08388066291809082,-0.024541769176721573,0,0,0,0,,,,,,,
1759299258.6801841,1,follower,auto,-0.05083611235022545,0.9128105044364929,1.022828459739685,0.39999999999999997,1.0,1.0,0.4508361123502254,0.08718949556350708,-0.02282845973968506,-1.9968900681330224,20,8.028747272227589,0,,,,,,,
1759299258.805956,0,leader,auto,0.2617015540599823,0.9161193370819092,0.024541769176721573,0.39999999999999997,1.0,0.0,0.13829844594001767,0.08388066291809082,-0.024541769176721573,0,0,0,0,1.0,0.04588747125403439,-0.07250950625723229,0.014336422131340338,0.23875781843296512,0.9523740902105253,0.017373558111051405
1759299258.906377,1,follower,auto,-0.05083611235022545,0.9128105044364929,1.022828459739685,0.39999999999999997,1.0,1.0,0.4508361123502254,0.08718949556350708,-0.02282845973968506,0,0,0,0,1.0,0.17948492994440632,-0.08105547600970486,-0.05725798523890391,-0.14057857732242862,0.9533382424413454,1.051457452359137
1759299258.9070234,0,follower,auto,0.3060024380683899,0.921803891658783,0.023760074749588966,0.44999999999999996,1.0,0.0,0.14399756193161006,0.07819610834121704,-0.023760074749588966,0,0,0,0,,,,,,,
1759299259.0074046,1,follower,auto,-0.016493508592247963,0.9215410351753235,1.0217173099517822,0.44999999999999996,1.0,1.0,0.4664935085922479,0.07845896482467651,-0.021717309951782227,-1.9921070333806712,20,6.97086126259994,0,,,,,,,
1759299259.1950288,0,leader,auto,0.3060024380683899,0.921803891658783,0.023760074749588966,0.44999999999999996,1.0,0.0,0.14399756193161006,0.07819610834121704,-0.023760074749588966,0,0,0,0,1.0,0.05544377570588388,-0.06586631592098935,0.017246272604444154,0.27828055021544795,0.9547370496192776,0.01513693844736689
1759299259.295392,1,follower,auto,-0.016493508592247963,0.9215410351753235,1.0217173099517822,0.44999999999999996,1.0,1.0,0.4664935085922479,0.07845896482467651,-0.021717309951782227,0,0,0,0,1.0,0.1891251785293217,-0.06846681905198315,-0.05747784873468009,-0.11105609785690881,0.955774444701315,1.0504562343191224
1759299259.2961197,0,follower,auto,0.34961530566215515,0.92543625831604,0.023361554369330406,0.49999999999999994,1.0,0.0,0.1503846943378448,0.07456374168395996,-0.023361554369330406,0,0,0,0,,,,,,,
1759299259.3965828,1,follower,auto,0.022152170538902283,0.9425373077392578,1.0145459175109863,0.49999999999999994,1.0,1.0,0.47784782946109766,0.05746269226074219,-0.014545917510986328,-0.9552080506343555,20,4.877304174459074,0,,,,,,,
1759299259.502946,0,leader,auto,0.34961530566215515,0.92543625831604,0.023361554369330406,0.49999999999999994,1.0,0.0,0.1503846943378448,0.07456374168395996,-0.023361554369330406,0,0,0,0,1.0,0.06146034772201914,-0.06469406468080696,0.018776181637500736,0.3188851318011456,0.9577832906564435,0.013973463550580038
1759299259.603475,1,follower,auto,0.022152170538902283,0.9425373077392578,1.0145459175109863,0.49999999999999994,1.0,1.0,0.47784782946109766,0.05746269226074219,-0.014545917510986328,0,0,0,0,1.0,0.19852024873171908,-0.04993779358736894,-0.06171305015874928,-0.07710795382695726,0.9675062045329423,1.045402442590361
1759299259.604894,0,follower,auto,0.36823752522468567,0.9253832101821899,0.02330351434648037,0.5499999999999999,1.0,0.0,0.18176247477531426,0.07461678981781006,-0.02330351434648037,0,0,0,0,,,,,,,
1759299259.8059032,1,follower,auto,0.05604643374681473,0.9577454924583435,1.0041195154190063,0.5499999999999999,1.0,1.0,0.4939535662531852,0.042254507541656494,-0.004119515419006348,0.08203743540096546,20,3.85846892534378,0,,,,,,,
1759299259.922578,0,leader,auto,0.36823752522468567,0.9253832101821899,0.02330351434648037,0.5499999999999999,1.0,0.0,0.18176247477531426,0.07461678981781006,-0.02330351434648037,0,0,0,0,1.0,0.04150292479240614,-0.06792677488660492,0.019539259546305407,0.3474860628284826,0.9593465976254925,0.013533884573327666
1759299260.0231817,1,follower,auto,0.05604643374681473,0.9577454924583435,1.0041195154190063,0.5499999999999999,1.0,1.0,0.4939535662531852,0.042254507541656494,-0.004119515419006348,0,0,0,0,0.7165313105737893,0.198503361691387,-0.046432249903841205,-0.06530403225534065,-0.04320524709887877,0.9809616174102641,1.0367715315466768
1759299260.025428,0,follower,auto,0.3820122480392456,0.9230163097381592,0.021612461656332016,0.6,1.0,0.0,0.21798775196075437,0.07698369026184082,-0.021612461656332016,0,0,0,0,,,,,,,
1759299260.1263747,1,follower,auto,0.10573559999465942,0.9733359217643738,0.9880647659301758,0.6,1.0,1.0,0.49426440000534055,0.02666407823562622,0.011935234069824219,1.133729922545249,20,1.8311444835027542,0,,,,,,,
1759299260.2289824,0,leader,auto,0.3820122480392456,0.9230163097381592,0.021612461656332016,0.6,1.0,0.0,0.21798775196075437,0.07698369026184082,-0.021612461656332016,0,0,0,0,1.0,0.02998279240865681,-0.07191931241139404,0.017931059915920648,0.36702085183491717,0.9589759659438561,0.012646931698371692
1759299260.329501,1,follower,auto,0.10573559999465942,0.9733359217643738,0.9880647659301758,0.6,1.0,1.0,0.49426440000534055,0.02666407823562622,0.011935234069824219,0,0,0,0,0.513417119032592,0.21432723716886853,-0.04410104445887253,-0.07111577925295376,-0.0014280185897748432,0.99538644399381,1.0236226555566525
1759299260.3300622,0,follower,auto,0.3893575966358185,0.9233708381652832,0.021304745227098465,0.65,1.0,0.0,0.26064240336418154,0.0766291618347168,-0.021304745227098465,0,0,0,0,,,,,,,
1759299260.5305567,1,follower,auto,0.14031541347503662,0.9756045341491699,0.9781152009963989,0.65,1.0,1.0,0.5096845865249634,0.024395465850830078,0.021884799003601074,2.1315950027547164,20,1.884108454470649,0,,,,,,,
1759299260.6457906,0,leader,auto,0.3893575966358185,0.9233708381652832,0.021304745227098465,0.65,1.0,0.0,0.26064240336418154,0.0766291618347168,-0.021304745227098465,0,0,0,0,1.0,0.022043782188578664,-0.0711670336807313,0.018197693115789025,0.3783357055415292,0.9589543550056489,0.012205898669203954
1759299260.7461398,1,follower,auto,0.14031541347503662,0.9756045341491699,0.9781152009963989,0.65,1.0,1.0,0.5096845865249634,0.024395465850830078,0.021884799003601074,0,0,0,0,0.36787944117144233,0.2067716412109201,-0.05561251866702621,-0.06642200619601879,0.036929592869576575,1.003410793482683,1.0113262040944084
1759299260.7469425,0,follower,auto,0.39812222123146057,0.9240907430648804,0.024164803326129913,0.7000000000000001,1.0,0.0,0.3018777787685395,0.07590925693511963,-0.024164803326129913,0,0,0,0,,,,,,,
1759299260.8474734,1,follower,auto,0.1977975219488144,0.9629114270210266,0.9643898606300354,0.7000000000000001,1.0,1.0,0.5022024780511857,0.03708857297897339,0.0356101393699646,3.167352049505469,20,2.983817723537926,0,,,,,,,
1759299260.9957469,0,leader,auto,0.39812222123146057,0.9240907430648804,0.024164803326129913,0.7000000000000001,1.0,0.0,0.3018777787685395,0.07590925693511963,-0.024164803326129913,0,0,0,0,1.0,0.023942458522894283,-0.07041615568221582,0.021184142752773298,0.38615099197001346,0.9592988209059883,0.013572731949743263
1759299261.096247,1,follower,auto,0.1977975219488144,0.9629114270210266,0.9643898606300354,0.7000000000000001,1.0,1.0,0.5022024780511857,0.03708857297897339,0.0356101393699646,0,0,0,0,0.26359713811572677,0.22572684719507347,-0.0754106894309845,-0.06672324369592642,0.08493409835127767,1.0006167717365189,0.9977514824779986
1759299261.0968149,0,follower,auto,0.40292084217071533,0.9203566908836365,0.022552665323019028,0.7500000000000001,1.0,0.0,0.3470791578292848,0.07964330911636353,-0.022552665323019028,0,0,0,0,,,,,,,
1759299261.197299,1,follower,auto,0.24092283844947815,0.9460127949714661,0.9602069854736328,0.7500000000000001,1.0,1.0,0.509077161550522,0.053987205028533936,0.03979301452636719,3.134393486069368,20,5.045104723318054,0,,,,,,,
1759299261.3347328,0,leader,auto,0.40292084217071533,0.9203566908836365,0.022552665323019028,0.7500000000000001,1.0,0.0,0.3470791578292848,0.07964330911636353,-0.022552665323019028,0,0,0,0,1.0,0.025327231570592412,-0.07449813954167661,0.017825717992096785,0.39025722638541915,0.9576057606544748,0.013639806326970637
1759299261.435418,1,follower,auto,0.24092283844947815,0.9460127949714661,0.9602069854736328,0.7500000000000001,1.0,1.0,0.509077161550522,0.053987205028533936,0.03979301452636719,0,0,0,0,0.18887560283756183,0.2202044870341593,-0.08837598692949067,-0.0564551541558973,0.1308205949323985,0.9902007884362114,0.9884345625515815
1759299261.4364479,0,follower,auto,0.4059694707393646,0.9143377542495728,0.017759272828698158,0.8000000000000002,1.0,0.0,0.39403052926063553,0.08566224575042725,-0.017759272828698158,0,0,0,0,,,,,,,
1759299261.5370789,1,follower,auto,0.28393271565437317,0.9315139651298523,0.9547395706176758,0.8000000000000002,1.0,1.0,0.516067284345627,0.0684860348701477,0.04526042938232422,4.12975518560014,20,6.060207432849298,0,,,,,,,
1759299261.7168615,0,leader,auto,0.4059694707393646,0.9143377542495728,0.017759272828698158,0.8000000000000002,1.0,0.0,0.39403052926063553,0.08566224575042725,-0.017759272828698158,0,0,0,0,1.0,0.02863644493457118,-0.07872489780354308,0.012667115402270966,0.39165124827207903,0.9537002031513443,0.011425715127562675
1759299261.8174267,1,follower,auto,0.28393271565437317,0.9315139651298523,0.9547395706176758,0.8000000000000002,1.0,1.0,0.516067284345627,0.0684860348701477,0.04526042938232422,0,0,0,0,0.1353352832366127,0.21682275548207947,-0.09151070997838939,-0.0519778686030572,0.1755213379133334,0.977269320119047,0.9807285049192044
1759299261.8189828,0,follower,auto,0.408031702041626,0.9082449078559875,0.013887587934732437,0.8500000000000002,1.0,0.0,0.4419682979583742,0.09175509214401245,-0.013887587934732437,0,0,0,0,,,,,,,
1759299261.9196227,1,follower,auto,0.33259448409080505,0.9233771562576294,0.9433040022850037,0.8500000000000002,1.0,1.0,0.5174055159091951,0.0766228437423706,0.05669599771499634,5.164472455156898,20,7.037267749411789,0,,,,,,,
1759299262.1007457,0,leader,auto,0.408031702041626,0.9082449078559875,0.013887587934732437,0.8500000000000002,1.0,0.0,0.4419682979583742,0.09175509214401245,-0.013887587934732437,0,0,0,0,1.0,0.03358874322680838,-0.08095793951010255,0.010586181429340927,0.3912373304282218,0.9487238776110388,0.008594497220061973
1759299262.2014077,1,follower,auto,0.33259448409080505,0.9233771562576294,0.9433040022850037,0.8500000000000002,1.0,1.0,0.5174055159091951,0.0766228437423706,0.05669599771499634,0,0,0,0,0.09697196786440505,0.22036321205052448,-0.08594333464220028,-0.055440371384675835,0.22241287806554283,0.9663488235787295,0.9710241879773416
1759299262.2027602,0,follower,auto,0.41189154982566833,0.9036306738853455,0.01089643593877554,0.9000000000000002,1.0,0.0,0.4881084501743319,0.09636932611465454,-0.01089643593877554,0,0,0,0,,,,,,,
1759299262.3034782,1,follower,auto,0.38623473048210144,0.9219598174095154,0.9337095618247986,0.9000000000000002,1.0,1.0,0.5137652695178988,0.07804018259048462,0.06629043817520142,6.173656084108519,20,6.9964489444800995,0,,,,,,,
1759299262.4201124,0,leader,auto,0.41189154982566833,0.9036306738853455,0.01089643593877554,0.9000000000000002,1.0,0.0,0.4881084501743319,0.09636932611465454,-0.01089643593877554,0,0,0,0,1.0,0.04202279027403777,-0.08083620178918449,0.010057407946137801,0.39088015468864945,0.9440487747799378,0.005867731965706639
1759299262.5207043,1,follower,auto,0.38623473048210144,0.9219598174095154,0.9337095618247986,0.9000000000000002,1.0,1.0,0.5137652695178988,0.07804018259048462,0.06629043817520142,0,0,0,0,0.06948345122280154,0.22660283798834835,-0.07605091052129487,-0.055235603732190386,0.27293331148792727,0.9599852726701628,0.9613273636908938
1759299262.5227017,0,follower,auto,0.41461214423179626,0.9007346630096436,0.010075700469315052,0.9500000000000003,1.0,0.0,0.535387855768204,0.09926533699035645,-0.010075700469315052,0,0,0,0,,,,,,,
1759299262.6236048,1,follower,auto,0.43369612097740173,0.9162715673446655,0.9303106665611267,0.9500000000000003,1.0,1.0,0.5163038790225986,0.08372843265533447,0.06968933343887329,6.15128564285097,20,8.007768091699743,0,,,,,,,
1759299262.7269292,0,leader,auto,0.41461214423179626,0.9007346630096436,0.010075700469315052,0.9500000000000003,1.0,0.0,0.535387855768204,0.09926533699035645,-0.010075700469315052,0,0,0,0,1.0,0.04904999066288712,-0.0793005114865507,0.011611110789486574,0.3900871489003527,0.940384918752919,0.004270145074571766
1759299262.8272436,1,follower,auto,0.43369612097740173,0.9162715673446655,0.9303106665611267,0.9500000000000003,1.0,1.0,0.5163038790225986,0.08372843265533447,0.06968933343887329,0,0,0,0,0.049787068367863944,0.2228787241115555,-0.07522344915066559,-0.04910019863713688,0.322256758921624,0.9538832919199983,0.9548607658796952
1759299262.8279817,0,follower,auto,0.4182675778865814,0.8991937637329102,0.009385733865201473,1.0000000000000002,1.0,0.0,0.5817324221134188,0.10080623626708984,-0.009385733865201473,0,0,0,0,,,,,,,
1759299262.9284377,1,follower,auto,0.47749194502830505,0.9067011475563049,0.9370389580726624,1.0000000000000002,1.0,1.0,0.5225080549716952,0.09329885244369507,0.06296104192733765,6.089752766936965,20,9.038256721836705,0,,,,,,,
1759299263.0449004,0,leader,auto,0.4182675778865814,0.8991937637329102,0.009385733865201473,1.0000000000000002,1.0,0.0,0.5817324221134188,0.10080623626708984,-0.009385733865201473,0,0,0,0,1.0,0.05727218033939685,-0.07745613908024862,0.012131052376037729,0.389631487716883,0.9379218332730345,0.003320207677182608
1759299263.1454148,1,follower,auto,0.47749194502830505,0.9067011475563049,0.9370389580726624,1.0000000000000002,1.0,1.0,0.5225080549716952,0.09329885244369507,0.06296104192733765,0,0,0,0,0.035673993347252395,0.2167791326259732,-0.07881324398302003,-0.03621562575918691,0.3691023787153185,0.946107769547815,0.9551467709522559
1759299263.1464984,0,follower,auto,0.42447495460510254,0.898018479347229,0.00908921379595995,1.0500000000000003,1.0,0.0,0.6255250453948977,0.101981520652771,-0.00908921379595995,0,0,0,0,,,,,,,
1759299263.2472043,1,follower,auto,0.5196992754936218,0.9058398604393005,0.9485188722610474,1.0500000000000003,1.0,1.0,0.5303007245063784,0.09416013956069946,0.05148112773895264,5.037009653685598,20,9.00674067352485,0,,,,,,,
1759299263.4255242,0,leader,auto,0.42447495460510254,0.898018479347229,0.00908921379595995,1.0500000000000003,1.0,0.0,0.6255250453948977,0.101981520652771,-0.00908921379595995,0,0,0,0,1.0,0.06750341373290275,-0.07673794895981989,0.012131905125237739,0.3907232477386512,0.936387453827139,0.00302326123334108
1759299263.525971,1,follower,auto,0.5196992754936218,0.9058398604393005,0.9485188722610474,1.0500000000000003,1.0,1.0,0.5303007245063784,0.09416013956069946,0.05148112773895264,0,0,0,0,0.025561533206507402,0.21172136498194616,-0.07218824180872474,-0.025638764191117214,0.41383859300264875,0.9419339813436629,0.961338254356606
1759299263.5267313,0,follower,auto,0.43201977014541626,0.897899329662323,0.006942502222955227,1.1000000000000003,1.0,0.0,0.667980229854584,0.102100670337677,-0.006942502222955227,0,0,0,0,,,,,,,
1759299263.6271122,1,follower,auto,0.5729457139968872,0.9007605314254761,0.9574148654937744,1.1000000000000003,1.0,1.0,0.5270542860031131,0.09923946857452393,0.042585134506225586,4.020774525931286,20,9.02258320276222,0,,,,,,,
1759299263.734172,0,leader,auto,0.43201977014541626,0.897899329662323,0.006942502222955227,1.1000000000000003,1.0,0.0,0.667980229854584,0.102100670337677,-0.006942502222955227,0,0,0,0,1.0,0.0772688839081257,-0.0759093972959034,0.009625819406805824,0.3933853281913534,0.9358540283102748,0.002129592519552315
1759299263.9351718,1,follower,auto,0.5729457139968872,0.9007605314254761,0.9574148654937744,1.1000000000000003,1.0,1.0,0.5270542860031131,0.09923946857452393,0.042585134506225586,0,0,0,0,0.01831563888873418,0.2199385550733326,-0.07354076174156021,-0.023552537671383766,0.4629764364602209,0.9375309122962562,0.9691911343294664
1759299263.93578,0,follower,auto,0.439376562833786,0.9001834988594055,0.0030698550399392843,1.1500000000000004,1.0,0.0,0.7106234371662143,0.09981650114059448,-0.0030698550399392843,0,0,0,0,,,,,,,
1759299264.036154,1,follower,auto,0.6356520652770996,0.8998602032661438,0.9643073081970215,1.1500000000000004,1.0,1.0,0.5143479347229007,0.1001397967338562,0.035692691802978516,3.013140482161994,20,10.012328823281173,0,,,,,,,
1759299264.144116,0,leader,auto,0.439376562833786,0.9001834988594055,0.0030698550399392843,1.1500000000000004,1.0,0.0,0.7106234371662143,0.09981650114059448,-0.0030698550399392843,0,0,0,0,1.0,0.08503187404609008,-0.07369592384833723,0.006047293217266279,0.396860625810741,0.9370314607835741,4.620843130614472e-05
1759299264.2447808,1,follower,auto,0.6356520652770996,0.8998602032661438,0.9643073081970215,1.1500000000000004,1.0,1.0,0.5143479347229007,0.1001397967338562,0.035692691802978516,0,0,0,0,0.013123728736940968,0.23300859901913956,-0.07045514761063731,-0.024929355130695274,0.5191477657675299,0.9350877770714625,0.9767719857623691
1759299264.2459223,0,follower,auto,0.4456709027290344,0.9033426642417908,-0.00034705514553934336,1.2000000000000004,1.0,0.0,0.754329097270966,0.09665733575820923,0.00034705514553934336,0,0,0,0,,,,,,,
1759299264.346342,1,follower,auto,0.6820025444030762,0.905700147151947,0.9685558080673218,1.2000000000000004,1.0,1.0,0.5179974555969242,0.09429985284805298,0.03144419193267822,3.015301004294732,20,8.975489175281776,0,,,,,,,
1759299264.5522833,0,leader,auto,0.4456709027290344,0.9033426642417908,-0.00034705514553934336,1.2000000000000004,1.0,0.0,0.754329097270966,0.09665733575820923,0.00034705514553934336,0,0,0,0,1.0,0.09072511947079864,-0.0721195082039735,0.004197311935451392,0.4003083429936351,0.9394024183437775,-0.0024457111132650394
1759299264.6526568,1,follower,auto,0.6820025444030762,0.905700147151947,0.9685558080673218,1.2000000000000004,1.0,1.0,0.5179974555969242,0.09429985284805298,0.03144419193267822,0,0,0,0,0.01,0.22236253386232868,-0.06291377201559478,-0.028391757935570805,0.5708212774719118,0.9371570331597444,0.9827516870351072
1759299264.6530871,0,follower,auto,0.4538194537162781,0.9086202383041382,-0.004055297467857599,1.2500000000000004,1.0,0.0,0.7961805462837224,0.09137976169586182,0.004055297467857599,0,0,0,0,,,,,,,
1759299264.7534175,1,follower,auto,0.73884516954422,0.9137306213378906,0.9862209558486938,1.2500000000000004,1.0,1.0,0.5111548304557805,0.08626937866210938,0.013779044151306152,0.9309885890776173,20,7.952314053762511,0,,,,,,,
1759299264.8572462,0,leader,auto,0.4538194537162781,0.9086202383041382,-0.004055297467857599,1.2500000000000004,1.0,0.0,0.7961805462837224,0.09137976169586182,0.004055297467857599,0,0,0,0,1.0,0.09815782528837824,-0.06965682190820333,0.0025076873871534002,0.40474054107208896,0.9434486492582399,-0.0053091411614343
1759299264.9611337,1,follower,auto,0.73884516954422,0.9137306213378906,0.9862209558486938,1.2500000000000004,1.0,1.0,0.5111548304557805,0.08626937866210938,0.013779044151306152,0,0,0,0,0.01,0.22697258395253228,-0.05762358191136374,-0.01675034272962117,0.6253588775679538,0.9425424122935725,0.9945961272135044
1759299264.9617536,0,follower,auto,0.4591282606124878,0.9113098382949829,-0.005155116319656372,1.3000000000000005,1.0,0.0,0.8408717393875127,0.08869016170501709,0.005155116319656372,0,0,0,0,,,,,,,
1759299265.0621312,1,follower,auto,0.7755154967308044,0.9115788340568542,0.9990864992141724,1.3000000000000005,1.0,1.0,0.524484503269196,0.08842116594314575,0.0009135007858276367,-0.08547681472001953,20,7.996627901431488,0,,,,,,,
1759299265.2146876,0,leader,auto,0.4591282606124878,0.9113098382949829,-0.005155116319656372,1.3000000000000005,1.0,0.0,0.8408717393875127,0.08869016170501709,0.005155116319656372,0,0,0,0,1.0,0.10158048847392465,-0.07151721738160277,0.0038318500298749683,0.40833801637552547,0.9470684469857843,-0.007071041334593856
1759299265.3150873,1,follower,auto,0.7755154967308044,0.9115788340568542,0.9990864992141724,1.3000000000000005,1.0,1.0,0.524484503269196,0.08842116594314575,0.0009135007858276367,0,0,0,0,0.01,0.20843099644426144,-0.06570823729188469,-0.01554322812156883,0.6712999985086737,0.9444329527027966,1.0068581132749568
1759299265.3158815,0,follower,auto,0.46446657180786133,0.9125263690948486,-0.003006670158356428,1.3500000000000005,1.0,0.0,0.8855334281921392,0.08747363090515137,0.003006670158356428,0,0,0,0,,,,,,,
1759299265.4164004,1,follower,auto,0.8160074949264526,0.906407356262207,1.0133765935897827,1.3500000000000005,1.0,1.0,0.5339925050735479,0.09359264373779297,-0.013376593589782715,-1.1083276094255552,20,9.03000814450877,0,,,,,,,
1759299265.520657,0,leader,auto,0.46446657180786133,0.9125263690948486,-0.003006670158356428,1.3500000000000005,1.0,0.0,0.8855334281921392,0.08747363090515137,0.003006670158356428,0,0,0,0,1.0,0.10578181215401355,-0.07412781127931645,0.007267033865775107,0.4115756657308546,0.9495902747345069,-0.006640187091243982
1759299265.62114,1,follower,auto,0.8160074949264526,0.906407356262207,1.0133765935897827,1.3500000000000005,1.0,1.0,0.5339925050735479,0.09359264373779297,-0.013376593589782715,0,0,0,0,0.01,0.2027710987880832,-0.07312670653881681,-0.01310516990069166,0.714621945532411,0.9429707095316154,1.0199291785401285
1759299265.621835,0,follower,auto,0.46837088465690613,0.91364985704422,-0.0009777727536857128,1.4000000000000006,1.0,0.0,0.9316291153430944,0.08635014295578003,0.0009777727536857128,0,0,0,0,,,,,,,
1759299265.7222626,1,follower,auto,0.8531281352043152,0.9041172862052917,1.0190281867980957,1.4000000000000006,1.0,1.0,0.5468718647956854,0.09588271379470825,-0.019028186798095703,-1.0788714449435906,20,9.030166038075379,0,,,,,,,
1759299265.82682,0,leader,auto,0.46837088465690613,0.91364985704422,-0.0009777727536857128,1.4000000000000006,1.0,0.0,0.9316291153430944,0.08635014295578003,0.0009777727536857128,0,0,0,0,1.0,0.10880393034387892,-0.0756679307688819,0.008303680632419192,0.41396891948496667,0.9514838224286609,-0.005129613069895309
1759299265.9273248,1,follower,auto,0.8531281352043152,0.9041172862052917,1.0190281867980957,1.4000000000000006,1.0,1.0,0.5468718647956854,0.09588271379470825,-0.019028186798095703,0,0,0,0,0.01,0.1965005145725065,-0.07438386779720763,-0.019919930807676733,0.7548778779180619,0.9413092201038955,1.0289881522019342
1759299265.9288213,0,follower,auto,0.4710594117641449,0.9157564043998718,-0.0012808787869289517,1.4500000000000006,1.0,0.0,0.9789405882358557,0.08424359560012817,0.0012808787869289517,0,0,0,0,,,,,,,
1759299266.0294313,1,follower,auto,0.8951821327209473,0.9014473557472229,1.0176478624343872,1.4500000000000006,1.0,1.0,0.5548178672790534,0.0985526442527771,-0.017647862434387207,-1.037254501189174,20,9.03743743544796,0,,,,,,,
1759299266.1320524,0,leader,auto,0.4710594117641449,0.9157564043998718,-0.0012808787869289517,1.4500000000000006,1.0,0.0,0.9789405882358557,0.08424359560012817,0.0012808787869289517,0,0,0,0,1.0,0.11137910543840862,-0.07555765934235348,0.0059024636222217396,0.4153698590449406,0.9535352340710486,-0.0042321105980398215
1759299266.2324536,1,follower,auto,0.8951821327209473,0.9014473557472229,1.0176478624343872,1.4500000000000006,1.0,1.0,0.5548178672790534,0.0985526442527771,-0.017647862434387207,0,0,0,0,0.01,0.19838606683917492,-0.0757902536421452,-0.029591512701762968,0.7959890993013599,0.9393424825682954,1.0324436187852686
1759299266.233182,0,follower,auto,0.4721537232398987,0.9174380302429199,-0.00270791444927454,1.5000000000000007,1.0,0.0,1.027846276760102,0.08256196975708008,0.00270791444927454,0,0,0,0,,,,,,,
1759299266.3337612,1,follower,auto,0.9382275938987732,0.8988816142082214,1.0149062871932983,1.5000000000000007,1.0,1.0,0.5617724061012275,0.10111838579177856,-0.01490628719329834,-1.017565103258446,20,10.043402897256549,0,,,,,,,
1759299266.440369,0,leader,auto,0.4721537232398987,0.9174380302429199,-0.00270791444927454,1.5000000000000007,1.0,0.0,1.027846276760102,0.08256196975708008,0.00270791444927454,0,0,0,0,1.0,0.11328799971822823,-0.07603032625564288,0.0030487145466832778,0.41550972338078457,0.9554531933707413,-0.004232271722616179
1759299266.5409126,1,follower,auto,0.9382275938987732,0.8988816142082214,1.0149062871932983,1.5000000000000007,1.0,1.0,0.5617724061012275,0.10111838579177856,-0.01490628719329834,0,0,0,0,0.01,0.2003606549627236,-0.07675386066335499,-0.03478945308334502,0.8380472664174115,0.9372585445398989,1.0323010137349709
1759299266.5416522,0,follower,auto,0.4724963903427124,0.9173738360404968,-0.0037871007807552814,1.5000000000000007,1.0,0.0,1.0275036096572883,0.08262616395950317,0.0037871007807552814,0,0,0,0,,,,,,,
1759299266.642056,1,follower,auto,0.9847947359085083,0.8967975378036499,1.0112965106964111,1.5000000000000007,1.0,1.0,0.5152052640914924,0.1032024621963501,-0.011296510696411133,-1.0048074961671993,20,10.04428805021582,0,,,,,,,
1759299266.7459145,0,leader,auto,0.4724963903427124,0.9173738360404968,-0.0037871007807552814,1.5000000000000007,1.0,0.0,1.0275036096572883,0.08262616395950317,0.0037871007807552814,0,0,0,0,1.0,0.1156586024922423,-0.07810215378544538,0.0015105024412032297,0.4146670890965912,0.9564249129332195,-0.004542352001356897
1759299266.846194,1,follower,auto,0.9847947359085083,0.8967975378036499,1.0112965106964111,1.5000000000000007,1.0,1.0,0.5152052640914924,0.1032024621963501,-0.011296510696411133,0,0,0,0,0.01,0.20486061348233897,-0.07734600324726026,-0.03713249692703613,0.8823644291673388,0.93547053942728,1.0298627591599292
1759299266.8466978,0,follower,auto,0.47352609038352966,0.9163975715637207,-0.00509657384827733,1.5000000000000007,1.0,0.0,1.026473909616471,0.0836024284362793,0.00509657384827733,0,0,0,0,,,,,,,
1759299266.9470189,1,follower,auto,1.0308340787887573,0.8986737728118896,1.0103343725204468,1.5000000000000007,1.0,1.0,0.46916592121124334,0.10132622718811035,-0.010334372520446777,-1.0137600628994707,20,10.022732591951305,0,,,,,,,
1759299267.05042,0,leader,auto,0.47352609038352966,0.9163975715637207,-0.00509657384827733,1.5000000000000007,1.0,0.0,1.026473909616471,0.0836024284362793,0.00509657384827733,0,0,0,0,1.0,0.11963947175494688,-0.0800891525241646,9.114847865203998e-05,0.4137063545060562,0.956442147825803,-0.005142148087603351
1759299267.1509743,1,follower,auto,1.0308340787887573,0.8986737728118896,1.0103343725204468,1.5000000000000007,1.0,1.0,0.46916592121124334,0.10132622718811035,-0.010334372520446777,0,0,0,0,0.01,0.20646127827560223,-0.07425918505777407,-0.03447686623074109,0.9276034396509563,0.9358033653407767,1.0275728056358173
1759299267.152321,0,follower,auto,0.4756586253643036,0.9165162444114685,-0.006415931507945061,1.5000000000000007,1.0,0.0,1.024341374635697,0.0834837555885315,0.006415931507945061,0,0,0,0,,,,,,,
1759299267.2529588,1,follower,auto,1.072102427482605,0.9029331803321838,1.0155473947525024,1.5000000000000007,1.0,1.0,0.4278975725173957,0.09706681966781616,-0.015547394752502441,-1.0520237757692203,20,9.001329152680759,0,,,,,,,
1759299267.3578448,0,leader,auto,0.4756586253643036,0.9165162444114685,-0.006415931507945061,1.5000000000000007,1.0,0.0,1.024341374635697,0.0834837555885315,0.006415931507945061,0,0,0,0,1.0,0.12474175453238218,-0.07997964980584671,-0.001013316035875459,0.41328774809811253,0.9565060693143919,-0.005909273490007331
1759299267.4584687,1,follower,auto,1.072102427482605,0.9029331803321838,1.0155473947525024,1.5000000000000007,1.0,1.0,0.4278975725173957,0.09706681966781616,-0.015547394752502441,0,0,0,0,0.01,0.20232908452894238,-0.07098180697251999,-0.02585852880308015,0.9709378852181338,0.9384240838184439,1.0284766591540424
1759299267.4600132,0,follower,auto,0.47713977098464966,0.9166902899742126,-0.006962766870856285,1.5000000000000007,1.0,0.0,1.022860229015351,0.08330971002578735,0.006962766870856285,0,0,0,0,,,,,,,
1759299267.5609224,1,follower,auto,1.110274314880371,0.9110056161880493,1.019978642463684,1.5000000000000007,1.0,1.0,0.3897256851196296,0.08899438381195068,-0.019978642463684082,-1.064746990302338,20,7.96890914705316,0,,,,,,,
1759299267.662799,0,leader,auto,0.47713977098464966,0.9166902899742126,-0.006962766870856285,1.5000000000000007,1.0,0.0,1.022860229015351,0.08330971002578735,0.006962766870856285,0,0,0,0,1.0,0.12852296269736235,-0.07986505937337018,-0.0011528659556516302,0.4128782896359685,0.9566228196608977,-0.00638633389303047
1759299267.763301,1,follower,auto,1.110274314880371,0.9110056161880493,1.019978642463684,1.5000000000000007,1.0,1.0,0.3897256851196296,0.08899438381195068,-0.019978642463684082,0,0,0,0,0.01,0.19710829924630735,-0.06600587670817892,-0.021421665446104354,1.0117201652572174,0.9440085545421388,1.0306894751867364
1759299267.7637873,0,follower,auto,0.4795675575733185,0.9145246744155884,-0.005513090640306473,1.5000000000000007,1.0,0.0,1.0204324424266822,0.08547532558441162,0.005513090640306473,0,0,0,0,,,,,,,
1759299267.8641517,1,follower,auto,1.1541967391967773,0.9224408268928528,1.0236567258834839,1.5000000000000007,1.0,1.0,0.3458032608032233,0.07755917310714722,-0.023656725883483887,-2.066503138039003,20,6.928212527236103,0,,,,,,,
1759299267.9689765,0,leader,auto,0.4795675575733185,0.9145246744155884,-0.005513090640306473,1.5000000000000007,1.0,0.0,1.0204324424266822,0.08547532558441162,0.005513090640306473,0,0,0,0,1.0,0.13314713368074116,-0.08214851985441174,0.0004164341373356587,0.4129939907329479,0.9555989343427942,-0.005721307708974302
1759299268.0693412,1,follower,auto,1.1541967391967773,0.9224408268928528,1.0236567258834839,1.5000000000000007,1.0,1.0,0.3458032608032233,0.07755917310714722,-0.023656725883483887,0,0,0,0,0.01,0.20032073604247236,-0.06049721709612921,-0.01915466967527024,1.0540363711755412,0.9526894354409174,1.033234060721119
1759299268.0698042,0,follower,auto,0.4857937693595886,0.9086630344390869,-0.005962183699011803,1.5000000000000007,1.0,0.0,1.014206230640412,0.09133696556091309,0.005962183699011803,0,0,0,0,,,,,,,
1759299268.1701548,1,follower,auto,1.1975740194320679,0.930662214756012,1.0243300199508667,1.5000000000000007,1.0,1.0,0.3024259805679328,0.06933778524398804,-0.0243300199508667,-2.0550906645338207,20,5.914497427284944,0,,,,,,,
1759299268.27524,0,leader,auto,0.4857937693595886,0.9086630344390869,-0.005962183699011803,1.5000000000000007,1.0,0.0,1.014206230640412,0.09133696556091309,0.005962183699011803,0,0,0,0,1.0,0.14092896602801336,-0.08693775981383955,-0.0010928590283065254,0.41532928634558197,0.9521319143460067,-0.00541575418485854
1759299268.3758435,1,follower,auto,1.1975740194320679,0.930662214756012,1.0243300199508667,1.5000000000000007,1.0,1.0,0.3024259805679328,0.06933778524398804,-0.0243300199508667,0,0,0,0,0.01,0.20137379195837735,-0.06117633283615442,-0.02003046861587876,1.0968871234528792,0.9612503811740891,1.034345254258806
1759299268.3765316,0,follower,auto,0.4935380816459656,0.9029101133346558,-0.0110012860968709,1.5000000000000007,1.0,0.0,1.006461918354035,0.09708988666534424,0.0110012860968709,0,0,0,0,,,,,,,
1759299268.476907,1,follower,auto,1.2381588220596313,0.9320036768913269,1.0225532054901123,1.5000000000000007,1.0,1.0,0.2618411779403693,0.0679963231086731,-0.022553205490112305,-2.0457648243630073,20,5.93497437302477,0,,,,,,,
1759299268.64962,0,leader,auto,0.4935380816459656,0.9029101133346558,-0.0110012860968709,1.5000000000000007,1.0,0.0,1.006461918354035,0.09708988666534424,0.0110012860968709,0,0,0,0,1.0,0.1478147585510559,-0.08931529026279483,-0.006796671915129328,0.41963070237043765,0.9475677584660531,-0.007602950139306236
1759299268.7503283,1,follower,auto,1.2381588220596313,0.9320036768913269,1.0225532054901123,1.5000000000000007,1.0,1.0,0.2618411779403693,0.0679963231086731,-0.022553205490112305,0,0,0,0,0.01,0.19907349750964332,-0.06834503246992862,-0.021903942232789797,1.1386220733048096,0.9661761931262912,1.033505176606507
1759299268.7512553,0,follower,auto,0.5031806826591492,0.900700569152832,-0.019155288115143776,1.5000000000000007,1.0,0.0,0.9968193173408515,0.09929943084716797,0.019155288115143776,0,0,0,0,,,,,,,
1759299268.8518913,1,follower,auto,1.2841849327087402,0.9258599877357483,1.0191439390182495,1.5000000000000007,1.0,1.0,0.21581506729126043,0.07414001226425171,-0.01914393901824951,-1.0417598476130259,19.560749470204343,6.981648782086989,0,,,,,,,
1759299269.0565948,0,leader,auto,0.5031806826591492,0.900700569152832,-0.019155288115143776,1.5000000000000007,1.0,0.0,0.9968193173408515,0.09929943084716797,0.019155288115143776,0,0,0,0,1.0,0.1544605745756074,-0.0869967940548001,-0.013236470832195217,0.4259503953713455,0.9441989661802321,-0.012537052699046168
1759299269.1570883,1,follower,auto,1.2841849327087402,0.9258599877357483,1.0191439390182495,1.5000000000000007,1.0,1.0,0.21581506729126043,0.07414001226425171,-0.01914393901824951,0,0,0,0,0.01,0.2033878208690807,-0.07918965135921718,-0.02341409129044303,1.1824910222742,0.9654548134153569,1.030850984663471
1759299269.1576746,0,follower,auto,0.5116339921951294,0.9033776521682739,-0.025855140760540962,1.5000000000000007,1.0,0.0,0.9883660078048713,0.09662234783172607,0.025855140760540962,0,0,0,0,,,,,,,
1759299269.258076,1,follower,auto,1.3400145769119263,0.9249939918518066,1.0135608911514282,1.5000000000000007,1.0,1.0,0.1599854230880744,0.07500600814819336,-0.013560891151428223,-1.030968548901185,13.442621370855043,6.977029046175665,0,,,,,,,
1759299269.373142,0,leader,auto,0.5116339921951294,0.9033776521682739,-0.025855140760540962,1.5000000000000007,1.0,0.0,0.9883660078048713,0.09662234783172607,0.025855140760540962,0,0,0,0,1.0,0.15773267674628966,-0.08104018000363811,-0.015320831074373946,0.43276765382198457,0.9438977421700929,-0.01819472522335399
1759299269.4734623,1,follower,auto,1.3400145769119263,0.9249939918518066,1.0135608911514282,1.5000000000000007,1.0,1.0,0.1599854230880744,0.07500600814819336,-0.013560891151428223,0,0,0,0,0.01,0.21515400794870043,-0.07909993844376584,-0.025497154970063995,1.232437572937576,0.9645439610736896,1.0263094686364602
1759299269.4741936,0,follower,auto,0.5150802731513977,0.9079709053039551,-0.029471417888998985,1.5000000000000007,1.0,0.0,0.984919726848603,0.09202909469604492,0.029471417888998985,0,0,0,0,,,,,,,
1759299269.57462,1,follower,auto,1.3837443590164185,0.930453360080719,1.0077377557754517,1.5000000000000007,1.0,1.0,0.11625564098358221,0.069546639919281,-0.00773775577545166,-0.022909942227543823,9.418896460742673,5.946183037983712,0,,,,,,,
1759299269.7608352,0,leader,auto,0.5150802731513977,0.9079709053039551,-0.029471417888998985,1.5000000000000007,1.0,0.0,0.984919726848603,0.09202909469604492,0.029471417888998985,0,0,0,0,1.0,0.1554183823332616,-0.07637641744379253,-0.013796278674054856,0.43737108198476693,0.9461591140258514,-0.022573278551971557
1759299269.8611186,1,follower,auto,1.3837443590164185,0.930453360080719,1.0077377557754517,1.5000000000000007,1.0,1.0,0.11625564098358221,0.069546639919281,-0.00773775577545166,0,0,0,0,0.01,0.2069190445338127,-0.07249647667363601,-0.025883603307552683,1.280284836749512,0.966701598417537,1.020679557429228
1759299269.8615994,0,follower,auto,0.5133570432662964,0.9156222343444824,-0.025692187249660492,1.5000000000000007,1.0,0.0,0.9866429567337043,0.08437776565551758,0.025692187249660492,0,0,0,0,,,,,,,
1759299269.961932,1,follower,auto,1.4297593832015991,0.9369618892669678,0.9948475956916809,1.5000000000000007,1.0,1.0,0.07024061679840155,0.06303811073303223,0.005152404308319092,0.033200143420564696,5.348701165381348,5.934626711078685,0,,,,,,,
1759299270.0729244,0,leader,auto,0.5133570432662964,0.9156222343444824,-0.025692187249660492,1.5000000000000007,1.0,0.0,0.9866429567337043,0.08437776565551758,0.025692187249660492,0,0,0,0,1.0,0.1502062647270464,-0.07133024171528302,-0.006189363098483391,0.4382539109027732,0.9512873552021239,-0.022597505700418796
1759299270.17344,1,follower,auto,1.4297593832015991,0.9369618892669678,0.9948475956916809,1.5000000000000007,1.0,1.0,0.07024061679840155,0.06303811073303223,0.005152404308319092,0,0,0,0,0.01,0.2022685529088979,-0.06781971867388958,-0.03249103461584557,1.3286251067471502,0.9708717486039126,1.0110931129996037
1759299270.1739578,0,follower,auto,0.509130597114563,0.9242293238639832,-0.02232016809284687,1.5000000000000007,1.0,0.0,0.9908694028854377,0.07577067613601685,0.02232016809284687,0,0,0,0,,,,,,,
1759299270.2743297,1,follower,auto,1.4581109285354614,0.9465665817260742,0.989777147769928,1.5000000000000007,1.0,1.0,0.04188907146453924,0.05343341827392578,0.010222852230072021,1.022352852826973,2.3744444150517214,4.91614526291734,0,,,,,,,
1759299270.4314651,0,leader,auto,0.509130597114563,0.9242293238639832,-0.02232016809284687,1.5000000000000007,1.0,0.0,0.9908694028854377,0.07577067613601685,0.02232016809284687,0,0,0,0,1.0,0.14634183303913056,-0.06806653409581997,-0.003519163517925687,0.4359596805949977,0.9582625909118931,-0.020560586333884027
1759299270.5317276,1,follower,auto,1.4581109285354614,0.9465665817260742,0.989777147769928,1.5000000000000007,1.0,1.0,0.04188907146453924,0.05343341827392578,0.010222852230072021,0,0,0,0,0.01,0.17856028971374482,-0.0621733401120812,-0.027171062278433133,1.3688307836785891,0.9776532517821148,1.0033626789091445
1759299270.6323109,0,follower,auto,0.5037826895713806,0.9378219246864319,-0.019205374643206596,1.5000000000000007,1.0,0.0,0.99621731042862,0.062178075313568115,0.019205374643206596,0,0,0,0,,,,,,,
1759299270.7328217,1,follower,auto,1.4581109285354614,0.9465665817260742,0.989777147769928,1.5000000000000007,1.0,1.0,0.04188907146453924,0.05343341827392578,0.010222852230072021,0.9986758643666387,2.5078821152087993,4.97177835935368,0,,,,,,,
1759299270.934694,0,leader,auto,0.5037826895713806,0.9378219246864319,-0.019205374643206596,1.5000000000000007,1.0,0.0,0.99621731042862,0.062178075313568115,0.019205374643206596,0,0,0,0,1.0,0.1446296099777455,-0.06149396297726317,-0.0032287297352745943,0.43146788458250784,0.9685689061750635,-0.0175910097755693
1759299271.035069,1,follower,auto,1.4581109285354614,0.9465665817260742,0.989777147769928,1.5000000000000007,1.0,1.0,0.04188907146453924,0.05343341827392578,0.010222852230072021,0,0,0,0,0.01,0.13448421664322519,-0.0686295461032107,-0.019016939844219927,1.3908688202138488,0.9808813547776796,0.9992856176920379
1759299271.0355127,0,follower,auto,0.4968601167201996,0.9416599273681641,-0.014133722521364689,1.5000000000000007,1.0,0.0,1.003139883279801,0.05834007263183594,0.014133722521364689,0,0,0,0,,,,,,,
1759299271.1361744,1,follower,auto,1.4581109285354614,0.9465665817260742,0.989777147769928,1.5000000000000007,1.0,1.0,0.04188907146453924,0.05343341827392578,0.010222852230072021,0.9977785889589632,2.5399361243735834,4.988108621937077,0,,,,,,,
1759299271.246911,0,leader,auto,0.4968601167201996,0.9416599273681641,-0.014133722521364689,1.5000000000000007,1.0,0.0,1.003139883279801,0.05834007263183594,0.014133722521364689,0,0,0,0,1.0,0.14358309288961063,-0.06791035776224197,-0.001669798709634556,0.42506857027539424,0.975615106249285,-0.01329882316654741
1759299271.3472505,1,follower,auto,1.4581109285354614,0.9465665817260742,0.989777147769928,1.5000000000000007,1.0,1.0,0.04188907146453924,0.05343341827392578,0.010222852230072021,0,0,0,0,0.01,0.10971104522068709,-0.07138485503603365,-0.014714124097099601,1.4032554059251179,0.982259009244091,0.9971342098184778
1759299271.3479455,0,follower,auto,0.49734044075012207,0.9368563890457153,-0.012411261908710003,1.5000000000000007,1.0,0.0,1.0026595592498786,0.06314361095428467,0.012411261908710003,0,0,0,0,,,,,,,
1759299271.4484496,1,follower,auto,1.4581109285354614,0.9465665817260742,0.989777147769928,1.5000000000000007,1.0,1.0,0.04188907146453924,0.05343341827392578,0.010222852230072021,0.9978108538008137,2.5533879709509337,4.984075292021645,0,,,,,,,
1759299271.6534004,0,leader,auto,0.49734044075012207,0.9368563890457153,-0.012411261908710003,1.5000000000000007,1.0,0.0,1.0026595592498786,0.06314361095428467,0.012411261908710003,0,0,0,0,1.0,0.15187315390440648,-0.07930479291689929,-0.004817569380501423,0.42140386379791883,0.976508785504165,-0.010002477218459292
1759299271.753993,1,follower,auto,1.4581109285354614,0.9465665817260742,0.989777147769928,1.5000000000000007,1.0,1.0,0.04188907146453924,0.05343341827392578,0.010222852230072021,0,0,0,0,0.01,0.09521666740999435,-0.07222491528202868,-0.012444307768351592,1.4105025948304641,0.9826790393670886,0.9959993016541038
1759299271.7552974,0,follower,auto,0.5048392415046692,0.9299216270446777,-0.014477405697107315,1.5000000000000007,1.0,0.0,0.9951607584953315,0.07007837295532227,0.014477405697107315,0,0,0,0,,,,,,,
1759299271.8563812,1,follower,auto,1.4581109285354614,0.9465665817260742,0.989777147769928,1.5000000000000007,1.0,1.0,0.04188907146453924,0.05343341827392578,0.010222852230072021,0.9939462102950782,2.568455580242494,4.97462474229056,0,,,,,,,
1759299271.9638479,0,leader,auto,0.5048392415046692,0.9299216270446777,-0.014477405697107315,1.5000000000000007,1.0,0.0,0.9951607584953315,0.07007837295532227,0.014477405697107315,0,0,0,0,1.0,0.16423983228881883,-0.08665648409938576,-0.010681628872224907,0.4227193253602598,0.9732498690943706,-0.00913659126099486
1759299272.0643353,1,follower,auto,1.4581109285354614,0.9465665817260742,0.989777147769928,1.5000000000000007,1.0,1.0,0.04188907146453924,0.05343341827392578,0.010222852230072021,0,0,0,0,0.01,0.08622740881213597,-0.07208534134598077,-0.011247744623219091,1.4149972241293933,0.9826092523990646,0.9954010200815375
1759299272.0652092,0,follower,auto,0.5106638669967651,0.9269923567771912,-0.017041845247149467,1.5000000000000007,1.0,0.0,0.9893361330032355,0.07300764322280884,0.017041845247149467,0,0,0,0,,,,,,,
1759299272.1657698,1,follower,auto,1.4581109285354614,0.9465665817260742,0.989777147769928,1.5000000000000007,1.0,1.0,0.04188907146453924,0.05343341827392578,0.010222852230072021,0.9898699226230732,2.5783383409285605,4.970516314870472,0,,,,,,,
1759299272.3585927,0,leader,auto,0.5106638669967651,0.9269923567771912,-0.017041845247149467,1.5000000000000007,1.0,0.0,0.9893361330032355,0.07300764322280884,0.017041845247149467,0,0,0,0,1.0,0.16964300041135338,-0.08592461774087079,-0.014472535067290154,0.42584236679108844,0.9699546656476266,-0.00980557771350439
1759299272.4591904,1,follower,auto,1.4581109285354614,0.9465665817260742,0.989777147769928,1.5000000000000007,1.0,1.0,0.04188907146453924,0.05343341827392578,0.010222852230072021,0,0,0,0,0.01,0.08021920818796402,-0.07145707702987991,-0.010616755987645998,1.4180013244414793,0.9822951202410142,0.995085525763751
1759299272.4608097,0,follower,auto,0.5134493708610535,0.9264517426490784,-0.018103010952472687,1.5000000000000007,1.0,0.0,0.9865506291389472,0.07354825735092163,0.018103010952472687,0,0,0,0,,,,,,,
1759299272.5618858,1,follower,auto,1.4581109285354614,0.9465665817260742,0.989777147769928,1.5000000000000007,1.0,1.0,0.04188907146453924,0.05343341827392578,0.010222852230072021,0.9882092855610058,2.5828603434593695,4.969791037072645,0,,,,,,,
1759299272.663388,0,leader,auto,0.5134493708610535,0.9264517426490784,-0.018103010952472687,1.5000000000000007,1.0,0.0,0.9865506291389472,0.07354825735092163,0.018103010952472687,0,0,0,0,1.0,0.1700643878345292,-0.08278471405533616,-0.015133458512874782,0.4284171769437889,0.9678440996767464,-0.010536281696035297
1759299272.7637763,1,follower,auto,1.4581109285354614,0.9465665817260742,0.989777147769928,1.5000000000000007,1.0,1.0,0.04188907146453924,0.05343341827392578,0.010222852230072021,0,0,0,0,0.0102,0.07585421225641098,-0.07059914702480019,-0.010283310250824185,1.4201838224072558,0.9818661552384743,0.9949188028953401
1759299272.7644525,0,follower,auto,0.5145691633224487,0.9269145131111145,-0.019238241016864777,1.5000000000000007,1.0,0.0,0.9854308366775519,0.0730854868888855,0.019238241016864777,0,0,0,0,,,,,,,
1759299272.864941,1,follower,auto,1.4581109285354614,0.9465665817260742,0.989777147769928,1.5000000000000007,1.0,1.0,0.04188907146453924,0.05343341827392578,0.010222852230072021,0.9864857739131929,2.5846431561717758,4.970510885784002,0,,,,,,,
1759299272.9714026,0,leader,auto,0.5145691633224487,0.9269145131111145,-0.019238241016864777,1.5000000000000007,1.0,0.0,0.9854308366775519,0.0730854868888855,0.019238241016864777,0,0,0,0,1.0,0.16935776044736078,-0.07990150870320356,-0.015789617549547122,0.4298902830987683,0.9668652674627163,-0.011343432242091216
1759299273.0717392,1,follower,auto,1.4581109285354614,0.9465665817260742,0.989777147769928,1.5000000000000007,1.0,1.0,0.04188907146453924,0.05343341827392578,0.010222852230072021,0,0,0,0,0.0102,0.07242107407008902,-0.06964765110590854,-0.01010655694753293,1.421900391500417,0.9813904072790285,0.9948304262436944
1759299273.0723984,0,follower,auto,0.5191916227340698,0.9254782795906067,-0.02325337380170822,1.5000000000000007,1.0,0.0,0.9808083772659308,0.07452172040939331,0.02325337380170822,0,0,0,0,,,,,,,
1759299273.1728299,1,follower,auto,1.4581109285354614,0.9465665817260742,0.989777147769928,1.5000000000000007,1.0,1.0,0.04188907146453924,0.05343341827392578,0.010222852230072021,0.9804568747705603,2.591607782495301,4.968364243408732,0,,,,,,,
1759299273.2798557,0,leader,auto,0.5191916227340698,0.9254782795906067,-0.02325337380170822,1.5000000000000007,1.0,0.0,0.9808083772659308,0.07452172040939331,0.02325337380170822,0,0,0,0,1.0,0.17327316969281847,-0.08011891766910062,-0.019233036419392266,0.4325550378876606,0.965537738425157,-0.013636855592012088
1759299273.3801436,1,follower,auto,1.4581109285354614,0.9465665817260742,0.989777147769928,1.5000000000000007,1.0,1.0,0.04188907146453924,0.05343341827392578,0.010222852230072021,0,0,0,0,0.0102,0.06954013891421873,-0.068673339590261,-0.010012137815677224,1.423340859078352,0.9809032515212047,0.9947832166777666
1759299273.3806424,0,follower,auto,0.5254938006401062,0.9205248951911926,-0.02675514668226242,1.5000000000000007,1.0,0.0,0.9745061993598945,0.07947510480880737,0.02675514668226242,0,0,0,0,,,,,,,
1759299273.480999,1,follower,auto,1.4581109285354614,0.9465665817260742,0.989777147769928,1.5000000000000007,1.0,1.0,0.04188907146453924,0.05343341827392578,0.010222852230072021,0.9752023554601188,2.6010703305161837,4.960936479181258,0,,,,,,,
1759299273.594082,0,leader,auto,0.5254938006401062,0.9205248951911926,-0.02675514668226242,1.5000000000000007,1.0,0.0,0.9745061993598945,0.07947510480880737,0.02675514668226242,0,0,0,0,1.0,0.17757876356764213,-0.08350126900310584,-0.02084520126425461,0.43670441885628514,0.9622755296927455,-0.016332546050135115
1759299273.6945457,1,follower,auto,1.4581109285354614,0.9465665817260742,0.989777147769928,1.5000000000000007,1.0,1.0,0.04188907146453924,0.05343341827392578,0.010222852230072021,0,0,0,0,0.0102,0.06700906980905197,-0.06771144140353291,-0.00995973902305014,1.4246063936309354,0.9804223024278407,0.994757017281453
1759299273.6954343,0,follower,auto,0.5308235287666321,0.9146744608879089,-0.02756906859576702,1.5000000000000007,1.0,0.0,0.9691764712333686,0.08532553911209106,0.02756906859576702,0,0,0,0,,,,,,,
1759299273.7958372,1,follower,auto,1.4581109285354614,0.9465665817260742,0.989777147769928,1.5000000000000007,1.0,1.0,0.04188907146453924,0.05343341827392578,0.010222852230072021,0.9739809145929789,2.609067707054521,4.952161521437826,0,,,,,,,
1759299273.9525502,0,leader,auto,0.5308235287666321,0.9146744608879089,-0.02756906859576702,1.5000000000000007,1.0,0.0,0.9691764712333686,0.08532553911209106,0.02756906859576702,0,0,0,0,1.0,0.1793196416363524,-0.08576739777514364,-0.01932860559371131,0.4411637079484559,0.9575581597754808,-0.017904765798911364
1759299274.0530882,1,follower,auto,1.4581109285354614,0.9465665817260742,0.989777147769928,1.5000000000000007,1.0,1.0,0.04188907146453924,0.05343341827392578,0.010222852230072021,0,0,0,0,0.0102,0.06471857609387133,-0.06677794039487583,-0.009928346740025296,1.4257516404885258,0.9799555519235121,0.9947413211399406
1759299274.0545428,0,follower,auto,0.5325726866722107,0.9095823168754578,-0.02835756726562977,1.5000000000000007,1.0,0.0,0.96742731332779,0.09041768312454224,0.02835756726562977,0,0,0,0,,,,,,,
1759299274.1555781,1,follower,auto,1.4581109285354614,0.9465665817260742,0.989777147769928,1.5000000000000007,1.0,1.0,0.04188907146453924,0.05343341827392578,0.010222852230072021,0.9727979991891198,2.6116922792174533,4.944523513532597,0,,,,,,,
1759299274.2656555,0,leader,auto,0.5325726866722107,0.9095823168754578,-0.02835756726562977,1.5000000000000007,1.0,0.0,0.96742731332779,0.09041768312454224,0.02835756726562977,0,0,0,0,1.0,0.17712651940885143,-0.08601779021542189,-0.018945559812679917,0.444009426967785,0.9525912119831688,-0.018884787359289806
1759299274.3659837,1,follower,auto,1.4581109285354614,0.9465665817260742,0.989777147769928,1.5000000000000007,1.0,1.0,0.04188907146453924,0.05343341827392578,0.010222852230072021,0,0,0,0,0.0102,0.06260763176069783,-0.06587978176103482,-0.009907937158660562,1.4268071126551125,0.9795064726065916,0.9947311163492583
1759299274.4667542,0,follower,auto,0.53074711561203,0.9065536856651306,-0.03179536759853363,1.5000000000000007,1.0,0.0,0.9692528843879706,0.09344631433486938,0.03179536759853363,0,0,0,0,,,,,,,
1759299274.5673313,1,follower,auto,1.4581109285354614,0.9465665817260742,0.989777147769928,1.5000000000000007,1.0,1.0,0.04188907146453924,0.05343341827392578,0.010222852230072021,0.9676412484700445,2.6089541732185517,4.939980629151141,0,,,,,,,
1759299274.969969,0,leader,auto,0.53074711561203,0.9065536856651306,-0.03179536759853363,1.5000000000000007,1.0,0.0,0.9692528843879706,0.09344631433486938,0.03179536759853363,0,0,0,0,1.0,0.17302706634412035,-0.08420059785183043,-0.02181304371360636,0.44423358243996985,0.9486539845910458,-0.02088884574173045
1759299275.0703104,1,follower,auto,1.4581109285354614,0.9465665817260742,0.989777147769928,1.5000000000000007,1.0,1.0,0.04188907146453924,0.05343341827392578,0.010222852230072021,0,0,0,0,0.0102,0.060639891869898044,-0.0650198387784715,-0.00989323343880888,1.4277909826005124,0.97907650111531,0.9947237644893324
1759299275.0711374,0,follower,auto,0.5197484493255615,0.8998651504516602,-0.032969631254673004,1.5000000000000007,1.0,0.0,0.9802515506744391,0.10013484954833984,0.032969631254673004,0,0,0,0,,,,,,,
1759299275.1716511,1,follower,auto,1.4581109285354614,0.9465665817260742,0.989777147769928,1.5000000000000007,1.0,1.0,0.04188907146453924,0.05343341827392578,0.010222852230072021,0.9658798379199196,2.59245624896626,4.929947845061146,0,,,,,,,
1759299275.2828736,0,leader,auto,0.5197484493255615,0.8998651504516602,-0.032969631254673004,1.5000000000000007,1.0,0.0,0.9802515506744391,0.10013484954833984,0.032969631254673004,0,0,0,0,1.0,0.162478567926864,-0.08711738558801385,-0.021575085359751556,0.4385091653621295,0.9434238432456671,-0.022182088574797226
1759299275.383231,1,follower,auto,1.4581109285354614,0.9465665817260742,0.989777147769928,1.5000000000000007,1.0,1.0,0.04188907146453924,0.05343341827392578,0.010222852230072021,0,0,0,0,0.0102,0.05879226317105535,-0.064199366475016,-0.009880461055030376,1.4287147969499339,0.9786662649635822,0.9947173782974432
1759299275.384188,0,follower,auto,0.5135745406150818,0.9007298350334167,-0.03275660425424576,1.5000000000000007,1.0,0.0,0.9864254593849189,0.09927016496658325,0.03275660425424576,0,0,0,0,,,,,,,
1759299275.484769,1,follower,auto,1.4581109285354614,0.9465665817260742,0.989777147769928,1.5000000000000007,1.0,1.0,0.04188907146453924,0.05343341827392578,0.010222852230072021,0.9661993739007857,2.583195408453763,4.931244877552844,0,,,,,,,
1759299275.6220627,0,leader,auto,0.5135745406150818,0.9007298350334167,-0.03275660425424576,1.5000000000000007,1.0,0.0,0.9864254593849189,0.09927016496658325,0.03275660425424576,0,0,0,0,1.0,0.16296711209605302,-0.08137080802741292,-0.020665423242843952,0.4320909845670553,0.9414152390471232,-0.02242389263282378
1759299275.722661,1,follower,auto,1.4581109285354614,0.9465665817260742,0.989777147769928,1.5000000000000007,1.0,1.0,0.04188907146453924,0.05343341827392578,0.010222852230072021,0,0,0,0,0.0102,0.05704675630459888,-0.06341663312267798,-0.009868533296245374,1.4295875503831619,0.9782748982874132,0.9947114144180507
1759299275.7237825,0,follower,auto,0.5089046955108643,0.9047583341598511,-0.02756565622985363,1.5000000000000007,1.0,0.0,0.9910953044891364,0.09524166584014893,0.02756565622985363,0,0,0,0,,,,,,,
1759299275.8244727,1,follower,auto,1.4581109285354614,0.9465665817260742,0.989777147769928,1.5000000000000007,1.0,1.0,0.04188907146453924,0.05343341827392578,0.010222852230072021,0.9739857945814415,2.576190647563404,4.937287627928215,0,,,,,,,
1759299275.990431,0,leader,auto,0.5089046955108643,0.9047583341598511,-0.02756565622985363,1.5000000000000007,1.0,0.0,0.9910953044891364,0.09524166584014893,0.02756565622985363,0,0,0,0,1.0,0.1656412699845084,-0.07556831635380035,-0.015849998500546584,0.42608406051861003,0.9425424923367512,-0.01964065697958034
1759299276.0909085,1,follower,auto,1.4581109285354614,0.9465665817260742,0.989777147769928,1.5000000000000007,1.0,1.0,0.04188907146453924,0.05343341827392578,0.010222852230072021,0,0,0,0,0.0102,0.05539363281586951,-0.06267266183783038,-0.009857405927921836,1.4304141121275267,0.9779029126449894,0.9947058507338888
1759299276.091465,0,follower,auto,0.5083388090133667,0.9092825651168823,-0.022333506494760513,1.5000000000000007,1.0,0.0,0.991661190986634,0.09071743488311768,0.022333506494760513,0,0,0,0,,,,,,,
1759299276.1918561,1,follower,auto,1.4581109285354614,0.9465665817260742,0.989777147769928,1.5000000000000007,1.0,1.0,0.04188907146453924,0.05343341827392578,0.010222852230072021,0.9818340187773015,2.575341819846948,4.944073974869477,0,,,,,,,
1759299276.3053932,0,leader,auto,0.5083388090133667,0.9092825651168823,-0.022333506494760513,1.5000000000000007,1.0,0.0,0.991661190986634,0.09071743488311768,0.022333506494760513,0,0,0,0,1.0,0.1719412757858434,-0.07254408686791902,-0.013881041341512553,0.422368171120445,0.9455546085508418,-0.015392985824004238
1759299276.405809,1,follower,auto,1.4581109285354614,0.9465665817260742,0.989777147769928,1.5000000000000007,1.0,1.0,0.04188907146453924,0.05343341827392578,0.010222852230072021,0,0,0,0,0.0102,0.053826277912998766,-0.06196818155644279,-0.009848903544207421,1.431197789578962,0.9775506725042956,0.9947015995420316
1759299276.4193032,0,follower,auto,0.5102375745773315,0.9088699221611023,-0.02063884027302265,1.5000000000000007,1.0,0.0,0.9897624254226691,0.0911300778388977,0.02063884027302265,0,0,0,0,,,,,,,
1759299276.5198054,1,follower,auto,1.4581109285354614,0.9465665817260742,0.989777147769928,1.5000000000000007,1.0,1.0,0.04188907146453924,0.05343341827392578,0.010222852230072021,0.9843760179878743,2.578189968801832,4.943455010587521,0,,,,,,,
1759299276.7187614,0,leader,auto,0.5102375745773315,0.9088699221611023,-0.02063884027302265,1.5000000000000007,1.0,0.0,0.9897624254226691,0.0911300778388977,0.02063884027302265,0,0,0,0,1.0,0.1782573988533272,-0.07641335832907414,-0.016959478980089208,0.42110887515066797,0.9470766013256393,-0.012159100782978048
1759299276.8191192,1,follower,auto,1.4581109285354614,0.9465665817260742,0.989777147769928,1.5000000000000007,1.0,1.0,0.04188907146453924,0.05343341827392578,0.010222852230072021,0,0,0,0,0.0102,0.05234077896870004,-0.061302755370555184,-0.009843888268439294,1.4319405390511113,0.9772179594113518,0.9946990919041476
1759299276.8198888,0,follower,auto,0.515925407409668,0.9019232392311096,-0.017342280596494675,1.5000000000000007,1.0,0.0,0.9840745925903327,0.09807676076889038,0.017342280596494675,0,0,0,0,,,,,,,
1759299276.9204638,1,follower,auto,1.4581109285354614,0.9465665817260742,0.989777147769928,1.5000000000000007,1.0,1.0,0.04188907146453924,0.05343341827392578,0.010222852230072021,0.9893208574660561,2.5867217182330178,4.933034986238047,0,,,,,,,
1759299277.1058424,0,leader,auto,0.515925407409668,0.9019232392311096,-0.017342280596494675,1.5000000000000007,1.0,0.0,0.9840745925903327,0.09807676076889038,0.017342280596494675,0,0,0,0,1.0,0.18574809268410747,-0.08523450948510403,-0.017347819138946563,0.4230513610676142,0.9445404939736617,-0.008668371027021393
1759299277.2064376,1,follower,auto,1.4581109285354614,0.9465665817260742,0.989777147769928,1.5000000000000007,1.0,1.0,0.04188907146453924,0.05343341827392578,0.010222852230072021,0,0,0,0,0.0102,0.05093405751453384,-0.06067333714599443,-0.009841377428341236,1.4326438997781945,0.9769032502990714,0.9946978364840986
1759299277.207347,0,follower,auto,0.52261883020401,0.8974292278289795,-0.014841701835393906,1.5000000000000007,1.0,0.0,0.9773811697959907,0.10257077217102051,0.014841701835393906,0,0,0,0,,,,,,,
1759299277.3079085,1,follower,auto,1.4581109285354614,0.9465665817260742,0.989777147769928,1.5000000000000007,1.0,1.0,0.04188907146453924,0.05343341827392578,0.010222852230072021,0.9930717255967242,2.596761852479335,4.926293969148506,0,,,,,,,
1759299277.4123373,0,leader,auto,0.52261883020401,0.8974292278289795,-0.014841701835393906,1.5000000000000007,1.0,0.0,0.9773811697959907,0.10257077217102051,0.014841701835393906,0,0,0,0,1.0,0.19085532724440057,-0.08733518801727991,-0.01852731178530942,0.4271911665818097,0.9410968218376194,-0.005578045942739198
1759299277.514769,1,follower,auto,1.4581109285354614,0.9465665817260742,0.989777147769928,1.5000000000000007,1.0,1.0,0.04188907146453924,0.05343341827392578,0.010222852230072021,0,0,0,0,0.0102,0.049604025779145466,-0.060075053351623664,-0.009841417786950246,1.4333089156458887,0.976604108401886,0.994697856663403
1759299277.5159514,0,follower,auto,0.5280194282531738,0.8967238068580627,-0.013913395814597607,1.5000000000000007,1.0,0.0,0.9719805717468268,0.10327619314193726,0.013913395814597607,0,0,0,0,,,,,,,
1759299277.6170223,1,follower,auto,1.4581109285354614,0.9465665817260742,0.989777147769928,1.5000000000000007,1.0,1.0,0.04188907146453924,0.05343341827392578,0.010222852230072021,0.9944641846246237,2.6048627495695222,4.925235837696227,0,,,,,,,
1759299277.7293983,0,leader,auto,0.5280194282531738,0.8967238068580627,-0.013913395814597607,1.5000000000000007,1.0,0.0,0.9719805717468268,0.10327619314193726,0.013913395814597607,0,0,0,0,1.0,0.1923447365982589,-0.0849387711611207,-0.020848864718368387,0.4318470599540444,0.9391931924386231,-0.0034889634554134148
1759299277.9302564,1,follower,auto,1.4581109285354614,0.9465665817260742,0.989777147769928,1.5000000000000007,1.0,1.0,0.04188907146453924,0.05343341827392578,0.010222852230072021,0,0,0,0,0.0102,0.048348099730092464,-0.05950560861293486,-0.009843670452980069,1.4339368786704152,0.9763193860325416,0.994698982996418
1759299277.935312,0,follower,auto,0.5362611413002014,0.8940449953079224,-0.018014606088399887,1.5000000000000007,1.0,0.0,0.9637388586997993,0.10595500469207764,0.018014606088399887,0,0,0,0,,,,,,,
1759299278.0361812,1,follower,auto,1.4581109285354614,0.9465665817260742,0.989777147769928,1.5000000000000007,1.0,1.0,0.04188907146453924,0.05343341827392578,0.010222852230072021,0.9883123692129319,2.617225319144996,4.9212176203722455,0,,,,,,,
1759299278.1874397,0,leader,auto,0.5362611413002014,0.8940449953079224,-0.018014606088399887,1.5000000000000007,1.0,0.0,0.9637388586997993,0.10595500469207764,0.018014606088399887,0,0,0,0,1.0,0.19612193785809534,-0.08611195201633781,-0.027142140472740744,0.4382001723711537,0.9371009713160913,-0.004443535852029517
1759299278.2877831,1,follower,auto,1.4581109285354614,0.9465665817260742,0.989777147769928,1.5000000000000007,1.0,1.0,0.04188907146453924,0.05343341827392578,0.010222852230072021,0,0,0,0,0.0102,0.0471626498997062,-0.05896455498769115,-0.009847321070826753,1.4345296035856083,0.9760488592199198,0.9947008083053414
1759299278.2882822,0,follower,auto,0.5461536645889282,0.8950670957565308,-0.023495694622397423,1.5000000000000007,1.0,0.0,0.9538463354110724,0.10493290424346924,0.023495694622397423,0,0,0,0,,,,,,,
1759299278.3886533,1,follower,auto,1.4581109285354614,0.9465665817260742,0.989777147769928,1.5000000000000007,1.0,1.0,0.04188907146453924,0.05343341827392578,0.010222852230072021,0.980090736411639,2.632064104079566,4.922750771045527,0,,,,,,,
1759299278.490936,0,leader,auto,0.5461536645889282,0.8950670957565308,-0.023495694622397423,1.5000000000000007,1.0,0.0,0.9538463354110724,0.10493290424346924,0.023495694622397423,0,0,0,0,1.0,0.19975830028326047,-0.08336817307458122,-0.031621677473995816,0.446274514447298,0.9367511822938214,-0.007684855885399517
1759299278.5912302,1,follower,auto,1.4581109285354614,0.9465665817260742,0.989777147769928,1.5000000000000007,1.0,1.0,0.04188907146453924,0.05343341827392578,0.010222852230072021,0,0,0,0,0.0102,0.04604516506680656,-0.05845021870547007,-0.009850041445282676,1.435088346002058,0.9757916910788093,0.9947021684925693
1759299278.591702,0,follower,auto,0.5526144504547119,0.8993905782699585,-0.02894235961139202,1.5000000000000007,1.0,0.0,0.9473855495452888,0.1006094217300415,0.02894235961139202,0,0,0,0,,,,,,,
1759299278.6920416,1,follower,auto,1.4581109285354614,0.9465665817260742,0.989777147769928,1.5000000000000007,1.0,1.0,0.04188907146453924,0.05343341827392578,0.010222852230072021,0.9719207389280581,2.6417552828786857,4.929235994815779,0,,,,,,,
1759299278.7975087,0,leader,auto,0.5526144504547119,0.8993905782699585,-0.02894235961139202,1.5000000000000007,1.0,0.0,0.9473855495452888,0.1006094217300415,0.02894235961139202,0,0,0,0,0.7165313105737893,0.19815078656581836,-0.07913003006425223,-0.03392330869202692,0.45353905717180276,0.9389555933020846,-0.01198070526537856
1759299278.8979442,1,follower,auto,1.4581109285354614,0.9465665817260742,0.989777147769928,1.5000000000000007,1.0,1.0,0.04188907146453924,0.05343341827392578,0.010222852230072021,0,0,0,0,0.0102,0.044993309549706595,-0.05796248278948424,-0.009850173280481433,1.4356142737606081,0.9755478231208163,0.9947022344101687
1759299278.8983722,0,follower,auto,0.5556429028511047,0.9063018560409546,-0.03333362564444542,1.5000000000000007,1.0,0.0,0.9443570971488959,0.09369814395904541,0.03333362564444542,0,0,0,0,,,,,,,
1759299278.9987044,1,follower,auto,1.4581109285354614,0.9465665817260742,0.989777147769928,1.5000000000000007,1.0,1.0,0.04188907146453924,0.05343341827392578,0.010222852230072021,0.9653338398784513,2.646297961473408,4.939602911472306,0,,,,,,,
1759299279.1031268,0,leader,auto,0.5556429028511047,0.9063018560409546,-0.03333362564444542,1.5000000000000007,1.0,0.0,0.9443570971488959,0.09369814395904541,0.03333362564444542,0,0,0,0,0.8464817248906141,0.19396092657356095,-0.07495807005806832,-0.034060436706314826,0.4586624395643243,0.9437808910699887,-0.016303407291288003
1759299279.203611,1,follower,auto,1.4581109285354614,0.9465665817260742,0.989777147769928,1.5000000000000007,1.0,1.0,0.04188907146453924,0.05343341827392578,0.010222852230072021,0,0,0,0,0.0102,0.044002987873133614,-0.05750186176045813,-0.009846965050800849,1.4361094345988947,0.9753175126063033,0.9947006302953284
1759299279.3054216,0,follower,auto,0.5562904477119446,0.9110435843467712,-0.03401290252804756,1.5000000000000007,1.0,0.0,0.9437095522880561,0.08895641565322876,0.03401290252804756,0,0,0,0,,,,,,,
1759299283.413854,1,follower,auto,1.4581109285354614,0.9465665817260742,0.989777147769928,1.5000000000000007,1.0,1.0,0.04188907146453924,0.05343341827392578,0.010222852230072021,0.9643149245530401,2.647269278764708,4.946715503931041,0,,,,,,,
1759299283.533128,0,leader,auto,0.5562904477119446,0.9110435843467712,-0.03401290252804756,1.5000000000000007,1.0,0.0,0.9437095522880561,0.08895641565322876,0.03401290252804756,0,0,0,0,1.0,0.18963606587754023,-0.07542417015123426,-0.030706110294688622,0.46147241477317447,0.9487556694223884,-0.018659847380703254
1759299283.6334884,1,follower,auto,1.4581109285354614,0.9465665817260742,0.989777147769928,1.5000000000000007,1.0,1.0,0.04188907146453924,0.05343341827392578,0.010222852230072021,0,0,0,0,0.0102,0.04306932682838682,-0.0570689054298017,-0.009840520269660091,1.4365762651212681,0.9751010344409751,0.994697407904758
1759299283.736901,0,leader,auto,0.6767959594726562,0.051553476601839066,0.07561026513576508,1.5000000000000007,1.0,0.0,0.8232040405273444,0.9484465233981609,-0.07561026513576508,0,0,0,0,0.7165313105737893,0.3075907007824632,-0.9400092092372009,0.08090443277382439,0.5230006090814246,0.5215580812204395,0.03515804874885289
1759299283.8374388,1,follower,auto,1.429371953010559,0.050292618572711945,1.024720549583435,1.5000000000000007,1.0,1.0,0.07062804698944158,0.949707381427288,-0.02472054958343506,0,0,0,0,0.0102,0.01344860493009259,-0.9529363466580736,0.025111038210020586,1.4226476505455128,0.5267607919017487,1.0121650304784247
1759299283.941549,0,leader,auto,0.6768003702163696,0.0515439473092556,0.07561207562685013,1.5000000000000007,1.0,0.0,0.823199629783631,0.9484560526907444,-0.07561207562685013,0,0,0,0,0.513417119032592,0.24337714969836483,-0.491326677339321,0.023929018873925595,0.5551117953671872,0.2972072859789161,0.06364756618988733
1759299284.0422392,1,follower,auto,1.4293875694274902,0.050315845757722855,1.0247513055801392,1.5000000000000007,1.0,1.0,0.07061243057251043,0.9496841542422771,-0.02475130558013916,0,0,0,0,0.0102,0.027718438119218147,-0.4819861471433672,0.006805316946669304,1.415528350367881,0.29130891932940645,1.0213486471068045
1759299284.1454985,0,leader,auto,0.6768054962158203,0.05154639855027199,0.07562004029750824,1.5000000000000007,1.0,0.0,0.8231945037841804,0.948453601449728,-0.07562004029750824,0,0,0,0,0.36787944117144233,0.2101866606695938,-0.2566960211657138,-0.006287476810380985,0.5717121658810234,0.17989440913312887,0.07876377870269874
1759299284.2461202,1,follower,auto,1.4293512105941772,0.050287120044231415,1.0247113704681396,1.5000000000000007,1.0,1.0,0.07064878940582342,0.9497128799557686,-0.02471137046813965,0,0,0,0,0.011331176469007153,0.03477023583024752,-0.23575002548191487,-0.002829446448515016,1.4119660926790534,0.16816213278518885,1.026126093692397
