timestamp,drone_id,role,mode,x,y,z,target_x,target_y,target_z,error_x,error_y,error_z,rc_lr,rc_fb,rc_ud,rc_yaw,trust,obs_error_x,obs_error_y,obs_error_z,obs_state_x,obs_state_y,obs_state_z
1760955749.6974816,0,leader,manual,0.6787620782852173,0.47730889916419983,0.8560819625854492,0,1,0,-0.6787620782852173,0.5226911008358002,-0.8560819625854492,0,0,0,0,1.0,0.0,0.0,0.0,0.0,0.0,0.0
1760955749.798008,1,follower,manual,0.03727585822343826,0.4588739573955536,0.8258407115936279,0,1,1,-0.03727585822343826,0.5411260426044464,0.17415928840637207,0,0,0,0,1.0,0.0,0.0,0.0,0.0,0.0,0.0
1760955749.906231,0,leader,manual,0.690290093421936,0.7576997876167297,0.8367112278938293,0,1,0,-0.690290093421936,0.24230021238327026,-0.8367112278938293,0,0,0,0,1.0,0.0,0.0,0.0,0.0,0.0,0.0
1760955750.006478,1,follower,manual,0.021786987781524658,0.7776737809181213,0.7954441905021667,0,1,1,-0.021786987781524658,0.22232621908187866,0.20455580949783325,0,0,0,0,1.0,0.0,0.0,0.0,0.0,0.0,0.0
1760955750.1081033,0,leader,manual,0.6977275013923645,0.8202149271965027,0.8214811086654663,0,1,0,-0.6977275013923645,0.17978507280349731,-0.8214811086654663,0,0,0,0,1.0,0.0,0.0,0.0,0.0,0.0,0.0
1760955750.2083652,1,follower,manual,0.01676303893327713,0.8448806405067444,0.7661269307136536,0,1,1,-0.01676303893327713,0.15511935949325562,0.23387306928634644,0,0,0,0,1.0,0.0,0.0,0.0,0.0,0.0,0.0
1760955750.3111506,0,leader,manual,0.7047023177146912,0.8754922151565552,0.8204628229141235,0,1,0,-0.7047023177146912,0.12450778484344482,-0.8204628229141235,0,0,0,0,1.0,0.0,0.0,0.0,0.0,0.0,0.0
1760955750.4118335,1,follower,manual,-0.0021644290536642075,0.8680775165557861,0.7623528838157654,0,1,1,0.0021644290536642075,0.13192248344421387,0.23764711618423462,0,0,0,0,1.0,0.0,0.0,0.0,0.0,0.0,0.0
1760955750.5169234,0,leader,manual,0.7106369733810425,0.877673327922821,0.8159616589546204,0,1,0,-0.7106369733810425,0.12232667207717896,-0.8159616589546204,0,0,0,0,1.0,0.0,0.0,0.0,0.0,0.0,0.0
1760955750.6172738,1,follower,manual,-0.0052284132689237595,0.8457525372505188,0.7589402198791504,0,1,1,0.0052284132689237595,0.1542474627494812,0.2410597801208496,0,0,0,0,1.0,0.0,0.0,0.0,0.0,0.0,0.0
1760955750.7262733,0,leader,manual,0.7045145034790039,0.8682011365890503,0.8128383755683899,0,1,0,-0.7045145034790039,0.1317988634109497,-0.8128383755683899,0,0,0,0,1.0,0.0,0.0,0.0,0.0,0.0,0.0
1760955750.8282487,1,follower,manual,-0.02390902116894722,0.8301671743392944,0.7730475664138794,0,1,1,0.02390902116894722,0.16983282566070557,0.2269524335861206,0,0,0,0,1.0,0.0,0.0,0.0,0.0,0.0,0.0
1760955751.0075986,0,leader,manual,0.7027603983879089,0.8624380826950073,0.7946664690971375,0,1,0,-0.7027603983879089,0.13756191730499268,-0.7946664690971375,0,0,0,0,1.0,0.0,0.0,0.0,0.0,0.0,0.0
1760955751.1079447,1,follower,manual,-0.030260978266596794,0.8307579755783081,0.7747799754142761,0,1,1,0.030260978266596794,0.1692420244216919,0.22522002458572388,0,0,0,0,1.0,0.0,0.0,0.0,0.0,0.0,0.0
1760955751.2108612,0,leader,manual,0.6925386786460876,0.8550062775611877,0.7637909650802612,0,1,0,-0.6925386786460876,0.14499372243881226,-0.7637909650802612,0,0,0,0,1.0,0.0,0.0,0.0,0.0,0.0,0.0
1760955751.3111773,1,follower,manual,-0.04967596381902695,0.8854793310165405,0.753186821937561,0,1,1,0.04967596381902695,0.11452066898345947,0.24681317806243896,0,0,0,0,1.0,0.0,0.0,0.0,0.0,0.0,0.0
1760955751.4127853,0,leader,manual,0.6875397562980652,0.8547828793525696,0.7358855605125427,0,1,0,-0.6875397562980652,0.14521712064743042,-0.7358855605125427,0,0,0,0,1.0,0.0,0.0,0.0,0.0,0.0,0.0
1760955751.5133746,1,follower,manual,-0.06075679138302803,0.8880963921546936,0.74033123254776,0,1,1,0.06075679138302803,0.1119036078453064,0.25966876745224,0,0,0,0,1.0,0.0,0.0,0.0,0.0,0.0,0.0
1760955751.621299,0,leader,manual,0.6666103005409241,0.8791531920433044,0.7324088215827942,0,1,0,-0.6666103005409241,0.12084680795669556,-0.7324088215827942,0,0,0,0,1.0,0.0,0.0,0.0,0.0,0.0,0.0
1760955751.7215743,1,follower,manual,-0.05628962069749832,0.8619243502616882,0.727178692817688,0,1,1,0.05628962069749832,0.13807564973831177,0.272821307182312,0,0,0,0,1.0,0.0,0.0,0.0,0.0,0.0,0.0
1760955751.833466,0,leader,manual,0.6565538048744202,0.8725422620773315,0.7261893153190613,0,1,0,-0.6565538048744202,0.12745773792266846,-0.7261893153190613,0,0,0,0,1.0,0.0,0.0,0.0,0.0,0.0,0.0
1760955751.9337835,1,follower,manual,-0.0626867339015007,0.8631426095962524,0.7309321165084839,0,1,1,0.0626867339015007,0.13685739040374756,0.2690678834915161,0,0,0,0,1.0,0.0,0.0,0.0,0.0,0.0,0.0
1760955752.0884204,0,leader,manual,0.6693869233131409,0.8435454368591309,0.7223783731460571,0,1,0,-0.6693869233131409,0.15645456314086914,-0.7223783731460571,0,0,0,0,1.0,0.0,0.0,0.0,0.0,0.0,0.0
1760955752.18902,1,follower,manual,-0.08616326749324799,0.8264713287353516,0.7324057221412659,0,1,1,0.08616326749324799,0.17352867126464844,0.26759427785873413,0,0,0,0,1.0,0.0,0.0,0.0,0.0,0.0,0.0
1760955752.2903376,0,leader,manual,0.6870906352996826,0.8666918277740479,0.6967101693153381,0,1,0,-0.6870906352996826,0.13330817222595215,-0.6967101693153381,0,0,0,0,1.0,0.0,0.0,0.0,0.0,0.0,0.0
1760955752.3906164,1,follower,manual,-0.08076385408639908,0.8324266076087952,0.7537040710449219,0,1,1,0.08076385408639908,0.16757339239120483,0.24629592895507812,0,0,0,0,1.0,0.0,0.0,0.0,0.0,0.0,0.0
1760955752.4963121,0,leader,manual,0.689009964466095,0.8668184280395508,0.6832362413406372,0,1,0,-0.689009964466095,0.13318157196044922,-0.6832362413406372,0,0,0,0,1.0,0.0,0.0,0.0,0.0,0.0,0.0
1760955752.5965667,1,follower,manual,-0.07024367153644562,0.846013605594635,0.761919379234314,0,1,1,0.07024367153644562,0.153986394405365,0.23808062076568604,0,0,0,0,1.0,0.0,0.0,0.0,0.0,0.0,0.0
1760955752.70185,0,leader,manual,0.6847959160804749,0.8562783002853394,0.6948842406272888,0,1,0,-0.6847959160804749,0.14372169971466064,-0.6948842406272888,0,0,0,0,1.0,0.0,0.0,0.0,0.0,0.0,0.0
1760955752.8022325,1,follower,manual,-0.06538881361484528,0.8475986123085022,0.7247592210769653,0,1,1,0.06538881361484528,0.1524013876914978,0.27524077892303467,0,0,0,0,1.0,0.0,0.0,0.0,0.0,0.0,0.0
1760955752.903922,0,leader,manual,0.6905168890953064,0.8649214506149292,0.6906391382217407,0,1,0,-0.6905168890953064,0.1350785493850708,-0.6906391382217407,0,0,0,0,1.0,0.0,0.0,0.0,0.0,0.0,0.0
1760955753.004176,1,follower,manual,-0.047971710562705994,0.8256444931030273,0.707840085029602,0,1,1,0.047971710562705994,0.17435550689697266,0.29215991497039795,0,0,0,0,1.0,0.0,0.0,0.0,0.0,0.0,0.0
1760955753.1128118,0,leader,manual,0.7198739051818848,0.8721308708190918,0.6768229007720947,0,1,0,-0.7198739051818848,0.1278691291809082,-0.6768229007720947,0,0,0,0,1.0,0.0,0.0,0.0,0.0,0.0,0.0
1760955753.2131379,1,follower,manual,-0.055233027786016464,0.8124602437019348,0.7091950178146362,0,1,1,0.055233027786016464,0.18753975629806519,0.29080498218536377,0,0,0,0,1.0,0.0,0.0,0.0,0.0,0.0,0.0
1760955753.3235562,0,leader,manual,0.8038918375968933,0.9064757823944092,0.7161104679107666,0,1,0,-0.8038918375968933,0.09352421760559082,-0.7161104679107666,0,0,0,0,1.0,0.0,0.0,0.0,0.0,0.0,0.0
1760955753.4238412,1,follower,manual,-0.06092051789164543,0.882462203502655,0.7711845636367798,0,1,1,0.06092051789164543,0.11753779649734497,0.22881543636322021,0,0,0,0,1.0,0.0,0.0,0.0,0.0,0.0,0.0
1760955753.6045313,0,leader,manual,0.8850257992744446,0.9393461346626282,0.8060954213142395,0,1,0,-0.8850257992744446,0.060653865337371826,-0.8060954213142395,0,0,0,0,1.0,0.0,0.0,0.0,0.0,0.0,0.0
1760955753.7048197,1,follower,manual,0.001934864092618227,0.9327538013458252,0.8921889066696167,0,1,1,-0.001934864092618227,0.0672461986541748,0.1078110933303833,0,0,0,0,1.0,0.0,0.0,0.0,0.0,0.0,0.0
1760955753.8104231,0,leader,manual,0.9305357336997986,0.9380422830581665,0.9127815365791321,0,1,0,-0.9305357336997986,0.061957716941833496,-0.9127815365791321,0,0,0,0,1.0,0.0,0.0,0.0,0.0,0.0,0.0
1760955753.9107907,1,follower,manual,0.06841963529586792,0.9277558326721191,1.0467787981033325,0,1,1,-0.06841963529586792,0.07224416732788086,-0.04677879810333252,0,0,0,0,1.0,0.0,0.0,0.0,0.0,0.0,0.0
1760955754.029276,0,leader,manual,0.9464393854141235,0.9297727346420288,0.9249771237373352,0,1,0,-0.9464393854141235,0.07022726535797119,-0.9249771237373352,0,0,0,0,1.0,0.0,0.0,0.0,0.0,0.0,0.0
1760955754.1299062,1,follower,manual,0.0781148299574852,0.9294796586036682,1.0463757514953613,0,1,1,-0.0781148299574852,0.07052034139633179,-0.04637575149536133,0,0,0,0,1.0,0.0,0.0,0.0,0.0,0.0,0.0
1760955754.2428713,0,leader,manual,0.9489043354988098,0.9229063391685486,0.8943922519683838,0,1,0,-0.9489043354988098,0.07709366083145142,-0.8943922519683838,0,0,0,0,1.0,0.0,0.0,0.0,0.0,0.0,0.0
1760955754.3431337,1,follower,manual,0.04290986806154251,0.9341405034065247,0.9925833940505981,0,1,1,-0.04290986806154251,0.06585949659347534,0.0074166059494018555,0,0,0,0,1.0,0.0,0.0,0.0,0.0,0.0,0.0
1760955754.489558,0,leader,manual,0.947566032409668,0.9259503483772278,0.8807497620582581,0,1,0,-0.947566032409668,0.07404965162277222,-0.8807497620582581,0,0,0,0,1.0,0.0,0.0,0.0,0.0,0.0,0.0
1760955754.5898106,1,follower,manual,0.0008491571061313152,0.9207797050476074,0.9627298712730408,0,1,1,-0.0008491571061313152,0.07922029495239258,0.03727012872695923,0,0,0,0,1.0,0.0,0.0,0.0,0.0,0.0,0.0
1760955754.7277737,0,leader,manual,0.960901141166687,0.9247956871986389,0.8800060153007507,0,1,0,-0.960901141166687,0.07520431280136108,-0.8800060153007507,0,0,0,0,1.0,0.0,0.0,0.0,0.0,0.0,0.0
1760955754.8282778,1,follower,manual,0.008384267799556255,0.9363464713096619,0.9536393284797668,0,1,1,-0.008384267799556255,0.06365352869033813,0.046360671520233154,0,0,0,0,1.0,0.0,0.0,0.0,0.0,0.0,0.0
1760955754.9307742,0,leader,manual,0.9689333438873291,0.9127288460731506,0.8926580548286438,0,1,0,-0.9689333438873291,0.08727115392684937,-0.8926580548286438,0,0,0,0,1.0,0.0,0.0,0.0,0.0,0.0,0.0
1760955755.0313077,1,follower,manual,0.015283227898180485,0.9008458852767944,0.9571712613105774,0,1,1,-0.015283227898180485,0.09915411472320557,0.04282873868942261,0,0,0,0,1.0,0.0,0.0,0.0,0.0,0.0,0.0
1760955755.1878793,0,leader,manual,0.9779096841812134,0.9097069501876831,0.9040082097053528,0,1,0,-0.9779096841812134,0.0902930498123169,-0.9040082097053528,0,0,0,0,1.0,0.0,0.0,0.0,0.0,0.0,0.0
1760955755.2883468,1,follower,manual,0.01693403162062168,0.9174248576164246,0.9438210725784302,0,1,1,-0.01693403162062168,0.08257514238357544,0.056178927421569824,0,0,0,0,1.0,0.0,0.0,0.0,0.0,0.0,0.0
1760955755.3908038,0,leader,manual,0.9595083594322205,0.9086892008781433,0.9058617353439331,0,1,0,-0.9595083594322205,0.09131079912185669,-0.9058617353439331,0,0,0,0,1.0,0.0,0.0,0.0,0.0,0.0,0.0
1760955755.4910457,1,follower,manual,0.018232813104987144,0.9368913769721985,0.942455530166626,0,1,1,-0.018232813104987144,0.06310862302780151,0.05754446983337402,0,0,0,0,1.0,0.0,0.0,0.0,0.0,0.0,0.0
1760955755.595134,0,leader,manual,0.9560949206352234,0.9182461500167847,0.8958478569984436,0,1,0,-0.9560949206352234,0.08175384998321533,-0.8958478569984436,0,0,0,0,1.0,0.0,0.0,0.0,0.0,0.0,0.0
1760955755.6953807,1,follower,manual,0.004879523999989033,0.9779253005981445,0.9333391785621643,0,1,1,-0.004879523999989033,0.02207469940185547,0.0666608214378357,0,0,0,0,1.0,0.0,0.0,0.0,0.0,0.0,0.0
1760955755.7992737,0,leader,manual,0.9665574431419373,0.9216787815093994,0.8635381460189819,0,1,0,-0.9665574431419373,0.07832121849060059,-0.8635381460189819,0,0,0,0,1.0,0.0,0.0,0.0,0.0,0.0,0.0
1760955755.8995445,1,follower,manual,0.028458576649427414,0.9669701457023621,0.9206557273864746,0,1,1,-0.028458576649427414,0.03302985429763794,0.07934427261352539,0,0,0,0,1.0,0.0,0.0,0.0,0.0,0.0,0.0
1760955756.0022995,0,leader,manual,0.9724235534667969,0.9190081357955933,0.8039106130599976,0,1,0,-0.9724235534667969,0.08099186420440674,-0.8039106130599976,0,0,0,0,1.0,0.0,0.0,0.0,0.0,0.0,0.0
1760955756.1025553,1,follower,manual,0.06278429180383682,0.9473084807395935,0.8687795400619507,0,1,1,-0.06278429180383682,0.052691519260406494,0.13122045993804932,0,0,0,0,1.0,0.0,0.0,0.0,0.0,0.0,0.0
1760955756.20719,0,leader,manual,0.9666248559951782,0.919256865978241,0.6970632672309875,0,1,0,-0.9666248559951782,0.08074313402175903,-0.6970632672309875,0,0,0,0,1.0,0.0,0.0,0.0,0.0,0.0,0.0
1760955756.3075368,1,follower,manual,0.06465229392051697,0.9491943717002869,0.7292367219924927,0,1,1,-0.06465229392051697,0.050805628299713135,0.2707632780075073,0,0,0,0,1.0,0.0,0.0,0.0,0.0,0.0,0.0
1760955756.4118164,0,leader,manual,0.9663554430007935,0.9286218881607056,0.5653331875801086,0,1,0,-0.9663554430007935,0.07137811183929443,-0.5653331875801086,0,0,0,0,1.0,0.0,0.0,0.0,0.0,0.0,0.0
1760955756.5121198,1,follower,manual,0.061653148382902145,0.9475681185722351,0.5986534953117371,0,1,1,-0.061653148382902145,0.05243188142776489,0.40134650468826294,0,0,0,0,1.0,0.0,0.0,0.0,0.0,0.0,0.0
1760955756.614473,0,leader,manual,1.001424789428711,0.9451067447662354,0.4983503818511963,0,1,0,-1.001424789428711,0.05489325523376465,-0.4983503818511963,0,0,0,0,1.0,0.0,0.0,0.0,0.0,0.0,0.0
1760955756.7147617,1,follower,manual,0.06910476088523865,0.929472029209137,0.5502150654792786,0,1,1,-0.06910476088523865,0.07052797079086304,0.44978493452072144,0,0,0,0,1.0,0.0,0.0,0.0,0.0,0.0,0.0
1760955756.8182445,0,leader,manual,1.0306733846664429,0.9509477615356445,0.47123056650161743,0,1,0,-1.0306733846664429,0.04905223846435547,-0.47123056650161743,0,0,0,0,1.0,0.0,0.0,0.0,0.0,0.0,0.0
1760955756.9185176,1,follower,manual,0.09005559980869293,0.9295498728752136,0.546394407749176,0,1,1,-0.09005559980869293,0.07045012712478638,0.453605592250824,0,0,0,0,1.0,0.0,0.0,0.0,0.0,0.0,0.0
1760955757.0213165,0,leader,manual,1.0257285833358765,0.9522304534912109,0.4279780685901642,0,1,0,-1.0257285833358765,0.04776954650878906,-0.4279780685901642,0,0,0,0,1.0,0.0,0.0,0.0,0.0,0.0,0.0
1760955757.121783,1,follower,manual,0.10313412547111511,0.9166099429130554,0.5238061547279358,0,1,1,-0.10313412547111511,0.08339005708694458,0.4761938452720642,0,0,0,0,1.0,0.0,0.0,0.0,0.0,0.0,0.0
1760955757.2264745,0,leader,manual,1.010349154472351,0.9496268630027771,0.32678112387657166,0,1,0,-1.010349154472351,0.0503731369972229,-0.32678112387657166,0,0,0,0,1.0,0.0,0.0,0.0,0.0,0.0,0.0
1760955757.3267922,1,follower,manual,0.10871925950050354,0.9200738668441772,0.42108026146888733,0,1,1,-0.10871925950050354,0.07992613315582275,0.5789197385311127,0,0,0,0,1.0,0.0,0.0,0.0,0.0,0.0,0.0
1760955757.4326172,0,leader,manual,1.0188478231430054,0.9469402432441711,0.24423742294311523,0,1,0,-1.0188478231430054,0.05305975675582886,-0.24423742294311523,0,0,0,0,1.0,0.0,0.0,0.0,0.0,0.0,0.0
1760955757.532996,1,follower,manual,0.14682498574256897,0.9235766530036926,0.3237236440181732,0,1,1,-0.14682498574256897,0.07642334699630737,0.6762763559818268,0,0,0,0,1.0,0.0,0.0,0.0,0.0,0.0,0.0
1760955757.6361299,0,leader,manual,1.0454071760177612,0.950242817401886,0.20959003269672394,0,1,0,-1.0454071760177612,0.049757182598114014,-0.20959003269672394,0,0,0,0,1.0,0.0,0.0,0.0,0.0,0.0,0.0
1760955757.7368777,1,follower,manual,0.2155776172876358,0.9325775504112244,0.2897745370864868,0,1,1,-0.2155776172876358,0.06742244958877563,0.7102254629135132,0,0,0,0,1.0,0.0,0.0,0.0,0.0,0.0,0.0
1760955757.8388262,0,leader,manual,1.0466234683990479,0.9378759860992432,0.14405493438243866,0,1,0,-1.0466234683990479,0.062124013900756836,-0.14405493438243866,0,0,0,0,1.0,0.0,0.0,0.0,0.0,0.0,0.0
1760955757.939146,1,follower,manual,0.23979100584983826,0.9282160401344299,0.22050520777702332,0,1,1,-0.23979100584983826,0.07178395986557007,0.7794947922229767,0,0,0,0,1.0,0.0,0.0,0.0,0.0,0.0,0.0
1760955758.0429087,0,leader,manual,1.0324194431304932,0.9369584918022156,0.0887010470032692,0,1,0,-1.0324194431304932,0.06304150819778442,-0.0887010470032692,0,0,0,0,1.0,0.0,0.0,0.0,0.0,0.0,0.0
1760955758.1432464,1,follower,manual,0.2276611030101776,0.9286166429519653,0.11910355091094971,0,1,1,-0.2276611030101776,0.07138335704803467,0.8808964490890503,0,0,0,0,1.0,0.0,0.0,0.0,0.0,0.0,0.0
1760955758.2552986,0,leader,manual,1.0192028284072876,0.9395470023155212,0.02799946814775467,0,1,0,-1.0192028284072876,0.06045299768447876,-0.02799946814775467,0,0,0,0,1.0,0.0,0.0,0.0,0.0,0.0,0.0
1760955758.355618,1,follower,manual,0.2181401252746582,0.9363312721252441,0.051267772912979126,0,1,1,-0.2181401252746582,0.06366872787475586,0.9487322270870209,0,0,0,0,1.0,0.0,0.0,0.0,0.0,0.0,0.0
1760955758.5106301,0,leader,manual,1.0211997032165527,0.9380254149436951,-0.027089394629001617,0,1,0,-1.0211997032165527,0.06197458505630493,0.027089394629001617,0,0,0,0,1.0,0.0,0.0,0.0,0.0,0.0,0.0
1760955758.6110792,1,follower,manual,0.23392567038536072,0.9199474453926086,0.05524852126836777,0,1,1,-0.23392567038536072,0.08005255460739136,0.9447514787316322,0,0,0,0,1.0,0.0,0.0,0.0,0.0,0.0,0.0
1760955758.7248864,0,leader,manual,1.0573533773422241,0.9324658513069153,-0.04746098071336746,0,1,0,-1.0573533773422241,0.06753414869308472,0.04746098071336746,0,0,0,0,1.0,0.0,0.0,0.0,0.0,0.0,0.0
1760955758.8254535,1,follower,manual,0.26467353105545044,0.9289186000823975,0.0628022849559784,0,1,1,-0.26467353105545044,0.07108139991760254,0.9371977150440216,0,0,0,0,1.0,0.0,0.0,0.0,0.0,0.0,0.0
1760955758.9288476,0,leader,manual,1.0476840734481812,0.9143717885017395,-0.06471869349479675,0,1,0,-1.0476840734481812,0.0856282114982605,0.06471869349479675,0,0,0,0,1.0,0.0,0.0,0.0,0.0,0.0,0.0
1760955759.0296335,1,follower,manual,0.27757930755615234,0.9400916695594788,0.0819520577788353,0,1,1,-0.27757930755615234,0.05990833044052124,0.9180479422211647,0,0,0,0,1.0,0.0,0.0,0.0,0.0,0.0,0.0
1760955759.1336427,0,leader,manual,1.0308462381362915,0.9203743934631348,-0.08832108974456787,0,1,0,-1.0308462381362915,0.07962560653686523,0.08832108974456787,0,0,0,0,1.0,0.0,0.0,0.0,0.0,0.0,0.0
1760955759.2341816,1,follower,manual,0.2818463444709778,0.911842405796051,0.06183493509888649,0,1,1,-0.2818463444709778,0.08815759420394897,0.9381650649011135,0,0,0,0,1.0,0.0,0.0,0.0,0.0,0.0,0.0
1760955759.4272509,0,leader,manual,1.0278993844985962,0.9424005746841431,-0.1691838800907135,0,1,0,-1.0278993844985962,0.057599425315856934,0.1691838800907135,0,0,0,0,1.0,0.0,0.0,0.0,0.0,0.0,0.0
1760955759.527533,1,follower,manual,0.30012601613998413,0.8809833526611328,-0.00428074412047863,0,1,1,-0.30012601613998413,0.11901664733886719,1.0042807441204786,0,0,0,0,1.0,0.0,0.0,0.0,0.0,0.0,0.0
1760955759.642099,0,leader,manual,1.0195002555847168,0.9673807621002197,-0.3813575506210327,0,1,0,-1.0195002555847168,0.03261923789978027,0.3813575506210327,0,0,0,0,1.0,0.0,0.0,0.0,0.0,0.0,0.0
1760955759.7424092,1,follower,manual,0.3602781295776367,0.8778563737869263,-0.12519052624702454,0,1,1,-0.3602781295776367,0.12214362621307373,1.1251905262470245,0,0,0,0,1.0,0.0,0.0,0.0,0.0,0.0,0.0
1760955759.8448284,0,leader,manual,1.019771695137024,0.9703959822654724,-0.5373106002807617,0,1,0,-1.019771695137024,0.029604017734527588,0.5373106002807617,0,0,0,0,1.0,0.0,0.0,0.0,0.0,0.0,0.0
1760955759.945041,1,follower,manual,0.381576806306839,0.9209945797920227,-0.2500370740890503,0,1,1,-0.381576806306839,0.0790054202079773,1.2500370740890503,0,0,0,0,1.0,0.0,0.0,0.0,0.0,0.0,0.0
1760955760.0516853,0,leader,manual,1.0503062009811401,0.9548660516738892,-0.6600828170776367,0,1,0,-1.0503062009811401,0.04513394832611084,0.6600828170776367,0,0,0,0,1.0,0.0,0.0,0.0,0.0,0.0,0.0
1760955760.1522098,1,follower,manual,0.39611226320266724,0.941386342048645,-0.3429499566555023,0,1,1,-0.39611226320266724,0.05861365795135498,1.3429499566555023,0,0,0,0,1.0,0.0,0.0,0.0,0.0,0.0,0.0
1760955760.3478296,0,leader,manual,1.0444986820220947,0.9234606623649597,-0.7687693238258362,0,1,0,-1.0444986820220947,0.07653933763504028,0.7687693238258362,0,0,0,0,1.0,0.0,0.0,0.0,0.0,0.0,0.0
1760955760.4482844,1,follower,manual,0.40161818265914917,0.9345828294754028,-0.4246339499950409,0,1,1,-0.40161818265914917,0.06541717052459717,1.424633949995041,0,0,0,0,1.0,0.0,0.0,0.0,0.0,0.0,0.0
1760955760.5555892,0,leader,manual,1.0072143077850342,0.912482500076294,-0.9196970462799072,0,1,0,-1.0072143077850342,0.08751749992370605,0.9196970462799072,0,0,0,0,1.0,0.0,0.0,0.0,0.0,0.0,0.0
1760955760.6564124,1,follower,manual,0.34518006443977356,0.9142903685569763,-0.5378171801567078,0,1,1,-0.34518006443977356,0.08570963144302368,1.5378171801567078,0,0,0,0,1.0,0.0,0.0,0.0,0.0,0.0,0.0
1760955760.759341,0,leader,manual,0.9883578419685364,0.9310221672058105,-1.035801649093628,0,1,0,-0.9883578419685364,0.06897783279418945,1.035801649093628,0,0,0,0,1.0,0.0,0.0,0.0,0.0,0.0,0.0
1760955760.8597014,1,follower,manual,0.333281546831131,0.8966291546821594,-0.5540286898612976,0,1,1,-0.333281546831131,0.10337084531784058,1.5540286898612976,0,0,0,0,1.0,0.0,0.0,0.0,0.0,0.0,0.0
1760955760.9616039,0,leader,manual,0.9816523790359497,0.9534931778907776,-1.168423056602478,0,1,0,-0.9816523790359497,0.04650682210922241,1.168423056602478,0,0,0,0,1.0,0.0,0.0,0.0,0.0,0.0,0.0
1760955761.0619335,1,follower,manual,0.3674605190753937,0.9057954549789429,-0.531640887260437,0,1,1,-0.3674605190753937,0.09420454502105713,1.531640887260437,0,0,0,0,1.0,0.0,0.0,0.0,0.0,0.0,0.0
1760955761.1658847,0,leader,manual,1.0056748390197754,0.9572123885154724,-1.3000352382659912,0,1,0,-1.0056748390197754,0.04278761148452759,1.3000352382659912,0,0,0,0,1.0,0.0,0.0,0.0,0.0,0.0,0.0
1760955761.2661812,1,follower,manual,0.40365755558013916,0.9094907641410828,-0.5541926622390747,0,1,1,-0.40365755558013916,0.09050923585891724,1.5541926622390747,0,0,0,0,1.0,0.0,0.0,0.0,0.0,0.0,0.0
1760955761.41126,0,leader,manual,1.056689739227295,0.9523254632949829,-1.4268649816513062,0,1,0,-1.056689739227295,0.04767453670501709,1.4268649816513062,0,0,0,0,1.0,0.0,0.0,0.0,0.0,0.0,0.0
1760955761.51247,1,follower,manual,0.4057634770870209,0.9105669856071472,-0.653097927570343,0,1,1,-0.4057634770870209,0.08943301439285278,1.653097927570343,0,0,0,0,1.0,0.0,0.0,0.0,0.0,0.0,0.0
1760955761.6164916,0,leader,manual,1.0820294618606567,0.9570630192756653,-1.5530141592025757,0,1,0,-1.0820294618606567,0.04293698072433472,1.5530141592025757,0,0,0,0,1.0,0.0,0.0,0.0,0.0,0.0,0.0
1760955761.7173622,1,follower,manual,0.36172404885292053,0.9102900624275208,-0.7633088827133179,0,1,1,-0.36172404885292053,0.08970993757247925,1.7633088827133179,0,0,0,0,1.0,0.0,0.0,0.0,0.0,0.0,0.0
1760955761.8375592,0,leader,manual,1.0611425638198853,0.9480907320976257,-1.6743983030319214,0,1,0,-1.0611425638198853,0.05190926790237427,1.6743983030319214,0,0,0,0,1.0,0.0,0.0,0.0,0.0,0.0,0.0
1760955761.9378185,1,follower,manual,0.3099443018436432,0.903872549533844,-0.7894365191459656,0,1,1,-0.3099443018436432,0.096127450466156,1.7894365191459656,0,0,0,0,1.0,0.0,0.0,0.0,0.0,0.0,0.0
1760955762.0459552,0,leader,manual,1.0452226400375366,0.9435038566589355,-1.785829782485962,0,1,0,-1.0452226400375366,0.05649614334106445,1.785829782485962,0,0,0,0,1.0,0.0,0.0,0.0,0.0,0.0,0.0
1760955762.146235,1,follower,manual,0.2804531157016754,0.8807262778282166,-0.7615742683410645,0,1,1,-0.2804531157016754,0.11927372217178345,1.7615742683410645,0,0,0,0,1.0,0.0,0.0,0.0,0.0,0.0,0.0
1760955762.3265345,0,leader,manual,1.044602394104004,0.9432244300842285,-1.7980812788009644,0,1,0,-1.044602394104004,0.056775569915771484,1.7980812788009644,0,0,0,0,1.0,0.0,0.0,0.0,0.0,0.0,0.0
1760955762.427467,1,follower,manual,0.28757137060165405,0.8670338988304138,-0.703681468963623,0,1,1,-0.28757137060165405,0.13296610116958618,1.703681468963623,0,0,0,0,1.0,0.0,0.0,0.0,0.0,0.0,0.0
1760955762.5342104,0,leader,manual,1.0439099073410034,0.9439640045166016,-1.7937488555908203,0,1,0,-1.0439099073410034,0.05603599548339844,1.7937488555908203,0,0,0,0,1.0,0.0,0.0,0.0,0.0,0.0,0.0
1760955762.6347363,1,follower,manual,0.30121251940727234,0.9022486209869385,-0.6703845858573914,0,1,1,-0.30121251940727234,0.09775137901306152,1.6703845858573914,0,0,0,0,1.0,0.0,0.0,0.0,0.0,0.0,0.0
1760955762.7383437,0,leader,manual,1.0440678596496582,0.9445945620536804,-1.79814875125885,0,1,0,-1.0440678596496582,0.05540543794631958,1.79814875125885,0,0,0,0,1.0,0.0,0.0,0.0,0.0,0.0,0.0
1760955762.838618,1,follower,manual,0.2995660901069641,0.9188894033432007,-0.6675170063972473,0,1,1,-0.2995660901069641,0.08111059665679932,1.6675170063972473,0,0,0,0,1.0,0.0,0.0,0.0,0.0,0.0,0.0
1760955762.9403145,0,leader,manual,1.0437331199645996,0.9446773529052734,-1.7927498817443848,0,1,0,-1.0437331199645996,0.05532264709472656,1.7927498817443848,0,0,0,0,1.0,0.0,0.0,0.0,0.0,0.0,0.0
1760955763.040576,1,follower,manual,0.30477017164230347,0.8861083388328552,-0.6645923852920532,0,1,1,-0.30477017164230347,0.11389166116714478,1.6645923852920532,0,0,0,0,1.0,0.0,0.0,0.0,0.0,0.0,0.0
1760955763.15479,0,leader,manual,1.0448249578475952,0.9537468552589417,-1.8095438480377197,0,1,0,-1.0448249578475952,0.04625314474105835,1.8095438480377197,0,0,0,0,1.0,0.0,0.0,0.0,0.0,0.0,0.0
1760955763.2552273,1,follower,manual,0.30734431743621826,0.886565625667572,-0.6691577434539795,0,1,1,-0.30734431743621826,0.11343437433242798,1.6691577434539795,0,0,0,0,1.0,0.0,0.0,0.0,0.0,0.0,0.0
1760955763.3669004,0,leader,manual,1.0438603162765503,0.9535815119743347,-1.7957618236541748,0,1,0,-1.0438603162765503,0.04641848802566528,1.7957618236541748,0,0,0,0,1.0,0.0,0.0,0.0,0.0,0.0,0.0
1760955763.4672658,1,follower,manual,0.30431678891181946,0.8992648720741272,-0.6712977886199951,0,1,1,-0.30431678891181946,0.1007351279258728,1.6712977886199951,0,0,0,0,1.0,0.0,0.0,0.0,0.0,0.0,0.0
1760955763.5737088,0,leader,manual,1.0438995361328125,0.9540936946868896,-1.796271562576294,0,1,0,-1.0438995361328125,0.04590630531311035,1.796271562576294,0,0,0,0,1.0,0.0,0.0,0.0,0.0,0.0,0.0
1760955763.673979,1,follower,manual,0.3027389645576477,0.9078903794288635,-0.6703643202781677,0,1,1,-0.3027389645576477,0.09210962057113647,1.6703643202781677,0,0,0,0,1.0,0.0,0.0,0.0,0.0,0.0,0.0
1760955763.842901,0,leader,manual,1.044397234916687,0.9545594453811646,-1.7913583517074585,0,1,0,-1.044397234916687,0.04544055461883545,1.7913583517074585,0,0,0,0,1.0,0.0,0.0,0.0,0.0,0.0,0.0
1760955763.9432042,1,follower,manual,0.31061527132987976,0.9314935803413391,-0.666819155216217,0,1,1,-0.31061527132987976,0.06850641965866089,1.666819155216217,0,0,0,0,1.0,0.0,0.0,0.0,0.0,0.0,0.0
1760955764.0664086,0,leader,manual,1.0467288494110107,0.9558332562446594,-1.7923760414123535,0,1,0,-1.0467288494110107,0.044166743755340576,1.7923760414123535,0,0,0,0,1.0,0.0,0.0,0.0,0.0,0.0,0.0
1760955764.1667538,1,follower,manual,0.3484140634536743,0.9266019463539124,-0.6589909791946411,0,1,1,-0.3484140634536743,0.07339805364608765,1.6589909791946411,0,0,0,0,1.0,0.0,0.0,0.0,0.0,0.0,0.0
1760955764.2747898,0,leader,manual,1.0486525297164917,0.9536686539649963,-1.7932546138763428,0,1,0,-1.0486525297164917,0.04633134603500366,1.7932546138763428,0,0,0,0,1.0,0.0,0.0,0.0,0.0,0.0,0.0
1760955764.375135,1,follower,manual,0.3740842342376709,0.910346269607544,-0.6943219900131226,0,1,1,-0.3740842342376709,0.08965373039245605,1.6943219900131226,0,0,0,0,1.0,0.0,0.0,0.0,0.0,0.0,0.0
1760955764.476439,0,leader,manual,1.0492717027664185,0.9557378888130188,-1.7942036390304565,0,1,0,-1.0492717027664185,0.0442621111869812,1.7942036390304565,0,0,0,0,1.0,0.0,0.0,0.0,0.0,0.0,0.0
1760955764.5768428,1,follower,manual,0.39041855931282043,0.9049859046936035,-0.7657575011253357,0,1,1,-0.39041855931282043,0.09501409530639648,1.7657575011253357,0,0,0,0,1.0,0.0,0.0,0.0,0.0,0.0,0.0
1760955764.7296247,0,leader,manual,1.053731918334961,0.9569922089576721,-1.8047165870666504,0,1,0,-1.053731918334961,0.04300779104232788,1.8047165870666504,0,0,0,0,1.0,0.0,0.0,0.0,0.0,0.0,0.0
1760955764.8299916,1,follower,manual,0.3974181115627289,0.9040568470954895,-0.8418678045272827,0,1,1,-0.3974181115627289,0.0959431529045105,1.8418678045272827,0,0,0,0,1.0,0.0,0.0,0.0,0.0,0.0,0.0
1760955764.9564435,0,leader,manual,1.0625044107437134,0.9576301574707031,-1.7975677251815796,0,1,0,-1.0625044107437134,0.042369842529296875,1.7975677251815796,0,0,0,0,1.0,0.0,0.0,0.0,0.0,0.0,0.0
1760955765.0567114,1,follower,manual,0.3921276926994324,0.8991236686706543,-0.9629762768745422,0,1,1,-0.3921276926994324,0.1008763313293457,1.9629762768745422,0,0,0,0,1.0,0.0,0.0,0.0,0.0,0.0,0.0
1760955765.1618607,0,leader,manual,1.0642367601394653,0.9561692476272583,-1.816121220588684,0,1,0,-1.0642367601394653,0.0438307523727417,1.816121220588684,0,0,0,0,1.0,0.0,0.0,0.0,0.0,0.0,0.0
1760955765.262416,1,follower,manual,0.3820410966873169,0.9162673354148865,-1.0829819440841675,0,1,1,-0.3820410966873169,0.08373266458511353,2.0829819440841675,0,0,0,0,1.0,0.0,0.0,0.0,0.0,0.0,0.0
1760955765.37167,0,leader,manual,1.0758360624313354,0.9512952566146851,-1.8053998947143555,0,1,0,-1.0758360624313354,0.04870474338531494,1.8053998947143555,0,0,0,0,1.0,0.0,0.0,0.0,0.0,0.0,0.0
1760955765.47203,1,follower,manual,0.3683575689792633,0.8856973648071289,-1.2193113565444946,0,1,1,-0.3683575689792633,0.1143026351928711,2.2193113565444946,0,0,0,0,1.0,0.0,0.0,0.0,0.0,0.0,0.0
1760955765.6537676,0,leader,manual,1.0553959608078003,0.9533616304397583,-1.7865543365478516,0,1,0,-1.0553959608078003,0.0466383695602417,1.7865543365478516,0,0,0,0,1.0,0.0,0.0,0.0,0.0,0.0,0.0
1760955765.754113,1,follower,manual,0.37856078147888184,0.9139076471328735,-1.3757697343826294,0,1,1,-0.37856078147888184,0.08609235286712646,2.3757697343826294,0,0,0,0,1.0,0.0,0.0,0.0,0.0,0.0,0.0
1760955765.878766,0,leader,manual,1.0570244789123535,0.9462239146232605,-1.779500126838684,0,1,0,-1.0570244789123535,0.0537760853767395,1.779500126838684,0,0,0,0,1.0,0.0,0.0,0.0,0.0,0.0,0.0
1760955765.9790971,1,follower,manual,0.366210401058197,0.9215788245201111,-1.503214716911316,0,1,1,-0.366210401058197,0.07842117547988892,2.503214716911316,0,0,0,0,1.0,0.0,0.0,0.0,0.0,0.0,0.0
1760955766.0864546,0,leader,manual,1.0693953037261963,0.9377219080924988,-1.7849708795547485,0,1,0,-1.0693953037261963,0.06227809190750122,1.7849708795547485,0,0,0,0,1.0,0.0,0.0,0.0,0.0,0.0,0.0
1760955766.1868112,1,follower,manual,0.366210401058197,0.9215788245201111,-1.503214716911316,0,1,1,-0.366210401058197,0.07842117547988892,2.503214716911316,0,0,0,0,1.0,0.0,0.0,0.0,0.0,0.0,0.0
1760955766.4566205,0,leader,manual,1.0646477937698364,0.9417341947555542,-1.78543221950531,0,1,0,-1.0646477937698364,0.0582658052444458,1.78543221950531,0,0,0,0,1.0,0.0,0.0,0.0,0.0,0.0,0.0
1760955766.5570762,1,follower,manual,0.366210401058197,0.9215788245201111,-1.503214716911316,0,1,1,-0.366210401058197,0.07842117547988892,2.503214716911316,0,0,0,0,1.0,0.0,0.0,0.0,0.0,0.0,0.0
1760955766.703325,0,leader,manual,1.0623500347137451,0.9422450661659241,-1.7984811067581177,0,1,0,-1.0623500347137451,0.05775493383407593,1.7984811067581177,0,0,0,0,1.0,0.0,0.0,0.0,0.0,0.0,0.0
1760955766.8035762,1,follower,manual,0.366210401058197,0.9215788245201111,-1.503214716911316,0,1,1,-0.366210401058197,0.07842117547988892,2.503214716911316,0,0,0,0,1.0,0.0,0.0,0.0,0.0,0.0,0.0
1760955766.9427853,0,leader,manual,1.0914230346679688,0.583945095539093,-1.7476047277450562,0,1,0,-1.0914230346679688,0.416054904460907,1.7476047277450562,0,0,0,0,1.0,0.0,0.0,0.0,0.0,0.0,0.0
1760955767.0430858,1,follower,manual,0.366210401058197,0.9215788245201111,-1.503214716911316,0,1,1,-0.366210401058197,0.07842117547988892,2.503214716911316,0,0,0,0,1.0,0.0,0.0,0.0,0.0,0.0,0.0
1760955767.144881,0,leader,manual,1.0825116634368896,0.05251731351017952,-1.4230624437332153,0,1,0,-1.0825116634368896,0.9474826864898205,1.4230624437332153,0,0,0,0,1.0,0.0,0.0,0.0,0.0,0.0,0.0
1760955767.2451236,1,follower,manual,0.366210401058197,0.9215788245201111,-1.503214716911316,0,1,1,-0.366210401058197,0.07842117547988892,2.503214716911316,0,0,0,0,1.0,0.0,0.0,0.0,0.0,0.0,0.0
1760955767.3784878,0,leader,manual,1.0739980936050415,0.047505781054496765,-1.4157766103744507,0,1,0,-1.0739980936050415,0.9524942189455032,1.4157766103744507,0,0,0,0,1.0,0.0,0.0,0.0,0.0,0.0,0.0
1760955767.4788966,1,follower,manual,0.366210401058197,0.9215788245201111,-1.503214716911316,0,1,1,-0.366210401058197,0.07842117547988892,2.503214716911316,0,0,0,0,1.0,0.0,0.0,0.0,0.0,0.0,0.0
1760955767.5830455,0,leader,manual,1.0740102529525757,0.04748028889298439,-1.4157624244689941,0,1,0,-1.0740102529525757,0.9525197111070156,1.4157624244689941,0,0,0,0,1.0,0.0,0.0,0.0,0.0,0.0,0.0
1760955767.683389,1,follower,manual,0.366210401058197,0.9215788245201111,-1.503214716911316,0,1,1,-0.366210401058197,0.07842117547988892,2.503214716911316,0,0,0,0,1.0,0.0,0.0,0.0,0.0,0.0,0.0
1760955767.786503,0,leader,manual,1.0740094184875488,0.04747374355792999,-1.4157792329788208,0,1,0,-1.0740094184875488,0.95252625644207,1.4157792329788208,0,0,0,0,1.0,0.0,0.0,0.0,0.0,0.0,0.0
1760955767.8868344,1,follower,manual,0.366210401058197,0.9215788245201111,-1.503214716911316,0,1,1,-0.366210401058197,0.07842117547988892,2.503214716911316,0,0,0,0,1.0,0.0,0.0,0.0,0.0,0.0,0.0
1760955767.990034,0,leader,manual,1.074012041091919,0.04750021547079086,-1.4157540798187256,0,1,0,-1.074012041091919,0.9524997845292091,1.4157540798187256,0,0,0,0,1.0,0.0,0.0,0.0,0.0,0.0,0.0
1760955768.0903733,1,follower,manual,0.366210401058197,0.9215788245201111,-1.503214716911316,0,1,1,-0.366210401058197,0.07842117547988892,2.503214716911316,0,0,0,0,1.0,0.0,0.0,0.0,0.0,0.0,0.0
1760955768.2432618,0,leader,manual,1.0740140676498413,0.047504328191280365,-1.4157572984695435,0,1,0,-1.0740140676498413,0.9524956718087196,1.4157572984695435,0,0,0,0,1.0,0.0,0.0,0.0,0.0,0.0,0.0
1760955768.3436584,1,follower,manual,0.366210401058197,0.9215788245201111,-1.503214716911316,0,1,1,-0.366210401058197,0.07842117547988892,2.503214716911316,0,0,0,0,1.0,0.0,0.0,0.0,0.0,0.0,0.0
1760955768.4492018,0,leader,manual,1.0740032196044922,0.04745936766266823,-1.415785312652588,0,1,0,-1.0740032196044922,0.9525406323373318,1.415785312652588,0,0,0,0,1.0,0.0,0.0,0.0,0.0,0.0,0.0
1760955768.5496712,1,follower,manual,0.366210401058197,0.9215788245201111,-1.503214716911316,0,1,1,-0.366210401058197,0.07842117547988892,2.503214716911316,0,0,0,0,1.0,0.0,0.0,0.0,0.0,0.0,0.0
1760955768.6515286,0,leader,manual,1.0740169286727905,0.04750175401568413,-1.4157617092132568,0,1,0,-1.0740169286727905,0.9524982459843159,1.4157617092132568,0,0,0,0,1.0,0.0,0.0,0.0,0.0,0.0,0.0
1760955768.7518644,1,follower,manual,0.366210401058197,0.9215788245201111,-1.503214716911316,0,1,1,-0.366210401058197,0.07842117547988892,2.503214716911316,0,0,0,0,1.0,0.0,0.0,0.0,0.0,0.0,0.0
1760955768.8539624,0,leader,manual,1.0740150213241577,0.04750111326575279,-1.4157668352127075,0,1,0,-1.0740150213241577,0.9524988867342472,1.4157668352127075,0,0,0,0,1.0,0.0,0.0,0.0,0.0,0.0,0.0
1760955768.9544415,1,follower,manual,0.366210401058197,0.9215788245201111,-1.503214716911316,0,1,1,-0.366210401058197,0.07842117547988892,2.503214716911316,0,0,0,0,1.0,0.0,0.0,0.0,0.0,0.0,0.0
1760955769.059209,0,leader,manual,0.6908977627754211,0.05183364450931549,0.8530746102333069,0,1,0,-0.6908977627754211,0.9481663554906845,-0.8530746102333069,0,0,0,0,1.0,0.0,0.0,0.0,0.0,0.0,0.0
1760955769.1596096,1,follower,manual,0.031057311221957207,0.05766715109348297,0.8399269580841064,0,1,1,-0.031057311221957207,0.942332848906517,0.16007304191589355,0,0,0,0,1.0,0.0,0.0,0.0,0.0,0.0,0.0
1760955769.262746,0,leader,manual,0.6910083293914795,0.05176817625761032,0.8529738783836365,0,1,0,-0.6910083293914795,0.9482318237423897,-0.8529738783836365,0,0,0,0,1.0,0.0,0.0,0.0,0.0,0.0,0.0
1760955769.3631263,1,follower,manual,0.031079158186912537,0.05782448500394821,0.8400667905807495,0,1,1,-0.031079158186912537,0.9421755149960518,0.1599332094192505,0,0,0,0,1.0,0.0,0.0,0.0,0.0,0.0,0.0
1760955769.4668162,0,leader,manual,0.6908968091011047,0.051808133721351624,0.8530745506286621,0,1,0,-0.6908968091011047,0.9481918662786484,-0.8530745506286621,0,0,0,0,1.0,0.0,0.0,0.0,0.0,0.0,0.0
1760955769.5671196,1,follower,manual,0.03105120360851288,0.05765170603990555,0.839918851852417,0,1,1,-0.03105120360851288,0.9423482939600945,0.160081148147583,0,0,0,0,1.0,0.0,0.0,0.0,0.0,0.0,0.0
1760955769.6701882,0,leader,manual,0.6909001469612122,0.05182084068655968,0.8530772924423218,0,1,0,-0.6909001469612122,0.9481791593134403,-0.8530772924423218,0,0,0,0,1.0,0.0,0.0,0.0,0.0,0.0,0.0
1760955769.7705252,1,follower,manual,0.031049717217683792,0.05765803903341293,0.8399222493171692,0,1,1,-0.031049717217683792,0.9423419609665871,0.1600777506828308,0,0,0,0,1.0,0.0,0.0,0.0,0.0,0.0,0.0
1760955769.8771336,0,leader,manual,0.6909013390541077,0.05168120935559273,0.8530367016792297,0,1,0,-0.6909013390541077,0.9483187906444073,-0.8530367016792297,0,0,0,0,1.0,0.0,0.0,0.0,0.0,0.0,0.0
1760955770.0775034,1,follower,manual,0.031050007790327072,0.05765705928206444,0.8399267792701721,0,1,1,-0.031050007790327072,0.9423429407179356,0.16007322072982788,0,0,0,0,1.0,0.0,0.0,0.0,0.0,0.0,0.0
1760955770.18093,0,leader,manual,0.6908991932868958,0.051730718463659286,0.8530186414718628,0,1,0,-0.6908991932868958,0.9482692815363407,-0.8530186414718628,0,0,0,0,1.0,0.0,0.0,0.0,0.0,0.0,0.0
1760955770.2815454,1,follower,manual,0.0310498159378767,0.05765200033783913,0.8399248719215393,0,1,1,-0.0310498159378767,0.9423479996621609,0.1600751280784607,0,0,0,0,1.0,0.0,0.0,0.0,0.0,0.0,0.0
1760955770.3938656,0,leader,manual,0.6909040808677673,0.05170050263404846,0.8530552387237549,0,1,0,-0.6909040808677673,0.9482994973659515,-0.8530552387237549,0,0,0,0,1.0,0.0,0.0,0.0,0.0,0.0,0.0
1760955770.4944847,1,follower,manual,0.03124893084168434,0.05785807967185974,0.8391404747962952,0,1,1,-0.03124893084168434,0.9421419203281403,0.16085952520370483,0,0,0,0,1.0,0.0,0.0,0.0,0.0,0.0,0.0
1760955770.664893,0,leader,manual,0.6909012198448181,0.0517122857272625,0.853031575679779,0,1,0,-0.6909012198448181,0.9482877142727375,-0.853031575679779,0,0,0,0,1.0,0.0,0.0,0.0,0.0,0.0,0.0
1760955770.7652278,1,follower,manual,0.031071947887539864,0.05766541510820389,0.8398975729942322,0,1,1,-0.031071947887539864,0.9423345848917961,0.16010242700576782,0,0,0,0,1.0,0.0,0.0,0.0,0.0,0.0,0.0
1760955770.870213,0,leader,manual,0.690891683101654,0.05181397870182991,0.853075385093689,0,1,0,-0.690891683101654,0.9481860212981701,-0.853075385093689,0,0,0,0,1.0,0.0,0.0,0.0,0.0,0.0,0.0
1760955770.9706125,1,follower,manual,0.031058335676789284,0.05766260623931885,0.8399183750152588,0,1,1,-0.031058335676789284,0.9423373937606812,0.1600816249847412,0,0,0,0,1.0,0.0,0.0,0.0,0.0,0.0,0.0
1760955771.080023,0,leader,manual,0.6908915638923645,0.05170244351029396,0.8530462980270386,0,1,0,-0.6908915638923645,0.948297556489706,-0.8530462980270386,0,0,0,0,1.0,0.0,0.0,0.0,0.0,0.0,0.0
1760955771.1803288,1,follower,manual,0.03105558268725872,0.05764550715684891,0.839917004108429,0,1,1,-0.03105558268725872,0.9423544928431511,0.16008299589157104,0,0,0,0,1.0,0.0,0.0,0.0,0.0,0.0,0.0
1760955771.2862682,0,leader,manual,0.690893292427063,0.05170641094446182,0.8530520796775818,0,1,0,-0.690893292427063,0.9482935890555382,-0.8530520796775818,0,0,0,0,1.0,0.0,0.0,0.0,0.0,0.0,0.0
1760955771.386754,1,follower,manual,0.031053664162755013,0.05765283480286598,0.8399192690849304,0,1,1,-0.031053664162755013,0.942347165197134,0.16008073091506958,0,0,0,0,1.0,0.0,0.0,0.0,0.0,0.0,0.0
1760955771.5629492,0,leader,manual,0.6909160614013672,0.051568757742643356,0.8530123233795166,0,1,0,-0.6909160614013672,0.9484312422573566,-0.8530123233795166,0,0,0,0,1.0,0.0,0.0,0.0,0.0,0.0,0.0
1760955771.6632538,1,follower,manual,0.03105468861758709,0.05764086917042732,0.8399218320846558,0,1,1,-0.03105468861758709,0.9423591308295727,0.16007816791534424,0,0,0,0,1.0,0.0,0.0,0.0,0.0,0.0,0.0
1760955771.7964458,0,leader,manual,0.6908949017524719,0.051808323711156845,0.8530750274658203,0,1,0,-0.6908949017524719,0.9481916762888432,-0.8530750274658203,0,0,0,0,1.0,0.0,0.0,0.0,0.0,0.0,0.0
1760955771.8967123,1,follower,manual,0.03106832131743431,0.057660747319459915,0.8398945927619934,0,1,1,-0.03106832131743431,0.9423392526805401,0.1601054072380066,0,0,0,0,1.0,0.0,0.0,0.0,0.0,0.0,0.0
1760955772.068812,0,leader,manual,0.690913736820221,0.05158183351159096,0.853007972240448,0,1,0,-0.690913736820221,0.948418166488409,-0.853007972240448,0,0,0,0,1.0,0.0,0.0,0.0,0.0,0.0,0.0
1760955772.169341,1,follower,manual,0.03104974329471588,0.05764387175440788,0.8399160504341125,0,1,1,-0.03104974329471588,0.9423561282455921,0.16008394956588745,0,0,0,0,1.0,0.0,0.0,0.0,0.0,0.0,0.0
1760955772.2717614,0,leader,manual,0.6810429692268372,0.1792972981929779,0.8521956205368042,0,1,0,-0.6810429692268372,0.8207027018070221,-0.8521956205368042,0,0,0,0,1.0,0.0,0.0,0.0,0.0,0.0,0.0
1760955772.372059,1,follower,manual,0.03276485577225685,0.1692867875099182,0.8366506099700928,0,1,1,-0.03276485577225685,0.8307132124900818,0.16334939002990723,0,0,0,0,1.0,0.0,0.0,0.0,0.0,0.0,0.0
1760955772.4753344,0,leader,manual,0.6848527789115906,0.6867431402206421,0.8502587080001831,0,1,0,-0.6848527789115906,0.3132568597793579,-0.8502587080001831,0,0,0,0,1.0,0.0,0.0,0.0,0.0,0.0,0.0
1760955772.5756242,1,follower,manual,0.028806142508983612,0.68327796459198,0.811897873878479,0,1,1,-0.028806142508983612,0.31672203540802,0.188102126121521,0,0,0,0,1.0,0.0,0.0,0.0,0.0,0.0,0.0
1760955772.681447,0,leader,manual,0.6949896216392517,0.7848613858222961,0.8245881199836731,0,1,0,-0.6949896216392517,0.21513861417770386,-0.8245881199836731,0,0,0,0,1.0,0.0,0.0,0.0,0.0,0.0,0.0
1760955772.7818654,1,follower,manual,0.022850532084703445,0.8145083785057068,0.7764247059822083,0,1,1,-0.022850532084703445,0.1854916214942932,0.22357529401779175,0,0,0,0,1.0,0.0,0.0,0.0,0.0,0.0,0.0
1760955772.8839304,0,leader,manual,0.6997860074043274,0.8542725443840027,0.8215329647064209,0,1,0,-0.6997860074043274,0.14572745561599731,-0.8215329647064209,0,0,0,0,1.0,0.0,0.0,0.0,0.0,0.0,0.0
1760955772.9842515,1,follower,manual,0.003508275607600808,0.8653051257133484,0.7644584774971008,0,1,1,-0.003508275607600808,0.1346948742866516,0.23554152250289917,0,0,0,0,1.0,0.0,0.0,0.0,0.0,0.0,0.0
1760955773.0880132,0,leader,manual,0.7112044095993042,0.8788533210754395,0.8183044195175171,0,1,0,-0.7112044095993042,0.12114667892456055,-0.8183044195175171,0,0,0,0,1.0,0.0,0.0,0.0,0.0,0.0,0.0
1760955773.1882775,1,follower,manual,-0.0033515156246721745,0.8576858043670654,0.7605327367782593,0,1,1,0.0033515156246721745,0.14231419563293457,0.23946726322174072,0,0,0,0,1.0,0.0,0.0,0.0,0.0,0.0,0.0
1760955773.3228314,0,leader,manual,0.7066355347633362,0.877133309841156,0.8166539669036865,0,1,0,-0.7066355347633362,0.122866690158844,-0.8166539669036865,0,0,0,0,1.0,0.0,0.0,0.0,0.0,0.0,0.0
1760955773.4233744,1,follower,manual,-0.014108801260590553,0.8366029858589172,0.7665290832519531,0,1,1,0.014108801260590553,0.16339701414108276,0.23347091674804688,0,0,0,0,1.0,0.0,0.0,0.0,0.0,0.0,0.0
1760955773.5738916,0,leader,manual,0.7065469622612,0.8620291948318481,0.8024497628211975,0,1,0,-0.7065469622612,0.13797080516815186,-0.8024497628211975,0,0,0,0,1.0,0.0,0.0,0.0,0.0,0.0,0.0
1760955773.6741903,1,follower,manual,-0.026678137481212616,0.8214134573936462,0.7770499587059021,0,1,1,0.026678137481212616,0.17858654260635376,0.2229500412940979,0,0,0,0,1.0,0.0,0.0,0.0,0.0,0.0,0.0
1760955773.7774816,0,leader,manual,0.693619430065155,0.8601694107055664,0.7767668962478638,0,1,0,-0.693619430065155,0.1398305892944336,-0.7767668962478638,0,0,0,0,1.0,0.0,0.0,0.0,0.0,0.0,0.0
1760955773.8779318,1,follower,manual,-0.04905322194099426,0.864418625831604,0.7685006260871887,0,1,1,0.04905322194099426,0.135581374168396,0.23149937391281128,0,0,0,0,1.0,0.0,0.0,0.0,0.0,0.0,0.0
1760955773.9833171,0,leader,manual,0.6891704201698303,0.8520880937576294,0.7514393329620361,0,1,0,-0.6891704201698303,0.1479119062423706,-0.7514393329620361,0,0,0,0,1.0,0.0,0.0,0.0,0.0,0.0,0.0
1760955774.083832,1,follower,manual,-0.05480276793241501,0.8915971517562866,0.7436224818229675,0,1,1,0.05480276793241501,0.10840284824371338,0.25637751817703247,0,0,0,0,1.0,0.0,0.0,0.0,0.0,0.0,0.0
1760955774.2035089,0,leader,manual,0.6806578040122986,0.865531325340271,0.7302991151809692,0,1,0,-0.6806578040122986,0.134468674659729,-0.7302991151809692,0,0,0,0,1.0,0.0,0.0,0.0,0.0,0.0,0.0
1760955774.3039918,1,follower,manual,-0.060932401567697525,0.8733242154121399,0.7365957498550415,0,1,1,0.060932401567697525,0.1266757845878601,0.2634042501449585,0,0,0,0,1.0,0.0,0.0,0.0,0.0,0.0,0.0
1760955774.4647255,0,leader,manual,0.6605148315429688,0.8844912052154541,0.7295531034469604,0,1,0,-0.6605148315429688,0.1155087947845459,-0.7295531034469604,0,0,0,0,1.0,0.0,0.0,0.0,0.0,0.0,0.0
1760955774.6651435,1,follower,manual,-0.05717146024107933,0.8664178252220154,0.7239944338798523,0,1,1,0.05717146024107933,0.13358217477798462,0.2760055661201477,0,0,0,0,1.0,0.0,0.0,0.0,0.0,0.0,0.0
1760955774.7710707,0,leader,manual,0.6741071939468384,0.8437272310256958,0.7224268317222595,0,1,0,-0.6741071939468384,0.1562727689743042,-0.7224268317222595,0,0,0,0,1.0,0.0,0.0,0.0,0.0,0.0,0.0
1760955774.871503,1,follower,manual,-0.08769353479146957,0.8240454196929932,0.7363100051879883,0,1,1,0.08769353479146957,0.17595458030700684,0.2636899948120117,0,0,0,0,1.0,0.0,0.0,0.0,0.0,0.0,0.0
1760955774.974793,0,leader,manual,0.6871849894523621,0.8669518828392029,0.6962999701499939,0,1,0,-0.6871849894523621,0.13304811716079712,-0.6962999701499939,0,0,0,0,1.0,0.0,0.0,0.0,0.0,0.0,0.0
1760955775.075275,1,follower,manual,-0.08062250167131424,0.8326587677001953,0.7538346648216248,0,1,1,0.08062250167131424,0.1673412322998047,0.24616533517837524,0,0,0,0,1.0,0.0,0.0,0.0,0.0,0.0,0.0
1760955775.1796741,0,leader,manual,0.6888624429702759,0.8656390309333801,0.6842404007911682,0,1,0,-0.6888624429702759,0.13436096906661987,-0.6842404007911682,0,0,0,0,1.0,0.0,0.0,0.0,0.0,0.0,0.0
1760955775.2800677,1,follower,manual,-0.06909376382827759,0.8458251357078552,0.7604448795318604,0,1,1,0.06909376382827759,0.15417486429214478,0.23955512046813965,0,0,0,0,1.0,0.0,0.0,0.0,0.0,0.0,0.0
1760955775.3885183,0,leader,manual,0.6844273805618286,0.856695294380188,0.694737434387207,0,1,0,-0.6844273805618286,0.143304705619812,-0.694737434387207,0,0,0,0,1.0,0.0,0.0,0.0,0.0,0.0,0.0
1760955775.4889817,1,follower,manual,-0.06539256125688553,0.8471142649650574,0.7225663661956787,0,1,1,0.06539256125688553,0.15288573503494263,0.2774336338043213,0,0,0,0,1.0,0.0,0.0,0.0,0.0,0.0,0.0
1760955775.6144576,0,leader,manual,0.691105842590332,0.865079402923584,0.6904041171073914,0,1,0,-0.691105842590332,0.13492059707641602,-0.6904041171073914,0,0,0,0,1.0,0.0,0.0,0.0,0.0,0.0,0.0
1760955775.7147381,1,follower,manual,-0.0476679801940918,0.8251463770866394,0.707886815071106,0,1,1,0.0476679801940918,0.1748536229133606,0.29211318492889404,0,0,0,0,1.0,0.0,0.0,0.0,0.0,0.0,0.0
1760955775.8186395,0,leader,manual,0.7336935997009277,0.8758969902992249,0.6775261163711548,0,1,0,-0.7336935997009277,0.12410300970077515,-0.6775261163711548,0,0,0,0,1.0,0.0,0.0,0.0,0.0,0.0,0.0
1760955776.0193737,1,follower,manual,-0.05850103497505188,0.8175002932548523,0.7132411003112793,0,1,1,0.05850103497505188,0.1824997067451477,0.2867588996887207,0,0,0,0,1.0,0.0,0.0,0.0,0.0,0.0,0.0
1760955776.1798265,0,leader,manual,0.8606312274932861,0.9329327344894409,0.7701926827430725,0,1,0,-0.8606312274932861,0.06706726551055908,-0.7701926827430725,0,0,0,0,1.0,0.0,0.0,0.0,0.0,0.0,0.0
1760955776.280157,1,follower,manual,-0.026630612090229988,0.9290761351585388,0.8411834239959717,0,1,1,0.026630612090229988,0.07092386484146118,0.15881657600402832,0,0,0,0,1.0,0.0,0.0,0.0,0.0,0.0,0.0
1760955776.3845205,0,leader,manual,0.9176126718521118,0.9405601024627686,0.880295991897583,0,1,0,-0.9176126718521118,0.059439897537231445,-0.880295991897583,0,0,0,0,1.0,0.0,0.0,0.0,0.0,0.0,0.0
1760955776.4850607,1,follower,manual,0.046772729605436325,0.9268581867218018,1.0039337873458862,0,1,1,-0.046772729605436325,0.07314181327819824,-0.0039337873458862305,0,0,0,0,1.0,0.0,0.0,0.0,0.0,0.0,0.0
1760955776.610329,0,leader,manual,0.9397636651992798,0.9354396462440491,0.9267693758010864,0,1,0,-0.9397636651992798,0.06456035375595093,-0.9267693758010864,0,0,0,0,1.0,0.0,0.0,0.0,0.0,0.0,0.0
1760955776.7106903,1,follower,manual,0.08116415143013,0.9370306730270386,1.0596016645431519,0,1,1,-0.08116415143013,0.06296932697296143,-0.059601664543151855,0,0,0,0,1.0,0.0,0.0,0.0,0.0,0.0,0.0
1760955776.815541,0,leader,manual,0.949539303779602,0.9248692989349365,0.9102354645729065,0,1,0,-0.949539303779602,0.07513070106506348,-0.9102354645729065,0,0,0,0,1.0,0.0,0.0,0.0,0.0,0.0,0.0
1760955776.915895,1,follower,manual,0.060421787202358246,0.9305450320243835,1.0156399011611938,0,1,1,-0.060421787202358246,0.06945496797561646,-0.015639901161193848,0,0,0,0,1.0,0.0,0.0,0.0,0.0,0.0,0.0
1760955777.018225,0,leader,manual,0.9462913274765015,0.9234630465507507,0.8832036852836609,0,1,0,-0.9462913274765015,0.07653695344924927,-0.8832036852836609,0,0,0,0,1.0,0.0,0.0,0.0,0.0,0.0,0.0
1760955777.1185083,1,follower,manual,0.020770344883203506,0.9236147999763489,0.9736760854721069,0,1,1,-0.020770344883203506,0.07638520002365112,0.026323914527893066,0,0,0,0,1.0,0.0,0.0,0.0,0.0,0.0,0.0
1760955777.2233665,0,leader,manual,0.9514976739883423,0.927196741104126,0.8809945583343506,0,1,0,-0.9514976739883423,0.07280325889587402,-0.8809945583343506,0,0,0,0,1.0,0.0,0.0,0.0,0.0,0.0,0.0
1760955777.323761,1,follower,manual,-0.00752098485827446,0.9268673658370972,0.9599222540855408,0,1,1,0.00752098485827446,0.07313263416290283,0.04007774591445923,0,0,0,0,1.0,0.0,0.0,0.0,0.0,0.0,0.0
1760955777.5032582,0,leader,manual,0.9654126763343811,0.9212972521781921,0.881305992603302,0,1,0,-0.9654126763343811,0.07870274782180786,-0.881305992603302,0,0,0,0,1.0,0.0,0.0,0.0,0.0,0.0,0.0
1760955777.6036859,1,follower,manual,0.01359160989522934,0.9312662482261658,0.9533405303955078,0,1,1,-0.01359160989522934,0.06873375177383423,0.04665946960449219,0,0,0,0,1.0,0.0,0.0,0.0,0.0,0.0,0.0
1760955777.7073615,0,leader,manual,0.9711153507232666,0.9109857082366943,0.9015358090400696,0,1,0,-0.9711153507232666,0.08901429176330566,-0.9015358090400696,0,0,0,0,1.0,0.0,0.0,0.0,0.0,0.0,0.0
1760955777.8076804,1,follower,manual,0.01569182798266411,0.9062588810920715,0.9501396417617798,0,1,1,-0.01569182798266411,0.09374111890792847,0.049860358238220215,0,0,0,0,1.0,0.0,0.0,0.0,0.0,0.0,0.0
1760955777.9102283,0,leader,manual,0.9748679399490356,0.9048797488212585,0.9042302966117859,0,1,0,-0.9748679399490356,0.09512025117874146,-0.9042302966117859,0,0,0,0,1.0,0.0,0.0,0.0,0.0,0.0,0.0
1760955778.0107725,1,follower,manual,0.01897401176393032,0.9216496348381042,0.9407554268836975,0,1,1,-0.01897401176393032,0.07835036516189575,0.05924457311630249,0,0,0,0,1.0,0.0,0.0,0.0,0.0,0.0,0.0
1760955778.1207354,0,leader,manual,0.9554634094238281,0.9108946323394775,0.906030535697937,0,1,0,-0.9554634094238281,0.08910536766052246,-0.906030535697937,0,0,0,0,1.0,0.0,0.0,0.0,0.0,0.0,0.0
1760955778.2210932,1,follower,manual,0.01703060045838356,0.942377507686615,0.9423472285270691,0,1,1,-0.01703060045838356,0.05762249231338501,0.05765277147293091,0,0,0,0,1.0,0.0,0.0,0.0,0.0,0.0,0.0
1760955778.403872,0,leader,manual,0.959679365158081,0.920204758644104,0.8908368945121765,0,1,0,-0.959679365158081,0.079795241355896,-0.8908368945121765,0,0,0,0,1.0,0.0,0.0,0.0,0.0,0.0,0.0
1760955778.5042624,1,follower,manual,0.005888022482395172,0.9796979427337646,0.9323233962059021,0,1,1,-0.005888022482395172,0.02030205726623535,0.0676766037940979,0,0,0,0,1.0,0.0,0.0,0.0,0.0,0.0,0.0
1760955778.610051,0,leader,manual,0.9712927937507629,0.9215286374092102,0.8328914642333984,0,1,0,-0.9712927937507629,0.0784713625907898,-0.8328914642333984,0,0,0,0,1.0,0.0,0.0,0.0,0.0,0.0,0.0
1760955778.710415,1,follower,manual,0.05017680674791336,0.9584571719169617,0.9027119874954224,0,1,1,-0.05017680674791336,0.04154282808303833,0.09728801250457764,0,0,0,0,1.0,0.0,0.0,0.0,0.0,0.0,0.0
1760955778.8232327,0,leader,manual,0.9698799252510071,0.917689323425293,0.7475951910018921,0,1,0,-0.9698799252510071,0.08231067657470703,-0.7475951910018921,0,0,0,0,1.0,0.0,0.0,0.0,0.0,0.0,0.0
1760955778.923519,1,follower,manual,0.06667464226484299,0.9430670142173767,0.7913838624954224,0,1,1,-0.06667464226484299,0.05693298578262329,0.20861613750457764,0,0,0,0,1.0,0.0,0.0,0.0,0.0,0.0,0.0
1760955779.1249378,0,leader,manual,0.9643588662147522,0.9251271486282349,0.6049761176109314,0,1,0,-0.9643588662147522,0.07487285137176514,-0.6049761176109314,0,0,0,0,1.0,0.0,0.0,0.0,0.0,0.0,0.0
1760955779.2252367,1,follower,manual,0.0632602870464325,0.9501461386680603,0.6330792307853699,0,1,1,-0.0632602870464325,0.0498538613319397,0.3669207692146301,0,0,0,0,1.0,0.0,0.0,0.0,0.0,0.0,0.0
1760955779.3958797,0,leader,manual,1.0074200630187988,0.9472535848617554,0.49595484137535095,0,1,0,-1.0074200630187988,0.05274641513824463,-0.49595484137535095,0,0,0,0,1.0,0.0,0.0,0.0,0.0,0.0,0.0
1760955779.4962535,1,follower,manual,0.07076752185821533,0.9267820119857788,0.548595666885376,0,1,1,-0.07076752185821533,0.07321798801422119,0.451404333114624,0,0,0,0,1.0,0.0,0.0,0.0,0.0,0.0,0.0
1760955779.6314707,0,leader,manual,1.0303369760513306,0.9532602429389954,0.45569589734077454,0,1,0,-1.0303369760513306,0.04673975706100464,-0.45569589734077454,0,0,0,0,1.0,0.0,0.0,0.0,0.0,0.0,0.0
1760955779.7318292,1,follower,manual,0.09686651825904846,0.9305001497268677,0.544169545173645,0,1,1,-0.09686651825904846,0.06949985027313232,0.455830454826355,0,0,0,0,1.0,0.0,0.0,0.0,0.0,0.0,0.0
1760955779.8382263,0,leader,manual,1.016087293624878,0.9497900605201721,0.371952623128891,0,1,0,-1.016087293624878,0.05020993947982788,-0.371952623128891,0,0,0,0,1.0,0.0,0.0,0.0,0.0,0.0,0.0
1760955779.9386983,1,follower,manual,0.1085599884390831,0.9129198789596558,0.4714663624763489,0,1,1,-0.1085599884390831,0.08708012104034424,0.5285336375236511,0,0,0,0,1.0,0.0,0.0,0.0,0.0,0.0,0.0
1760955780.1244051,0,leader,manual,1.009034276008606,0.9479560852050781,0.2683109939098358,0,1,0,-1.009034276008606,0.052043914794921875,-0.2683109939098358,0,0,0,0,1.0,0.0,0.0,0.0,0.0,0.0,0.0
1760955780.22471,1,follower,manual,0.12077537178993225,0.9248525500297546,0.3500919044017792,0,1,1,-0.12077537178993225,0.07514744997024536,0.6499080955982208,0,0,0,0,1.0,0.0,0.0,0.0,0.0,0.0,0.0
1760955780.3353384,0,leader,manual,1.0461018085479736,0.9498780965805054,0.20722082257270813,0,1,0,-1.0461018085479736,0.05012190341949463,-0.20722082257270813,0,0,0,0,1.0,0.0,0.0,0.0,0.0,0.0,0.0
1760955780.4357018,1,follower,manual,0.21794484555721283,0.9329840540885925,0.28815487027168274,0,1,1,-0.21794484555721283,0.06701594591140747,0.7118451297283173,0,0,0,0,1.0,0.0,0.0,0.0,0.0,0.0,0.0
1760955780.6283073,0,leader,manual,1.0459238290786743,0.9373046159744263,0.1382717490196228,0,1,0,-1.0459238290786743,0.06269538402557373,-0.1382717490196228,0,0,0,0,1.0,0.0,0.0,0.0,0.0,0.0,0.0
1760955780.7287543,1,follower,manual,0.24039414525032043,0.929690420627594,0.21221140027046204,0,1,1,-0.24039414525032043,0.070309579372406,0.787788599729538,0,0,0,0,1.0,0.0,0.0,0.0,0.0,0.0,0.0
1760955780.832668,0,leader,manual,1.024233341217041,0.9376357197761536,0.06150829419493675,0,1,0,-1.024233341217041,0.062364280223846436,-0.06150829419493675,0,0,0,0,1.0,0.0,0.0,0.0,0.0,0.0,0.0
1760955780.9332106,1,follower,manual,0.21932867169380188,0.9351841807365417,0.07486692070960999,0,1,1,-0.21932867169380188,0.06481581926345825,0.92513307929039,0,0,0,0,1.0,0.0,0.0,0.0,0.0,0.0,0.0
1760955781.0465949,0,leader,manual,1.0171512365341187,0.9405766129493713,-0.006432398222386837,0,1,0,-1.0171512365341187,0.05942338705062866,0.006432398222386837,0,0,0,0,1.0,0.0,0.0,0.0,0.0,0.0,0.0
1760955781.1468832,1,follower,manual,0.22747686505317688,0.9226911664009094,0.05160962790250778,0,1,1,-0.22747686505317688,0.07730883359909058,0.9483903720974922,0,0,0,0,1.0,0.0,0.0,0.0,0.0,0.0,0.0
1760955781.304547,0,leader,manual,1.0337058305740356,0.9344775080680847,-0.040252745151519775,0,1,0,-1.0337058305740356,0.06552249193191528,0.040252745151519775,0,0,0,0,1.0,0.0,0.0,0.0,0.0,0.0,0.0
1760955781.404975,1,follower,manual,0.24695228040218353,0.9204374551773071,0.05797962099313736,0,1,1,-0.24695228040218353,0.07956254482269287,0.9420203790068626,0,0,0,0,1.0,0.0,0.0,0.0,0.0,0.0,0.0
1760955781.5397136,0,leader,manual,1.056557297706604,0.9238284826278687,-0.05589072033762932,0,1,0,-1.056557297706604,0.07617151737213135,0.05589072033762932,0,0,0,0,1.0,0.0,0.0,0.0,0.0,0.0,0.0
1760955781.640342,1,follower,manual,0.2740902602672577,0.9365320205688477,0.07369766384363174,0,1,1,-0.2740902602672577,0.06346797943115234,0.9263023361563683,0,0,0,0,1.0,0.0,0.0,0.0,0.0,0.0,0.0
1760955781.812315,0,leader,manual,1.0373042821884155,0.9154225587844849,-0.07641307264566422,0,1,0,-1.0373042821884155,0.08457744121551514,0.07641307264566422,0,0,0,0,1.0,0.0,0.0,0.0,0.0,0.0,0.0
1760955781.9128344,1,follower,manual,0.27935561537742615,0.9274229407310486,0.07755553722381592,0,1,1,-0.27935561537742615,0.07257705926895142,0.9224444627761841,0,0,0,0,1.0,0.0,0.0,0.0,0.0,0.0,0.0
1760955782.0147326,0,leader,manual,1.0278875827789307,0.9421808123588562,-0.1679251492023468,0,1,0,-1.0278875827789307,0.0578191876411438,0.1679251492023468,0,0,0,0,1.0,0.0,0.0,0.0,0.0,0.0,0.0
1760955782.1152534,1,follower,manual,0.29975345730781555,0.8810855150222778,-0.0036153532564640045,0,1,1,-0.29975345730781555,0.11891448497772217,1.003615353256464,0,0,0,0,1.0,0.0,0.0,0.0,0.0,0.0,0.0
1760955782.2201316,0,leader,manual,1.0241163969039917,0.9578218460083008,-0.3113603889942169,0,1,0,-1.0241163969039917,0.04217815399169922,0.3113603889942169,0,0,0,0,1.0,0.0,0.0,0.0,0.0,0.0,0.0
1760955782.3204355,1,follower,manual,0.3495563864707947,0.8787672519683838,-0.07764250040054321,0,1,1,-0.3495563864707947,0.12123274803161621,1.0776425004005432,0,0,0,0,1.0,0.0,0.0,0.0,0.0,0.0,0.0
1760955782.4261935,0,leader,manual,1.0148632526397705,0.9733010530471802,-0.4656754732131958,0,1,0,-1.0148632526397705,0.026698946952819824,0.4656754732131958,0,0,0,0,1.0,0.0,0.0,0.0,0.0,0.0,0.0
1760955782.5265357,1,follower,manual,0.37351593375205994,0.8932130336761475,-0.1943894326686859,0,1,1,-0.37351593375205994,0.10678696632385254,1.194389432668686,0,0,0,0,1.0,0.0,0.0,0.0,0.0,0.0,0.0
1760955782.7774615,0,leader,manual,1.0340722799301147,0.964157223701477,-0.5990623235702515,0,1,0,-1.0340722799301147,0.03584277629852295,0.5990623235702515,0,0,0,0,1.0,0.0,0.0,0.0,0.0,0.0,0.0
1760955782.8778448,1,follower,manual,0.38697898387908936,0.9396519064903259,-0.3011520802974701,0,1,1,-0.38697898387908936,0.06034809350967407,1.30115208029747,0,0,0,0,1.0,0.0,0.0,0.0,0.0,0.0,0.0
1760955783.0279503,0,leader,manual,1.039311170578003,0.9173807501792908,-0.7910006642341614,0,1,0,-1.039311170578003,0.08261924982070923,0.7910006642341614,0,0,0,0,1.0,0.0,0.0,0.0,0.0,0.0,0.0
1760955783.1284022,1,follower,manual,0.3973965048789978,0.922407329082489,-0.44802430272102356,0,1,1,-0.3973965048789978,0.07759267091751099,1.4480243027210236,0,0,0,0,1.0,0.0,0.0,0.0,0.0,0.0,0.0
1760955783.2389488,0,leader,manual,1.006775975227356,0.9127268195152283,-0.9218178987503052,0,1,0,-1.006775975227356,0.08727318048477173,0.9218178987503052,0,0,0,0,1.0,0.0,0.0,0.0,0.0,0.0,0.0
1760955783.3392773,1,follower,manual,0.3443223237991333,0.9148848652839661,-0.5382975339889526,0,1,1,-0.3443223237991333,0.08511513471603394,1.5382975339889526,0,0,0,0,1.0,0.0,0.0,0.0,0.0,0.0,0.0
1760955783.4423265,0,leader,manual,0.9874993562698364,0.9321091771125793,-1.0485899448394775,0,1,0,-0.9874993562698364,0.06789082288742065,1.0485899448394775,0,0,0,0,1.0,0.0,0.0,0.0,0.0,0.0,0.0
1760955783.5427685,1,follower,manual,0.3350605368614197,0.895214319229126,-0.553291916847229,0,1,1,-0.3350605368614197,0.10478568077087402,1.553291916847229,0,0,0,0,1.0,0.0,0.0,0.0,0.0,0.0,0.0
1760955783.6458957,0,leader,manual,0.982016921043396,0.9538515210151672,-1.172179102897644,0,1,0,-0.982016921043396,0.046148478984832764,1.172179102897644,0,0,0,0,1.0,0.0,0.0,0.0,0.0,0.0,0.0
1760955783.7462564,1,follower,manual,0.3690109848976135,0.9064947366714478,-0.5309604406356812,0,1,1,-0.3690109848976135,0.09350526332855225,1.5309604406356812,0,0,0,0,1.0,0.0,0.0,0.0,0.0,0.0,0.0
1760955783.8515317,0,leader,manual,1.0078182220458984,0.9571723341941833,-1.3072582483291626,0,1,0,-1.0078182220458984,0.04282766580581665,1.3072582483291626,0,0,0,0,1.0,0.0,0.0,0.0,0.0,0.0,0.0
1760955783.9521623,1,follower,manual,0.40448081493377686,0.909184992313385,-0.5577188730239868,0,1,1,-0.40448081493377686,0.09081500768661499,1.5577188730239868,0,0,0,0,1.0,0.0,0.0,0.0,0.0,0.0,0.0
1760955784.055167,0,leader,manual,1.060982584953308,0.9517413973808289,-1.435986042022705,0,1,0,-1.060982584953308,0.04825860261917114,1.435986042022705,0,0,0,0,1.0,0.0,0.0,0.0,0.0,0.0,0.0
1760955784.1558607,1,follower,manual,0.4043036699295044,0.9114516973495483,-0.6623774170875549,0,1,1,-0.4043036699295044,0.08854830265045166,1.662377417087555,0,0,0,0,1.0,0.0,0.0,0.0,0.0,0.0,0.0
1760955784.3720665,0,leader,manual,1.0836889743804932,0.9568262100219727,-1.5360368490219116,0,1,0,-1.0836889743804932,0.043173789978027344,1.5360368490219116,0,0,0,0,1.0,0.0,0.0,0.0,0.0,0.0,0.0
1760955784.4724894,1,follower,manual,0.3689452111721039,0.910947322845459,-0.7542378306388855,0,1,1,-0.3689452111721039,0.08905267715454102,1.7542378306388855,0,0,0,0,1.0,0.0,0.0,0.0,0.0,0.0,0.0
1760955784.6195889,0,leader,manual,1.0535622835159302,0.946713387966156,-1.726208209991455,0,1,0,-1.0535622835159302,0.053286612033843994,1.726208209991455,0,0,0,0,1.0,0.0,0.0,0.0,0.0,0.0,0.0
1760955784.7201707,1,follower,manual,0.29483893513679504,0.8994209170341492,-0.786933422088623,0,1,1,-0.29483893513679504,0.10057908296585083,1.786933422088623,0,0,0,0,1.0,0.0,0.0,0.0,0.0,0.0,0.0
1760955784.822742,0,leader,manual,1.044602632522583,0.942264199256897,-1.795393943786621,0,1,0,-1.044602632522583,0.05773580074310303,1.795393943786621,0,0,0,0,1.0,0.0,0.0,0.0,0.0,0.0,0.0
1760955784.9231532,1,follower,manual,0.28240659832954407,0.8674030900001526,-0.73146653175354,0,1,1,-0.28240659832954407,0.1325969099998474,1.73146653175354,0,0,0,0,1.0,0.0,0.0,0.0,0.0,0.0,0.0
1760955785.028071,0,leader,manual,1.0442888736724854,0.9441856145858765,-1.802852749824524,0,1,0,-1.0442888736724854,0.055814385414123535,1.802852749824524,0,0,0,0,1.0,0.0,0.0,0.0,0.0,0.0,0.0
1760955785.128546,1,follower,manual,0.29483693838119507,0.876681923866272,-0.6828415393829346,0,1,1,-0.29483693838119507,0.12331807613372803,1.6828415393829346,0,0,0,0,1.0,0.0,0.0,0.0,0.0,0.0,0.0
1760955785.2652822,0,leader,manual,1.0437103509902954,0.9435909986495972,-1.795067548751831,0,1,0,-1.0437103509902954,0.05640900135040283,1.795067548751831,0,0,0,0,1.0,0.0,0.0,0.0,0.0,0.0,0.0
1760955785.3657126,1,follower,manual,0.30105775594711304,0.9082831740379333,-0.6697484850883484,0,1,1,-0.30105775594711304,0.09171682596206665,1.6697484850883484,0,0,0,0,1.0,0.0,0.0,0.0,0.0,0.0,0.0
1760955785.4717278,0,leader,manual,1.043562889099121,0.9441893100738525,-1.800747036933899,0,1,0,-1.043562889099121,0.05581068992614746,1.800747036933899,0,0,0,0,1.0,0.0,0.0,0.0,0.0,0.0,0.0
1760955785.5721207,1,follower,manual,0.29860538244247437,0.9139038920402527,-0.6668586134910583,0,1,1,-0.29860538244247437,0.08609610795974731,1.6668586134910583,0,0,0,0,1.0,0.0,0.0,0.0,0.0,0.0,0.0
1760955785.7224011,0,leader,manual,1.044533610343933,0.9472087025642395,-1.7966079711914062,0,1,0,-1.044533610343933,0.0527912974357605,1.7966079711914062,0,0,0,0,1.0,0.0,0.0,0.0,0.0,0.0,0.0
1760955785.8226852,1,follower,manual,0.30628788471221924,0.8801660537719727,-0.6647709012031555,0,1,1,-0.30628788471221924,0.11983394622802734,1.6647709012031555,0,0,0,0,1.0,0.0,0.0,0.0,0.0,0.0,0.0
1760955785.9494562,0,leader,manual,1.0445622205734253,0.9543313384056091,-1.7971419095993042,0,1,0,-1.0445622205734253,0.04566866159439087,1.7971419095993042,0,0,0,0,1.0,0.0,0.0,0.0,0.0,0.0,0.0
1760955786.0501292,1,follower,manual,0.3061293959617615,0.8976777791976929,-0.6708443760871887,0,1,1,-0.3061293959617615,0.10232222080230713,1.6708443760871887,0,0,0,0,1.0,0.0,0.0,0.0,0.0,0.0,0.0
1760955786.3104758,0,leader,manual,1.0438144207000732,0.9546949863433838,-1.79889976978302,0,1,0,-1.0438144207000732,0.04530501365661621,1.79889976978302,0,0,0,0,1.0,0.0,0.0,0.0,0.0,0.0,0.0
1760955786.4107862,1,follower,manual,0.3006049692630768,0.9035191535949707,-0.6705732941627502,0,1,1,-0.3006049692630768,0.0964808464050293,1.6705732941627502,0,0,0,0,1.0,0.0,0.0,0.0,0.0,0.0,0.0
1760955786.5379765,0,leader,manual,1.045472264289856,0.9559745192527771,-1.796217441558838,0,1,0,-1.045472264289856,0.0440254807472229,1.796217441558838,0,0,0,0,1.0,0.0,0.0,0.0,0.0,0.0,0.0
1760955786.6383746,1,follower,manual,0.3169545829296112,0.9370779991149902,-0.6642866730690002,0,1,1,-0.3169545829296112,0.06292200088500977,1.6642866730690002,0,0,0,0,1.0,0.0,0.0,0.0,0.0,0.0,0.0
1760955786.7394075,0,leader,manual,1.046801209449768,0.9553280472755432,-1.7934706211090088,0,1,0,-1.046801209449768,0.04467195272445679,1.7934706211090088,0,0,0,0,1.0,0.0,0.0,0.0,0.0,0.0,0.0
1760955786.839664,1,follower,manual,0.3506357669830322,0.9245259165763855,-0.6605314016342163,0,1,1,-0.3506357669830322,0.0754740834236145,1.6605314016342163,0,0,0,0,1.0,0.0,0.0,0.0,0.0,0.0,0.0
1760955786.9476328,0,leader,manual,1.0486841201782227,0.9536401033401489,-1.7931928634643555,0,1,0,-1.0486841201782227,0.046359896659851074,1.7931928634643555,0,0,0,0,1.0,0.0,0.0,0.0,0.0,0.0,0.0
1760955787.0480492,1,follower,manual,0.37428128719329834,0.9103050827980042,-0.6948856711387634,0,1,1,-0.37428128719329834,0.08969491720199585,1.6948856711387634,0,0,0,0,1.0,0.0,0.0,0.0,0.0,0.0,0.0
1760955787.151268,0,leader,manual,1.0491224527359009,0.9553638696670532,-1.7923160791397095,0,1,0,-1.0491224527359009,0.04463613033294678,1.7923160791397095,0,0,0,0,1.0,0.0,0.0,0.0,0.0,0.0,0.0
1760955787.2515597,1,follower,manual,0.3894883990287781,0.9051733613014221,-0.7611455917358398,0,1,1,-0.3894883990287781,0.09482663869857788,1.7611455917358398,0,0,0,0,1.0,0.0,0.0,0.0,0.0,0.0,0.0
1760955787.3559535,0,leader,manual,1.0537656545639038,0.9569425582885742,-1.8048837184906006,0,1,0,-1.0537656545639038,0.04305744171142578,1.8048837184906006,0,0,0,0,1.0,0.0,0.0,0.0,0.0,0.0,0.0
1760955787.4562755,1,follower,manual,0.39726853370666504,0.9041615128517151,-0.842725932598114,0,1,1,-0.39726853370666504,0.09583848714828491,1.842725932598114,0,0,0,0,1.0,0.0,0.0,0.0,0.0,0.0,0.0
1760955787.6302888,0,leader,manual,1.0564544200897217,0.9566118717193604,-1.7940577268600464,0,1,0,-1.0564544200897217,0.04338812828063965,1.7940577268600464,0,0,0,0,1.0,0.0,0.0,0.0,0.0,0.0,0.0
1760955787.7306826,1,follower,manual,0.394907146692276,0.8948079943656921,-0.937446117401123,0,1,1,-0.394907146692276,0.10519200563430786,1.937446117401123,0,0,0,0,1.0,0.0,0.0,0.0,0.0,0.0,0.0
1760955787.8350365,0,leader,manual,1.0643502473831177,0.956433117389679,-1.8160523176193237,0,1,0,-1.0643502473831177,0.043566882610321045,1.8160523176193237,0,0,0,0,1.0,0.0,0.0,0.0,0.0,0.0,0.0
1760955787.9355726,1,follower,manual,0.38227763772010803,0.9165416359901428,-1.079546332359314,0,1,1,-0.38227763772010803,0.08345836400985718,2.079546332359314,0,0,0,0,1.0,0.0,0.0,0.0,0.0,0.0,0.0
1760955788.0378773,0,leader,manual,1.0755118131637573,0.9514145255088806,-1.8048222064971924,0,1,0,-1.0755118131637573,0.048585474491119385,1.8048222064971924,0,0,0,0,1.0,0.0,0.0,0.0,0.0,0.0,0.0
1760955788.1382625,1,follower,manual,0.36841773986816406,0.8855466246604919,-1.2207283973693848,0,1,1,-0.36841773986816406,0.11445337533950806,2.2207283973693848,0,0,0,0,1.0,0.0,0.0,0.0,0.0,0.0,0.0
1760955788.242693,0,leader,manual,1.0590533018112183,0.9520009756088257,-1.7926809787750244,0,1,0,-1.0590533018112183,0.047999024391174316,1.7926809787750244,0,0,0,0,1.0,0.0,0.0,0.0,0.0,0.0,0.0
1760955788.3431184,1,follower,manual,0.3786574900150299,0.9123268127441406,-1.3645925521850586,0,1,1,-0.3786574900150299,0.08767318725585938,2.3645925521850586,0,0,0,0,1.0,0.0,0.0,0.0,0.0,0.0,0.0
1760955788.4466558,0,leader,manual,1.0606988668441772,0.9456843137741089,-1.7821176052093506,0,1,0,-1.0606988668441772,0.05431568622589111,1.7821176052093506,0,0,0,0,1.0,0.0,0.0,0.0,0.0,0.0,0.0
1760955788.547008,1,follower,manual,0.366210401058197,0.9215788245201111,-1.503214716911316,0,1,1,-0.366210401058197,0.07842117547988892,2.503214716911316,0,0,0,0,1.0,0.0,0.0,0.0,0.0,0.0,0.0
1760955788.6506383,0,leader,manual,1.0650646686553955,0.9424709677696228,-1.781415581703186,0,1,0,-1.0650646686553955,0.0575290322303772,1.781415581703186,0,0,0,0,1.0,0.0,0.0,0.0,0.0,0.0,0.0
1760955788.7509744,1,follower,manual,0.366210401058197,0.9215788245201111,-1.503214716911316,0,1,1,-0.366210401058197,0.07842117547988892,2.503214716911316,0,0,0,0,1.0,0.0,0.0,0.0,0.0,0.0,0.0
1760955788.9308395,0,leader,manual,0.9299533367156982,0.9865946173667908,-1.7823163270950317,0,1,0,-0.9299533367156982,0.013405382633209229,1.7823163270950317,0,0,0,0,1.0,0.0,0.0,0.0,0.0,0.0,0.0
1760955789.031186,1,follower,manual,0.366210401058197,0.9215788245201111,-1.503214716911316,0,1,1,-0.366210401058197,0.07842117547988892,2.503214716911316,0,0,0,0,1.0,0.0,0.0,0.0,0.0,0.0,0.0
1760955789.233303,0,leader,manual,1.063853144645691,0.9408429265022278,-1.7925641536712646,0,1,0,-1.063853144645691,0.05915707349777222,1.7925641536712646,0,0,0,0,1.0,0.0,0.0,0.0,0.0,0.0,0.0
1760955789.333794,1,follower,manual,0.366210401058197,0.9215788245201111,-1.503214716911316,0,1,1,-0.366210401058197,0.07842117547988892,2.503214716911316,0,0,0,0,1.0,0.0,0.0,0.0,0.0,0.0,0.0
1760955789.567477,0,leader,manual,1.0618109703063965,0.9249448776245117,-1.7474949359893799,0,1,0,-1.0618109703063965,0.07505512237548828,1.7474949359893799,0,0,0,0,1.0,0.0,0.0,0.0,0.0,0.0,0.0
1760955789.667763,1,follower,manual,0.366210401058197,0.9215788245201111,-1.503214716911316,0,1,1,-0.366210401058197,0.07842117547988892,2.503214716911316,0,0,0,0,1.0,0.0,0.0,0.0,0.0,0.0,0.0
1760955789.7729948,0,leader,manual,1.0960642099380493,0.12124285101890564,-1.4403765201568604,0,1,0,-1.0960642099380493,0.8787571489810944,1.4403765201568604,0,0,0,0,1.0,0.0,0.0,0.0,0.0,0.0,0.0
1760955789.8732526,1,follower,manual,0.366210401058197,0.9215788245201111,-1.503214716911316,0,1,1,-0.366210401058197,0.07842117547988892,2.503214716911316,0,0,0,0,1.0,0.0,0.0,0.0,0.0,0.0,0.0
1760955789.9775808,0,leader,manual,1.0740211009979248,0.04748024791479111,-1.4157875776290894,0,1,0,-1.0740211009979248,0.9525197520852089,1.4157875776290894,0,0,0,0,1.0,0.0,0.0,0.0,0.0,0.0,0.0
1760955790.0781043,1,follower,manual,0.366210401058197,0.9215788245201111,-1.503214716911316,0,1,1,-0.366210401058197,0.07842117547988892,2.503214716911316,0,0,0,0,1.0,0.0,0.0,0.0,0.0,0.0,0.0
1760955790.2077277,0,leader,manual,1.0740156173706055,0.0474780909717083,-1.4157804250717163,0,1,0,-1.0740156173706055,0.9525219090282917,1.4157804250717163,0,0,0,0,1.0,0.0,0.0,0.0,0.0,0.0,0.0
1760955790.3080246,1,follower,manual,0.366210401058197,0.9215788245201111,-1.503214716911316,0,1,1,-0.366210401058197,0.07842117547988892,2.503214716911316,0,0,0,0,1.0,0.0,0.0,0.0,0.0,0.0,0.0
1760955790.471182,0,leader,manual,1.0740134716033936,0.04745858535170555,-1.4157733917236328,0,1,0,-1.0740134716033936,0.9525414146482944,1.4157733917236328,0,0,0,0,1.0,0.0,0.0,0.0,0.0,0.0,0.0
1760955790.5715349,1,follower,manual,0.366210401058197,0.9215788245201111,-1.503214716911316,0,1,1,-0.366210401058197,0.07842117547988892,2.503214716911316,0,0,0,0,1.0,0.0,0.0,0.0,0.0,0.0,0.0
1760955790.6753793,0,leader,manual,1.0740070343017578,0.04749521613121033,-1.4157613515853882,0,1,0,-1.0740070343017578,0.9525047838687897,1.4157613515853882,0,0,0,0,1.0,0.0,0.0,0.0,0.0,0.0,0.0
1760955790.7758386,1,follower,manual,0.366210401058197,0.9215788245201111,-1.503214716911316,0,1,1,-0.366210401058197,0.07842117547988892,2.503214716911316,0,0,0,0,1.0,0.0,0.0,0.0,0.0,0.0,0.0
1760955790.8963692,0,leader,manual,1.0740256309509277,0.047489456832408905,-1.41575288772583,0,1,0,-1.0740256309509277,0.9525105431675911,1.41575288772583,0,0,0,0,1.0,0.0,0.0,0.0,0.0,0.0,0.0
1760955790.9967792,1,follower,manual,0.366210401058197,0.9215788245201111,-1.503214716911316,0,1,1,-0.366210401058197,0.07842117547988892,2.503214716911316,0,0,0,0,1.0,0.0,0.0,0.0,0.0,0.0,0.0
1760955791.1551604,0,leader,manual,1.0740054845809937,0.04749549925327301,-1.4157719612121582,0,1,0,-1.0740054845809937,0.952504500746727,1.4157719612121582,0,0,0,0,1.0,0.0,0.0,0.0,0.0,0.0,0.0
1760955791.2556822,1,follower,manual,0.366210401058197,0.9215788245201111,-1.503214716911316,0,1,1,-0.366210401058197,0.07842117547988892,2.503214716911316,0,0,0,0,1.0,0.0,0.0,0.0,0.0,0.0,0.0
1760955791.3570492,0,leader,manual,1.0740126371383667,0.04748593270778656,-1.415779709815979,0,1,0,-1.0740126371383667,0.9525140672922134,1.415779709815979,0,0,0,0,1.0,0.0,0.0,0.0,0.0,0.0,0.0
1760955791.4573388,1,follower,manual,0.366210401058197,0.9215788245201111,-1.503214716911316,0,1,1,-0.366210401058197,0.07842117547988892,2.503214716911316,0,0,0,0,1.0,0.0,0.0,0.0,0.0,0.0,0.0
1760955791.5806892,0,leader,manual,1.0740174055099487,0.04750572517514229,-1.4157536029815674,0,1,0,-1.0740174055099487,0.9524942748248577,1.4157536029815674,0,0,0,0,1.0,0.0,0.0,0.0,0.0,0.0,0.0
1760955791.6810226,1,follower,manual,0.366210401058197,0.9215788245201111,-1.503214716911316,0,1,1,-0.366210401058197,0.07842117547988892,2.503214716911316,0,0,0,0,1.0,0.0,0.0,0.0,0.0,0.0,0.0
1760955791.789566,0,leader,manual,0.6909144520759583,0.05168972164392471,0.8530437350273132,0,1,0,-0.6909144520759583,0.9483102783560753,-0.8530437350273132,0,0,0,0,1.0,0.0,0.0,0.0,0.0,0.0,0.0
1760955791.889886,1,follower,manual,0.03106580674648285,0.05766771733760834,0.8399107456207275,0,1,1,-0.03106580674648285,0.9423322826623917,0.16008925437927246,0,0,0,0,1.0,0.0,0.0,0.0,0.0,0.0,0.0
1760955792.0476592,0,leader,manual,0.6909164190292358,0.05158703401684761,0.8530115485191345,0,1,0,-0.6909164190292358,0.9484129659831524,-0.8530115485191345,0,0,0,0,1.0,0.0,0.0,0.0,0.0,0.0,0.0
1760955792.1479216,1,follower,manual,0.03105657920241356,0.05765684321522713,0.8399218320846558,0,1,1,-0.03105657920241356,0.9423431567847729,0.16007816791534424,0,0,0,0,1.0,0.0,0.0,0.0,0.0,0.0,0.0
1760955792.259705,0,leader,manual,0.6908953785896301,0.051701612770557404,0.8530452847480774,0,1,0,-0.6908953785896301,0.9482983872294426,-0.8530452847480774,0,0,0,0,1.0,0.0,0.0,0.0,0.0,0.0,0.0
1760955792.3600395,1,follower,manual,0.03104984760284424,0.057646363973617554,0.8399259448051453,0,1,1,-0.03104984760284424,0.9423536360263824,0.16007405519485474,0,0,0,0,1.0,0.0,0.0,0.0,0.0,0.0,0.0
1760955792.4755902,0,leader,manual,0.6909019351005554,0.05183470621705055,0.8530600666999817,0,1,0,-0.6909019351005554,0.9481652937829494,-0.8530600666999817,0,0,0,0,1.0,0.0,0.0,0.0,0.0,0.0,0.0
1760955792.5759351,1,follower,manual,0.031063368543982506,0.05766278877854347,0.8399094343185425,0,1,1,-0.031063368543982506,0.9423372112214565,0.16009056568145752,0,0,0,0,1.0,0.0,0.0,0.0,0.0,0.0,0.0
1760955792.6834168,0,leader,manual,0.6908930540084839,0.051735296845436096,0.8530290722846985,0,1,0,-0.6908930540084839,0.9482647031545639,-0.8530290722846985,0,0,0,0,1.0,0.0,0.0,0.0,0.0,0.0,0.0
1760955792.7839181,1,follower,manual,0.031055349856615067,0.057663220912218094,0.8399119973182678,0,1,1,-0.031055349856615067,0.9423367790877819,0.16008800268173218,0,0,0,0,1.0,0.0,0.0,0.0,0.0,0.0,0.0
1760955792.8884478,0,leader,manual,0.6908956170082092,0.05182037129998207,0.8530547618865967,0,1,0,-0.6908956170082092,0.9481796287000179,-0.8530547618865967,0,0,0,0,1.0,0.0,0.0,0.0,0.0,0.0,0.0
1760955792.9889576,1,follower,manual,0.031052201986312866,0.05765475705265999,0.8399099111557007,0,1,1,-0.031052201986312866,0.94234524294734,0.16009008884429932,0,0,0,0,1.0,0.0,0.0,0.0,0.0,0.0,0.0
1760955793.091336,0,leader,manual,0.690899133682251,0.051726244390010834,0.8530397415161133,0,1,0,-0.690899133682251,0.9482737556099892,-0.8530397415161133,0,0,0,0,1.0,0.0,0.0,0.0,0.0,0.0,0.0
1760955793.1917315,1,follower,manual,0.031054919585585594,0.05765846371650696,0.8399174809455872,0,1,1,-0.031054919585585594,0.942341536283493,0.16008251905441284,0,0,0,0,1.0,0.0,0.0,0.0,0.0,0.0,0.0
1760955793.3014638,0,leader,manual,0.6909148693084717,0.05168013647198677,0.853047251701355,0,1,0,-0.6909148693084717,0.9483198635280132,-0.853047251701355,0,0,0,0,1.0,0.0,0.0,0.0,0.0,0.0,0.0
1760955793.4017665,1,follower,manual,0.03109200857579708,0.057833846658468246,0.8400424718856812,0,1,1,-0.03109200857579708,0.9421661533415318,0.15995752811431885,0,0,0,0,1.0,0.0,0.0,0.0,0.0,0.0,0.0
1760955793.5045776,0,leader,manual,0.6908907294273376,0.05181841924786568,0.8530731797218323,0,1,0,-0.6908907294273376,0.9481815807521343,-0.8530731797218323,0,0,0,0,1.0,0.0,0.0,0.0,0.0,0.0,0.0
1760955793.6049159,1,follower,manual,0.031051337718963623,0.05765683203935623,0.8399189114570618,0,1,1,-0.031051337718963623,0.9423431679606438,0.16008108854293823,0,0,0,0,1.0,0.0,0.0,0.0,0.0,0.0,0.0
1760955793.7631536,0,leader,manual,0.6910125017166138,0.05172397568821907,0.8529728055000305,0,1,0,-0.6910125017166138,0.9482760243117809,-0.8529728055000305,0,0,0,0,1.0,0.0,0.0,0.0,0.0,0.0,0.0
1760955793.8634486,1,follower,manual,0.031062012538313866,0.057628974318504333,0.8399126529693604,0,1,1,-0.031062012538313866,0.9423710256814957,0.16008734703063965,0,0,0,0,1.0,0.0,0.0,0.0,0.0,0.0,0.0
1760955793.9659083,0,leader,manual,0.691010057926178,0.05172835662961006,0.8529791235923767,0,1,0,-0.691010057926178,0.9482716433703899,-0.8529791235923767,0,0,0,0,1.0,0.0,0.0,0.0,0.0,0.0,0.0
1760955794.0662038,1,follower,manual,0.031062288209795952,0.05764937773346901,0.8399178385734558,0,1,1,-0.031062288209795952,0.942350622266531,0.1600821614265442,0,0,0,0,1.0,0.0,0.0,0.0,0.0,0.0,0.0
1760955794.1784275,0,leader,manual,0.6910046935081482,0.05173559859395027,0.8529872298240662,0,1,0,-0.6910046935081482,0.9482644014060497,-0.8529872298240662,0,0,0,0,1.0,0.0,0.0,0.0,0.0,0.0,0.0
1760955794.2788303,1,follower,manual,0.031055912375450134,0.05764750763773918,0.8399157524108887,0,1,1,-0.031055912375450134,0.9423524923622608,0.16008424758911133,0,0,0,0,1.0,0.0,0.0,0.0,0.0,0.0,0.0
1760955794.3980572,0,leader,manual,0.6909056901931763,0.05169752985239029,0.8530497550964355,0,1,0,-0.6909056901931763,0.9483024701476097,-0.8530497550964355,0,0,0,0,1.0,0.0,0.0,0.0,0.0,0.0,0.0
1760955794.4983609,1,follower,manual,0.031061330810189247,0.057648878544569016,0.8399218916893005,0,1,1,-0.031061330810189247,0.942351121455431,0.16007810831069946,0,0,0,0,1.0,0.0,0.0,0.0,0.0,0.0,0.0
1760955794.6688254,0,leader,manual,0.690895140171051,0.05181884765625,0.8530725240707397,0,1,0,-0.690895140171051,0.94818115234375,-0.8530725240707397,0,0,0,0,1.0,0.0,0.0,0.0,0.0,0.0,0.0
1760955794.7693217,1,follower,manual,0.03105824813246727,0.05765770748257637,0.8399204611778259,0,1,1,-0.03105824813246727,0.9423422925174236,0.16007953882217407,0,0,0,0,1.0,0.0,0.0,0.0,0.0,0.0,0.0
1760955794.872862,0,leader,manual,0.6902801394462585,0.05372997745871544,0.8525015711784363,0,1,0,-0.6902801394462585,0.9462700225412846,-0.8525015711784363,0,0,0,0,1.0,0.0,0.0,0.0,0.0,0.0,0.0
1760955794.9731464,1,follower,manual,0.029518969357013702,0.05840674042701721,0.8384708166122437,0,1,1,-0.029518969357013702,0.9415932595729828,0.16152918338775635,0,0,0,0,1.0,0.0,0.0,0.0,0.0,0.0,0.0
1760955795.113821,0,leader,manual,0.6800554394721985,0.5376654267311096,0.8556743860244751,0,1,0,-0.6800554394721985,0.4623345732688904,-0.8556743860244751,0,0,0,0,1.0,0.0,0.0,0.0,0.0,0.0,0.0
1760955795.214117,1,follower,manual,0.036018069833517075,0.5202786922454834,0.8227126002311707,0,1,1,-0.036018069833517075,0.4797213077545166,0.17728739976882935,0,0,0,0,1.0,0.0,0.0,0.0,0.0,0.0,0.0
1760955795.3772068,0,leader,manual,0.6932700276374817,0.77479487657547,0.8284446001052856,0,1,0,-0.6932700276374817,0.22520512342453003,-0.8284446001052856,0,0,0,0,1.0,0.0,0.0,0.0,0.0,0.0,0.0
1760955795.4774358,1,follower,manual,0.02169620245695114,0.8024235367774963,0.7839497923851013,0,1,1,-0.02169620245695114,0.19757646322250366,0.21605020761489868,0,0,0,0,1.0,0.0,0.0,0.0,0.0,0.0,0.0
1760955795.5877728,0,leader,manual,0.7002503871917725,0.8586249351501465,0.8215076327323914,0,1,0,-0.7002503871917725,0.14137506484985352,-0.8215076327323914,0,0,0,0,1.0,0.0,0.0,0.0,0.0,0.0,0.0
1760955795.6882298,1,follower,manual,0.0018750503659248352,0.8674758672714233,0.7643067836761475,0,1,1,-0.0018750503659248352,0.13252413272857666,0.23569321632385254,0,0,0,0,1.0,0.0,0.0,0.0,0.0,0.0,0.0
1760955795.7899175,0,leader,manual,0.7117102742195129,0.8778799772262573,0.8178622126579285,0,1,0,-0.7117102742195129,0.12212002277374268,-0.8178622126579285,0,0,0,0,1.0,0.0,0.0,0.0,0.0,0.0,0.0
1760955795.8909016,1,follower,manual,-0.0046144165098667145,0.8551173806190491,0.7596882581710815,0,1,1,0.0046144165098667145,0.14488261938095093,0.24031174182891846,0,0,0,0,1.0,0.0,0.0,0.0,0.0,0.0,0.0
1760955795.9948115,0,leader,manual,0.7056152820587158,0.8753764629364014,0.8163526058197021,0,1,0,-0.7056152820587158,0.12462353706359863,-0.8163526058197021,0,0,0,0,1.0,0.0,0.0,0.0,0.0,0.0,0.0
1760955796.0952249,1,follower,manual,-0.0172151830047369,0.8355734944343567,0.7680967450141907,0,1,1,0.0172151830047369,0.1644265055656433,0.23190325498580933,0,0,0,0,1.0,0.0,0.0,0.0,0.0,0.0,0.0
1760955796.2020218,0,leader,manual,0.7067265510559082,0.8622139096260071,0.8036171197891235,0,1,0,-0.7067265510559082,0.13778609037399292,-0.8036171197891235,0,0,0,0,1.0,0.0,0.0,0.0,0.0,0.0,0.0
1760955796.3023586,1,follower,manual,-0.026165274903178215,0.8206952214241028,0.7768710255622864,0,1,1,0.026165274903178215,0.17930477857589722,0.22312897443771362,0,0,0,0,1.0,0.0,0.0,0.0,0.0,0.0,0.0
1760955796.4056914,0,leader,manual,0.6966701149940491,0.8614100217819214,0.7818143367767334,0,1,0,-0.6966701149940491,0.1385899782180786,-0.7818143367767334,0,0,0,0,1.0,0.0,0.0,0.0,0.0,0.0,0.0
1760955796.5059552,1,follower,manual,-0.042317815124988556,0.8531500697135925,0.7725152969360352,0,1,1,0.042317815124988556,0.14684993028640747,0.22748470306396484,0,0,0,0,1.0,0.0,0.0,0.0,0.0,0.0,0.0
1760955796.6097722,0,leader,manual,0.691251814365387,0.8519015908241272,0.7581260204315186,0,1,0,-0.691251814365387,0.1480984091758728,-0.7581260204315186,0,0,0,0,1.0,0.0,0.0,0.0,0.0,0.0,0.0
1760955796.7100809,1,follower,manual,-0.05072813108563423,0.8893083333969116,0.7486330270767212,0,1,1,0.05072813108563423,0.11069166660308838,0.2513669729232788,0,0,0,0,1.0,0.0,0.0,0.0,0.0,0.0,0.0
1760955796.8647628,0,leader,manual,0.6869131922721863,0.8581552505493164,0.7313258051872253,0,1,0,-0.6869131922721863,0.1418447494506836,-0.7313258051872253,0,0,0,0,1.0,0.0,0.0,0.0,0.0,0.0,0.0
1760955796.9650931,1,follower,manual,-0.06182340532541275,0.8831073045730591,0.7390636205673218,0,1,1,0.06182340532541275,0.11689269542694092,0.2609363794326782,0,0,0,0,1.0,0.0,0.0,0.0,0.0,0.0,0.0
1760955797.0727725,0,leader,manual,0.661244809627533,0.8846423029899597,0.7299262881278992,0,1,0,-0.661244809627533,0.11535769701004028,-0.7299262881278992,0,0,0,0,1.0,0.0,0.0,0.0,0.0,0.0,0.0
1760955797.1731703,1,follower,manual,-0.05663289874792099,0.865663468837738,0.7237562537193298,0,1,1,0.05663289874792099,0.13433653116226196,0.27624374628067017,0,0,0,0,1.0,0.0,0.0,0.0,0.0,0.0,0.0
1760955797.303117,0,leader,manual,0.6602153182029724,0.8561512231826782,0.724055290222168,0,1,0,-0.6602153182029724,0.14384877681732178,-0.724055290222168,0,0,0,0,1.0,0.0,0.0,0.0,0.0,0.0,0.0
1760955797.4035575,1,follower,manual,-0.07876062393188477,0.8466567993164062,0.7347050309181213,0,1,1,0.07876062393188477,0.15334320068359375,0.26529496908187866,0,0,0,0,1.0,0.0,0.0,0.0,0.0,0.0,0.0
1760955797.5796132,0,leader,manual,0.67934250831604,0.8484208583831787,0.7201759815216064,0,1,0,-0.67934250831604,0.1515791416168213,-0.7201759815216064,0,0,0,0,1.0,0.0,0.0,0.0,0.0,0.0,0.0
1760955797.6802244,1,follower,manual,-0.08829884231090546,0.8256512880325317,0.7399658560752869,0,1,1,0.08829884231090546,0.17434871196746826,0.26003414392471313,0,0,0,0,1.0,0.0,0.0,0.0,0.0,0.0,0.0
1760955797.786971,0,leader,manual,0.6892814040184021,0.8697428107261658,0.6821200847625732,0,1,0,-0.6892814040184021,0.13025718927383423,-0.6821200847625732,0,0,0,0,1.0,0.0,0.0,0.0,0.0,0.0,0.0
1760955797.8876064,1,follower,manual,-0.07451183348894119,0.844875693321228,0.7631831765174866,0,1,1,0.07451183348894119,0.15512430667877197,0.23681682348251343,0,0,0,0,1.0,0.0,0.0,0.0,0.0,0.0,0.0
1760955797.9890406,0,leader,manual,0.6865152716636658,0.8544571995735168,0.6931878924369812,0,1,0,-0.6865152716636658,0.14554280042648315,-0.6931878924369812,0,0,0,0,1.0,0.0,0.0,0.0,0.0,0.0,0.0
1760955798.0893688,1,follower,manual,-0.06421590596437454,0.845701277256012,0.7361459732055664,0,1,1,0.06421590596437454,0.15429872274398804,0.2638540267944336,0,0,0,0,1.0,0.0,0.0,0.0,0.0,0.0,0.0
1760955798.1922972,0,leader,manual,0.6856030821800232,0.8618062734603882,0.691909670829773,0,1,0,-0.6856030821800232,0.13819372653961182,-0.691909670829773,0,0,0,0,1.0,0.0,0.0,0.0,0.0,0.0,0.0
1760955798.2926197,1,follower,manual,-0.05511646717786789,0.8328503966331482,0.7121142745018005,0,1,1,0.05511646717786789,0.1671496033668518,0.28788572549819946,0,0,0,0,1.0,0.0,0.0,0.0,0.0,0.0,0.0
1760955798.415643,0,leader,manual,0.7044992446899414,0.8671108484268188,0.6823118925094604,0,1,0,-0.7044992446899414,0.13288915157318115,-0.6823118925094604,0,0,0,0,1.0,0.0,0.0,0.0,0.0,0.0,0.0
1760955798.515924,1,follower,manual,-0.0474977008998394,0.8143289685249329,0.7105922698974609,0,1,1,0.0474977008998394,0.18567103147506714,0.28940773010253906,0,0,0,0,1.0,0.0,0.0,0.0,0.0,0.0,0.0
1760955798.683189,0,leader,manual,0.7815379500389099,0.8951824903488159,0.7009935975074768,0,1,0,-0.7815379500389099,0.10481750965118408,-0.7009935975074768,0,0,0,0,1.0,0.0,0.0,0.0,0.0,0.0,0.0
1760955798.785024,1,follower,manual,-0.062133099883794785,0.8608958721160889,0.7495537400245667,0,1,1,0.062133099883794785,0.13910412788391113,0.25044625997543335,0,0,0,0,1.0,0.0,0.0,0.0,0.0,0.0,0.0
1760955798.8941267,0,leader,manual,0.8845342993736267,0.939271092414856,0.8051834106445312,0,1,0,-0.8845342993736267,0.06072890758514404,-0.8051834106445312,0,0,0,0,1.0,0.0,0.0,0.0,0.0,0.0,0.0
1760955798.994393,1,follower,manual,0.0012626394163817167,0.9327476024627686,0.8908335566520691,0,1,1,-0.0012626394163817167,0.06725239753723145,0.10916644334793091,0,0,0,0,1.0,0.0,0.0,0.0,0.0,0.0,0.0
1760955799.0985718,0,leader,manual,0.9219046831130981,0.940243661403656,0.8914471864700317,0,1,0,-0.9219046831130981,0.059756338596343994,-0.8914471864700317,0,0,0,0,1.0,0.0,0.0,0.0,0.0,0.0,0.0
1760955799.199514,1,follower,manual,0.05249767750501633,0.9257532954216003,1.0204898118972778,0,1,1,-0.05249767750501633,0.07424670457839966,-0.020489811897277832,0,0,0,0,1.0,0.0,0.0,0.0,0.0,0.0,0.0
1760955799.3163674,0,leader,manual,0.9422501921653748,0.9342322945594788,0.9280467629432678,0,1,0,-0.9422501921653748,0.06576770544052124,-0.9280467629432678,0,0,0,0,1.0,0.0,0.0,0.0,0.0,0.0,0.0
1760955799.420064,1,follower,manual,0.08268281817436218,0.9351857900619507,1.0582177639007568,0,1,1,-0.08268281817436218,0.06481420993804932,-0.058217763900756836,0,0,0,0,1.0,0.0,0.0,0.0,0.0,0.0,0.0
1760955799.576442,0,leader,manual,0.9496731758117676,0.9240436553955078,0.9043847918510437,0,1,0,-0.9496731758117676,0.07595634460449219,-0.9043847918510437,0,0,0,0,1.0,0.0,0.0,0.0,0.0,0.0,0.0
1760955799.6767647,1,follower,manual,0.05400660261511803,0.9335185885429382,1.006105899810791,0,1,1,-0.05400660261511803,0.06648141145706177,-0.006105899810791016,0,0,0,0,1.0,0.0,0.0,0.0,0.0,0.0,0.0
1760955799.8206666,0,leader,manual,0.9468589425086975,0.9254670739173889,0.8807722926139832,0,1,0,-0.9468589425086975,0.07453292608261108,-0.8807722926139832,0,0,0,0,1.0,0.0,0.0,0.0,0.0,0.0,0.0
1760955799.9211278,1,follower,manual,0.006009688600897789,0.9197542071342468,0.9638172388076782,0,1,1,-0.006009688600897789,0.08024579286575317,0.03618276119232178,0,0,0,0,1.0,0.0,0.0,0.0,0.0,0.0,0.0
1760955800.0871053,0,leader,manual,0.9587470889091492,0.9262304902076721,0.8800511956214905,0,1,0,-0.9587470889091492,0.07376950979232788,-0.8800511956214905,0,0,0,0,1.0,0.0,0.0,0.0,0.0,0.0,0.0
1760955800.1877828,1,follower,manual,0.004567801021039486,0.9368806481361389,0.9541074633598328,0,1,1,-0.004567801021039486,0.06311935186386108,0.045892536640167236,0,0,0,0,1.0,0.0,0.0,0.0,0.0,0.0,0.0
1760955800.3251705,0,leader,manual,0.9689333438873291,0.9127288460731506,0.8926580548286438,0,1,0,-0.9689333438873291,0.08727115392684937,-0.8926580548286438,0,0,0,0,1.0,0.0,0.0,0.0,0.0,0.0,0.0
1760955800.4255247,1,follower,manual,0.015283227898180485,0.9008458852767944,0.9571712613105774,0,1,1,-0.015283227898180485,0.09915411472320557,0.04282873868942261,0,0,0,0,1.0,0.0,0.0,0.0,0.0,0.0,0.0
1760955800.5962539,0,leader,manual,0.9780856966972351,0.9079442620277405,0.9035646915435791,0,1,0,-0.9780856966972351,0.09205573797225952,-0.9035646915435791,0,0,0,0,1.0,0.0,0.0,0.0,0.0,0.0,0.0
1760955800.6965425,1,follower,manual,0.01792791485786438,0.9188711643218994,0.9424609541893005,0,1,1,-0.01792791485786438,0.08112883567810059,0.05753904581069946,0,0,0,0,1.0,0.0,0.0,0.0,0.0,0.0,0.0
1760955800.7998786,0,leader,manual,0.9550983905792236,0.9112915992736816,0.9059200882911682,0,1,0,-0.9550983905792236,0.08870840072631836,-0.9059200882911682,0,0,0,0,1.0,0.0,0.0,0.0,0.0,0.0,0.0
1760955800.900294,1,follower,manual,0.01687513291835785,0.9433181881904602,0.9421800374984741,0,1,1,-0.01687513291835785,0.056681811809539795,0.05781996250152588,0,0,0,0,1.0,0.0,0.0,0.0,0.0,0.0,0.0
1760955801.0089536,0,leader,manual,0.9585810899734497,0.9198211431503296,0.8924545645713806,0,1,0,-0.9585810899734497,0.08017885684967041,-0.8924545645713806,0,0,0,0,1.0,0.0,0.0,0.0,0.0,0.0,0.0
1760955801.1093616,1,follower,manual,0.0051103513687849045,0.9794902205467224,0.9327524900436401,0,1,1,-0.0051103513687849045,0.020509779453277588,0.06724750995635986,0,0,0,0,1.0,0.0,0.0,0.0,0.0,0.0,0.0
1760955801.3013494,0,leader,manual,0.9694191813468933,0.9219368100166321,0.8500943183898926,0,1,0,-0.9694191813468933,0.07806318998336792,-0.8500943183898926,0,0,0,0,1.0,0.0,0.0,0.0,0.0,0.0,0.0
1760955801.4016006,1,follower,manual,0.03915092721581459,0.9632014036178589,0.9154385924339294,0,1,1,-0.03915092721581459,0.03679859638214111,0.08456140756607056,0,0,0,0,1.0,0.0,0.0,0.0,0.0,0.0,0.0
1760955801.5142112,0,leader,manual,0.9688716530799866,0.9178301692008972,0.7345371842384338,0,1,0,-0.9688716530799866,0.08216983079910278,-0.7345371842384338,0,0,0,0,1.0,0.0,0.0,0.0,0.0,0.0,0.0
1760955801.61452,1,follower,manual,0.06562645733356476,0.9446110725402832,0.7741639018058777,0,1,1,-0.06562645733356476,0.0553889274597168,0.22583609819412231,0,0,0,0,1.0,0.0,0.0,0.0,0.0,0.0,0.0
1760955801.7183692,0,leader,manual,0.9644224643707275,0.9253441095352173,0.602308988571167,0,1,0,-0.9644224643707275,0.07465589046478271,-0.602308988571167,0,0,0,0,1.0,0.0,0.0,0.0,0.0,0.0,0.0
1760955801.8186345,1,follower,manual,0.06303718686103821,0.9499874711036682,0.6306763291358948,0,1,1,-0.06303718686103821,0.05001252889633179,0.3693236708641052,0,0,0,0,1.0,0.0,0.0,0.0,0.0,0.0,0.0
1760955801.9274065,0,leader,manual,0.9892503023147583,0.9398330450057983,0.5046864151954651,0,1,0,-0.9892503023147583,0.06016695499420166,-0.5046864151954651,0,0,0,0,1.0,0.0,0.0,0.0,0.0,0.0,0.0
1760955802.0276847,1,follower,manual,0.0658428743481636,0.9342320561408997,0.5545439720153809,0,1,1,-0.0658428743481636,0.06576794385910034,0.44545602798461914,0,0,0,0,1.0,0.0,0.0,0.0,0.0,0.0,0.0
1760955802.1961875,0,leader,manual,1.0282341241836548,0.950976550579071,0.4800582528114319,0,1,0,-1.0282341241836548,0.049023449420928955,-0.4800582528114319,0,0,0,0,1.0,0.0,0.0,0.0,0.0,0.0,0.0
1760955802.296524,1,follower,manual,0.08481373637914658,0.9260683059692383,0.5439087748527527,0,1,1,-0.08481373637914658,0.07393169403076172,0.4560912251472473,0,0,0,0,1.0,0.0,0.0,0.0,0.0,0.0,0.0
1760955802.39929,0,leader,manual,1.0245643854141235,0.9515021443367004,0.42142924666404724,0,1,0,-1.0245643854141235,0.04849785566329956,-0.42142924666404724,0,0,0,0,1.0,0.0,0.0,0.0,0.0,0.0,0.0
1760955802.4995968,1,follower,manual,0.10443752259016037,0.9147666096687317,0.5177161693572998,0,1,1,-0.10443752259016037,0.08523339033126831,0.4822838306427002,0,0,0,0,1.0,0.0,0.0,0.0,0.0,0.0,0.0
1760955802.6028063,0,leader,manual,1.009570598602295,0.949393630027771,0.3166563808917999,0,1,0,-1.009570598602295,0.050606369972229004,-0.3166563808917999,0,0,0,0,1.0,0.0,0.0,0.0,0.0,0.0,0.0
1760955802.7033448,1,follower,manual,0.10954441875219345,0.9219629764556885,0.40869778394699097,0,1,1,-0.10954441875219345,0.07803702354431152,0.591302216053009,0,0,0,0,1.0,0.0,0.0,0.0,0.0,0.0,0.0
1760955802.8068693,0,leader,manual,1.0215446949005127,0.9473589062690735,0.24100397527217865,0,1,0,-1.0215446949005127,0.052641093730926514,-0.24100397527217865,0,0,0,0,1.0,0.0,0.0,0.0,0.0,0.0,0.0
1760955802.9072034,1,follower,manual,0.1534554809331894,0.9229422211647034,0.320368230342865,0,1,1,-0.1534554809331894,0.07705777883529663,0.679631769657135,0,0,0,0,1.0,0.0,0.0,0.0,0.0,0.0,0.0
1760955803.0111153,0,leader,manual,1.0462243556976318,0.949795126914978,0.20670633018016815,0,1,0,-1.0462243556976318,0.05020487308502197,-0.20670633018016815,0,0,0,0,1.0,0.0,0.0,0.0,0.0,0.0,0.0
1760955803.1114185,1,follower,manual,0.2183827906847,0.933026134967804,0.2877742648124695,0,1,1,-0.2183827906847,0.06697386503219604,0.7122257351875305,0,0,0,0,1.0,0.0,0.0,0.0,0.0,0.0,0.0
1760955803.2147202,0,leader,manual,1.046140432357788,0.9373961687088013,0.13957805931568146,0,1,0,-1.046140432357788,0.06260383129119873,-0.13957805931568146,0,0,0,0,1.0,0.0,0.0,0.0,0.0,0.0,0.0
1760955803.315132,1,follower,manual,0.2403794676065445,0.9292676448822021,0.21396379172801971,0,1,1,-0.2403794676065445,0.07073235511779785,0.7860362082719803,0,0,0,0,1.0,0.0,0.0,0.0,0.0,0.0,0.0
1760955803.4196324,0,leader,manual,1.0307608842849731,0.9368716478347778,0.08480839431285858,0,1,0,-1.0307608842849731,0.06312835216522217,-0.08480839431285858,0,0,0,0,1.0,0.0,0.0,0.0,0.0,0.0,0.0
1760955803.5200891,1,follower,manual,0.22640159726142883,0.9295103549957275,0.11235930770635605,0,1,1,-0.22640159726142883,0.07048964500427246,0.887640692293644,0,0,0,0,1.0,0.0,0.0,0.0,0.0,0.0,0.0
1760955803.6274424,0,leader,manual,1.0183171033859253,0.9397722482681274,0.023010149598121643,0,1,0,-1.0183171033859253,0.06022775173187256,-0.023010149598121643,0,0,0,0,1.0,0.0,0.0,0.0,0.0,0.0,0.0
1760955803.7277446,1,follower,manual,0.21849288046360016,0.9352855682373047,0.05040732026100159,0,1,1,-0.21849288046360016,0.06471443176269531,0.9495926797389984,0,0,0,0,1.0,0.0,0.0,0.0,0.0,0.0,0.0
1760955803.9035323,0,leader,manual,1.0220180749893188,0.937711775302887,-0.028643237426877022,0,1,0,-1.0220180749893188,0.06228822469711304,0.028643237426877022,0,0,0,0,1.0,0.0,0.0,0.0,0.0,0.0,0.0
1760955804.003993,1,follower,manual,0.23489633202552795,0.9198848605155945,0.05544880032539368,0,1,1,-0.23489633202552795,0.08011513948440552,0.9445511996746063,0,0,0,0,1.0,0.0,0.0,0.0,0.0,0.0,0.0
1760955804.1087332,0,leader,manual,1.0586711168289185,0.9307591915130615,-0.04780668765306473,0,1,0,-1.0586711168289185,0.06924080848693848,0.04780668765306473,0,0,0,0,1.0,0.0,0.0,0.0,0.0,0.0,0.0
1760955804.2090936,1,follower,manual,0.2663309872150421,0.9305056929588318,0.0645747110247612,0,1,1,-0.2663309872150421,0.06949430704116821,0.9354252889752388,0,0,0,0,1.0,0.0,0.0,0.0,0.0,0.0,0.0
1760955804.3112323,0,leader,manual,1.046746850013733,0.9131944179534912,-0.06655185669660568,0,1,0,-1.046746850013733,0.08680558204650879,0.06655185669660568,0,0,0,0,1.0,0.0,0.0,0.0,0.0,0.0,0.0
1760955804.4116483,1,follower,manual,0.2778751254081726,0.9387831091880798,0.08334052562713623,0,1,1,-0.2778751254081726,0.061216890811920166,0.9166594743728638,0,0,0,0,1.0,0.0,0.0,0.0,0.0,0.0,0.0
1760955804.5174868,0,leader,manual,1.030018925666809,0.9212329387664795,-0.09037016332149506,0,1,0,-1.030018925666809,0.07876706123352051,0.09037016332149506,0,0,0,0,1.0,0.0,0.0,0.0,0.0,0.0,0.0
1760955804.6178815,1,follower,manual,0.28231704235076904,0.9089088439941406,0.059240493923425674,0,1,1,-0.28231704235076904,0.09109115600585938,0.9407595060765743,0,0,0,0,1.0,0.0,0.0,0.0,0.0,0.0,0.0
1760955804.7445886,0,leader,manual,1.0279539823532104,0.9435051679611206,-0.17583416402339935,0,1,0,-1.0279539823532104,0.056494832038879395,0.17583416402339935,0,0,0,0,1.0,0.0,0.0,0.0,0.0,0.0,0.0
1760955804.8449352,1,follower,manual,0.30240195989608765,0.8806177973747253,-0.00807191338390112,0,1,1,-0.30240195989608765,0.11938220262527466,1.0080719133839011,0,0,0,0,1.0,0.0,0.0,0.0,0.0,0.0,0.0
1760955805.0295117,0,leader,manual,1.021942377090454,0.9631480574607849,-0.34895163774490356,0,1,0,-1.021942377090454,0.03685194253921509,0.34895163774490356,0,0,0,0,1.0,0.0,0.0,0.0,0.0,0.0,0.0
1760955805.1298678,1,follower,manual,0.35584792494773865,0.8778966665267944,-0.10118304193019867,0,1,1,-0.35584792494773865,0.12210333347320557,1.1011830419301987,0,0,0,0,1.0,0.0,0.0,0.0,0.0,0.0,0.0
1760955805.2428136,0,leader,manual,1.0217944383621216,0.9696728587150574,-0.5477592945098877,0,1,0,-1.0217944383621216,0.030327141284942627,0.5477592945098877,0,0,0,0,1.0,0.0,0.0,0.0,0.0,0.0,0.0
1760955805.3433952,1,follower,manual,0.3825681209564209,0.9252039194107056,-0.25825685262680054,0,1,1,-0.3825681209564209,0.07479608058929443,1.2582568526268005,0,0,0,0,1.0,0.0,0.0,0.0,0.0,0.0,0.0
1760955805.4685755,0,leader,manual,1.0519472360610962,0.9532126784324646,-0.6688690781593323,0,1,0,-1.0519472360610962,0.0467873215675354,0.6688690781593323,0,0,0,0,1.0,0.0,0.0,0.0,0.0,0.0,0.0
1760955805.5688925,1,follower,manual,0.3975924253463745,0.9412072896957397,-0.348850280046463,0,1,1,-0.3975924253463745,0.058792710304260254,1.348850280046463,0,0,0,0,1.0,0.0,0.0,0.0,0.0,0.0,0.0
1760955805.7214885,0,leader,manual,1.0380373001098633,0.9163978099822998,-0.7959845066070557,0,1,0,-1.0380373001098633,0.0836021900177002,0.7959845066070557,0,0,0,0,1.0,0.0,0.0,0.0,0.0,0.0,0.0
1760955805.8224266,1,follower,manual,0.3962859809398651,0.9196099638938904,-0.4534880518913269,0,1,1,-0.3962859809398651,0.08039003610610962,1.453488051891327,0,0,0,0,1.0,0.0,0.0,0.0,0.0,0.0,0.0
1760955805.9304764,0,leader,manual,1.006577968597412,0.9128567576408386,-0.9229496121406555,0,1,0,-1.006577968597412,0.08714324235916138,0.9229496121406555,0,0,0,0,1.0,0.0,0.0,0.0,0.0,0.0,0.0
1760955806.0308273,1,follower,manual,0.34372594952583313,0.9153410792350769,-0.5387181043624878,0,1,1,-0.34372594952583313,0.0846589207649231,1.5387181043624878,0,0,0,0,1.0,0.0,0.0,0.0,0.0,0.0,0.0
1760955806.1552517,0,leader,manual,0.9863089919090271,0.9337620139122009,-1.0542293787002563,0,1,0,-0.9863089919090271,0.06623798608779907,1.0542293787002563,0,0,0,0,1.0,0.0,0.0,0.0,0.0,0.0,0.0
1760955806.255628,1,follower,manual,0.3362981975078583,0.8945989012718201,-0.5525261163711548,0,1,1,-0.3362981975078583,0.10540109872817993,1.5525261163711548,0,0,0,0,1.0,0.0,0.0,0.0,0.0,0.0,0.0
1760955806.4055169,0,leader,manual,0.9833987355232239,0.9547528028488159,-1.1833575963974,0,1,0,-0.9833987355232239,0.04524719715118408,1.1833575963974,0,0,0,0,1.0,0.0,0.0,0.0,0.0,0.0,0.0
1760955806.5062444,1,follower,manual,0.37316152453422546,0.9085099697113037,-0.5295242667198181,0,1,1,-0.37316152453422546,0.09149003028869629,1.5295242667198181,0,0,0,0,1.0,0.0,0.0,0.0,0.0,0.0,0.0
1760955806.6185706,0,leader,manual,1.027001976966858,0.9556201696395874,-1.3590441942214966,0,1,0,-1.027001976966858,0.0443798303604126,1.3590441942214966,0,0,0,0,1.0,0.0,0.0,0.0,0.0,0.0,0.0
1760955806.718907,1,follower,manual,0.40891051292419434,0.9068666100502014,-0.5937113165855408,0,1,1,-0.40891051292419434,0.09313338994979858,1.5937113165855408,0,0,0,0,1.0,0.0,0.0,0.0,0.0,0.0,0.0
1760955806.8211038,0,leader,manual,1.0776069164276123,0.9501981735229492,-1.4779812097549438,0,1,0,-1.0776069164276123,0.04980182647705078,1.4779812097549438,0,0,0,0,1.0,0.0,0.0,0.0,0.0,0.0,0.0
1760955806.921489,1,follower,manual,0.39302200078964233,0.9129624366760254,-0.7052716612815857,0,1,1,-0.39302200078964233,0.08703756332397461,1.7052716612815857,0,0,0,0,1.0,0.0,0.0,0.0,0.0,0.0,0.0
1760955807.0258079,0,leader,manual,1.0781137943267822,0.9558351635932922,-1.577921748161316,0,1,0,-1.0781137943267822,0.044164836406707764,1.577921748161316,0,0,0,0,1.0,0.0,0.0,0.0,0.0,0.0,0.0
1760955807.1260183,1,follower,manual,0.34990575909614563,0.9099469780921936,-0.7731287479400635,0,1,1,-0.34990575909614563,0.0900530219078064,1.7731287479400635,0,0,0,0,1.0,0.0,0.0,0.0,0.0,0.0,0.0
1760955807.2564983,0,leader,manual,1.0561326742172241,0.9470575451850891,-1.7086130380630493,0,1,0,-1.0561326742172241,0.05294245481491089,1.7086130380630493,0,0,0,0,1.0,0.0,0.0,0.0,0.0,0.0,0.0
1760955807.4569156,1,follower,manual,0.29901617765426636,0.9013185501098633,-0.788506805896759,0,1,1,-0.29901617765426636,0.09868144989013672,1.788506805896759,0,0,0,0,1.0,0.0,0.0,0.0,0.0,0.0,0.0
1760955807.5676222,0,leader,manual,1.0445178747177124,0.9417852163314819,-1.7986891269683838,0,1,0,-1.0445178747177124,0.058214783668518066,1.7986891269683838,0,0,0,0,1.0,0.0,0.0,0.0,0.0,0.0,0.0
1760955807.6682355,1,follower,manual,0.2847861647605896,0.8656776547431946,-0.7162150144577026,0,1,1,-0.2847861647605896,0.13432234525680542,1.7162150144577026,0,0,0,0,1.0,0.0,0.0,0.0,0.0,0.0,0.0
1760955807.8133242,0,leader,manual,1.0449773073196411,0.9434179663658142,-1.8008184432983398,0,1,0,-1.0449773073196411,0.05658203363418579,1.8008184432983398,0,0,0,0,1.0,0.0,0.0,0.0,0.0,0.0,0.0
1760955807.9139614,1,follower,manual,0.2984761595726013,0.8849983811378479,-0.6757782101631165,0,1,1,-0.2984761595726013,0.1150016188621521,1.6757782101631165,0,0,0,0,1.0,0.0,0.0,0.0,0.0,0.0,0.0
1760955808.0188937,0,leader,manual,1.0440105199813843,0.9438847303390503,-1.7949000597000122,0,1,0,-1.0440105199813843,0.05611526966094971,1.7949000597000122,0,0,0,0,1.0,0.0,0.0,0.0,0.0,0.0,0.0
1760955808.1192646,1,follower,manual,0.3004938066005707,0.9186723232269287,-0.6682318449020386,0,1,1,-0.3004938066005707,0.08132767677307129,1.6682318449020386,0,0,0,0,1.0,0.0,0.0,0.0,0.0,0.0,0.0
1760955808.2381895,0,leader,manual,1.0433162450790405,0.9430989027023315,-1.7929894924163818,0,1,0,-1.0433162450790405,0.05690109729766846,1.7929894924163818,0,0,0,0,1.0,0.0,0.0,0.0,0.0,0.0,0.0
1760955808.3400645,1,follower,manual,0.3014117181301117,0.8990723490715027,-0.6653056144714355,0,1,1,-0.3014117181301117,0.10092765092849731,1.6653056144714355,0,0,0,0,1.0,0.0,0.0,0.0,0.0,0.0,0.0
1760955808.4424539,0,leader,manual,1.0451819896697998,0.9547027349472046,-1.8035703897476196,0,1,0,-1.0451819896697998,0.04529726505279541,1.8035703897476196,0,0,0,0,1.0,0.0,0.0,0.0,0.0,0.0,0.0
1760955808.5428731,1,follower,manual,0.3077850639820099,0.8805083632469177,-0.6675480604171753,0,1,1,-0.3077850639820099,0.11949163675308228,1.6675480604171753,0,0,0,0,1.0,0.0,0.0,0.0,0.0,0.0,0.0
1760955808.6464963,0,leader,manual,1.044566035270691,0.9545532464981079,-1.7939256429672241,0,1,0,-1.044566035270691,0.04544675350189209,1.7939256429672241,0,0,0,0,1.0,0.0,0.0,0.0,0.0,0.0,0.0
1760955808.74685,1,follower,manual,0.30643337965011597,0.8978410363197327,-0.6713654398918152,0,1,1,-0.30643337965011597,0.10215896368026733,1.6713654398918152,0,0,0,0,1.0,0.0,0.0,0.0,0.0,0.0,0.0
1760955808.8503938,0,leader,manual,1.0437997579574585,0.9544870257377625,-1.7991772890090942,0,1,0,-1.0437997579574585,0.04551297426223755,1.7991772890090942,0,0,0,0,1.0,0.0,0.0,0.0,0.0,0.0,0.0
1760955808.9508574,1,follower,manual,0.3006259799003601,0.9042161107063293,-0.6705425977706909,0,1,1,-0.3006259799003601,0.09578388929367065,1.670542597770691,0,0,0,0,1.0,0.0,0.0,0.0,0.0,0.0,0.0
1760955809.0535583,0,leader,manual,1.043599009513855,0.9535985589027405,-1.7903366088867188,0,1,0,-1.043599009513855,0.04640144109725952,1.7903366088867188,0,0,0,0,1.0,0.0,0.0,0.0,0.0,0.0,0.0
1760955809.2540486,1,follower,manual,0.30579736828804016,0.921317458152771,-0.6681904792785645,0,1,1,-0.30579736828804016,0.078682541847229,1.6681904792785645,0,0,0,0,1.0,0.0,0.0,0.0,0.0,0.0,0.0
1760955809.3649766,0,leader,manual,1.0462026596069336,0.9557543992996216,-1.791890025138855,0,1,0,-1.0462026596069336,0.04424560070037842,1.791890025138855,0,0,0,0,1.0,0.0,0.0,0.0,0.0,0.0,0.0
1760955809.3651228,1,follower,manual,0.3412761092185974,0.9322074055671692,-0.6578976511955261,0,1,1,-0.3412761092185974,0.06779259443283081,1.6578976511955261,0,0,0,0,1.0,0.0,0.0,0.0,0.0,0.0,0.0
1760955809.5465875,0,leader,manual,1.047040581703186,0.9543691873550415,-1.7956018447875977,0,1,0,-1.047040581703186,0.045630812644958496,1.7956018447875977,0,0,0,0,1.0,0.0,0.0,0.0,0.0,0.0,0.0
1760955809.6469307,1,follower,manual,0.35695406794548035,0.918877124786377,-0.6647180914878845,0,1,1,-0.35695406794548035,0.08112287521362305,1.6647180914878845,0,0,0,0,1.0,0.0,0.0,0.0,0.0,0.0,0.0
1760955809.7752657,0,leader,manual,1.048972249031067,0.9530344009399414,-1.7872090339660645,0,1,0,-1.048972249031067,0.046965599060058594,1.7872090339660645,0,0,0,0,1.0,0.0,0.0,0.0,0.0,0.0,0.0
1760955809.8755364,1,follower,manual,0.3822808861732483,0.9061944484710693,-0.7261558771133423,0,1,1,-0.3822808861732483,0.09380555152893066,1.7261558771133423,0,0,0,0,1.0,0.0,0.0,0.0,0.0,0.0,0.0
1760955810.0293455,0,leader,manual,1.05332350730896,0.9570431113243103,-1.8024500608444214,0,1,0,-1.05332350730896,0.0429568886756897,1.8024500608444214,0,0,0,0,1.0,0.0,0.0,0.0,0.0,0.0,0.0
1760955810.1295598,1,follower,manual,0.3982039988040924,0.9063344597816467,-0.8199291229248047,0,1,1,-0.3982039988040924,0.09366554021835327,1.8199291229248047,0,0,0,0,1.0,0.0,0.0,0.0,0.0,0.0,0.0
1760955810.2636383,0,leader,manual,1.0559428930282593,0.9563669562339783,-1.7939013242721558,0,1,0,-1.0559428930282593,0.04363304376602173,1.7939013242721558,0,0,0,0,1.0,0.0,0.0,0.0,0.0,0.0,0.0
1760955810.363973,1,follower,manual,0.3951345682144165,0.8946737051010132,-0.9345579743385315,0,1,1,-0.3951345682144165,0.10532629489898682,1.9345579743385315,0,0,0,0,1.0,0.0,0.0,0.0,0.0,0.0,0.0
1760955810.5377853,0,leader,manual,1.0701220035552979,0.9550148844718933,-1.8207708597183228,0,1,0,-1.0701220035552979,0.04498511552810669,1.8207708597183228,0,0,0,0,1.0,0.0,0.0,0.0,0.0,0.0,0.0
1760955810.638188,1,follower,manual,0.3840087056159973,0.9139543175697327,-1.0545969009399414,0,1,1,-0.3840087056159973,0.08604568243026733,2.0545969009399414,0,0,0,0,1.0,0.0,0.0,0.0,0.0,0.0,0.0
1760955810.8186402,0,leader,manual,1.0731712579727173,0.9519105553627014,-1.8023916482925415,0,1,0,-1.0731712579727173,0.048089444637298584,1.8023916482925415,0,0,0,0,1.0,0.0,0.0,0.0,0.0,0.0,0.0
1760955810.9190845,1,follower,manual,0.36921465396881104,0.8858470916748047,-1.236926555633545,0,1,1,-0.36921465396881104,0.11415290832519531,2.236926555633545,0,0,0,0,1.0,0.0,0.0,0.0,0.0,0.0,0.0
1760955811.0235534,0,leader,manual,1.0570553541183472,0.949195384979248,-1.7805615663528442,0,1,0,-1.0570553541183472,0.05080461502075195,1.7805615663528442,0,0,0,0,1.0,0.0,0.0,0.0,0.0,0.0,0.0
1760955811.1240535,1,follower,manual,0.37439459562301636,0.9174066185951233,-1.4453325271606445,0,1,1,-0.37439459562301636,0.08259338140487671,2.4453325271606445,0,0,0,0,1.0,0.0,0.0,0.0,0.0,0.0,0.0
1760955811.2276375,0,leader,manual,1.0608681440353394,0.9435485005378723,-1.7850362062454224,0,1,0,-1.0608681440353394,0.056451499462127686,1.7850362062454224,0,0,0,0,1.0,0.0,0.0,0.0,0.0,0.0,0.0
1760955811.3280175,1,follower,manual,0.366210401058197,0.9215788245201111,-1.503214716911316,0,1,1,-0.366210401058197,0.07842117547988892,2.503214716911316,0,0,0,0,1.0,0.0,0.0,0.0,0.0,0.0,0.0
1760955811.447767,0,leader,manual,1.0653029680252075,0.9400801658630371,-1.775708794593811,0,1,0,-1.0653029680252075,0.05991983413696289,1.775708794593811,0,0,0,0,1.0,0.0,0.0,0.0,0.0,0.0,0.0
1760955811.5482955,1,follower,manual,0.366210401058197,0.9215788245201111,-1.503214716911316,0,1,1,-0.366210401058197,0.07842117547988892,2.503214716911316,0,0,0,0,1.0,0.0,0.0,0.0,0.0,0.0,0.0
1760955811.6633072,0,leader,manual,1.0645930767059326,0.9415748715400696,-1.7859175205230713,0,1,0,-1.0645930767059326,0.05842512845993042,1.7859175205230713,0,0,0,0,1.0,0.0,0.0,0.0,0.0,0.0,0.0
1760955811.76368,1,follower,manual,0.366210401058197,0.9215788245201111,-1.503214716911316,0,1,1,-0.366210401058197,0.07842117547988892,2.503214716911316,0,0,0,0,1.0,0.0,0.0,0.0,0.0,0.0,0.0
1760955811.942074,0,leader,manual,1.060003399848938,0.9427106380462646,-1.7936174869537354,0,1,0,-1.060003399848938,0.05728936195373535,1.7936174869537354,0,0,0,0,1.0,0.0,0.0,0.0,0.0,0.0,0.0
1760955812.0424094,1,follower,manual,0.366210401058197,0.9215788245201111,-1.503214716911316,0,1,1,-0.366210401058197,0.07842117547988892,2.503214716911316,0,0,0,0,1.0,0.0,0.0,0.0,0.0,0.0,0.0
1760955812.148945,0,leader,manual,1.059156060218811,0.9104399085044861,-1.7284059524536133,0,1,0,-1.059156060218811,0.08956009149551392,1.7284059524536133,0,0,0,0,1.0,0.0,0.0,0.0,0.0,0.0,0.0
1760955812.249383,1,follower,manual,0.366210401058197,0.9215788245201111,-1.503214716911316,0,1,1,-0.366210401058197,0.07842117547988892,2.503214716911316,0,0,0,0,1.0,0.0,0.0,0.0,0.0,0.0,0.0
1760955812.3745766,0,leader,manual,1.089829444885254,0.3308873176574707,-1.5390456914901733,0,1,0,-1.089829444885254,0.6691126823425293,1.5390456914901733,0,0,0,0,1.0,0.0,0.0,0.0,0.0,0.0,0.0
1760955812.4748795,1,follower,manual,0.366210401058197,0.9215788245201111,-1.503214716911316,0,1,1,-0.366210401058197,0.07842117547988892,2.503214716911316,0,0,0,0,1.0,0.0,0.0,0.0,0.0,0.0,0.0
1760955812.6275866,0,leader,manual,1.0748193264007568,0.04826971888542175,-1.4162170886993408,0,1,0,-1.0748193264007568,0.9517302811145782,1.4162170886993408,0,0,0,0,1.0,0.0,0.0,0.0,0.0,0.0,0.0
1760955812.7279081,1,follower,manual,0.366210401058197,0.9215788245201111,-1.503214716911316,0,1,1,-0.366210401058197,0.07842117547988892,2.503214716911316,0,0,0,0,1.0,0.0,0.0,0.0,0.0,0.0,0.0
1760955812.8362029,0,leader,manual,1.073997974395752,0.04749085009098053,-1.415774941444397,0,1,0,-1.073997974395752,0.9525091499090195,1.415774941444397,0,0,0,0,1.0,0.0,0.0,0.0,0.0,0.0,0.0
1760955812.9365234,1,follower,manual,0.366210401058197,0.9215788245201111,-1.503214716911316,0,1,1,-0.366210401058197,0.07842117547988892,2.503214716911316,0,0,0,0,1.0,0.0,0.0,0.0,0.0,0.0,0.0
1760955813.0692465,0,leader,manual,1.0740150213241577,0.047476571053266525,-1.4157633781433105,0,1,0,-1.0740150213241577,0.9525234289467335,1.4157633781433105,0,0,0,0,1.0,0.0,0.0,0.0,0.0,0.0,0.0
1760955813.1702034,1,follower,manual,0.366210401058197,0.9215788245201111,-1.503214716911316,0,1,1,-0.366210401058197,0.07842117547988892,2.503214716911316,0,0,0,0,1.0,0.0,0.0,0.0,0.0,0.0,0.0
1760955813.3423617,0,leader,manual,1.0740211009979248,0.0475003682076931,-1.4157618284225464,0,1,0,-1.0740211009979248,0.9524996317923069,1.4157618284225464,0,0,0,0,1.0,0.0,0.0,0.0,0.0,0.0,0.0
1760955813.4426308,1,follower,manual,0.366210401058197,0.9215788245201111,-1.503214716911316,0,1,1,-0.366210401058197,0.07842117547988892,2.503214716911316,0,0,0,0,1.0,0.0,0.0,0.0,0.0,0.0,0.0
1760955813.5457902,0,leader,manual,1.074026346206665,0.047483623027801514,-1.4157620668411255,0,1,0,-1.074026346206665,0.9525163769721985,1.4157620668411255,0,0,0,0,1.0,0.0,0.0,0.0,0.0,0.0,0.0
1760955813.646057,1,follower,manual,0.366210401058197,0.9215788245201111,-1.503214716911316,0,1,1,-0.366210401058197,0.07842117547988892,2.503214716911316,0,0,0,0,1.0,0.0,0.0,0.0,0.0,0.0,0.0
1760955813.7512667,0,leader,manual,1.0740031003952026,0.04746485874056816,-1.4157824516296387,0,1,0,-1.0740031003952026,0.9525351412594318,1.4157824516296387,0,0,0,0,1.0,0.0,0.0,0.0,0.0,0.0,0.0
1760955813.8515813,1,follower,manual,0.366210401058197,0.9215788245201111,-1.503214716911316,0,1,1,-0.366210401058197,0.07842117547988892,2.503214716911316,0,0,0,0,1.0,0.0,0.0,0.0,0.0,0.0,0.0
1760955813.9539468,0,leader,manual,1.0740166902542114,0.04749239236116409,-1.4157516956329346,0,1,0,-1.0740166902542114,0.9525076076388359,1.4157516956329346,0,0,0,0,1.0,0.0,0.0,0.0,0.0,0.0,0.0
1760955814.0543153,1,follower,manual,0.366210401058197,0.9215788245201111,-1.503214716911316,0,1,1,-0.366210401058197,0.07842117547988892,2.503214716911316,0,0,0,0,1.0,0.0,0.0,0.0,0.0,0.0,0.0
1760955814.1583438,0,leader,manual,1.07400643825531,0.0474885068833828,-1.4157679080963135,0,1,0,-1.07400643825531,0.9525114931166172,1.4157679080963135,0,0,0,0,1.0,0.0,0.0,0.0,0.0,0.0,0.0
1760955814.258624,1,follower,manual,0.366210401058197,0.9215788245201111,-1.503214716911316,0,1,1,-0.366210401058197,0.07842117547988892,2.503214716911316,0,0,0,0,1.0,0.0,0.0,0.0,0.0,0.0,0.0
1760955814.3624804,0,leader,manual,0.6910055875778198,0.05175705626606941,0.8529778122901917,0,1,0,-0.6910055875778198,0.9482429437339306,-0.8529778122901917,0,0,0,0,1.0,0.0,0.0,0.0,0.0,0.0,0.0
1760955814.4627995,1,follower,manual,0.031060589477419853,0.05764664709568024,0.8399121761322021,0,1,1,-0.031060589477419853,0.9423533529043198,0.16008782386779785,0,0,0,0,1.0,0.0,0.0,0.0,0.0,0.0,0.0
1760955814.567275,0,leader,manual,0.6908949017524719,0.05173100531101227,0.8530498743057251,0,1,0,-0.6908949017524719,0.9482689946889877,-0.8530498743057251,0,0,0,0,1.0,0.0,0.0,0.0,0.0,0.0,0.0
1760955814.6675804,1,follower,manual,0.031067563220858574,0.057677239179611206,0.839909017086029,0,1,1,-0.031067563220858574,0.9423227608203888,0.16009098291397095,0,0,0,0,1.0,0.0,0.0,0.0,0.0,0.0,0.0
1760955814.7706378,0,leader,manual,0.6909111142158508,0.05165323242545128,0.8530365228652954,0,1,0,-0.6909111142158508,0.9483467675745487,-0.8530365228652954,0,0,0,0,1.0,0.0,0.0,0.0,0.0,0.0,0.0
1760955814.8709476,1,follower,manual,0.031058168038725853,0.05764283612370491,0.8399223685264587,0,1,1,-0.031058168038725853,0.9423571638762951,0.16007763147354126,0,0,0,0,1.0,0.0,0.0,0.0,0.0,0.0,0.0
1760955814.9766264,0,leader,manual,0.6910098791122437,0.05175795406103134,0.8529696464538574,0,1,0,-0.6910098791122437,0.9482420459389687,-0.8529696464538574,0,0,0,0,1.0,0.0,0.0,0.0,0.0,0.0,0.0
1760955815.0769854,1,follower,manual,0.031053192913532257,0.05765226483345032,0.8399242162704468,0,1,1,-0.031053192913532257,0.9423477351665497,0.16007578372955322,0,0,0,0,1.0,0.0,0.0,0.0,0.0,0.0,0.0
1760955815.1799643,0,leader,manual,0.6909000873565674,0.05181516706943512,0.8530769944190979,0,1,0,-0.6909000873565674,0.9481848329305649,-0.8530769944190979,0,0,0,0,1.0,0.0,0.0,0.0,0.0,0.0,0.0
1760955815.2803736,1,follower,manual,0.031054385006427765,0.0576518289744854,0.8399250507354736,0,1,1,-0.031054385006427765,0.9423481710255146,0.16007494926452637,0,0,0,0,1.0,0.0,0.0,0.0,0.0,0.0,0.0
1760955815.383831,0,leader,manual,0.6908925175666809,0.051809247583150864,0.8530750274658203,0,1,0,-0.6908925175666809,0.9481907524168491,-0.8530750274658203,0,0,0,0,1.0,0.0,0.0,0.0,0.0,0.0,0.0
1760955815.4840899,1,follower,manual,0.0310510266572237,0.057643696665763855,0.8399175405502319,0,1,1,-0.0310510266572237,0.9423563033342361,0.16008245944976807,0,0,0,0,1.0,0.0,0.0,0.0,0.0,0.0,0.0
1760955815.5883863,0,leader,manual,0.6910032629966736,0.05175996199250221,0.8529757261276245,0,1,0,-0.6910032629966736,0.9482400380074978,-0.8529757261276245,0,0,0,0,1.0,0.0,0.0,0.0,0.0,0.0,0.0
1760955815.688783,1,follower,manual,0.03105904720723629,0.05765211209654808,0.8399150967597961,0,1,1,-0.03105904720723629,0.9423478879034519,0.16008490324020386,0,0,0,0,1.0,0.0,0.0,0.0,0.0,0.0,0.0
1760955815.8589225,0,leader,manual,0.6908964514732361,0.051719509065151215,0.8530387282371521,0,1,0,-0.6908964514732361,0.9482804909348488,-0.8530387282371521,0,0,0,0,1.0,0.0,0.0,0.0,0.0,0.0,0.0
1760955815.9591932,1,follower,manual,0.031059904024004936,0.05765964463353157,0.8399166464805603,0,1,1,-0.031059904024004936,0.9423403553664684,0.1600833535194397,0,0,0,0,1.0,0.0,0.0,0.0,0.0,0.0,0.0
1760955816.088666,0,leader,manual,0.6909175515174866,0.051580023020505905,0.8529983758926392,0,1,0,-0.6909175515174866,0.9484199769794941,-0.8529983758926392,0,0,0,0,1.0,0.0,0.0,0.0,0.0,0.0,0.0
1760955816.1890311,1,follower,manual,0.0310555137693882,0.05766040459275246,0.8399158716201782,0,1,1,-0.0310555137693882,0.9423395954072475,0.16008412837982178,0,0,0,0,1.0,0.0,0.0,0.0,0.0,0.0,0.0
1760955816.3559327,0,leader,manual,0.6908926367759705,0.05169164016842842,0.8530469536781311,0,1,0,-0.6908926367759705,0.9483083598315716,-0.8530469536781311,0,0,0,0,1.0,0.0,0.0,0.0,0.0,0.0,0.0
1760955816.4563982,1,follower,manual,0.031052112579345703,0.05764767900109291,0.8399196267127991,0,1,1,-0.031052112579345703,0.9423523209989071,0.16008037328720093,0,0,0,0,1.0,0.0,0.0,0.0,0.0,0.0,0.0
1760955816.6821225,0,leader,manual,0.6908994317054749,0.05181743949651718,0.8530666828155518,0,1,0,-0.6908994317054749,0.9481825605034828,-0.8530666828155518,0,0,0,0,1.0,0.0,0.0,0.0,0.0,0.0,0.0
1760955816.7825747,1,follower,manual,0.031059443950653076,0.05765530839562416,0.8399125933647156,0,1,1,-0.031059443950653076,0.9423446916043758,0.16008740663528442,0,0,0,0,1.0,0.0,0.0,0.0,0.0,0.0,0.0
1760955817.0187924,0,leader,manual,0.6910048127174377,0.05175229161977768,0.8529661893844604,0,1,0,-0.6910048127174377,0.9482477083802223,-0.8529661893844604,0,0,0,0,1.0,0.0,0.0,0.0,0.0,0.0,0.0
1760955817.1191401,1,follower,manual,0.0310578141361475,0.0576523095369339,0.8399196267127991,0,1,1,-0.0310578141361475,0.9423476904630661,0.16008037328720093,0,0,0,0,1.0,0.0,0.0,0.0,0.0,0.0,0.0
1760955817.249967,0,leader,manual,0.6909012794494629,0.051814932376146317,0.8530682921409607,0,1,0,-0.6909012794494629,0.9481850676238537,-0.8530682921409607,0,0,0,0,1.0,0.0,0.0,0.0,0.0,0.0,0.0
1760955817.4505715,1,follower,manual,0.03125395625829697,0.057856809347867966,0.8391350507736206,0,1,1,-0.03125395625829697,0.942143190652132,0.1608649492263794,0,0,0,0,1.0,0.0,0.0,0.0,0.0,0.0,0.0
1760955817.7358806,0,leader,manual,0.6901324987411499,0.054855283349752426,0.8523944616317749,0,1,0,-0.6901324987411499,0.9451447166502476,-0.8523944616317749,0,0,0,0,1.0,0.0,0.0,0.0,0.0,0.0,0.0
1760955817.8364532,1,follower,manual,0.028993522748351097,0.05969163775444031,0.8398828506469727,0,1,1,-0.028993522748351097,0.9403083622455597,0.16011714935302734,0,0,0,0,1.0,0.0,0.0,0.0,0.0,0.0,0.0
1760955817.9618077,0,leader,manual,0.6905137300491333,0.759099006652832,0.8361238241195679,0,1,0,-0.6905137300491333,0.24090099334716797,-0.8361238241195679,0,0,0,0,1.0,0.0,0.0,0.0,0.0,0.0,0.0
1760955818.0621858,1,follower,manual,0.022144963964819908,0.7794491052627563,0.794740617275238,0,1,1,-0.022144963964819908,0.22055089473724365,0.20525938272476196,0,0,0,0,1.0,0.0,0.0,0.0,0.0,0.0,0.0
1760955818.1658676,0,leader,manual,0.6979773640632629,0.826307475566864,0.8215226531028748,0,1,0,-0.6979773640632629,0.173692524433136,-0.8215226531028748,0,0,0,0,1.0,0.0,0.0,0.0,0.0,0.0,0.0
1760955818.2665198,1,follower,manual,0.014363089576363564,0.849768877029419,0.7658134698867798,0,1,1,-0.014363089576363564,0.15023112297058105,0.23418653011322021,0,0,0,0,1.0,0.0,0.0,0.0,0.0,0.0,0.0
1760955818.3703454,0,leader,manual,0.706346333026886,0.877844512462616,0.8197219371795654,0,1,0,-0.706346333026886,0.12215548753738403,-0.8197219371795654,0,0,0,0,1.0,0.0,0.0,0.0,0.0,0.0,0.0
1760955818.470715,1,follower,manual,-0.002151368884369731,0.866065263748169,0.762564480304718,0,1,1,0.002151368884369731,0.13393473625183105,0.23743551969528198,0,0,0,0,1.0,0.0,0.0,0.0,0.0,0.0,0.0
1760955818.5745726,0,leader,manual,0.7096251249313354,0.8777201771736145,0.8159453868865967,0,1,0,-0.7096251249313354,0.1222798228263855,-0.8159453868865967,0,0,0,0,1.0,0.0,0.0,0.0,0.0,0.0,0.0
1760955818.6749992,1,follower,manual,-0.006112615577876568,0.8434128761291504,0.7606335282325745,0,1,1,0.006112615577876568,0.1565871238708496,0.23936647176742554,0,0,0,0,1.0,0.0,0.0,0.0,0.0,0.0,0.0
1760955818.7790148,0,leader,manual,0.7049657702445984,0.8665927052497864,0.8114922642707825,0,1,0,-0.7049657702445984,0.13340729475021362,-0.8114922642707825,0,0,0,0,1.0,0.0,0.0,0.0,0.0,0.0,0.0
1760955818.8793983,1,follower,manual,-0.024957016110420227,0.8277411460876465,0.7735946178436279,0,1,1,0.024957016110420227,0.17225885391235352,0.22640538215637207,0,0,0,0,1.0,0.0,0.0,0.0,0.0,0.0,0.0
1760955818.9874647,0,leader,manual,0.7023215293884277,0.8624847531318665,0.793753445148468,0,1,0,-0.7023215293884277,0.13751524686813354,-0.793753445148468,0,0,0,0,1.0,0.0,0.0,0.0,0.0,0.0,0.0
1760955819.0879686,1,follower,manual,-0.030902912840247154,0.8318657875061035,0.7745102047920227,0,1,1,0.030902912840247154,0.16813421249389648,0.2254897952079773,0,0,0,0,1.0,0.0,0.0,0.0,0.0,0.0,0.0
1760955819.2648454,0,leader,manual,0.6922691464424133,0.8576207756996155,0.7710488438606262,0,1,0,-0.6922691464424133,0.14237922430038452,-0.7710488438606262,0,0,0,0,1.0,0.0,0.0,0.0,0.0,0.0,0.0
1760955819.3652258,1,follower,manual,-0.05085141956806183,0.8761647343635559,0.7622334957122803,0,1,1,0.05085141956806183,0.12383526563644409,0.23776650428771973,0,0,0,0,1.0,0.0,0.0,0.0,0.0,0.0,0.0
1760955819.4717512,0,leader,manual,0.6877186298370361,0.8556931614875793,0.7338235378265381,0,1,0,-0.6877186298370361,0.14430683851242065,-0.7338235378265381,0,0,0,0,1.0,0.0,0.0,0.0,0.0,0.0,0.0
1760955819.5723011,1,follower,manual,-0.06121077761054039,0.8863838911056519,0.7400033473968506,0,1,1,0.06121077761054039,0.11361610889434814,0.2599966526031494,0,0,0,0,1.0,0.0,0.0,0.0,0.0,0.0,0.0
1760955819.6975005,0,leader,manual,0.6648442149162292,0.8811192512512207,0.7320811152458191,0,1,0,-0.6648442149162292,0.1188807487487793,-0.7320811152458191,0,0,0,0,1.0,0.0,0.0,0.0,0.0,0.0,0.0
1760955819.7980921,1,follower,manual,-0.05549437180161476,0.8626278638839722,0.7258596420288086,0,1,1,0.05549437180161476,0.13737213611602783,0.2741403579711914,0,0,0,0,1.0,0.0,0.0,0.0,0.0,0.0,0.0
1760955819.898875,0,leader,manual,0.6573848724365234,0.8661651015281677,0.7255189418792725,0,1,0,-0.6573848724365234,0.13383489847183228,-0.7255189418792725,0,0,0,0,1.0,0.0,0.0,0.0,0.0,0.0,0.0
1760955819.9992363,1,follower,manual,-0.06745641678571701,0.856166660785675,0.7339571118354797,0,1,1,0.06745641678571701,0.14383333921432495,0.26604288816452026,0,0,0,0,1.0,0.0,0.0,0.0,0.0,0.0,0.0
1760955820.1583917,0,leader,manual,0.6719362139701843,0.8432867527008057,0.7225296497344971,0,1,0,-0.6719362139701843,0.15671324729919434,-0.7225296497344971,0,0,0,0,1.0,0.0,0.0,0.0,0.0,0.0,0.0
1760955820.258706,1,follower,manual,-0.08683770149946213,0.8246325850486755,0.7342773079872131,0,1,1,0.08683770149946213,0.17536741495132446,0.26572269201278687,0,0,0,0,1.0,0.0,0.0,0.0,0.0,0.0,0.0
1760955820.389826,0,leader,manual,0.6880930066108704,0.8697852492332458,0.6915068626403809,0,1,0,-0.6880930066108704,0.13021475076675415,-0.6915068626403809,0,0,0,0,1.0,0.0,0.0,0.0,0.0,0.0,0.0
1760955820.4902852,1,follower,manual,-0.0792883113026619,0.8360081911087036,0.7563689351081848,0,1,1,0.0792883113026619,0.1639918088912964,0.24363106489181519,0,0,0,0,1.0,0.0,0.0,0.0,0.0,0.0,0.0
1760955820.5935225,0,leader,manual,0.6883267760276794,0.8608385920524597,0.6868689656257629,0,1,0,-0.6883267760276794,0.13916140794754028,-0.6868689656257629,0,0,0,0,1.0,0.0,0.0,0.0,0.0,0.0,0.0
1760955820.6937847,1,follower,manual,-0.06651236116886139,0.8445110321044922,0.7541418075561523,0,1,1,0.06651236116886139,0.1554889678955078,0.24585819244384766,0,0,0,0,1.0,0.0,0.0,0.0,0.0,0.0,0.0
1760955820.799058,0,leader,manual,0.6838767528533936,0.8584854602813721,0.6930529475212097,0,1,0,-0.6838767528533936,0.14151453971862793,-0.6930529475212097,0,0,0,0,1.0,0.0,0.0,0.0,0.0,0.0,0.0
1760955820.8993254,1,follower,manual,-0.0633416399359703,0.842339277267456,0.7174699902534485,0,1,1,0.0633416399359703,0.15766072273254395,0.2825300097465515,0,0,0,0,1.0,0.0,0.0,0.0,0.0,0.0,0.0
1760955821.001903,0,leader,manual,0.694924533367157,0.8659827709197998,0.6885324716567993,0,1,0,-0.694924533367157,0.1340172290802002,-0.6885324716567993,0,0,0,0,1.0,0.0,0.0,0.0,0.0,0.0,0.0
1760955821.1022267,1,follower,manual,-0.046186063438653946,0.8216089010238647,0.7094764113426208,0,1,1,0.046186063438653946,0.17839109897613525,0.29052358865737915,0,0,0,0,1.0,0.0,0.0,0.0,0.0,0.0,0.0
1760955821.214724,0,leader,manual,0.7406444549560547,0.8782950639724731,0.6794916391372681,0,1,0,-0.7406444549560547,0.12170493602752686,-0.6794916391372681,0,0,0,0,1.0,0.0,0.0,0.0,0.0,0.0,0.0
1760955821.315016,1,follower,manual,-0.05944276601076126,0.8212769031524658,0.7165356874465942,0,1,1,0.05944276601076126,0.17872309684753418,0.28346431255340576,0,0,0,0,1.0,0.0,0.0,0.0,0.0,0.0,0.0
1760955821.488877,0,leader,manual,0.8366297483444214,0.9229759573936462,0.7437252402305603,0,1,0,-0.8366297483444214,0.07702404260635376,-0.7437252402305603,0,0,0,0,1.0,0.0,0.0,0.0,0.0,0.0,0.0
1760955821.5893795,1,follower,manual,-0.04959532991051674,0.9130126237869263,0.8078524470329285,0,1,1,0.04959532991051674,0.08698737621307373,0.19214755296707153,0,0,0,0,1.0,0.0,0.0,0.0,0.0,0.0,0.0
1760955821.6960316,0,leader,manual,0.9099076986312866,0.940981924533844,0.8605886101722717,0,1,0,-0.9099076986312866,0.059018075466156006,-0.8605886101722717,0,0,0,0,1.0,0.0,0.0,0.0,0.0,0.0,0.0
1760955821.7969732,1,follower,manual,0.03608769178390503,0.9287175536155701,0.9740297198295593,0,1,1,-0.03608769178390503,0.07128244638442993,0.025970280170440674,0,0,0,0,1.0,0.0,0.0,0.0,0.0,0.0,0.0
1760955821.94788,0,leader,manual,0.9356327056884766,0.9365448355674744,0.9221140742301941,0,1,0,-0.9356327056884766,0.06345516443252563,-0.9221140742301941,0,0,0,0,1.0,0.0,0.0,0.0,0.0,0.0,0.0
1760955822.0483766,1,follower,manual,0.07644184678792953,0.9351768493652344,1.0566997528076172,0,1,1,-0.07644184678792953,0.06482315063476562,-0.05669975280761719,0,0,0,0,1.0,0.0,0.0,0.0,0.0,0.0,0.0
1760955822.173584,0,leader,manual,0.9493385553359985,0.9252325296401978,0.9128718972206116,0,1,0,-0.9493385553359985,0.07476747035980225,-0.9128718972206116,0,0,0,0,1.0,0.0,0.0,0.0,0.0,0.0,0.0
1760955822.2738438,1,follower,manual,0.06327207386493683,0.9292709231376648,1.0205702781677246,0,1,1,-0.06327207386493683,0.0707290768623352,-0.02057027816772461,0,0,0,0,1.0,0.0,0.0,0.0,0.0,0.0,0.0
1760955822.3831277,0,leader,manual,0.946366012096405,0.9233260750770569,0.8835522532463074,0,1,0,-0.946366012096405,0.07667392492294312,-0.8835522532463074,0,0,0,0,1.0,0.0,0.0,0.0,0.0,0.0,0.0
1760955822.483374,1,follower,manual,0.021913714706897736,0.9242315292358398,0.9747008085250854,0,1,1,-0.021913714706897736,0.07576847076416016,0.02529919147491455,0,0,0,0,1.0,0.0,0.0,0.0,0.0,0.0,0.0
1760955822.6078935,0,leader,manual,0.9517236948013306,0.9271741509437561,0.8810031414031982,0,1,0,-0.9517236948013306,0.0728258490562439,-0.8810031414031982,0,0,0,0,1.0,0.0,0.0,0.0,0.0,0.0,0.0
1760955822.7081661,1,follower,manual,-0.007352753542363644,0.9274019598960876,0.9595276117324829,0,1,1,0.007352753542363644,0.07259804010391235,0.04047238826751709,0,0,0,0,1.0,0.0,0.0,0.0,0.0,0.0,0.0
1760955822.8151777,0,leader,manual,0.9668700098991394,0.9199488759040833,0.882215678691864,0,1,0,-0.9668700098991394,0.08005112409591675,-0.882215678691864,0,0,0,0,1.0,0.0,0.0,0.0,0.0,0.0,0.0
1760955822.915543,1,follower,manual,0.014250054955482483,0.9289722442626953,0.9536275267601013,0,1,1,-0.014250054955482483,0.07102775573730469,0.04637247323989868,0,0,0,0,1.0,0.0,0.0,0.0,0.0,0.0,0.0
1760955823.0182765,0,leader,manual,0.9690503478050232,0.9121156930923462,0.8964412212371826,0,1,0,-0.9690503478050232,0.08788430690765381,-0.8964412212371826,0,0,0,0,1.0,0.0,0.0,0.0,0.0,0.0,0.0
1760955823.1186166,1,follower,manual,0.01611761562526226,0.8996738791465759,0.9552126526832581,0,1,1,-0.01611761562526226,0.10032612085342407,0.04478734731674194,0,0,0,0,1.0,0.0,0.0,0.0,0.0,0.0,0.0
1760955823.226457,0,leader,manual,0.9779098033905029,0.9074645638465881,0.9034835696220398,0,1,0,-0.9779098033905029,0.09253543615341187,-0.9034835696220398,0,0,0,0,1.0,0.0,0.0,0.0,0.0,0.0,0.0
1760955823.3266618,1,follower,manual,0.01810608245432377,0.9192550778388977,0.9421935677528381,0,1,1,-0.01810608245432377,0.0807449221611023,0.057806432247161865,0,0,0,0,1.0,0.0,0.0,0.0,0.0,0.0,0.0
1760955823.4727368,0,leader,manual,0.9595083594322205,0.9086892008781433,0.9058617353439331,0,1,0,-0.9595083594322205,0.09131079912185669,-0.9058617353439331,0,0,0,0,1.0,0.0,0.0,0.0,0.0,0.0,0.0
1760955823.5730245,1,follower,manual,0.018232813104987144,0.9368913769721985,0.942455530166626,0,1,1,-0.018232813104987144,0.06310862302780151,0.05754446983337402,0,0,0,0,1.0,0.0,0.0,0.0,0.0,0.0,0.0
1760955823.6749673,0,leader,manual,0.9590804576873779,0.920018196105957,0.8917871117591858,0,1,0,-0.9590804576873779,0.07998180389404297,-0.8917871117591858,0,0,0,0,1.0,0.0,0.0,0.0,0.0,0.0,0.0
1760955823.7752426,1,follower,manual,0.005415583029389381,0.979576826095581,0.9325741529464722,0,1,1,-0.005415583029389381,0.020423173904418945,0.06742584705352783,0,0,0,0,1.0,0.0,0.0,0.0,0.0,0.0,0.0
1760955823.8793554,0,leader,manual,0.9685510396957397,0.9219149351119995,0.8543331027030945,0,1,0,-0.9685510396957397,0.07808506488800049,-0.8543331027030945,0,0,0,0,1.0,0.0,0.0,0.0,0.0,0.0,0.0
1760955823.9796927,1,follower,manual,0.03597371280193329,0.9642679691314697,0.9173502326011658,0,1,1,-0.03597371280193329,0.03573203086853027,0.08264976739883423,0,0,0,0,1.0,0.0,0.0,0.0,0.0,0.0,0.0
1760955824.0842257,0,leader,manual,0.9722583293914795,0.9180607795715332,0.7883397936820984,0,1,0,-0.9722583293914795,0.0819392204284668,-0.7883397936820984,0,0,0,0,1.0,0.0,0.0,0.0,0.0,0.0,0.0
1760955824.1845872,1,follower,manual,0.06552489846944809,0.9432567358016968,0.8472369313240051,0,1,1,-0.06552489846944809,0.05674326419830322,0.15276306867599487,0,0,0,0,1.0,0.0,0.0,0.0,0.0,0.0,0.0
1760955824.3860745,0,leader,manual,0.9676392674446106,0.9184199571609497,0.7143325209617615,0,1,0,-0.9676392674446106,0.08158004283905029,-0.7143325209617615,0,0,0,0,1.0,0.0,0.0,0.0,0.0,0.0,0.0
1760955824.4863973,1,follower,manual,0.06569522619247437,0.9466257095336914,0.748943030834198,0,1,1,-0.06569522619247437,0.053374290466308594,0.251056969165802,0,0,0,0,1.0,0.0,0.0,0.0,0.0,0.0,0.0
1760955824.5960786,0,leader,manual,0.9857558012008667,0.938392162322998,0.5078364610671997,0,1,0,-0.9857558012008667,0.06160783767700195,-0.5078364610671997,0,0,0,0,1.0,0.0,0.0,0.0,0.0,0.0,0.0
1760955824.6964803,1,follower,manual,0.06481986492872238,0.9354979395866394,0.5561106204986572,0,1,1,-0.06481986492872238,0.0645020604133606,0.4438893795013428,0,0,0,0,1.0,0.0,0.0,0.0,0.0,0.0,0.0
1760955824.8020039,0,leader,manual,1.0276459455490112,0.9510040283203125,0.48103684186935425,0,1,0,-1.0276459455490112,0.0489959716796875,-0.48103684186935425,0,0,0,0,1.0,0.0,0.0,0.0,0.0,0.0,0.0
1760955824.9023576,1,follower,manual,0.08402392268180847,0.9254798889160156,0.5436980128288269,0,1,1,-0.08402392268180847,0.07452011108398438,0.4563019871711731,0,0,0,0,1.0,0.0,0.0,0.0,0.0,0.0,0.0
1760955825.0074394,0,leader,manual,1.02821946144104,0.9537690281867981,0.4448176622390747,0,1,0,-1.02821946144104,0.046230971813201904,-0.4448176622390747,0,0,0,0,1.0,0.0,0.0,0.0,0.0,0.0,0.0
1760955825.1078074,1,follower,manual,0.09918945282697678,0.9241096377372742,0.5378177762031555,0,1,1,-0.09918945282697678,0.07589036226272583,0.4621822237968445,0,0,0,0,1.0,0.0,0.0,0.0,0.0,0.0,0.0
1760955825.2197506,0,leader,manual,1.013606071472168,0.9500109553337097,0.3578304946422577,0,1,0,-1.013606071472168,0.04998904466629028,-0.3578304946422577,0,0,0,0,1.0,0.0,0.0,0.0,0.0,0.0,0.0
1760955825.3202317,1,follower,manual,0.10836473107337952,0.9142377376556396,0.45656272768974304,0,1,1,-0.10836473107337952,0.08576226234436035,0.543437272310257,0,0,0,0,1.0,0.0,0.0,0.0,0.0,0.0,0.0
1760955825.476752,0,leader,manual,1.009034276008606,0.9479560852050781,0.2683109939098358,0,1,0,-1.009034276008606,0.052043914794921875,-0.2683109939098358,0,0,0,0,1.0,0.0,0.0,0.0,0.0,0.0,0.0
1760955825.5771246,1,follower,manual,0.12077537178993225,0.9248525500297546,0.3500919044017792,0,1,1,-0.12077537178993225,0.07514744997024536,0.6499080955982208,0,0,0,0,1.0,0.0,0.0,0.0,0.0,0.0,0.0
1760955825.7111444,0,leader,manual,1.0454071760177612,0.950242817401886,0.20959003269672394,0,1,0,-1.0454071760177612,0.049757182598114014,-0.20959003269672394,0,0,0,0,1.0,0.0,0.0,0.0,0.0,0.0,0.0
1760955825.8124168,1,follower,manual,0.2155776172876358,0.9325775504112244,0.2897745370864868,0,1,1,-0.2155776172876358,0.06742244958877563,0.7102254629135132,0,0,0,0,1.0,0.0,0.0,0.0,0.0,0.0,0.0
1760955825.920687,0,leader,manual,1.0455873012542725,0.937120258808136,0.13571757078170776,0,1,0,-1.0455873012542725,0.06287974119186401,-0.13571757078170776,0,0,0,0,1.0,0.0,0.0,0.0,0.0,0.0,0.0
1760955826.1226664,1,follower,manual,0.24049930274486542,0.9302740693092346,0.2088620960712433,0,1,1,-0.24049930274486542,0.06972593069076538,0.7911379039287567,0,0,0,0,1.0,0.0,0.0,0.0,0.0,0.0,0.0
1760955826.243586,0,leader,manual,1.0224452018737793,0.9385079145431519,0.0477871373295784,0,1,0,-1.0224452018737793,0.061492085456848145,-0.0477871373295784,0,0,0,0,1.0,0.0,0.0,0.0,0.0,0.0,0.0
1760955826.3440576,1,follower,manual,0.2177165150642395,0.9363899827003479,0.06125779449939728,0,1,1,-0.2177165150642395,0.0636100172996521,0.9387422055006027,0,0,0,0,1.0,0.0,0.0,0.0,0.0,0.0,0.0
1760955826.609578,0,leader,manual,1.0185999870300293,0.9398870468139648,-0.017485981807112694,0,1,0,-1.0185999870300293,0.060112953186035156,0.017485981807112694,0,0,0,0,1.0,0.0,0.0,0.0,0.0,0.0,0.0
1760955826.910379,1,follower,manual,0.23058326542377472,0.9206985831260681,0.05302920937538147,0,1,1,-0.23058326542377472,0.07930141687393188,0.9469707906246185,0,0,0,0,1.0,0.0,0.0,0.0,0.0,0.0,0.0
1760955827.0178506,0,leader,manual,1.0452288389205933,0.9129067659378052,-0.06807898730039597,0,1,0,-1.0452288389205933,0.08709323406219482,0.06807898730039597,0,0,0,0,1.0,0.0,0.0,0.0,0.0,0.0,0.0
1760955827.1183715,1,follower,manual,0.27804893255233765,0.9376869797706604,0.08447568863630295,0,1,1,-0.27804893255233765,0.0623130202293396,0.915524311363697,0,0,0,0,1.0,0.0,0.0,0.0,0.0,0.0,0.0
1760955827.222656,0,leader,manual,1.0279418230056763,0.9247151017189026,-0.09877507388591766,0,1,0,-1.0279418230056763,0.07528489828109741,0.09877507388591766,0,0,0,0,1.0,0.0,0.0,0.0,0.0,0.0,0.0
1760955827.323109,1,follower,manual,0.2848372161388397,0.8979217410087585,0.04784409701824188,0,1,1,-0.2848372161388397,0.10207825899124146,0.9521559029817581,0,0,0,0,1.0,0.0,0.0,0.0,0.0,0.0,0.0
1760955827.425327,0,leader,manual,1.0284470319747925,0.9472052454948425,-0.20076648890972137,0,1,0,-1.0284470319747925,0.05279475450515747,0.20076648890972137,0,0,0,0,1.0,0.0,0.0,0.0,0.0,0.0,0.0
1760955827.5256147,1,follower,manual,0.3120628595352173,0.8805369734764099,-0.021456321701407433,0,1,1,-0.3120628595352173,0.11946302652359009,1.0214563217014074,0,0,0,0,1.0,0.0,0.0,0.0,0.0,0.0,0.0
1760955827.6331465,0,leader,manual,1.021827220916748,0.9633965492248535,-0.3506382703781128,0,1,0,-1.021827220916748,0.036603450775146484,0.3506382703781128,0,0,0,0,1.0,0.0,0.0,0.0,0.0,0.0,0.0
1760955827.7336707,1,follower,manual,0.3560769259929657,0.8778303265571594,-0.1022077351808548,0,1,1,-0.3560769259929657,0.12216967344284058,1.1022077351808548,0,0,0,0,1.0,0.0,0.0,0.0,0.0,0.0,0.0
1760955827.911747,0,leader,manual,1.015743613243103,0.9720614552497864,-0.5053783059120178,0,1,0,-1.015743613243103,0.027938544750213623,0.5053783059120178,0,0,0,0,1.0,0.0,0.0,0.0,0.0,0.0,0.0
1760955828.012131,1,follower,manual,0.3783336281776428,0.9085615277290344,-0.22596727311611176,0,1,1,-0.3783336281776428,0.09143847227096558,1.2259672731161118,0,0,0,0,1.0,0.0,0.0,0.0,0.0,0.0,0.0
1760955828.1196458,0,leader,manual,1.0529710054397583,0.9521534442901611,-0.6749621629714966,0,1,0,-1.0529710054397583,0.04784655570983887,0.6749621629714966,0,0,0,0,1.0,0.0,0.0,0.0,0.0,0.0,0.0
1760955828.2200534,1,follower,manual,0.398453027009964,0.9412791728973389,-0.352866530418396,0,1,1,-0.398453027009964,0.05872082710266113,1.352866530418396,0,0,0,0,1.0,0.0,0.0,0.0,0.0,0.0,0.0
1760955828.3252876,0,leader,manual,1.041693925857544,0.919552206993103,-0.7811701893806458,0,1,0,-1.041693925857544,0.08044779300689697,0.7811701893806458,0,0,0,0,1.0,0.0,0.0,0.0,0.0,0.0,0.0
1760955828.425608,1,follower,manual,0.3994889259338379,0.9281165599822998,-0.43719661235809326,0,1,1,-0.3994889259338379,0.0718834400177002,1.4371966123580933,0,0,0,0,1.0,0.0,0.0,0.0,0.0,0.0,0.0
1760955828.5987897,0,leader,manual,1.0126205682754517,0.9122763276100159,-0.889743983745575,0,1,0,-1.0126205682754517,0.08772367238998413,0.889743983745575,0,0,0,0,1.0,0.0,0.0,0.0,0.0,0.0,0.0
1760955828.6990426,1,follower,manual,0.3615766763687134,0.9058770537376404,-0.5272783637046814,0,1,1,-0.3615766763687134,0.09412294626235962,1.5272783637046814,0,0,0,0,1.0,0.0,0.0,0.0,0.0,0.0,0.0
1760955828.803132,0,leader,manual,0.9872940182685852,0.9320762157440186,-1.046614408493042,0,1,0,-0.9872940182685852,0.06792378425598145,1.046614408493042,0,0,0,0,1.0,0.0,0.0,0.0,0.0,0.0,0.0
1760955828.9034011,1,follower,manual,0.334840327501297,0.8953248262405396,-0.5533632040023804,0,1,1,-0.334840327501297,0.10467517375946045,1.5533632040023804,0,0,0,0,1.0,0.0,0.0,0.0,0.0,0.0,0.0
1760955829.007877,0,leader,manual,0.9819397926330566,0.9537590742111206,-1.170940637588501,0,1,0,-0.9819397926330566,0.046240925788879395,1.170940637588501,0,0,0,0,1.0,0.0,0.0,0.0,0.0,0.0,0.0
1760955829.1082144,1,follower,manual,0.36856982111930847,0.9062026739120483,-0.5311238765716553,0,1,1,-0.36856982111930847,0.09379732608795166,1.5311238765716553,0,0,0,0,1.0,0.0,0.0,0.0,0.0,0.0,0.0
1760955829.2141843,0,leader,manual,1.0082663297653198,0.9571441411972046,-1.3087188005447388,0,1,0,-1.0082663297653198,0.04285585880279541,1.3087188005447388,0,0,0,0,1.0,0.0,0.0,0.0,0.0,0.0,0.0
1760955829.314453,1,follower,manual,0.40471601486206055,0.9090746641159058,-0.5588472485542297,0,1,1,-0.40471601486206055,0.09092533588409424,1.5588472485542297,0,0,0,0,1.0,0.0,0.0,0.0,0.0,0.0,0.0
1760955829.4186041,0,leader,manual,1.059401512145996,0.9519028067588806,-1.4326462745666504,0,1,0,-1.059401512145996,0.048097193241119385,1.4326462745666504,0,0,0,0,1.0,0.0,0.0,0.0,0.0,0.0,0.0
1760955829.5189607,1,follower,manual,0.4048015773296356,0.9111292958259583,-0.6588857769966125,0,1,1,-0.4048015773296356,0.08887070417404175,1.6588857769966125,0,0,0,0,1.0,0.0,0.0,0.0,0.0,0.0,0.0
1760955829.6203856,0,leader,manual,1.0835952758789062,0.9568613767623901,-1.537169337272644,0,1,0,-1.0835952758789062,0.04313862323760986,1.537169337272644,0,0,0,0,1.0,0.0,0.0,0.0,0.0,0.0,0.0
1760955829.8208294,1,follower,manual,0.3685376048088074,0.9108526706695557,-0.7548102140426636,0,1,1,-0.3685376048088074,0.08914732933044434,1.7548102140426636,0,0,0,0,1.0,0.0,0.0,0.0,0.0,0.0,0.0
1760955829.9295053,0,leader,manual,1.05492103099823,0.9468923807144165,-1.717532753944397,0,1,0,-1.05492103099823,0.053107619285583496,1.717532753944397,0,0,0,0,1.0,0.0,0.0,0.0,0.0,0.0,0.0
1760955830.0298371,1,follower,manual,0.29650336503982544,0.9005621671676636,-0.7878473401069641,0,1,1,-0.29650336503982544,0.09943783283233643,1.7878473401069641,0,0,0,0,1.0,0.0,0.0,0.0,0.0,0.0,0.0
1760955830.1325939,0,leader,manual,1.0454797744750977,0.9422232508659363,-1.791235089302063,0,1,0,-1.0454797744750977,0.05777674913406372,1.791235089302063,0,0,0,0,1.0,0.0,0.0,0.0,0.0,0.0,0.0
1760955830.2329035,1,follower,manual,0.2801715135574341,0.8729749917984009,-0.747157633304596,0,1,1,-0.2801715135574341,0.12702500820159912,1.747157633304596,0,0,0,0,1.0,0.0,0.0,0.0,0.0,0.0,0.0
1760955830.360033,0,leader,manual,1.044920802116394,0.9446879625320435,-1.7997647523880005,0,1,0,-1.044920802116394,0.05531203746795654,1.7997647523880005,0,0,0,0,1.0,0.0,0.0,0.0,0.0,0.0,0.0
1760955830.4603822,1,follower,manual,0.2904703915119171,0.8699800372123718,-0.6944991946220398,0,1,1,-0.2904703915119171,0.13001996278762817,1.6944991946220398,0,0,0,0,1.0,0.0,0.0,0.0,0.0,0.0,0.0
1760955830.6421983,0,leader,manual,1.0437599420547485,0.9438608884811401,-1.7938854694366455,0,1,0,-1.0437599420547485,0.05613911151885986,1.7938854694366455,0,0,0,0,1.0,0.0,0.0,0.0,0.0,0.0,0.0
1760955830.742605,1,follower,manual,0.30124056339263916,0.9033350348472595,-0.670261800289154,0,1,1,-0.30124056339263916,0.09666496515274048,1.670261800289154,0,0,0,0,1.0,0.0,0.0,0.0,0.0,0.0,0.0
1760955830.8456535,0,leader,manual,1.0435539484024048,0.943629264831543,-1.7996141910552979,0,1,0,-1.0435539484024048,0.05637073516845703,1.7996141910552979,0,0,0,0,1.0,0.0,0.0,0.0,0.0,0.0,0.0
1760955830.94609,1,follower,manual,0.2992298901081085,0.9094215631484985,-0.666140615940094,0,1,1,-0.2992298901081085,0.09057843685150146,1.666140615940094,0,0,0,0,1.0,0.0,0.0,0.0,0.0,0.0,0.0
1760955831.0499995,0,leader,manual,1.0445650815963745,0.9482576847076416,-1.7977288961410522,0,1,0,-1.0445650815963745,0.0517423152923584,1.7977288961410522,0,0,0,0,1.0,0.0,0.0,0.0,0.0,0.0,0.0
1760955831.150857,1,follower,manual,0.3067798614501953,0.8793298006057739,-0.6647318601608276,0,1,1,-0.3067798614501953,0.12067019939422607,1.6647318601608276,0,0,0,0,1.0,0.0,0.0,0.0,0.0,0.0,0.0
1760955831.2745147,0,leader,manual,1.0443419218063354,0.953029215335846,-1.803221344947815,0,1,0,-1.0443419218063354,0.04697078466415405,1.803221344947815,0,0,0,0,1.0,0.0,0.0,0.0,0.0,0.0,0.0
1760955831.3749783,1,follower,manual,0.30571824312210083,0.8955978155136108,-0.6704868674278259,0,1,1,-0.30571824312210083,0.10440218448638916,1.670486867427826,0,0,0,0,1.0,0.0,0.0,0.0,0.0,0.0,0.0
1760955831.5214727,0,leader,manual,1.044045090675354,0.9547982811927795,-1.798138976097107,0,1,0,-1.044045090675354,0.04520171880722046,1.798138976097107,0,0,0,0,1.0,0.0,0.0,0.0,0.0,0.0,0.0
1760955831.6218164,1,follower,manual,0.3009345531463623,0.9021047949790955,-0.6703707575798035,0,1,1,-0.3009345531463623,0.09789520502090454,1.6703707575798035,0,0,0,0,1.0,0.0,0.0,0.0,0.0,0.0,0.0
1760955831.7296784,0,leader,manual,1.0437276363372803,0.9534361362457275,-1.7913665771484375,0,1,0,-1.0437276363372803,0.04656386375427246,1.7913665771484375,0,0,0,0,1.0,0.0,0.0,0.0,0.0,0.0,0.0
1760955831.8300319,1,follower,manual,0.3052501678466797,0.9186676144599915,-0.6685270071029663,0,1,1,-0.3052501678466797,0.08133238554000854,1.6685270071029663,0,0,0,0,1.0,0.0,0.0,0.0,0.0,0.0,0.0
1760955831.9330156,0,leader,manual,1.046113133430481,0.9560737013816833,-1.798608660697937,0,1,0,-1.046113133430481,0.04392629861831665,1.798608660697937,0,0,0,0,1.0,0.0,0.0,0.0,0.0,0.0,0.0
1760955832.03337,1,follower,manual,0.3249986469745636,0.9394165873527527,-0.6613128185272217,0,1,1,-0.3249986469745636,0.060583412647247314,1.6613128185272217,0,0,0,0,1.0,0.0,0.0,0.0,0.0,0.0,0.0
1760955832.1480198,0,leader,manual,1.0469043254852295,0.954410970211029,-1.7953598499298096,0,1,0,-1.0469043254852295,0.04558902978897095,1.7953598499298096,0,0,0,0,1.0,0.0,0.0,0.0,0.0,0.0,0.0
1760955832.2486537,1,follower,manual,0.3558679521083832,0.9200673699378967,-0.6637569069862366,0,1,1,-0.3558679521083832,0.07993263006210327,1.6637569069862366,0,0,0,0,1.0,0.0,0.0,0.0,0.0,0.0,0.0
1760955832.3523724,0,leader,manual,1.049130916595459,0.9535568356513977,-1.7907040119171143,0,1,0,-1.049130916595459,0.046443164348602295,1.7907040119171143,0,0,0,0,1.0,0.0,0.0,0.0,0.0,0.0,0.0
1760955832.4530745,1,follower,manual,0.37844663858413696,0.9089932441711426,-0.7086819410324097,0,1,1,-0.37844663858413696,0.09100675582885742,1.7086819410324097,0,0,0,0,1.0,0.0,0.0,0.0,0.0,0.0,0.0
1760955832.6301284,0,leader,manual,1.0500177145004272,0.9562044143676758,-1.7995641231536865,0,1,0,-1.0500177145004272,0.04379558563232422,1.7995641231536865,0,0,0,0,1.0,0.0,0.0,0.0,0.0,0.0,0.0
1760955832.73051,1,follower,manual,0.3924783766269684,0.904687762260437,-0.7799267768859863,0,1,1,-0.3924783766269684,0.09531223773956299,1.7799267768859863,0,0,0,0,1.0,0.0,0.0,0.0,0.0,0.0,0.0
1760955832.836152,0,leader,manual,1.054504156112671,0.9561473727226257,-1.7967978715896606,0,1,0,-1.054504156112671,0.04385262727737427,1.7967978715896606,0,0,0,0,1.0,0.0,0.0,0.0,0.0,0.0,0.0
1760955832.9365525,1,follower,manual,0.3971448540687561,0.8979114890098572,-0.8993771076202393,0,1,1,-0.3971448540687561,0.10208851099014282,1.8993771076202393,0,0,0,0,1.0,0.0,0.0,0.0,0.0,0.0,0.0
1760955833.0395544,0,leader,manual,1.0727970600128174,0.9548627138137817,-1.8140172958374023,0,1,0,-1.0727970600128174,0.04513728618621826,1.8140172958374023,0,0,0,0,1.0,0.0,0.0,0.0,0.0,0.0,0.0
1760955833.140473,1,follower,manual,0.3892045021057129,0.9061906337738037,-0.9955366253852844,0,1,1,-0.3892045021057129,0.09380936622619629,1.9955366253852844,0,0,0,0,1.0,0.0,0.0,0.0,0.0,0.0,0.0
1760955833.2461221,0,leader,manual,1.0637847185134888,0.9560701251029968,-1.8085579872131348,0,1,0,-1.0637847185134888,0.043929874897003174,1.8085579872131348,0,0,0,0,1.0,0.0,0.0,0.0,0.0,0.0,0.0
1760955833.3464117,1,follower,manual,0.37894099950790405,0.914071261882782,-1.1117804050445557,0,1,1,-0.37894099950790405,0.08592873811721802,2.1117804050445557,0,0,0,0,1.0,0.0,0.0,0.0,0.0,0.0,0.0
1760955833.5265145,0,leader,manual,1.0715745687484741,0.9515422582626343,-1.804489254951477,0,1,0,-1.0715745687484741,0.04845774173736572,1.804489254951477,0,0,0,0,1.0,0.0,0.0,0.0,0.0,0.0,0.0
1760955833.626962,1,follower,manual,0.37078189849853516,0.8874933123588562,-1.2571094036102295,0,1,1,-0.37078189849853516,0.1125066876411438,2.2571094036102295,0,0,0,0,1.0,0.0,0.0,0.0,0.0,0.0,0.0
1760955833.7302113,0,leader,manual,1.0609701871871948,0.9483931064605713,-1.7815176248550415,0,1,0,-1.0609701871871948,0.05160689353942871,1.7815176248550415,0,0,0,0,1.0,0.0,0.0,0.0,0.0,0.0,0.0
1760955833.8305352,1,follower,manual,0.3721614480018616,0.9179389476776123,-1.4666612148284912,0,1,1,-0.3721614480018616,0.0820610523223877,2.466661214828491,0,0,0,0,1.0,0.0,0.0,0.0,0.0,0.0,0.0
1760955833.9361382,0,leader,manual,1.0572209358215332,0.9451254606246948,-1.777583122253418,0,1,0,-1.0572209358215332,0.054874539375305176,1.777583122253418,0,0,0,0,1.0,0.0,0.0,0.0,0.0,0.0,0.0
1760955834.0363805,1,follower,manual,0.366210401058197,0.9215788245201111,-1.503214716911316,0,1,1,-0.366210401058197,0.07842117547988892,2.503214716911316,0,0,0,0,1.0,0.0,0.0,0.0,0.0,0.0,0.0
1760955834.1620612,0,leader,manual,1.0687922239303589,0.938351035118103,-1.7854013442993164,0,1,0,-1.0687922239303589,0.06164896488189697,1.7854013442993164,0,0,0,0,1.0,0.0,0.0,0.0,0.0,0.0,0.0
1760955834.2624106,1,follower,manual,0.366210401058197,0.9215788245201111,-1.503214716911316,0,1,1,-0.366210401058197,0.07842117547988892,2.503214716911316,0,0,0,0,1.0,0.0,0.0,0.0,0.0,0.0,0.0
1760955834.3665833,0,leader,manual,1.0699653625488281,0.939490795135498,-1.7934499979019165,0,1,0,-1.0699653625488281,0.06050920486450195,1.7934499979019165,0,0,0,0,1.0,0.0,0.0,0.0,0.0,0.0,0.0
1760955834.4669428,1,follower,manual,0.366210401058197,0.9215788245201111,-1.503214716911316,0,1,1,-0.366210401058197,0.07842117547988892,2.503214716911316,0,0,0,0,1.0,0.0,0.0,0.0,0.0,0.0,0.0
1760955834.5762556,0,leader,manual,1.0596580505371094,0.9430795311927795,-1.7950189113616943,0,1,0,-1.0596580505371094,0.05692046880722046,1.7950189113616943,0,0,0,0,1.0,0.0,0.0,0.0,0.0,0.0,0.0
1760955834.6766386,1,follower,manual,0.366210401058197,0.9215788245201111,-1.503214716911316,0,1,1,-0.366210401058197,0.07842117547988892,2.503214716911316,0,0,0,0,1.0,0.0,0.0,0.0,0.0,0.0,0.0
1760955834.8078947,0,leader,manual,1.0623316764831543,0.9355039000511169,-1.7789021730422974,0,1,0,-1.0623316764831543,0.06449609994888306,1.7789021730422974,0,0,0,0,1.0,0.0,0.0,0.0,0.0,0.0,0.0
1760955834.908226,1,follower,manual,0.366210401058197,0.9215788245201111,-1.503214716911316,0,1,1,-0.366210401058197,0.07842117547988892,2.503214716911316,0,0,0,0,1.0,0.0,0.0,0.0,0.0,0.0,0.0
1760955835.0344446,0,leader,manual,1.0893491506576538,0.388509601354599,-1.583303689956665,0,1,0,-1.0893491506576538,0.611490398645401,1.583303689956665,0,0,0,0,1.0,0.0,0.0,0.0,0.0,0.0,0.0
1760955835.1350398,1,follower,manual,0.366210401058197,0.9215788245201111,-1.503214716911316,0,1,1,-0.366210401058197,0.07842117547988892,2.503214716911316,0,0,0,0,1.0,0.0,0.0,0.0,0.0,0.0,0.0
1760955835.2401924,0,leader,manual,1.0778454542160034,0.05003916099667549,-1.4182610511779785,0,1,0,-1.0778454542160034,0.9499608390033245,1.4182610511779785,0,0,0,0,1.0,0.0,0.0,0.0,0.0,0.0,0.0
1760955835.3406599,1,follower,manual,0.366210401058197,0.9215788245201111,-1.503214716911316,0,1,1,-0.366210401058197,0.07842117547988892,2.503214716911316,0,0,0,0,1.0,0.0,0.0,0.0,0.0,0.0,0.0
1760955835.4439456,0,leader,manual,1.0740015506744385,0.04748677462339401,-1.415769338607788,0,1,0,-1.0740015506744385,0.952513225376606,1.415769338607788,0,0,0,0,1.0,0.0,0.0,0.0,0.0,0.0,0.0
1760955835.5443249,1,follower,manual,0.366210401058197,0.9215788245201111,-1.503214716911316,0,1,1,-0.366210401058197,0.07842117547988892,2.503214716911316,0,0,0,0,1.0,0.0,0.0,0.0,0.0,0.0,0.0
1760955835.6518412,0,leader,manual,1.074015498161316,0.04749072715640068,-1.415779948234558,0,1,0,-1.074015498161316,0.9525092728435993,1.415779948234558,0,0,0,0,1.0,0.0,0.0,0.0,0.0,0.0,0.0
1760955835.7521565,1,follower,manual,0.366210401058197,0.9215788245201111,-1.503214716911316,0,1,1,-0.366210401058197,0.07842117547988892,2.503214716911316,0,0,0,0,1.0,0.0,0.0,0.0,0.0,0.0,0.0
1760955835.9339423,0,leader,manual,1.0740245580673218,0.047485288232564926,-1.415767788887024,0,1,0,-1.0740245580673218,0.9525147117674351,1.415767788887024,0,0,0,0,1.0,0.0,0.0,0.0,0.0,0.0,0.0
1760955836.034421,1,follower,manual,0.366210401058197,0.9215788245201111,-1.503214716911316,0,1,1,-0.366210401058197,0.07842117547988892,2.503214716911316,0,0,0,0,1.0,0.0,0.0,0.0,0.0,0.0,0.0
1760955836.160082,0,leader,manual,1.0740141868591309,0.04750042036175728,-1.415750503540039,0,1,0,-1.0740141868591309,0.9524995796382427,1.415750503540039,0,0,0,0,1.0,0.0,0.0,0.0,0.0,0.0,0.0
1760955836.2604353,1,follower,manual,0.366210401058197,0.9215788245201111,-1.503214716911316,0,1,1,-0.366210401058197,0.07842117547988892,2.503214716911316,0,0,0,0,1.0,0.0,0.0,0.0,0.0,0.0,0.0
1760955836.364403,0,leader,manual,1.0740207433700562,0.04749304801225662,-1.4157652854919434,0,1,0,-1.0740207433700562,0.9525069519877434,1.4157652854919434,0,0,0,0,1.0,0.0,0.0,0.0,0.0,0.0,0.0
1760955836.4649012,1,follower,manual,0.366210401058197,0.9215788245201111,-1.503214716911316,0,1,1,-0.366210401058197,0.07842117547988892,2.503214716911316,0,0,0,0,1.0,0.0,0.0,0.0,0.0,0.0,0.0
1760955836.5773394,0,leader,manual,1.0740175247192383,0.04750794544816017,-1.415756106376648,0,1,0,-1.0740175247192383,0.9524920545518398,1.415756106376648,0,0,0,0,1.0,0.0,0.0,0.0,0.0,0.0,0.0
1760955836.6776035,1,follower,manual,0.366210401058197,0.9215788245201111,-1.503214716911316,0,1,1,-0.366210401058197,0.07842117547988892,2.503214716911316,0,0,0,0,1.0,0.0,0.0,0.0,0.0,0.0,0.0
1760955836.922755,0,leader,manual,1.074012279510498,0.04747690260410309,-1.4157885313034058,0,1,0,-1.074012279510498,0.9525230973958969,1.4157885313034058,0,0,0,0,1.0,0.0,0.0,0.0,0.0,0.0,0.0
1760955836.9228573,1,follower,manual,0.366210401058197,0.9215788245201111,-1.503214716911316,0,1,1,-0.366210401058197,0.07842117547988892,2.503214716911316,0,0,0,0,1.0,0.0,0.0,0.0,0.0,0.0,0.0
1760955837.160532,0,leader,manual,0.6909034252166748,0.051835913211107254,0.8530674576759338,0,1,0,-0.6909034252166748,0.9481640867888927,-0.8530674576759338,0,0,0,0,1.0,0.0,0.0,0.0,0.0,0.0,0.0
1760955837.1606836,1,follower,manual,0.03125683590769768,0.057876549661159515,0.8391321897506714,0,1,1,-0.03125683590769768,0.9421234503388405,0.1608678102493286,0,0,0,0,1.0,0.0,0.0,0.0,0.0,0.0,0.0
1760955837.3906276,0,leader,manual,0.6909103393554688,0.051602963358163834,0.8530181646347046,0,1,0,-0.6909103393554688,0.9483970366418362,-0.8530181646347046,0,0,0,0,1.0,0.0,0.0,0.0,0.0,0.0,0.0
1760955837.3907912,1,follower,manual,0.031068701297044754,0.0576869361102581,0.8399171233177185,0,1,1,-0.031068701297044754,0.9423130638897419,0.1600828766822815,0,0,0,0,1.0,0.0,0.0,0.0,0.0,0.0,0.0
1760955837.562908,0,leader,manual,0.690903902053833,0.05182284116744995,0.8530647158622742,0,1,0,-0.690903902053833,0.94817715883255,-0.8530647158622742,0,0,0,0,1.0,0.0,0.0,0.0,0.0,0.0,0.0
1760955837.562984,1,follower,manual,0.031070444732904434,0.05781819298863411,0.8400548100471497,0,1,1,-0.031070444732904434,0.9421818070113659,0.15994518995285034,0,0,0,0,1.0,0.0,0.0,0.0,0.0,0.0,0.0
1760955837.768855,0,leader,manual,0.6910107731819153,0.05174807459115982,0.8529476523399353,0,1,0,-0.6910107731819153,0.9482519254088402,-0.8529476523399353,0,0,0,0,1.0,0.0,0.0,0.0,0.0,0.0,0.0
1760955837.7689853,1,follower,manual,0.031053029000759125,0.057660456746816635,0.8399200439453125,0,1,1,-0.031053029000759125,0.9423395432531834,0.1600799560546875,0,0,0,0,1.0,0.0,0.0,0.0,0.0,0.0,0.0
1760955837.9734724,0,leader,manual,0.6909104585647583,0.051835328340530396,0.8530586957931519,0,1,0,-0.6909104585647583,0.9481646716594696,-0.8530586957931519,0,0,0,0,1.0,0.0,0.0,0.0,0.0,0.0,0.0
1760955837.973716,1,follower,manual,0.031082484871149063,0.0578228235244751,0.8400498628616333,0,1,1,-0.031082484871149063,0.9421771764755249,0.1599501371383667,0,0,0,0,1.0,0.0,0.0,0.0,0.0,0.0,0.0
1760955838.1818023,0,leader,manual,0.6909117102622986,0.05159097537398338,0.8529930710792542,0,1,0,-0.6909117102622986,0.9484090246260166,-0.8529930710792542,0,0,0,0,1.0,0.0,0.0,0.0,0.0,0.0,0.0
1760955838.1819317,1,follower,manual,0.031049393117427826,0.057661332190036774,0.8399147987365723,0,1,1,-0.031049393117427826,0.9423386678099632,0.16008520126342773,0,0,0,0,1.0,0.0,0.0,0.0,0.0,0.0,0.0
1760955838.3844254,0,leader,manual,0.6908971667289734,0.05182987079024315,0.8530622720718384,0,1,0,-0.6908971667289734,0.9481701292097569,-0.8530622720718384,0,0,0,0,1.0,0.0,0.0,0.0,0.0,0.0,0.0
1760955838.3845625,1,follower,manual,0.031246593222022057,0.057858917862176895,0.8391409516334534,0,1,1,-0.031246593222022057,0.9421410821378231,0.16085904836654663,0,0,0,0,1.0,0.0,0.0,0.0,0.0,0.0,0.0
1760955838.5894938,0,leader,manual,0.6909052729606628,0.05184035003185272,0.8530632853507996,0,1,0,-0.6909052729606628,0.9481596499681473,-0.8530632853507996,0,0,0,0,1.0,0.0,0.0,0.0,0.0,0.0,0.0
1760955838.5895808,1,follower,manual,0.03106069192290306,0.05767454579472542,0.8399169445037842,0,1,1,-0.03106069192290306,0.9423254542052746,0.16008305549621582,0,0,0,0,1.0,0.0,0.0,0.0,0.0,0.0,0.0
1760955838.7387102,0,leader,manual,0.6909024715423584,0.05180570110678673,0.8530609011650085,0,1,0,-0.6909024715423584,0.9481942988932133,-0.8530609011650085,0,0,0,0,1.0,0.0,0.0,0.0,0.0,0.0,0.0
1760955838.7389097,1,follower,manual,0.031067784875631332,0.05766016244888306,0.8399050235748291,0,1,1,-0.031067784875631332,0.9423398375511169,0.1600949764251709,0,0,0,0,1.0,0.0,0.0,0.0,0.0,0.0,0.0
1760955838.9428236,0,leader,manual,0.6909990310668945,0.051767099648714066,0.8529709577560425,0,1,0,-0.6909990310668945,0.9482329003512859,-0.8529709577560425,0,0,0,0,1.0,0.0,0.0,0.0,0.0,0.0,0.0
1760955838.9429288,1,follower,manual,0.03124711476266384,0.05788581818342209,0.8391412496566772,0,1,1,-0.03124711476266384,0.9421141818165779,0.16085875034332275,0,0,0,0,1.0,0.0,0.0,0.0,0.0,0.0,0.0
1760955839.163134,0,leader,manual,0.690909743309021,0.05180327221751213,0.8530749678611755,0,1,0,-0.690909743309021,0.9481967277824879,-0.8530749678611755,0,0,0,0,1.0,0.0,0.0,0.0,0.0,0.0,0.0
1760955839.1632237,1,follower,manual,0.031064368784427643,0.05764929577708244,0.8399172425270081,0,1,1,-0.031064368784427643,0.9423507042229176,0.16008275747299194,0,0,0,0,1.0,0.0,0.0,0.0,0.0,0.0,0.0
1760955839.3660436,0,leader,manual,0.6910112500190735,0.05173796787858009,0.8529789447784424,0,1,0,-0.6910112500190735,0.9482620321214199,-0.8529789447784424,0,0,0,0,1.0,0.0,0.0,0.0,0.0,0.0,0.0
1760955839.366137,1,follower,manual,0.03106078691780567,0.057647574692964554,0.8399150371551514,0,1,1,-0.03106078691780567,0.9423524253070354,0.16008496284484863,0,0,0,0,1.0,0.0,0.0,0.0,0.0,0.0,0.0
1760955839.5720644,0,leader,manual,0.690901517868042,0.05179756134748459,0.8530771136283875,0,1,0,-0.690901517868042,0.9482024386525154,-0.8530771136283875,0,0,0,0,1.0,0.0,0.0,0.0,0.0,0.0,0.0
1760955839.5722668,1,follower,manual,0.031054599210619926,0.057643163949251175,0.8399154543876648,0,1,1,-0.031054599210619926,0.9423568360507488,0.1600845456123352,0,0,0,0,1.0,0.0,0.0,0.0,0.0,0.0,0.0
1760955839.7593124,0,leader,manual,0.6908966898918152,0.05181577056646347,0.8530804514884949,0,1,0,-0.6908966898918152,0.9481842294335365,-0.8530804514884949,0,0,0,0,1.0,0.0,0.0,0.0,0.0,0.0,0.0
1760955839.759383,1,follower,manual,0.03105381317436695,0.05765386298298836,0.839921236038208,0,1,1,-0.03105381317436695,0.9423461370170116,0.160078763961792,0,0,0,0,1.0,0.0,0.0,0.0,0.0,0.0,0.0
1760955839.9662924,0,leader,manual,0.6909014582633972,0.05170271173119545,0.853043258190155,0,1,0,-0.6909014582633972,0.9482972882688046,-0.853043258190155,0,0,0,0,1.0,0.0,0.0,0.0,0.0,0.0,0.0
1760955839.9664974,1,follower,manual,0.031055135652422905,0.05765571817755699,0.839918315410614,0,1,1,-0.031055135652422905,0.942344281822443,0.160081684589386,0,0,0,0,1.0,0.0,0.0,0.0,0.0,0.0,0.0
1760955840.1849408,0,leader,manual,0.6909006237983704,0.051806457340717316,0.853076159954071,0,1,0,-0.6909006237983704,0.9481935426592827,-0.853076159954071,0,0,0,0,1.0,0.0,0.0,0.0,0.0,0.0,0.0
1760955840.1851807,1,follower,manual,0.031053991988301277,0.05764291062951088,0.8399220705032349,0,1,1,-0.031053991988301277,0.9423570893704891,0.16007792949676514,0,0,0,0,1.0,0.0,0.0,0.0,0.0,0.0,0.0
1760955840.3868604,0,leader,manual,0.6845546364784241,0.11988160759210587,0.8518238067626953,0,1,0,-0.6845546364784241,0.8801183924078941,-0.8518238067626953,0,0,0,0,1.0,0.0,0.0,0.0,0.0,0.0,0.0
1760955840.3870122,1,follower,manual,0.02984444610774517,0.11579714715480804,0.8374830484390259,0,1,1,-0.02984444610774517,0.884202852845192,0.16251695156097412,0,0,0,0,1.0,0.0,0.0,0.0,0.0,0.0,0.0
1760955840.590408,0,leader,manual,0.6833977103233337,0.6501917839050293,0.8526868224143982,0,1,0,-0.6833977103233337,0.3498082160949707,-0.8526868224143982,0,0,0,0,1.0,0.0,0.0,0.0,0.0,0.0,0.0
1760955840.5905159,1,follower,manual,0.03095431625843048,0.6419227123260498,0.8157361745834351,0,1,1,-0.03095431625843048,0.3580772876739502,0.18426382541656494,0,0,0,0,1.0,0.0,0.0,0.0,0.0,0.0,0.0
1760955840.7715695,0,leader,manual,0.6940058469772339,0.7786718606948853,0.8266854286193848,0,1,0,-0.6940058469772339,0.22132813930511475,-0.8266854286193848,0,0,0,0,1.0,0.0,0.0,0.0,0.0,0.0,0.0
1760955840.771723,1,follower,manual,0.02235952392220497,0.8075813055038452,0.781076967716217,0,1,1,-0.02235952392220497,0.19241869449615479,0.21892303228378296,0,0,0,0,1.0,0.0,0.0,0.0,0.0,0.0,0.0
1760955840.8827405,0,leader,manual,0.6984232664108276,0.8363255858421326,0.8216565251350403,0,1,0,-0.6984232664108276,0.16367441415786743,-0.8216565251350403,0,0,0,0,1.0,0.0,0.0,0.0,0.0,0.0,0.0
1760955840.9831393,1,follower,manual,0.010858428664505482,0.8569085597991943,0.7655952572822571,0,1,1,-0.010858428664505482,0.14309144020080566,0.23440474271774292,0,0,0,0,1.0,0.0,0.0,0.0,0.0,0.0,0.0
1760955841.1528761,0,leader,manual,0.7090422511100769,0.8797222375869751,0.8188707828521729,0,1,0,-0.7090422511100769,0.1202777624130249,-0.8188707828521729,0,0,0,0,1.0,0.0,0.0,0.0,0.0,0.0,0.0
1760955841.2532613,1,follower,manual,-0.0028099478222429752,0.8627668023109436,0.7626426219940186,0,1,1,0.0028099478222429752,0.1372331976890564,0.23735737800598145,0,0,0,0,1.0,0.0,0.0,0.0,0.0,0.0,0.0
1760955841.3571262,0,leader,manual,0.7055213451385498,0.8752102255821228,0.8162993788719177,0,1,0,-0.7055213451385498,0.1247897744178772,-0.8162993788719177,0,0,0,0,1.0,0.0,0.0,0.0,0.0,0.0,0.0
1760955841.4575365,1,follower,manual,-0.017743447795510292,0.8353698253631592,0.7681573629379272,0,1,1,0.017743447795510292,0.16463017463684082,0.23184263706207275,0,0,0,0,1.0,0.0,0.0,0.0,0.0,0.0,0.0
1760955841.5607822,0,leader,manual,0.7066301107406616,0.8620827198028564,0.8029365539550781,0,1,0,-0.7066301107406616,0.13791728019714355,-0.8029365539550781,0,0,0,0,1.0,0.0,0.0,0.0,0.0,0.0,0.0
1760955841.66117,1,follower,manual,-0.02647322043776512,0.8211117386817932,0.7769665718078613,0,1,1,0.02647322043776512,0.1788882613182068,0.22303342819213867,0,0,0,0,1.0,0.0,0.0,0.0,0.0,0.0,0.0
1760955841.7651196,0,leader,manual,0.6966701149940491,0.8614100217819214,0.7818143367767334,0,1,0,-0.6966701149940491,0.1385899782180786,-0.7818143367767334,0,0,0,0,1.0,0.0,0.0,0.0,0.0,0.0,0.0
1760955841.865473,1,follower,manual,-0.042317815124988556,0.8531500697135925,0.7725152969360352,0,1,1,0.042317815124988556,0.14684993028640747,0.22748470306396484,0,0,0,0,1.0,0.0,0.0,0.0,0.0,0.0,0.0
1760955841.9692929,0,leader,manual,0.691251814365387,0.8519015908241272,0.7581260204315186,0,1,0,-0.691251814365387,0.1480984091758728,-0.7581260204315186,0,0,0,0,1.0,0.0,0.0,0.0,0.0,0.0,0.0
1760955842.0696266,1,follower,manual,-0.05072813108563423,0.8893083333969116,0.7486330270767212,0,1,1,0.05072813108563423,0.11069166660308838,0.2513669729232788,0,0,0,0,1.0,0.0,0.0,0.0,0.0,0.0,0.0
1760955842.1761873,0,leader,manual,0.6869131922721863,0.8581552505493164,0.7313258051872253,0,1,0,-0.6869131922721863,0.1418447494506836,-0.7313258051872253,0,0,0,0,1.0,0.0,0.0,0.0,0.0,0.0,0.0
1760955842.2765515,1,follower,manual,-0.06182340532541275,0.8831073045730591,0.7390636205673218,0,1,1,0.06182340532541275,0.11689269542694092,0.2609363794326782,0,0,0,0,1.0,0.0,0.0,0.0,0.0,0.0,0.0
1760955842.4594848,0,leader,manual,0.663611114025116,0.8829209804534912,0.7312923669815063,0,1,0,-0.663611114025116,0.11707901954650879,-0.7312923669815063,0,0,0,0,1.0,0.0,0.0,0.0,0.0,0.0,0.0
1760955842.5600734,1,follower,manual,-0.0550309419631958,0.863551139831543,0.7247639894485474,0,1,1,0.0550309419631958,0.13644886016845703,0.27523601055145264,0,0,0,0,1.0,0.0,0.0,0.0,0.0,0.0,0.0
1760955842.6651702,0,leader,manual,0.6619819402694702,0.8506669402122498,0.7231887578964233,0,1,0,-0.6619819402694702,0.14933305978775024,-0.7231887578964233,0,0,0,0,1.0,0.0,0.0,0.0,0.0,0.0,0.0
1760955842.765486,1,follower,manual,-0.08329299092292786,0.8412758708000183,0.7339251041412354,0,1,1,0.08329299092292786,0.1587241291999817,0.26607489585876465,0,0,0,0,1.0,0.0,0.0,0.0,0.0,0.0,0.0
1760955842.8731084,0,leader,manual,0.6788023114204407,0.8477203845977783,0.7205833196640015,0,1,0,-0.6788023114204407,0.15227961540222168,-0.7205833196640015,0,0,0,0,1.0,0.0,0.0,0.0,0.0,0.0,0.0
1760955842.9738164,1,follower,manual,-0.08827211707830429,0.8252995610237122,0.7395510673522949,0,1,1,0.08827211707830429,0.17470043897628784,0.2604489326477051,0,0,0,0,1.0,0.0,0.0,0.0,0.0,0.0,0.0
1760955843.0946493,0,leader,manual,0.6888549327850342,0.8712761998176575,0.6864389181137085,0,1,0,-0.6888549327850342,0.12872380018234253,-0.6864389181137085,0,0,0,0,1.0,0.0,0.0,0.0,0.0,0.0,0.0
1760955843.194863,1,follower,manual,-0.07804861664772034,0.839313805103302,0.7593672275543213,0,1,1,0.07804861664772034,0.160686194896698,0.2406327724456787,0,0,0,0,1.0,0.0,0.0,0.0,0.0,0.0,0.0
1760955843.3831184,0,leader,manual,0.6876775026321411,0.8567706346511841,0.6892402768135071,0,1,0,-0.6876775026321411,0.14322936534881592,-0.6892402768135071,0,0,0,0,1.0,0.0,0.0,0.0,0.0,0.0,0.0
1760955843.4840078,1,follower,manual,-0.06514258682727814,0.8436735272407532,0.7474104762077332,0,1,1,0.06514258682727814,0.15632647275924683,0.25258952379226685,0,0,0,0,1.0,0.0,0.0,0.0,0.0,0.0,0.0
1760955843.5845296,0,leader,manual,0.687705934047699,0.8635221123695374,0.6916259527206421,0,1,0,-0.687705934047699,0.13647788763046265,-0.6916259527206421,0,0,0,0,1.0,0.0,0.0,0.0,0.0,0.0,0.0
1760955843.5847545,1,follower,manual,-0.05102313682436943,0.8288575410842896,0.7092835903167725,0,1,1,0.05102313682436943,0.17114245891571045,0.29071640968322754,0,0,0,0,1.0,0.0,0.0,0.0,0.0,0.0,0.0
1760955843.7886026,0,leader,manual,0.6967085599899292,0.8661881685256958,0.6873530149459839,0,1,0,-0.6967085599899292,0.1338118314743042,-0.6873530149459839,0,0,0,0,1.0,0.0,0.0,0.0,0.0,0.0,0.0
1760955843.7887876,1,follower,manual,-0.04573923721909523,0.820152997970581,0.7105743885040283,0,1,1,0.04573923721909523,0.17984700202941895,0.2894256114959717,0,0,0,0,1.0,0.0,0.0,0.0,0.0,0.0,0.0
1760955843.9928029,0,leader,manual,0.7460997700691223,0.8802450895309448,0.6816641688346863,0,1,0,-0.7460997700691223,0.11975491046905518,-0.6816641688346863,0,0,0,0,1.0,0.0,0.0,0.0,0.0,0.0,0.0
1760955843.992934,1,follower,manual,-0.060254547744989395,0.8249036073684692,0.7196421027183533,0,1,1,0.060254547744989395,0.17509639263153076,0.28035789728164673,0,0,0,0,1.0,0.0,0.0,0.0,0.0,0.0,0.0
1760955844.201576,0,leader,manual,0.8357786536216736,0.9225828051567078,0.7429090738296509,0,1,0,-0.8357786536216736,0.07741719484329224,-0.7429090738296509,0,0,0,0,1.0,0.0,0.0,0.0,0.0,0.0,0.0
1760955844.201692,1,follower,manual,-0.05014874041080475,0.9122305512428284,0.8067616820335388,0,1,1,0.05014874041080475,0.08776944875717163,0.19323831796646118,0,0,0,0,1.0,0.0,0.0,0.0,0.0,0.0,0.0
1760955844.402911,0,leader,manual,0.893174409866333,0.9405369162559509,0.8214799761772156,0,1,0,-0.893174409866333,0.05946308374404907,-0.8214799761772156,0,0,0,0,1.0,0.0,0.0,0.0,0.0,0.0,0.0
1760955844.5032272,1,follower,manual,0.01293943915516138,0.9317076206207275,0.9153752326965332,0,1,1,-0.01293943915516138,0.06829237937927246,0.0846247673034668,0,0,0,0,1.0,0.0,0.0,0.0,0.0,0.0,0.0
1760955844.6058903,0,leader,manual,0.937788188457489,0.9360597729682922,0.9248761534690857,0,1,0,-0.937788188457489,0.06394022703170776,-0.9248761534690857,0,0,0,0,1.0,0.0,0.0,0.0,0.0,0.0,0.0
1760955844.7062764,1,follower,manual,0.07903933525085449,0.9367181658744812,1.0587844848632812,0,1,1,-0.07903933525085449,0.0632818341255188,-0.05878448486328125,0,0,0,0,1.0,0.0,0.0,0.0,0.0,0.0,0.0
1760955853.1266649,0,leader,manual,0.9489401578903198,0.9258841276168823,0.9162203669548035,0,1,0,-0.9489401578903198,0.07411587238311768,-0.9162203669548035,0,0,0,0,1.0,0.0,0.0,0.0,0.0,0.0,0.0
1760955853.2269745,1,follower,manual,0.06692412495613098,0.9286459684371948,1.0274370908737183,0,1,1,-0.06692412495613098,0.07135403156280518,-0.02743709087371826,0,0,0,0,1.0,0.0,0.0,0.0,0.0,0.0,0.0
1760955853.2274787,0,follower,manual,1.0438835620880127,0.9436189532279968,-1.7953600883483887,0,1,0,-1.0438835620880127,0.056381046772003174,1.7953600883483887,0,0,0,0,,,,,,,
1760955853.327837,1,follower,manual,0.30107569694519043,0.9146972894668579,-0.6686745882034302,0,1,1,-0.30107569694519043,0.08530271053314209,1.6686745882034302,0,0,0,0,,,,,,,
1760955853.5392506,0,leader,manual,1.0438835620880127,0.9436189532279968,-1.7953600883483887,0,1,0,-1.0438835620880127,0.056381046772003174,1.7953600883483887,0,0,0,0,1.0,0.0,0.0,0.0,0.0,0.0,0.0
1760955853.6395435,1,follower,manual,0.30107569694519043,0.9146972894668579,-0.6686745882034302,0,1,1,-0.30107569694519043,0.08530271053314209,1.6686745882034302,0,0,0,0,1.0,0.0,0.0,0.0,0.0,0.0,0.0
1760955853.6398795,0,follower,manual,1.0447889566421509,0.9499441385269165,-1.7985659837722778,0,1,0,-1.0447889566421509,0.050055861473083496,1.7985659837722778,0,0,0,0,,,,,,,
1760955853.7401206,1,follower,manual,0.3070755898952484,0.8789069652557373,-0.6649262309074402,0,1,1,-0.3070755898952484,0.1210930347442627,1.6649262309074402,0,0,0,0,,,,,,,
1760955853.8495986,0,leader,manual,1.0447889566421509,0.9499441385269165,-1.7985659837722778,0,1,0,-1.0447889566421509,0.050055861473083496,1.7985659837722778,0,0,0,0,1.0,0.0,0.0,0.0,0.0,0.0,0.0
1760955853.9498544,1,follower,manual,0.3070755898952484,0.8789069652557373,-0.6649262309074402,0,1,1,-0.3070755898952484,0.1210930347442627,1.6649262309074402,0,0,0,0,1.0,0.0,0.0,0.0,0.0,0.0,0.0
1760955853.9501994,0,follower,manual,1.043993353843689,0.9539096355438232,-1.7947341203689575,0,1,0,-1.043993353843689,0.04609036445617676,1.7947341203689575,0,0,0,0,,,,,,,
1760955854.0505636,1,follower,manual,0.30519354343414307,0.8986751437187195,-0.6716541647911072,0,1,1,-0.30519354343414307,0.10132485628128052,1.6716541647911072,0,0,0,0,,,,,,,
1760955854.1660388,0,leader,manual,1.043993353843689,0.9539096355438232,-1.7947341203689575,0,1,0,-1.043993353843689,0.04609036445617676,1.7947341203689575,0,0,0,0,1.0,0.0,0.0,0.0,0.0,0.0,0.0
1760955854.2664313,1,follower,manual,0.30519354343414307,0.8986751437187195,-0.6716541647911072,0,1,1,-0.30519354343414307,0.10132485628128052,1.6716541647911072,0,0,0,0,1.0,0.0,0.0,0.0,0.0,0.0,0.0
1760955854.2670157,0,follower,manual,1.043798804283142,0.9541349411010742,-1.7924628257751465,0,1,0,-1.043798804283142,0.04586505889892578,1.7924628257751465,0,0,0,0,,,,,,,
1760955854.4679267,1,follower,manual,0.3047401010990143,0.9152772426605225,-0.6690029501914978,0,1,1,-0.3047401010990143,0.08472275733947754,1.6690029501914978,0,0,0,0,,,,,,,
1760955854.620409,0,leader,manual,1.043798804283142,0.9541349411010742,-1.7924628257751465,0,1,0,-1.043798804283142,0.04586505889892578,1.7924628257751465,0,0,0,0,1.0,0.0,0.0,0.0,0.0,0.0,0.0
1760955854.7208114,1,follower,manual,0.3047401010990143,0.9152772426605225,-0.6690029501914978,0,1,1,-0.3047401010990143,0.08472275733947754,1.6690029501914978,0,0,0,0,1.0,0.0,0.0,0.0,0.0,0.0,0.0
1760955854.72217,0,follower,manual,1.047065258026123,0.9544219374656677,-1.795649766921997,0,1,0,-1.047065258026123,0.045578062534332275,1.795649766921997,0,0,0,0,,,,,,,
1760955854.8226779,1,follower,manual,0.35665714740753174,0.9191275835037231,-0.6644653081893921,0,1,1,-0.35665714740753174,0.08087241649627686,1.664465308189392,0,0,0,0,,,,,,,
1760955854.9250455,0,leader,manual,1.047065258026123,0.9544219374656677,-1.795649766921997,0,1,0,-1.047065258026123,0.045578062534332275,1.795649766921997,0,0,0,0,1.0,0.0,0.0,0.0,0.0,0.0,0.0
1760955855.0253506,1,follower,manual,0.35665714740753174,0.9191275835037231,-0.6644653081893921,0,1,1,-0.35665714740753174,0.08087241649627686,1.664465308189392,0,0,0,0,1.0,0.0,0.0,0.0,0.0,0.0,0.0
1760955855.0257423,0,follower,manual,1.0489232540130615,0.9537569284439087,-1.7866363525390625,0,1,0,-1.0489232540130615,0.04624307155609131,1.7866363525390625,0,0,0,0,,,,,,,
1760955855.1259925,1,follower,manual,0.38536107540130615,0.905575156211853,-0.7410694360733032,0,1,1,-0.38536107540130615,0.09442484378814697,1.7410694360733032,0,0,0,0,,,,,,,
1760955855.2318296,0,leader,manual,1.0489232540130615,0.9537569284439087,-1.7866363525390625,0,1,0,-1.0489232540130615,0.04624307155609131,1.7866363525390625,0,0,0,0,1.0,0.0,0.0,0.0,0.0,0.0,0.0
1760955855.332208,1,follower,manual,0.38536107540130615,0.905575156211853,-0.7410694360733032,0,1,1,-0.38536107540130615,0.09442484378814697,1.7410694360733032,0,0,0,0,1.0,0.0,0.0,0.0,0.0,0.0,0.0
1760955855.3329034,0,follower,manual,1.0540157556533813,0.9564985632896423,-1.8042458295822144,0,1,0,-1.0540157556533813,0.043501436710357666,1.8042458295822144,0,0,0,0,,,,,,,
1760955855.4331987,1,follower,manual,0.39763516187667847,0.9027214050292969,-0.8632082939147949,0,1,1,-0.39763516187667847,0.09727859497070312,1.863208293914795,0,0,0,0,,,,,,,
1760955855.5387318,0,leader,manual,1.0540157556533813,0.9564985632896423,-1.8042458295822144,0,1,0,-1.0540157556533813,0.043501436710357666,1.8042458295822144,0,0,0,0,1.0,0.0,0.0,0.0,0.0,0.0,0.0
1760955855.639025,1,follower,manual,0.39763516187667847,0.9027214050292969,-0.8632082939147949,0,1,1,-0.39763516187667847,0.09727859497070312,1.863208293914795,0,0,0,0,1.0,0.0,0.0,0.0,0.0,0.0,0.0
1760955855.6393363,0,follower,manual,1.0742754936218262,0.9545156359672546,-1.8177080154418945,0,1,0,-1.0742754936218262,0.04548436403274536,1.8177080154418945,0,0,0,0,,,,,,,
1760955855.7396421,1,follower,manual,0.38827529549598694,0.9080031514167786,-1.0076708793640137,0,1,1,-0.38827529549598694,0.09199684858322144,2.0076708793640137,0,0,0,0,,,,,,,
1760955855.842922,0,leader,manual,1.0742754936218262,0.9545156359672546,-1.8177080154418945,0,1,0,-1.0742754936218262,0.04548436403274536,1.8177080154418945,0,0,0,0,1.0,0.0,0.0,0.0,0.0,0.0,0.0
1760955855.943176,1,follower,manual,0.38827529549598694,0.9080031514167786,-1.0076708793640137,0,1,1,-0.38827529549598694,0.09199684858322144,2.0076708793640137,0,0,0,0,1.0,0.0,0.0,0.0,0.0,0.0,0.0
1760955855.94344,0,follower,manual,1.0761655569076538,0.9516890048980713,-1.8061234951019287,0,1,0,-1.0761655569076538,0.04831099510192871,1.8061234951019287,0,0,0,0,,,,,,,
1760955856.043722,1,follower,manual,0.3676198124885559,0.8885471820831299,-1.1981674432754517,0,1,1,-0.3676198124885559,0.11145281791687012,2.1981674432754517,0,0,0,0,,,,,,,
1760955856.1497781,0,leader,manual,1.0761655569076538,0.9516890048980713,-1.8061234951019287,0,1,0,-1.0761655569076538,0.04831099510192871,1.8061234951019287,0,0,0,0,1.0,0.0,0.0,0.0,0.0,0.0,0.0
1760955856.2500513,1,follower,manual,0.3676198124885559,0.8885471820831299,-1.1981674432754517,0,1,1,-0.3676198124885559,0.11145281791687012,2.1981674432754517,0,0,0,0,1.0,0.0,0.0,0.0,0.0,0.0,0.0
1760955856.2504365,0,follower,manual,1.0559779405593872,0.948849618434906,-1.7840546369552612,0,1,0,-1.0559779405593872,0.051150381565093994,1.7840546369552612,0,0,0,0,,,,,,,
1760955856.5523486,0,leader,manual,1.0559779405593872,0.948849618434906,-1.7840546369552612,0,1,0,-1.0559779405593872,0.051150381565093994,1.7840546369552612,0,0,0,0,1.0,0.0,0.0,0.0,0.0,0.0,0.0
1760955856.6528041,1,follower,manual,0.3764182925224304,0.9169445037841797,-1.4191641807556152,0,1,1,-0.3764182925224304,0.08305549621582031,2.4191641807556152,0,0,0,0,1.0,0.0,0.0,0.0,0.0,0.0,0.0
1760955856.6540046,0,follower,manual,1.0626518726348877,0.9421511292457581,-1.7716200351715088,0,1,0,-1.0626518726348877,0.05784887075424194,1.7716200351715088,-50,0,0,0,,,,,,,
1760955856.8554165,0,leader,manual,1.0626518726348877,0.9421511292457581,-1.7716200351715088,0,1,0,-1.0626518726348877,0.05784887075424194,1.7716200351715088,-50,0,0,0,1.0,0.0,0.0,0.0,0.0,0.0,0.0
1760955856.9560137,1,follower,manual,0.366210401058197,0.9215788245201111,-1.503214716911316,0,1,1,-0.366210401058197,0.07842117547988892,2.503214716911316,-50,0,0,0,1.0,0.0,0.0,0.0,0.0,0.0,0.0
1760955856.9565835,0,follower,manual,1.0702697038650513,0.9393346905708313,-1.7936973571777344,0,1,0,-1.0702697038650513,0.0606653094291687,1.7936973571777344,-50,0,0,0,,,,,,,
1760955857.157747,0,leader,manual,1.0702697038650513,0.9393346905708313,-1.7936973571777344,0,1,0,-1.0702697038650513,0.0606653094291687,1.7936973571777344,-50,0,0,0,1.0,0.0,0.0,0.0,0.0,0.0,0.0
1760955857.258187,1,follower,manual,0.366210401058197,0.9215788245201111,-1.503214716911316,0,1,1,-0.366210401058197,0.07842117547988892,2.503214716911316,-50,0,0,0,1.0,0.0,0.0,0.0,0.0,0.0,0.0
1760955857.258991,0,follower,manual,1.0598944425582886,0.9443404078483582,-1.797351360321045,0,1,0,-1.0598944425582886,0.055659592151641846,1.797351360321045,-50,0,0,0,,,,,,,
1760955857.4781282,0,leader,manual,1.0598944425582886,0.9443404078483582,-1.797351360321045,0,1,0,-1.0598944425582886,0.055659592151641846,1.797351360321045,-50,0,0,0,1.0,0.0,0.0,0.0,0.0,0.0,0.0
1760955857.478274,1,follower,manual,0.366210401058197,0.9215788245201111,-1.503214716911316,0,1,1,-0.366210401058197,0.07842117547988892,2.503214716911316,-50,0,0,0,1.0,0.0,0.0,0.0,0.0,0.0,0.0
1760955857.578898,0,follower,manual,1.082741618156433,0.7089047431945801,-1.7615796327590942,0,1,0,-1.082741618156433,0.2910952568054199,1.7615796327590942,-50,0,0,0,,,,,,,
1760955857.783184,0,leader,manual,1.082741618156433,0.7089047431945801,-1.7615796327590942,0,1,0,-1.082741618156433,0.2910952568054199,1.7615796327590942,-50,0,0,0,1.0,0.0,0.0,0.0,0.0,0.0,0.0
1760955857.7834516,1,follower,manual,0.366210401058197,0.9215788245201111,-1.503214716911316,0,1,1,-0.366210401058197,0.07842117547988892,2.503214716911316,-50,0,0,0,1.0,0.0,0.0,0.0,0.0,0.0,0.0
1760955857.884282,0,follower,manual,1.0794981718063354,0.05600879713892937,-1.4205831289291382,0,1,0,-1.0794981718063354,0.9439912028610706,1.4205831289291382,0,0,0,0,,,,,,,
1760955858.0498734,0,leader,manual,1.0794981718063354,0.05600879713892937,-1.4205831289291382,0,1,0,-1.0794981718063354,0.9439912028610706,1.4205831289291382,0,0,0,0,1.0,0.0,0.0,0.0,0.0,0.0,0.0
1760955858.049967,1,follower,manual,0.366210401058197,0.9215788245201111,-1.503214716911316,0,1,1,-0.366210401058197,0.07842117547988892,2.503214716911316,0,0,0,0,1.0,0.0,0.0,0.0,0.0,0.0,0.0
1760955858.1505957,0,follower,manual,1.0740233659744263,0.04745982959866524,-1.4157801866531372,0,1,0,-1.0740233659744263,0.9525401704013348,1.4157801866531372,0,0,0,0,,,,,,,
1760955858.354107,0,leader,manual,1.0740233659744263,0.04745982959866524,-1.4157801866531372,0,1,0,-1.0740233659744263,0.9525401704013348,1.4157801866531372,0,0,0,0,1.0,0.0,0.0,0.0,0.0,0.0,0.0
1760955858.3542972,1,follower,manual,0.366210401058197,0.9215788245201111,-1.503214716911316,0,1,1,-0.366210401058197,0.07842117547988892,2.503214716911316,0,0,0,0,1.0,0.0,0.0,0.0,0.0,0.0,0.0
1760955858.4552047,0,follower,manual,1.074013113975525,0.04747701436281204,-1.4157538414001465,0,1,0,-1.074013113975525,0.952522985637188,1.4157538414001465,0,-50,0,0,,,,,,,
1760955858.6335063,0,leader,manual,1.074013113975525,0.04747701436281204,-1.4157538414001465,0,1,0,-1.074013113975525,0.952522985637188,1.4157538414001465,0,-50,0,0,1.0,0.0,0.0,0.0,0.0,0.0,0.0
1760955858.633665,1,follower,manual,0.366210401058197,0.9215788245201111,-1.503214716911316,0,1,1,-0.366210401058197,0.07842117547988892,2.503214716911316,0,-50,0,0,1.0,0.0,0.0,0.0,0.0,0.0,0.0
1760955858.734394,0,follower,manual,1.074011206626892,0.04748869314789772,-1.4157700538635254,0,1,0,-1.074011206626892,0.9525113068521023,1.4157700538635254,0,-50,0,0,,,,,,,
1760955858.9456978,0,leader,manual,1.074011206626892,0.04748869314789772,-1.4157700538635254,0,1,0,-1.074011206626892,0.9525113068521023,1.4157700538635254,0,-50,0,0,1.0,0.0,0.0,0.0,0.0,0.0,0.0
1760955858.9508746,1,follower,manual,0.366210401058197,0.9215788245201111,-1.503214716911316,0,1,1,-0.366210401058197,0.07842117547988892,2.503214716911316,0,-50,0,0,1.0,0.0,0.0,0.0,0.0,0.0,0.0
1760955859.051979,0,follower,manual,1.0740166902542114,0.04751092195510864,-1.4157441854476929,0,1,0,-1.0740166902542114,0.9524890780448914,1.4157441854476929,0,0,0,0,,,,,,,
1760955859.2735472,0,leader,manual,1.0740166902542114,0.04751092195510864,-1.4157441854476929,0,1,0,-1.0740166902542114,0.9524890780448914,1.4157441854476929,0,0,0,0,1.0,0.0,0.0,0.0,0.0,0.0,0.0
1760955859.2738776,1,follower,manual,0.366210401058197,0.9215788245201111,-1.503214716911316,0,1,1,-0.366210401058197,0.07842117547988892,2.503214716911316,0,0,0,0,1.0,0.0,0.0,0.0,0.0,0.0,0.0
1760955859.374474,0,follower,manual,1.0740175247192383,0.04749588668346405,-1.415758728981018,0,1,0,-1.0740175247192383,0.952504113316536,1.415758728981018,0,0,0,0,,,,,,,
1760955859.5774865,0,leader,manual,1.0740175247192383,0.04749588668346405,-1.415758728981018,0,1,0,-1.0740175247192383,0.952504113316536,1.415758728981018,0,0,0,0,1.0,0.0,0.0,0.0,0.0,0.0,0.0
1760955859.5776458,1,follower,manual,0.366210401058197,0.9215788245201111,-1.503214716911316,0,1,1,-0.366210401058197,0.07842117547988892,2.503214716911316,0,0,0,0,1.0,0.0,0.0,0.0,0.0,0.0,0.0
1760955859.6789553,0,follower,manual,1.0740050077438354,0.04749879986047745,-1.4157500267028809,0,1,0,-1.0740050077438354,0.9525012001395226,1.4157500267028809,0,50,0,0,,,,,,,
1760955859.889724,0,leader,manual,1.0740050077438354,0.04749879986047745,-1.4157500267028809,0,1,0,-1.0740050077438354,0.9525012001395226,1.4157500267028809,0,50,0,0,1.0,0.0,0.0,0.0,0.0,0.0,0.0
1760955859.8899138,1,follower,manual,0.366210401058197,0.9215788245201111,-1.503214716911316,0,1,1,-0.366210401058197,0.07842117547988892,2.503214716911316,0,50,0,0,1.0,0.0,0.0,0.0,0.0,0.0,0.0
1760955859.9903286,0,follower,manual,0.6908990740776062,0.051838140934705734,0.8530821204185486,0,1,0,-0.6908990740776062,0.9481618590652943,-0.8530821204185486,0,50,0,0,,,,,,,
1760955860.181845,0,leader,manual,0.6908990740776062,0.051838140934705734,0.8530821204185486,0,1,0,-0.6908990740776062,0.9481618590652943,-0.8530821204185486,0,50,0,0,1.0,0.0,0.0,0.0,0.0,0.0,0.0
1760955860.1819906,1,follower,manual,0.031078055500984192,0.0578186996281147,0.84006667137146,0,1,1,-0.031078055500984192,0.9421813003718853,0.15993332862854004,0,50,0,0,1.0,0.0,0.0,0.0,0.0,0.0,0.0
1760955860.2827837,0,follower,manual,0.6910122036933899,0.051743749529123306,0.852973997592926,0,1,0,-0.6910122036933899,0.9482562504708767,-0.852973997592926,0,0,0,0,,,,,,,
1760955860.4880912,0,leader,manual,0.6910122036933899,0.051743749529123306,0.852973997592926,0,1,0,-0.6910122036933899,0.9482562504708767,-0.852973997592926,0,0,0,0,1.0,0.0,0.0,0.0,0.0,0.0,0.0
1760955860.4884045,1,follower,manual,0.03105521947145462,0.057649221271276474,0.8399270176887512,0,1,1,-0.03105521947145462,0.9423507787287235,0.16007298231124878,0,0,0,0,1.0,0.0,0.0,0.0,0.0,0.0,0.0
1760955860.5891187,0,follower,manual,0.6908869743347168,0.051819220185279846,0.8530749678611755,0,1,0,-0.6908869743347168,0.9481807798147202,-0.8530749678611755,0,0,0,0,,,,,,,
1760955860.80603,0,leader,manual,0.6908869743347168,0.051819220185279846,0.8530749678611755,0,1,0,-0.6908869743347168,0.9481807798147202,-0.8530749678611755,0,0,0,0,1.0,0.0,0.0,0.0,0.0,0.0,0.0
1760955860.8062973,1,follower,manual,0.031052058562636375,0.05765790492296219,0.8399333953857422,0,1,1,-0.031052058562636375,0.9423420950770378,0.1600666046142578,0,0,0,0,1.0,0.0,0.0,0.0,0.0,0.0,0.0
1760955860.9067037,0,follower,manual,0.6909098029136658,0.05159320309758186,0.8529988527297974,0,1,0,-0.6909098029136658,0.9484067969024181,-0.8529988527297974,-50,0,0,0,,,,,,,
1760955861.0883431,0,leader,manual,0.6909098029136658,0.05159320309758186,0.8529988527297974,0,1,0,-0.6909098029136658,0.9484067969024181,-0.8529988527297974,-50,0,0,0,1.0,0.0,0.0,0.0,0.0,0.0,0.0
1760955861.088668,1,follower,manual,0.031055187806487083,0.05766109377145767,0.839916467666626,0,1,1,-0.031055187806487083,0.9423389062285423,0.16008353233337402,-50,0,0,0,1.0,0.0,0.0,0.0,0.0,0.0,0.0
1760955861.1895428,0,follower,manual,0.6908950805664062,0.05181959643959999,0.8530802726745605,0,1,0,-0.6908950805664062,0.9481804035604,-0.8530802726745605,-50,0,0,0,,,,,,,
1760955861.3932455,0,leader,manual,0.6908950805664062,0.05181959643959999,0.8530802726745605,0,1,0,-0.6908950805664062,0.9481804035604,-0.8530802726745605,-50,0,0,0,1.0,0.0,0.0,0.0,0.0,0.0,0.0
1760955861.3934214,1,follower,manual,0.03105267323553562,0.05766148492693901,0.8399235606193542,0,1,1,-0.03105267323553562,0.942338515073061,0.16007643938064575,-50,0,0,0,1.0,0.0,0.0,0.0,0.0,0.0,0.0
1760955861.4940047,0,follower,manual,0.6908974051475525,0.05180943384766579,0.8530681729316711,0,1,0,-0.6908974051475525,0.9481905661523342,-0.8530681729316711,0,0,0,0,,,,,,,
1760955861.7116666,0,leader,manual,0.6908974051475525,0.05180943384766579,0.8530681729316711,0,1,0,-0.6908974051475525,0.9481905661523342,-0.8530681729316711,0,0,0,0,1.0,0.0,0.0,0.0,0.0,0.0,0.0
1760955861.7118,1,follower,manual,0.03124620020389557,0.057860858738422394,0.8391397595405579,0,1,1,-0.03124620020389557,0.9421391412615776,0.16086024045944214,0,0,0,0,1.0,0.0,0.0,0.0,0.0,0.0,0.0
1760955861.8123422,0,follower,manual,0.6909040808677673,0.05168725177645683,0.8530459403991699,0,1,0,-0.6909040808677673,0.9483127482235432,-0.8530459403991699,0,0,0,0,,,,,,,
1760955861.9681618,0,leader,manual,0.6909040808677673,0.05168725177645683,0.8530459403991699,0,1,0,-0.6909040808677673,0.9483127482235432,-0.8530459403991699,0,0,0,0,1.0,0.0,0.0,0.0,0.0,0.0,0.0
1760955862.069052,1,follower,manual,0.031060924753546715,0.05765021592378616,0.8399132490158081,0,1,1,-0.031060924753546715,0.9423497840762138,0.1600867509841919,0,0,0,0,1.0,0.0,0.0,0.0,0.0,0.0,0.0
1760955862.0693483,0,follower,manual,0.6910039782524109,0.05174288898706436,0.8529723882675171,0,1,0,-0.6910039782524109,0.9482571110129356,-0.8529723882675171,0,0,0,0,,,,,,,
1760955862.2703114,0,leader,manual,0.6910039782524109,0.05174288898706436,0.8529723882675171,0,1,0,-0.6910039782524109,0.9482571110129356,-0.8529723882675171,0,0,0,0,1.0,0.0,0.0,0.0,0.0,0.0,0.0
1760955862.370692,1,follower,manual,0.031245935708284378,0.05784668028354645,0.839148759841919,0,1,1,-0.031245935708284378,0.9421533197164536,0.16085124015808105,0,0,0,0,1.0,0.0,0.0,0.0,0.0,0.0,0.0
1760955862.3712156,0,follower,manual,0.6910053491592407,0.05174758657813072,0.8529627919197083,0,1,0,-0.6910053491592407,0.9482524134218693,-0.8529627919197083,0,0,0,0,,,,,,,
1760955862.572136,0,leader,manual,0.6910053491592407,0.05174758657813072,0.8529627919197083,0,1,0,-0.6910053491592407,0.9482524134218693,-0.8529627919197083,0,0,0,0,1.0,0.0,0.0,0.0,0.0,0.0,0.0
1760955862.6724193,1,follower,manual,0.031063193455338478,0.057648781687021255,0.8399133086204529,0,1,1,-0.031063193455338478,0.9423512183129787,0.16008669137954712,0,0,0,0,1.0,0.0,0.0,0.0,0.0,0.0,0.0
1760955862.6728191,0,follower,manual,0.6909148097038269,0.05176454409956932,0.8530850410461426,0,1,0,-0.6909148097038269,0.9482354559004307,-0.8530850410461426,0,0,0,0,,,,,,,
1760955862.7730665,1,follower,manual,0.03105110302567482,0.05764934793114662,0.8399215936660767,0,1,1,-0.03105110302567482,0.9423506520688534,0.16007840633392334,0,0,0,0,,,,,,,
1760955862.8866284,0,leader,manual,0.6909148097038269,0.05176454409956932,0.8530850410461426,0,1,0,-0.6909148097038269,0.9482354559004307,-0.8530850410461426,0,0,0,0,1.0,0.0,0.0,0.0,0.0,0.0,0.0
1760955862.986895,1,follower,manual,0.03105110302567482,0.05764934793114662,0.8399215936660767,0,1,1,-0.03105110302567482,0.9423506520688534,0.16007840633392334,0,0,0,0,1.0,0.0,0.0,0.0,0.0,0.0,0.0
1760955862.9872527,0,follower,manual,0.6784845590591431,0.4598196744918823,0.856188178062439,0,1,0,-0.6784845590591431,0.5401803255081177,-0.856188178062439,0,0,0,0,,,,,,,
1760955863.0874913,1,follower,manual,0.03741157427430153,0.4419191777706146,0.8271124362945557,0,1,1,-0.03741157427430153,0.5580808222293854,0.17288756370544434,0,0,0,0,,,,,,,
1760955863.2008986,0,leader,manual,0.6784845590591431,0.4598196744918823,0.856188178062439,0,1,0,-0.6784845590591431,0.5401803255081177,-0.856188178062439,0,0,0,0,1.0,0.0,0.0,0.0,0.0,0.0,0.0
1760955863.3023047,1,follower,manual,0.03741157427430153,0.4419191777706146,0.8271124362945557,0,1,1,-0.03741157427430153,0.5580808222293854,0.17288756370544434,0,0,0,0,1.0,0.0,0.0,0.0,0.0,0.0,0.0
1760955863.3031056,0,follower,manual,0.6952561140060425,0.785971462726593,0.8242856860160828,0,1,0,-0.6952561140060425,0.21402853727340698,-0.8242856860160828,50,0,0,0,,,,,,,
1760955863.403472,1,follower,manual,0.02246524766087532,0.8158896565437317,0.7758172154426575,0,1,1,-0.02246524766087532,0.1841103434562683,0.22418278455734253,50,0,0,0,,,,,,,
1760955863.7072155,0,leader,manual,0.6952561140060425,0.785971462726593,0.8242856860160828,0,1,0,-0.6952561140060425,0.21402853727340698,-0.8242856860160828,50,0,0,0,1.0,0.0,0.0,0.0,0.0,0.0,0.0
1760955863.8074794,1,follower,manual,0.02246524766087532,0.8158896565437317,0.7758172154426575,0,1,1,-0.02246524766087532,0.1841103434562683,0.22418278455734253,50,0,0,0,1.0,0.0,0.0,0.0,0.0,0.0,0.0
1760955863.8077455,0,follower,manual,0.7109479904174805,0.8777057528495789,0.8160753846168518,0,1,0,-0.7109479904174805,0.12229424715042114,-0.8160753846168518,50,0,0,0,,,,,,,
1760955863.9080493,1,follower,manual,-0.005029159132391214,0.846698522567749,0.7586916089057922,0,1,1,0.005029159132391214,0.15330147743225098,0.24130839109420776,50,0,0,0,,,,,,,
1760955864.0221307,0,leader,manual,0.7109479904174805,0.8777057528495789,0.8160753846168518,0,1,0,-0.7109479904174805,0.12229424715042114,-0.8160753846168518,50,0,0,0,1.0,0.0,0.0,0.0,0.0,0.0,0.0
1760955864.122445,1,follower,manual,-0.005029159132391214,0.846698522567749,0.7586916089057922,0,1,1,0.005029159132391214,0.15330147743225098,0.24130839109420776,50,0,0,0,1.0,0.0,0.0,0.0,0.0,0.0,0.0
1760955864.1227806,0,follower,manual,0.7067529559135437,0.862411618232727,0.8042501211166382,0,1,0,-0.7067529559135437,0.13758838176727295,-0.8042501211166382,50,0,0,0,,,,,,,
1760955864.2230725,1,follower,manual,-0.025836093351244926,0.8203685879707336,0.7768619060516357,0,1,1,0.025836093351244926,0.17963141202926636,0.22313809394836426,50,0,0,0,,,,,,,
1760955864.3988636,0,leader,manual,0.7067529559135437,0.862411618232727,0.8042501211166382,0,1,0,-0.7067529559135437,0.13758838176727295,-0.8042501211166382,50,0,0,0,1.0,0.0,0.0,0.0,0.0,0.0,0.0
1760955864.4992337,1,follower,manual,-0.025836093351244926,0.8203685879707336,0.7768619060516357,0,1,1,0.025836093351244926,0.17963141202926636,0.22313809394836426,50,0,0,0,1.0,0.0,0.0,0.0,0.0,0.0,0.0
1760955864.5007474,0,follower,manual,0.6926337480545044,0.855614960193634,0.7650110721588135,0,1,0,-0.6926337480545044,0.14438503980636597,-0.7650110721588135,-50,0,0,0,,,,,,,
1760955864.6009614,1,follower,manual,-0.04967905580997467,0.8844228386878967,0.7542778253555298,0,1,1,0.04967905580997467,0.11557716131210327,0.24572217464447021,-50,0,0,0,,,,,,,
1760955864.7026515,0,leader,manual,0.6926337480545044,0.855614960193634,0.7650110721588135,0,1,0,-0.6926337480545044,0.14438503980636597,-0.7650110721588135,-50,0,0,0,1.0,0.0,0.0,0.0,0.0,0.0,0.0
1760955864.8032348,1,follower,manual,-0.04967905580997467,0.8844228386878967,0.7542778253555298,0,1,1,0.04967905580997467,0.11557716131210327,0.24572217464447021,-50,0,0,0,1.0,0.0,0.0,0.0,0.0,0.0,0.0
1760955864.8039653,0,follower,manual,0.6806578040122986,0.865531325340271,0.7302991151809692,0,1,0,-0.6806578040122986,0.134468674659729,-0.7302991151809692,-50,0,0,0,,,,,,,
1760955864.904258,1,follower,manual,-0.060932401567697525,0.8733242154121399,0.7365957498550415,0,1,1,0.060932401567697525,0.1266757845878601,0.2634042501449585,-50,0,0,0,,,,,,,
1760955865.009543,0,leader,manual,0.6806578040122986,0.865531325340271,0.7302991151809692,0,1,0,-0.6806578040122986,0.134468674659729,-0.7302991151809692,-50,0,0,0,1.0,0.0,0.0,0.0,0.0,0.0,0.0
1760955865.1098216,1,follower,manual,-0.060932401567697525,0.8733242154121399,0.7365957498550415,0,1,1,0.060932401567697525,0.1266757845878601,0.2634042501449585,-50,0,0,0,1.0,0.0,0.0,0.0,0.0,0.0,0.0
1760955865.1102617,0,follower,manual,0.6565629839897156,0.8747283816337585,0.7263668179512024,0,1,0,-0.6565629839897156,0.12527161836624146,-0.7263668179512024,-50,0,0,0,,,,,,,
1760955865.2105172,1,follower,manual,-0.06147265061736107,0.8653878569602966,0.7295488715171814,0,1,1,0.06147265061736107,0.13461214303970337,0.2704511284828186,-50,0,0,0,,,,,,,
1760955865.3652968,0,leader,manual,0.6565629839897156,0.8747283816337585,0.7263668179512024,0,1,0,-0.6565629839897156,0.12527161836624146,-0.7263668179512024,-50,0,0,0,1.0,0.0,0.0,0.0,0.0,0.0,0.0
1760955865.4657202,1,follower,manual,-0.06147265061736107,0.8653878569602966,0.7295488715171814,0,1,1,0.06147265061736107,0.13461214303970337,0.2704511284828186,-50,0,0,0,1.0,0.0,0.0,0.0,0.0,0.0,0.0
1760955865.4662964,0,follower,manual,0.681067705154419,0.8513025045394897,0.7181317210197449,0,1,0,-0.681067705154419,0.14869749546051025,-0.7181317210197449,-50,0,0,0,,,,,,,
1760955865.566638,1,follower,manual,-0.08806676417589188,0.8269081115722656,0.741684079170227,0,1,1,0.08806676417589188,0.17309188842773438,0.25831592082977295,-50,0,0,0,,,,,,,
1760955865.6732032,0,leader,manual,0.681067705154419,0.8513025045394897,0.7181317210197449,0,1,0,-0.681067705154419,0.14869749546051025,-0.7181317210197449,-50,0,0,0,1.0,0.0,0.0,0.0,0.0,0.0,0.0
1760955865.77339,1,follower,manual,-0.08806676417589188,0.8269081115722656,0.741684079170227,0,1,1,0.08806676417589188,0.17309188842773438,0.25831592082977295,-50,0,0,0,1.0,0.0,0.0,0.0,0.0,0.0,0.0
1760955865.7736514,0,follower,manual,0.6890403628349304,0.8671629428863525,0.6829336881637573,0,1,0,-0.6890403628349304,0.13283705711364746,-0.6829336881637573,0,0,0,0,,,,,,,
1760955865.8741462,1,follower,manual,-0.07064103335142136,0.8460623621940613,0.7623376250267029,0,1,1,0.07064103335142136,0.15393763780593872,0.23766237497329712,0,0,0,0,,,,,,,
1760955865.9784203,0,leader,manual,0.6890403628349304,0.8671629428863525,0.6829336881637573,0,1,0,-0.6890403628349304,0.13283705711364746,-0.6829336881637573,0,0,0,0,1.0,0.0,0.0,0.0,0.0,0.0,0.0
1760955866.078864,1,follower,manual,-0.07064103335142136,0.8460623621940613,0.7623376250267029,0,1,1,0.07064103335142136,0.15393763780593872,0.23766237497329712,0,0,0,0,1.0,0.0,0.0,0.0,0.0,0.0,0.0
1760955866.0794005,0,follower,manual,0.6840844750404358,0.8595458269119263,0.692188024520874,0,1,0,-0.6840844750404358,0.14045417308807373,-0.692188024520874,0,0,0,0,,,,,,,
1760955866.1797001,1,follower,manual,-0.06077384948730469,0.8388136625289917,0.7156116962432861,0,1,1,0.06077384948730469,0.1611863374710083,0.28438830375671387,0,0,0,0,,,,,,,
1760955866.2832816,0,leader,manual,0.6840844750404358,0.8595458269119263,0.692188024520874,0,1,0,-0.6840844750404358,0.14045417308807373,-0.692188024520874,0,0,0,0,1.0,0.0,0.0,0.0,0.0,0.0,0.0
1760955866.3836198,1,follower,manual,-0.06077384948730469,0.8388136625289917,0.7156116962432861,0,1,1,0.06077384948730469,0.1611863374710083,0.28438830375671387,0,0,0,0,1.0,0.0,0.0,0.0,0.0,0.0,0.0
1760955866.3839056,0,follower,manual,0.7169734835624695,0.8714192509651184,0.6772584915161133,0,1,0,-0.7169734835624695,0.1285807490348816,-0.6772584915161133,0,0,0,0,,,,,,,
1760955866.4842625,1,follower,manual,-0.05394677817821503,0.8120135068893433,0.7091914415359497,0,1,1,0.05394677817821503,0.18798649311065674,0.2908085584640503,0,0,0,0,,,,,,,
1760955866.5968022,0,leader,manual,0.7169734835624695,0.8714192509651184,0.6772584915161133,0,1,0,-0.7169734835624695,0.1285807490348816,-0.6772584915161133,0,0,0,0,1.0,0.0,0.0,0.0,0.0,0.0,0.0
1760955866.6970603,1,follower,manual,-0.05394677817821503,0.8120135068893433,0.7091914415359497,0,1,1,0.05394677817821503,0.18798649311065674,0.2908085584640503,0,0,0,0,1.0,0.0,0.0,0.0,0.0,0.0,0.0
1760955866.6973312,0,follower,manual,0.8456310629844666,0.9268787503242493,0.7528405785560608,0,1,0,-0.8456310629844666,0.07312124967575073,-0.7528405785560608,0,0,0,0,,,,,,,
1760955866.7975855,1,follower,manual,-0.04184608533978462,0.9200003743171692,0.8189151287078857,0,1,1,0.04184608533978462,0.07999962568283081,0.18108487129211426,0,0,0,0,,,,,,,
1760955866.9253294,0,leader,manual,0.8456310629844666,0.9268787503242493,0.7528405785560608,0,1,0,-0.8456310629844666,0.07312124967575073,-0.7528405785560608,0,0,0,0,1.0,0.0,0.0,0.0,0.0,0.0,0.0
1760955867.0256383,1,follower,manual,-0.04184608533978462,0.9200003743171692,0.8189151287078857,0,1,1,0.04184608533978462,0.07999962568283081,0.18108487129211426,0,0,0,0,1.0,0.0,0.0,0.0,0.0,0.0,0.0
1760955867.0261502,0,follower,manual,0.9207720160484314,0.9403884410858154,0.8885988593101501,0,1,0,-0.9207720160484314,0.05961155891418457,-0.8885988593101501,0,0,0,0,,,,,,,
1760955867.227125,0,leader,manual,0.9207720160484314,0.9403884410858154,0.8885988593101501,0,1,0,-0.9207720160484314,0.05961155891418457,-0.8885988593101501,0,0,0,0,1.0,0.0,0.0,0.0,0.0,0.0,0.0
1760955867.3275335,1,follower,manual,0.05094721168279648,0.9260124564170837,1.016361117362976,0,1,1,-0.05094721168279648,0.07398754358291626,-0.016361117362976074,0,0,0,0,1.0,0.0,0.0,0.0,0.0,0.0,0.0
1760955867.328,0,follower,manual,0.9471370577812195,0.9287435412406921,0.9234120845794678,0,1,0,-0.9471370577812195,0.07125645875930786,-0.9234120845794678,0,-50,0,0,,,,,,,
1760955867.529241,0,leader,manual,0.9471370577812195,0.9287435412406921,0.9234120845794678,0,1,0,-0.9471370577812195,0.07125645875930786,-0.9234120845794678,0,-50,0,0,1.0,0.0,0.0,0.0,0.0,0.0,0.0
1760955867.6295695,1,follower,manual,0.07586947828531265,0.9288811087608337,1.042550802230835,0,1,1,-0.07586947828531265,0.07111889123916626,-0.04255080223083496,0,-50,0,0,1.0,0.0,0.0,0.0,0.0,0.0,0.0
1760955867.6300075,0,follower,manual,0.946366012096405,0.9233260750770569,0.8835522532463074,0,1,0,-0.946366012096405,0.07667392492294312,-0.8835522532463074,0,-50,0,0,,,,,,,
1760955867.8310206,0,leader,manual,0.946366012096405,0.9233260750770569,0.8835522532463074,0,1,0,-0.946366012096405,0.07667392492294312,-0.8835522532463074,0,-50,0,0,1.0,0.0,0.0,0.0,0.0,0.0,0.0
1760955867.9313848,1,follower,manual,0.021913714706897736,0.9242315292358398,0.9747008085250854,0,1,1,-0.021913714706897736,0.07576847076416016,0.02529919147491455,0,-50,0,0,1.0,0.0,0.0,0.0,0.0,0.0,0.0
1760955867.932078,0,follower,manual,0.9563151597976685,0.9270942807197571,0.8802681565284729,0,1,0,-0.9563151597976685,0.07290571928024292,-0.8802681565284729,0,-50,0,0,,,,,,,
1760955868.1334834,0,leader,manual,0.9563151597976685,0.9270942807197571,0.8802681565284729,0,1,0,-0.9563151597976685,0.07290571928024292,-0.8802681565284729,0,-50,0,0,1.0,0.0,0.0,0.0,0.0,0.0,0.0
1760955868.233925,1,follower,manual,-5.051121115684509e-05,0.9356062412261963,0.9549601078033447,0,1,1,5.051121115684509e-05,0.06439375877380371,0.04503989219665527,0,-50,0,0,1.0,0.0,0.0,0.0,0.0,0.0,0.0
1760955868.2350938,0,follower,manual,0.9688898324966431,0.912636935710907,0.893295407295227,0,1,0,-0.9688898324966431,0.08736306428909302,-0.893295407295227,0,-50,0,0,,,,,,,
1760955868.4368663,0,leader,manual,0.9688898324966431,0.912636935710907,0.893295407295227,0,1,0,-0.9688898324966431,0.08736306428909302,-0.893295407295227,0,-50,0,0,1.0,0.0,0.0,0.0,0.0,0.0,0.0
1760955868.5373995,1,follower,manual,0.015482069924473763,0.9001198410987854,0.9569910764694214,0,1,1,-0.015482069924473763,0.0998801589012146,0.04300892353057861,0,-50,0,0,1.0,0.0,0.0,0.0,0.0,0.0,0.0
1760955868.5378718,0,follower,manual,0.9742351770401001,0.9046330451965332,0.9044670462608337,0,1,0,-0.9742351770401001,0.0953669548034668,-0.9044670462608337,0,0,0,0,,,,,,,
1760955868.7388518,0,leader,manual,0.9742351770401001,0.9046330451965332,0.9044670462608337,0,1,0,-0.9742351770401001,0.0953669548034668,-0.9044670462608337,0,0,0,0,1.0,0.0,0.0,0.0,0.0,0.0,0.0
1760955868.83914,1,follower,manual,0.019171860069036484,0.9220358729362488,0.9406018257141113,0,1,1,-0.019171860069036484,0.07796412706375122,0.05939817428588867,0,0,0,0,1.0,0.0,0.0,0.0,0.0,0.0,0.0
1760955868.839563,0,follower,manual,0.9537736177444458,0.9156034588813782,0.9004477858543396,0,1,0,-0.9537736177444458,0.08439654111862183,-0.9004477858543396,50,0,0,0,,,,,,,
1760955869.0410612,0,leader,manual,0.9537736177444458,0.9156034588813782,0.9004477858543396,0,1,0,-0.9537736177444458,0.08439654111862183,-0.9004477858543396,50,0,0,0,1.0,0.0,0.0,0.0,0.0,0.0,0.0
1760955869.1414502,1,follower,manual,0.009055640548467636,0.9673645496368408,0.9349995255470276,0,1,1,-0.009055640548467636,0.03263545036315918,0.06500047445297241,50,0,0,0,1.0,0.0,0.0,0.0,0.0,0.0,0.0
1760955869.142204,0,follower,manual,0.9690308570861816,0.9219502806663513,0.852203905582428,0,1,0,-0.9690308570861816,0.07804971933364868,-0.852203905582428,50,0,0,0,,,,,,,
1760955869.3434603,0,leader,manual,0.9690308570861816,0.9219502806663513,0.852203905582428,0,1,0,-0.9690308570861816,0.07804971933364868,-0.852203905582428,50,0,0,0,1.0,0.0,0.0,0.0,0.0,0.0,0.0
1760955869.4437525,1,follower,manual,0.037547435611486435,0.9637356996536255,0.9164292812347412,0,1,1,-0.037547435611486435,0.03626430034637451,0.08357071876525879,50,0,0,0,1.0,0.0,0.0,0.0,0.0,0.0,0.0
1760955869.444175,0,follower,manual,0.9687516093254089,0.9178425669670105,0.7332915663719177,0,1,0,-0.9687516093254089,0.0821574330329895,-0.7332915663719177,50,0,0,0,,,,,,,
1760955869.645449,0,leader,manual,0.9687516093254089,0.9178425669670105,0.7332915663719177,0,1,0,-0.9687516093254089,0.0821574330329895,-0.7332915663719177,50,0,0,0,1.0,0.0,0.0,0.0,0.0,0.0,0.0
1760955869.7458067,1,follower,manual,0.06610771268606186,0.944428563117981,0.7725082635879517,0,1,1,-0.06610771268606186,0.05557143688201904,0.22749173641204834,50,0,0,0,1.0,0.0,0.0,0.0,0.0,0.0,0.0
1760955869.746226,0,follower,manual,0.9680811166763306,0.9302634596824646,0.552330732345581,0,1,0,-0.9680811166763306,0.0697365403175354,-0.552330732345581,0,0,0,0,,,,,,,
1760955869.9476144,0,leader,manual,0.9680811166763306,0.9302634596824646,0.552330732345581,0,1,0,-0.9680811166763306,0.0697365403175354,-0.552330732345581,0,0,0,0,1.0,0.0,0.0,0.0,0.0,0.0,0.0
1760955870.048064,1,follower,manual,0.061272017657756805,0.9459331035614014,0.5876722931861877,0,1,1,-0.061272017657756805,0.05406689643859863,0.41232770681381226,0,0,0,0,1.0,0.0,0.0,0.0,0.0,0.0,0.0
1760955870.0491078,0,follower,manual,1.026147484779358,0.9511045217514038,0.48339125514030457,0,1,0,-1.026147484779358,0.04889547824859619,-0.48339125514030457,0,0,0,0,,,,,,,
1760955870.2505298,0,leader,manual,1.026147484779358,0.9511045217514038,0.48339125514030457,0,1,0,-1.026147484779358,0.04889547824859619,-0.48339125514030457,0,0,0,0,1.0,0.0,0.0,0.0,0.0,0.0,0.0
1760955870.351078,1,follower,manual,0.08226476609706879,0.9243527054786682,0.5438396334648132,0,1,1,-0.08226476609706879,0.07564729452133179,0.45616036653518677,0,0,0,0,1.0,0.0,0.0,0.0,0.0,0.0,0.0
1760955870.3522346,0,follower,manual,1.0241425037384033,0.9511326551437378,0.4174349009990692,0,1,0,-1.0241425037384033,0.04886734485626221,-0.4174349009990692,0,0,50,0,,,,,,,
1760955870.5539362,0,leader,manual,1.0241425037384033,0.9511326551437378,0.4174349009990692,0,1,0,-1.0241425037384033,0.04886734485626221,-0.4174349009990692,0,0,50,0,1.0,0.0,0.0,0.0,0.0,0.0,0.0
1760955870.6543322,1,follower,manual,0.10513612627983093,0.9140062928199768,0.5139085650444031,0,1,1,-0.10513612627983093,0.0859937071800232,0.4860914349555969,0,0,50,0,1.0,0.0,0.0,0.0,0.0,0.0,0.0
1760955870.7550738,0,follower,manual,1.0094356536865234,0.9478481411933899,0.26596131920814514,0,1,0,-1.0094356536865234,0.05215185880661011,-0.26596131920814514,0,0,50,0,,,,,,,
1760955879.1694646,0,leader,manual,1.0094356536865234,0.9478481411933899,0.26596131920814514,0,1,0,-1.0094356536865234,0.05215185880661011,-0.26596131920814514,0,0,50,0,1.0,0.0,0.0,0.0,0.0,0.0,0.0
1760955879.2698302,1,follower,manual,0.12223809957504272,0.9249919652938843,0.3473536968231201,0,1,1,-0.12223809957504272,0.07500803470611572,0.6526463031768799,0,0,50,0,1.0,0.0,0.0,0.0,0.0,0.0,0.0
1760955879.2705843,0,follower,manual,1.064119815826416,0.9425936341285706,-1.7811936140060425,0,1,0,-1.064119815826416,0.05740636587142944,1.7811936140060425,0,0,-50,0,,,,,,,
1760955879.6719716,0,leader,manual,1.064119815826416,0.9425936341285706,-1.7811936140060425,0,1,0,-1.064119815826416,0.05740636587142944,1.7811936140060425,0,0,-50,0,1.0,0.0,0.0,0.0,0.0,0.0,0.0
1760955879.772344,1,follower,manual,0.366210401058197,0.9215788245201111,-1.503214716911316,0,1,1,-0.366210401058197,0.07842117547988892,2.503214716911316,0,0,-50,0,1.0,0.0,0.0,0.0,0.0,0.0,0.0
1760955879.7730486,0,follower,manual,1.0626561641693115,0.9414551258087158,-1.7921518087387085,0,1,0,-1.0626561641693115,0.05854487419128418,1.7921518087387085,0,0,-50,0,,,,,,,
1760955879.9744644,0,leader,manual,1.0626561641693115,0.9414551258087158,-1.7921518087387085,0,1,0,-1.0626561641693115,0.05854487419128418,1.7921518087387085,0,0,-50,0,1.0,0.0,0.0,0.0,0.0,0.0,0.0
1760955880.0748532,1,follower,manual,0.366210401058197,0.9215788245201111,-1.503214716911316,0,1,1,-0.366210401058197,0.07842117547988892,2.503214716911316,0,0,-50,0,1.0,0.0,0.0,0.0,0.0,0.0,0.0
1760955880.075423,0,follower,manual,1.0592617988586426,0.9157265424728394,-1.7314945459365845,0,1,0,-1.0592617988586426,0.08427345752716064,1.7314945459365845,0,0,0,0,,,,,,,
1760955880.276619,0,leader,manual,1.0592617988586426,0.9157265424728394,-1.7314945459365845,0,1,0,-1.0592617988586426,0.08427345752716064,1.7314945459365845,0,0,0,0,1.0,0.0,0.0,0.0,0.0,0.0,0.0
1760955880.3769898,1,follower,manual,0.366210401058197,0.9215788245201111,-1.503214716911316,0,1,1,-0.366210401058197,0.07842117547988892,2.503214716911316,0,0,0,0,1.0,0.0,0.0,0.0,0.0,0.0,0.0
1760955880.3773956,0,follower,manual,1.0958503484725952,0.11694231629371643,-1.4392751455307007,0,1,0,-1.0958503484725952,0.8830576837062836,1.4392751455307007,0,0,0,0,,,,,,,
1760955880.578963,0,leader,manual,1.0958503484725952,0.11694231629371643,-1.4392751455307007,0,1,0,-1.0958503484725952,0.8830576837062836,1.4392751455307007,0,0,0,0,1.0,0.0,0.0,0.0,0.0,0.0,0.0
1760955880.6799605,1,follower,manual,0.366210401058197,0.9215788245201111,-1.503214716911316,0,1,1,-0.366210401058197,0.07842117547988892,2.503214716911316,0,0,0,0,1.0,0.0,0.0,0.0,0.0,0.0,0.0
1760955880.680819,0,follower,manual,1.074031114578247,0.04746002331376076,-1.415795922279358,0,1,0,-1.074031114578247,0.9525399766862392,1.415795922279358,0,0,0,0,,,,,,,
1760955880.8849945,0,leader,manual,1.074031114578247,0.04746002331376076,-1.415795922279358,0,1,0,-1.074031114578247,0.9525399766862392,1.415795922279358,0,0,0,0,1.0,0.0,0.0,0.0,0.0,0.0,0.0
1760955880.985299,1,follower,manual,0.366210401058197,0.9215788245201111,-1.503214716911316,0,1,1,-0.366210401058197,0.07842117547988892,2.503214716911316,0,0,0,0,1.0,0.0,0.0,0.0,0.0,0.0,0.0
1760955880.986022,0,follower,manual,1.0739918947219849,0.04749864712357521,-1.4157308340072632,0,1,0,-1.0739918947219849,0.9525013528764248,1.4157308340072632,0,0,0,0,,,,,,,
1760955881.188137,0,leader,manual,1.0739918947219849,0.04749864712357521,-1.4157308340072632,0,1,0,-1.0739918947219849,0.9525013528764248,1.4157308340072632,0,0,0,0,1.0,0.0,0.0,0.0,0.0,0.0,0.0
1760955881.2883723,1,follower,manual,0.366210401058197,0.9215788245201111,-1.503214716911316,0,1,1,-0.366210401058197,0.07842117547988892,2.503214716911316,0,0,0,0,1.0,0.0,0.0,0.0,0.0,0.0,0.0
1760955881.2886238,0,follower,manual,1.074012041091919,0.04750021547079086,-1.4157540798187256,0,1,0,-1.074012041091919,0.9524997845292091,1.4157540798187256,0,0,0,0,,,,,,,
1760955881.4896748,0,leader,manual,1.074012041091919,0.04750021547079086,-1.4157540798187256,0,1,0,-1.074012041091919,0.9524997845292091,1.4157540798187256,0,0,0,0,1.0,0.0,0.0,0.0,0.0,0.0,0.0
1760955881.5899796,1,follower,manual,0.366210401058197,0.9215788245201111,-1.503214716911316,0,1,1,-0.366210401058197,0.07842117547988892,2.503214716911316,0,0,0,0,1.0,0.0,0.0,0.0,0.0,0.0,0.0
1760955881.5904872,0,follower,manual,1.0740172863006592,0.047483302652835846,-1.4157694578170776,0,1,0,-1.0740172863006592,0.9525166973471642,1.4157694578170776,0,0,0,0,,,,,,,
1760955881.791412,0,leader,manual,1.0740172863006592,0.047483302652835846,-1.4157694578170776,0,1,0,-1.0740172863006592,0.9525166973471642,1.4157694578170776,0,0,0,0,1.0,0.0,0.0,0.0,0.0,0.0,0.0
1760955881.891668,1,follower,manual,0.366210401058197,0.9215788245201111,-1.503214716911316,0,1,1,-0.366210401058197,0.07842117547988892,2.503214716911316,0,0,0,0,1.0,0.0,0.0,0.0,0.0,0.0,0.0
1760955881.9923098,0,follower,manual,1.0740107297897339,0.04748445749282837,-1.4157626628875732,0,1,0,-1.0740107297897339,0.9525155425071716,1.4157626628875732,0,0,0,0,,,,,,,
1760955885.8012567,0,leader,manual,1.0740107297897339,0.04748445749282837,-1.4157626628875732,0,1,0,-1.0740107297897339,0.9525155425071716,1.4157626628875732,0,0,0,0,1.0,0.0,0.0,0.0,0.0,0.0,0.0
1760955885.901582,1,follower,manual,0.366210401058197,0.9215788245201111,-1.503214716911316,0,1,1,-0.366210401058197,0.07842117547988892,2.503214716911316,0,0,0,0,1.0,0.0,0.0,0.0,0.0,0.0,0.0
1760955886.0806363,0,leader,manual,0.6917336583137512,0.7668535709381104,0.8324069380760193,0,1,0,-0.6917336583137512,0.23314642906188965,-0.8324069380760193,0,0,0,0,1.0,0.0,0.0,0.0,0.0,0.0,0.0
1760955886.1810262,1,follower,manual,0.021751349791884422,0.7912037372589111,0.7898082733154297,0,1,1,-0.021751349791884422,0.20879626274108887,0.2101917266845703,0,0,0,0,1.0,0.0,0.0,0.0,0.0,0.0,0.0
1760955886.2864628,0,leader,manual,0.6996411681175232,0.8529525399208069,0.8215461373329163,0,1,0,-0.6996411681175232,0.14704746007919312,-0.8215461373329163,0,0,0,0,1.0,0.0,0.0,0.0,0.0,0.0,0.0
1760955886.3870995,1,follower,manual,0.003897450864315033,0.8652442097663879,0.7647291421890259,0,1,1,-0.003897450864315033,0.13475579023361206,0.23527085781097412,0,0,0,0,1.0,0.0,0.0,0.0,0.0,0.0,0.0
1760955886.5951657,0,leader,manual,0.7112775444984436,0.8787619471549988,0.8182659149169922,0,1,0,-0.7112775444984436,0.12123805284500122,-0.8182659149169922,0,0,0,0,1.0,0.0,0.0,0.0,0.0,0.0,0.0
1760955886.6954439,1,follower,manual,-0.003859499003738165,0.8576524257659912,0.7606143355369568,0,1,1,0.003859499003738165,0.1423475742340088,0.2393856644630432,0,0,0,0,1.0,0.0,0.0,0.0,0.0,0.0,0.0
1760955886.904769,0,leader,manual,0.7044430375099182,0.8695865273475647,0.8137897849082947,0,1,0,-0.7044430375099182,0.1304134726524353,-0.8137897849082947,0,0,0,0,1.0,0.0,0.0,0.0,0.0,0.0,0.0
1760955887.0051467,1,follower,manual,-0.023060793057084084,0.8313641548156738,0.7721777558326721,0,1,1,0.023060793057084084,0.16863584518432617,0.22782224416732788,0,0,0,0,1.0,0.0,0.0,0.0,0.0,0.0,0.0
1760955887.122894,0,leader,manual,0.6974433660507202,0.8615643978118896,0.7837404012680054,0,1,0,-0.6974433660507202,0.13843560218811035,-0.7837404012680054,0,0,0,0,1.0,0.0,0.0,0.0,0.0,0.0,0.0
1760955887.2232046,1,follower,manual,-0.039690472185611725,0.8488702178001404,0.7734591960906982,0,1,1,0.039690472185611725,0.15112978219985962,0.22654080390930176,0,0,0,0,1.0,0.0,0.0,0.0,0.0,0.0,0.0
1760955887.3356633,0,leader,manual,0.6915591955184937,0.8524422645568848,0.7593572735786438,0,1,0,-0.6915591955184937,0.14755773544311523,-0.7593572735786438,0,0,0,0,1.0,0.0,0.0,0.0,0.0,0.0,0.0
1760955887.4360547,1,follower,manual,-0.050334323197603226,0.888512134552002,0.7495439648628235,0,1,1,0.050334323197603226,0.11148786544799805,0.2504560351371765,0,0,0,0,1.0,0.0,0.0,0.0,0.0,0.0,0.0
1760955887.5395458,0,leader,manual,0.6864719986915588,0.8588072657585144,0.7308819890022278,0,1,0,-0.6864719986915588,0.1411927342414856,-0.7308819890022278,0,0,0,0,1.0,0.0,0.0,0.0,0.0,0.0,0.0
1760955887.639831,1,follower,manual,-0.06179102882742882,0.8822348713874817,0.7387871742248535,0,1,1,0.06179102882742882,0.11776512861251831,0.2612128257751465,0,0,0,0,1.0,0.0,0.0,0.0,0.0,0.0,0.0
1760955887.744356,0,leader,manual,0.6634688377380371,0.8831978440284729,0.7311908602714539,0,1,0,-0.6634688377380371,0.1168021559715271,-0.7311908602714539,0,0,0,0,1.0,0.0,0.0,0.0,0.0,0.0,0.0
1760955887.8446577,1,follower,manual,-0.05504285544157028,0.8637165427207947,0.7246553301811218,0,1,1,0.05504285544157028,0.13628345727920532,0.2753446698188782,0,0,0,0,1.0,0.0,0.0,0.0,0.0,0.0,0.0
1760955888.0216758,0,leader,manual,0.657609760761261,0.8650146126747131,0.7254024147987366,0,1,0,-0.657609760761261,0.13498538732528687,-0.7254024147987366,0,0,0,0,1.0,0.0,0.0,0.0,0.0,0.0,0.0
1760955888.1219664,1,follower,manual,-0.06878042221069336,0.8549601435661316,0.7341423630714417,0,1,1,0.06878042221069336,0.1450398564338684,0.26585763692855835,0,0,0,0,1.0,0.0,0.0,0.0,0.0,0.0,0.0
1760955888.2497587,0,leader,manual,0.6788023114204407,0.8477203845977783,0.7205833196640015,0,1,0,-0.6788023114204407,0.15227961540222168,-0.7205833196640015,0,0,0,0,1.0,0.0,0.0,0.0,0.0,0.0,0.0
1760955888.3500721,1,follower,manual,-0.08827211707830429,0.8252995610237122,0.7395510673522949,0,1,1,0.08827211707830429,0.17470043897628784,0.2604489326477051,0,0,0,0,1.0,0.0,0.0,0.0,0.0,0.0,0.0
1760955888.5238748,0,leader,manual,0.6889541149139404,0.871349573135376,0.6857552528381348,0,1,0,-0.6889541149139404,0.12865042686462402,-0.6857552528381348,0,0,0,0,1.0,0.0,0.0,0.0,0.0,0.0,0.0
1760955888.624297,1,follower,manual,-0.07782087475061417,0.8397775292396545,0.7598278522491455,0,1,1,0.07782087475061417,0.16022247076034546,0.2401721477508545,0,0,0,0,1.0,0.0,0.0,0.0,0.0,0.0,0.0
1760955888.7273667,0,leader,manual,0.6860263347625732,0.8546985387802124,0.6940433382987976,0,1,0,-0.6860263347625732,0.1453014612197876,-0.6940433382987976,0,0,0,0,1.0,0.0,0.0,0.0,0.0,0.0,0.0
1760955888.8278804,1,follower,manual,-0.06487027555704117,0.8464736938476562,0.7323173880577087,0,1,1,0.06487027555704117,0.15352630615234375,0.26768261194229126,0,0,0,0,1.0,0.0,0.0,0.0,0.0,0.0,0.0
1760955888.9308546,0,leader,manual,0.686790406703949,0.862761914730072,0.6917939186096191,0,1,0,-0.686790406703949,0.13723808526992798,-0.6917939186096191,0,0,0,0,1.0,0.0,0.0,0.0,0.0,0.0,0.0
1760955889.031126,1,follower,manual,-0.05264388024806976,0.8305951952934265,0.7106399536132812,0,1,1,0.05264388024806976,0.1694048047065735,0.28936004638671875,0,0,0,0,1.0,0.0,0.0,0.0,0.0,0.0,0.0
1760955889.137059,0,leader,manual,0.7096344828605652,0.868952751159668,0.6794400811195374,0,1,0,-0.7096344828605652,0.13104724884033203,-0.6794400811195374,0,0,0,0,1.0,0.0,0.0,0.0,0.0,0.0,0.0
1760955889.2375433,1,follower,manual,-0.050193436443805695,0.8117755651473999,0.7096919417381287,0,1,1,0.050193436443805695,0.1882244348526001,0.29030805826187134,0,0,0,0,1.0,0.0,0.0,0.0,0.0,0.0,0.0
1760955889.3388093,0,leader,manual,0.7844125628471375,0.8966655731201172,0.7027926445007324,0,1,0,-0.7844125628471375,0.10333442687988281,-0.7027926445007324,0,0,0,0,1.0,0.0,0.0,0.0,0.0,0.0,0.0
1760955889.4390957,1,follower,manual,-0.06211171671748161,0.8637779355049133,0.7520683407783508,0,1,1,0.06211171671748161,0.13622206449508667,0.24793165922164917,0,0,0,0,1.0,0.0,0.0,0.0,0.0,0.0,0.0
1760955889.7161188,0,leader,manual,0.8673624396324158,0.9352597594261169,0.7790044546127319,0,1,0,-0.8673624396324158,0.06474024057388306,-0.7790044546127319,0,0,0,0,1.0,0.0,0.0,0.0,0.0,0.0,0.0
1760955889.8165884,1,follower,manual,-0.019352560862898827,0.9316573143005371,0.8530465960502625,0,1,1,0.019352560862898827,0.06834268569946289,0.14695340394973755,0,0,0,0,1.0,0.0,0.0,0.0,0.0,0.0,0.0
1760955889.9308362,0,leader,manual,0.9332408905029297,0.9372349977493286,0.9181486964225769,0,1,0,-0.9332408905029297,0.06276500225067139,-0.9181486964225769,0,0,0,0,1.0,0.0,0.0,0.0,0.0,0.0,0.0
1760955890.0310903,1,follower,manual,0.07306822389364243,0.9317843914031982,1.0527713298797607,0,1,1,-0.07306822389364243,0.06821560859680176,-0.05277132987976074,0,0,0,0,1.0,0.0,0.0,0.0,0.0,0.0,0.0
1760955890.1352339,0,leader,manual,0.947918713092804,0.9276189804077148,0.9211746454238892,0,1,0,-0.947918713092804,0.07238101959228516,-0.9211746454238892,0,0,0,0,1.0,0.0,0.0,0.0,0.0,0.0,0.0
1760955890.2355886,1,follower,manual,0.07283549010753632,0.9285413026809692,1.0374616384506226,0,1,1,-0.07283549010753632,0.07145869731903076,-0.03746163845062256,0,0,0,0,1.0,0.0,0.0,0.0,0.0,0.0,0.0
1760955890.343897,0,leader,manual,0.9480156302452087,0.9226107001304626,0.8899058103561401,0,1,0,-0.9480156302452087,0.07738929986953735,-0.8899058103561401,0,0,0,0,1.0,0.0,0.0,0.0,0.0,0.0,0.0
1760955890.4442527,1,follower,manual,0.03659339249134064,0.9321238994598389,0.9870339035987854,0,1,1,-0.03659339249134064,0.06787610054016113,0.0129660964012146,0,0,0,0,1.0,0.0,0.0,0.0,0.0,0.0,0.0
1760955890.6182199,0,leader,manual,0.9483320116996765,0.9263656735420227,0.8807430863380432,0,1,0,-0.9483320116996765,0.0736343264579773,-0.8807430863380432,0,0,0,0,1.0,0.0,0.0,0.0,0.0,0.0,0.0
1760955890.7187881,1,follower,manual,-0.0026680075097829103,0.9218960404396057,0.9622530937194824,0,1,1,0.0026680075097829103,0.07810395956039429,0.03774690628051758,0,0,0,0,1.0,0.0,0.0,0.0,0.0,0.0,0.0
1760955890.8235946,0,leader,manual,0.9650527834892273,0.9215553998947144,0.8811593055725098,0,1,0,-0.9650527834892273,0.07844460010528564,-0.8811593055725098,0,0,0,0,1.0,0.0,0.0,0.0,0.0,0.0,0.0
1760955890.924027,1,follower,manual,0.013400093652307987,0.9317101240158081,0.9533058404922485,0,1,1,-0.013400093652307987,0.0682898759841919,0.046694159507751465,0,0,0,0,1.0,0.0,0.0,0.0,0.0,0.0,0.0
1760955891.1211548,0,leader,manual,0.9688746333122253,0.9125298857688904,0.8941124081611633,0,1,0,-0.9688746333122253,0.08747011423110962,-0.8941124081611633,0,0,0,0,1.0,0.0,0.0,0.0,0.0,0.0,0.0
1760955891.2254148,1,follower,manual,0.015712805092334747,0.8995247483253479,0.956624448299408,0,1,1,-0.015712805092334747,0.1004752516746521,0.04337555170059204,0,0,0,0,1.0,0.0,0.0,0.0,0.0,0.0,0.0
1760955891.3313105,0,leader,manual,0.9734460115432739,0.9044151306152344,0.9048611521720886,0,1,0,-0.9734460115432739,0.09558486938476562,-0.9048611521720886,0,0,0,0,1.0,0.0,0.0,0.0,0.0,0.0,0.0
1760955891.4316509,1,follower,manual,0.019439440220594406,0.9225509166717529,0.9403514266014099,0,1,1,-0.019439440220594406,0.07744908332824707,0.05964857339859009,0,0,0,0,1.0,0.0,0.0,0.0,0.0,0.0,0.0
1760955891.5618453,0,leader,manual,0.9544302225112915,0.9120081663131714,0.9057427048683167,0,1,0,-0.9544302225112915,0.08799183368682861,-0.9057427048683167,0,0,0,0,1.0,0.0,0.0,0.0,0.0,0.0,0.0
1760955891.6625566,1,follower,manual,0.016467534005641937,0.9456272721290588,0.9415647983551025,0,1,1,-0.016467534005641937,0.05437272787094116,0.05843520164489746,0,0,0,0,1.0,0.0,0.0,0.0,0.0,0.0,0.0
1760955891.816645,0,leader,manual,0.9618542194366455,0.9203789234161377,0.886443555355072,0,1,0,-0.9618542194366455,0.0796210765838623,-0.886443555355072,0,0,0,0,1.0,0.0,0.0,0.0,0.0,0.0,0.0
1760955891.9170856,1,follower,manual,0.010002600960433483,0.9773833751678467,0.9298580884933472,0,1,1,-0.010002600960433483,0.02261662483215332,0.07014191150665283,0,0,0,0,1.0,0.0,0.0,0.0,0.0,0.0,0.0
1760955892.020448,0,leader,manual,0.9716393351554871,0.9210124611854553,0.8255226612091064,0,1,0,-0.9716393351554871,0.07898753881454468,-0.8255226612091064,0,0,0,0,1.0,0.0,0.0,0.0,0.0,0.0,0.0
1760955892.1214445,1,follower,manual,0.054140355437994,0.9553251266479492,0.8948783874511719,0,1,1,-0.054140355437994,0.04467487335205078,0.10512161254882812,0,0,0,0,1.0,0.0,0.0,0.0,0.0,0.0,0.0
1760955892.2247932,0,leader,manual,0.9690742492675781,0.9177928566932678,0.7369570136070251,0,1,0,-0.9690742492675781,0.08220714330673218,-0.7369570136070251,0,0,0,0,1.0,0.0,0.0,0.0,0.0,0.0,0.0
1760955892.3253708,1,follower,manual,0.06623534113168716,0.9440692663192749,0.7772945761680603,0,1,1,-0.06623534113168716,0.0559307336807251,0.2227054238319397,0,0,0,0,1.0,0.0,0.0,0.0,0.0,0.0,0.0
1760955892.4296217,0,leader,manual,0.9644057154655457,0.9252418279647827,0.6036694645881653,0,1,0,-0.9644057154655457,0.07475817203521729,-0.6036694645881653,0,0,0,0,1.0,0.0,0.0,0.0,0.0,0.0,0.0
1760955892.5299532,1,follower,manual,0.06323032826185226,0.9500870108604431,0.6317182183265686,0,1,1,-0.06323032826185226,0.049912989139556885,0.3682817816734314,0,0,0,0,1.0,0.0,0.0,0.0,0.0,0.0,0.0
1760955892.6371174,0,leader,manual,0.9872364401817322,0.9389727115631104,0.5063838362693787,0,1,0,-0.9872364401817322,0.06102728843688965,-0.5063838362693787,0,0,0,0,1.0,0.0,0.0,0.0,0.0,0.0,0.0
1760955892.7374222,1,follower,manual,0.06513763219118118,0.9350796937942505,0.5555572509765625,0,1,1,-0.06513763219118118,0.06492030620574951,0.4444427490234375,0,0,0,0,1.0,0.0,0.0,0.0,0.0,0.0,0.0
1760955892.8394494,0,leader,manual,1.0280189514160156,0.9509745836257935,0.4804080128669739,0,1,0,-1.0280189514160156,0.04902541637420654,-0.4804080128669739,0,0,0,0,1.0,0.0,0.0,0.0,0.0,0.0,0.0
1760955892.9399676,1,follower,manual,0.08457120507955551,0.9259027242660522,0.5438830256462097,0,1,1,-0.08457120507955551,0.07409727573394775,0.4561169743537903,0,0,0,0,1.0,0.0,0.0,0.0,0.0,0.0,0.0
1760955893.0437083,0,leader,manual,1.0281386375427246,0.9537272453308105,0.4442846179008484,0,1,0,-1.0281386375427246,0.04627275466918945,-0.4442846179008484,0,0,0,0,1.0,0.0,0.0,0.0,0.0,0.0,0.0
1760955893.1440513,1,follower,manual,0.09931085258722305,0.9238135814666748,0.5374442338943481,0,1,1,-0.09931085258722305,0.0761864185333252,0.46255576610565186,0,0,0,0,1.0,0.0,0.0,0.0,0.0,0.0,0.0
1760955893.2467074,0,leader,manual,1.0141308307647705,0.9499361515045166,0.36139926314353943,0,1,0,-1.0141308307647705,0.0500638484954834,-0.36139926314353943,0,0,0,0,1.0,0.0,0.0,0.0,0.0,0.0,0.0
1760955893.4472947,1,follower,manual,0.10844369977712631,0.9138142466545105,0.4604070484638214,0,1,1,-0.10844369977712631,0.0861857533454895,0.5395929515361786,0,0,0,0,1.0,0.0,0.0,0.0,0.0,0.0,0.0
1760955893.5532162,0,leader,manual,1.0243191719055176,0.9483614563941956,0.23802907764911652,0,1,0,-1.0243191719055176,0.05163854360580444,-0.23802907764911652,0,0,0,0,1.0,0.0,0.0,0.0,0.0,0.0,0.0
1760955893.6536558,1,follower,manual,0.16091156005859375,0.9225241541862488,0.3170720040798187,0,1,1,-0.16091156005859375,0.07747584581375122,0.6829279959201813,0,0,0,0,1.0,0.0,0.0,0.0,0.0,0.0,0.0
1760955893.761389,0,leader,manual,1.0474299192428589,0.9489139318466187,0.2005566507577896,0,1,0,-1.0474299192428589,0.05108606815338135,-0.2005566507577896,0,0,0,0,1.0,0.0,0.0,0.0,0.0,0.0,0.0
1760955893.861615,1,follower,manual,0.22284281253814697,0.9330014586448669,0.2830316722393036,0,1,1,-0.22284281253814697,0.06699854135513306,0.7169683277606964,0,0,0,0,1.0,0.0,0.0,0.0,0.0,0.0,0.0
1760955894.0326931,0,leader,manual,1.0447767972946167,0.9367150068283081,0.13079245388507843,0,1,0,-1.0447767972946167,0.0632849931716919,-0.13079245388507843,0,0,0,0,1.0,0.0,0.0,0.0,0.0,0.0,0.0
1760955894.1330166,1,follower,manual,0.24031692743301392,0.9308132529258728,0.20157937705516815,0,1,1,-0.24031692743301392,0.0691867470741272,0.7984206229448318,0,0,0,0,1.0,0.0,0.0,0.0,0.0,0.0,0.0
1760955894.2363653,0,leader,manual,1.0237923860549927,0.9376579523086548,0.058399081230163574,0,1,0,-1.0237923860549927,0.062342047691345215,-0.058399081230163574,0,0,0,0,1.0,0.0,0.0,0.0,0.0,0.0,0.0
1760955894.3367956,1,follower,manual,0.2188047170639038,0.9356622695922852,0.07132256031036377,0,1,1,-0.2188047170639038,0.06433773040771484,0.9286774396896362,0,0,0,0,1.0,0.0,0.0,0.0,0.0,0.0,0.0
1760955894.5029175,0,leader,manual,1.0167871713638306,0.9405129551887512,0.0025023198686540127,0,1,0,-1.0167871713638306,0.05948704481124878,-0.0025023198686540127,0,0,0,0,1.0,0.0,0.0,0.0,0.0,0.0,0.0
1760955894.6034148,1,follower,manual,0.22373394668102264,0.9266160130500793,0.050311699509620667,0,1,1,-0.22373394668102264,0.07338398694992065,0.9496883004903793,0,0,0,0,1.0,0.0,0.0,0.0,0.0,0.0,0.0
1760955894.7463923,0,leader,manual,1.0439894199371338,0.9355834722518921,-0.04558311402797699,0,1,0,-1.0439894199371338,0.06441652774810791,0.04558311402797699,0,0,0,0,1.0,0.0,0.0,0.0,0.0,0.0,0.0
1760955894.846683,1,follower,manual,0.25466009974479675,0.9233006238937378,0.05892908573150635,0,1,1,-0.25466009974479675,0.07669937610626221,0.9410709142684937,0,0,0,0,1.0,0.0,0.0,0.0,0.0,0.0,0.0
1760955894.9515088,0,leader,manual,1.0523252487182617,0.9201196432113647,-0.05960923805832863,0,1,0,-1.0523252487182617,0.07988035678863525,0.05960923805832863,0,0,0,0,1.0,0.0,0.0,0.0,0.0,0.0,0.0
1760955895.0517442,1,follower,manual,0.2764354944229126,0.9399614334106445,0.07758390158414841,0,1,1,-0.2764354944229126,0.06003856658935547,0.9224160984158516,0,0,0,0,1.0,0.0,0.0,0.0,0.0,0.0,0.0
1760955895.153838,0,leader,manual,1.0361145734786987,0.9161801934242249,-0.0782323032617569,0,1,0,-1.0361145734786987,0.08381980657577515,0.0782323032617569,0,0,0,0,1.0,0.0,0.0,0.0,0.0,0.0,0.0
1760955895.2540872,1,follower,manual,0.2797394096851349,0.9248198866844177,0.07513362169265747,0,1,1,-0.2797394096851349,0.07518011331558228,0.9248663783073425,0,0,0,0,1.0,0.0,0.0,0.0,0.0,0.0,0.0
1760955895.3601296,0,leader,manual,1.02727210521698,0.9350389242172241,-0.13396736979484558,0,1,0,-1.02727210521698,0.06496107578277588,0.13396736979484558,0,0,0,0,1.0,0.0,0.0,0.0,0.0,0.0,0.0
1760955895.4604602,1,follower,manual,0.2907905876636505,0.885021448135376,0.01654273457825184,0,1,1,-0.2907905876636505,0.11497855186462402,0.9834572654217482,0,0,0,0,1.0,0.0,0.0,0.0,0.0,0.0,0.0
1760955895.5641065,0,leader,manual,1.0265010595321655,0.9521039724349976,-0.267482727766037,0,1,0,-1.0265010595321655,0.04789602756500244,0.267482727766037,0,0,0,0,1.0,0.0,0.0,0.0,0.0,0.0,0.0
1760955895.6650157,1,follower,manual,0.33858251571655273,0.8786813616752625,-0.05459016188979149,0,1,1,-0.33858251571655273,0.12131863832473755,1.0545901618897915,0,0,0,0,1.0,0.0,0.0,0.0,0.0,0.0,0.0
1760955895.7668955,0,leader,manual,1.016910195350647,0.9718535542488098,-0.4272664189338684,0,1,0,-1.016910195350647,0.028146445751190186,0.4272664189338684,0,0,0,0,1.0,0.0,0.0,0.0,0.0,0.0,0.0
1760955895.8672476,1,follower,manual,0.36675024032592773,0.8822774887084961,-0.16251757740974426,0,1,1,-0.36675024032592773,0.1177225112915039,1.1625175774097443,0,0,0,0,1.0,0.0,0.0,0.0,0.0,0.0,0.0
1760955896.0313375,0,leader,manual,1.0255376100540161,0.9682507514953613,-0.5638713240623474,0,1,0,-1.0255376100540161,0.03174924850463867,0.5638713240623474,0,0,0,0,1.0,0.0,0.0,0.0,0.0,0.0,0.0
1760955896.1315906,1,follower,manual,0.3838234543800354,0.9310641288757324,-0.27166086435317993,0,1,1,-0.3838234543800354,0.06893587112426758,1.27166086435318,0,0,0,0,1.0,0.0,0.0,0.0,0.0,0.0,0.0
1760955896.2361188,0,leader,manual,1.0556074380874634,0.9432275891304016,-0.7188712954521179,0,1,0,-1.0556074380874634,0.05677241086959839,0.7188712954521179,0,0,0,0,1.0,0.0,0.0,0.0,0.0,0.0,0.0
1760955896.3363612,1,follower,manual,0.4012332558631897,0.9435017108917236,-0.3791247606277466,0,1,1,-0.4012332558631897,0.05649828910827637,1.3791247606277466,0,0,0,0,1.0,0.0,0.0,0.0,0.0,0.0,0.0
1760955896.4477854,0,leader,manual,1.0310351848602295,0.9136787056922913,-0.8185703754425049,0,1,0,-1.0310351848602295,0.08632129430770874,0.8185703754425049,0,0,0,0,1.0,0.0,0.0,0.0,0.0,0.0,0.0
1760955896.54819,1,follower,manual,0.3910338282585144,0.9094091057777405,-0.4785368740558624,0,1,1,-0.3910338282585144,0.09059089422225952,1.4785368740558624,0,0,0,0,1.0,0.0,0.0,0.0,0.0,0.0,0.0
1760955896.6617892,0,leader,manual,1.004429578781128,0.9142010807991028,-0.9326705932617188,0,1,0,-1.004429578781128,0.08579891920089722,0.9326705932617188,0,0,0,0,1.0,0.0,0.0,0.0,0.0,0.0,0.0
1760955896.7622762,1,follower,manual,0.3396664261817932,0.9178759455680847,-0.5409049987792969,0,1,1,-0.3396664261817932,0.08212405443191528,1.5409049987792969,0,0,0,0,1.0,0.0,0.0,0.0,0.0,0.0,0.0
1760955896.9663,0,leader,manual,0.9854691028594971,0.9352820515632629,-1.061912178993225,0,1,0,-0.9854691028594971,0.06471794843673706,1.061912178993225,0,0,0,0,1.0,0.0,0.0,0.0,0.0,0.0,0.0
1760955897.0667527,1,follower,manual,0.33776870369911194,0.8942346572875977,-0.5515446662902832,0,1,1,-0.33776870369911194,0.10576534271240234,1.5515446662902832,0,0,0,0,1.0,0.0,0.0,0.0,0.0,0.0,0.0
1760955897.1690614,0,leader,manual,0.9954201579093933,0.957036554813385,-1.252506971359253,0,1,0,-0.9954201579093933,0.04296344518661499,1.252506971359253,0,0,0,0,1.0,0.0,0.0,0.0,0.0,0.0,0.0
1760955897.269418,1,follower,manual,0.3950609862804413,0.9110527038574219,-0.5354567170143127,0,1,1,-0.3950609862804413,0.08894729614257812,1.5354567170143127,0,0,0,0,1.0,0.0,0.0,0.0,0.0,0.0,0.0
1760955897.3786364,0,leader,manual,1.0389065742492676,0.954836905002594,-1.3867783546447754,0,1,0,-1.0389065742492676,0.045163094997406006,1.3867783546447754,0,0,0,0,1.0,0.0,0.0,0.0,0.0,0.0,0.0
1760955897.4789107,1,follower,manual,0.4091745913028717,0.9072445034980774,-0.616354763507843,0,1,1,-0.4091745913028717,0.09275549650192261,1.616354763507843,0,0,0,0,1.0,0.0,0.0,0.0,0.0,0.0,0.0
1760955897.681588,0,leader,manual,1.0816978216171265,0.951952338218689,-1.496622085571289,0,1,0,-1.0816978216171265,0.048047661781311035,1.496622085571289,0,0,0,0,1.0,0.0,0.0,0.0,0.0,0.0,0.0
1760955897.781929,1,follower,manual,0.38560792803764343,0.9125513434410095,-0.7236332297325134,0,1,1,-0.38560792803764343,0.08744865655899048,1.7236332297325134,0,0,0,0,1.0,0.0,0.0,0.0,0.0,0.0,0.0
1760955897.8840728,0,leader,manual,1.0624109506607056,0.9486220479011536,-1.664612054824829,0,1,0,-1.0624109506607056,0.051377952098846436,1.664612054824829,0,0,0,0,1.0,0.0,0.0,0.0,0.0,0.0,0.0
1760955897.984372,1,follower,manual,0.3131397068500519,0.9047126173973083,-0.788873553276062,0,1,1,-0.3131397068500519,0.09528738260269165,1.788873553276062,0,0,0,0,1.0,0.0,0.0,0.0,0.0,0.0,0.0
1760955898.1304538,0,leader,manual,1.0456833839416504,0.9431695342063904,-1.7797755002975464,0,1,0,-1.0456833839416504,0.05683046579360962,1.7797755002975464,0,0,0,0,1.0,0.0,0.0,0.0,0.0,0.0,0.0
1760955898.2307951,1,follower,manual,0.2824268639087677,0.888488233089447,-0.7725306749343872,0,1,1,-0.2824268639087677,0.11151176691055298,1.7725306749343872,0,0,0,0,1.0,0.0,0.0,0.0,0.0,0.0,0.0
1760955898.342593,0,leader,manual,1.0446197986602783,0.943347156047821,-1.798100471496582,0,1,0,-1.0446197986602783,0.056652843952178955,1.798100471496582,0,0,0,0,1.0,0.0,0.0,0.0,0.0,0.0,0.0
1760955898.4428644,1,follower,manual,0.2877921760082245,0.8673180937767029,-0.7027583718299866,0,1,1,-0.2877921760082245,0.13268190622329712,1.7027583718299866,0,0,0,0,1.0,0.0,0.0,0.0,0.0,0.0,0.0
1760955898.5463912,0,leader,manual,1.0444310903549194,0.9441860914230347,-1.7957165241241455,0,1,0,-1.0444310903549194,0.05581390857696533,1.7957165241241455,0,0,0,0,1.0,0.0,0.0,0.0,0.0,0.0,0.0
1760955898.646667,1,follower,manual,0.3006196618080139,0.8930903077125549,-0.6720815896987915,0,1,1,-0.3006196618080139,0.10690969228744507,1.6720815896987915,0,0,0,0,1.0,0.0,0.0,0.0,0.0,0.0,0.0
1760955898.7505534,0,leader,manual,1.0440118312835693,0.9440004825592041,-1.7951104640960693,0,1,0,-1.0440118312835693,0.0559995174407959,1.7951104640960693,0,0,0,0,1.0,0.0,0.0,0.0,0.0,0.0,0.0
1760955898.8508816,1,follower,manual,0.30035483837127686,0.9191612005233765,-0.6681408882141113,0,1,1,-0.30035483837127686,0.08083879947662354,1.6681408882141113,0,0,0,0,1.0,0.0,0.0,0.0,0.0,0.0,0.0
1760955899.0081546,0,leader,manual,1.0433820486068726,0.9432142972946167,-1.7922831773757935,0,1,0,-1.0433820486068726,0.0567857027053833,1.7922831773757935,0,0,0,0,1.0,0.0,0.0,0.0,0.0,0.0,0.0
1760955899.1086738,1,follower,manual,0.30203282833099365,0.8974499702453613,-0.665042519569397,0,1,1,-0.30203282833099365,0.10255002975463867,1.665042519569397,0,0,0,0,1.0,0.0,0.0,0.0,0.0,0.0,0.0
1760955899.2478068,0,leader,manual,1.0449254512786865,0.954120397567749,-1.809248924255371,0,1,0,-1.0449254512786865,0.04587960243225098,1.809248924255371,0,0,0,0,1.0,0.0,0.0,0.0,0.0,0.0,0.0
1760955899.3480904,1,follower,manual,0.3072623014450073,0.8854361772537231,-0.6690661311149597,0,1,1,-0.3072623014450073,0.11456382274627686,1.6690661311149597,0,0,0,0,1.0,0.0,0.0,0.0,0.0,0.0,0.0
1760955899.4664257,0,leader,manual,1.0438449382781982,0.9535803198814392,-1.796288013458252,0,1,0,-1.0438449382781982,0.04641968011856079,1.796288013458252,0,0,0,0,1.0,0.0,0.0,0.0,0.0,0.0,0.0
1760955899.5668347,1,follower,manual,0.3034989535808563,0.8997005224227905,-0.6711622476577759,0,1,1,-0.3034989535808563,0.10029947757720947,1.6711622476577759,0,0,0,0,1.0,0.0,0.0,0.0,0.0,0.0,0.0
1760955899.673029,0,leader,manual,1.0436655282974243,0.9547020792961121,-1.7949539422988892,0,1,0,-1.0436655282974243,0.04529792070388794,1.7949539422988892,0,0,0,0,1.0,0.0,0.0,0.0,0.0,0.0,0.0
1760955899.7733462,1,follower,manual,0.30346789956092834,0.9093509912490845,-0.6700507402420044,0,1,1,-0.30346789956092834,0.09064900875091553,1.6700507402420044,0,0,0,0,1.0,0.0,0.0,0.0,0.0,0.0,0.0
1760955899.957097,0,leader,manual,1.0447032451629639,0.9548314809799194,-1.792760968208313,0,1,0,-1.0447032451629639,0.045168519020080566,1.792760968208313,0,0,0,0,1.0,0.0,0.0,0.0,0.0,0.0,0.0
1760955900.0573583,1,follower,manual,0.3126795291900635,0.9333102107048035,-0.6659494638442993,0,1,1,-0.3126795291900635,0.06668978929519653,1.6659494638442993,0,0,0,0,1.0,0.0,0.0,0.0,0.0,0.0,0.0
1760955900.1615906,0,leader,manual,1.0468500852584839,0.9551840424537659,-1.7939006090164185,0,1,0,-1.0468500852584839,0.04481595754623413,1.7939006090164185,0,0,0,0,1.0,0.0,0.0,0.0,0.0,0.0,0.0
1760955900.2618546,1,follower,manual,0.35131165385246277,0.9240176677703857,-0.6605278849601746,0,1,1,-0.35131165385246277,0.07598233222961426,1.6605278849601746,0,0,0,0,1.0,0.0,0.0,0.0,0.0,0.0,0.0
1760955900.3690965,0,leader,manual,1.0489561557769775,0.9535319805145264,-1.7922598123550415,0,1,0,-1.0489561557769775,0.04646801948547363,1.7922598123550415,0,0,0,0,1.0,0.0,0.0,0.0,0.0,0.0,0.0
1760955900.469419,1,follower,manual,0.37651363015174866,0.9097163677215576,-0.7007982730865479,0,1,1,-0.37651363015174866,0.09028363227844238,1.7007982730865479,0,0,0,0,1.0,0.0,0.0,0.0,0.0,0.0,0.0
1760955900.5729892,0,leader,manual,1.0494433641433716,0.9560465216636658,-1.7959219217300415,0,1,0,-1.0494433641433716,0.04395347833633423,1.7959219217300415,0,0,0,0,1.0,0.0,0.0,0.0,0.0,0.0,0.0
1760955900.6734304,1,follower,manual,0.3913528621196747,0.9048885107040405,-0.7703583240509033,0,1,1,-0.3913528621196747,0.09511148929595947,1.7703583240509033,0,0,0,0,1.0,0.0,0.0,0.0,0.0,0.0,0.0
1760955900.8743634,0,leader,manual,1.0538263320922852,0.9567890167236328,-1.8051294088363647,0,1,0,-1.0538263320922852,0.04321098327636719,1.8051294088363647,0,0,0,0,1.0,0.0,0.0,0.0,0.0,0.0,0.0
1760955900.9747362,1,follower,manual,0.3973042070865631,0.9039008021354675,-0.8473417162895203,0,1,1,-0.3973042070865631,0.09609919786453247,1.8473417162895203,0,0,0,0,1.0,0.0,0.0,0.0,0.0,0.0,0.0
1760955901.0855277,0,leader,manual,1.072475790977478,0.9547462463378906,-1.8133827447891235,0,1,0,-1.072475790977478,0.045253753662109375,1.8133827447891235,0,0,0,0,1.0,0.0,0.0,0.0,0.0,0.0,0.0
1760955901.1858783,1,follower,manual,0.38952329754829407,0.9053610563278198,-0.9911693334579468,0,1,1,-0.38952329754829407,0.09463894367218018,1.9911693334579468,0,0,0,0,1.0,0.0,0.0,0.0,0.0,0.0,0.0
1760955901.2896886,0,leader,manual,1.0637847185134888,0.9560701251029968,-1.8085579872131348,0,1,0,-1.0637847185134888,0.043929874897003174,1.8085579872131348,0,0,0,0,1.0,0.0,0.0,0.0,0.0,0.0,0.0
1760955901.3901882,1,follower,manual,0.37894099950790405,0.914071261882782,-1.1117804050445557,0,1,1,-0.37894099950790405,0.08592873811721802,2.1117804050445557,0,0,0,0,1.0,0.0,0.0,0.0,0.0,0.0,0.0
1760955901.494064,0,leader,manual,1.0727936029434204,0.9515321850776672,-1.8045475482940674,0,1,0,-1.0727936029434204,0.048467814922332764,1.8045475482940674,0,0,0,0,1.0,0.0,0.0,0.0,0.0,0.0,0.0
1760955901.5943496,1,follower,manual,0.3699771761894226,0.8864223957061768,-1.2468976974487305,0,1,1,-0.3699771761894226,0.11357760429382324,2.2468976974487305,0,0,0,0,1.0,0.0,0.0,0.0,0.0,0.0,0.0
1760955901.698265,0,leader,manual,1.0554605722427368,0.9514696002006531,-1.7860772609710693,0,1,0,-1.0554605722427368,0.048530399799346924,1.7860772609710693,0,0,0,0,1.0,0.0,0.0,0.0,0.0,0.0,0.0
1760955901.7985377,1,follower,manual,0.377766877412796,0.9159143567085266,-1.3967821598052979,0,1,1,-0.377766877412796,0.08408564329147339,2.396782159805298,0,0,0,0,1.0,0.0,0.0,0.0,0.0,0.0,0.0
1760955901.9032493,0,leader,manual,1.0572487115859985,0.9468623399734497,-1.7799659967422485,0,1,0,-1.0572487115859985,0.05313766002655029,1.7799659967422485,0,0,0,0,1.0,0.0,0.0,0.0,0.0,0.0,0.0
1760955902.0035174,1,follower,manual,0.366210401058197,0.9215788245201111,-1.503214716911316,0,1,1,-0.366210401058197,0.07842117547988892,2.503214716911316,0,0,0,0,1.0,0.0,0.0,0.0,0.0,0.0,0.0
1760955902.1144745,0,leader,manual,1.0665491819381714,0.9409829378128052,-1.779443621635437,0,1,0,-1.0665491819381714,0.059017062187194824,1.779443621635437,0,0,0,0,1.0,0.0,0.0,0.0,0.0,0.0,0.0
1760955902.214819,1,follower,manual,0.366210401058197,0.9215788245201111,-1.503214716911316,0,1,1,-0.366210401058197,0.07842117547988892,2.503214716911316,0,0,0,0,1.0,0.0,0.0,0.0,0.0,0.0,0.0
1760955902.3637369,0,leader,manual,0.9302873611450195,0.9875641465187073,-1.78799307346344,0,1,0,-0.9302873611450195,0.012435853481292725,1.78799307346344,0,0,0,0,1.0,0.0,0.0,0.0,0.0,0.0,0.0
1760955902.4641464,1,follower,manual,0.366210401058197,0.9215788245201111,-1.503214716911316,0,1,1,-0.366210401058197,0.07842117547988892,2.503214716911316,0,0,0,0,1.0,0.0,0.0,0.0,0.0,0.0,0.0
1760955902.5901868,0,leader,manual,1.0606632232666016,0.9422460198402405,-1.7926698923110962,0,1,0,-1.0606632232666016,0.05775398015975952,1.7926698923110962,0,0,0,0,1.0,0.0,0.0,0.0,0.0,0.0,0.0
1760955902.6904607,1,follower,manual,0.366210401058197,0.9215788245201111,-1.503214716911316,0,1,1,-0.366210401058197,0.07842117547988892,2.503214716911316,0,0,0,0,1.0,0.0,0.0,0.0,0.0,0.0,0.0
1760955902.7965682,0,leader,manual,1.062772512435913,0.9334394931793213,-1.7725483179092407,0,1,0,-1.062772512435913,0.06656050682067871,1.7725483179092407,0,0,0,0,1.0,0.0,0.0,0.0,0.0,0.0,0.0
1760955902.8968368,1,follower,manual,0.366210401058197,0.9215788245201111,-1.503214716911316,0,1,1,-0.366210401058197,0.07842117547988892,2.503214716911316,0,0,0,0,1.0,0.0,0.0,0.0,0.0,0.0,0.0
1760955903.0015595,0,leader,manual,1.0915619134902954,0.5403383374214172,-1.7195160388946533,0,1,0,-1.0915619134902954,0.45966166257858276,1.7195160388946533,0,0,0,0,1.0,0.0,0.0,0.0,0.0,0.0,0.0
1760955903.2030277,1,follower,manual,0.366210401058197,0.9215788245201111,-1.503214716911316,0,1,1,-0.366210401058197,0.07842117547988892,2.503214716911316,0,0,0,0,1.0,0.0,0.0,0.0,0.0,0.0,0.0
1760955903.3685029,0,leader,manual,1.0738871097564697,0.04754731431603432,-1.415854811668396,0,1,0,-1.0738871097564697,0.9524526856839657,1.415854811668396,0,0,0,0,1.0,0.0,0.0,0.0,0.0,0.0,0.0
1760955903.4688556,1,follower,manual,0.366210401058197,0.9215788245201111,-1.503214716911316,0,1,1,-0.366210401058197,0.07842117547988892,2.503214716911316,0,0,0,0,1.0,0.0,0.0,0.0,0.0,0.0,0.0
1760955903.5737243,0,leader,manual,1.074007511138916,0.04750680923461914,-1.415748953819275,0,1,0,-1.074007511138916,0.9524931907653809,1.415748953819275,0,0,0,0,1.0,0.0,0.0,0.0,0.0,0.0,0.0
1760955903.6740987,1,follower,manual,0.366210401058197,0.9215788245201111,-1.503214716911316,0,1,1,-0.366210401058197,0.07842117547988892,2.503214716911316,0,0,0,0,1.0,0.0,0.0,0.0,0.0,0.0,0.0
1760955903.7763696,0,leader,manual,1.0739967823028564,0.04750620946288109,-1.4157607555389404,0,1,0,-1.0739967823028564,0.9524937905371189,1.4157607555389404,0,0,0,0,1.0,0.0,0.0,0.0,0.0,0.0,0.0
1760955903.8765957,1,follower,manual,0.366210401058197,0.9215788245201111,-1.503214716911316,0,1,1,-0.366210401058197,0.07842117547988892,2.503214716911316,0,0,0,0,1.0,0.0,0.0,0.0,0.0,0.0,0.0
1760956002.1697807,0,leader,manual,1.0740180015563965,0.04750591889023781,-1.4157658815383911,0,1,0,-1.0740180015563965,0.9524940811097622,1.4157658815383911,0,0,0,0,1.0,0.0,0.0,0.0,0.0,0.0,0.0
1760956002.170111,1,follower,manual,0.366210401058197,0.9215788245201111,-1.503214716911316,0,1,1,-0.366210401058197,0.07842117547988892,2.503214716911316,0,0,0,0,1.0,0.0,0.0,0.0,0.0,0.0,0.0
1760956100.4443395,0,leader,manual,0.6843220591545105,0.8600663542747498,0.6920055150985718,0,1,0,-0.6843220591545105,0.13993364572525024,-0.6920055150985718,0,0,0,0,1.0,0.0,0.0,0.0,0.0,0.0,0.0
1760956100.4447176,1,follower,manual,-0.059452999383211136,0.8371409773826599,0.7146605849266052,0,1,1,0.059452999383211136,0.1628590226173401,0.2853394150733948,0,0,0,0,1.0,0.0,0.0,0.0,0.0,0.0,0.0
