timestamp,drone_id,role,mode,x,y,z,target_x,target_y,target_z,error_x,error_y,error_z,rc_lr,rc_fb,rc_ud,rc_yaw,tilt_x,tilt_y,trust,obs_error_x,obs_error_y,obs_error_z,obs_state_x,obs_state_y,obs_state_z,battery,height,leader_status,exec_time
1759299721.9964223,1,leader,auto,-0.10851887613534927,0.44429153203964233,0.022083736956119537,,,,,,,,,,,,,1.0,-0.21703775227069855,0.8885830640792847,0.044167473912239075,-0.10851887613534927,0.44429153203964233,0.022083736956119537,,,1,
1759299721.9969254,2,follower,auto,-0.16083191335201263,0.40098175406455994,0.4783509373664856,,,,,,,,,,,,,1.0,-0.32166382670402527,0.8019635081291199,0.9567018747329712,-0.16083191335201263,0.40098175406455994,0.4783509373664856,,,0,
1759299722.0986657,1,leader,auto,-0.10851887613534927,0.44429153203964233,0.022083736956119537,,,,,,,,,,,,,1.0,-0.21703775227069855,0.8885830640792847,0.044167473912239075,-0.10851887613534927,0.44429153203964233,0.022083736956119537,,,1,
1759299722.1990592,2,follower,auto,-0.16083191335201263,0.40098175406455994,0.4783509373664856,,,,,,,,,,,,,1.0,-0.32166382670402527,0.8019635081291199,0.9567018747329712,-0.16083191335201263,0.40098175406455994,0.4783509373664856,,,0,
1759299722.301168,1,leader,auto,-0.16963823694735766,0.6771441141031682,0.034547685020603236,,,,,,,,,,,,,0.85,-0.10138683401048183,0.41584097559005023,0.0240351216327399,-0.16963823694735766,0.6771441141031682,0.034547685020603236,,,1,
1759299722.3015287,2,follower,auto,-0.25011664383113386,0.6139125261940062,0.7292403385629878,,,,,,,,,,,,,0.7165313105737893,-0.15248626962304115,0.3761984041854739,0.45187810945697127,-0.25011664383113386,0.6139125261940062,0.7292403385629878,,,0,
1759299722.407463,1,leader,auto,-0.16963823694735766,0.6771441141031682,0.034547685020603236,,,,,,,,,,,,,0.85,-0.10138683401048183,0.41584097559005023,0.0240351216327399,-0.16963823694735766,0.6771441141031682,0.034547685020603236,,,1,
1759299722.5082717,2,follower,auto,-0.25011664383113386,0.6139125261940062,0.7292403385629878,,,,,,,,,,,,,0.7165313105737893,-0.15248626962304115,0.3761984041854739,0.45187810945697127,-0.25011664383113386,0.6139125261940062,0.7292403385629878,,,0,
1759299722.6117883,1,leader,auto,-0.19789524241443723,0.8015658660245129,0.042505486918915994,,,,,,,,,,,,,1.0,-0.020592781620100142,0.17274216741081327,0.01514464792921208,-0.19789524241443723,0.8015658660245129,0.042505486918915994,,,1,
1759299722.6121233,2,follower,auto,-0.2996712202820927,0.7314285388107411,0.8650055357925361,,,,,,,,,,,,,0.513417119032592,-0.05540164808556436,0.1569967765579,0.1969640594497789,-0.2996712202820927,0.7314285388107411,0.8650055357925361,,,0,
1759299722.7412539,1,leader,auto,-0.19789524241443723,0.8015658660245129,0.042505486918915994,,,,,,,,,,,,,1.0,-0.020592781620100142,0.17274216741081327,0.01514464792921208,-0.19789524241443723,0.8015658660245129,0.042505486918915994,,,1,
1759299722.841678,2,follower,auto,-0.2996712202820927,0.7314285388107411,0.8650055357925361,,,,,,,,,,,,,0.513417119032592,-0.05540164808556436,0.1569967765579,0.1969640594497789,-0.2996712202820927,0.7314285388107411,0.8650055357925361,,,0,
1759299722.9436479,1,leader,auto,-0.19803606383271982,0.8697108271963127,0.048349802282004965,,,,,,,,,,,,,1.0,0.04655642136470414,0.04611380035743573,0.011984272129238818,-0.19803606383271982,0.8697108271963127,0.048349802282004965,,,1,
1759299722.9439511,2,follower,auto,-0.31977753733503633,0.807405585031046,0.9439010191911861,,,,,,,,,,,,,0.6065306597126334,0.016264953114744296,0.05652714971635031,0.07182797412983488,-0.31977753733503633,0.807405585031046,0.9439010191911861,,,0,
1759299723.0678346,1,leader,auto,-0.19803606383271982,0.8697108271963127,0.048349802282004965,,,,,,,,,,,,,1.0,0.04655642136470414,0.04611380035743573,0.011984272129238818,-0.19803606383271982,0.8697108271963127,0.048349802282004965,,,1,
1759299723.1682463,2,follower,auto,-0.31977753733503633,0.807405585031046,0.9439010191911861,,,,,,,,,,,,,0.6065306597126334,0.016264953114744296,0.05652714971635031,0.07182797412983488,-0.31977753733503633,0.807405585031046,0.9439010191911861,,,0,
1759299723.270476,1,leader,auto,-0.1780510795385478,0.9073422902659405,0.05218692893447874,,,,,,,,,,,,,1.0,0.0928003097118612,-0.022164772716329106,0.009188197063159986,-0.1780510795385478,0.9073422902659405,0.05218692893447874,,,1,
1759299723.2706127,2,follower,auto,-0.3174991375209915,0.8627012977880353,0.9903280835617465,,,,,,,,,,,,,0.7165313105737893,0.070221139192984,0.004354355756021722,0.002283076193157374,-0.3174991375209915,0.8627012977880353,0.9903280835617465,,,0,
1759299723.3915155,1,leader,auto,-0.1780510795385478,0.9073422902659405,0.05218692893447874,,,,,,,,,,,,,1.0,0.0928003097118612,-0.022164772716329106,0.009188197063159986,-0.1780510795385478,0.9073422902659405,0.05218692893447874,,,1,
1759299723.4919848,2,follower,auto,-0.3174991375209915,0.8627012977880353,0.9903280835617465,,,,,,,,,,,,,0.7165313105737893,0.070221139192984,0.004354355756021722,0.002283076193157374,-0.3174991375209915,0.8627012977880353,0.9903280835617465,,,0,
1759299723.5931356,1,leader,auto,-0.14663634127766018,0.9290919441192481,0.054114954633548984,,,,,,,,,,,,,1.0,0.11729305339634666,-0.05778589610440199,0.006718177173465234,-0.14663634127766018,0.9290919441192481,0.054114954633548984,,,1,
1759299723.5932522,2,follower,auto,-0.2994043518213033,0.9039879654953535,1.0151651703087583,,,,,,,,,,,,,0.8464817248906141,0.10834285400462146,-0.030325932325851013,-0.04102377151809056,-0.2994043518213033,0.9039879654953535,1.0151651703087583,,,0,
1759299723.7211342,1,leader,auto,-0.14663634127766018,0.9290919441192481,0.054114954633548984,,,,,,,,,,,,,1.0,0.11729305339634666,-0.05778589610440199,0.006718177173465234,-0.14663634127766018,0.9290919441192481,0.054114954633548984,,,1,
1759299723.821552,2,follower,auto,-0.2994043518213033,0.9039879654953535,1.0151651703087583,,,,,,,,,,,,,0.8464817248906141,0.10834285400462146,-0.030325932325851013,-0.04102377151809056,-0.2994043518213033,0.9039879654953535,1.0151651703087583,,,0,
1759299723.925683,1,leader,auto,-0.10989975639254496,0.941710911596984,0.05570571070868843,,,,,,,,,,,,,1.0,0.12582836465181202,-0.07763795535796925,0.007508882463791507,-0.10989975639254496,0.941710911596984,0.05570571070868843,,,1,
1759299723.9261851,2,follower,auto,-0.2709424459619021,0.9363818630494174,1.0310003806732189,,,,,,,,,,,,,1.0,0.13365995162381644,-0.05202970205098323,-0.057005892114260215,-0.2709424459619021,0.9363818630494174,1.0310003806732189,,,0,
1759299724.0887268,1,leader,auto,-0.10989975639254496,0.941710911596984,0.05570571070868843,,,,,,,,,,,,,1.0,0.12582836465181202,-0.07763795535796925,0.007508882463791507,-0.10989975639254496,0.941710911596984,0.05570571070868843,,,1,
1759299724.1890693,2,follower,auto,-0.2709424459619021,0.9363818630494174,1.0310003806732189,,,,,,,,,,,,,1.0,0.13365995162381644,-0.05202970205098323,-0.057005892114260215,-0.2709424459619021,0.9363818630494174,1.0310003806732189,,,0,
1759299724.2907515,1,leader,auto,-0.0726119137624703,0.9485491688959338,0.05733999393694597,,,,,,,,,,,,,1.0,0.12239776873485289,-0.08981398262829343,0.009018596861501589,-0.0726119137624703,0.9485491688959338,0.05733999393694597,,,1,
1759299724.2909236,2,follower,auto,-0.23406718282681468,0.95671399850026,1.039201346398394,,,,,,,,,,,,,0.85,0.15380366859399802,-0.07747869528085449,-0.06944506836136322,-0.23406718282681468,0.95671399850026,1.039201346398394,,,0,
1759299724.396474,1,leader,auto,-0.0726119137624703,0.9485491688959338,0.05733999393694597,,,,,,,,,,,,,1.0,0.12239776873485289,-0.08981398262829343,0.009018596861501589,-0.0726119137624703,0.9485491688959338,0.05733999393694597,,,1,
1759299724.4967487,2,follower,auto,-0.23406718282681468,0.95671399850026,1.039201346398394,,,,,,,,,,,,,0.85,0.15380366859399802,-0.07747869528085449,-0.06944506836136322,-0.23406718282681468,0.95671399850026,1.039201346398394,,,0,
1759299724.5989559,1,leader,auto,-0.04240905651733343,0.9524617069441721,0.057776715756311534,,,,,,,,,,,,,1.0,0.10238673854440578,-0.09568116535318794,0.008472203908653018,-0.04240905651733343,0.9524617069441721,0.057776715756311534,,,1,
1759299724.5994864,2,follower,auto,-0.1956039423472639,0.967582614424036,1.0443887186257692,,,,,,,,,,,,,1.0,0.15676532282967487,-0.09648484230479815,-0.07203234676691928,-0.1956039423472639,0.967582614424036,1.0443887186257692,,,0,
1759299724.7021298,1,leader,auto,-0.04240905651733343,0.9524617069441721,0.057776715756311534,,,,,,,,,,,,,1.0,0.10238673854440578,-0.09568116535318794,0.008472203908653018,-0.04240905651733343,0.9524617069441721,0.057776715756311534,,,1,
1759299724.8026311,2,follower,auto,-0.1956039423472639,0.967582614424036,1.0443887186257692,,,,,,,,,,,,,1.0,0.15676532282967487,-0.09648484230479815,-0.07203234676691928,-0.1956039423472639,0.967582614424036,1.0443887186257692,,,0,
1759299724.9057488,1,leader,auto,-0.01848249038399575,0.9568135661935839,0.05558981202594694,,,,,,,,,,,,,1.0,0.08454434375646348,-0.09452615639687245,0.005093905775700874,-0.01848249038399575,0.9568135661935839,0.05558981202594694,,,1,
1759299724.9062257,2,follower,auto,-0.15641457143114063,0.972391609340277,1.0461312337932802,,,,,,,,,,,,,1.0,0.15584990983577673,-0.10775507289045394,-0.0753492920036749,-0.15641457143114063,0.972391609340277,1.0461312337932802,,,0,
1759299725.008567,1,leader,auto,-0.01848249038399575,0.9568135661935839,0.05558981202594694,,,,,,,,,,,,,1.0,0.08454434375646348,-0.09452615639687245,0.005093905775700874,-0.01848249038399575,0.9568135661935839,0.05558981202594694,,,1,
1759299725.109185,2,follower,auto,-0.15641457143114063,0.972391609340277,1.0461312337932802,,,,,,,,,,,,,1.0,0.15584990983577673,-0.10775507289045394,-0.0753492920036749,-0.15641457143114063,0.972391609340277,1.0461312337932802,,,0,
1759299725.2112563,1,leader,auto,0.0005955446398584752,0.9641713366517392,0.04983455643994372,,,,,,,,,,,,,1.0,0.06948905216925766,-0.08828339290797049,-0.0005176729151161671,0.0005955446398584752,0.9641713366517392,0.04983455643994372,,,1,
1759299725.2115088,2,follower,auto,-0.12168795352512823,0.97174855960606,1.0445793436198172,,,,,,,,,,,,,1.0,0.142590107725744,-0.11726230170723717,-0.07820430720423421,-0.12168795352512823,0.97174855960606,1.0445793436198172,,,0,
1759299725.3136432,1,leader,auto,0.0005955446398584752,0.9641713366517392,0.04983455643994372,,,,,,,,,,,,,1.0,0.06948905216925766,-0.08828339290797049,-0.0005176729151161671,0.0005955446398584752,0.9641713366517392,0.04983455643994372,,,1,
1759299725.4139273,2,follower,auto,-0.12168795352512823,0.97174855960606,1.0445793436198172,,,,,,,,,,,,,1.0,0.142590107725744,-0.11726230170723717,-0.07820430720423421,-0.12168795352512823,0.97174855960606,1.0445793436198172,,,0,
1759299725.5153472,1,leader,auto,0.015361861497461961,0.9711870902113519,0.04324855163538453,,,,,,,,,,,,,1.0,0.05578631687104669,-0.08802265988437363,-0.0008904239504336844,0.015361861497461961,0.9711870902113519,0.04324855163538453,,,1,
1759299725.5155628,2,follower,auto,-0.09501686959650574,0.9704450665157293,1.0400814350179768,,,,,,,,,,,,,1.0,0.12181927798562164,-0.11673587525710549,-0.08022438202936177,-0.09501686959650574,0.9704450665157293,1.0400814350179768,,,0,
1759299725.6200466,1,leader,auto,0.015361861497461961,0.9711870902113519,0.04324855163538453,,,,,,,,,,,,,1.0,0.05578631687104669,-0.08802265988437363,-0.0008904239504336844,0.015361861497461961,0.9711870902113519,0.04324855163538453,,,1,
1759299725.720651,2,follower,auto,-0.09501686959650574,0.9704450665157293,1.0400814350179768,,,,,,,,,,,,,1.0,0.12181927798562164,-0.11673587525710549,-0.08022438202936177,-0.09501686959650574,0.9704450665157293,1.0400814350179768,,,0,
1759299725.8226304,1,leader,auto,0.026723620910546704,0.9750095875953104,0.03830161179069157,,,,,,,,,,,,,1.0,0.044101079068379546,-0.09347408451526684,0.0036940676974559702,0.026723620910546704,0.9750095875953104,0.03830161179069157,,,1,
1759299725.8227565,2,follower,auto,-0.07985326105430057,0.9712853999322475,1.0333352806765068,,,,,,,,,,,,,1.0,0.09420881825833183,-0.11062812236663122,-0.08075490049485934,-0.07985326105430057,0.9712853999322475,1.0333352806765068,,,0,
1759299725.9589686,1,leader,auto,0.026723620910546704,0.9750095875953104,0.03830161179069157,,,,,,,,,,,,,1.0,0.044101079068379546,-0.09347408451526684,0.0036940676974559702,0.026723620910546704,0.9750095875953104,0.03830161179069157,,,1,
1759299726.0594761,2,follower,auto,-0.07985326105430057,0.9712853999322475,1.0333352806765068,,,,,,,,,,,,,1.0,0.09420881825833183,-0.11062812236663122,-0.08075490049485934,-0.07985326105430057,0.9712853999322475,1.0333352806765068,,,0,
1759299726.1614892,1,leader,auto,0.03489219141062354,0.9767067241735244,0.036384998176497,,,,,,,,,,,,,1.0,0.03342827921994022,-0.09653278352160943,0.010843749515212019,0.03489219141062354,0.9767067241735244,0.036384998176497,,,1,
1759299726.161682,2,follower,auto,-0.07587153663113332,0.9715009123048859,1.02193635974184,,,,,,,,,,,,,1.0,0.06867412874846887,-0.110349017374054,-0.08607674189121206,-0.07587153663113332,0.9715009123048859,1.02193635974184,,,0,
1759299726.2699769,1,leader,auto,0.03489219141062354,0.9767067241735244,0.036384998176497,,,,,,,,,,,,,1.0,0.03342827921994022,-0.09653278352160943,0.010843749515212019,0.03489219141062354,0.9767067241735244,0.036384998176497,,,1,
1759299726.370327,2,follower,auto,-0.07587153663113332,0.9715009123048859,1.02193635974184,,,,,,,,,,,,,1.0,0.06867412874846887,-0.110349017374054,-0.08607674189121206,-0.07587153663113332,0.9715009123048859,1.02193635974184,,,0,
1759299726.4719403,1,leader,auto,0.04081230760070934,0.9771428072217329,0.037683316739845055,,,,,,,,,,,,,1.0,0.024678085735375596,-0.0977160858637538,0.018028592224026176,0.04081230760070934,0.9771428072217329,0.037683316739845055,,,1,
1759299726.4720762,2,follower,auto,-0.08261099782473294,0.9718342164260177,1.008489214354145,,,,,,,,,,,,,1.0,0.04587986969722209,-0.10860235275865171,-0.08695165907022884,-0.08261099782473294,0.9718342164260177,1.008489214354145,,,0,
1759299726.6437235,1,leader,auto,0.04081230760070934,0.9771428072217329,0.037683316739845055,,,,,,,,,,,,,1.0,0.024678085735375596,-0.0977160858637538,0.018028592224026176,0.04081230760070934,0.9771428072217329,0.037683316739845055,,,1,
1759299726.7439833,2,follower,auto,-0.08261099782473294,0.9718342164260177,1.008489214354145,,,,,,,,,,,,,1.0,0.04587986969722209,-0.10860235275865171,-0.08695165907022884,-0.08261099782473294,0.9718342164260177,1.008489214354145,,,0,
1759299726.8454924,1,leader,auto,0.04467070362016774,0.9761520479592938,0.04083313341956389,,,,,,,,,,,,,1.0,0.01672927516608999,-0.09917530506317984,0.022151687820334186,0.04467070362016774,0.9761520479592938,0.04083313341956389,,,1,
1759299726.84563,2,follower,auto,-0.10465117452369341,0.9806823105466955,0.9976673347519416,,,,,,,,,,,,,1.0,0.015610737757408774,-0.09014737026941644,-0.07895450249643687,-0.10465117452369341,0.9806823105466955,0.9976673347519416,,,0,
1759299727.0110817,1,leader,auto,0.04467070362016774,0.9761520479592938,0.04083313341956389,,,,,,,,,,,,,1.0,0.01672927516608999,-0.09917530506317984,0.022151687820334186,0.04467070362016774,0.9761520479592938,0.04083313341956389,,,1,
1759299727.111735,2,follower,auto,-0.10465117452369341,0.9806823105466955,0.9976673347519416,,,,,,,,,,,,,1.0,0.015610737757408774,-0.09014737026941644,-0.07895450249643687,-0.10465117452369341,0.9806823105466955,0.9976673347519416,,,0,
1759299727.2147784,1,leader,auto,0.045702675146972196,0.974327982281719,0.04393074889237034,,,,,,,,,,,,,1.0,0.00762574044244476,-0.09939336938674126,0.022774013792388678,0.045702675146972196,0.974327982281719,0.04393074889237034,,,1,
1759299727.2149036,2,follower,auto,-0.13535827000918224,0.9956622068913225,0.9875866696733235,,,,,,,,,,,,,1.0,0.002199343839928203,-0.0763306508126742,-0.07562087486147862,-0.13535827000918224,0.9956622068913225,0.9875866696733235,,,0,
1759299727.3160079,1,leader,auto,0.045702675146972196,0.974327982281719,0.04393074889237034,,,,,,,,,,,,,1.0,0.00762574044244476,-0.09939336938674126,0.022774013792388678,0.045702675146972196,0.974327982281719,0.04393074889237034,,,1,
1759299727.4166777,2,follower,auto,-0.13535827000918224,0.9956622068913225,0.9875866696733235,,,,,,,,,,,,,1.0,0.002199343839928203,-0.0763306508126742,-0.07562087486147862,-0.13535827000918224,0.9956622068913225,0.9875866696733235,,,0,
1759299727.5195427,1,leader,auto,0.04534565233553928,0.9722474300106125,0.04595307675864764,,,,,,,,,,,,,1.0,0.0023354823715392437,-0.09846641287004099,0.021325259549091903,0.04534565233553928,0.9722474300106125,0.04595307675864764,,,1,
1759299727.5198038,2,follower,auto,-0.16608702749968737,1.0095047408743496,0.9789600771611214,,,,,,,,,,,,,1.0,0.008789621014618276,-0.07670653947269845,-0.07153638242588056,-0.16608702749968737,1.0095047408743496,0.9789600771611214,,,0,
1759299727.6298928,1,leader,auto,0.04534565233553928,0.9722474300106125,0.04595307675864764,,,,,,,,,,,,,1.0,0.0023354823715392437,-0.09846641287004099,0.021325259549091903,0.04534565233553928,0.9722474300106125,0.04595307675864764,,,1,
1759299727.7301893,2,follower,auto,-0.16608702749968737,1.0095047408743496,0.9789600771611214,,,,,,,,,,,,,1.0,0.008789621014618276,-0.07670653947269845,-0.07153638242588056,-0.16608702749968737,1.0095047408743496,0.9789600771611214,,,0,
1759299727.8314037,1,leader,auto,0.04468671138349342,0.9700546226469906,0.04694751466307177,,,,,,,,,,,,,1.0,-0.0005329232466850312,-0.09730862807596363,0.02004441986494991,0.04468671138349342,0.9700546226469906,0.04694751466307177,,,1,
1759299727.8315487,2,follower,auto,-0.19718197401988508,1.013468695636813,0.9714798029062474,,,,,,,,,,,,,1.0,0.01586324804282191,-0.09354629706586248,-0.06827348387188192,-0.19718197401988508,1.013468695636813,0.9714798029062474,,,0,
1759299727.9509547,1,leader,auto,0.04468671138349342,0.9700546226469906,0.04694751466307177,,,,,,,,,,,,,1.0,-0.0005329232466850312,-0.09730862807596363,0.02004441986494991,0.04468671138349342,0.9700546226469906,0.04694751466307177,,,1,
1759299728.0513237,2,follower,auto,-0.19718197401988508,1.013468695636813,0.9714798029062474,,,,,,,,,,,,,1.0,0.01586324804282191,-0.09354629706586248,-0.06827348387188192,-0.19718197401988508,1.013468695636813,0.9714798029062474,,,0,
1759299728.153365,1,leader,auto,0.044851750053664124,0.9683889565650624,0.0463445565991424,,,,,,,,,,,,,1.0,-0.0010266674909990628,-0.09492775157769562,0.017689710976119342,0.044851750053664124,0.9683889565650624,0.0463445565991424,,,1,
1759299728.1537337,2,follower,auto,-0.22362895674497396,1.0126611930604645,0.9678371965006807,,,,,,,,,,,,,1.0,0.03362593783916054,-0.09987349162019665,-0.06029292327479896,-0.22362895674497396,1.0126611930604645,0.9678371965006807,,,0,
1759299728.2558594,1,leader,auto,0.044851750053664124,0.9683889565650624,0.0463445565991424,,,,,,,,,,,,,1.0,-0.0010266674909990628,-0.09492775157769562,0.017689710976119342,0.044851750053664124,0.9683889565650624,0.0463445565991424,,,1,
1759299728.3563778,2,follower,auto,-0.22362895674497396,1.0126611930604645,0.9678371965006807,,,,,,,,,,,,,1.0,0.03362593783916054,-0.09987349162019665,-0.06029292327479896,-0.22362895674497396,1.0126611930604645,0.9678371965006807,,,0,
1759299728.458804,1,leader,auto,0.04599646999527192,0.96669084705333,0.044800297551008963,,,,,,,,,,,,,1.0,-0.001202094536804664,-0.09378005817373758,0.016757784023577166,0.04599646999527192,0.96669084705333,0.044800297551008963,,,1,
1759299728.4593337,2,follower,auto,-0.2409440861195028,1.0105639472037875,0.9686129089768312,,,,,,,,,,,,,1.0,0.06020834764832261,-0.09893496323234308,-0.051534652029589956,-0.2409440861195028,1.0105639472037875,0.9686129089768312,,,0,
1759299728.5628557,1,leader,auto,0.04599646999527192,0.96669084705333,0.044800297551008963,,,,,,,,,,,,,1.0,-0.001202094536804664,-0.09378005817373758,0.016757784023577166,0.04599646999527192,0.96669084705333,0.044800297551008963,,,1,
1759299728.6633022,2,follower,auto,-0.2409440861195028,1.0105639472037875,0.9686129089768312,,,,,,,,,,,,,1.0,0.06020834764832261,-0.09893496323234308,-0.051534652029589956,-0.2409440861195028,1.0105639472037875,0.9686129089768312,,,0,
1759299728.7653866,1,leader,auto,0.04747145745976826,0.9651557435743141,0.04257934476891076,,,,,,,,,,,,,1.0,-0.0026751781269721275,-0.09279911322437284,0.01639414705914427,0.04747145745976826,0.9651557435743141,0.04257934476891076,,,1,
1759299728.7655833,2,follower,auto,-0.2482936304135901,1.006674539750159,0.9716335612004764,,,,,,,,,,,,,1.0,0.08712910042678956,-0.09904708803761064,-0.04704143155927798,-0.2482936304135901,1.006674539750159,0.9716335612004764,,,0,
1759299728.866882,1,leader,auto,0.04747145745976826,0.9651557435743141,0.04257934476891076,,,,,,,,,,,,,1.0,-0.0026751781269721275,-0.09279911322437284,0.01639414705914427,0.04747145745976826,0.9651557435743141,0.04257934476891076,,,1,
1759299728.9676719,2,follower,auto,-0.2482936304135901,1.006674539750159,0.9716335612004764,,,,,,,,,,,,,1.0,0.08712910042678956,-0.09904708803761064,-0.04704143155927798,-0.2482936304135901,1.006674539750159,0.9716335612004764,,,0,
1759299729.0691965,1,leader,auto,0.049076181547498376,0.964691025793382,0.03981875065884575,,,,,,,,,,,,,1.0,-0.00447210797996455,-0.09005030548538451,0.016315575760174103,0.049076181547498376,0.964691025793382,0.03981875065884575,,,1,
1759299729.0693285,2,follower,auto,-0.24711966861563212,1.0006083445919645,0.9766626021205664,,,,,,,,,,,,,1.0,0.1098196575895406,-0.10042945487759347,-0.04323571144328131,-0.24711966861563212,1.0006083445919645,0.9766626021205664,,,0,
1759299729.1894484,1,leader,auto,0.049076181547498376,0.964691025793382,0.03981875065884575,,,,,,,,,,,,,1.0,-0.00447210797996455,-0.09005030548538451,0.016315575760174103,0.049076181547498376,0.964691025793382,0.03981875065884575,,,1,
1759299729.289737,2,follower,auto,-0.24711966861563212,1.0006083445919645,0.9766626021205664,,,,,,,,,,,,,1.0,0.1098196575895406,-0.10042945487759347,-0.04323571144328131,-0.24711966861563212,1.0006083445919645,0.9766626021205664,,,0,
1759299729.3936138,1,leader,auto,0.05148862038313677,0.9655142578102525,0.03617455942144106,,,,,,,,,,,,,1.0,-0.004814448143230489,-0.08699396304634721,0.015044448123174708,0.05148862038313677,0.9655142578102525,0.03617455942144106,,,1,
1759299729.3954809,2,follower,auto,-0.2389412970668491,1.0002667181582703,0.9854845905656426,,,,,,,,,,,,,1.0,0.12798908379205393,-0.08595297195344243,-0.03553901202575549,-0.2389412970668491,1.0002667181582703,0.9854845905656426,,,0,
1759299729.4978828,1,leader,auto,0.05148862038313677,0.9655142578102525,0.03617455942144106,,,,,,,,,,,,,1.0,-0.004814448143230489,-0.08699396304634721,0.015044448123174708,0.05148862038313677,0.9655142578102525,0.03617455942144106,,,1,
1759299729.5984774,2,follower,auto,-0.2389412970668491,1.0002667181582703,0.9854845905656426,,,,,,,,,,,,,1.0,0.12798908379205393,-0.08595297195344243,-0.03553901202575549,-0.2389412970668491,1.0002667181582703,0.9854845905656426,,,0,
1759299729.7017837,1,leader,auto,0.054712729770999696,0.9663965794902323,0.03189705857332238,,,,,,,,,,,,,1.0,-0.00512373868437916,-0.08604731032476387,0.014321249252643407,0.054712729770999696,0.9663965794902323,0.03189705857332238,,,1,
1759299729.7019062,2,follower,auto,-0.22409680501240245,1.0062422683936558,0.9950171585747356,,,,,,,,,,,,,1.0,0.1435453298810671,-0.07098518433217249,-0.03386566556866066,-0.22409680501240245,1.0062422683936558,0.9950171585747356,,,0,
1759299729.8036485,1,leader,auto,0.054712729770999696,0.9663965794902323,0.03189705857332238,,,,,,,,,,,,,1.0,-0.00512373868437916,-0.08604731032476387,0.014321249252643407,0.054712729770999696,0.9663965794902323,0.03189705857332238,,,1,
1759299729.904111,2,follower,auto,-0.22409680501240245,1.0062422683936558,0.9950171585747356,,,,,,,,,,,,,1.0,0.1435453298810671,-0.07098518433217249,-0.03386566556866066,-0.22409680501240245,1.0062422683936558,0.9950171585747356,,,0,
1759299730.0064878,1,leader,auto,0.05888312851317162,0.9673062118613853,0.027436318903541135,,,,,,,,,,,,,1.0,-0.005636375048308273,-0.08522144014122768,0.014021293999005223,0.05888312851317162,0.9673062118613853,0.027436318903541135,,,1,
1759299730.0066535,2,follower,auto,-0.2045095062450652,1.0159027718782103,1.0053372595042696,,,,,,,,,,,,,1.0,0.1534461570175657,-0.06099942193024899,-0.03161160416021169,-0.2045095062450652,1.0159027718782103,1.0053372595042696,,,0,
1759299730.1102083,1,leader,auto,0.05888312851317162,0.9673062118613853,0.027436318903541135,,,,,,,,,,,,,1.0,-0.005636375048308273,-0.08522144014122768,0.014021293999005223,0.05888312851317162,0.9673062118613853,0.027436318903541135,,,1,
1759299730.2109883,2,follower,auto,-0.2045095062450652,1.0159027718782103,1.0053372595042696,,,,,,,,,,,,,1.0,0.1534461570175657,-0.06099942193024899,-0.03161160416021169,-0.2045095062450652,1.0159027718782103,1.0053372595042696,,,0,
1759299730.3136306,1,leader,auto,0.06455635522170411,0.9688994825132877,0.02138438521824615,,,,,,,,,,,,,1.0,-0.004997422185809328,-0.08313452010317457,0.010907901843342449,0.06455635522170411,0.9688994825132877,0.02138438521824615,,,1,
1759299730.3138468,2,follower,auto,-0.18330056975329068,1.025180216840289,1.0151555691063352,,,,,,,,,,,,,1.0,0.15508522113251977,-0.059129945857091526,-0.031534821569909166,-0.18330056975329068,1.025180216840289,1.0151555691063352,,,0,
1759299730.5190542,1,leader,auto,0.06455635522170411,0.9688994825132877,0.02138438521824615,,,,,,,,,,,,,1.0,-0.004997422185809328,-0.08313452010317457,0.010907901843342449,0.06455635522170411,0.9688994825132877,0.02138438521824615,,,1,
1759299730.6194818,2,follower,auto,-0.18330056975329068,1.025180216840289,1.0151555691063352,,,,,,,,,,,,,1.0,0.15508522113251977,-0.059129945857091526,-0.031534821569909166,-0.18330056975329068,1.025180216840289,1.0151555691063352,,,0,
1759299730.7217584,1,leader,auto,0.07244918246695695,0.9711140172799163,0.013529270056129222,,,,,,,,,,,,,1.0,-0.0034499863709866463,-0.0812797103563414,0.007006665491579522,0.07244918246695695,0.9711140172799163,0.013529270056129222,,,1,
1759299730.7219133,2,follower,auto,-0.16399833680120718,1.0307197953322296,1.0227604979901739,,,,,,,,,,,,,1.0,0.14857621731216933,-0.06356449625070182,-0.03437468898877083,-0.16399833680120718,1.0307197953322296,1.0227604979901739,,,0,
1759299730.8251095,1,leader,auto,0.07244918246695695,0.9711140172799163,0.013529270056129222,,,,,,,,,,,,,1.0,-0.0034499863709866463,-0.0812797103563414,0.007006665491579522,0.07244918246695695,0.9711140172799163,0.013529270056129222,,,1,
1759299730.9258137,2,follower,auto,-0.16399833680120718,1.0307197953322296,1.0227604979901739,,,,,,,,,,,,,1.0,0.14857621731216933,-0.06356449625070182,-0.03437468898877083,-0.16399833680120718,1.0307197953322296,1.0227604979901739,,,0,
1759299731.0290365,1,leader,auto,0.07923469819940043,0.9743203813377497,0.006795549734929303,,,,,,,,,,,,,1.0,-0.009135368035573022,-0.07827478538820687,0.008631104664009612,0.07923469819940043,0.9743203813377497,0.006795549734929303,,,1,
1759299731.0291522,2,follower,auto,-0.15098489951451588,1.0312870922235384,1.0271010728830476,,,,,,,,,,,,,1.0,0.13263628147760964,-0.07026246836736472,-0.03917104644663727,-0.15098489951451588,1.0312870922235384,1.0271010728830476,,,0,
1759299731.129995,1,leader,auto,0.07923469819940043,0.9743203813377497,0.006795549734929303,,,,,,,,,,,,,1.0,-0.009135368035573022,-0.07827478538820687,0.008631104664009612,0.07923469819940043,0.9743203813377497,0.006795549734929303,,,1,
1759299731.2303052,2,follower,auto,-0.15098489951451588,1.0312870922235384,1.0271010728830476,,,,,,,,,,,,,1.0,0.13263628147760964,-0.07026246836736472,-0.03917104644663727,-0.15098489951451588,1.0312870922235384,1.0271010728830476,,,0,
1759299731.3314734,1,leader,auto,0.08367392247846228,0.9770864482706092,0.0009826747323408332,,,,,,,,,,,,,1.0,-0.017005842445900088,-0.07827489296303236,0.009773518034252603,0.08367392247846228,0.9770864482706092,0.0009826747323408332,,,1,
1759299731.3316,2,follower,auto,-0.1442353119689758,1.0276726073337261,1.028870369522075,,,,,,,,,,,,,1.0,0.11756951913009789,-0.07506791478647079,-0.042347005065878296,-0.1442353119689758,1.0276726073337261,1.028870369522075,,,0,
1759299731.4409957,1,leader,auto,0.08367392247846228,0.9770864482706092,0.0009826747323408332,,,,,,,,,,,,,1.0,-0.017005842445900088,-0.07827489296303236,0.009773518034252603,0.08367392247846228,0.9770864482706092,0.0009826747323408332,,,1,
1759299731.5415328,2,follower,auto,-0.1442353119689758,1.0276726073337261,1.028870369522075,,,,,,,,,,,,,1.0,0.11756951913009789,-0.07506791478647079,-0.042347005065878296,-0.1442353119689758,1.0276726073337261,1.028870369522075,,,0,
1759299731.6437953,1,leader,auto,0.08527690393666584,0.9798935015912745,-0.004872426943004809,,,,,,,,,,,,,1.0,-0.025454108376108772,-0.07730876603044945,0.00843188509920375,0.08527690393666584,0.9798935015912745,-0.004872426943004809,,,1,
1759299731.6439414,2,follower,auto,-0.14388807983105817,1.019877593652537,1.0277825408138912,,,,,,,,,,,,,1.0,0.10300041975389793,-0.07964929130898013,-0.045938931496557034,-0.14388807983105817,1.019877593652537,1.0277825408138912,,,0,
1759299731.7779756,1,leader,auto,0.08527690393666584,0.9798935015912745,-0.004872426943004809,,,,,,,,,,,,,1.0,-0.025454108376108772,-0.07730876603044945,0.00843188509920375,0.08527690393666584,0.9798935015912745,-0.004872426943004809,,,1,
1759299731.8783429,2,follower,auto,-0.14388807983105817,1.019877593652537,1.0277825408138912,,,,,,,,,,,,,1.0,0.10300041975389793,-0.07964929130898013,-0.045938931496557034,-0.14388807983105817,1.019877593652537,1.0277825408138912,,,0,
1759299731.9796255,1,leader,auto,0.08442499203093916,0.9823851131918366,-0.011293847014795624,,,,,,,,,,,,,1.0,-0.030211070430439108,-0.07659354677246721,0.006104707519791291,0.08442499203093916,0.9823851131918366,-0.011293847014795624,,,1,
1759299731.9797502,2,follower,auto,-0.15170088945298593,1.0127562742429514,1.0271137886098172,,,,,,,,,,,,,1.0,0.08866667327223621,-0.07481536487689433,-0.04280470467629938,-0.15170088945298593,1.0127562742429514,1.0271137886098172,,,0,
1759299732.0944202,1,leader,auto,0.08442499203093916,0.9823851131918366,-0.011293847014795624,,,,,,,,,,,,,1.0,-0.030211070430439108,-0.07659354677246721,0.006104707519791291,0.08442499203093916,0.9823851131918366,-0.011293847014795624,,,1,
1759299732.1948855,2,follower,auto,-0.15170088945298593,1.0127562742429514,1.0271137886098172,,,,,,,,,,,,,1.0,0.08866667327223621,-0.07481536487689433,-0.04280470467629938,-0.15170088945298593,1.0127562742429514,1.0271137886098172,,,0,
1759299732.296754,1,leader,auto,0.08390028946819703,0.9837753630831054,-0.01757329332754422,,,,,,,,,,,,,1.0,-0.02667068289166291,-0.07748112224622794,0.005301373137541789,0.08390028946819703,0.9837753630831054,-0.01757329332754422,,,1,
1759299732.2969515,2,follower,auto,-0.16300300004620705,1.00489051937754,1.025258102761897,,,,,,,,,,,,,1.0,0.08725473766603772,-0.07355741261830007,-0.04302747795421391,-0.16300300004620705,1.00489051937754,1.025258102761897,,,0,
1759299732.4614096,1,leader,auto,0.08390028946819703,0.9837753630831054,-0.01757329332754422,,,,,,,,,,,,,1.0,-0.02667068289166291,-0.07748112224622794,0.005301373137541789,0.08390028946819703,0.9837753630831054,-0.01757329332754422,,,1,
1759299732.5617242,2,follower,auto,-0.16300300004620705,1.00489051937754,1.025258102761897,,,,,,,,,,,,,1.0,0.08725473766603772,-0.07355741261830007,-0.04302747795421391,-0.16300300004620705,1.00489051937754,1.025258102761897,,,0,
1759299732.6635425,1,leader,auto,0.08791523789771472,0.983020624702802,-0.023824508356004442,,,,,,,,,,,,,1.0,-0.012900538551967836,-0.08040968812630722,0.0038082619348158153,0.08791523789771472,0.983020624702802,-0.023824508356004442,,,1,
1759299732.6638021,2,follower,auto,-0.1685917585195198,0.995371725803602,1.023309506026787,,,,,,,,,,,,,1.0,0.1043187050225525,-0.07468872596023135,-0.0410519382315524,-0.1685917585195198,0.995371725803602,1.023309506026787,,,0,
1759299732.7992702,1,leader,auto,0.08791523789771472,0.983020624702802,-0.023824508356004442,,,,,,,,,,,,,1.0,-0.012900538551967836,-0.08040968812630722,0.0038082619348158153,0.08791523789771472,0.983020624702802,-0.023824508356004442,,,1,
1759299732.8998485,2,follower,auto,-0.1685917585195198,0.995371725803602,1.023309506026787,,,,,,,,,,,,,1.0,0.1043187050225525,-0.07468872596023135,-0.0410519382315524,-0.1685917585195198,0.995371725803602,1.023309506026787,,,0,
1759299733.0059226,1,leader,auto,0.09714229344786074,0.9801484826227478,-0.029948828114332825,,,,,,,,,,,,,1.0,0.0034973186361617475,-0.08313868105817868,0.00208226465833598,0.09714229344786074,0.9801484826227478,-0.029948828114332825,,,1,
1759299733.0067546,2,follower,auto,-0.1641906805010782,0.9868052853911783,1.0251369588451074,,,,,,,,,,,,,1.0,0.12908244275493355,-0.07106547629230531,-0.03143193580239734,-0.1641906805010782,0.9868052853911783,1.0251369588451074,,,0,
1759299733.1499915,1,leader,auto,0.09714229344786074,0.9801484826227478,-0.029948828114332825,,,,,,,,,,,,,1.0,0.0034973186361617475,-0.08313868105817868,0.00208226465833598,0.09714229344786074,0.9801484826227478,-0.029948828114332825,,,1,
1759299733.250521,2,follower,auto,-0.1641906805010782,0.9868052853911783,1.0251369588451074,,,,,,,,,,,,,1.0,0.12908244275493355,-0.07106547629230531,-0.03143193580239734,-0.1641906805010782,0.9868052853911783,1.0251369588451074,,,0,
1759299733.3536901,1,leader,auto,0.11385529039639952,0.9761875479196374,-0.03628572587663102,,,,,,,,,,,,,1.0,0.025601947340593276,-0.08417872762180645,-0.0002466785014834452,0.11385529039639952,0.9761875479196374,-0.03628572587663102,,,1,
1759299733.3541226,2,follower,auto,-0.15208512296561094,0.9804183202915532,1.0315727137207507,,,,,,,,,,,,,1.0,0.14803727965123833,-0.06516610740286954,-0.0206020161866185,-0.15208512296561094,0.9804183202915532,1.0315727137207507,,,0,
1759299733.4697473,1,leader,auto,0.11385529039639952,0.9761875479196374,-0.03628572587663102,,,,,,,,,,,,,1.0,0.025601947340593276,-0.08417872762180645,-0.0002466785014834452,0.11385529039639952,0.9761875479196374,-0.03628572587663102,,,1,
1759299733.5701466,2,follower,auto,-0.15208512296561094,0.9804183202915532,1.0315727137207507,,,,,,,,,,,,,1.0,0.14803727965123833,-0.06516610740286954,-0.0206020161866185,-0.15208512296561094,0.9804183202915532,1.0315727137207507,,,0,
1759299733.6718955,1,leader,auto,0.14057408346130465,0.9725442278575951,-0.04273875062830858,,,,,,,,,,,,,1.0,0.05260854813667108,-0.08235723737717748,-0.0027818902300275963,0.14057408346130465,0.9725442278575951,-0.04273875062830858,,,1,
1759299733.6720471,2,follower,auto,-0.13114681229797714,0.9759794078893861,1.0332210213139308,,,,,,,,,,,,,1.0,0.1683009219330095,-0.06051532479671651,-0.028074771204521953,-0.13114681229797714,0.9759794078893861,1.0332210213139308,,,0,
1759299733.839005,1,leader,auto,0.14057408346130465,0.9725442278575951,-0.04273875062830858,,,,,,,,,,,,,1.0,0.05260854813667108,-0.08235723737717748,-0.0027818902300275963,0.14057408346130465,0.9725442278575951,-0.04273875062830858,,,1,
1759299733.9395177,2,follower,auto,-0.13114681229797714,0.9759794078893861,1.0332210213139308,,,,,,,,,,,,,1.0,0.1683009219330095,-0.06051532479671651,-0.028074771204521953,-0.13114681229797714,0.9759794078893861,1.0332210213139308,,,0,
1759299734.0433612,1,leader,auto,0.18034482274593983,0.9705850685513173,-0.04913161198304099,,,,,,,,,,,,,1.0,0.08481573513861351,-0.07789127128842566,-0.005342776576558718,0.18034482274593983,0.9705850685513173,-0.04913161198304099,,,1,
1759299734.043481,2,follower,auto,-0.09944225249674947,0.9703617276474436,1.0254983551683654,,,,,,,,,,,,,1.0,0.19141837410354676,-0.06234494481972841,-0.0448612466221312,-0.09944225249674947,0.9703617276474436,1.0254983551683654,,,0,
1759299734.1524653,1,leader,auto,0.18034482274593983,0.9705850685513173,-0.04913161198304099,,,,,,,,,,,,,1.0,0.08481573513861351,-0.07789127128842566,-0.005342776576558718,0.18034482274593983,0.9705850685513173,-0.04913161198304099,,,1,
1759299734.2529569,2,follower,auto,-0.09944225249674947,0.9703617276474436,1.0254983551683654,,,,,,,,,,,,,1.0,0.19141837410354676,-0.06234494481972841,-0.0448612466221312,-0.09944225249674947,0.9703617276474436,1.0254983551683654,,,0,
1759299734.3568816,1,leader,auto,0.22680084859931793,0.9702702092779569,-0.05378834890281866,,,,,,,,,,,,,1.0,0.10212655950378727,-0.07371603005188554,-0.004917502662426035,0.22680084859931793,0.9702702092779569,-0.05378834890281866,,,1,
1759299734.3574226,2,follower,auto,-0.06263995918121326,0.9690469889151365,1.012904340221692,,,,,,,,,,,,,1.0,0.20204292242698646,-0.05363245572791697,-0.05235229769191907,-0.06263995918121326,0.9690469889151365,1.012904340221692,,,0,
1759299734.4850285,1,leader,auto,0.22680084859931793,0.9702702092779569,-0.05378834890281866,,,,,,,,,,,,,1.0,0.10212655950378727,-0.07371603005188554,-0.004917502662426035,0.22680084859931793,0.9702702092779569,-0.05378834890281866,,,1,
1759299734.5853264,2,follower,auto,-0.06263995918121326,0.9690469889151365,1.012904340221692,,,,,,,,,,,,,1.0,0.20204292242698646,-0.05363245572791697,-0.05235229769191907,-0.06263995918121326,0.9690469889151365,1.012904340221692,,,0,
1759299734.686598,1,leader,auto,0.27277833241791855,0.9711854254276223,-0.057625435771749,,,,,,,,,,,,,1.0,0.1042230721598599,-0.07057364683760547,-0.0063307797268915625,0.27277833241791855,0.9711854254276223,-0.057625435771749,,,1,
1759299734.6980782,2,follower,auto,-0.022549014175175713,0.9738771630665064,0.9974238240682205,,,,,,,,,,,,,0.7165313105737893,0.20851807968663988,-0.04115289714741721,-0.056019537441555745,-0.022549014175175713,0.9738771630665064,0.9974238240682205,,,0,
1759299734.866226,1,leader,auto,0.27277833241791855,0.9711854254276223,-0.057625435771749,,,,,,,,,,,,,1.0,0.1042230721598599,-0.07057364683760547,-0.0063307797268915625,0.27277833241791855,0.9711854254276223,-0.057625435771749,,,1,
1759299734.966798,2,follower,auto,-0.022549014175175713,0.9738771630665064,0.9974238240682205,,,,,,,,,,,,,0.7165313105737893,0.20851807968663988,-0.04115289714741721,-0.056019537441555745,-0.022549014175175713,0.9738771630665064,0.9974238240682205,,,0,
1759299735.0705063,1,leader,auto,0.3091165728485234,0.9718365433340526,-0.06122934397773267,,,,,,,,,,,,,1.0,0.0879041538406119,-0.07058007767304897,-0.009334945147905324,0.3091165728485234,0.9718365433340526,-0.06122934397773267,,,1,
1759299735.0711575,2,follower,auto,0.021537969195027443,0.9857629865578821,0.9828188552346498,,,,,,,,,,,,,0.513417119032592,0.21608425243063908,-0.026947206292949333,-0.05299439706140174,0.021537969195027443,0.9857629865578821,0.9828188552346498,,,0,
1759299735.202051,1,leader,auto,0.3091165728485234,0.9718365433340526,-0.06122934397773267,,,,,,,,,,,,,1.0,0.0879041538406119,-0.07058007767304897,-0.009334945147905324,0.3091165728485234,0.9718365433340526,-0.06122934397773267,,,1,
1759299735.4027119,2,follower,auto,0.021537969195027443,0.9857629865578821,0.9828188552346498,,,,,,,,,,,,,0.513417119032592,0.21608425243063908,-0.026947206292949333,-0.05299439706140174,0.021537969195027443,0.9857629865578821,0.9828188552346498,,,0,
1759299735.5055227,1,leader,auto,0.3327327539725158,0.9709319344237357,-0.06392595147854258,,,,,,,,,,,,,1.0,0.06729396776297619,-0.0731861335187971,-0.010835305337783305,0.3327327539725158,0.9709319344237357,-0.06392595147854258,,,1,
1759299735.5056894,2,follower,auto,0.06825437813978294,0.9981497897579609,0.9725640153499466,,,,,,,,,,,,,0.36787944117144233,0.22053889095821183,-0.025524094477164416,-0.04367012493054523,0.06825437813978294,0.9981497897579609,0.9725640153499466,,,0,
1759299735.6119232,1,leader,auto,0.3327327539725158,0.9709319344237357,-0.06392595147854258,,,,,,,,,,,,,1.0,0.06729396776297619,-0.0731861335187971,-0.010835305337783305,0.3327327539725158,0.9709319344237357,-0.06392595147854258,,,1,
1759299735.8124373,2,follower,auto,0.06825437813978294,0.9981497897579609,0.9725640153499466,,,,,,,,,,,,,0.36787944117144233,0.22053889095821183,-0.025524094477164416,-0.04367012493054523,0.06825437813978294,0.9981497897579609,0.9725640153499466,,,0,
1759299735.9146054,1,leader,auto,0.3494209764889558,0.9699606028741609,-0.06669780815866554,,,,,,,,,,,,,1.0,0.06007335215972265,-0.07270223449588031,-0.014220844602049108,0.3494209764889558,0.9699606028741609,-0.06669780815866554,,,1,
1759299735.91486,2,follower,auto,0.11981465097827575,0.9994736280156563,0.9640310393307634,,,,,,,,,,,,,0.26359713811572677,0.22919967419777587,-0.04679393095044104,-0.04005229205569172,0.11981465097827575,0.9994736280156563,0.9640310393307634,,,0,
1759299736.137344,1,leader,auto,0.3494209764889558,0.9699606028741609,-0.06669780815866554,,,,,,,,,,,,,1.0,0.06007335215972265,-0.07270223449588031,-0.014220844602049108,0.3494209764889558,0.9699606028741609,-0.06669780815866554,,,1,
1759299736.237929,2,follower,auto,0.11981465097827575,0.9994736280156563,0.9640310393307634,,,,,,,,,,,,,0.26359713811572677,0.22919967419777587,-0.04679393095044104,-0.04005229205569172,0.11981465097827575,0.9994736280156563,0.9640310393307634,,,0,
1759299736.3418343,1,leader,auto,0.3614035641822916,0.9711596497530595,-0.06970474148537723,,,,,,,,,,,,,1.0,0.05765841490552798,-0.06776085071461502,-0.018256216749628233,0.3614035641822916,0.9711596497530595,-0.06970474148537723,,,1,
1759299736.342218,2,follower,auto,0.17348744345644884,0.9857249309912827,0.9562457105468809,,,,,,,,,,,,,0.18887560283756183,0.23196472976724763,-0.07557452724288027,-0.03906248032075155,0.17348744345644884,0.9857249309912827,0.9562457105468809,,,0,
1759299736.5333898,1,leader,auto,0.3614035641822916,0.9711596497530595,-0.06970474148537723,,,,,,,,,,,,,1.0,0.05765841490552798,-0.06776085071461502,-0.018256216749628233,0.3614035641822916,0.9711596497530595,-0.06970474148537723,,,1,
1759299736.6338801,2,follower,auto,0.17348744345644884,0.9857249309912827,0.9562457105468809,,,,,,,,,,,,,0.18887560283756183,0.23196472976724763,-0.07557452724288027,-0.03906248032075155,0.17348744345644884,0.9857249309912827,0.9562457105468809,,,0,
1759299736.7380419,1,leader,auto,0.3679424045356978,0.9735640287697056,-0.07188995361513012,,,,,,,,,,,,,1.0,0.053887999480392634,-0.0649632216095406,-0.01997604608165994,0.3679424045356978,0.9735640287697056,-0.07188995361513012,,,1,
1759299736.738512,2,follower,auto,0.21965480257376763,0.9671129290541066,0.9537012568588954,,,,,,,,,,,,,0.1353352832366127,0.21535562655717666,-0.08407563056152134,-0.029637692665239634,0.21965480257376763,0.9671129290541066,0.9537012568588954,,,0,
1759299736.8494956,1,leader,auto,0.3679424045356978,0.9735640287697056,-0.07188995361513012,,,,,,,,,,,,,1.0,0.053887999480392634,-0.0649632216095406,-0.01997604608165994,0.3679424045356978,0.9735640287697056,-0.07188995361513012,,,1,
1759299736.9499516,2,follower,auto,0.21965480257376763,0.9671129290541066,0.9537012568588954,,,,,,,,,,,,,0.1353352832366127,0.21535562655717666,-0.08407563056152134,-0.029637692665239634,0.21965480257376763,0.9671129290541066,0.9537012568588954,,,0,
1759299737.0535405,1,leader,auto,0.3705711250032615,0.9745818866932727,-0.0729085082823476,,,,,,,,,,,,,1.0,0.053373359734687875,-0.06696603569275883,-0.02142022053113763,0.3705711250032615,0.9745818866932727,-0.0729085082823476,,,1,
1759299737.0540323,2,follower,auto,0.2563003900374432,0.951342320360426,0.9570827460805558,,,,,,,,,,,,,0.1598797460796939,0.19554430192203137,-0.07776744349337394,-0.019290323360757422,0.2563003900374432,0.951342320360426,0.9570827460805558,,,0,
1759299737.1939244,1,leader,auto,0.3705711250032615,0.9745818866932727,-0.0729085082823476,,,,,,,,,,,,,1.0,0.053373359734687875,-0.06696603569275883,-0.02142022053113763,0.3705711250032615,0.9745818866932727,-0.0729085082823476,,,1,
1759299737.2943332,2,follower,auto,0.2563003900374432,0.951342320360426,0.9570827460805558,,,,,,,,,,,,,0.1598797460796939,0.19554430192203137,-0.07776744349337394,-0.019290323360757422,0.2563003900374432,0.951342320360426,0.9570827460805558,,,0,
1759299737.3963482,1,leader,auto,0.37155534493315934,0.9748428343856259,-0.0737050388882775,,,,,,,,,,,,,1.0,0.0574156906726217,-0.06760702115772643,-0.024685325298663206,0.37155534493315934,0.9748428343856259,-0.0737050388882775,,,1,
1759299737.396589,2,follower,auto,0.29001225799866676,0.937053447146889,0.9650048414682257,,,,,,,,,,,,,0.18887560283756183,0.18989964782102584,-0.0749834878835608,-0.011703928274891306,0.29001225799866676,0.937053447146889,0.9650048414682257,,,0,
1759299737.562661,1,leader,auto,0.37155534493315934,0.9748428343856259,-0.0737050388882775,,,,,,,,,,,,,1.0,0.0574156906726217,-0.06760702115772643,-0.024685325298663206,0.37155534493315934,0.9748428343856259,-0.0737050388882775,,,1,
1759299737.6630013,2,follower,auto,0.29001225799866676,0.937053447146889,0.9650048414682257,,,,,,,,,,,,,0.18887560283756183,0.18989964782102584,-0.0749834878835608,-0.011703928274891306,0.29001225799866676,0.937053447146889,0.9650048414682257,,,0,
1759299737.7646518,1,leader,auto,0.3720988879280309,0.9739339370764928,-0.07451329998962342,,,,,,,,,,,,,1.0,0.0636635522689381,-0.0690344610289011,-0.028265583062325725,0.3720988879280309,0.9739339370764928,-0.07451329998962342,,,1,
1759299737.7648313,2,follower,auto,0.32692114967039465,0.9234509253864085,0.9762782690448483,,,,,,,,,,,,,0.22313016014842982,0.1967987128509832,-0.07493372447581981,-0.006352352603856692,0.32692114967039465,0.9234509253864085,0.9762782690448483,,,0,
1759299737.8743062,1,leader,auto,0.3720988879280309,0.9739339370764928,-0.07451329998962342,,,,,,,,,,,,,1.0,0.0636635522689381,-0.0690344610289011,-0.028265583062325725,0.3720988879280309,0.9739339370764928,-0.07451329998962342,,,1,
1759299737.9748566,2,follower,auto,0.32692114967039465,0.9234509253864085,0.9762782690448483,,,,,,,,,,,,,0.22313016014842982,0.1967987128509832,-0.07493372447581981,-0.006352352603856692,0.32692114967039465,0.9234509253864085,0.9762782690448483,,,0,
1759299738.0782695,1,leader,auto,0.37135624348165286,0.9711199818494824,-0.07390625330165324,,,,,,,,,,,,,1.0,0.06790799977299189,-0.07235594956932623,-0.028825604868823365,0.37135624348165286,0.9711199818494824,-0.07390625330165324,,,1,
1759299738.0784433,2,follower,auto,0.3631310378529081,0.9088630153389257,0.9875466678297617,,,,,,,,,,,,,0.26359713811572677,0.1955607702300053,-0.07873870405584193,-0.006960243732948679,0.3631310378529081,0.9088630153389257,0.9875466678297617,,,0,
1759299738.2125545,1,leader,auto,0.37135624348165286,0.9711199818494824,-0.07390625330165324,,,,,,,,,,,,,1.0,0.06790799977299189,-0.07235594956932623,-0.028825604868823365,0.37135624348165286,0.9711199818494824,-0.07390625330165324,,,1,
1759299738.312868,2,follower,auto,0.3631310378529081,0.9088630153389257,0.9875466678297617,,,,,,,,,,,,,0.26359713811572677,0.1955607702300053,-0.07873870405584193,-0.006960243732948679,0.3631310378529081,0.9088630153389257,0.9875466678297617,,,0,
1759299738.4147763,1,leader,auto,0.36868898310960724,0.9649506997681685,-0.07276624679573712,,,,,,,,,,,,,1.0,0.0706633679330072,-0.07841006748219881,-0.031124289035631456,0.36868898310960724,0.9649506997681685,-0.07276624679573712,,,1,
1759299738.4149964,2,follower,auto,0.40041134906353315,0.8943414166185769,0.9984549000659699,,,,,,,,,,,,,0.3114032239145977,0.19792357777472813,-0.08126510672043019,-0.007743778784893962,0.40041134906353315,0.8943414166185769,0.9984549000659699,,,0,
1759299738.6938539,1,leader,auto,0.36868898310960724,0.9649506997681685,-0.07276624679573712,,,,,,,,,,,,,1.0,0.0706633679330072,-0.07841006748219881,-0.031124289035631456,0.36868898310960724,0.9649506997681685,-0.07276624679573712,,,1,
1759299738.8946924,2,follower,auto,0.40041134906353315,0.8943414166185769,0.9984549000659699,,,,,,,,,,,,,0.3114032239145977,0.19792357777472813,-0.08126510672043019,-0.007743778784893962,0.40041134906353315,0.8943414166185769,0.9984549000659699,,,0,
1759299738.9963598,1,leader,auto,0.3664521126207084,0.9546530738840182,-0.07112157994983428,,,,,,,,,,,,,1.0,0.07799097930265048,-0.0862146408100285,-0.03337143551353944,0.3664521126207084,0.9546530738840182,-0.07112157994983428,,,1,
1759299738.9966004,2,follower,auto,0.448455968597649,0.8808596043488287,1.0053546171049303,,,,,,,,,,,,,0.22313016014842982,0.21955601553297344,-0.08222351644454462,-0.015279003115500123,0.448455968597649,0.8808596043488287,1.0053546171049303,,,0,
1759299739.1980026,1,leader,auto,0.3664521126207084,0.9546530738840182,-0.07112157994983428,,,,,,,,,,,,,1.0,0.07799097930265048,-0.0862146408100285,-0.03337143551353944,0.3664521126207084,0.9546530738840182,-0.07112157994983428,,,1,
1759299739.2983744,2,follower,auto,0.448455968597649,0.8808596043488287,1.0053546171049303,,,,,,,,,,,,,0.22313016014842982,0.21955601553297344,-0.08222351644454462,-0.015279003115500123,0.448455968597649,0.8808596043488287,1.0053546171049303,,,0,
1759299739.4008281,1,leader,auto,0.3658442569517173,0.9483100591614662,-0.07000356568408352,,,,,,,,,,,,,1.0,0.08734945997733323,-0.0779773828416701,-0.03756936582898416,0.3658442569517173,0.9483100591614662,-0.07000356568408352,,,1,
1759299739.401227,2,follower,auto,0.49177332670340035,0.875555387176309,1.0092586232002745,,,,,,,,,,,,,0.1598797460796939,0.20912369189959573,-0.06985448010212969,-0.02042602554483608,0.49177332670340035,0.875555387176309,1.0092586232002745,,,0,
1759299739.5364249,1,leader,auto,0.3658442569517173,0.9483100591614662,-0.07000356568408352,,,,,,,,,,,,,1.0,0.08734945997733323,-0.0779773828416701,-0.03756936582898416,0.3658442569517173,0.9483100591614662,-0.07000356568408352,,,1,
1759299739.6367395,2,follower,auto,0.49177332670340035,0.875555387176309,1.0092586232002745,,,,,,,,,,,,,0.1598797460796939,0.20912369189959573,-0.06985448010212969,-0.02042602554483608,0.49177332670340035,0.875555387176309,1.0092586232002745,,,0,
1759299739.7381527,1,leader,auto,0.36487166749118305,0.946203735194274,-0.06820655415399296,,,,,,,,,,,,,1.0,0.09225251939538043,-0.07006924693121175,-0.03915055493626152,0.36487166749118305,0.946203735194274,-0.06820655415399296,,,1,
1759299739.7382855,2,follower,auto,0.5337581657622903,0.8775808295176505,1.0161379522067984,,,,,,,,,,,,,0.11455884399268773,0.20600246921089305,-0.05926515272579169,-0.013380516764060824,0.5337581657622903,0.8775808295176505,1.0161379522067984,,,0,
1759299739.8426883,1,leader,auto,0.36487166749118305,0.946203735194274,-0.06820655415399296,,,,,,,,,,,,,1.0,0.09225251939538043,-0.07006924693121175,-0.03915055493626152,0.36487166749118305,0.946203735194274,-0.06820655415399296,,,1,
1759299739.943223,2,follower,auto,0.5337581657622903,0.8775808295176505,1.0161379522067984,,,,,,,,,,,,,0.11455884399268773,0.20600246921089305,-0.05926515272579169,-0.013380516764060824,0.5337581657622903,0.8775808295176505,1.0161379522067984,,,0,
1759299740.0458655,1,leader,auto,0.36212948391472755,0.9464567286653914,-0.06600437821991054,,,,,,,,,,,,,1.0,0.09410070519376879,-0.065800544199069,-0.041204040009840195,0.36212948391472755,0.9464567286653914,-0.06600437821991054,,,1,
1759299740.0459955,2,follower,auto,0.5732672336457325,0.887833192354465,1.024039426766802,,,,,,,,,,,,,0.0820849986238988,0.20075080339945295,-0.04738345624213314,-0.010570127413608743,0.5732672336457325,0.887833192354465,1.024039426766802,,,0,
1759299740.1652322,1,leader,auto,0.36212948391472755,0.9464567286653914,-0.06600437821991054,,,,,,,,,,,,,1.0,0.09410070519376879,-0.065800544199069,-0.041204040009840195,0.36212948391472755,0.9464567286653914,-0.06600437821991054,,,1,
1759299740.2655308,2,follower,auto,0.5732672336457325,0.887833192354465,1.024039426766802,,,,,,,,,,,,,0.0820849986238988,0.20075080339945295,-0.04738345624213314,-0.010570127413608743,0.5732672336457325,0.887833192354465,1.024039426766802,,,0,
1759299740.3669248,1,leader,auto,0.35768196146064035,0.9474816692875212,-0.06460140093500547,,,,,,,,,,,,,1.0,0.09598499217881701,-0.06492479105917337,-0.045568313313819324,0.35768196146064035,0.9474816692875212,-0.06460140093500547,,,1,
1759299740.3670497,2,follower,auto,0.6120143975258818,0.9065799675719695,1.028700969329242,,,,,,,,,,,,,0.09697196786440505,0.19918945522289455,-0.034524910119524854,-0.015915675383337158,0.6120143975258818,0.9065799675719695,1.028700969329242,,,0,
1759299740.5727339,1,leader,auto,0.35768196146064035,0.9474816692875212,-0.06460140093500547,,,,,,,,,,,,,1.0,0.09598499217881701,-0.06492479105917337,-0.045568313313819324,0.35768196146064035,0.9474816692875212,-0.06460140093500547,,,1,
1759299740.6730566,2,follower,auto,0.6120143975258818,0.9065799675719695,1.028700969329242,,,,,,,,,,,,,0.09697196786440505,0.19918945522289455,-0.034524910119524854,-0.015915675383337158,0.6120143975258818,0.9065799675719695,1.028700969329242,,,0,
1759299740.775729,1,leader,auto,0.35314699865115173,0.9487501209620184,-0.06535523391640194,,,,,,,,,,,,,1.0,0.10101086185907343,-0.06516775004934194,-0.05243536816287026,0.35314699865115173,0.9487501209620184,-0.06535523391640194,,,1,
1759299740.7762258,2,follower,auto,0.6569637076702044,0.9295837184452389,1.0308159460406232,,,,,,,,,,,,,0.06948345122280154,0.21163427499009646,-0.02973983698355631,-0.01911971366022569,0.6569637076702044,0.9295837184452389,1.0308159460406232,,,0,
1759299740.8811383,1,leader,auto,0.35314699865115173,0.9487501209620184,-0.06535523391640194,,,,,,,,,,,,,1.0,0.10101086185907343,-0.06516775004934194,-0.05243536816287026,0.35314699865115173,0.9487501209620184,-0.06535523391640194,,,1,
1759299740.9814553,2,follower,auto,0.6569637076702044,0.9295837184452389,1.0308159460406232,,,,,,,,,,,,,0.06948345122280154,0.21163427499009646,-0.02973983698355631,-0.01911971366022569,0.6569637076702044,0.9295837184452389,1.0308159460406232,,,0,
1759299741.0827236,1,leader,auto,0.3494456663081438,0.9498255529305653,-0.06731649851016214,,,,,,,,,,,,,1.0,0.10762757969908104,-0.06629055307334975,-0.057572104231277905,0.3494456663081438,0.9498255529305653,-0.06731649851016214,,,1,
1759299741.082865,2,follower,auto,0.6983984443379299,0.9471875284914307,1.031285922512525,,,,,,,,,,,,,0.049787068367863944,0.20402341428739723,-0.042981238127575816,-0.0203643655481216,0.6983984443379299,0.9471875284914307,1.031285922512525,,,0,
1759299741.1857104,1,leader,auto,0.3494456663081438,0.9498255529305653,-0.06731649851016214,,,,,,,,,,,,,1.0,0.10762757969908104,-0.06629055307334975,-0.057572104231277905,0.3494456663081438,0.9498255529305653,-0.06731649851016214,,,1,
1759299741.2862103,2,follower,auto,0.6983984443379299,0.9471875284914307,1.031285922512525,,,,,,,,,,,,,0.049787068367863944,0.20402341428739723,-0.042981238127575816,-0.0203643655481216,0.6983984443379299,0.9471875284914307,1.031285922512525,,,0,
1759299741.3884108,1,leader,auto,0.34698089940634635,0.9508684591126195,-0.06965893773095695,,,,,,,,,,,,,1.0,0.11471933159654801,-0.0670456321382028,-0.0608059710690004,0.34698089940634635,0.9508684591126195,-0.06965893773095695,,,1,
1759299741.3886058,2,follower,auto,0.7374262863005498,0.9593406639732538,1.0325083603972245,,,,,,,,,,,,,0.05881647164242988,0.19900845416281643,-0.05518192494662966,-0.016752217315445073,0.7374262863005498,0.9593406639732538,1.0325083603972245,,,0,
1759299741.4914343,1,leader,auto,0.34698089940634635,0.9508684591126195,-0.06965893773095695,,,,,,,,,,,,,1.0,0.11471933159654801,-0.0670456321382028,-0.0608059710690004,0.34698089940634635,0.9508684591126195,-0.06965893773095695,,,1,
1759299741.591905,2,follower,auto,0.7374262863005498,0.9593406639732538,1.0325083603972245,,,,,,,,,,,,,0.05881647164242988,0.19900845416281643,-0.05518192494662966,-0.016752217315445073,0.7374262863005498,0.9593406639732538,1.0325083603972245,,,0,
1759299741.6935291,1,leader,auto,0.346275456633188,0.9513429378462235,-0.07107581842628055,,,,,,,,,,,,,1.0,0.12250201327399879,-0.06883894900329912,-0.06176968120163813,0.346275456633188,0.9513429378462235,-0.07107581842628055,,,1,
1759299741.6936505,2,follower,auto,0.7722057351123679,0.9656672362397993,1.0346395429554867,,,,,,,,,,,,,0.06948345122280154,0.19056124515307182,-0.0670389898441005,-0.012997280872520944,0.7722057351123679,0.9656672362397993,1.0346395429554867,,,0,
1759299741.8947594,1,leader,auto,0.346275456633188,0.9513429378462235,-0.07107581842628055,,,,,,,,,,,,,1.0,0.12250201327399879,-0.06883894900329912,-0.06176968120163813,0.346275456633188,0.9513429378462235,-0.07107581842628055,,,1,
1759299741.9950607,2,follower,auto,0.7722057351123679,0.9656672362397993,1.0346395429554867,,,,,,,,,,,,,0.06948345122280154,0.19056124515307182,-0.0670389898441005,-0.012997280872520944,0.7722057351123679,0.9656672362397993,1.0346395429554867,,,0,
1759299742.0966036,1,leader,auto,0.34815905647023493,0.9515294632353963,-0.07069489703615249,,,,,,,,,,,,,1.0,0.1315549978307094,-0.06998459518722333,-0.06094075051864504,0.34815905647023493,0.9515294632353963,-0.07069489703615249,,,1,
1759299742.096843,2,follower,auto,0.8155800611865442,0.9606315756426239,1.03757147352749,,,,,,,,,,,,,0.049787068367863944,0.20677985527278564,-0.08939140331466677,-0.00963791928398372,0.8155800611865442,0.9606315756426239,1.03757147352749,,,0,
1759299742.2087276,1,leader,auto,0.34815905647023493,0.9515294632353963,-0.07069489703615249,,,,,,,,,,,,,1.0,0.1315549978307094,-0.06998459518722333,-0.06094075051864504,0.34815905647023493,0.9515294632353963,-0.07069489703615249,,,1,
1759299742.3092906,2,follower,auto,0.8155800611865442,0.9606315756426239,1.03757147352749,,,,,,,,,,,,,0.049787068367863944,0.20677985527278564,-0.08939140331466677,-0.00963791928398372,0.8155800611865442,0.9606315756426239,1.03757147352749,,,0,
1759299742.4121711,1,leader,auto,0.3497961024105696,0.9532342705269812,-0.07065275287170969,,,,,,,,,,,,,1.0,0.13448414014574933,-0.06744924250049555,-0.06442230988463236,0.3497961024105696,0.9532342705269812,-0.07065275287170969,,,1,
1759299742.4122887,2,follower,auto,0.856220966254984,0.9519273040730264,1.0401175536268563,,,,,,,,,,,,,0.05881647164242988,0.19695769612925318,-0.09629094561706109,-0.008314473937672595,0.856220966254984,0.9519273040730264,1.0401175536268563,,,0,
1759299742.5217073,1,leader,auto,0.3497961024105696,0.9532342705269812,-0.07065275287170969,,,,,,,,,,,,,1.0,0.13448414014574933,-0.06744924250049555,-0.06442230988463236,0.3497961024105696,0.9532342705269812,-0.07065275287170969,,,1,
1759299742.6223443,2,follower,auto,0.856220966254984,0.9519273040730264,1.0401175536268563,,,,,,,,,,,,,0.05881647164242988,0.19695769612925318,-0.09629094561706109,-0.008314473937672595,0.856220966254984,0.9519273040730264,1.0401175536268563,,,0,
1759299742.7240405,1,leader,auto,0.350212253994894,0.9559261658759195,-0.0706708992790267,,,,,,,,,,,,,1.0,0.13531814442644136,-0.06608483373548146,-0.06717964206713734,0.350212253994894,0.9559261658759195,-0.0706708992790267,,,1,
1759299742.7241902,2,follower,auto,0.8921924230235723,0.9395423863242259,1.0420977904798605,,,,,,,,,,,,,0.06948345122280154,0.18175137107016492,-0.10338444191419893,-0.007415738583012033,0.8921924230235723,0.9395423863242259,1.0420977904798605,,,0,
1759299742.8558345,1,leader,auto,0.350212253994894,0.9559261658759195,-0.0706708992790267,,,,,,,,,,,,,1.0,0.13531814442644136,-0.06608483373548146,-0.06717964206713734,0.350212253994894,0.9559261658759195,-0.0706708992790267,,,1,
1759299742.9565306,2,follower,auto,0.8921924230235723,0.9395423863242259,1.0420977904798605,,,,,,,,,,,,,0.06948345122280154,0.18175137107016492,-0.10338444191419893,-0.007415738583012033,0.8921924230235723,0.9395423863242259,1.0420977904798605,,,0,
1759299743.0598278,1,leader,auto,0.3503375974506554,0.9578928140698827,-0.0699145272051257,,,,,,,,,,,,,1.0,0.1379706209479934,-0.06769593316295874,-0.06813266879817603,0.3503375974506554,0.9578928140698827,-0.0699145272051257,,,1,
1759299743.0601046,2,follower,auto,0.9218510221347569,0.927289023182635,1.0438348086324134,,,,,,,,,,,,,0.0820849986238988,0.1625197269707207,-0.10352232889700819,-0.005916124909480347,0.9218510221347569,0.927289023182635,1.0438348086324134,,,0,
1759299743.167518,1,leader,auto,0.3503375974506554,0.9578928140698827,-0.0699145272051257,,,,,,,,,,,,,1.0,0.1379706209479934,-0.06769593316295874,-0.06813266879817603,0.3503375974506554,0.9578928140698827,-0.0699145272051257,,,1,
1759299743.2678695,2,follower,auto,0.9218510221347569,0.927289023182635,1.0438348086324134,,,,,,,,,,,,,0.0820849986238988,0.1625197269707207,-0.10352232889700819,-0.005916124909480347,0.9218510221347569,0.927289023182635,1.0438348086324134,,,0,
1759299743.3696854,1,leader,auto,0.35057166211799834,0.9587718406760436,-0.06827854963251082,,,,,,,,,,,,,1.0,0.14128953232375674,-0.06994489022965067,-0.06882609720810004,0.35057166211799834,0.9587718406760436,-0.06827854963251082,,,1,
1759299743.369883,2,follower,auto,0.9416407445815633,0.9173840668321311,1.0459235255294654,,,,,,,,,,,,,0.09697196786440505,0.13614771768501788,-0.0997248463870406,-0.00280057278744672,0.9416407445815633,0.9173840668321311,1.0459235255294654,,,0,
1759299743.5312402,1,leader,auto,0.35057166211799834,0.9587718406760436,-0.06827854963251082,,,,,,,,,,,,,1.0,0.14128953232375674,-0.06994489022965067,-0.06882609720810004,0.35057166211799834,0.9587718406760436,-0.06827854963251082,,,1,
1759299743.6316297,2,follower,auto,0.9416407445815633,0.9173840668321311,1.0459235255294654,,,,,,,,,,,,,0.09697196786440505,0.13614771768501788,-0.0997248463870406,-0.00280057278744672,0.9416407445815633,0.9173840668321311,1.0459235255294654,,,0,
1759299743.7345617,1,leader,auto,0.3507406710447579,0.9579746926266518,-0.06647139771653188,,,,,,,,,,,,,1.0,0.14409494422640218,-0.07325677165161903,-0.07090033622835135,0.3507406710447579,0.9579746926266518,-0.06647139771653188,,,1,
1759299743.7354302,2,follower,auto,0.950311724473916,0.9104316955886101,1.051290064587067,,,,,,,,,,,,,0.11455884399268773,0.10862647666557135,-0.09540417315201277,0.006015480490783043,0.950311724473916,0.9104316955886101,1.051290064587067,,,0,
1759299743.8788812,1,leader,auto,0.3507406710447579,0.9579746926266518,-0.06647139771653188,,,,,,,,,,,,,1.0,0.14409494422640218,-0.07325677165161903,-0.07090033622835135,0.3507406710447579,0.9579746926266518,-0.06647139771653188,,,1,
1759299743.9792,2,follower,auto,0.950311724473916,0.9104316955886101,1.051290064587067,,,,,,,,,,,,,0.11455884399268773,0.10862647666557135,-0.09540417315201277,0.006015480490783043,0.950311724473916,0.9104316955886101,1.051290064587067,,,0,
1759299744.0805361,1,leader,auto,0.34935703025969056,0.9564660084948016,-0.06468792506420734,,,,,,,,,,,,,1.0,0.1437848975914282,-0.0744778896778967,-0.0732674698359942,0.34935703025969056,0.9564660084948016,-0.06468792506420734,,,1,
1759299744.0806544,2,follower,auto,0.9496775890400524,0.9087987699955471,1.0585100054653975,,,,,,,,,,,,,0.1353352832366127,0.08614873389194122,-0.08655765828485651,0.012062191980581671,0.9496775890400524,0.9087987699955471,1.0585100054653975,,,0,
1759299744.1948004,1,leader,auto,0.34935703025969056,0.9564660084948016,-0.06468792506420734,,,,,,,,,,,,,1.0,0.1437848975914282,-0.0744778896778967,-0.0732674698359942,0.34935703025969056,0.9564660084948016,-0.06468792506420734,,,1,
1759299744.2952147,2,follower,auto,0.9496775890400524,0.9087987699955471,1.0585100054653975,,,,,,,,,,,,,0.1353352832366127,0.08614873389194122,-0.08655765828485651,0.012062191980581671,0.9496775890400524,0.9087987699955471,1.0585100054653975,,,0,
1759299744.3966944,1,leader,auto,0.3465987221111052,0.955268320389933,-0.0626405702741948,,,,,,,,,,,,,1.0,0.14384631798482084,-0.07409762729872593,-0.07494875754674132,0.3465987221111052,0.955268320389933,-0.0626405702741948,,,1,
1759299744.3968122,2,follower,auto,0.9419368173053251,0.9130160876930331,1.0634207959484083,,,,,,,,,,,,,0.1598797460796939,0.06972438785028745,-0.07706929620515812,0.009993744788364234,0.9419368173053251,0.9130160876930331,1.0634207959484083,,,0,
1759299744.5194578,1,leader,auto,0.3465987221111052,0.955268320389933,-0.0626405702741948,,,,,,,,,,,,,1.0,0.14384631798482084,-0.07409762729872593,-0.07494875754674132,0.3465987221111052,0.955268320389933,-0.0626405702741948,,,1,
1759299744.619756,2,follower,auto,0.9419368173053251,0.9130160876930331,1.0634207959484083,,,,,,,,,,,,,0.1598797460796939,0.06972438785028745,-0.07706929620515812,0.009993744788364234,0.9419368173053251,0.9130160876930331,1.0634207959484083,,,0,
1759299744.7224464,1,leader,auto,0.3442403215006441,0.9553272453851409,-0.06041944137709166,,,,,,,,,,,,,1.0,0.14745381716182832,-0.07185060340303318,-0.07672704534735628,0.3442403215006441,0.9553272453851409,-0.06041944137709166,,,1,
1759299744.7227793,2,follower,auto,0.9281944079123907,0.9225019855633763,1.0647080403452305,,,,,,,,,,,,,0.19265311489431308,0.05735718351146113,-0.0686925735742624,0.0053900754679863105,0.9281944079123907,0.9225019855633763,1.0647080403452305,,,0,
1759299744.8493767,1,leader,auto,0.3442403215006441,0.9553272453851409,-0.06041944137709166,,,,,,,,,,,,,1.0,0.14745381716182832,-0.07185060340303318,-0.07672704534735628,0.3442403215006441,0.9553272453851409,-0.06041944137709166,,,1,
1759299744.9497259,2,follower,auto,0.9281944079123907,0.9225019855633763,1.0647080403452305,,,,,,,,,,,,,0.19265311489431308,0.05735718351146113,-0.0686925735742624,0.0053900754679863105,0.9281944079123907,0.9225019855633763,1.0647080403452305,,,0,
1759299745.051233,1,leader,auto,0.34396730650988144,0.9581108439953232,-0.05823502448650577,,,,,,,,,,,,,1.0,0.15425189754313384,-0.06678397436759942,-0.07833502178485435,0.34396730650988144,0.9581108439953232,-0.05823502448650577,,,1,
1759299745.051358,2,follower,auto,0.9105472770675536,0.9371423370823896,1.0640541649363042,,,,,,,,,,,,,0.2275927633513984,0.05082984619448272,-0.06043808603001355,0.004365854163646654,0.9105472770675536,0.9371423370823896,1.0640541649363042,,,0,
1759299745.21841,1,leader,auto,0.34396730650988144,0.9581108439953232,-0.05823502448650577,,,,,,,,,,,,,1.0,0.15425189754313384,-0.06678397436759942,-0.07833502178485435,0.34396730650988144,0.9581108439953232,-0.05823502448650577,,,1,
1759299745.3187485,2,follower,auto,0.9105472770675536,0.9371423370823896,1.0640541649363042,,,,,,,,,,,,,0.2275927633513984,0.05082984619448272,-0.06043808603001355,0.004365854163646654,0.9105472770675536,0.9371423370823896,1.0640541649363042,,,0,
1759299745.4209309,1,leader,auto,0.34786891997232994,0.9622950005529542,-0.056721801099732884,,,,,,,,,,,,,1.0,0.16488855957239945,-0.0641187524791994,-0.08112936807164475,0.34786891997232994,0.9622950005529542,-0.056721801099732884,,,1,
1759299745.4212546,2,follower,auto,0.8921202973993169,0.9532401604016858,1.0640481118878709,,,,,,,,,,,,,0.2688690808780413,0.05190266043513092,-0.05896485697433107,0.008564352090957517,0.8921202973993169,0.9532401604016858,1.0640481118878709,,,0,
1759299745.5440867,1,leader,auto,0.34786891997232994,0.9622950005529542,-0.056721801099732884,,,,,,,,,,,,,1.0,0.16488855957239945,-0.0641187524791994,-0.08112936807164475,0.34786891997232994,0.9622950005529542,-0.056721801099732884,,,1,
1759299745.644383,2,follower,auto,0.8921202973993169,0.9532401604016858,1.0640481118878709,,,,,,,,,,,,,0.2688690808780413,0.05190266043513092,-0.05896485697433107,0.008564352090957517,0.8921202973993169,0.9532401604016858,1.0640481118878709,,,0,
1759299745.745798,1,leader,auto,0.35335932452767693,0.9656064240918816,-0.056005046139497784,,,,,,,,,,,,,1.0,0.16982171377957656,-0.06563836908067466,-0.08403859958978648,0.35335932452767693,0.9656064240918816,-0.056005046139497784,,,1,
1759299745.7459304,2,follower,auto,0.8791058123142879,0.9663298526326585,1.0650277712532867,,,,,,,,,,,,,0.3176312883928896,0.06632231473299666,-0.06548746405437944,0.013235692463519522,0.8791058123142879,0.9663298526326585,1.0650277712532867,,,0,
1759299745.8683004,1,leader,auto,0.35335932452767693,0.9656064240918816,-0.056005046139497784,,,,,,,,,,,,,1.0,0.16982171377957656,-0.06563836908067466,-0.08403859958978648,0.35335932452767693,0.9656064240918816,-0.056005046139497784,,,1,
1759299745.9686298,2,follower,auto,0.8791058123142879,0.9663298526326585,1.0650277712532867,,,,,,,,,,,,,0.3176312883928896,0.06632231473299666,-0.06548746405437944,0.013235692463519522,0.8791058123142879,0.9663298526326585,1.0650277712532867,,,0,
1759299746.0701149,1,leader,auto,0.35939831849698906,0.9672705189617679,-0.05469410313640449,,,,,,,,,,,,,1.0,0.172427806918528,-0.068641832715711,-0.0840266606514769,0.35939831849698906,0.9672705189617679,-0.05469410313640449,,,1,
1759299746.0702415,2,follower,auto,0.8742806591284558,0.9797256183734694,1.0680729588433613,,,,,,,,,,,,,0.3752370299948712,0.08555824007743917,-0.0645646238547879,0.020340355125167076,0.8742806591284558,0.9797256183734694,1.0680729588433613,,,0,
1759299746.1777291,1,leader,auto,0.35939831849698906,0.9672705189617679,-0.05469410313640449,,,,,,,,,,,,,1.0,0.172427806918528,-0.068641832715711,-0.0840266606514769,0.35939831849698906,0.9672705189617679,-0.05469410313640449,,,1,
1759299746.2783532,2,follower,auto,0.8742806591284558,0.9797256183734694,1.0680729588433613,,,,,,,,,,,,,0.3752370299948712,0.08555824007743917,-0.0645646238547879,0.020340355125167076,0.8742806591284558,0.9797256183734694,1.0680729588433613,,,0,
1759299746.380367,1,leader,auto,0.36578617480976494,0.9658845830668605,-0.05206316886400809,,,,,,,,,,,,,1.0,0.174504141259529,-0.07431736960204383,-0.08256412688780565,0.36578617480976494,0.9658845830668605,-0.05206316886400809,,,1,
1759299746.3804915,2,follower,auto,0.8749174749651902,0.9925624805555455,1.0722112976527338,,,,,,,,,,,,,0.44329017267721976,0.09834927801303983,-0.06490351316644993,0.02515714903352184,0.8749174749651902,0.9925624805555455,1.0722112976527338,,,0,
1759299746.481217,1,leader,auto,0.36578617480976494,0.9658845830668605,-0.05206316886400809,,,,,,,,,,,,,1.0,0.174504141259529,-0.07431736960204383,-0.08256412688780565,0.36578617480976494,0.9658845830668605,-0.05206316886400809,,,1,
1759299746.5814853,2,follower,auto,0.8749174749651902,0.9925624805555455,1.0722112976527338,,,,,,,,,,,,,0.44329017267721976,0.09834927801303983,-0.06490351316644993,0.02515714903352184,0.8749174749651902,0.9925624805555455,1.0722112976527338,,,0,
1759299746.6827767,1,leader,auto,0.37225064742865904,0.9624276199577868,-0.04792439974199803,,,,,,,,,,,,,1.0,0.1759321668087891,-0.07827497296305896,-0.08079606221415456,0.37225064742865904,0.9624276199577868,-0.04792439974199803,,,1,
1759299746.682906,2,follower,auto,0.8798337868267501,0.9993483921026028,1.0742786840778074,,,,,,,,,,,,,0.5236854614132439,0.107622327126224,-0.07519815368152405,0.02390962517629447,0.8798337868267501,0.9993483921026028,1.0742786840778074,,,0,
1759299746.8052723,1,leader,auto,0.37225064742865904,0.9624276199577868,-0.04792439974199803,,,,,,,,,,,,,1.0,0.1759321668087891,-0.07827497296305896,-0.08079606221415456,0.37225064742865904,0.9624276199577868,-0.04792439974199803,,,1,
1759299746.9057677,2,follower,auto,0.8798337868267501,0.9993483921026028,1.0742786840778074,,,,,,,,,,,,,0.5236854614132439,0.107622327126224,-0.07519815368152405,0.02390962517629447,0.8798337868267501,0.9993483921026028,1.0742786840778074,,,0,
1759299747.009035,1,leader,auto,0.3791509303048749,0.9591095651842243,-0.044763343055052765,,,,,,,,,,,,,1.0,0.17800717898299312,-0.07762603077433239,-0.08357971604863165,0.3791509303048749,0.9591095651842243,-0.044763343055052765,,,1,
1759299747.0102005,2,follower,auto,0.8903998073602755,1.0046222226629729,1.0740933862515614,,,,,,,,,,,,,0.6186612729068861,0.11866093940237377,-0.07591855859956653,0.022348315082326264,0.8903998073602755,1.0046222226629729,1.0740933862515614,,,0,
1759299747.1483762,1,leader,auto,0.3791509303048749,0.9591095651842243,-0.044763343055052765,,,,,,,,,,,,,1.0,0.17800717898299312,-0.07762603077433239,-0.08357971604863165,0.3791509303048749,0.9591095651842243,-0.044763343055052765,,,1,
1759299747.2488086,2,follower,auto,0.8903998073602755,1.0046222226629729,1.0740933862515614,,,,,,,,,,,,,0.6186612729068861,0.11866093940237377,-0.07591855859956653,0.022348315082326264,0.8903998073602755,1.0046222226629729,1.0740933862515614,,,0,
1759299747.363255,1,leader,auto,0.38560569844277937,0.9602899401610959,-0.04338896708525001,,,,,,,,,,,,,1.0,0.17821579055722075,-0.0682930646788813,-0.08784537639544847,0.38560569844277937,0.9602899401610959,-0.04338896708525001,,,1,
1759299747.3635147,2,follower,auto,0.9087123658667589,1.0107858353506183,1.06858617524983,,,,,,,,,,,,,0.7165313105737893,0.13281862211017115,-0.07179347150537496,0.014716496851414185,0.9087123658667589,1.0107858353506183,1.06858617524983,,,0,
1759299747.5171173,1,leader,auto,0.38560569844277937,0.9602899401610959,-0.04338896708525001,,,,,,,,,,,,,1.0,0.17821579055722075,-0.0682930646788813,-0.08784537639544847,0.38560569844277937,0.9602899401610959,-0.04338896708525001,,,1,
1759299747.6174247,2,follower,auto,0.9087123658667589,1.0107858353506183,1.06858617524983,,,,,,,,,,,,,0.7165313105737893,0.13281862211017115,-0.07179347150537496,0.014716496851414185,0.9087123658667589,1.0107858353506183,1.06858617524983,,,0,
1759299747.719009,1,leader,auto,0.3908315380457049,0.9692996367743767,-0.04326144754452026,,,,,,,,,,,,,1.0,0.17684714395940188,-0.052747175083787456,-0.0908185809937613,0.3908315380457049,0.9692996367743767,-0.04326144754452026,,,1,
1759299747.7192519,2,follower,auto,0.9331672568150853,1.0243179855868614,1.057431656614046,,,,,,,,,,,,,0.8464817248906141,0.14152137855122593,-0.05440844260164002,0.006289087742367139,0.9331672568150853,1.0243179855868614,1.057431656614046,,,0,
1759299747.8658972,1,leader,auto,0.3908315380457049,0.9692996367743767,-0.04326144754452026,,,,,,,,,,,,,1.0,0.17684714395940188,-0.052747175083787456,-0.0908185809937613,0.3908315380457049,0.9692996367743767,-0.04326144754452026,,,1,
1759299747.966445,2,follower,auto,0.9331672568150853,1.0243179855868614,1.057431656614046,,,,,,,,,,,,,0.8464817248906141,0.14152137855122593,-0.05440844260164002,0.006289087742367139,0.9331672568150853,1.0243179855868614,1.057431656614046,,,0,
1759299748.0682874,1,leader,auto,0.3951420275848927,0.9789775720198685,-0.041959560827158134,,,,,,,,,,,,,1.0,0.17617408663395612,-0.051275990597354104,-0.08879350241871228,0.3951420275848927,0.9789775720198685,-0.041959560827158134,,,1,
1759299748.068434,2,follower,auto,0.9608110511370234,1.0448286936506226,1.0461155609888202,,,,,,,,,,,,,1.0,0.142349417196168,-0.03763707594565435,0.008725317994283444,0.9608110511370234,1.0448286936506226,1.0461155609888202,,,0,
1759299748.1838553,1,leader,auto,0.3951420275848927,0.9789775720198685,-0.041959560827158134,,,,,,,,,,,,,1.0,0.17617408663395612,-0.051275990597354104,-0.08879350241871228,0.3951420275848927,0.9789775720198685,-0.041959560827158134,,,1,
1759299748.2841508,2,follower,auto,0.9608110511370234,1.0448286936506226,1.0461155609888202,,,,,,,,,,,,,1.0,0.142349417196168,-0.03763707594565435,0.008725317994283444,0.9608110511370234,1.0448286936506226,1.0461155609888202,,,0,
1759299748.385424,1,leader,auto,0.39826865484209695,0.9854289544173621,-0.03917473828102679,,,,,,,,,,,,,1.0,0.1749976577382914,-0.05718653451374034,-0.08623651613184746,0.39826865484209695,0.9854289544173621,-0.03917473828102679,,,1,
1759299748.3855565,2,follower,auto,0.9839793122103395,1.062676998777123,1.0359813538174896,,,,,,,,,,,,,0.85,0.12628633254953592,-0.03994888624137993,0.013222820166534754,0.9839793122103395,1.062676998777123,1.0359813538174896,,,0,
1759299748.5356429,1,leader,auto,0.39826865484209695,0.9854289544173621,-0.03917473828102679,,,,,,,,,,,,,1.0,0.1749976577382914,-0.05718653451374034,-0.08623651613184746,0.39826865484209695,0.9854289544173621,-0.03917473828102679,,,1,
1759299748.6359787,2,follower,auto,0.9839793122103395,1.062676998777123,1.0359813538174896,,,,,,,,,,,,,0.85,0.12628633254953592,-0.03994888624137993,0.013222820166534754,0.9839793122103395,1.062676998777123,1.0359813538174896,,,0,
1759299748.7373474,1,leader,auto,0.4000056342798606,0.9885650708694049,-0.03726755300743991,,,,,,,,,,,,,1.0,0.17346847921249559,-0.06300481844321659,-0.08851387660535942,0.4000056342798606,0.9885650708694049,-0.03726755300743991,,,1,
1759299748.7374995,2,follower,auto,0.9984936530471439,1.0726348704170354,1.0277240952706341,,,,,,,,,,,,,1.0,0.10218647816169368,-0.05160986305697124,0.01838289084911282,0.9984936530471439,1.0726348704170354,1.0277240952706341,,,0,
1759299748.841512,1,leader,auto,0.4000056342798606,0.9885650708694049,-0.03726755300743991,,,,,,,,,,,,,1.0,0.17346847921249559,-0.06300481844321659,-0.08851387660535942,0.4000056342798606,0.9885650708694049,-0.03726755300743991,,,1,
1759299748.9419925,2,follower,auto,0.9984936530471439,1.0726348704170354,1.0277240952706341,,,,,,,,,,,,,1.0,0.10218647816169368,-0.05160986305697124,0.01838289084911282,0.9984936530471439,1.0726348704170354,1.0277240952706341,,,0,
1759299749.04478,1,leader,auto,0.4002776416510003,0.9893548789249418,-0.03652738057242729,,,,,,,,,,,,,1.0,0.17186511111862307,-0.06660884670944167,-0.0912564988401155,0.4002776416510003,0.9893548789249418,-0.03652738057242729,,,1,
1759299749.0449183,2,follower,auto,1.0051355634149752,1.0730748078282804,1.0228887513984253,,,,,,,,,,,,,1.0,0.08088797847095308,-0.06597183169049647,0.025876578547753715,1.0051355634149752,1.0730748078282804,1.0228887513984253,,,0,
1759299749.2037668,1,leader,auto,0.4002776416510003,0.9893548789249418,-0.03652738057242729,,,,,,,,,,,,,1.0,0.17186511111862307,-0.06660884670944167,-0.0912564988401155,0.4002776416510003,0.9893548789249418,-0.03652738057242729,,,1,
1759299749.304342,2,follower,auto,1.0051355634149752,1.0730748078282804,1.0228887513984253,,,,,,,,,,,,,1.0,0.08088797847095308,-0.06597183169049647,0.025876578547753715,1.0051355634149752,1.0730748078282804,1.0228887513984253,,,0,
1759299749.4079206,1,leader,auto,0.39899294992150636,0.988124892365283,-0.036617081163731885,,,,,,,,,,,,,1.0,0.1701584573614245,-0.0693814461456661,-0.09319187045413718,0.39899294992150636,0.988124892365283,-0.036617081163731885,,,1,
1759299749.4084442,2,follower,auto,1.004796773978449,1.0635214203167163,1.0179101450564458,,,,,,,,,,,,,1.0,0.06246441446070461,-0.0806031929588722,0.025876477694115163,1.004796773978449,1.0635214203167163,1.0179101450564458,,,0,
1759299749.6167045,1,leader,auto,0.39899294992150636,0.988124892365283,-0.036617081163731885,,,,,,,,,,,,,1.0,0.1701584573614245,-0.0693814461456661,-0.09319187045413718,0.39899294992150636,0.988124892365283,-0.036617081163731885,,,1,
1759299749.7170033,2,follower,auto,1.004796773978449,1.0635214203167163,1.0179101450564458,,,,,,,,,,,,,1.0,0.06246441446070461,-0.0806031929588722,0.025876477694115163,1.004796773978449,1.0635214203167163,1.0179101450564458,,,0,
1759299749.8182535,1,leader,auto,0.39507199245142766,0.9851874558587803,-0.03908218828490106,,,,,,,,,,,,,1.0,0.16637800301218375,-0.07138523428836141,-0.09812084560293499,0.39507199245142766,0.9851874558587803,-0.03908218828490106,,,1,
1759299749.8183885,2,follower,auto,0.997741227994788,1.047711013057588,1.0146822593644398,,,,,,,,,,,,,1.0,0.04601429770305088,-0.08807205815863273,0.02965671578344964,0.997741227994788,1.047711013057588,1.0146822593644398,,,0,
1759299749.9546587,1,leader,auto,0.39507199245142766,0.9851874558587803,-0.03908218828490106,,,,,,,,,,,,,1.0,0.16637800301218375,-0.07138523428836141,-0.09812084560293499,0.39507199245142766,0.9851874558587803,-0.03908218828490106,,,1,
1759299750.0550897,2,follower,auto,0.997741227994788,1.047711013057588,1.0146822593644398,,,,,,,,,,,,,1.0,0.04601429770305088,-0.08807205815863273,0.02965671578344964,0.997741227994788,1.047711013057588,1.0146822593644398,,,0,
1759299750.1579216,1,leader,auto,0.3901285519530839,0.9813426817891675,-0.0451301934003721,,,,,,,,,,,,,1.0,0.1660141368050444,-0.0721812417979395,-0.10522985424997602,0.3901285519530839,0.9813426817891675,-0.0451301934003721,,,1,
1759299750.1583707,2,follower,auto,0.9872958363555671,1.0292948957946995,1.0134630245566607,,,,,,,,,,,,,1.0,0.037565290637254556,-0.08889148169102246,0.033272734761190415,0.9872958363555671,1.0292948957946995,1.0134630245566607,,,0,
1759299750.2634044,1,leader,auto,0.3901285519530839,0.9813426817891675,-0.0451301934003721,,,,,,,,,,,,,1.0,0.1660141368050444,-0.0721812417979395,-0.10522985424997602,0.3901285519530839,0.9813426817891675,-0.0451301934003721,,,1,
1759299750.363763,2,follower,auto,0.9872958363555671,1.0292948957946995,1.0134630245566607,,,,,,,,,,,,,1.0,0.037565290637254556,-0.08889148169102246,0.033272734761190415,0.9872958363555671,1.0292948957946995,1.0134630245566607,,,0,
1759299750.4655683,1,leader,auto,0.38689725382775525,0.9767597353376856,-0.05165790452908024,,,,,,,,,,,,,1.0,0.1711377147108225,-0.07259011982240482,-0.1062971267233184,0.38689725382775525,0.9767597353376856,-0.05165790452908024,,,1,
1759299750.4658055,2,follower,auto,0.9749820079324146,1.0105680498476857,1.0141565081147306,,,,,,,,,,,,,1.0,0.03359273157169418,-0.08559387385766382,0.0370296484891669,0.9749820079324146,1.0105680498476857,1.0141565081147306,,,0,
1759299750.6691544,1,leader,auto,0.38689725382775525,0.9767597353376856,-0.05165790452908024,,,,,,,,,,,,,1.0,0.1711377147108225,-0.07259011982240482,-0.1062971267233184,0.38689725382775525,0.9767597353376856,-0.05165790452908024,,,1,
1759299750.769527,2,follower,auto,0.9749820079324146,1.0105680498476857,1.0141565081147306,,,,,,,,,,,,,1.0,0.03359273157169418,-0.08559387385766382,0.0370296484891669,0.9749820079324146,1.0105680498476857,1.0141565081147306,,,0,
1759299750.8725457,1,leader,auto,0.38550264203779,0.9687618055199105,-0.05672868929399163,,,,,,,,,,,,,0.7165313105737893,0.17625420164600814,-0.07832468316048757,-0.10394339577171981,0.38550264203779,0.9687618055199105,-0.05672868929399163,,,1,
1759299750.8731937,2,follower,auto,0.9585812664563349,0.9895547268645074,1.016641987993522,,,,,,,,,,,,,1.0,0.025892500771107163,-0.08741908030829948,0.04037043723622269,0.9585812664563349,0.9895547268645074,1.016641987993522,,,0,
1759299750.9761376,1,leader,auto,0.38550264203779,0.9687618055199105,-0.05672868929399163,,,,,,,,,,,,,0.7165313105737893,0.17625420164600814,-0.07832468316048757,-0.10394339577171981,0.38550264203779,0.9687618055199105,-0.05672868929399163,,,1,
1759299751.0767,2,follower,auto,0.9585812664563349,0.9895547268645074,1.016641987993522,,,,,,,,,,,,,1.0,0.025892500771107163,-0.08741908030829948,0.04037043723622269,0.9585812664563349,0.9895547268645074,1.016641987993522,,,0,
1759299751.179042,1,leader,auto,0.3852015666705083,0.9600400448051386,-0.0585858832188916,,,,,,,,,,,,,0.513417119032592,0.17962856440907493,-0.0793951988632069,-0.09819292815755373,0.3852015666705083,0.9600400448051386,-0.0585858832188916,,,1,
1759299751.179727,2,follower,auto,0.941979300266043,0.9713257851633819,1.0187717605252542,,,,,,,,,,,,,1.0,0.02737734459730845,-0.08002895165153179,0.03925992476553175,0.941979300266043,0.9713257851633819,1.0187717605252542,,,0,
1759299751.3478174,1,leader,auto,0.3852015666705083,0.9600400448051386,-0.0585858832188916,,,,,,,,,,,,,0.513417119032592,0.17962856440907493,-0.0793951988632069,-0.09819292815755373,0.3852015666705083,0.9600400448051386,-0.0585858832188916,,,1,
1759299751.4481869,2,follower,auto,0.941979300266043,0.9713257851633819,1.0187717605252542,,,,,,,,,,,,,1.0,0.02737734459730845,-0.08002895165153179,0.03925992476553175,0.941979300266043,0.9713257851633819,1.0187717605252542,,,0,
1759299751.549988,1,leader,auto,0.3893818309691965,0.9498831240326908,-0.055108210264784706,,,,,,,,,,,,,0.36787944117144233,0.1896098155205609,-0.08183149655476152,-0.08847539460829373,0.3893818309691965,0.9498831240326908,-0.055108210264784706,,,1,
1759299751.550106,2,follower,auto,0.9256994755554819,0.9602139842266137,1.022667605432687,,,,,,,,,,,,,1.0,0.03084217876421924,-0.06483404869919918,0.0424450263325018,0.9256994755554819,0.9602139842266137,1.022667605432687,,,0,
1759299751.7061896,1,leader,auto,0.3893818309691965,0.9498831240326908,-0.055108210264784706,,,,,,,,,,,,,0.36787944117144233,0.1896098155205609,-0.08183149655476152,-0.08847539460829373,0.3893818309691965,0.9498831240326908,-0.055108210264784706,,,1,
1759299751.806657,2,follower,auto,0.9256994755554819,0.9602139842266137,1.022667605432687,,,,,,,,,,,,,1.0,0.03084217876421924,-0.06483404869919918,0.0424450263325018,0.9256994755554819,0.9602139842266137,1.022667605432687,,,0,
1759299751.910944,1,leader,auto,0.3982751192788867,0.9433004570379983,-0.0498787998325545,,,,,,,,,,,,,0.26359713811572677,0.1995553727665369,-0.07513767726721965,-0.08588875548702113,0.3982751192788867,0.9433004570379983,-0.0498787998325545,,,1,
1759299751.9115803,2,follower,auto,0.9127276239135109,0.9607353627895383,1.0291314615863651,,,,,,,,,,,,,1.0,0.04061883740857397,-0.04183396105270942,0.047579667159300953,0.9127276239135109,0.9607353627895383,1.0291314615863651,,,0,
1759299752.0634797,1,leader,auto,0.3982751192788867,0.9433004570379983,-0.0498787998325545,,,,,,,,,,,,,0.26359713811572677,0.1995553727665369,-0.07513767726721965,-0.08588875548702113,0.3982751192788867,0.9433004570379983,-0.0498787998325545,,,1,
1759299752.1639338,2,follower,auto,0.9127276239135109,0.9607353627895383,1.0291314615863651,,,,,,,,,,,,,1.0,0.04061883740857397,-0.04183396105270942,0.047579667159300953,0.9127276239135109,0.9607353627895383,1.0291314615863651,,,0,
1759299752.2658784,1,leader,auto,0.40711158620950155,0.94188473424794,-0.04366167051997724,,,,,,,,,,,,,0.18887560283756183,0.1994639613700594,-0.06558890743020596,-0.08495944413727635,0.40711158620950155,0.94188473424794,-0.04366167051997724,,,1,
1759299752.26613,2,follower,auto,0.9040450927695911,0.96774919185448,1.0354549326969718,,,,,,,,,,,,,1.0,0.05237093029791495,-0.029713180728918598,0.047552220329933226,0.9040450927695911,0.96774919185448,1.0354549326969718,,,0,
1759299752.4061642,1,follower,auto,0.40711158620950155,0.94188473424794,-0.04366167051997724,,,,,,,,,,,,,0.18887560283756183,0.1994639613700594,-0.06558890743020596,-0.08495944413727635,0.40711158620950155,0.94188473424794,-0.04366167051997724,,,0,
1759299752.5066261,2,leader,auto,0.9040450927695911,0.96774919185448,1.0354549326969718,,,,,,,,,,,,,1.0,0.05237093029791495,-0.029713180728918598,0.047552220329933226,0.9040450927695911,0.96774919185448,1.0354549326969718,,,1,
1759299752.6099138,1,follower,auto,0.41177041886310783,0.9463314686518715,-0.041362606511501046,,,,,,,,,,,,,0.1353352832366127,0.19113549474753927,-0.05511527742978051,-0.09338697686595207,0.41177041886310783,0.9463314686518715,-0.041362606511501046,,,0,
1759299752.610182,2,leader,auto,0.9010396808283427,0.9738344500975478,1.0405043977926176,,,,,,,,,,,,,1.0,0.06630416514537762,-0.03201877087685834,0.04525577655831947,0.9010396808283427,0.9738344500975478,1.0405043977926176,,,1,
1759299752.7127252,1,follower,auto,0.41177041886310783,0.9463314686518715,-0.041362606511501046,,,,,,,,,,,,,0.1353352832366127,0.19113549474753927,-0.05511527742978051,-0.09338697686595207,0.41177041886310783,0.9463314686518715,-0.041362606511501046,,,0,
1759299752.8131788,2,leader,auto,0.9010396808283427,0.9738344500975478,1.0405043977926176,,,,,,,,,,,,,1.0,0.06630416514537762,-0.03201877087685834,0.04525577655831947,0.9010396808283427,0.9738344500975478,1.0405043977926176,,,1,
1759299752.9150276,1,follower,auto,0.4128312980564604,0.9535611245007389,-0.04244714248557582,,,,,,,,,,,,,0.09697196786440505,0.18438281308965487,-0.050801987046216635,-0.10548482798775644,0.4128312980564604,0.9535611245007389,-0.04244714248557582,,,0,
1759299752.915215,2,leader,auto,0.9030581786115839,0.975480209817674,1.0417336105254775,,,,,,,,,,,,,1.0,0.07821284256778671,-0.04124727056460842,0.0453524830048313,0.9030581786115839,0.975480209817674,1.0417336105254775,,,1,
1759299753.0182822,1,follower,auto,0.4128312980564604,0.9535611245007389,-0.04244714248557582,,,,,,,,,,,,,0.09697196786440505,0.18438281308965487,-0.050801987046216635,-0.10548482798775644,0.4128312980564604,0.9535611245007389,-0.04244714248557582,,,0,
1759299753.1186166,2,leader,auto,0.9030581786115839,0.975480209817674,1.0417336105254775,,,,,,,,,,,,,1.0,0.07821284256778671,-0.04124727056460842,0.0453524830048313,0.9030581786115839,0.975480209817674,1.0417336105254775,,,1,
1759299753.2201943,1,follower,auto,0.41123348458204667,0.9621520778462469,-0.0466810044354267,,,,,,,,,,,,,0.06948345122280154,0.17984628709963957,-0.049033312186634315,-0.11650923853992083,0.41123348458204667,0.9621520778462469,-0.0466810044354267,,,0,
1759299753.2203448,2,leader,auto,0.9099943959519159,0.97333663142733,1.0365579871567627,,,,,,,,,,,,,1.0,0.08879190210404175,-0.04874371363743579,0.040275186651440364,0.9099943959519159,0.97333663142733,1.0365579871567627,,,1,
1759299753.3314087,1,follower,auto,0.41123348458204667,0.9621520778462469,-0.0466810044354267,,,,,,,,,,,,,0.06948345122280154,0.17984628709963957,-0.049033312186634315,-0.11650923853992083,0.41123348458204667,0.9621520778462469,-0.0466810044354267,,,0,
1759299753.4317272,2,leader,auto,0.9099943959519159,0.97333663142733,1.0365579871567627,,,,,,,,,,,,,1.0,0.08879190210404175,-0.04874371363743579,0.040275186651440364,0.9099943959519159,0.97333663142733,1.0365579871567627,,,1,
1759299753.5337625,1,follower,auto,0.4083751604819328,0.9665050636023012,-0.04916495656941972,,,,,,,,,,,,,0.049787068367863944,0.17833295149325723,-0.05803837980622595,-0.11718395698120909,0.4083751604819328,0.9665050636023012,-0.04916495656941972,,,0,
1759299753.534029,2,leader,auto,0.920587559094671,0.9682324634775681,1.0194674283434206,,,,,,,,,,,,,1.0,0.09579523493718389,-0.0547316286534395,0.02443155642961381,0.920587559094671,0.9682324634775681,1.0194674283434206,,,1,
1759299753.64206,1,follower,auto,0.4083751604819328,0.9665050636023012,-0.04916495656941972,,,,,,,,,,,,,0.049787068367863944,0.17833295149325723,-0.05803837980622595,-0.11718395698120909,0.4083751604819328,0.9665050636023012,-0.04916495656941972,,,0,
1759299753.742598,2,leader,auto,0.920587559094671,0.9682324634775681,1.0194674283434206,,,,,,,,,,,,,1.0,0.09579523493718389,-0.0547316286534395,0.02443155642961381,0.920587559094671,0.9682324634775681,1.0194674283434206,,,1,
1759299753.845329,1,follower,auto,0.40579438248969557,0.9638173394632037,-0.04817713580809297,,,,,,,,,,,,,0.035673993347252395,0.17997139613434782,-0.07221242054933208,-0.11438121334150908,0.40579438248969557,0.9638173394632037,-0.04817713580809297,,,0,
1759299753.8457189,2,leader,auto,0.9331574370372837,0.9612364673159313,0.9893337417029718,,,,,,,,,,,,,1.0,0.09856678447950984,-0.058296899704494476,0.007123722953919609,0.9331574370372837,0.9612364673159313,0.9893337417029718,,,1,
1759299753.9864473,1,follower,auto,0.40579438248969557,0.9638173394632037,-0.04817713580809297,,,,,,,,,,,,,0.035673993347252395,0.17997139613434782,-0.07221242054933208,-0.11438121334150908,0.40579438248969557,0.9638173394632037,-0.04817713580809297,,,0,
1759299754.086748,2,leader,auto,0.9331574370372837,0.9612364673159313,0.9893337417029718,,,,,,,,,,,,,1.0,0.09856678447950984,-0.058296899704494476,0.007123722953919609,0.9331574370372837,0.9612364673159313,0.9893337417029718,,,1,
1759299754.1891246,1,follower,auto,0.4038739692591983,0.9588465839785305,-0.04829919109373306,,,,,,,,,,,,,0.025561533206507402,0.1822935558511103,-0.07668927315115293,-0.12088190476836733,0.4038739692591983,0.9588465839785305,-0.04829919109373306,,,0,
1759299754.1897056,2,leader,auto,0.9489381008132507,0.9549629078121828,0.9452672963620085,,,,,,,,,,,,,1.0,0.10265404129342037,-0.0569585533562994,-0.01109798059480549,0.9489381008132507,0.9549629078121828,0.9452672963620085,,,1,
1759299754.2928944,1,follower,auto,0.4038739692591983,0.9588465839785305,-0.04829919109373306,,,,,,,,,,,,,0.025561533206507402,0.1822935558511103,-0.07668927315115293,-0.12088190476836733,0.4038739692591983,0.9588465839785305,-0.04829919109373306,,,0,
1759299754.39337,2,leader,auto,0.9489381008132507,0.9549629078121828,0.9452672963620085,,,,,,,,,,,,,1.0,0.10265404129342037,-0.0569585533562994,-0.01109798059480549,0.9489381008132507,0.9549629078121828,0.9452672963620085,,,1,
1759299754.4960084,1,follower,auto,0.40290131656970385,0.9528274723847786,-0.04927752947123513,,,,,,,,,,,,,0.01831563888873418,0.1850743991405605,-0.07847658573787997,-0.12655037571367292,0.40290131656970385,0.9528274723847786,-0.04927752947123513,,,0,
1759299754.4963918,2,leader,auto,0.9646722506555179,0.9503613176401124,0.8959182213343755,,,,,,,,,,,,,1.0,0.09899965304687441,-0.054281366359326344,-0.011108340938404293,0.9646722506555179,0.9503613176401124,0.8959182213343755,,,1,
1759299754.5977962,1,follower,auto,0.40290131656970385,0.9528274723847786,-0.04927752947123513,,,,,,,,,,,,,0.01831563888873418,0.1850743991405605,-0.07847658573787997,-0.12655037571367292,0.40290131656970385,0.9528274723847786,-0.04927752947123513,,,0,
1759299754.6993484,2,leader,auto,0.9646722506555179,0.9503613176401124,0.8959182213343755,,,,,,,,,,,,,1.0,0.09899965304687441,-0.054281366359326344,-0.011108340938404293,0.9646722506555179,0.9503613176401124,0.8959182213343755,,,1,
1759299754.8031783,1,follower,auto,0.4033013485236543,0.9486252611322941,-0.04526272567381658,,,,,,,,,,,,,0.013123728736940968,0.1885660484704222,-0.07494686950122131,-0.12023657257814807,0.4033013485236543,0.9486252611322941,-0.04526272567381658,,,0,
1759299754.803411,2,leader,auto,0.9805769602055772,0.9480543233707457,0.845757624158362,,,,,,,,,,,,,1.0,0.09545761752219517,-0.05048348461685759,-0.0021759681882450588,0.9805769602055772,0.9480543233707457,0.845757624158362,,,1,
1759299754.9675002,1,follower,auto,0.4033013485236543,0.9486252611322941,-0.04526272567381658,,,,,,,,,,,,,0.013123728736940968,0.1885660484704222,-0.07494686950122131,-0.12023657257814807,0.4033013485236543,0.9486252611322941,-0.04526272567381658,,,0,
1759299755.0678716,2,leader,auto,0.9805769602055772,0.9480543233707457,0.845757624158362,,,,,,,,,,,,,1.0,0.09545761752219517,-0.05048348461685759,-0.0021759681882450588,0.9805769602055772,0.9480543233707457,0.845757624158362,,,1,
1759299755.1691976,1,follower,auto,0.4032867655211674,0.9494203989804596,-0.033911469995406375,,,,,,,,,,,,,0.01,0.18830851613402638,-0.06522489887492067,-0.10955184018725733,0.4032867655211674,0.9494203989804596,-0.033911469995406375,,,0,
1759299755.169348,2,leader,auto,0.9962884165549184,0.9434743149164841,0.7878843774671782,,,,,,,,,,,,,1.0,0.0908572718095969,-0.056001230693564,-0.007492468809173425,0.9962884165549184,0.9434743149164841,0.7878843774671782,,,1,
1759299755.270397,1,follower,auto,0.4032867655211674,0.9494203989804596,-0.033911469995406375,,,,,,,,,,,,,0.01,0.18830851613402638,-0.06522489887492067,-0.10955184018725733,0.4032867655211674,0.9494203989804596,-0.033911469995406375,,,0,
1759299755.370749,2,leader,auto,0.9962884165549184,0.9434743149164841,0.7878843774671782,,,,,,,,,,,,,1.0,0.0908572718095969,-0.056001230693564,-0.007492468809173425,0.9962884165549184,0.9434743149164841,0.7878843774671782,,,1,
1759299755.472576,1,follower,auto,0.4032908357454182,0.9533245268894706,-0.02444827743600208,,,,,,,,,,,,,0.01,0.1889303967808006,-0.0597361929085799,-0.11785037441590629,0.4032908357454182,0.9533245268894706,-0.02444827743600208,,,0,
1759299755.4727297,2,leader,auto,1.0092932961110979,0.9377850029837446,0.7318677651296815,,,,,,,,,,,,,1.0,0.08045200869943536,-0.05943757970558727,0.0065954233386593675,1.0092932961110979,0.9377850029837446,0.7318677651296815,,,1,
1759299755.580122,1,follower,auto,0.4032908357454182,0.9533245268894706,-0.02444827743600208,,,,,,,,,,,,,0.01,0.1889303967808006,-0.0597361929085799,-0.11785037441590629,0.4032908357454182,0.9533245268894706,-0.02444827743600208,,,0,
1759299755.6811917,2,leader,auto,1.0092932961110979,0.9377850029837446,0.7318677651296815,,,,,,,,,,,,,1.0,0.08045200869943536,-0.05943757970558727,0.0065954233386593675,1.0092932961110979,0.9377850029837446,0.7318677651296815,,,1,
1759299755.7836719,1,follower,auto,0.40529697487259386,0.958393814361067,-0.020483065003340274,,,,,,,,,,,,,0.01,0.19348801474761018,-0.057891015601101214,-0.13295381594859595,0.40529697487259386,0.958393814361067,-0.020483065003340274,,,0,
1759299755.7840195,2,leader,auto,1.0205485546913362,0.9274403962443194,0.6751443026754418,,,,,,,,,,,,,1.0,0.0724876474685241,-0.07030842958885841,0.014851951938240071,1.0205485546913362,0.9274403962443194,0.6751443026754418,,,1,
1759299756.0997834,1,follower,auto,0.40529697487259386,0.958393814361067,-0.020483065003340274,,,,,,,,,,,,,0.01,0.19348801474761018,-0.057891015601101214,-0.13295381594859595,0.40529697487259386,0.958393814361067,-0.020483065003340274,,,0,
1759299756.2001667,2,leader,auto,1.0205485546913362,0.9274403962443194,0.6751443026754418,,,,,,,,,,,,,1.0,0.0724876474685241,-0.07030842958885841,0.014851951938240071,1.0205485546913362,0.9274403962443194,0.6751443026754418,,,1,
1759299756.303472,1,follower,auto,0.4121614065185676,0.9604213411995584,-0.020105095313261566,,,,,,,,,,,,,0.01,0.20353019904782582,-0.06453457979138977,-0.14348061063633238,0.4121614065185676,0.9604213411995584,-0.020105095313261566,,,0,
1759299756.3038468,2,leader,auto,1.03141442067441,0.9113676003972078,0.6059868363317875,,,,,,,,,,,,,1.0,0.06764453397161452,-0.08331657496281164,-0.0007586534375008114,1.03141442067441,0.9113676003972078,0.6059868363317875,,,1,
1759299756.505457,1,follower,auto,0.4121614065185676,0.9604213411995584,-0.020105095313261566,,,,,,,,,,,,,0.01,0.20353019904782582,-0.06453457979138977,-0.14348061063633238,0.4121614065185676,0.9604213411995584,-0.020105095313261566,,,0,
1759299756.617387,2,leader,auto,1.03141442067441,0.9113676003972078,0.6059868363317875,,,,,,,,,,,,,1.0,0.06764453397161452,-0.08331657496281164,-0.0007586534375008114,1.03141442067441,0.9113676003972078,0.6059868363317875,,,1,
1759299756.7187772,1,follower,auto,0.41809608379876845,0.9595893375100579,-0.021581733951624986,,,,,,,,,,,,,0.01,0.2014941803638889,-0.07048053582944203,-0.1500157967614,0.41809608379876845,0.9595893375100579,-0.021581733951624986,,,0,
1759299756.7189014,2,leader,auto,1.044248160786562,0.8947185342743557,0.5392170566146113,,,,,,,,,,,,,1.0,0.06725967513097775,-0.08690632685712196,0.014054652487330288,1.044248160786562,0.8947185342743557,0.5392170566146113,,,1,
1759299756.8525229,1,follower,auto,0.41809608379876845,0.9595893375100579,-0.021581733951624986,,,,,,,,,,,,,0.01,0.2014941803638889,-0.07048053582944203,-0.1500157967614,0.41809608379876845,0.9595893375100579,-0.021581733951624986,,,0,
1759299756.9530516,2,leader,auto,1.044248160786562,0.8947185342743557,0.5392170566146113,,,,,,,,,,,,,1.0,0.06725967513097775,-0.08690632685712196,0.014054652487330288,1.044248160786562,0.8947185342743557,0.5392170566146113,,,1,
1759299757.0553217,1,follower,auto,0.42206772209942334,0.9620572252299734,-0.021530876021194863,,,,,,,,,,,,,0.01,0.1974933933866025,-0.06380914116429248,-0.14946001378574292,0.42206772209942334,0.9620572252299734,-0.021530876021194863,,,0,
1759299757.0554442,2,leader,auto,1.062725370621858,0.8866111651174837,0.47183900807327805,,,,,,,,,,,,,1.0,0.07373033862078615,-0.07258892359586833,0.022135382214649946,1.062725370621858,0.8866111651174837,0.47183900807327805,,,1,
1759299757.160073,1,follower,auto,0.42206772209942334,0.9620572252299734,-0.021530876021194863,,,,,,,,,,,,,0.01,0.1974933933866025,-0.06380914116429248,-0.14946001378574292,0.42206772209942334,0.9620572252299734,-0.021530876021194863,,,0,
1759299757.260737,2,leader,auto,1.062725370621858,0.8866111651174837,0.47183900807327805,,,,,,,,,,,,,1.0,0.07373033862078615,-0.07258892359586833,0.022135382214649946,1.062725370621858,0.8866111651174837,0.47183900807327805,,,1,
1759299757.3628876,1,follower,auto,0.4258371104958492,0.9667505630315057,-0.020916862166989854,,,,,,,,,,,,,0.01,0.19721422390881427,-0.05909788776650271,-0.15086070124890602,0.4258371104958492,0.9667505630315057,-0.020916862166989854,,,0,
1759299757.3630123,2,leader,auto,1.0824864424372396,0.8918973621774686,0.4048477861142835,,,,,,,,,,,,,1.0,0.07012166239724937,-0.04925116241951255,0.031802266268594837,1.0824864424372396,0.8918973621774686,0.4048477861142835,,,1,
1759299757.465284,1,follower,auto,0.4258371104958492,0.9667505630315057,-0.020916862166989854,,,,,,,,,,,,,0.01,0.19721422390881427,-0.05909788776650271,-0.15086070124890602,0.4258371104958492,0.9667505630315057,-0.020916862166989854,,,0,
1759299757.5656137,2,leader,auto,1.0824864424372396,0.8918973621774686,0.4048477861142835,,,,,,,,,,,,,1.0,0.07012166239724937,-0.04925116241951255,0.031802266268594837,1.0824864424372396,0.8918973621774686,0.4048477861142835,,,1,
1759299757.6672418,1,follower,auto,0.4287550977272973,0.967559790425893,-0.02057310850756624,,,,,,,,,,,,,0.01,0.19565071038341808,-0.06684095822452774,-0.15385818657602351,0.4287550977272973,0.967559790425893,-0.02057310850756624,,,0,
1759299757.6674032,2,leader,auto,1.0992976639270813,0.9051129675244016,0.33705446320397314,,,,,,,,,,,,,1.0,0.057216601848596005,-0.03745231158231166,0.03860795105253345,1.0992976639270813,0.9051129675244016,0.33705446320397314,,,1,
1759299757.771444,1,follower,auto,0.4287550977272973,0.967559790425893,-0.02057310850756624,,,,,,,,,,,,,0.01,0.19565071038341808,-0.06684095822452774,-0.15385818657602351,0.4287550977272973,0.967559790425893,-0.02057310850756624,,,0,
1759299757.8717563,2,leader,auto,1.0992976639270813,0.9051129675244016,0.33705446320397314,,,,,,,,,,,,,1.0,0.057216601848596005,-0.03745231158231166,0.03860795105253345,1.0992976639270813,0.9051129675244016,0.33705446320397314,,,1,
1759299757.9744353,1,follower,auto,0.43080771711848975,0.9624867489052332,-0.02133403977124896,,,,,,,,,,,,,0.01,0.19413743918373583,-0.07822872203837172,-0.15837464709343502,0.43080771711848975,0.9624867489052332,-0.02133403977124896,,,0,
1759299757.9749172,2,leader,auto,1.106396717890666,0.9227502253192036,0.2639658931613963,,,,,,,,,,,,,1.0,0.030942354471353628,-0.03222308686124653,0.036087059235373864,1.106396717890666,0.9227502253192036,0.2639658931613963,,,1,
1759299758.0783145,1,follower,auto,0.43080771711848975,0.9624867489052332,-0.02133403977124896,,,,,,,,,,,,,0.01,0.19413743918373583,-0.07822872203837172,-0.15837464709343502,0.43080771711848975,0.9624867489052332,-0.02133403977124896,,,0,
1759299758.1786814,2,leader,auto,1.106396717890666,0.9227502253192036,0.2639658931613963,,,,,,,,,,,,,1.0,0.030942354471353628,-0.03222308686124653,0.036087059235373864,1.106396717890666,0.9227502253192036,0.2639658931613963,,,1,
1759299758.2799652,1,follower,auto,0.43319620346400844,0.9549844684538804,-0.022655061082300094,,,,,,,,,,,,,0.01,0.19510230113320143,-0.0826861505384372,-0.1615760948335001,0.43319620346400844,0.9549844684538804,-0.022655061082300094,,,0,
1759299758.280097,2,leader,auto,1.1053322149873992,0.9416958712260622,0.18718974487059753,,,,,,,,,,,,,1.0,0.00912388293718891,-0.032450442059973605,0.036907549777161264,1.1053322149873992,0.9416958712260622,0.18718974487059753,,,1,
1759299758.3927119,1,follower,auto,0.43319620346400844,0.9549844684538804,-0.022655061082300094,,,,,,,,,,,,,0.01,0.19510230113320143,-0.0826861505384372,-0.1615760948335001,0.43319620346400844,0.9549844684538804,-0.022655061082300094,,,0,
1759299758.4931254,2,leader,auto,1.1053322149873992,0.9416958712260622,0.18718974487059753,,,,,,,,,,,,,1.0,0.00912388293718891,-0.032450442059973605,0.036907549777161264,1.1053322149873992,0.9416958712260622,0.18718974487059753,,,1,
1759299758.5946481,1,follower,auto,0.43551508961106156,0.9475953561983478,-0.022957812622322014,,,,,,,,,,,,,0.01,0.19520798567961029,-0.08236169475753541,-0.16146075054976666,0.43551508961106156,0.9475953561983478,-0.022957812622322014,,,0,
1759299758.594762,2,leader,auto,1.0965379236841089,0.960471433876875,0.10713616341951807,,,,,,,,,,,,,1.0,-0.009700727205253612,-0.034602488038784074,0.03850730596774182,1.0965379236841089,0.960471433876875,0.10713616341951807,,,1,
1759299758.7440262,1,follower,auto,0.43551508961106156,0.9475953561983478,-0.022957812622322014,,,,,,,,,,,,,0.01,0.19520798567961029,-0.08236169475753541,-0.16146075054976666,0.43551508961106156,0.9475953561983478,-0.022957812622322014,,,0,
1759299758.844536,2,leader,auto,1.0965379236841089,0.960471433876875,0.10713616341951807,,,,,,,,,,,,,1.0,-0.009700727205253612,-0.034602488038784074,0.03850730596774182,1.0965379236841089,0.960471433876875,0.10713616341951807,,,1,
1759299758.9463716,1,follower,auto,0.4372048078958268,0.9385195448306922,-0.019036491443905686,,,,,,,,,,,,,0.01,0.19418925067105397,-0.0861679463203201,-0.15493956758540184,0.4372048078958268,0.9385195448306922,-0.019036491443905686,,,0,
1759299758.9466455,2,leader,auto,1.0805640566874093,0.9732266804754464,0.02525796120372624,,,,,,,,,,,,,1.0,-0.025947878465760965,-0.04733124200100258,0.03887149443214713,1.0805640566874093,0.9732266804754464,0.02525796120372624,,,1,
1759299759.216335,1,follower,auto,0.4372048078958268,0.9385195448306922,-0.019036491443905686,,,,,,,,,,,,,0.01,0.19418925067105397,-0.0861679463203201,-0.15493956758540184,0.4372048078958268,0.9385195448306922,-0.019036491443905686,,,0,
1759299759.3173,2,leader,auto,1.0805640566874093,0.9732266804754464,0.02525796120372624,,,,,,,,,,,,,1.0,-0.025947878465760965,-0.04733124200100258,0.03887149443214713,1.0805640566874093,0.9732266804754464,0.02525796120372624,,,1,
1759299759.4199054,1,follower,auto,0.43797697306695277,0.9256826559774962,-0.015818702878523522,,,,,,,,,,,,,0.01,0.19264468191022288,-0.09445236525394263,-0.1585996544322001,0.43797697306695277,0.9256826559774962,-0.015818702878523522,,,0,
1759299759.4202623,2,leader,auto,1.0566679330454707,0.9739905261986727,-0.06066196713828916,,,,,,,,,,,,,1.0,-0.04133059417932028,-0.0713772106157291,0.03070867665576686,1.0566679330454707,0.9739905261986727,-0.06066196713828916,,,1,
1759299759.5512545,1,follower,auto,0.43797697306695277,0.9256826559774962,-0.015818702878523522,,,,,,,,,,,,,0.01,0.19264468191022288,-0.09445236525394263,-0.1585996544322001,0.43797697306695277,0.9256826559774962,-0.015818702878523522,,,0,
1759299759.65296,2,leader,auto,1.0566679330454707,0.9739905261986727,-0.06066196713828916,,,,,,,,,,,,,1.0,-0.04133059417932028,-0.0713772106157291,0.03070867665576686,1.0566679330454707,0.9739905261986727,-0.06066196713828916,,,1,
1759299759.7553139,1,follower,auto,0.4360374003111134,0.9194202189973384,-0.017263844393498734,,,,,,,,,,,,,0.01,0.187588971960781,-0.08267040358610744,-0.16999553187130484,0.4360374003111134,0.9194202189973384,-0.017263844393498734,,,0,
1759299759.755476,2,leader,auto,1.0365619142852336,0.9693830990523896,-0.12104357725768525,,,,,,,,,,,,,1.0,-0.031474486987215,-0.0815207528533144,0.07802572739897645,1.0365619142852336,0.9693830990523896,-0.12104357725768525,,,1,
1759299759.878466,1,follower,auto,0.4360374003111134,0.9194202189973384,-0.017263844393498734,,,,,,,,,,,,,0.01,0.187588971960781,-0.08267040358610744,-0.16999553187130484,0.4360374003111134,0.9194202189973384,-0.017263844393498734,,,0,
1759299759.9790492,2,leader,auto,1.0365619142852336,0.9693830990523896,-0.12104357725768525,,,,,,,,,,,,,1.0,-0.031474486987215,-0.0815207528533144,0.07802572739897645,1.0365619142852336,0.9693830990523896,-0.12104357725768525,,,1,
1759299760.0814164,1,follower,auto,0.4314593107899636,0.9162434356883844,-0.018897545577244004,,,,,,,,,,,,,0.01,0.18293248983212113,-0.07841766227795277,-0.17187287461527972,0.4314593107899636,0.9162434356883844,-0.018897545577244004,,,0,
1759299760.0817652,2,leader,auto,1.0211608240734096,0.9663473062416386,-0.15799753761338706,,,,,,,,,,,,,1.0,-0.019801582839202192,-0.0777882919113777,0.1168393422374629,1.0211608240734096,0.9663473062416386,-0.15799753761338706,,,1,
1759299760.2118242,1,follower,auto,0.4314593107899636,0.9162434356883844,-0.018897545577244004,,,,,,,,,,,,,0.01,0.18293248983212113,-0.07841766227795277,-0.17187287461527972,0.4314593107899636,0.9162434356883844,-0.018897545577244004,,,0,
1759299760.3121798,2,leader,auto,1.0211608240734096,0.9663473062416386,-0.15799753761338706,,,,,,,,,,,,,1.0,-0.019801582839202192,-0.0777882919113777,0.1168393422374629,1.0211608240734096,0.9663473062416386,-0.15799753761338706,,,1,
1759299760.4138682,1,follower,auto,0.4374516569163893,0.9153281682084431,-0.012332774526677179,,,,,,,,,,,,,0.01,0.20492673663566613,-0.07601802216975484,-0.15688228641589155,0.4374516569163893,0.9153281682084431,-0.012332774526677179,,,0,
1759299760.4141424,2,leader,auto,1.0099631753012752,0.9683252530262915,-0.17707893839663888,,,,,,,,,,,,,1.0,-0.009233515748424237,-0.06734346488437004,0.14216291588915636,1.0099631753012752,0.9683252530262915,-0.17707893839663888,,,1,
1759299760.519699,1,follower,auto,0.4374516569163893,0.9153281682084431,-0.012332774526677179,,,,,,,,,,,,,0.01,0.20492673663566613,-0.07601802216975484,-0.15688228641589155,0.4374516569163893,0.9153281682084431,-0.012332774526677179,,,0,
1759299760.6200671,2,leader,auto,1.0099631753012752,0.9683252530262915,-0.17707893839663888,,,,,,,,,,,,,1.0,-0.009233515748424237,-0.06734346488437004,0.14216291588915636,1.0099631753012752,0.9683252530262915,-0.17707893839663888,,,1,
1759299760.7225053,1,follower,auto,0.4636758024607872,0.9180790030690176,0.006219602153743897,,,,,,,,,,,,,0.01,0.245143998639827,-0.07092925781650206,-0.1350629608353885,0.4636758024607872,0.9180790030690176,0.006219602153743897,,,0,
1759299760.7230816,2,leader,auto,1.0013268989312922,0.9740194240627597,-0.18211261370718343,,,,,,,,,,,,,1.0,-0.001974543330723888,-0.059488685810150654,0.15810026603817667,1.0013268989312922,0.9740194240627597,-0.18211261370718343,,,1,
1759299760.9280734,1,follower,auto,0.4636758024607872,0.9180790030690176,0.006219602153743897,,,,,,,,,,,,,0.01,0.245143998639827,-0.07092925781650206,-0.1350629608353885,0.4636758024607872,0.9180790030690176,0.006219602153743897,,,0,
1759299761.0284202,2,leader,auto,1.0013268989312922,0.9740194240627597,-0.18211261370718343,,,,,,,,,,,,,1.0,-0.001974543330723888,-0.059488685810150654,0.15810026603817667,1.0013268989312922,0.9740194240627597,-0.18211261370718343,,,1,
1759299761.1303759,1,follower,auto,0.5209962458412891,0.9250531886616722,0.04406775956533161,,,,,,,,,,,,,0.01,0.3050793943800438,-0.06447162123508765,-0.09971825133128578,0.5209962458412891,0.9250531886616722,0.04406775956533161,,,0,
1759299761.1307046,2,leader,auto,0.9917145327233181,0.9797331691617878,-0.1714743322685745,,,,,,,,,,,,,1.0,-0.0021209628389090573,-0.05890500562093881,0.17650245558329158,0.9917145327233181,0.9797331691617878,-0.1714743322685745,,,1,
1759299761.234243,1,follower,auto,0.5209962458412891,0.9250531886616722,0.04406775956533161,,,,,,,,,,,,,0.01,0.3050793943800438,-0.06447162123508765,-0.09971825133128578,0.5209962458412891,0.9250531886616722,0.04406775956533161,,,0,
1759299761.334631,2,leader,auto,0.9917145327233181,0.9797331691617878,-0.1714743322685745,,,,,,,,,,,,,1.0,-0.0021209628389090573,-0.05890500562093881,0.17650245558329158,0.9917145327233181,0.9797331691617878,-0.1714743322685745,,,1,
1759299761.4364674,1,follower,auto,0.5909579412807181,0.9320877860275568,0.08791110494078086,,,,,,,,,,,,,0.01,0.32510792877889577,-0.06614567245794567,-0.09274196283699843,0.5909579412807181,0.9320877860275568,0.08791110494078086,,,0,
1759299761.4367406,2,leader,auto,0.9816729190188636,0.9797539131544133,-0.1492517746563315,,,,,,,,,,,,,1.0,-0.0005856280004957748,-0.069282892684559,0.1868278547278165,0.9816729190188636,0.9797539131544133,-0.1492517746563315,,,1,
1759299761.5401022,1,follower,auto,0.5909579412807181,0.9320877860275568,0.08791110494078086,,,,,,,,,,,,,0.01,0.32510792877889577,-0.06614567245794567,-0.09274196283699843,0.5909579412807181,0.9320877860275568,0.08791110494078086,,,0,
1759299761.6405141,2,leader,auto,0.9816729190188636,0.9797539131544133,-0.1492517746563315,,,,,,,,,,,,,1.0,-0.0005856280004957748,-0.069282892684559,0.1868278547278165,0.9816729190188636,0.9797539131544133,-0.1492517746563315,,,1,
1759299761.7423224,1,follower,auto,0.6704838454809269,0.9393325912597785,0.1344803050082118,,,,,,,,,,,,,0.01,0.3379809498615105,-0.06743213884890265,-0.0926531553111852,0.6704838454809269,0.9393325912597785,0.1344803050082118,,,0,
1759299761.7424777,2,leader,auto,0.9714977207137083,0.9738738097945174,-0.11935976867834869,,,,,,,,,,,,,1.0,0.0020327444170048503,-0.08009079261607344,0.19032184729894286,0.9714977207137083,0.9738738097945174,-0.11935976867834869,,,1,
1759299761.845236,1,follower,auto,0.6704838454809269,0.9393325912597785,0.1344803050082118,,,,,,,,,,,,,0.01,0.3379809498615105,-0.06743213884890265,-0.0926531553111852,0.6704838454809269,0.9393325912597785,0.1344803050082118,,,0,
1759299761.945541,2,leader,auto,0.9714977207137083,0.9738738097945174,-0.11935976867834869,,,,,,,,,,,,,1.0,0.0020327444170048503,-0.08009079261607344,0.19032184729894286,0.9714977207137083,0.9738738097945174,-0.11935976867834869,,,1,
1759299762.0466824,1,follower,auto,0.7411272012485048,0.9380857262400415,0.18685365269250787,,,,,,,,,,,,,0.01,0.3133168055031734,-0.0855450458104664,-0.08641220231189561,0.7411272012485048,0.9380857262400415,0.18685365269250787,,,0,
1759299762.0468197,2,leader,auto,0.9785512879652372,0.9671707972879044,-0.0921757485535635,,,,,,,,,,,,,1.0,0.039815625516058994,-0.08073608577148761,0.1743928173193124,0.9785512879652372,0.9671707972879044,-0.0921757485535635,,,1,
1759299762.2518036,1,follower,auto,0.7411272012485048,0.9380857262400415,0.18685365269250787,,,,,,,,,,,,,0.01,0.3133168055031734,-0.0855450458104664,-0.08641220231189561,0.7411272012485048,0.9380857262400415,0.18685365269250787,,,0,
1759299762.4523997,2,leader,auto,0.9785512879652372,0.9671707972879044,-0.0921757485535635,,,,,,,,,,,,,1.0,0.039815625516058994,-0.08073608577148761,0.1743928173193124,0.9785512879652372,0.9671707972879044,-0.0921757485535635,,,1,
1759299762.5550437,1,follower,auto,0.8308732101136354,0.9250392901516358,0.24790122584653937,,,,,,,,,,,,,0.01,0.3458562714231198,-0.10990619413383806,-0.07474314125682996,0.8308732101136354,0.9250392901516358,0.24790122584653937,,,0,
1759299762.5554626,2,leader,auto,0.9964317472666904,0.951940292744292,-0.055211881998093876,,,,,,,,,,,,,1.0,0.06185666881195606,-0.09725295430114511,0.18568794966322572,0.9964317472666904,0.951940292744292,-0.055211881998093876,,,1,
1759299762.6619122,1,follower,auto,0.8308732101136354,0.9250392901516358,0.24790122584653937,,,,,,,,,,,,,0.01,0.3458562714231198,-0.10990619413383806,-0.07474314125682996,0.8308732101136354,0.9250392901516358,0.24790122584653937,,,0,
1759299762.7622352,2,leader,auto,0.9964317472666904,0.951940292744292,-0.055211881998093876,,,,,,,,,,,,,1.0,0.06185666881195606,-0.09725295430114511,0.18568794966322572,0.9964317472666904,0.951940292744292,-0.055211881998093876,,,1,
1759299762.8637278,1,follower,auto,0.9086790490005436,0.9174891872762614,0.29386997761817957,,,,,,,,,,,,,0.01,0.3146831178955193,-0.0995008078334676,-0.11116362695877119,0.9086790490005436,0.9174891872762614,0.29386997761817957,,,0,
1759299762.8639174,2,leader,auto,1.0113175735626536,0.940732124876585,-0.0213196973628874,,,,,,,,,,,,,1.0,0.0521822719268169,-0.08887673106115335,0.17223996433160213,1.0113175735626536,0.940732124876585,-0.0213196973628874,,,1,
1759299762.9680295,1,follower,auto,0.9086790490005436,0.9174891872762614,0.29386997761817957,,,,,,,,,,,,,0.01,0.3146831178955193,-0.0995008078334676,-0.11116362695877119,0.9086790490005436,0.9174891872762614,0.29386997761817957,,,0,
1759299763.068366,2,leader,auto,1.0113175735626536,0.940732124876585,-0.0213196973628874,,,,,,,,,,,,,1.0,0.0521822719268169,-0.08887673106115335,0.17223996433160213,1.0113175735626536,0.940732124876585,-0.0213196973628874,,,1,
1759299767.0797122,1,follower,auto,0.9789308402118811,0.9160531240823979,0.32150670242408363,,,,,,,,,,,,,0.01,0.29384086664960196,-0.08884133460583588,-0.15226949954230484,0.9789308402118811,0.9160531240823979,0.32150670242408363,,,0,
1759299767.08013,2,leader,auto,1.0244432879143344,0.9392491187752103,0.008350825596226005,,,,,,,,,,,,,1.0,0.04353090273273286,-0.06999270242468836,0.1571444148056254,1.0244432879143344,0.9392491187752103,0.008350825596226005,,,1,
1759299767.2814267,1,follower,auto,0.9789308402118811,0.9160531240823979,0.32150670242408363,,,,,,,,,,,,,0.01,0.29384086664960196,-0.08884133460583588,-0.15226949954230484,0.9789308402118811,0.9160531240823979,0.32150670242408363,,,0,
1759299767.381799,2,leader,auto,1.0244432879143344,0.9392491187752103,0.008350825596226005,,,,,,,,,,,,,1.0,0.04353090273273286,-0.06999270242468836,0.1571444148056254,1.0244432879143344,0.9392491187752103,0.008350825596226005,,,1,
1759299767.3829386,1,follower,auto,1.076600059818242,0.5035329209082233,0.2597260164777497,,,,,,,,,,,,,0.01,0.3439836801071684,-0.9125905054435942,-0.3334908460696656,1.076600059818242,0.5035329209082233,0.2597260164777497,,,0,
1759299767.3832326,2,leader,auto,1.0481817008619758,0.5130446824796486,0.08104780962545902,,,,,,,,,,,,,1.0,0.058607959436326684,-0.9204042128458596,0.23629470367274225,1.0481817008619758,0.5130446824796486,0.08104780962545902,,,1,
1759299767.514465,1,follower,auto,1.076600059818242,0.5035329209082233,0.2597260164777497,,,,,,,,,,,,,0.01,0.3439836801071684,-0.9125905054435942,-0.3334908460696656,1.076600059818242,0.5035329209082233,0.2597260164777497,,,0,
1759299767.6148171,2,leader,auto,1.0481817008619758,0.5130446824796486,0.08104780962545902,,,,,,,,,,,,,1.0,0.058607959436326684,-0.9204042128458596,0.23629470367274225,1.0481817008619758,0.5130446824796486,0.08104780962545902,,,1,
1759299767.6156597,1,follower,auto,1.1272297568558247,0.28738267178816385,0.22717775558890058,,,,,,,,,,,,,0.01,0.2427054509642539,-0.48024402967061175,-0.2683514536512127,1.1272297568558247,0.28738267178816385,0.22717775558890058,,,0,
1759299767.6158438,2,leader,auto,1.0618109667559983,0.2895259528240516,0.12009438849833709,,,,,,,,,,,,,0.85,0.03148747200558133,-0.4734808740776686,0.15813374564355412,1.0618109667559983,0.2895259528240516,0.12009438849833709,,,1,
1759299767.735839,1,follower,auto,1.1272297568558247,0.28738267178816385,0.22717775558890058,,,,,,,,,,,,,0.01,0.2427054509642539,-0.48024402967061175,-0.2683514536512127,1.1272297568558247,0.28738267178816385,0.22717775558890058,,,0,
1759299767.83629,2,leader,auto,1.0618109667559983,0.2895259528240516,0.12009438849833709,,,,,,,,,,,,,0.85,0.03148747200558133,-0.4734808740776686,0.15813374564355412,1.0618109667559983,0.2895259528240516,0.12009438849833709,,,1,
1759299767.8379114,1,follower,auto,1.1530815229531977,0.17480655194700323,0.2100440128421277,,,,,,,,,,,,,0.01,0.1910143165356213,-0.25510652723671123,-0.23410484468449955,1.1530815229531977,0.17480655194700323,0.2100440128421277,,,0,
1759299767.8383205,2,leader,auto,1.0700097577552112,0.17296515767201576,0.14135586680130396,,,,,,,,,,,,,1.0,0.015080353263991597,-0.24035924652069396,0.1156114446887129,1.0700097577552112,0.17296515767201576,0.14135586680130396,,,1,
