timestamp,drone_id,role,mode,x,y,z,target_x,target_y,target_z,error_x,error_y,error_z,rc_lr,rc_fb,rc_ud,rc_yaw,trust,obs_error_x,obs_error_y,obs_error_z,obs_state_x,obs_state_y,obs_state_z,cbf_fire_flag,rc_safe_x,rc_safe_z,rc_diff_norm,qp_status,active_constraint_id,rc_nom_x,rc_nom_z,h_x,HOh_x
1760059848.8853889,0,leader,manual,0.9066883325576782,0.04895511642098427,0.945898711681366,0.9,1,1,-0.0066883325576782005,0.9510448835790157,0.05410128831863403,0,0,0,0,1.0,0.0,0.0,0.0,0.0,0.0,0.0,False,,,,,,,,,
1760059848.9858158,1,follower,manual,0.12885020673274994,0.05452315881848335,0.8853291273117065,0.1,1,1,-0.028850206732749933,0.9454768411815166,0.11467087268829346,0,0,0,0,1.0,0.0,0.0,0.0,0.0,0.0,0.0,False,,,,,,,,,
1760059849.1430051,0,leader,manual,0.906686544418335,0.04896057769656181,0.9459130167961121,0.9,1,1,-0.006686544418334939,0.9510394223034382,0.05408698320388794,0,0,0,0,1.0,0.0,0.0,0.0,0.0,0.0,0.0,False,,,,,,,,,
1760059849.243446,1,follower,manual,0.12885428965091705,0.0545431487262249,0.8853485584259033,0.1,1,1,-0.028854289650917048,0.9454568512737751,0.11465144157409668,0,0,0,0,1.0,0.0,0.0,0.0,0.0,0.0,0.0,False,,,,,,,,,
1760059849.4470258,0,leader,manual,0.9066221117973328,0.04895458370447159,0.9459310173988342,0.9,1,1,-0.0066221117973327415,0.9510454162955284,0.05406898260116577,0,0,0,0,1.0,0.0,0.0,0.0,0.0,0.0,0.0,False,,,,,,,,,
1760059849.5474875,1,follower,manual,0.12884289026260376,0.054513368755578995,0.8853299617767334,0.1,1,1,-0.028842890262603754,0.945486631244421,0.1146700382232666,0,0,0,0,1.0,0.0,0.0,0.0,0.0,0.0,0.0,False,,,,,,,,,
1760059849.6500063,0,leader,manual,0.9066379070281982,0.0489555262029171,0.945936918258667,0.9,1,1,-0.00663790702819822,0.9510444737970829,0.05406308174133301,0,0,0,0,1.0,0.0,0.0,0.0,0.0,0.0,0.0,False,,,,,,,,,
1760059849.7504802,1,follower,manual,0.12886039912700653,0.05452490225434303,0.8853346109390259,0.1,1,1,-0.028860399127006525,0.945475097745657,0.11466538906097412,0,0,0,0,1.0,0.0,0.0,0.0,0.0,0.0,0.0,False,,,,,,,,,
1760059849.8544827,0,leader,manual,0.906627357006073,0.048951879143714905,0.9459397792816162,0.9,1,1,-0.006627357006072976,0.9510481208562851,0.05406022071838379,0,0,0,0,1.0,0.0,0.0,0.0,0.0,0.0,0.0,False,,,,,,,,,
1760059849.9548814,1,follower,manual,0.12884970009326935,0.054520733654499054,0.8853345513343811,0.1,1,1,-0.028849700093269343,0.945479266345501,0.1146654486656189,0,0,0,0,1.0,0.0,0.0,0.0,0.0,0.0,0.0,False,,,,,,,,,
1760059850.0584292,0,leader,manual,0.9066748023033142,0.048948585987091064,0.945900022983551,0.9,1,1,-0.006674802303314187,0.9510514140129089,0.054099977016448975,0,0,0,0,1.0,0.0,0.0,0.0,0.0,0.0,0.0,False,,,,,,,,,
1760059850.1590252,1,follower,manual,0.12883970141410828,0.05451985448598862,0.8853316307067871,0.1,1,1,-0.02883970141410827,0.9454801455140114,0.11466836929321289,0,0,0,0,1.0,0.0,0.0,0.0,0.0,0.0,0.0,False,,,,,,,,,
1760059850.2615654,0,leader,manual,0.9066901803016663,0.04894673824310303,0.9458977580070496,0.9,1,1,-0.0066901803016662376,0.951053261756897,0.05410224199295044,0,0,0,0,1.0,0.0,0.0,0.0,0.0,0.0,0.0,False,,,,,,,,,
1760059850.3619785,1,follower,manual,0.12885725498199463,0.05452154576778412,0.8853411078453064,0.1,1,1,-0.028857254981994623,0.9454784542322159,0.1146588921546936,0,0,0,0,1.0,0.0,0.0,0.0,0.0,0.0,0.0,False,,,,,,,,,
1760059850.4655254,0,leader,manual,0.9066853523254395,0.04894833266735077,0.9458971619606018,0.9,1,1,-0.006685352325439431,0.9510516673326492,0.05410283803939819,0,0,0,0,1.0,0.0,0.0,0.0,0.0,0.0,0.0,False,,,,,,,,,
1760059850.5659387,1,follower,manual,0.12885110080242157,0.05453241616487503,0.8853422999382019,0.1,1,1,-0.028851100802421564,0.945467583835125,0.1146577000617981,0,0,0,0,1.0,0.0,0.0,0.0,0.0,0.0,0.0,False,,,,,,,,,
1760059850.6709225,0,leader,manual,0.9066901803016663,0.04895537346601486,0.9458989500999451,0.9,1,1,-0.0066901803016662376,0.9510446265339851,0.05410104990005493,0,0,0,0,1.0,0.0,0.0,0.0,0.0,0.0,0.0,False,,,,,,,,,
1760059850.7718968,1,follower,manual,0.1288546919822693,0.054537855088710785,0.8853374123573303,0.1,1,1,-0.02885469198226928,0.9454621449112892,0.11466258764266968,0,0,0,0,1.0,0.0,0.0,0.0,0.0,0.0,0.0,False,,,,,,,,,
1760059850.874969,0,leader,manual,0.9066910743713379,0.048957135528326035,0.9458936452865601,0.9,1,1,-0.006691074371337868,0.951042864471674,0.05410635471343994,0,0,0,0,1.0,0.0,0.0,0.0,0.0,0.0,0.0,False,,,,,,,,,
1760059850.9752388,1,follower,manual,0.12885135412216187,0.054544173181056976,0.885336697101593,0.1,1,1,-0.02885135412216186,0.945455826818943,0.11466330289840698,0,0,0,0,1.0,0.0,0.0,0.0,0.0,0.0,0.0,False,,,,,,,,,
1760059851.0813653,0,leader,manual,0.9066975116729736,0.04896526038646698,0.9458895325660706,0.9,1,1,-0.006697511672973611,0.951034739613533,0.05411046743392944,0,0,0,0,1.0,0.0,0.0,0.0,0.0,0.0,0.0,False,,,,,,,,,
1760059851.1816285,1,follower,manual,0.1288583129644394,0.05454012379050255,0.8853362202644348,0.1,1,1,-0.028858312964439387,0.9454598762094975,0.11466377973556519,0,0,0,0,1.0,0.0,0.0,0.0,0.0,0.0,0.0,False,,,,,,,,,
1760059851.2857757,0,leader,manual,0.9066945910453796,0.048959217965602875,0.9458920359611511,0.9,1,1,-0.0066945910453796165,0.9510407820343971,0.05410796403884888,0,0,0,0,1.0,0.0,0.0,0.0,0.0,0.0,0.0,False,,,,,,,,,
1760059851.3863103,1,follower,manual,0.12885862588882446,0.05454273894429207,0.8853362798690796,0.1,1,1,-0.028858625888824457,0.9454572610557079,0.11466372013092041,0,0,0,0,1.0,0.0,0.0,0.0,0.0,0.0,0.0,False,,,,,,,,,
1760059851.4888363,0,leader,manual,0.9066892266273499,0.048950593918561935,0.9458954334259033,0.9,1,1,-0.006689226627349831,0.9510494060814381,0.05410456657409668,0,0,0,0,1.0,0.0,0.0,0.0,0.0,0.0,0.0,False,,,,,,,,,
1760059851.589435,1,follower,manual,0.12885767221450806,0.05453279986977577,0.8853326439857483,0.1,1,1,-0.02885767221450805,0.9454672001302242,0.11466735601425171,0,0,0,0,1.0,0.0,0.0,0.0,0.0,0.0,0.0,False,,,,,,,,,
1760059851.7506685,0,leader,manual,0.9066939949989319,0.048961251974105835,0.9459004402160645,0.9,1,1,-0.0066939949989318626,0.9510387480258942,0.05409955978393555,0,0,0,0,1.0,0.0,0.0,0.0,0.0,0.0,0.0,False,,,,,,,,,
1760059851.8512304,1,follower,manual,0.12885165214538574,0.054534636437892914,0.8853426575660706,0.1,1,1,-0.028851652145385737,0.9454653635621071,0.11465734243392944,0,0,0,0,1.0,0.0,0.0,0.0,0.0,0.0,0.0,False,,,,,,,,,
1760059852.0507545,0,leader,manual,0.9066363573074341,0.048965971916913986,0.9459428787231445,0.9,1,1,-0.00663635730743406,0.951034028083086,0.05405712127685547,0,0,0,0,1.0,0.0,0.0,0.0,0.0,0.0,0.0,False,,,,,,,,,
1760059852.1512678,1,follower,manual,0.12885619699954987,0.054529961198568344,0.8853363990783691,0.1,1,1,-0.02885619699954986,0.9454700388014317,0.11466360092163086,0,0,0,0,1.0,0.0,0.0,0.0,0.0,0.0,0.0,False,,,,,,,,,
1760059856.5673287,0,leader,manual,0.906629204750061,0.04895774647593498,0.9459365606307983,0.9,1,1,-0.006629204750061013,0.951042253524065,0.05406343936920166,0,0,0,0,1.0,0.0,0.0,0.0,0.0,0.0,0.0,False,,,,,,,,,
1760059856.6677022,1,follower,manual,0.12884944677352905,0.054532818496227264,0.8853369355201721,0.1,1,1,-0.028849446773529047,0.9454671815037727,0.11466306447982788,0,0,0,0,1.0,0.0,0.0,0.0,0.0,0.0,0.0,False,,,,,,,,,
1760059856.6680393,0,follower,manual,0.8736812472343445,0.8704110383987427,0.9022003412246704,0.9,1,1,0.02631875276565554,0.12958896160125732,0.09779965877532959,0,0,0,0,,,,,,,,False,,,,,,,,,
1760059856.7682781,1,follower,manual,0.09167195111513138,0.8822499513626099,0.813765287399292,0.1,1,1,0.008328048884868627,0.11775004863739014,0.186234712600708,0,0,0,0,,,,,,,,False,,,,,,,,,
1760059857.0542724,0,leader,manual,0.8736812472343445,0.8704110383987427,0.9022003412246704,0.9,1,1,0.02631875276565554,0.12958896160125732,0.09779965877532959,0,0,0,0,1.0,0.0,0.0,0.0,0.0,0.0,0.0,False,,,,,,,,,
1760059857.15477,1,follower,manual,0.09167195111513138,0.8822499513626099,0.813765287399292,0.1,1,1,0.008328048884868627,0.11775004863739014,0.186234712600708,0,0,0,0,1.0,0.0,0.0,0.0,0.0,0.0,0.0,False,,,,,,,,,
1760059857.1556382,0,follower,manual,0.8827336430549622,0.8636522889137268,0.9040451049804688,0.9,1,1,0.017266356945037864,0.1363477110862732,0.09595489501953125,0,0,0,0,,,,,,,,False,,,,,,,,,
1760059857.2561774,1,follower,manual,0.07173101603984833,0.8794867992401123,0.8134737014770508,0.1,1,1,0.028268983960151678,0.1205132007598877,0.18652629852294922,0,0,0,0,,,,,,,,False,,,,,,,,,
1760059857.3597322,0,leader,manual,0.8827336430549622,0.8636522889137268,0.9040451049804688,0.9,1,1,0.017266356945037864,0.1363477110862732,0.09595489501953125,0,0,0,0,1.0,0.0,0.0,0.0,0.0,0.0,0.0,False,,,,,,,,,
1760059857.4604046,1,follower,manual,0.07173101603984833,0.8794867992401123,0.8134737014770508,0.1,1,1,0.028268983960151678,0.1205132007598877,0.18652629852294922,0,0,0,0,1.0,0.0,0.0,0.0,0.0,0.0,0.0,False,,,,,,,,,
1760059857.4616275,0,follower,manual,0.8912920355796814,0.8644177317619324,0.904601514339447,0.9,1,1,0.008707964420318626,0.13558226823806763,0.09539848566055298,0,0,0,0,,,,,,,,False,,,,,,,,,
1760059857.5621662,1,follower,manual,0.061937518417835236,0.8692071437835693,0.8150607347488403,0.1,1,1,0.03806248158216477,0.13079285621643066,0.18493926525115967,0,0,0,0,,,,,,,,False,,,,,,,,,
1760059857.6656506,0,leader,manual,0.8912920355796814,0.8644177317619324,0.904601514339447,0.9,1,1,0.008707964420318626,0.13558226823806763,0.09539848566055298,0,0,0,0,1.0,0.0,0.0,0.0,0.0,0.0,0.0,False,,,,,,,,,
1760059857.7661002,1,follower,manual,0.061937518417835236,0.8692071437835693,0.8150607347488403,0.1,1,1,0.03806248158216477,0.13079285621643066,0.18493926525115967,0,0,0,0,1.0,0.0,0.0,0.0,0.0,0.0,0.0,False,,,,,,,,,
1760059857.7667947,0,follower,manual,0.8934333920478821,0.8642048239707947,0.9031046032905579,0.9,1,1,0.006566607952117942,0.13579517602920532,0.09689539670944214,0,0,0,0,,,,,,,,False,,,,,,,,,
1760059857.8672512,1,follower,manual,0.05601602420210838,0.8553513288497925,0.8175270557403564,0.1,1,1,0.04398397579789162,0.14464867115020752,0.18247294425964355,0,0,0,0,,,,,,,,False,,,,,,,,,
1760059857.9721394,0,leader,manual,0.8934333920478821,0.8642048239707947,0.9031046032905579,0.9,1,1,0.006566607952117942,0.13579517602920532,0.09689539670944214,0,0,0,0,1.0,0.0,0.0,0.0,0.0,0.0,0.0,False,,,,,,,,,
1760059858.0726676,1,follower,manual,0.05601602420210838,0.8553513288497925,0.8175270557403564,0.1,1,1,0.04398397579789162,0.14464867115020752,0.18247294425964355,0,0,0,0,1.0,0.0,0.0,0.0,0.0,0.0,0.0,False,,,,,,,,,
1760059858.0736122,0,follower,manual,0.8886846303939819,0.8617979884147644,0.905402421951294,0.9,1,1,0.011315369606018089,0.1382020115852356,0.09459757804870605,0,0,0,0,,,,,,,,False,,,,,,,,,
1760059858.1740103,1,follower,manual,0.05205252766609192,0.8424937129020691,0.817449688911438,0.1,1,1,0.04794747233390809,0.1575062870979309,0.182550311088562,0,0,0,0,,,,,,,,False,,,,,,,,,
1760059858.2783928,0,leader,manual,0.8886846303939819,0.8617979884147644,0.905402421951294,0.9,1,1,0.011315369606018089,0.1382020115852356,0.09459757804870605,0,0,0,0,1.0,0.0,0.0,0.0,0.0,0.0,0.0,False,,,,,,,,,
1760059858.3787334,1,follower,manual,0.05205252766609192,0.8424937129020691,0.817449688911438,0.1,1,1,0.04794747233390809,0.1575062870979309,0.182550311088562,0,0,0,0,1.0,0.0,0.0,0.0,0.0,0.0,0.0,False,,,,,,,,,
1760059858.37913,0,follower,manual,0.889569103717804,0.860647976398468,0.9058803915977478,0.9,1,1,0.010430896282196067,0.13935202360153198,0.0941196084022522,0,0,0,0,,,,,,,,False,,,,,,,,,
1760059858.4794955,1,follower,manual,0.050145842134952545,0.8330779075622559,0.8178809285163879,0.1,1,1,0.04985415786504746,0.16692209243774414,0.18211907148361206,0,0,0,0,,,,,,,,False,,,,,,,,,
1760059858.5884461,0,leader,manual,0.889569103717804,0.860647976398468,0.9058803915977478,0.9,1,1,0.010430896282196067,0.13935202360153198,0.0941196084022522,0,0,0,0,1.0,0.0,0.0,0.0,0.0,0.0,0.0,False,,,,,,,,,
1760059858.6889255,1,follower,manual,0.050145842134952545,0.8330779075622559,0.8178809285163879,0.1,1,1,0.04985415786504746,0.16692209243774414,0.18211907148361206,0,0,0,0,1.0,0.0,0.0,0.0,0.0,0.0,0.0,False,,,,,,,,,
1760059858.6897156,0,follower,manual,0.8877869844436646,0.8626062870025635,0.9008811712265015,0.9,1,1,0.012213015556335471,0.13739371299743652,0.09911882877349854,0,0,0,0,,,,,,,,False,,,,,,,,,
1760059858.7906353,1,follower,manual,0.05230436101555824,0.8318419456481934,0.8202770948410034,0.1,1,1,0.04769563898444176,0.16815805435180664,0.17972290515899658,0,0,0,0,,,,,,,,False,,,,,,,,,
1760059859.0227695,0,leader,manual,0.8877869844436646,0.8626062870025635,0.9008811712265015,0.9,1,1,0.012213015556335471,0.13739371299743652,0.09911882877349854,0,0,0,0,1.0,0.0,0.0,0.0,0.0,0.0,0.0,False,,,,,,,,,
1760059859.1231813,1,follower,manual,0.05230436101555824,0.8318419456481934,0.8202770948410034,0.1,1,1,0.04769563898444176,0.16815805435180664,0.17972290515899658,0,0,0,0,1.0,0.0,0.0,0.0,0.0,0.0,0.0,False,,,,,,,,,
1760059859.1236408,0,follower,manual,0.8707237839698792,0.8626117706298828,0.89151531457901,0.9,1,1,0.029276216030120872,0.1373882293701172,0.10848468542098999,0,0,0,0,,,,,,,,False,,,,,,,,,
1760059859.223874,1,follower,manual,0.047815628349781036,0.8419479131698608,0.8148046135902405,0.1,1,1,0.05218437165021897,0.15805208683013916,0.18519538640975952,0,0,0,0,,,,,,,,False,,,,,,,,,
1760059859.3485708,0,leader,manual,0.8707237839698792,0.8626117706298828,0.89151531457901,0.9,1,1,0.029276216030120872,0.1373882293701172,0.10848468542098999,0,0,0,0,1.0,0.0,0.0,0.0,0.0,0.0,0.0,False,,,,,,,,,
1760059859.4490705,1,follower,manual,0.047815628349781036,0.8419479131698608,0.8148046135902405,0.1,1,1,0.05218437165021897,0.15805208683013916,0.18519538640975952,0,0,0,0,1.0,0.0,0.0,0.0,0.0,0.0,0.0,False,,,,,,,,,
1760059859.4498944,0,follower,manual,0.8602665066719055,0.8667729496955872,0.8857074975967407,0.9,1,1,0.039733493328094505,0.13322705030441284,0.11429250240325928,0,0,0,0,,,,,,,,False,,,,,,,,,
1760059859.5502954,1,follower,manual,0.03948751464486122,0.8454810976982117,0.8080454468727112,0.1,1,1,0.060512485355138784,0.15451890230178833,0.19195455312728882,0,0,0,0,,,,,,,,False,,,,,,,,,
1760059859.6605093,0,leader,manual,0.8602665066719055,0.8667729496955872,0.8857074975967407,0.9,1,1,0.039733493328094505,0.13322705030441284,0.11429250240325928,0,0,0,0,1.0,0.0,0.0,0.0,0.0,0.0,0.0,False,,,,,,,,,
1760059859.7609437,1,follower,manual,0.03948751464486122,0.8454810976982117,0.8080454468727112,0.1,1,1,0.060512485355138784,0.15451890230178833,0.19195455312728882,0,0,0,0,1.0,0.0,0.0,0.0,0.0,0.0,0.0,False,,,,,,,,,
1760059859.7616322,0,follower,manual,0.8547960519790649,0.8665212988853455,0.8764297962188721,0.9,1,1,0.04520394802093508,0.13347870111465454,0.12357020378112793,0,0,0,0,,,,,,,,False,,,,,,,,,
1760059859.8619618,1,follower,manual,0.03249187394976616,0.8476463556289673,0.8008844256401062,0.1,1,1,0.06750812605023385,0.15235364437103271,0.1991155743598938,0,0,0,0,,,,,,,,False,,,,,,,,,
1760059860.056173,0,leader,manual,0.8547960519790649,0.8665212988853455,0.8764297962188721,0.9,1,1,0.04520394802093508,0.13347870111465454,0.12357020378112793,0,0,0,0,1.0,0.0,0.0,0.0,0.0,0.0,0.0,False,,,,,,,,,
1760059860.1568024,1,follower,manual,0.03249187394976616,0.8476463556289673,0.8008844256401062,0.1,1,1,0.06750812605023385,0.15235364437103271,0.1991155743598938,0,0,0,0,1.0,0.0,0.0,0.0,0.0,0.0,0.0,False,,,,,,,,,
1760059860.1581059,0,follower,manual,0.8568068146705627,0.86711186170578,0.8623970150947571,0.9,1,1,0.04319318532943728,0.13288813829421997,0.13760298490524292,0,0,0,0,,,,,,,,False,,,,,,,,,
1760059860.2585967,1,follower,manual,0.0255633182823658,0.8583701252937317,0.7911884784698486,0.1,1,1,0.0744366817176342,0.1416298747062683,0.20881152153015137,0,0,0,0,,,,,,,,False,,,,,,,,,
1760059860.3615234,0,leader,manual,0.8568068146705627,0.86711186170578,0.8623970150947571,0.9,1,1,0.04319318532943728,0.13288813829421997,0.13760298490524292,0,0,0,0,1.0,0.0,0.0,0.0,0.0,0.0,0.0,False,,,,,,,,,
1760059860.4619908,1,follower,manual,0.0255633182823658,0.8583701252937317,0.7911884784698486,0.1,1,1,0.0744366817176342,0.1416298747062683,0.20881152153015137,0,0,0,0,1.0,0.0,0.0,0.0,0.0,0.0,0.0,False,,,,,,,,,
1760059860.462811,0,follower,manual,0.8638171553611755,0.8700063824653625,0.8526206612586975,0.9,1,1,0.036182844638824485,0.12999361753463745,0.1473793387413025,0,0,0,0,,,,,,,,False,,,,,,,,,
1760059860.5631673,1,follower,manual,0.03412874415516853,0.8581754565238953,0.7814472913742065,0.1,1,1,0.06587125584483147,0.14182454347610474,0.21855270862579346,0,0,0,0,,,,,,,,False,,,,,,,,,
1760059860.66895,0,leader,manual,0.8638171553611755,0.8700063824653625,0.8526206612586975,0.9,1,1,0.036182844638824485,0.12999361753463745,0.1473793387413025,0,0,0,0,1.0,0.0,0.0,0.0,0.0,0.0,0.0,False,,,,,,,,,
1760059860.769504,1,follower,manual,0.03412874415516853,0.8581754565238953,0.7814472913742065,0.1,1,1,0.06587125584483147,0.14182454347610474,0.21855270862579346,0,0,0,0,1.0,0.0,0.0,0.0,0.0,0.0,0.0,False,,,,,,,,,
1760059860.7698352,0,follower,manual,0.8689823150634766,0.8825304508209229,0.8459757566452026,0.9,1,1,0.03101768493652346,0.11746954917907715,0.15402424335479736,0,0,0,0,,,,,,,,False,,,,,,,,,
1760059860.8700871,1,follower,manual,0.04759054258465767,0.8471488356590271,0.7758112549781799,0.1,1,1,0.052409457415342336,0.1528511643409729,0.22418874502182007,0,0,0,0,,,,,,,,False,,,,,,,,,
1760059860.982989,0,leader,manual,0.8689823150634766,0.8825304508209229,0.8459757566452026,0.9,1,1,0.03101768493652346,0.11746954917907715,0.15402424335479736,0,0,0,0,1.0,0.0,0.0,0.0,0.0,0.0,0.0,False,,,,,,,,,
1760059861.0833254,1,follower,manual,0.04759054258465767,0.8471488356590271,0.7758112549781799,0.1,1,1,0.052409457415342336,0.1528511643409729,0.22418874502182007,0,0,0,0,1.0,0.0,0.0,0.0,0.0,0.0,0.0,False,,,,,,,,,
1760059861.0837626,0,follower,manual,0.8701830506324768,0.8994013071060181,0.8411604166030884,0.9,1,1,0.029816949367523216,0.10059869289398193,0.15883958339691162,0,0,0,0,,,,,,,,False,,,,,,,,,
1760059861.18403,1,follower,manual,0.05962863191962242,0.8497368693351746,0.7740793824195862,0.1,1,1,0.040371368080377584,0.15026313066482544,0.22592061758041382,0,0,0,0,,,,,,,,False,,,,,,,,,
1760059861.2890944,0,leader,manual,0.8701830506324768,0.8994013071060181,0.8411604166030884,0.9,1,1,0.029816949367523216,0.10059869289398193,0.15883958339691162,0,0,0,0,1.0,0.0,0.0,0.0,0.0,0.0,0.0,False,,,,,,,,,
1760059861.389677,1,follower,manual,0.05962863191962242,0.8497368693351746,0.7740793824195862,0.1,1,1,0.040371368080377584,0.15026313066482544,0.22592061758041382,0,0,0,0,1.0,0.0,0.0,0.0,0.0,0.0,0.0,False,,,,,,,,,
1760059861.3904603,0,follower,manual,0.8685810565948486,0.9035824537277222,0.8322440385818481,0.9,1,1,0.03141894340515139,0.09641754627227783,0.16775596141815186,0,0,0,0,,,,,,,,False,,,,,,,,,
1760059861.4909465,1,follower,manual,0.06274065375328064,0.8695063591003418,0.7718607187271118,0.1,1,1,0.037259346246719366,0.1304936408996582,0.22813928127288818,0,0,0,0,,,,,,,,False,,,,,,,,,
1760059861.600405,0,leader,manual,0.8685810565948486,0.9035824537277222,0.8322440385818481,0.9,1,1,0.03141894340515139,0.09641754627227783,0.16775596141815186,0,0,0,0,1.0,0.0,0.0,0.0,0.0,0.0,0.0,False,,,,,,,,,
1760059861.701022,1,follower,manual,0.06274065375328064,0.8695063591003418,0.7718607187271118,0.1,1,1,0.037259346246719366,0.1304936408996582,0.22813928127288818,0,0,0,0,1.0,0.0,0.0,0.0,0.0,0.0,0.0,False,,,,,,,,,
1760059861.7021916,0,follower,manual,0.8635454177856445,0.8950849771499634,0.8205456733703613,0.9,1,1,0.03645458221435549,0.10491502285003662,0.17945432662963867,0,0,0,0,,,,,,,,False,,,,,,,,,
1760059861.802769,1,follower,manual,0.05862877145409584,0.881982684135437,0.7655112147331238,0.1,1,1,0.041371228545904165,0.11801731586456299,0.23448878526687622,0,0,0,0,,,,,,,,False,,,,,,,,,
1760059861.9948478,0,leader,manual,0.8635454177856445,0.8950849771499634,0.8205456733703613,0.9,1,1,0.03645458221435549,0.10491502285003662,0.17945432662963867,0,0,0,0,1.0,0.0,0.0,0.0,0.0,0.0,0.0,False,,,,,,,,,
1760059862.0953846,1,follower,manual,0.05862877145409584,0.881982684135437,0.7655112147331238,0.1,1,1,0.041371228545904165,0.11801731586456299,0.23448878526687622,0,0,0,0,1.0,0.0,0.0,0.0,0.0,0.0,0.0,False,,,,,,,,,
1760059862.0990233,0,follower,auto,0.8626580834388733,0.8820120096206665,0.8111783862113953,0.9,1,1,0.03734191656112673,0.1179879903793335,0.18882161378860474,17.993008017539978,1.7867396660149097,10.932501137256622,0,,,,,,,,True,3.0,18.0,0.0,optimal,0,3.0,18.0,1.9873790433056016,1.0145496127160105
1760059862.2003372,1,follower,auto,0.053817860782146454,0.8773506879806519,0.7661791443824768,0.1,1,1,0.04618213921785355,0.12264931201934814,0.2338208556175232,20,5.21326033398509,13.567498862743378,0,,,,,,,,True,4.0,23.0,0.0,optimal,0,4.0,23.0,0.20450827636440638,0.3769725618504486
1760059862.3677235,0,follower,auto,0.8626580834388733,0.8820120096206665,0.8111783862113953,0.9,1,1,0.03734191656112673,0.1179879903793335,0.18882161378860474,0,0,0,0,0.7165313105737893,0.8626580834388733,0.8820120096206665,0.8111783862113953,0.8626580834388733,0.8820120096206665,0.8111783862113953,False,,,,,,,,,
1760059862.4683845,1,leader,auto,0.053817860782146454,0.8773506879806519,0.7661791443824768,0.1,1,1,0.04618213921785355,0.12264931201934814,0.2338208556175232,0,0,0,0,0.7165313105737893,0.053817860782146454,0.8773506879806519,0.7661791443824768,0.053817860782146454,0.8773506879806519,0.7661791443824768,False,,,,,,,,,
1760059862.4707584,0,follower,auto,0.8693268299102783,0.8775801658630371,0.8131682872772217,0.9,1,1,0.030673170089721702,0.12241983413696289,0.18683171272277832,18.010689514875413,1.7416235335171224,11.941154479980469,0,,,,,,,,True,3.0,18.0,0.0,optimal,0,3.0,18.0,2.010163996527558,1.1153256430428882
1760059862.5718722,1,follower,auto,0.049081675708293915,0.8722973465919495,0.7795096635818481,0.1,1,1,0.05091832429170609,0.12770265340805054,0.22049033641815186,20,6.250259708613157,13.4944997549057,0,,,,,,,,True,5.0,22.0,0.0,optimal,0,5.0,22.0,0.2189423373577728,0.4438983610184831
1760059862.6799688,0,follower,auto,0.8693268299102783,0.8775801658630371,0.8131682872772217,0.9,1,1,0.030673170089721702,0.12241983413696289,0.18683171272277832,0,0,0,0,0.85,-0.04330399886891245,-0.07534557235240935,-0.057613303244113956,0.8693268299102783,0.8775801658630371,0.8131682872772217,False,,,,,,,,,
1760059862.7805312,1,leader,auto,0.049081675708293915,0.8722973465919495,0.7795096635818481,0.1,1,1,0.05091832429170609,0.12770265340805054,0.22049033641815186,0,0,0,0,0.85,-0.0027519963867962335,-0.07769438266754147,-0.046207728326320696,0.049081675708293915,0.8722973465919495,0.7795096635818481,False,,,,,,,,,
1760059862.7828217,0,follower,auto,0.8705918192863464,0.8847825527191162,0.8224219679832458,0.9,1,1,0.029408180713653587,0.11521744728088379,0.17757803201675415,16.973276844024657,0.7468759831786158,10.919334423542022,0,,,,,,,,True,2.0,17.0,0.0,optimal,0,2.0,17.0,2.0290181923733615,1.0797063592584673
1760059862.8839636,1,follower,auto,0.044319525361061096,0.8834110498428345,0.7962267398834229,0.1,1,1,0.05568047463893891,0.11658895015716553,0.20377326011657715,19.961746910810472,6.26537706553936,12.452284667491913,0,,,,,,,,True,5.0,20.0,0.0,optimal,0,5.0,20.0,0.23912467206688692,0.4680567865733454
1760059863.0147576,0,follower,auto,0.8705918192863464,0.8847825527191162,0.8224219679832458,0.9,1,1,0.029408180713653587,0.11521744728088379,0.17757803201675415,0,0,0,0,1.0,-0.044367892498597516,-0.07720129691243172,-0.05883387988924982,0.8705918192863464,0.8847825527191162,0.8224219679832458,False,,,,,,,,,
1760059863.1153636,1,leader,auto,0.044319525361061096,0.8834110498428345,0.7962267398834229,0.1,1,1,0.05568047463893891,0.11658895015716553,0.20377326011657715,0,0,0,0,1.0,0.003637417831644417,-0.07686567506790154,-0.05354320727944373,0.044319525361061096,0.8834110498428345,0.7962267398834229,False,,,,,,,,,
1760059863.1177564,0,follower,auto,0.8706866502761841,0.9024003744125366,0.8406172394752502,0.9,1,1,0.02931334972381594,0.09759962558746338,0.15938276052474976,14.922066947937012,0.7445846488177776,8.891710848212242,0,,,,,,,,True,2.0,15.0,0.0,optimal,0,2.0,15.0,2.0595565666035736,1.086410520675357
1760059863.219054,1,follower,auto,0.036751724779605865,0.9047080874443054,0.8276457786560059,0.1,1,1,0.06324827522039414,0.09529191255569458,0.17235422134399414,16.894997769474983,7.290477738082409,10.361394775986671,0,,,,,,,,True,6.0,17.0,0.0,optimal,0,6.0,17.0,0.2804502939369091,0.5626711522510639
1760059863.3760417,0,follower,auto,0.8706866502761841,0.9024003744125366,0.8406172394752502,0.9,1,1,0.02931334972381594,0.09759962558746338,0.15938276052474976,0,0,0,0,1.0,-0.04212910135173353,-0.07912706110436918,-0.05728159073345662,0.8706866502761841,0.9024003744125366,0.8406172394752502,False,,,,,,,,,
1760059863.4764373,1,leader,auto,0.036751724779605865,0.9047080874443054,0.8276457786560059,0.1,1,1,0.06324827522039414,0.09529191255569458,0.17235422134399414,0,0,0,0,1.0,0.006878899593062697,-0.08203214712405205,-0.04808093703916072,0.036751724779605865,0.9047080874443054,0.8276457786560059,False,,,,,,,,,
1760059863.4796224,0,follower,auto,0.877915620803833,0.9265562295913696,0.8657433390617371,0.9,1,1,0.022084379196167014,0.07344377040863037,0.13425666093826294,12.864606610274315,0.7024142809987068,6.866585725724697,0,,,,,,,,True,2.0,13.0,0.0,optimal,0,2.0,13.0,2.123746111345745,1.1872653420770458
1760059863.5807235,1,follower,auto,0.03400218486785889,0.9202092885971069,0.8649199604988098,0.1,1,1,0.06599781513214112,0.07979071140289307,0.13508003950119019,12.913953168356418,7.289290826484561,8.297264779531956,0,,,,,,,,True,6.0,13.0,0.0,optimal,0,6.0,13.0,0.3400453084864814,0.601001215026148
1760059863.6877828,0,follower,auto,0.877915620803833,0.9265562295913696,0.8657433390617371,0.9,1,1,0.022084379196167014,0.07344377040863037,0.13425666093826294,0,0,0,0,1.0,-0.03172263108400042,-0.0827634709006313,-0.05580557804317898,0.877915620803833,0.9265562295913696,0.8657433390617371,False,,,,,,,,,
1760059863.7882214,1,leader,auto,0.03400218486785889,0.9202092885971069,0.8649199604988098,0.1,1,1,0.06599781513214112,0.07979071140289307,0.13508003950119019,0,0,0,0,1.0,0.018574904025269595,-0.09980105251475324,-0.04970233252257683,0.03400218486785889,0.9202092885971069,0.8649199604988098,False,,,,,,,,,
1760059863.789366,0,follower,auto,0.8799291253089905,0.9402507543563843,0.8822168707847595,0.9,1,1,0.020070874691009544,0.05974924564361572,0.11778312921524048,10.885128996174336,0.7068319139862063,4.918380485230684,0,,,,,,,,True,2.0,11.0,0.0,optimal,0,2.0,11.0,2.1584968230350867,1.0396196387108891
1760059863.8899562,1,follower,auto,0.0297979936003685,0.9271893501281738,0.9003655910491943,0.1,1,1,0.0702020063996315,0.07281064987182617,0.09963440895080566,8.961605674971342,8.299880502660573,8.262714184798002,0,,,,,,,,True,7.0,9.0,0.0,optimal,0,7.0,9.0,0.3973037102884147,0.6251313192163365
1760059864.0874417,0,follower,auto,0.8799291253089905,0.9402507543563843,0.8822168707847595,0.9,1,1,0.020070874691009544,0.05974924564361572,0.11778312921524048,0,0,0,0,1.0,-0.03433232496045313,-0.10112359967068629,-0.0679763969497773,0.8799291253089905,0.9402507543563843,0.8822168707847595,False,,,,,,,,,
1760059864.1880174,1,leader,auto,0.0297979936003685,0.9271893501281738,0.9003655910491943,0.1,1,1,0.0702020063996315,0.07281064987182617,0.09963440895080566,0,0,0,0,1.0,0.023295049254494573,-0.11524808215395921,-0.05684600864317357,0.0297979936003685,0.9271893501281738,0.9003655910491943,False,,,,,,,,,
1760059864.1904724,0,follower,auto,0.8795961141586304,0.9566912055015564,0.89729905128479,0.9,1,1,0.02040388584136965,0.043308794498443604,0.10270094871520996,9.878059632003545,0.7100675619910359,3.967528395728469,0,,,,,,,,True,2.0,10.0,0.0,optimal,0,2.0,10.0,2.184350248469903,0.9451603148976125
1760059864.2916665,1,follower,auto,0.022303001955151558,0.9404866695404053,0.9396499395370483,0.1,1,1,0.07769699804484845,0.05951333045959473,0.06035006046295166,5.951062132999063,8.324823774744422,6.208460583531022,0,,,,,,,,True,7.0,6.0,0.0,optimal,0,7.0,6.0,0.4602030351143718,0.561498106483314
1760059864.4024882,0,follower,auto,0.8795961141586304,0.9566912055015564,0.89729905128479,0.9,1,1,0.02040388584136965,0.043308794498443604,0.10270094871520996,0,0,0,0,1.0,-0.0339120692043573,-0.10319538630646186,-0.07020754484101333,0.8795961141586304,0.9566912055015564,0.89729905128479,False,,,,,,,,,
1760059864.5031943,1,leader,auto,0.022303001955151558,0.9404866695404053,0.9396499395370483,0.1,1,1,0.07769699804484845,0.05951333045959473,0.06035006046295166,0,0,0,0,1.0,0.026906426424158914,-0.11097754501852841,-0.0578592443719117,0.022303001955151558,0.9404866695404053,0.9396499395370483,False,,,,,,,,,
1760059864.505389,0,follower,auto,0.8778889179229736,0.9665271043777466,0.9017782211303711,0.9,1,1,0.02211108207702639,0.03347289562225342,0.0982217788696289,8.903782628899885,0.7173168961449028,3.039033202194035,0,,,,,,,,True,2.0,9.0,0.0,optimal,0,2.0,9.0,2.1873596138245945,0.8336258814041654
1760059864.6065712,1,follower,auto,0.018785253167152405,0.9494494199752808,0.9595416188240051,0.1,1,1,0.0812147468328476,0.05055058002471924,0.04045838117599487,3.9659995734944222,9.31509527397509,6.2614059252271534,0,,,,,,,,True,8.0,4.0,0.0,optimal,0,8.0,4.0,0.49361530779252916,0.4754135800354814
1760059864.8043852,0,follower,auto,0.8778889179229736,0.9665271043777466,0.9017782211303711,0.9,1,1,0.02211108207702639,0.03347289562225342,0.0982217788696289,0,0,0,0,1.0,-0.03254146257540147,-0.11348627502905972,-0.08056563120073046,0.8778889179229736,0.9665271043777466,0.9017782211303711,False,,,,,,,,,
1760059864.9051774,1,leader,auto,0.018785253167152405,0.9494494199752808,0.9595416188240051,0.1,1,1,0.0812147468328476,0.05055058002471924,0.04045838117599487,0,0,0,0,1.0,0.037594107470671594,-0.11460452342777172,-0.07998881949402525,0.018785253167152405,0.9494494199752808,0.9595416188240051,False,,,,,,,,,
1760059864.9076695,0,follower,auto,0.8770002126693726,0.973334550857544,0.8944951295852661,0.9,1,1,0.022999787330627464,0.026665449142456055,0.10550487041473389,9.912061352409742,0.7183286282567252,2.13463303383078,0,,,,,,,,True,2.0,10.0,0.0,optimal,0,2.0,10.0,2.171651165077134,0.7832284774217243
1760059865.0094407,1,follower,auto,0.018869778141379356,0.9478898048400879,0.9733802080154419,0.1,1,1,0.08113022185862065,0.05211019515991211,0.026619791984558105,2.026832416661211,9.294772579952644,6.277965614280983,0,,,,,,,,True,8.0,2.0,0.0,optimal,0,8.0,2.0,0.5204688316529449,0.3957326558329928
1760059865.116989,0,follower,auto,0.8770002126693726,0.973334550857544,0.8944951295852661,0.9,1,1,0.022999787330627464,0.026665449142456055,0.10550487041473389,0,0,0,0,1.0,-0.0290531669426769,-0.11860933355260883,-0.09053298792156672,0.8770002126693726,0.973334550857544,0.8944951295852661,False,,,,,,,,,
1760059865.2174397,1,leader,auto,0.018869778141379356,0.9478898048400879,0.9733802080154419,0.1,1,1,0.08113022185862065,0.05211019515991211,0.026619791984558105,0,0,0,0,1.0,0.048255830058632494,-0.12221661716566823,-0.08750398634513079,0.018869778141379356,0.9478898048400879,0.9733802080154419,False,,,,,,,,,
1760059865.2186346,0,follower,auto,0.8762690424919128,0.9698411822319031,0.8856223821640015,0.9,1,1,0.02373095750808718,0.030158817768096924,0.11437761783599854,10.959459721707649,0.7268337940431557,3.1801501123186524,0,,,,,,,,True,2.0,11.0,0.0,optimal,0,2.0,11.0,2.15369728960983,0.7781202400849989
1760059865.3199465,1,follower,auto,0.02433943934738636,0.9429872035980225,0.9776176810264587,0.1,1,1,0.07566056065261365,0.05701279640197754,0.02238231897354126,2.057471482458004,8.257194906099757,6.313097634637917,0,,,,,,,,True,7.0,2.0,0.0,optimal,0,7.0,2.0,0.5355360657801596,0.3534695157752208
1760059865.4263396,0,follower,auto,0.8762690424919128,0.9698411822319031,0.8856223821640015,0.9,1,1,0.02373095750808718,0.030158817768096924,0.11437761783599854,0,0,0,0,1.0,-0.02643411322171818,-0.13170564999730017,-0.08882529755626312,0.8762690424919128,0.9698411822319031,0.8856223821640015,False,,,,,,,,,
1760059865.5268312,1,leader,auto,0.02433943934738636,0.9429872035980225,0.9776176810264587,0.1,1,1,0.07566056065261365,0.05701279640197754,0.02238231897354126,0,0,0,0,1.0,0.060040389066847236,-0.12025343865926175,-0.0981328289591239,0.02433943934738636,0.9429872035980225,0.9776176810264587,False,,,,,,,,,
1760059865.5276809,0,follower,auto,0.8733354210853577,0.9609319567680359,0.8785021901130676,0.9,1,1,0.026664578914642356,0.03906804323196411,0.12149780988693237,12.004896864194675,0.7413323687652327,3.1978130551599433,0,,,,,,,,True,2.0,12.0,0.0,optimal,0,2.0,12.0,2.132483361058225,0.7816304574472321
1760059865.6282945,1,follower,auto,0.025063887238502502,0.9393025636672974,0.9820095896720886,0.1,1,1,0.0749361127614975,0.06069743633270264,0.017990410327911377,1.053076731712308,8.263154770042485,7.311620059229304,0,,,,,,,,True,7.0,1.0,0.0,optimal,0,7.0,1.0,0.5450476973376512,0.3179865657729789
1760059865.7825983,0,follower,auto,0.8733354210853577,0.9609319567680359,0.8785021901130676,0.9,1,1,0.026664578914642356,0.03906804323196411,0.12149780988693237,0,0,0,0,1.0,-0.026323683863467395,-0.14017862755739618,-0.08492337444487519,0.8733354210853577,0.9609319567680359,0.8785021901130676,False,,,,,,,,,
1760059865.8830218,1,leader,auto,0.025063887238502502,0.9393025636672974,0.9820095896720886,0.1,1,1,0.0749361127614975,0.06069743633270264,0.017990410327911377,0,0,0,0,1.0,0.05994994731404529,-0.11387774251082394,-0.09840352122160145,0.025063887238502502,0.9393025636672974,0.9820095896720886,False,,,,,,,,,
1760059865.8836687,0,follower,auto,0.8664387464523315,0.9475656747817993,0.8767648339271545,0.9,1,1,0.03356125354766848,0.052434325218200684,0.12323516607284546,12.052364288240375,1.7607590378713482,5.187312609327524,0,,,,,,,,True,3.0,12.0,0.0,optimal,0,3.0,12.0,2.1091591711079967,0.7941370207596676
1760059865.9842465,1,follower,auto,0.0182194821536541,0.9375814199447632,0.9882649183273315,0.1,1,1,0.08178051784634591,0.062418580055236816,0.011735081672668457,1.0283949785085578,9.298299638586041,7.296541840618064,0,,,,,,,,True,8.0,1.0,0.0,optimal,0,8.0,1.0,0.5488628769108594,0.30845295419108043
1760059866.1288686,0,follower,auto,0.8664387464523315,0.9475656747817993,0.8767648339271545,0.9,1,1,0.03356125354766848,0.052434325218200684,0.12323516607284546,0,0,0,0,1.0,-0.027965983689365093,-0.14822986329051657,-0.07764294916832193,0.8664387464523315,0.9475656747817993,0.8767648339271545,False,,,,,,,,,
1760059866.2292855,1,leader,auto,0.0182194821536541,0.9375814199447632,0.9882649183273315,0.1,1,1,0.08178051784634591,0.062418580055236816,0.011735081672668457,0,0,0,0,1.0,0.05704725226928052,-0.10613465848369574,-0.09794750999792168,0.0182194821536541,0.9375814199447632,0.9882649183273315,False,,,,,,,,,
1760059866.2299387,0,follower,auto,0.8595579862594604,0.9421587586402893,0.8778137564659119,0.9,1,1,0.04044201374053957,0.05784124135971069,0.12218624353408813,12.042702483674795,2.757386187728997,5.175966690889802,0,,,,,,,,True,4.0,12.0,0.0,optimal,0,4.0,12.0,2.090866506294567,0.8229667827888038
1760059866.330447,1,follower,auto,0.005265062674880028,0.9420195817947388,0.9940493702888489,0.1,1,1,0.09473493732511998,0.05798041820526123,0.005950629711151123,-0.014405935625670559,10.343639169829128,6.290489471192721,0,,,,,,,,True,9.0,0.0,0.0,optimal,0,9.0,0.0,0.5444799466664834,0.28239834131174546
1760059866.439153,0,follower,auto,0.8595579862594604,0.9421587586402893,0.8778137564659119,0.9,1,1,0.04044201374053957,0.05784124135971069,0.12218624353408813,0,0,0,0,1.0,-0.024511351189976716,-0.1434290699365992,-0.07538540610287969,0.8595579862594604,0.9421587586402893,0.8778137564659119,False,,,,,,,,,
1760059866.5398018,1,leader,auto,0.005265062674880028,0.9420195817947388,0.9940493702888489,0.1,1,1,0.09473493732511998,0.05798041820526123,0.005950629711151123,0,0,0,0,1.0,0.05681270237778406,-0.09463566838067283,-0.09983807793238997,0.005265062674880028,0.9420195817947388,0.9940493702888489,False,,,,,,,,,
1760059866.5418189,0,follower,auto,0.85422283411026,0.9386771321296692,0.8813751339912415,0.9,1,1,0.04577716588974001,0.06132286787033081,0.11862486600875854,11.041362958413634,2.7505585467609226,6.158923945102634,0,,,,,,,,True,4.0,11.0,0.0,optimal,0,4.0,11.0,2.0815861780657556,0.8281358634195916
1760059866.6429927,1,follower,auto,-0.0014416753547266126,0.947921633720398,0.9969736337661743,0.1,1,1,0.10144167535472662,0.05207836627960205,0.0030263662338256836,-0.0430397807420606,11.330324999257506,6.303773211310972,0,,,,,,,,True,10.0,0.0,0.0,optimal,0,10.0,0.0,0.5422284944270863,0.3055518469896996
1760059866.792235,0,follower,auto,0.85422283411026,0.9386771321296692,0.8813751339912415,0.9,1,1,0.04577716588974001,0.06132286787033081,0.11862486600875854,0,0,0,0,1.0,-0.01873767588717845,-0.14494073859318823,-0.0735257934410245,0.85422283411026,0.9386771321296692,0.8813751339912415,False,,,,,,,,,
1760059866.8926287,1,leader,auto,-0.0014416753547266126,0.947921633720398,0.9969736337661743,0.1,1,1,0.10144167535472662,0.05207836627960205,0.0030263662338256836,0,0,0,0,1.0,0.06999526085411358,-0.08747923226652321,-0.10299847121183103,-0.0014416753547266126,0.947921633720398,0.9969736337661743,False,,,,,,,,,
1760059866.8954873,0,follower,auto,0.8524245023727417,0.9343029856681824,0.8840360045433044,0.9,1,1,0.04757549762725832,0.06569701433181763,0.11596399545669556,11.062140234488925,2.718384832899653,6.16084951498316,0,,,,,,,,True,4.0,11.0,0.0,optimal,0,4.0,11.0,2.081056592421596,0.8694589941883838
1760059866.996168,1,follower,auto,-0.013832000084221363,0.9579829573631287,1.0016142129898071,0.1,1,1,0.11383200008422137,0.04201704263687134,-0.001614212989807129,-0.08652942534867866,12.36547258806733,5.297293542883,0,,,,,,,,True,11.0,0.0,0.0,optimal,0,11.0,0.0,0.5368239557884549,0.3131347164512298
1760059867.2118397,0,follower,auto,0.8524245023727417,0.9343029856681824,0.8840360045433044,0.9,1,1,0.04757549762725832,0.06569701433181763,0.11596399545669556,0,0,0,0,1.0,-0.011326036375504778,-0.1481781771868773,-0.07617367675293218,0.8524245023727417,0.9343029856681824,0.8840360045433044,False,,,,,,,,,
1760059867.3133,1,leader,auto,-0.013832000084221363,0.9579829573631287,1.0016142129898071,0.1,1,1,0.11383200008422137,0.04201704263687134,-0.001614212989807129,0,0,0,0,1.0,0.07144228350223616,-0.0780281668327183,-0.10140602040412494,-0.013832000084221363,0.9579829573631287,1.0016142129898071,False,,,,,,,,,
1760059867.3143146,0,follower,auto,0.8510270714759827,0.9379788041114807,0.8879348039627075,0.9,1,1,0.048972928524017356,0.06202119588851929,0.11206519603729248,11.023539676719512,2.7161525799832145,6.133600304538627,0,,,,,,,,True,4.0,11.0,0.0,optimal,0,4.0,11.0,2.0839077782444586,0.882680944510753
1760059867.4159331,1,follower,auto,-0.012337932363152504,0.9586401581764221,0.9910218715667725,0.1,1,1,0.11233793236315251,0.04135984182357788,0.008978128433227539,-0.04905511485512241,12.30859877164478,5.381955489236474,0,,,,,,,,True,11.0,0.0,0.0,optimal,0,11.0,0.0,0.5174710556629232,0.25798529127117875
1760059867.5206115,0,follower,auto,0.8510270714759827,0.9379788041114807,0.8879348039627075,0.9,1,1,0.048972928524017356,0.06202119588851929,0.11206519603729248,0,0,0,0,1.0,-0.007527188519315553,-0.14229966188536847,-0.0765261767953993,0.8510270714759827,0.9379788041114807,0.8879348039627075,False,,,,,,,,,
1760059867.6215756,1,leader,auto,-0.012337932363152504,0.9586401581764221,0.9910218715667725,0.1,1,1,0.11233793236315251,0.04135984182357788,0.008978128433227539,0,0,0,0,1.0,0.09340561153073293,-0.08266407022684374,-0.11585187336942782,-0.012337932363152504,0.9586401581764221,0.9910218715667725,False,,,,,,,,,
1760059867.6223335,0,follower,auto,0.8488924503326416,0.938538134098053,0.8900143504142761,0.9,1,1,0.05110754966735842,0.06146186590194702,0.10998564958572388,10.025828318135025,3.73675426862719,6.119575008754318,0,,,,,,,,True,5.0,10.0,0.0,optimal,0,5.0,10.0,2.0814148765742724,0.8493532448650553
1760059867.72384,1,follower,auto,-0.0014883269323036075,0.9588136076927185,0.9797598123550415,0.1,1,1,0.10148832693230361,0.041186392307281494,0.020240187644958496,1.9634393765122438,11.234068202853676,5.4236582829708935,0,,,,,,,,True,10.0,2.0,0.0,optimal,0,10.0,2.0,0.5081455127042791,0.2858915372324619
1760059867.9134612,0,follower,auto,0.8488924503326416,0.938538134098053,0.8900143504142761,0.9,1,1,0.05110754966735842,0.06146186590194702,0.10998564958572388,0,0,0,0,1.0,-0.005096594874755445,-0.14790171030569188,-0.0798874594600485,0.8488924503326416,0.938538134098053,0.8900143504142761,False,,,,,,,,,
1760059868.013868,1,leader,auto,-0.0014883269323036075,0.9588136076927185,0.9797598123550415,0.1,1,1,0.10148832693230361,0.041186392307281494,0.020240187644958496,0,0,0,0,1.0,0.10946541132031377,-0.078138922195375,-0.11495243424519486,-0.0014883269323036075,0.9588136076927185,0.9797598123550415,False,,,,,,,,,
1760059868.015072,0,follower,auto,0.843747079372406,0.9333531856536865,0.890666127204895,0.9,1,1,0.056252920627594016,0.06664681434631348,0.10933387279510498,10.052326666216874,3.7876232763420914,6.100747744740363,0,,,,,,,,True,5.0,10.0,0.0,optimal,0,5.0,10.0,2.067691779346519,0.8049684692716058
1760059868.1158772,1,follower,auto,0.018623804673552513,0.9546367526054382,0.9626649022102356,0.1,1,1,0.08137619532644749,0.04536324739456177,0.037335097789764404,2.983773217010222,9.140763070390562,5.481283402864786,0,,,,,,,,True,8.0,3.0,0.0,optimal,0,8.0,3.0,0.49941912565622415,0.2752486998115753
1760059868.2205586,0,follower,auto,0.843747079372406,0.9333531856536865,0.890666127204895,0.9,1,1,0.056252920627594016,0.06664681434631348,0.10933387279510498,0,0,0,0,1.0,-0.0040647947305374466,-0.1547977144364241,-0.08264155656214967,0.843747079372406,0.9333531856536865,0.890666127204895,False,,,,,,,,,
1760059868.3208773,1,leader,auto,0.018623804673552513,0.9546367526054382,0.9626649022102356,0.1,1,1,0.08137619532644749,0.04536324739456177,0.037335097789764404,0,0,0,0,1.0,0.12339408101895584,-0.07976433084374146,-0.11931179740652897,0.018623804673552513,0.9546367526054382,0.9626649022102356,False,,,,,,,,,
1760059868.3215506,0,follower,auto,0.8423684239387512,0.9296208024024963,0.891025722026825,0.9,1,1,0.0576315760612488,0.07037919759750366,0.10897427797317505,10.054297088653096,3.8025032096629254,7.08766623452345,0,,,,,,,,True,5.0,10.0,0.0,optimal,0,5.0,10.0,2.064353507688982,0.8396315526065968
1760059868.4222238,1,follower,auto,0.035115357488393784,0.9512879252433777,0.9519268274307251,0.1,1,1,0.06488464251160622,0.048712074756622314,0.0480731725692749,3.986273960890687,7.1125385253558875,5.480532725579933,0,,,,,,,,True,6.0,4.0,0.0,optimal,0,6.0,4.0,0.49953620209993566,0.2841454651209197
1760059868.538697,0,follower,auto,0.8423684239387512,0.9296208024024963,0.891025722026825,0.9,1,1,0.0576315760612488,0.07037919759750366,0.10897427797317505,0,0,0,0,1.0,0.0037334317562177644,-0.1541096130432793,-0.08407599288184997,0.8423684239387512,0.9296208024024963,0.891025722026825,False,,,,,,,,,
1760059868.6392403,1,leader,auto,0.035115357488393784,0.9512879252433777,0.9519268274307251,0.1,1,1,0.06488464251160622,0.048712074756622314,0.0480731725692749,0,0,0,0,1.0,0.12151062043719418,-0.07713421648490737,-0.11127753759970682,0.035115357488393784,0.9512879252433777,0.9519268274307251,False,,,,,,,,,
1760059868.640513,0,follower,auto,0.841958224773407,0.9264189004898071,0.8948285579681396,0.9,1,1,0.05804177522659304,0.07358109951019287,0.10517144203186035,10.047344994267895,3.818755438768116,7.053933140978335,0,,,,,,,,True,5.0,10.0,0.0,optimal,0,5.0,10.0,2.069961670147016,0.8843273583219932
1760059868.741304,1,follower,auto,0.05063673108816147,0.9446576237678528,0.9421690106391907,0.1,1,1,0.04936326891183854,0.05534237623214722,0.057830989360809326,5.006121574825739,5.09229014911295,6.491537466623603,0,,,,,,,,True,4.0,5.0,0.0,optimal,0,4.0,5.0,0.50101060044992,0.26676084506245235
1760059868.897226,0,follower,auto,0.841958224773407,0.9264189004898071,0.8948285579681396,0.9,1,1,0.05804177522659304,0.07358109951019287,0.10517144203186035,0,0,0,0,1.0,0.00828038532881814,-0.15438685201083469,-0.08267585842407765,0.841958224773407,0.9264189004898071,0.8948285579681396,False,,,,,,,,,
1760059868.998058,1,leader,auto,0.05063673108816147,0.9446576237678528,0.9421690106391907,0.1,1,1,0.04936326891183854,0.05534237623214722,0.057830989360809326,0,0,0,0,1.0,0.12036234252124485,-0.07977391157016811,-0.10910116008132809,0.05063673108816147,0.9446576237678528,0.9421690106391907,False,,,,,,,,,
1760059868.9997094,0,follower,auto,0.8348813056945801,0.9297997951507568,0.9070870876312256,0.9,1,1,0.06511869430541994,0.07020020484924316,0.09291291236877441,9.006428123033366,4.868888911483659,6.980308928294515,0,,,,,,,,True,6.0,9.0,0.0,optimal,0,6.0,9.0,2.0716913459790818,0.8595094237811111
1760059869.1007903,1,follower,auto,0.05984433740377426,0.9395543336868286,0.9316990971565247,0.1,1,1,0.040155662596225744,0.06044566631317139,0.06830090284347534,6.016845908459036,5.095475878486159,7.525820066028302,0,,,,,,,,True,4.0,6.0,0.0,optimal,0,4.0,6.0,0.49345775724610896,0.23400778785452286
1760059869.2396717,0,follower,auto,0.8348813056945801,0.9297997951507568,0.9070870876312256,0.9,1,1,0.06511869430541994,0.07020020484924316,0.09291291236877441,0,0,0,0,1.0,0.004935597734374464,-0.1485881893108134,-0.07631354633784004,0.8348813056945801,0.9297997951507568,0.9070870876312256,False,,,,,,,,,
1760059869.340088,1,leader,auto,0.05984433740377426,0.9395543336868286,0.9316990971565247,0.1,1,1,0.040155662596225744,0.06044566631317139,0.06830090284347534,0,0,0,0,1.0,0.11191912483492822,-0.07846658705628284,-0.10975872463420355,0.05984433740377426,0.9395543336868286,0.9316990971565247,False,,,,,,,,,
1760059869.3418567,0,follower,auto,0.8284913897514343,0.9307860732078552,0.9142253398895264,0.9,1,1,0.0715086102485657,0.06921392679214478,0.08577466011047363,8.001617139731742,5.88181259539067,5.965810366929631,0,,,,,,,,True,7.0,8.0,0.0,optimal,0,7.0,8.0,2.0663956226901044,0.8162428486147716
1760059869.4428914,1,follower,auto,0.058852482587099075,0.9362664818763733,0.922741174697876,0.1,1,1,0.04114751741290093,0.06373351812362671,0.07725882530212402,7.015031679480078,5.138500278791524,7.5436709462086755,0,,,,,,,,True,4.0,7.0,0.0,optimal,0,4.0,7.0,0.47553786929399955,0.19151684786080825
1760059869.545895,0,follower,auto,0.8284913897514343,0.9307860732078552,0.9142253398895264,0.9,1,1,0.0715086102485657,0.06921392679214478,0.08577466011047363,0,0,0,0,1.0,0.010195353917476835,-0.15107394267904928,-0.0838353198906493,0.8284913897514343,0.9307860732078552,0.9142253398895264,False,,,,,,,,,
1760059869.6463716,1,leader,auto,0.058852482587099075,0.9362664818763733,0.922741174697876,0.1,1,1,0.04114751741290093,0.06373351812362671,0.07725882530212402,0,0,0,0,1.0,0.1000999920910307,-0.07795999947079624,-0.10918703019816234,0.058852482587099075,0.9362664818763733,0.922741174697876,False,,,,,,,,,
1760059869.6477914,0,follower,auto,0.8321040868759155,0.9239602088928223,0.9164227247238159,0.9,1,1,0.0678959131240845,0.07603979110717773,0.08357727527618408,8.04625618045178,4.827554892730234,6.97341020955475,0,,,,,,,,True,6.0,8.0,0.0,optimal,0,6.0,8.0,2.080752726036923,0.896216856190479
1760059869.748749,1,follower,auto,0.05333537608385086,0.9370059370994568,0.9142415523529053,0.1,1,1,0.046664623916149145,0.06299406290054321,0.08575844764709473,7.984301383497955,5.186537488915246,7.555903581931603,0,,,,,,,,True,4.0,8.0,0.0,optimal,0,4.0,8.0,0.4526847296912768,0.16369302856638318
1760059869.9042702,0,follower,auto,0.8321040868759155,0.9239602088928223,0.9164227247238159,0.9,1,1,0.0678959131240845,0.07603979110717773,0.08357727527618408,0,0,0,0,1.0,0.025468058345445854,-0.15782326563016946,-0.08971187848815121,0.8321040868759155,0.9239602088928223,0.9164227247238159,False,,,,,,,,,
1760059870.0049827,1,leader,auto,0.05333537608385086,0.9370059370994568,0.9142415523529053,0.1,1,1,0.046664623916149145,0.06299406290054321,0.08575844764709473,0,0,0,0,1.0,0.09470724115778735,-0.07627012414848977,-0.10972117921880331,0.05333537608385086,0.9370059370994568,0.9142415523529053,False,,,,,,,,,
1760059870.0069857,0,follower,auto,0.8415648937225342,0.9187284708023071,0.9163321852684021,0.9,1,1,0.05843510627746584,0.08127152919769287,0.0836678147315979,8.068338831021329,3.7622414752785915,7.97938730136702,0,,,,,,,,True,5.0,8.0,0.0,optimal,0,5.0,8.0,2.1077740165720265,0.9316617480644137
1760059870.1082456,1,follower,auto,0.04374121129512787,0.9443013072013855,0.9070004820823669,0.1,1,1,0.05625878870487214,0.0556986927986145,0.09299951791763306,8.932161183715653,6.242546342571891,6.560199596927885,0,,,,,,,,True,5.0,9.0,0.0,optimal,0,5.0,9.0,0.42705262161736446,0.18853097573352534
1760059870.2266629,0,follower,auto,0.8415648937225342,0.9187284708023071,0.9163321852684021,0.9,1,1,0.05843510627746584,0.08127152919769287,0.0836678147315979,0,0,0,0,1.0,0.03461563945958679,-0.15480599964829334,-0.09359050027812033,0.8415648937225342,0.9187284708023071,0.9163321852684021,False,,,,,,,,,
1760059870.3271205,1,leader,auto,0.04374121129512787,0.9443013072013855,0.9070004820823669,0.1,1,1,0.05625878870487214,0.0556986927986145,0.09299951791763306,0,0,0,0,1.0,0.09013428589176058,-0.07312230320423296,-0.10943525997317449,0.04374121129512787,0.9443013072013855,0.9070004820823669,False,,,,,,,,,
1760059870.3284988,0,follower,auto,0.8500860333442688,0.9222471117973328,0.9101259708404541,0.9,1,1,0.04991396665573122,0.07775288820266724,0.0898740291595459,8.04184401325999,2.722477757929103,7.019357293296306,0,,,,,,,,True,4.0,8.0,0.0,optimal,0,4.0,8.0,2.121078786898395,0.8692348704026279
1760059870.4289885,1,follower,auto,0.030468329787254333,0.953999400138855,0.9069764614105225,0.1,1,1,0.06953167021274567,0.04600059986114502,0.09302353858947754,8.902795708644627,7.298915903347825,5.518685763611294,0,,,,,,,,True,6.0,9.0,0.0,optimal,0,6.0,9.0,0.4100966164174831,0.22763969276214013
1760059870.5341406,0,follower,auto,0.8500860333442688,0.9222471117973328,0.9101259708404541,0.9,1,1,0.04991396665573122,0.07775288820266724,0.0898740291595459,0,0,0,0,1.0,0.035361275342406184,-0.14483559941487623,-0.10207013253533437,0.8500860333442688,0.9222471117973328,0.9101259708404541,False,,,,,,,,,
1760059870.6347213,1,leader,auto,0.030468329787254333,0.953999400138855,0.9069764614105225,0.1,1,1,0.06953167021274567,0.04600059986114502,0.09302353858947754,0,0,0,0,1.0,0.0872900583616763,-0.07526440336015394,-0.10221229437301793,0.030468329787254333,0.953999400138855,0.9069764614105225,False,,,,,,,,,
1760059870.6370466,0,follower,auto,0.8563277125358582,0.9228683114051819,0.9035125374794006,0.9,1,1,0.04367228746414187,0.07713168859481812,0.09648746252059937,9.057264725245888,2.6941911815474437,7.053267535402909,0,,,,,,,,True,4.0,9.0,0.0,optimal,0,4.0,9.0,2.1272253116823907,0.8648422061017539
1760059870.738098,1,follower,auto,0.012884339317679405,0.9639410376548767,0.9156903028488159,0.1,1,1,0.0871156606823206,0.03605896234512329,0.08430969715118408,7.881763275405239,9.359864624203174,4.449323667744963,0,,,,,,,,True,8.0,8.0,0.0,optimal,0,8.0,8.0,0.4041159441122244,0.30204307750096093
1760059870.9245677,0,follower,auto,0.8563277125358582,0.9228683114051819,0.9035125374794006,0.9,1,1,0.04367228746414187,0.07713168859481812,0.09648746252059937,0,0,0,0,1.0,0.03368261614964563,-0.14708474885042033,-0.10337250080961602,0.8563277125358582,0.9228683114051819,0.9035125374794006,False,,,,,,,,,
1760059871.0248919,1,leader,auto,0.012884339317679405,0.9639410376548767,0.9156903028488159,0.1,1,1,0.0871156606823206,0.03605896234512329,0.08430969715118408,0,0,0,0,1.0,0.08504046180162213,-0.07940779028863698,-0.09286038036411037,0.012884339317679405,0.9639410376548767,0.9156903028488159,False,,,,,,,,,
1760059871.0253735,0,follower,auto,0.8620437979698181,0.9203202724456787,0.897345781326294,0.9,1,1,0.03795620203018191,0.07967972755432129,0.10265421867370605,10.071988159381704,1.6595696068311485,7.080997463117401,0,,,,,,,,True,3.0,10.0,0.0,optimal,0,3.0,10.0,2.1328015184461075,0.8675551994718415
1760059871.1257727,1,follower,auto,-0.007442673202604055,0.96204674243927,0.9270769953727722,0.1,1,1,0.10744267320260406,0.03795325756072998,0.07292300462722778,6.928378044349095,11.418013028656596,4.397856165069392,0,,,,,,,,True,10.0,7.0,0.0,optimal,0,10.0,7.0,0.40059594089068296,0.3373871088479413
1760059871.2379851,0,follower,auto,0.8620437979698181,0.9203202724456787,0.897345781326294,0.9,1,1,0.03795620203018191,0.07967972755432129,0.10265421867370605,0,0,0,0,1.0,0.03383025660458494,-0.15048616721199326,-0.1037767410884951,0.8620437979698181,0.9203202724456787,0.897345781326294,False,,,,,,,,,
1760059871.338449,1,leader,auto,-0.007442673202604055,0.96204674243927,0.9270769953727722,0.1,1,1,0.10744267320260406,0.03795325756072998,0.07292300462722778,0,0,0,0,1.0,0.08655487666701944,-0.09436101887835258,-0.08906523012434575,-0.007442673202604055,0.96204674243927,0.9270769953727722,False,,,,,,,,,
1760059871.3402257,0,follower,auto,0.8692342638969421,0.9216349720954895,0.8929311037063599,0.9,1,1,0.030765736103057884,0.0783650279045105,0.10706889629364014,10.046889607299374,1.6175524656503946,7.0850138741881725,0,,,,,,,,True,3.0,10.0,0.0,optimal,0,3.0,10.0,2.1459752781750474,0.9137970687853666
1760059871.441334,1,follower,auto,-0.025023983791470528,0.9546961784362793,0.9299657940864563,0.1,1,1,0.12502398379147053,0.0453038215637207,0.0700342059135437,6.978570884103221,13.449363872575248,5.415050905674115,0,,,,,,,,True,12.0,7.0,0.0,optimal,0,12.0,7.0,0.38543379738588435,0.3054229482843157
1760059871.5510187,0,follower,auto,0.8692342638969421,0.9216349720954895,0.8929311037063599,0.9,1,1,0.030765736103057884,0.0783650279045105,0.10706889629364014,0,0,0,0,1.0,0.034934391308305,-0.14766624672934126,-0.10287905555313026,0.8692342638969421,0.9216349720954895,0.8929311037063599,False,,,,,,,,,
1760059871.651566,1,leader,auto,-0.025023983791470528,0.9546961784362793,0.9299657940864563,0.1,1,1,0.12502398379147053,0.0453038215637207,0.0700342059135437,0,0,0,0,1.0,0.09552529902707185,-0.10108400457738442,-0.09661706629222655,-0.025023983791470528,0.9546961784362793,0.9299657940864563,False,,,,,,,,,
1760059871.6539593,0,follower,auto,0.8734447956085205,0.9213029742240906,0.889882504940033,0.9,1.0,0.95,0.026555204391479514,0.07869702577590942,0.060117495059967,6.04511939710051,0.6057406952278181,7.082757603471014,0,,,,,,,,True,2.0,6.0,0.0,optimal,0,2.0,6.0,2.1529304383041827,0.7633910720455549
1760059871.7553334,1,follower,auto,-0.03605988621711731,0.9509934186935425,0.9306257963180542,0.1,1.0,0.95,0.13605988621711732,0.04900658130645752,0.019374203681945756,0.9794647322996385,14.443000763238961,5.427293935933535,0,,,,,,,,True,13.0,1.0,0.0,optimal,0,13.0,1.0,0.3740928247060631,0.2703189210972576
1760059871.9057539,0,follower,auto,0.8734447956085205,0.9213029742240906,0.889882504940033,0.9,1.0,0.95,0.026555204391479514,0.07869702577590942,0.060117495059967,0,0,0,0,1.0,0.03147594607991144,-0.15049985905409002,-0.10242524724052338,0.8734447956085205,0.9213029742240906,0.889882504940033,False,,,,,,,,,
1760059872.00634,1,leader,auto,-0.03605988621711731,0.9509934186935425,0.9306257963180542,0.1,1.0,0.95,0.13605988621711732,0.04900658130645752,0.019374203681945756,0,0,0,0,1.0,0.10978855312124247,-0.09834973092659083,-0.09846388970245346,-0.03605988621711731,0.9509934186935425,0.9306257963180542,False,,,,,,,,,
1760059872.0083096,0,follower,auto,0.8819724321365356,0.9220625162124634,0.8883460164070129,0.9,1.0,0.8999999999999999,0.018027567863464378,0.07793748378753662,0.011653983592986972,1.0259446746875949,-0.42647505319725365,7.080385369463126,0,,,,,,,,True,1.0,1.0,0.0,optimal,0,1.0,1.0,2.175400934478888,0.683019245762784
1760059872.109367,1,follower,auto,-0.03913309797644615,0.9413689374923706,0.933305561542511,0.1,1.0,0.8999999999999999,0.13913309797644616,0.058631062507629395,-0.033305561542511075,-2.981336691173794,14.418188906708805,6.4178283302542045,0,,,,,,,,True,13.0,-3.0,0.0,optimal,0,13.0,-3.0,0.37563095299168037,0.28886452559893794
1760059872.2142959,0,follower,auto,0.8819724321365356,0.9220625162124634,0.8883460164070129,0.9,1.0,0.8999999999999999,0.018027567863464378,0.07793748378753662,0.011653983592986972,0,0,0,0,1.0,0.034510234826781394,-0.14642344704817334,-0.10185037977625622,0.8819724321365356,0.9220625162124634,0.8883460164070129,False,,,,,,,,,
1760059872.3148181,1,leader,auto,-0.03913309797644615,0.9413689374923706,0.933305561542511,0.1,1.0,0.8999999999999999,0.13913309797644616,0.058631062507629395,-0.033305561542511075,0,0,0,0,1.0,0.12560693136352483,-0.09934993326173003,-0.09596358726338083,-0.03913309797644615,0.9413689374923706,0.933305561542511,False,,,,,,,,,
1760059872.31653,0,follower,auto,0.8970839381217957,0.9225454330444336,0.8842840194702148,0.9,1.0,0.8499999999999999,0.002916061878204368,0.0774545669555664,-0.03428401947021498,-2.992584596670565,-1.4681113683182325,7.10290786099534,0,,,,,,,,True,0.0,-3.0,0.0,optimal,0,0.0,-3.0,2.213218544872664,0.662792836779688
1760059872.417595,1,follower,auto,-0.030381405726075172,0.9294441938400269,0.9389264583587646,0.1,1.0,0.8499999999999999,0.13038140572607518,0.07055580615997314,-0.08892645835876478,-7.945977335629726,14.365400091782048,8.390008869426145,0,,,,,,,,True,13.0,-8.0,0.0,optimal,0,13.0,-8.0,0.39604823714873505,0.33887194515789665
1760059872.5570319,0,follower,auto,0.8970839381217957,0.9225454330444336,0.8842840194702148,0.9,1.0,0.8499999999999999,0.002916061878204368,0.0774545669555664,-0.03428401947021498,0,0,0,0,1.0,0.03859701514122216,-0.13894061005637304,-0.105345250762922,0.8970839381217957,0.9225454330444336,0.8842840194702148,False,,,,,,,,,
1760059872.6577168,1,leader,auto,-0.030381405726075172,0.9294441938400269,0.9389264583587646,0.1,1.0,0.8499999999999999,0.13038140572607518,0.07055580615997314,-0.08892645835876478,0,0,0,0,1.0,0.144313608398122,-0.0927078630260243,-0.09368246876603536,-0.030381405726075172,0.9294441938400269,0.9389264583587646,False,,,,,,,,,
1760059872.6598349,0,follower,auto,0.9201618432998657,0.9175662994384766,0.8709121346473694,0.9,1.0,0.7999999999999998,-0.0201618432998657,0.08243370056152344,-0.07091213464736956,-6.977389767943888,-3.5161575408987202,8.169477386689486,0,,,,,,,,True,-2.0,-7.0,0.0,optimal,0,-2.0,-7.0,2.2593799761008833,0.5589349460872133
1760059872.761761,1,follower,auto,-0.010609045624732971,0.9192847609519958,0.9422669410705566,0.1,1.0,0.7999999999999998,0.11060904562473298,0.08071523904800415,-0.14226694107055682,-13.94059683247145,12.305373043764334,9.370529521303384,0,,,,,,,,True,11.0,-14.0,0.0,optimal,0,11.0,-14.0,0.42524868533385196,0.28021721364573
1760059872.8648853,0,follower,auto,0.9201618432998657,0.9175662994384766,0.8709121346473694,0.9,1.0,0.7999999999999998,-0.0201618432998657,0.08243370056152344,-0.07091213464736956,0,0,0,0,1.0,0.04277948205724058,-0.13307363929424731,-0.11543733146418944,0.9201618432998657,0.9175662994384766,0.8709121346473694,False,,,,,,,,,
1760059872.96548,1,leader,auto,-0.010609045624732971,0.9192847609519958,0.9422669410705566,0.1,1.0,0.7999999999999998,0.11060904562473298,0.08071523904800415,-0.14226694107055682,0,0,0,0,1.0,0.16104085983698793,-0.07743410314452026,-0.09873194361396109,-0.010609045624732971,0.9192847609519958,0.9422669410705566,False,,,,,,,,,
1760059872.96729,0,follower,auto,0.9412856698036194,0.9124173521995544,0.8473005890846252,0.9,1.0,0.7499999999999998,-0.04128566980361936,0.08758264780044556,-0.09730058908462547,-8.965990032309016,-5.527427153038591,8.26135042709598,0,,,,,,,,True,-4.0,-9.0,0.0,optimal,0,-4.0,-9.0,2.283479804205145,0.40380275005323607
1760059873.0684495,1,follower,auto,0.0061478568241000175,0.916667103767395,0.9429328441619873,0.1,1.0,0.7499999999999998,0.09385214317589999,0.08333289623260498,-0.19293284416198753,-18.97678620923679,10.305092742297411,9.347023343681398,0,,,,,,,,True,9.0,-19.0,0.0,optimal,0,9.0,-19.0,0.44653757293186414,0.1685242962705807
1760059873.2299185,0,follower,auto,0.9412856698036194,0.9124173521995544,0.8473005890846252,0.9,1.0,0.7499999999999998,-0.04128566980361936,0.08758264780044556,-0.09730058908462547,0,0,0,0,1.0,0.034742476918591,-0.11828164480161374,-0.12692022970292616,0.9412856698036194,0.9124173521995544,0.8473005890846252,False,,,,,,,,,
1760059873.330467,1,leader,auto,0.0061478568241000175,0.916667103767395,0.9429328441619873,0.1,1.0,0.7499999999999998,0.09385214317589999,0.08333289623260498,-0.19293284416198753,0,0,0,0,1.0,0.16066832363802377,-0.05130568441994743,-0.1048531361387881,0.0061478568241000175,0.916667103767395,0.9429328441619873,False,,,,,,,,,
1760059873.3328037,0,follower,auto,0.9607276320457458,0.9096392393112183,0.8100221753120422,0.9,1.0,0.6999999999999997,-0.06072763204574583,0.09036076068878174,-0.1100221753120425,-10.958694963322198,-7.5309600088272575,9.376041502959994,0,,,,,,,,True,-6.0,-11.0,0.0,optimal,0,-6.0,-11.0,2.282006665928374,0.20166543277488747
1760059873.4345324,1,follower,auto,0.019469207152724266,0.9238701462745667,0.9327565431594849,0.1,1.0,0.6999999999999997,0.08053079284727574,0.07612985372543335,-0.23275654315948513,-20,9.32665377280775,8.35578043032858,0,,,,,,,,True,8.70958917202153,-22.52874236581884,0.8518219008831751,optimal,0,8.0,-23.0,0.44377686741725664,-0.017168463651043353
1760059873.6402369,0,follower,auto,0.9607276320457458,0.9096392393112183,0.8100221753120422,0.9,1.0,0.6999999999999997,-0.06072763204574583,0.09036076068878174,-0.1100221753120425,0,0,0,0,1.0,0.025448636888809828,-0.09984792173062207,-0.14123323455768544,0.9607276320457458,0.9096392393112183,0.8100221753120422,False,,,,,,,,,
1760059873.7409866,1,leader,auto,0.019469207152724266,0.9238701462745667,0.9327565431594849,0.1,1.0,0.6999999999999997,0.08053079284727574,0.07612985372543335,-0.23275654315948513,0,0,0,0,1.0,0.15789776484183102,-0.019429857453741373,-0.11875117540807523,0.019469207152724266,0.9238701462745667,0.9327565431594849,False,,,,,,,,,
1760059873.7447746,0,follower,auto,0.9745209813117981,0.9064356088638306,0.7612927556037903,0.9,1.0,0.6499999999999997,-0.07452098131179807,0.09356439113616943,-0.1112927556037906,-10.948662823041117,-8.509590551075313,9.468755883338293,0,,,,,,,,True,-7.0,-11.0,0.0,optimal,0,-7.0,-11.0,2.24868298032588,0.07270005941776664
1760059873.846451,1,follower,auto,0.03056313283741474,0.9276984930038452,0.8989663124084473,0.1,1.0,0.6499999999999997,0.06943686716258526,0.07230150699615479,-0.24896631240844758,-17.05438625840168,16.34377212547634,8.447373228577295,0,,,,,,,,True,15.59395169521186,-17.270501737694737,11.718790722272843,optimal,0,6.0,-24.0,0.3957502953389771,-0.23162423190430542
1760059874.0502446,0,follower,auto,0.9745209813117981,0.9064356088638306,0.7612927556037903,0.9,1.0,0.6499999999999997,-0.07452098131179807,0.09356439113616943,-0.1112927556037906,0,0,0,0,1.0,0.01074214569057974,-0.08332386902251399,-0.15358628792285323,0.9745209813117981,0.9064356088638306,0.7612927556037903,False,,,,,,,,,
1760059874.1509328,1,leader,auto,0.03056313283741474,0.9276984930038452,0.8989663124084473,0.1,1.0,0.6499999999999997,0.06943686716258526,0.07230150699615479,-0.24896631240844758,0,0,0,0,1.0,0.1555231280801951,-0.0016387617844099145,-0.14359581506245456,0.03056313283741474,0.9276984930038452,0.8989663124084473,False,,,,,,,,,
1760059874.153951,0,follower,auto,0.9772080779075623,0.9156495332717896,0.7101753950119019,0.9,1.0,0.5999999999999996,-0.07720807790756223,0.08435046672821045,-0.11017539501190221,-9.032956285953473,-7.447149661594472,8.482350198138427,0,,,,,,,,True,-6.208569317832171,-9.24233439543752,1.9276283101621592,optimal,0,-7.0,-11.0,2.1819344126971782,-0.06001666176796727
1760059874.2550907,1,follower,auto,0.03869626298546791,0.9155890941619873,0.8361644744873047,0.1,1.0,0.5999999999999996,0.061303737014532095,0.0844109058380127,-0.23616447448730504,-9.955797445856991,20,9.620949169190979,0,,,,,,,,True,22.74613136257067,-10.208627193476852,21.072544551807997,optimal,0,6.0,-23.0,0.29710394474623225,-0.39910179852827177
1760059874.466007,0,follower,auto,0.9772080779075623,0.9156495332717896,0.7101753950119019,0.9,1.0,0.5999999999999996,-0.07720807790756223,0.08435046672821045,-0.11017539501190221,0,0,0,0,1.0,-0.009518226272218433,-0.05495821920277533,-0.15622780741445685,0.9772080779075623,0.9156495332717896,0.7101753950119019,False,,,,,,,,,
1760059874.5665529,1,leader,auto,0.03869626298546791,0.9155890941619873,0.8361644744873047,0.1,1.0,0.5999999999999996,0.061303737014532095,0.0844109058380127,-0.23616447448730504,0,0,0,0,1.0,0.15957471698422246,-0.00042379539008019496,-0.1724390465573895,0.03869626298546791,0.9155890941619873,0.8361644744873047,False,,,,,,,,,
1760059874.5692255,0,follower,auto,0.9771996140480042,0.9327428936958313,0.6563196182250977,0.9,1.0,0.5499999999999996,-0.07719961404800413,0.0672571063041687,-0.10631961822509806,-8.129884893798813,-7.391594891410721,6.458559741887054,0,,,,,,,,True,-6.229515335417776,-8.148450721471182,2.0054628765392213,optimal,0,-7.0,-10.0,2.1083140638203113,-0.06166704615108143
1760059874.6705139,1,follower,auto,0.05732237547636032,0.9005874991416931,0.7525566220283508,0.1,1.0,0.5499999999999996,0.042677624523639685,0.09941250085830688,-0.20255662202835123,-3.8755266404400652,20,10.799777311143952,0,,,,,,,,True,21.431183223612845,-4.774691460389242,23.144246989295336,optimal,0,4.0,-20.0,0.18841417466060717,-0.4162659901440624
1760059874.8672757,0,follower,auto,0.9771996140480042,0.9327428936958313,0.6563196182250977,0.9,1.0,0.5499999999999996,-0.07719961404800413,0.0672571063041687,-0.10631961822509806,0,0,0,0,1.0,-0.019089842812802127,-0.03474833374857256,-0.15807490536264357,0.9771996140480042,0.9327428936958313,0.6563196182250977,False,,,,,,,,,
1760059874.9677026,1,leader,auto,0.05732237547636032,0.9005874991416931,0.7525566220283508,0.1,1.0,0.5499999999999996,0.042677624523639685,0.09941250085830688,-0.20255662202835123,0,0,0,0,1.0,0.18049321630800835,0.006665233600745335,-0.1925196674709484,0.05732237547636032,0.9005874991416931,0.7525566220283508,False,,,,,,,,,
1760059874.9682782,0,follower,auto,0.9824259877204895,0.9406237006187439,0.6011348962783813,0.9,1.0,0.4999999999999996,-0.08242598772048948,0.059376299381256104,-0.10113489627838174,-9.101921652288432,-8.35238781896581,5.441679918859184,0,,,,,,,,True,-7.93180589848646,-9.820486018841434,0.19203047912411447,optimal,0,-8.0,-10.0,2.0554351701367874,-0.005851105975523185
1760059875.068736,1,follower,auto,0.09782376140356064,0.9110725522041321,0.6782301068305969,0.1,1.0,0.4999999999999996,0.002176238596439367,0.08892744779586792,-0.1782301068305973,-5.976838419921708,11.128305848171312,9.829768393056892,0,,,,,,,,True,10.178100753885296,-6.527860116368048,14.603405380204833,optimal,0,0.0,-17.0,0.1369540797908564,-0.25579444329324896
1760059875.302081,0,follower,auto,0.9824259877204895,0.9406237006187439,0.6011348962783813,0.9,1.0,0.4999999999999996,-0.08242598772048948,0.059376299381256104,-0.10113489627838174,0,0,0,0,1.0,-0.020101209603401227,-0.033746102330988514,-0.15637791594268413,0.9824259877204895,0.9406237006187439,0.6011348962783813,False,,,,,,,,,
1760059875.4026265,1,leader,auto,0.09782376140356064,0.9110725522041321,0.6782301068305969,0.1,1.0,0.4999999999999996,0.002176238596439367,0.08892744779586792,-0.1782301068305973,0,0,0,0,1.0,0.21153889676583576,0.03562749430787382,-0.1824869274726355,0.09782376140356064,0.9110725522041321,0.6782301068305969,False,,,,,,,,,
1760059875.404185,0,follower,auto,0.9904265403747559,0.938419759273529,0.537108838558197,0.9,1.0,0.4499999999999996,-0.09042654037475584,0.06158024072647095,-0.0871088385581974,-8.023716603079794,-10.29916024119362,6.502086297897631,0,,,,,,,,True,-9.0,-8.0,0.0,optimal,0,-9.0,-8.0,2.0079424847857505,0.08063355496466679
1760059875.5054288,1,follower,auto,0.1518181562423706,0.9279566407203674,0.6273526549339294,0.1,1.0,0.4499999999999996,-0.0518181562423706,0.07204335927963257,-0.17735265493392982,-11.061568036701534,0.9715568704843516,8.71194293606797,0,,,,,,,,True,-0.20816498346626755,-11.257474581776606,7.479189862854172,optimal,0,-5.0,-17.0,0.14880189370832742,-0.1318230952511664
1760059875.6291492,0,follower,auto,0.9904265403747559,0.938419759273529,0.537108838558197,0.9,1.0,0.4499999999999996,-0.09042654037475584,0.06158024072647095,-0.0871088385581974,0,0,0,0,1.0,-0.02447334586438199,-0.032704162806968196,-0.1612782566784503,0.9904265403747559,0.938419759273529,0.537108838558197,False,,,,,,,,,
1760059875.7295737,1,leader,auto,0.1518181562423706,0.9279566407203674,0.6273526549339294,0.1,1.0,0.4499999999999996,-0.0518181562423706,0.07204335927963257,-0.17735265493392982,0,0,0,0,1.0,0.22346787771966659,0.04586571852311949,-0.15791841691624775,0.1518181562423706,0.9279566407203674,0.6273526549339294,False,,,,,,,,,
1760059875.7313669,0,follower,auto,1.0006370544433594,0.9374864101409912,0.49257153272628784,0.9,1.0,0.39999999999999963,-0.10063705444335935,0.06251358985900879,-0.09257153272628821,-8.995375953423785,-11.28309748146148,6.458728342124264,0,,,,,,,,True,-10.0,-9.0,0.0,optimal,0,-10.0,-9.0,1.9946656949094383,0.13841847007438235
1760059875.8326817,1,follower,auto,0.18207770586013794,0.9395601153373718,0.6003418564796448,0.1,1.0,0.39999999999999963,-0.08207770586013793,0.060439884662628174,-0.20034185647964514,-9.075023965545371,1.0148422027659414,7.55598246606743,0,,,,,,,,True,-0.16106215583744188,-9.788054157188796,12.87372457454147,optimal,0,-8.0,-20.0,0.1620558826448828,-0.2284663981555234
1760059876.0279522,0,follower,auto,1.0006370544433594,0.9374864101409912,0.49257153272628784,0.9,1.0,0.39999999999999963,-0.10063705444335935,0.06251358985900879,-0.09257153272628821,0,0,0,0,1.0,-0.031094143939375485,-0.02144760422279335,-0.13861489568736585,1.0006370544433594,0.9374864101409912,0.49257153272628784,False,,,,,,,,,
1760059876.1282544,1,leader,auto,0.18207770586013794,0.9395601153373718,0.6003418564796448,0.1,1.0,0.39999999999999963,-0.08207770586013793,0.060439884662628174,-0.20034185647964514,0,0,0,0,1.0,0.18729651670592828,0.04889472954920293,-0.13328860139495813,0.18207770586013794,0.9395601153373718,0.6003418564796448,False,,,,,,,,,
1760059876.1288795,0,follower,auto,1.0054270029067993,0.938327968120575,0.4367080330848694,0.9,1.0,0.34999999999999964,-0.1054270029067993,0.06167203187942505,-0.08670803308486974,-7.975515613647642,-11.243720379689966,6.531905141135585,0,,,,,,,,True,-10.0,-8.0,0.0,optimal,0,-10.0,-8.0,1.958109767823164,0.09349257317848303
1760059876.2293484,1,follower,auto,0.20074363052845,0.9567045569419861,0.5754790902137756,0.1,1.0,0.34999999999999964,-0.10074363052845,0.043295443058013916,-0.225479090213776,-5.121145560296737,2.0647291289279464,5.461558418132531,0,,,,,,,,True,1.935532140142639,-5.392443790379026,20.451597754798968,optimal,0,-10.0,-22.0,0.1623665451051577,-0.36300679255302776
1760059876.3441417,0,follower,auto,1.0054270029067993,0.938327968120575,0.4367080330848694,0.9,1.0,0.34999999999999964,-0.1054270029067993,0.06167203187942505,-0.08670803308486974,0,0,0,0,1.0,-0.045932158389637934,-0.009390464903880402,-0.14808292409775736,1.0054270029067993,0.938327968120575,0.4367080330848694,False,,,,,,,,,
1760059876.4446745,1,leader,auto,0.20074363052845,0.9567045569419861,0.5754790902137756,0.1,1.0,0.34999999999999964,-0.10074363052845,0.043295443058013916,-0.225479090213776,0,0,0,0,1.0,0.16547994295688326,0.06057703672940595,-0.1306992355889125,0.20074363052845,0.9567045569419861,0.5754790902137756,False,,,,,,,,,
1760059876.4461975,0,follower,auto,0.9976657629013062,0.9428533911705017,0.3956153094768524,0.9,1.0,0.29999999999999966,-0.09766576290130613,0.05714660882949829,-0.09561530947685276,-5.980820920971734,-9.176068362510096,5.511709742742935,0,,,,,,,,True,-8.314194021509998,-6.230418779102848,2.8532279928668136,optimal,0,-9.0,-9.0,1.8990473630394784,-0.08453124789521727
1760059876.547239,1,follower,auto,0.19922778010368347,0.968926727771759,0.55694580078125,0.1,1.0,0.29999999999999966,-0.09922778010368347,0.031073272228240967,-0.25694580078125034,-0.11851732550631844,8.16133476708858,4.386758579807778,0,,,,,,,,True,7.865273883909232,-0.7980123233363123,29.4987062543538,optimal,0,-9.0,-25.0,0.13895366949732957,-0.5172469983645399
1760059876.746224,0,follower,auto,0.9976657629013062,0.9428533911705017,0.3956153094768524,0.9,1.0,0.29999999999999966,-0.09766576290130613,0.05714660882949829,-0.09561530947685276,0,0,0,0,1.0,-0.06697113773488272,0.002832343674343041,-0.130959077759626,0.9976657629013062,0.9428533911705017,0.3956153094768524,False,,,,,,,,,
1760059876.8467767,1,leader,auto,0.19922778010368347,0.968926727771759,0.55694580078125,0.1,1.0,0.29999999999999966,-0.09922778010368347,0.031073272228240967,-0.25694580078125034,0,0,0,0,1.0,0.13743410041531962,0.05714128931109708,-0.12198936303836683,0.19922778010368347,0.968926727771759,0.55694580078125,False,,,,,,,,,
1760059876.8496492,0,follower,auto,0.9822516441345215,0.9534233808517456,0.3469494581222534,0.9,1.0,0.24999999999999967,-0.08225164413452146,0.046576619148254395,-0.09694945812225375,-4.018393524559648,-8.119707227324215,4.562420787810731,0,,,,,,,,True,-7.058534463282043,-4.706477244754536,4.395531254198771,optimal,0,-8.0,-9.0,1.813894191857722,-0.12816133913558136
1760059876.9508102,1,follower,auto,0.1883029043674469,0.9747431874275208,0.531689465045929,0.1,1.0,0.24999999999999967,-0.0883029043674469,0.025256812572479248,-0.2816894650459293,0.9197689634008084,12.22591092561045,3.367592894732147,0,,,,,,,,True,11.76169052499663,1.2994295734631685,35.34092508319596,optimal,0,-8.0,-28.0,0.09411515627497813,-0.6048703456687645
1760059877.0577536,0,follower,auto,0.9822516441345215,0.9534233808517456,0.3469494581222534,0.9,1.0,0.24999999999999967,-0.08225164413452146,0.046576619148254395,-0.09694945812225375,0,0,0,0,1.0,-0.07978181659459138,0.014687790606171425,-0.13618637058337346,0.9822516441345215,0.9534233808517456,0.3469494581222534,False,,,,,,,,,
1760059877.1582954,1,leader,auto,0.1883029043674469,0.9747431874275208,0.531689465045929,0.1,1.0,0.24999999999999967,-0.0883029043674469,0.025256812572479248,-0.2816894650459293,0,0,0,0,1.0,0.12794036384601898,0.047425618103926315,-0.1257798061386679,0.1883029043674469,0.9747431874275208,0.531689465045929,False,,,,,,,,,
1760059877.1588075,0,follower,auto,0.9713478684425354,0.9647383689880371,0.3130057454109192,0.9,1.0,0.19999999999999968,-0.07134786844253538,0.03526163101196289,-0.11300574541091951,-5.038872783801648,-6.120237125627627,3.531416854977443,0,,,,,,,,True,-5.961667612993411,-5.787375608982238,5.315034072114694,optimal,0,-7.0,-11.0,1.757106720319145,-0.15328530411473928
1760059877.2592452,1,follower,auto,0.17974936962127686,0.9805797934532166,0.5151790976524353,0.1,1.0,0.19999999999999968,-0.07974936962127685,0.019420206546783447,-0.3151790976524356,-0.0627512800263502,14.233818938953753,2.3094943862256976,0,,,,,,,,True,13.000009239891913,0.27101578516791136,36.28132806639865,optimal,0,-7.0,-30.0,0.06341858208275597,-0.6103330594115091
1760059877.4654808,0,follower,auto,0.9713478684425354,0.9647383689880371,0.3130057454109192,0.9,1.0,0.19999999999999968,-0.07134786844253538,0.03526163101196289,-0.11300574541091951,0,0,0,0,1.0,-0.07860427175144169,0.01856991514940831,-0.117855470492917,0.9713478684425354,0.9647383689880371,0.3130057454109192,False,,,,,,,,,
1760059877.5660515,1,leader,auto,0.17974936962127686,0.9805797934532166,0.5151790976524353,0.1,1.0,0.19999999999999968,-0.07974936962127685,0.019420206546783447,-0.3151790976524356,0,0,0,0,1.0,0.13486119393093482,0.04368045842422408,-0.1128546423232526,0.17974936962127686,0.9805797934532166,0.5151790976524353,False,,,,,,,,,
1760059877.568124,0,follower,auto,0.9622343182563782,0.976228654384613,0.27281421422958374,0.9,1.0,0.1499999999999997,-0.06223431825637815,0.023771345615386963,-0.12281421422958405,-8.05902244908264,-6.121503011486658,2.5755840723871692,0,,,,,,,,True,-5.365058761357419,-8.36409343301699,3.690930362436977,optimal,0,-6.0,-12.0,1.7050036606236763,-0.10536046221630291
1760059877.669427,1,follower,auto,0.1756155788898468,0.9815801382064819,0.4983692765235901,0.1,1.0,0.1499999999999997,-0.0756155788898468,0.018419861793518066,-0.3483692765235904,-1.0239254166950922,12.211216387338363,2.2660949796765317,0,,,,,,,,True,11.009950333744815,-1.9709887589275041,33.316419107943204,optimal,0,-7.0,-30.0,0.03995146199927868,-0.5528761865551558
1760059877.8663473,0,follower,auto,0.9622343182563782,0.976228654384613,0.27281421422958374,0.9,1.0,0.1499999999999997,-0.06223431825637815,0.023771345615386963,-0.12281421422958405,0,0,0,0,1.0,-0.07821802706615388,0.022669890284529925,-0.12056337758832064,0.9622343182563782,0.976228654384613,0.27281421422958374,False,,,,,,,,,
1760059877.966882,1,leader,auto,0.1756155788898468,0.9815801382064819,0.4983692765235901,0.1,1.0,0.1499999999999997,-0.0756155788898468,0.018419861793518066,-0.3483692765235904,0,0,0,0,1.0,0.14542308524877245,0.036286120926366516,-0.10869231190543471,0.1756155788898468,0.9815801382064819,0.4983692765235901,False,,,,,,,,,
1760059877.9690504,0,follower,auto,0.958678662776947,0.9789010286331177,0.2379317432641983,0.9,1.0,0.09999999999999969,-0.058678662776947,0.021098971366882324,-0.1379317432641986,-11.052914384790215,-5.12551920446805,2.604405556176886,0,,,,,,,,True,-4.705742160941609,-11.072331968812247,1.9499978754630949,optimal,0,-5.0,-13.0,1.676090688248872,-0.05534330957542649
1760059878.0703342,1,follower,auto,0.18669167160987854,0.96451735496521,0.49574756622314453,0.1,1.0,0.09999999999999969,-0.08669167160987853,0.03548264503479004,-0.39574756622314483,-7.9115302571734825,6.120847380813039,4.155615720758714,0,,,,,,,,True,5.552131340634919,-8.494400003888568,25.419502258434708,optimal,0,-8.0,-30.0,0.054649435596515916,-0.4254608257050683
1760059878.1800792,0,follower,auto,0.958678662776947,0.9789010286331177,0.2379317432641983,0.9,1.0,0.09999999999999969,-0.058678662776947,0.021098971366882324,-0.1379317432641986,0,0,0,0,1.0,-0.07408855374694534,0.020550808168469437,-0.11059609878945853,0.958678662776947,0.9789010286331177,0.2379317432641983,False,,,,,,,,,
1760059878.2805204,1,leader,auto,0.18669167160987854,0.96451735496521,0.49574756622314453,0.1,1.0,0.09999999999999969,-0.08669167160987853,0.03548264503479004,-0.39574756622314483,0,0,0,0,1.0,0.16411879997264625,0.017069751092942287,-0.09024875734238547,0.18669167160987854,0.96451735496521,0.49574756622314453,False,,,,,,,,,
1760059878.2823796,0,follower,auto,0.9557046890258789,0.9713008999824524,0.21159018576145172,0.9,1.0,0.049999999999999684,-0.055704689025878884,0.028699100017547607,-0.16159018576145204,-11.004229183133827,-5.107218698659693,2.6028173689707472,0,,,,,,,,True,-4.3481257186460835,-11.207131783980788,4.836995535951823,optimal,0,-5.0,-16.0,1.654987486167672,-0.13669591964092154
1760059878.3836584,1,follower,auto,0.20273950695991516,0.9534688591957092,0.49617570638656616,0.1,1.0,0.049999999999999684,-0.10273950695991516,0.04653114080429077,-0.44617570638656645,-10.906779986890585,2.0509069328475227,5.084025366935098,0,,,,,,,,True,1.5128349580197114,-11.37392190114321,21.89694394465386,optimal,0,-10.0,-30.0,0.08058104764245555,-0.3719569998146501
1760059878.5774653,0,follower,auto,0.9557046890258789,0.9713008999824524,0.21159018576145172,0.9,1.0,0.049999999999999684,-0.055704689025878884,0.028699100017547607,-0.16159018576145204,0,0,0,0,1.0,-0.07418707799823343,0.020098171163981604,-0.09802382495562906,0.9557046890258789,0.9713008999824524,0.21159018576145172,False,,,,,,,,,
1760059878.6779783,1,leader,auto,0.20273950695991516,0.9534688591957092,0.49617570638656616,0.1,1.0,0.049999999999999684,-0.10273950695991516,0.04653114080429077,-0.44617570638656645,0,0,0,0,1.0,0.1653642619851054,0.029971383756310477,-0.0859395971587339,0.20273950695991516,0.9534688591957092,0.49617570638656616,False,,,,,,,,,
1760059878.6800253,0,follower,auto,0.9599183797836304,0.9616526961326599,0.16427740454673767,0.9,1.0,-3.191891195797325e-16,-0.05991837978363035,0.03834730386734009,-0.164277404546738,-13.98012484763157,-5.124431935250508,3.732672707726489,0,,,,,,,,True,-4.881414665146924,-14.873956866310968,1.1322701182007906,optimal,0,-5.0,-16.0,1.6503324172313993,-0.03196829289055764
1760059878.781169,1,follower,auto,0.21764960885047913,0.943384051322937,0.48506227135658264,0.1,1.0,-3.191891195797325e-16,-0.11764960885047912,0.05661594867706299,-0.485062271356583,-5.910299254140982,3.0272184763839314,6.0687702212729935,0,,,,,,,,True,2.6682892066968,-6.9599245633862665,26.789311412627907,optimal,0,-11.0,-30.0,0.09383628994694848,-0.45843624138225164
1760059878.9101222,0,follower,auto,0.9599183797836304,0.9616526961326599,0.16427740454673767,0.9,1.0,-3.191891195797325e-16,-0.05991837978363035,0.03834730386734009,-0.164277404546738,0,0,0,0,1.0,-0.06765540750817967,0.027848434878149364,-0.11571643653922953,0.9599183797836304,0.9616526961326599,0.16427740454673767,False,,,,,,,,,
1760059879.010575,1,leader,auto,0.21764960885047913,0.943384051322937,0.48506227135658264,0.1,1.0,-3.191891195797325e-16,-0.11764960885047912,0.05661594867706299,-0.485062271356583,0,0,0,0,1.0,0.15635557973937395,0.04004356861455094,-0.09740882188955013,0.21764960885047913,0.943384051322937,0.48506227135658264,False,,,,,,,,,
1760059879.0119593,0,follower,auto,0.9704638123512268,0.9570001363754272,0.11565832048654556,0.9,1.0,-0.05000000000000032,-0.07046381235122678,0.042999863624572754,-0.16565832048654588,-15.991111101669347,-8.173498571604416,4.808951152560094,0,,,,,,,,True,-7.0,-16.0,0.0,optimal,0,-7.0,-16.0,1.6697334330025182,0.09422838168725167
1760059879.1128638,1,follower,auto,0.2198643982410431,0.9404432773590088,0.46852657198905945,0.1,1.0,-0.05000000000000032,-0.11986439824104309,0.05955672264099121,-0.5185265719890597,-0.9441241272335438,6.090741601720168,6.055131816536155,0,,,,,,,,True,5.453257554539061,-1.2088045576803381,33.16085974690411,optimal,0,-11.0,-30.0,0.08169478016296694,-0.5636459607487011
1760059879.2522824,0,follower,auto,0.9704638123512268,0.9570001363754272,0.11565832048654556,0.9,1.0,-0.05000000000000032,-0.07046381235122678,0.042999863624572754,-0.16565832048654588,0,0,0,0,1.0,-0.062388773183094326,0.0451532977256518,-0.11381242590008031,0.9704638123512268,0.9570001363754272,0.11565832048654556,False,,,,,,,,,
1760059879.3528192,1,leader,auto,0.2198643982410431,0.9404432773590088,0.46852657198905945,0.1,1.0,-0.05000000000000032,-0.11986439824104309,0.05955672264099121,-0.5185265719890597,0,0,0,0,1.0,0.13730615093139545,0.05069528766066278,-0.10305532713498977,0.2198643982410431,0.9404432773590088,0.46852657198905945,False,,,,,,,,,
1760059879.3546736,0,follower,auto,0.9810784459114075,0.9536052942276001,0.06306079030036926,0.9,1.0,-0.10000000000000032,-0.08107844591140745,0.0463947057723999,-0.16306079030036957,-15.987892920363628,-9.20911597034035,4.89191942794531,0,,,,,,,,True,-8.0,-16.0,0.0,optimal,0,-8.0,-16.0,1.6937857153989389,0.1260072533756154
1760059879.4559712,1,follower,auto,0.21424199640750885,0.9454262852668762,0.4544709026813507,0.1,1.0,-0.10000000000000032,-0.11424199640750884,0.05457371473312378,-0.554470902681351,1.000652055500591,7.163321506123159,5.997248900657882,0,,,,,,,,True,6.620804690051784,1.569896124228407,36.154544655126315,optimal,0,-11.0,-30.0,0.05953383009768731,-0.6068462086805224
1760059879.598589,0,follower,auto,0.9810784459114075,0.9536052942276001,0.06306079030036926,0.9,1.0,-0.10000000000000032,-0.08107844591140745,0.0463947057723999,-0.16306079030036957,0,0,0,0,1.0,-0.0667497443711289,0.05969292857318753,-0.11577107762461977,0.9810784459114075,0.9536052942276001,0.06306079030036926,False,,,,,,,,,
1760059879.6991818,1,leader,auto,0.21424199640750885,0.9454262852668762,0.4544709026813507,0.1,1.0,-0.10000000000000032,-0.11424199640750884,0.05457371473312378,-0.554470902681351,0,0,0,0,1.0,0.12732133225313366,0.05652147640005223,-0.10044710926361211,0.21424199640750885,0.9454262852668762,0.4544709026813507,False,,,,,,,,,
1760059879.7010512,0,follower,auto,0.9842766523361206,0.9476926922798157,0.00802550558000803,0.9,1.0,-0.15000000000000033,-0.08427665233612058,0.052307307720184326,-0.15802550558000836,-14.970916493114437,-9.198928125413351,5.976375270939348,0,,,,,,,,True,-8.0,-15.0,0.0,optimal,0,-8.0,-15.0,1.6999969198771603,0.08680329700822226
1760059879.8027337,1,follower,auto,0.20571847259998322,0.9456512928009033,0.44388270378112793,0.1,1.0,-0.15000000000000033,-0.10571847259998321,0.05434870719909668,-0.5938827037811283,0.9986321301933063,8.207556119156006,5.915993858848062,0,,,,,,,,True,7.570275176851393,1.8928743068001168,36.41249787284074,optimal,0,-10.0,-30.0,0.03621411180489442,-0.6029247460495943
1760059879.9574046,0,follower,auto,0.9842766523361206,0.9476926922798157,0.00802550558000803,0.9,1.0,-0.15000000000000033,-0.08427665233612058,0.052307307720184326,-0.15802550558000836,0,0,0,0,1.0,-0.07937030281466906,0.06958148597920266,-0.11615448692927283,0.9842766523361206,0.9476926922798157,0.00802550558000803,False,,,,,,,,,
1760059880.0580523,1,leader,auto,0.20571847259998322,0.9456512928009033,0.44388270378112793,0.1,1.0,-0.15000000000000033,-0.10571847259998321,0.05434870719909668,-0.5938827037811283,0,0,0,0,1.0,0.1239442518500774,0.04737153538670824,-0.09695006120096727,0.20571847259998322,0.9456512928009033,0.44388270378112793,False,,,,,,,,,
1760059880.0593615,0,follower,auto,0.9761030077934265,0.9399587512016296,-0.049255598336458206,0.9,1.0,-0.20000000000000034,-0.07610300779342649,0.06004124879837036,-0.15074440166354214,-12.957990441732587,-8.133085992995529,7.072858915057101,0,,,,,,,,True,-7.035549258508023,-13.862478679548435,1.1380766688858632,optimal,0,-7.0,-15.0,1.6765268051429687,-0.03230283194263961
1760059880.1607435,1,follower,auto,0.20404431223869324,0.9398809671401978,0.44107869267463684,0.1,1.0,-0.20000000000000034,-0.10404431223869323,0.060119032859802246,-0.6410786926746372,-0.9769769468404075,6.177035171715058,6.797209306975542,0,,,,,,,,True,5.363795959193514,-1.9932679575213115,31.9440646439199,optimal,0,-10.0,-30.0,0.03103766917495987,-0.5273153395082836
1760059880.3047657,0,follower,auto,0.9761030077934265,0.9399587512016296,-0.049255598336458206,0.9,1.0,-0.20000000000000034,-0.07610300779342649,0.06004124879837036,-0.15074440166354214,0,0,0,0,1.0,-0.09517886373860951,0.0785561741831633,-0.1174074121805608,0.9761030077934265,0.9399587512016296,-0.049255598336458206,False,,,,,,,,,
1760059880.405357,1,leader,auto,0.20404431223869324,0.9398809671401978,0.44107869267463684,0.1,1.0,-0.20000000000000034,-0.10404431223869323,0.060119032859802246,-0.6410786926746372,0,0,0,0,1.0,0.13156451630446442,0.0375352779385798,-0.08926486359402563,0.20404431223869324,0.9398809671401978,0.44107869267463684,False,,,,,,,,,
1760059880.4074814,0,follower,auto,0.9621971249580383,0.9299660325050354,-0.10101312398910522,0.9,1.0,-0.25000000000000033,-0.06219712495803831,0.0700339674949646,-0.1489868760108951,-10.938368273977334,-7.066816488523372,8.126910133570826,0,,,,,,,,True,-6.154319341785788,-11.613406827322985,2.391577184854744,optimal,0,-6.0,-14.0,1.6406635084451993,-0.06739051088891235
1760059880.5088475,1,follower,auto,0.20704925060272217,0.9346489906311035,0.4378677308559418,0.1,1.0,-0.25000000000000033,-0.10704925060272216,0.06535100936889648,-0.6878677308559421,-2.978178222730673,5.12578520891894,6.714977980418604,0,,,,,,,,True,4.348313229185555,-3.5541246293916267,30.08751263631761,optimal,0,-10.0,-30.0,0.033056642623346844,-0.49726417058381234
1760059880.672505,0,follower,auto,0.9621971249580383,0.9299660325050354,-0.10101312398910522,0.9,1.0,-0.25000000000000033,-0.06219712495803831,0.0700339674949646,-0.1489868760108951,0,0,0,0,1.0,-0.10333345619998258,0.08454201655549798,-0.11191224810096506,0.9621971249580383,0.9299660325050354,-0.10101312398910522,False,,,,,,,,,
1760059880.7730916,1,leader,auto,0.20704925060272217,0.9346489906311035,0.4378677308559418,0.1,1.0,-0.25000000000000033,-0.10704925060272216,0.06535100936889648,-0.6878677308559421,0,0,0,0,1.0,0.13452677922323053,0.03679848736071667,-0.09111313179756364,0.20704925060272217,0.9346489906311035,0.4378677308559418,False,,,,,,,,,
1760059880.7751904,0,follower,auto,0.9528294801712036,0.9249363541603088,-0.1572304517030716,0.9,1.0,-0.3000000000000003,-0.05282948017120359,0.07506364583969116,-0.14276954829692873,-13.954250378371446,-6.045222680157151,8.220700747791051,0,,,,,,,,True,-5.0,-14.0,0.0,optimal,0,-5.0,-14.0,1.6260008094315226,0.03080775110635886
1760059880.8762743,1,follower,auto,0.21660389006137848,0.9304315447807312,0.4354437589645386,0.1,1.0,-0.3000000000000003,-0.11660389006137847,0.0695684552192688,-0.7354437589645388,-4.981875649021541,2.0621279186541708,6.628159144748331,0,,,,,,,,True,1.9667242564795728,-5.683019330960789,27.55814737608467,optimal,0,-11.0,-30.0,0.046453180484542944,-0.45906516289049193
1760059880.9838603,0,follower,auto,0.9528294801712036,0.9249363541603088,-0.1572304517030716,0.9,1.0,-0.3000000000000003,-0.05282948017120359,0.07506364583969116,-0.14276954829692873,0,0,0,0,1.0,-0.09966202726795359,0.09537090418801308,-0.11778422540979733,0.9528294801712036,0.9249363541603088,-0.1572304517030716,False,,,,,,,,,
1760059881.0844314,1,leader,auto,0.21660389006137848,0.9304315447807312,0.4354437589645386,0.1,1.0,-0.3000000000000003,-0.11660389006137847,0.0695684552192688,-0.7354437589645388,0,0,0,0,1.0,0.138130658773383,0.03858328700052627,-0.09157433194283648,0.21660389006137848,0.9304315447807312,0.4354437589645386,False,,,,,,,,,
1760059881.087063,0,follower,auto,0.9511609077453613,0.9223830699920654,-0.20898690819740295,0.9,1.0,-0.3500000000000003,-0.051160907745361306,0.07761693000793457,-0.14101309180259736,-13.963017106938711,-6.064348764087477,8.282325367487406,0,,,,,,,,True,-5.0,-14.0,0.0,optimal,0,-5.0,-14.0,1.6397756895153233,0.1721066359233273
1760059881.1884034,1,follower,auto,0.22509992122650146,0.9323877692222595,0.43464070558547974,0.1,1.0,-0.3500000000000003,-0.12509992122650146,0.06761223077774048,-0.78464070558548,-5.0153130504269825,1.040745008931603,6.543082541742647,0,,,,,,,,True,0.7424285544032738,-5.810418441342367,27.340543912786764,optimal,0,-12.0,-30.0,0.05970242295982253,-0.4589495995735592
1760059881.2957704,0,follower,auto,0.9511609077453613,0.9223830699920654,-0.20898690819740295,0.9,1.0,-0.3500000000000003,-0.051160907745361306,0.07761693000793457,-0.14101309180259736,0,0,0,0,1.0,-0.09202845595104092,0.10607929449158682,-0.11447700141336553,0.9511609077453613,0.9223830699920654,-0.20898690819740295,False,,,,,,,,,
1760059881.3964062,1,leader,auto,0.22509992122650146,0.9323877692222595,0.43464070558547974,0.1,1.0,-0.3500000000000003,-0.12509992122650146,0.06761223077774048,-0.78464070558548,0,0,0,0,1.0,0.1308463388721009,0.04742383572141684,-0.09108711265867031,0.22509992122650146,0.9323877692222595,0.43464070558547974,False,,,,,,,,,
1760059881.3980994,0,follower,auto,0.9536684155464172,0.9314240217208862,-0.2595352828502655,0.9,1.0,-0.4000000000000003,-0.053668415546417214,0.06857597827911377,-0.1404647171497348,-14.01735316839467,-6.09343224819473,7.345978205012361,0,,,,,,,,True,-5.0,-14.0,0.0,optimal,0,-5.0,-14.0,1.6712441085106824,0.26667352449775195
1760059881.4993742,1,follower,auto,0.2267860621213913,0.9407747387886047,0.4328712821006775,0.1,1.0,-0.4000000000000003,-0.1267860621213913,0.059225261211395264,-0.8328712821006778,-2.049343148254735,3.068737797124996,5.471378919934846,0,,,,,,,,True,2.3178518293869796,-2.6528397203694,30.868560970153528,optimal,0,-12.0,-30.0,0.060952739385681354,-0.5185446810500265
1760059881.60391,0,follower,auto,0.9536684155464172,0.9314240217208862,-0.2595352828502655,0.9,1.0,-0.4000000000000003,-0.053668415546417214,0.06857597827911377,-0.1404647171497348,0,0,0,0,1.0,-0.08839501713116782,0.12527178982609455,-0.1146826248545822,0.9536684155464172,0.9314240217208862,-0.2595352828502655,False,,,,,,,,,
1760059881.704627,1,leader,auto,0.2267860621213913,0.9407747387886047,0.4328712821006775,0.1,1.0,-0.4000000000000003,-0.1267860621213913,0.059225261211395264,-0.8328712821006778,0,0,0,0,1.0,0.1172264132784733,0.056024463753375775,-0.09313133854663613,0.2267860621213913,0.9407747387886047,0.4328712821006775,False,,,,,,,,,
1760059881.707138,0,follower,auto,0.9532591700553894,0.9396534562110901,-0.3066401779651642,0.9,1.0,-0.4500000000000003,-0.05325917005538938,0.06034654378890991,-0.1433598220348361,-14.028109717746528,-6.094826809483681,7.39077506351682,0,,,,,,,,True,-5.0,-14.0,0.0,optimal,0,-5.0,-14.0,1.696642248103665,0.2409733960445225
1760059881.8081284,1,follower,auto,0.2228504866361618,0.9502319097518921,0.4271758198738098,0.1,1.0,-0.4500000000000003,-0.1228504866361618,0.04976809024810791,-0.8771758198738101,-0.06618292015295706,4.1056667222630425,4.426193574802761,0,,,,,,,,True,3.966342547208953,0.7552818384045139,34.652726520354925,optimal,0,-12.0,-30.0,0.04956210444222986,-0.5782938137163638
1760059882.0038948,0,follower,auto,0.9532591700553894,0.9396534562110901,-0.3066401779651642,0.9,1.0,-0.4500000000000003,-0.05325917005538938,0.06034654378890991,-0.1433598220348361,0,0,0,0,1.0,-0.09210150164357622,0.13096131836630664,-0.11170416603035577,0.9532591700553894,0.9396534562110901,-0.3066401779651642,False,,,,,,,,,
1760059882.1045163,1,leader,auto,0.2228504866361618,0.9502319097518921,0.4271758198738098,0.1,1.0,-0.4500000000000003,-0.1228504866361618,0.04976809024810791,-0.8771758198738101,0,0,0,0,1.0,0.10763984989877058,0.05578254047337006,-0.09694087589583822,0.2228504866361618,0.9502319097518921,0.4271758198738098,False,,,,,,,,,
1760059882.1113746,0,follower,auto,0.9536116123199463,0.9463521242141724,-0.36684271693229675,0.9,1.0,-0.5000000000000003,-0.05361161231994627,0.05364787578582764,-0.13315728306770358,-13.025269686692939,-6.1174305645876865,6.524111555183567,0,,,,,,,,True,-5.0,-13.0,0.0,optimal,0,-5.0,-13.0,1.7382826209016526,0.31656163856687747
1760059882.2136683,1,follower,auto,0.20948749780654907,0.9570574164390564,0.42265433073043823,0.1,1.0,-0.5000000000000003,-0.10948749780654907,0.042942583560943604,-0.9226543307304386,1.9401803616240576,7.175326833994729,4.3428199543764245,0,,,,,,,,True,6.8704128490044845,2.3110099463618354,36.450132968889825,optimal,0,-10.0,-30.0,0.02390669239030241,-0.5991428096086524
1760059882.407084,0,follower,auto,0.9536116123199463,0.9463521242141724,-0.36684271693229675,0.9,1.0,-0.5000000000000003,-0.05361161231994627,0.05364787578582764,-0.13315728306770358,0,0,0,0,1.0,-0.0919085505988606,0.13560098249495312,-0.12549033498428513,0.9536116123199463,0.9463521242141724,-0.36684271693229675,False,,,,,,,,,
1760059882.5077484,1,leader,auto,0.20948749780654907,0.9570574164390564,0.42265433073043823,0.1,1.0,-0.5000000000000003,-0.10948749780654907,0.042942583560943604,-0.9226543307304386,0,0,0,0,1.0,0.09585971228272415,0.04987010668899783,-0.09437664383339461,0.20948749780654907,0.9570574164390564,0.42265433073043823,False,,,,,,,,,
1760059882.509613,0,follower,auto,0.9555598497390747,0.9510279297828674,-0.42119595408439636,0.9,1.0,-0.5500000000000004,-0.055559849739074685,0.04897207021713257,-0.12880404591560402,-12.015715160821076,-6.146207134969644,5.607379001726102,0,,,,,,,,True,-5.0,-12.0,0.0,optimal,0,-5.0,-12.0,1.7871724778573177,0.381018462490019
1760059882.6107242,1,follower,auto,0.19712570309638977,0.9619089365005493,0.43022778630256653,0.1,1.0,-0.5500000000000004,-0.09712570309638976,0.038091063499450684,-0.9802277863025669,-0.04982640434637799,7.2073129564140865,3.199175533777775,0,,,,,,,,True,6.864279663361376,-0.6066751535168002,33.401241215982196,optimal,0,-9.0,-30.0,0.010505334643720499,-0.5445977157980333
1760059882.773496,0,follower,auto,0.9555598497390747,0.9510279297828674,-0.42119595408439636,0.9,1.0,-0.5500000000000004,-0.055559849739074685,0.04897207021713257,-0.12880404591560402,0,0,0,0,1.0,-0.09091567297294523,0.13846733079756168,-0.11863572462537864,0.9555598497390747,0.9510279297828674,-0.42119595408439636,False,,,,,,,,,
1760059882.8740976,1,leader,auto,0.19712570309638977,0.9619089365005493,0.43022778630256653,0.1,1.0,-0.5500000000000004,-0.09712570309638976,0.038091063499450684,-0.9802277863025669,0,0,0,0,1.0,0.09828465049920886,0.04296373330036252,-0.08096192044226747,0.19712570309638977,0.9619089365005493,0.43022778630256653,False,,,,,,,,,
1760059882.8756142,0,follower,auto,0.9563938975334167,0.9648104310035706,-0.4719102680683136,0.9,1.0,-0.6000000000000004,-0.056393897533416726,0.03518956899642944,-0.12808973193168682,-12.078166797415673,-6.157123457207565,4.672308722838578,0,,,,,,,,True,-5.0,-12.0,0.0,optimal,0,-5.0,-12.0,1.8350612653875675,0.41019054787022335
1760059882.9769433,1,follower,auto,0.18902477622032166,0.9576975703239441,0.4349134564399719,0.1,1.0,-0.6000000000000004,-0.08902477622032165,0.04230242967605591,-1.0349134564399725,-0.981694439319775,8.205976095784147,4.112977941967935,0,,,,,,,,True,7.556741740480636,-1.776788028184967,32.226726603643996,optimal,0,-8.0,-30.0,0.001709812082091977,-0.5226236969683764
1760059883.1709883,0,follower,auto,0.9563938975334167,0.9648104310035706,-0.4719102680683136,0.9,1.0,-0.6000000000000004,-0.056393897533416726,0.03518956899642944,-0.12808973193168682,0,0,0,0,1.0,-0.09272112935432442,0.1512817017625372,-0.11348603698139964,0.9563938975334167,0.9648104310035706,-0.4719102680683136,False,,,,,,,,,
1760059883.2714884,1,leader,auto,0.18902477622032166,0.9576975703239441,0.4349134564399719,0.1,1.0,-0.6000000000000004,-0.08902477622032165,0.04230242967605591,-1.0349134564399725,0,0,0,0,1.0,0.10385575225976158,0.03137284946858898,-0.08219116618423206,0.18902477622032166,0.9576975703239441,0.4349134564399719,False,,,,,,,,,
1760059883.2734127,0,follower,auto,0.9638698697090149,0.9797691106796265,-0.5329998135566711,0.9,1.0,-0.6500000000000005,-0.06386986970901487,0.020230889320373535,-0.11700018644332932,-11.12723103602417,-7.198813349251235,3.8070951565220406,0,,,,,,,,True,-6.0,-11.0,0.0,optimal,0,-6.0,-11.0,1.9197777706351378,0.60978416494739
1760059883.3746693,1,follower,auto,0.18680764734745026,0.9503322243690491,0.438264936208725,0.1,1.0,-0.6500000000000005,-0.08680764734745025,0.04966777563095093,-1.0882649362087253,-2.9226193366253392,7.191381998952758,4.020990718942252,0,,,,,,,,True,6.695597060815077,-3.6173095438342635,30.199452456620723,optimal,0,-8.0,-30.0,0.0011424282344673076,-0.48957601530454264
1760059883.4872162,0,follower,auto,0.9638698697090149,0.9797691106796265,-0.5329998135566711,0.9,1.0,-0.6500000000000005,-0.06386986970901487,0.020230889320373535,-0.11700018644332932,0,0,0,0,1.0,-0.08667306066901648,0.15545914490955337,-0.12172441498979453,0.9638698697090149,0.9797691106796265,-0.5329998135566711,False,,,,,,,,,
1760059883.5878236,1,leader,auto,0.18680764734745026,0.9503322243690491,0.438264936208725,0.1,1.0,-0.6500000000000005,-0.08680764734745025,0.04966777563095093,-1.0882649362087253,0,0,0,0,1.0,0.11171418122315675,0.027318193161503634,-0.0827068645237985,0.18680764734745026,0.9503322243690491,0.438264936208725,False,,,,,,,,,
1760059883.5904117,0,follower,auto,0.9649631977081299,0.9828907251358032,-0.5765705108642578,0.9,1.0,-0.7000000000000005,-0.06496319770812986,0.017109274864196777,-0.1234294891357427,-12.10436505806353,-7.170115584952916,2.8140183780823484,0,,,,,,,,True,-6.0,-12.0,0.0,optimal,0,-6.0,-12.0,1.971543364179127,0.5088944071297673
1760059883.691897,1,follower,auto,0.1945914626121521,0.9386696815490723,0.4407375156879425,0.1,1.0,-0.7000000000000005,-0.0945914626121521,0.061330318450927734,-1.1407375156879431,-6.874718154603363,4.130602178155343,5.95701947943609,0,,,,,,,,True,3.6466004837163393,-7.199851572102901,26.072653722413314,optimal,0,-9.0,-30.0,0.015625150190898385,-0.42643142219138375
1760059883.884699,0,follower,auto,0.9649631977081299,0.9828907251358032,-0.5765705108642578,0.9,1.0,-0.7000000000000005,-0.06496319770812986,0.017109274864196777,-0.1234294891357427,0,0,0,0,1.0,-0.09505413455460987,0.14542176203112522,-0.10070919706615805,0.9649631977081299,0.9828907251358032,-0.5765705108642578,False,,,,,,,,,
1760059883.98697,1,leader,auto,0.1945914626121521,0.9386696815490723,0.4407375156879425,0.1,1.0,-0.7000000000000005,-0.0945914626121521,0.061330318450927734,-1.1407375156879431,0,0,0,0,1.0,0.12220365648629335,0.024304524043356923,-0.08264434366084839,0.1945914626121521,0.9386696815490723,0.4407375156879425,False,,,,,,,,,
1760059883.9890673,0,follower,auto,0.9605794548988342,0.9783179759979248,-0.6252388954162598,0.9,1.0,-0.7500000000000006,-0.060579454898834206,0.021682024002075195,-0.12476110458374079,-12.064698710238654,-7.116534200258042,3.8983164144824247,0,,,,,,,,True,-6.0,-12.0,0.0,optimal,0,-6.0,-12.0,2.0163319113936873,0.4419764359983671
1760059884.0903056,1,follower,auto,0.20686043798923492,0.9299885034561157,0.44642263650894165,0.1,1.0,-0.7500000000000006,-0.10686043798923492,0.07001149654388428,-1.196422636508942,-7.8733597591919064,2.0715622014340638,6.863524650443319,0,,,,,,,,True,1.959673760729343,-8.384188390955043,24.703787320587114,optimal,0,-10.0,-30.0,0.04031693677977455,-0.41004022165953136
1760059884.2035892,0,follower,auto,0.9605794548988342,0.9783179759979248,-0.6252388954162598,0.9,1.0,-0.7500000000000006,-0.060579454898834206,0.021682024002075195,-0.12476110458374079,0,0,0,0,1.0,-0.10199807287469675,0.14110645777326603,-0.10257835086468614,0.9605794548988342,0.9783179759979248,-0.6252388954162598,False,,,,,,,,,
1760059884.3041663,1,leader,auto,0.20686043798923492,0.9299885034561157,0.44642263650894165,0.1,1.0,-0.7500000000000006,-0.10686043798923492,0.07001149654388428,-1.196422636508942,0,0,0,0,1.0,0.12348719938765207,0.03270233548237911,-0.08043016117885193,0.20686043798923492,0.9299885034561157,0.44642263650894165,False,,,,,,,,,
1760059884.306263,0,follower,auto,0.95325767993927,0.9701092839241028,-0.662857174873352,0.9,1.0,-0.8000000000000006,-0.05325767993927,0.029890716075897217,-0.13714282512664855,-13.015667359291232,-6.074586886002715,3.9130175236842124,0,,,,,,,,True,-5.0,-13.0,0.0,optimal,0,-5.0,-13.0,2.0419890545714057,0.36406896717252446
1760059884.4070022,1,follower,auto,0.21355658769607544,0.9351209402084351,0.4489918351173401,0.1,1.0,-0.8000000000000006,-0.11355658769607543,0.06487905979156494,-1.2489918351173408,-5.952829909187626,3.063722912416961,5.812740935358025,0,,,,,,,,True,2.0383688613504205,-6.374958183391357,26.984100196247777,optimal,0,-11.0,-30.0,0.05346798938571873,-0.4513397321968511
1760059884.5292993,0,follower,auto,0.95325767993927,0.9701092839241028,-0.662857174873352,0.9,1.0,-0.8000000000000006,-0.05325767993927,0.029890716075897217,-0.13714282512664855,0,0,0,0,1.0,-0.10593275485274156,0.1410688260811651,-0.08927186113237773,0.95325767993927,0.9701092839241028,-0.662857174873352,False,,,,,,,,,
1760059884.6296422,1,leader,auto,0.21355658769607544,0.9351209402084351,0.4489918351173401,0.1,1.0,-0.8000000000000006,-0.11355658769607543,0.06487905979156494,-1.2489918351173408,0,0,0,0,1.0,0.11257670395558471,0.052427169957904196,-0.08558379837116481,0.21355658769607544,0.9351209402084351,0.4489918351173401,False,,,,,,,,,
1760059884.6309097,0,follower,auto,0.9428389668464661,0.9605661034584045,-0.7007547616958618,0.9,1.0,-0.8500000000000006,-0.04283896684646604,0.03943389654159546,-0.14924523830413883,-13.97217721648774,-5.038200780103831,4.956310418962868,0,,,,,,,,True,-4.0,-14.0,0.0,optimal,0,-4.0,-14.0,2.0614093136592953,0.30317366210156815
1760059884.7318532,1,follower,auto,0.2145397663116455,0.945030689239502,0.4482901394367218,0.1,1.0,-0.8500000000000006,-0.1145397663116455,0.05496931076049805,-1.2982901394367223,-3.0199115520304654,4.074570832832487,4.77353410526294,0,,,,,,,,True,3.707327822217172,-3.2768974521052847,30.502945783242975,optimal,0,-11.0,-30.0,0.05443908001922548,-0.5104832354036571
1760059884.9053936,0,follower,auto,0.9428389668464661,0.9605661034584045,-0.7007547616958618,0.9,1.0,-0.8500000000000006,-0.04283896684646604,0.03943389654159546,-0.14924523830413883,0,0,0,0,1.0,-0.10874831458081968,0.1442858754837102,-0.08810787435353684,0.9428389668464661,0.9605661034584045,-0.7007547616958618,False,,,,,,,,,
1760059885.0061948,1,leader,auto,0.2145397663116455,0.945030689239502,0.4482901394367218,0.1,1.0,-0.8500000000000006,-0.1145397663116455,0.05496931076049805,-1.2982901394367223,0,0,0,0,1.0,0.10317285353939615,0.06001168194836515,-0.0895324056932697,0.2145397663116455,0.945030689239502,0.4482901394367218,False,,,,,,,,,
1760059885.0099611,0,follower,auto,0.9268783926963806,0.9505768418312073,-0.7461280822753906,0.9,1.0,-0.9000000000000007,-0.026878392696380593,0.049423158168792725,-0.15387191772461006,-14.929269015514139,-2.9844731373638593,6.047290895199607,0,,,,,,,,True,-2.0,-15.0,0.0,optimal,0,-2.0,-15.0,2.078064741243035,0.24158678067265238
1760059885.1112666,1,follower,auto,0.21502375602722168,0.9595357179641724,0.4451386034488678,0.1,1.0,-0.9000000000000007,-0.11502375602722167,0.04046428203582764,-1.3451386034488686,-2.087323836850709,4.060385807807395,3.725466859651144,0,,,,,,,,True,3.9966967084918537,-2.541891481312298,31.286556787069436,optimal,0,-11.0,-30.0,0.05241209916912848,-0.5229831486144276
1760059885.2408135,0,follower,auto,0.9268783926963806,0.9505768418312073,-0.7461280822753906,0.9,1.0,-0.9000000000000007,-0.026878392696380593,0.049423158168792725,-0.15387191772461006,0,0,0,0,1.0,-0.11280347754335573,0.1491548190096763,-0.09525344606830655,0.9268783926963806,0.9505768418312073,-0.7461280822753906,False,,,,,,,,,
1760059885.341693,1,leader,auto,0.21502375602722168,0.9595357179641724,0.4451386034488678,0.1,1.0,-0.9000000000000007,-0.11502375602722167,0.04046428203582764,-1.3451386034488686,0,0,0,0,1.0,0.10055786425987097,0.06402617227709717,-0.0913838357641722,0.21502375602722168,0.9595357179641724,0.4451386034488678,False,,,,,,,,,
1760059885.3489206,0,follower,auto,0.9133055806159973,0.9426206946372986,-0.7854511737823486,0.9,1.0,-0.9500000000000007,-0.013305580615997292,0.057379305362701416,-0.1645488262176521,-15.90467358521321,-1.9643735925272312,7.088055404667804,0,,,,,,,,True,-1.0,-16.0,0.0,optimal,0,-1.0,-16.0,2.0970273267195902,0.2241388372519335
1760059885.4507203,1,follower,auto,0.21572421491146088,0.9724358916282654,0.44440293312072754,0.1,1.0,-0.9500000000000007,-0.11572421491146087,0.02756410837173462,-1.3944029331207282,-3.1210691816710194,4.041211277084097,1.6620187214948343,0,,,,,,,,True,3.6800135613672946,-3.054087530104532,30.68525699741157,optimal,0,-11.0,-30.0,0.052899961759224956,-0.5130769388310379
1760059885.6212416,0,follower,auto,0.9133055806159973,0.9426206946372986,-0.7854511737823486,0.9,1.0,-0.9500000000000007,-0.013305580615997292,0.057379305362701416,-0.1645488262176521,0,0,0,0,1.0,-0.10663197995841611,0.15716791331789848,-0.08953530112683694,0.9133055806159973,0.9426206946372986,-0.7854511737823486,False,,,,,,,,,
1760059885.7224789,1,leader,auto,0.21572421491146088,0.9724358916282654,0.44440293312072754,0.1,1.0,-0.9500000000000007,-0.11572421491146087,0.02756410837173462,-1.3944029331207282,0,0,0,0,1.0,0.09880124738074914,0.06066707071674471,-0.0872104068182592,0.21572421491146088,0.9724358916282654,0.44440293312072754,False,,,,,,,,,
1760059885.725183,0,follower,auto,0.9025535583496094,0.9387222528457642,-0.8290047645568848,0.9,1.0,-1.0000000000000007,-0.002553558349609353,0.06127774715423584,-0.1709952354431159,-16.902648904596862,-0.959755842832184,8.169654188348279,0,,,,,,,,True,0.0,-17.0,0.0,optimal,0,0.0,-17.0,2.134916095367089,0.26141209269520227
1760059885.8269386,1,follower,auto,0.2162109762430191,0.9825866222381592,0.4468264579772949,0.1,1.0,-1.0000000000000007,-0.1162109762430191,0.01741337776184082,-1.4468264579772956,-3.131333538505517,4.025921244125529,0.578114326355982,0,,,,,,,,True,3.431986079917369,-3.6373143597204276,30.054507422001304,optimal,0,-11.0,-30.0,0.055854241288117557,-0.5033899188811352
1760059885.9301453,0,follower,auto,0.9025535583496094,0.9387222528457642,-0.8290047645568848,0.9,1.0,-1.0000000000000007,-0.002553558349609353,0.06127774715423584,-0.1709952354431159,0,0,0,0,1.0,-0.09937764493944301,0.16770021750641206,-0.09548173773147262,0.9025535583496094,0.9387222528457642,-0.8290047645568848,False,,,,,,,,,
1760059886.0306435,1,leader,auto,0.2162109762430191,0.9825866222381592,0.4468264579772949,0.1,1.0,-1.0000000000000007,-0.1162109762430191,0.01741337776184082,-1.4468264579772956,0,0,0,0,1.0,0.09670068626230731,0.057398672601211786,-0.08048060594595086,0.2162109762430191,0.9825866222381592,0.4468264579772949,False,,,,,,,,,
1760059886.0324337,0,follower,auto,0.8972452282905579,0.9416854381561279,-0.8689825534820557,0.9,1.0,-1.0500000000000007,0.002754771709442161,0.05831456184387207,-0.18101744651794505,-17.93595159610364,-0.9751825950883197,7.219938104687161,0,,,,,,,,True,0.0,-18.0,0.0,optimal,0,0.0,-18.0,2.1868739518950386,0.35762909950364763
1760059886.1336524,1,follower,auto,0.21830856800079346,0.9863703846931458,0.4478569030761719,0.1,1.0,-1.0500000000000007,-0.11830856800079345,0.013629615306854248,-1.4978569030761726,-4.102580317441547,4.008517316341687,0.517971293794551,0,,,,,,,,True,3.1268967166852626,-4.187825300619149,29.425118072069818,optimal,0,-11.0,-30.0,0.06020471809648875,-0.4940847347192686
1760059886.2868917,0,follower,auto,0.8972452282905579,0.9416854381561279,-0.8689825534820557,0.9,1.0,-1.0500000000000007,0.002754771709442161,0.05831456184387207,-0.18101744651794505,0,0,0,0,1.0,-0.08893104987857225,0.1814024804625224,-0.09434668580656735,0.8972452282905579,0.9416854381561279,-0.8689825534820557,False,,,,,,,,,
1760059886.3877463,1,leader,auto,0.21830856800079346,0.9863703846931458,0.4478569030761719,0.1,1.0,-1.0500000000000007,-0.11830856800079345,0.013629615306854248,-1.4978569030761726,0,0,0,0,1.0,0.09653539675691053,0.050719117628737376,-0.07762296367324018,0.21830856800079346,0.9863703846931458,0.4478569030761719,False,,,,,,,,,
1760059886.3943474,0,follower,auto,0.8936055302619934,0.9505332708358765,-0.9196051955223083,0.9,1.0,-1.1000000000000008,0.006394469738006614,0.049466729164123535,-0.1803948044776924,-17.978910820365705,-0.9784544713003148,6.33618320385755,0,,,,,,,,True,0.0,-18.0,0.0,optimal,0,0.0,-18.0,2.266531195660834,0.4632039668433804
1760059886.4959846,1,follower,auto,0.22246691584587097,0.9899624586105347,0.44717109203338623,0.1,1.0,-1.1000000000000008,-0.12246691584587097,0.010037541389465332,-1.547171092033387,-4.084896361405827,2.98627655844697,0.45068511863572547,0,,,,,,,,True,2.1180124272671232,-4.033209333529243,29.556598119756302,optimal,0,-12.0,-30.0,0.06641381321135009,-0.49805987882957103
1760059886.602135,0,follower,auto,0.8936055302619934,0.9505332708358765,-0.9196051955223083,0.9,1.0,-1.1000000000000008,0.006394469738006614,0.049466729164123535,-0.1803948044776924,0,0,0,0,1.0,-0.08290173745045915,0.19433893060025942,-0.1065506758779422,0.8936055302619934,0.9505332708358765,-0.9196051955223083,False,,,,,,,,,
1760059886.7052581,1,leader,auto,0.22246691584587097,0.9899624586105347,0.44717109203338623,0.1,1.0,-1.1000000000000008,-0.12246691584587097,0.010037541389465332,-1.547171092033387,0,0,0,0,1.0,0.09681254635514075,0.05158686235085708,-0.07519981328830294,0.22246691584587097,0.9899624586105347,0.44717109203338623,False,,,,,,,,,
1760059886.7074292,0,follower,auto,0.8930894732475281,0.9558185935020447,-0.9681615829467773,0.9,1.0,-1.1500000000000008,0.006910526752471946,0.04418140649795532,-0.18183841705322346,-17.985608022415864,-0.9948438407988164,6.409694526672784,0,,,,,,,,True,0.0,-18.0,0.0,optimal,0,0.0,-18.0,2.3566530258165908,0.5962153499462749
1760059886.810332,1,follower,auto,0.22276459634304047,0.9878230690956116,0.4451397955417633,0.1,1.0,-1.1500000000000008,-0.12276459634304046,0.012176930904388428,-1.595139795541764,-2.0467470513508252,2.9981076483154556,0.38883424252278564,0,,,,,,,,True,2.9892409427725006,-2.2949579047202135,31.499947643475736,optimal,0,-12.0,-30.0,0.06509101857048905,-0.5304066376460724
1760059886.9991417,0,follower,auto,0.8930894732475281,0.9558185935020447,-0.9681615829467773,0.9,1.0,-1.1500000000000008,0.006910526752471946,0.04418140649795532,-0.18183841705322346,0,0,0,0,1.0,-0.07578244666063272,0.19709499557102927,-0.10442756391333952,0.8930894732475281,0.9558185935020447,-0.9681615829467773,False,,,,,,,,,
1760059887.0996382,1,leader,auto,0.22276459634304047,0.9878230690956116,0.4451397955417633,0.1,1.0,-1.1500000000000008,-0.12276459634304046,0.012176930904388428,-1.595139795541764,0,0,0,0,1.0,0.09012940278437126,0.04684508353889938,-0.0724839950584778,0.22276459634304047,0.9878230690956116,0.4451397955417633,False,,,,,,,,,
1760059887.1021361,0,follower,auto,0.8945565819740295,0.9552387595176697,-1.0315375328063965,0.9,1.0,-1.2000000000000008,0.005443418025970481,0.04476124048233032,-0.16846246719360436,-15.97249000698454,-1.0164841153326871,6.564031418883927,0,,,,,,,,True,0.0,-16.0,0.0,optimal,0,0.0,-16.0,2.4877690583102017,0.7564614614932857
1760059887.2033615,1,follower,auto,0.21887971460819244,0.9786781668663025,0.44241559505462646,0.1,1.0,-1.2000000000000008,-0.11887971460819244,0.02132183313369751,-1.6424155950546273,-0.9963726230479936,5.027617904222734,1.3031478433311192,0,,,,,,,,True,4.569821844950873,-1.1813701609693226,32.75565261268013,optimal,0,-11.0,-30.0,0.05629554574433382,-0.5487718207394348
1760059887.3204496,0,follower,auto,0.8945565819740295,0.9552387595176697,-1.0315375328063965,0.9,1.0,-1.2000000000000008,0.005443418025970481,0.04476124048233032,-0.16846246719360436,0,0,0,0,1.0,-0.0702471779608268,0.1973897472086401,-0.11939116704036212,0.8945565819740295,0.9552387595176697,-1.0315375328063965,False,,,,,,,,,
1760059887.421044,1,leader,auto,0.21887971460819244,0.9786781668663025,0.44241559505462646,0.1,1.0,-1.2000000000000008,-0.11887971460819244,0.02132183313369751,-1.6424155950546273,0,0,0,0,1.0,0.08353718403360688,0.03907561286353034,-0.06921669359300586,0.21887971460819244,0.9786781668663025,0.44241559505462646,False,,,,,,,,,
1760059887.4237714,0,follower,auto,0.901045560836792,0.95295649766922,-1.0818698406219482,0.9,1.0,-1.2500000000000009,-0.00104556083679197,0.04704350233078003,-0.16813015937805265,-15.961695836276194,-1.0577330846519244,6.599541642285623,0,,,,,,,,True,0.0,-16.0,0.0,optimal,0,0.0,-16.0,2.613580127755199,0.8703791441428487
1760059887.5256023,1,follower,auto,0.21465307474136353,0.9736320972442627,0.4396071135997772,0.1,1.0,-1.2500000000000009,-0.11465307474136352,0.026367902755737305,-1.689607113599778,0.0018160394424897558,5.0515713975360175,1.2338034513145746,0,,,,,,,,True,4.912564490197369,-0.5118065929174875,33.50765970741906,optimal,0,-11.0,-30.0,0.04691404651308495,-0.5583226315167673
1760059887.812259,0,follower,auto,0.901045560836792,0.95295649766922,-1.0818698406219482,0.9,1.0,-1.2500000000000009,-0.00104556083679197,0.04704350233078003,-0.16813015937805265,0,0,0,0,1.0,-0.062026961262248936,0.1998164245190316,-0.1057480863927569,0.901045560836792,0.95295649766922,-1.0818698406219482,False,,,,,,,,,
1760059887.912607,1,leader,auto,0.21465307474136353,0.9736320972442627,0.4396071135997772,0.1,1.0,-1.2500000000000009,-0.11465307474136352,0.026367902755737305,-1.689607113599778,0,0,0,0,1.0,0.08321081276383233,0.04182628132203581,-0.06645112078846893,0.21465307474136353,0.9736320972442627,0.4396071135997772,False,,,,,,,,,
1760059887.9131546,0,follower,auto,0.9181690216064453,0.9462832808494568,-1.1565128564834595,0.9,1.0,-1.300000000000001,-0.01816902160644529,0.05371671915054321,-0.14348714351654146,-13.934734420862908,-2.1438162538090637,7.793989644353758,0,,,,,,,,True,-1.0,-14.0,0.0,optimal,0,-1.0,-14.0,2.8323591653770026,1.0827266871205756
1760059888.0135932,1,follower,auto,0.20919941365718842,0.9696505069732666,0.4336812198162079,0.1,1.0,-1.300000000000001,-0.10919941365718841,0.0303494930267334,-1.7336812198162088,-0.008479328406014975,6.092954588995283,2.144403304235639,0,,,,,,,,True,5.696685878906058,-0.7117845339145816,33.229286973525234,optimal,0,-10.0,-30.0,0.032883091484411486,-0.5491325639026358
1760059888.1185293,0,follower,auto,0.9181690216064453,0.9462832808494568,-1.1565128564834595,0.9,1.0,-1.300000000000001,-0.01816902160644529,0.05371671915054321,-0.14348714351654146,0,0,0,0,1.0,-0.048728594764275046,0.19939817991285236,-0.13031345089743662,0.9181690216064453,0.9462832808494568,-1.1565128564834595,False,,,,,,,,,
1760059888.2192252,1,leader,auto,0.20919941365718842,0.9696505069732666,0.4336812198162079,0.1,1.0,-1.300000000000001,-0.10919941365718841,0.0303494930267334,-1.7336812198162088,0,0,0,0,1.0,0.0820427141781922,0.04037936775431483,-0.06681526932119553,0.20919941365718842,0.9696505069732666,0.4336812198162079,False,,,,,,,,,
1760059888.2210975,0,follower,auto,0.928536593914032,0.9434521198272705,-1.2024966478347778,0.9,1.0,-1.350000000000001,-0.02853659391403196,0.05654788017272949,-0.14750335216522314,-13.944005306627487,-3.1490380954050803,7.766301292450777,0,,,,,,,,True,-2.0,-14.0,0.0,optimal,0,-2.0,-14.0,2.972422306988188,1.1422290979554304
1760059888.3223908,1,follower,auto,0.2076127678155899,0.9668117165565491,0.43120989203453064,0.1,1.0,-1.350000000000001,-0.1076127678155899,0.03318828344345093,-1.7812098920345316,-1.0151450221097944,6.096899704803796,2.0687280924846236,0,,,,,,,,True,5.128964170978426,-1.6649713886240072,32.12101186597715,optimal,0,-10.0,-30.0,0.02818035372718941,-0.5293348180151252
1760059888.441102,0,follower,auto,0.928536593914032,0.9434521198272705,-1.2024966478347778,0.9,1.0,-1.350000000000001,-0.02853659391403196,0.05654788017272949,-0.14750335216522314,0,0,0,0,1.0,-0.054704583794294215,0.20521107933652105,-0.10162940897775119,0.928536593914032,0.9434521198272705,-1.2024966478347778,False,,,,,,,,,
1760059888.5416903,1,leader,auto,0.2076127678155899,0.9668117165565491,0.43120989203453064,0.1,1.0,-1.350000000000001,-0.1076127678155899,0.03318828344345093,-1.7812098920345316,0,0,0,0,1.0,0.08708012115907254,0.03910788487174055,-0.06149619046426735,0.2076127678155899,0.9668117165565491,0.43120989203453064,False,,,,,,,,,
1760059888.5440245,0,follower,auto,0.937965452671051,0.9417746663093567,-1.2467737197875977,0.9,1.0,-1.400000000000001,-0.037965452671051,0.05822533369064331,-0.15322628021240337,-14.958437677045504,-4.15625264246177,7.79573341407524,0,,,,,,,,True,-3.0,-15.0,0.0,optimal,0,-3.0,-15.0,3.109782441962674,1.1162922354338063
1760059888.645219,1,follower,auto,0.20706163346767426,0.9605949521064758,0.42992445826530457,0.1,1.0,-1.400000000000001,-0.10706163346767425,0.03940504789352417,-1.8299244582653056,-1.996151706110134,5.103324682763151,1.996137925437972,0,,,,,,,,True,4.73570135594351,-2.3378863937982644,31.34219876801828,optimal,0,-10.0,-30.0,0.02618352003022606,-0.5158848422664518
1760059888.8111792,0,follower,auto,0.937965452671051,0.9417746663093567,-1.2467737197875977,0.9,1.0,-1.400000000000001,-0.037965452671051,0.05822533369064331,-0.15322628021240337,0,0,0,0,1.0,-0.05551006041260931,0.20799612738722972,-0.10159122633303852,0.937965452671051,0.9417746663093567,-1.2467737197875977,False,,,,,,,,,
1760059888.9117386,1,leader,auto,0.20706163346767426,0.9605949521064758,0.42992445826530457,0.1,1.0,-1.400000000000001,-0.10706163346767425,0.03940504789352417,-1.8299244582653056,0,0,0,0,1.0,0.08898772508801485,0.03439858276819019,-0.05868925311644474,0.20706163346767426,0.9605949521064758,0.42992445826530457,False,,,,,,,,,
1760059888.913186,0,follower,auto,0.944250226020813,0.9354956746101379,-1.294507384300232,0.9,1.0,-1.450000000000001,-0.044250226020812966,0.06450432538986206,-0.15549261569976913,-14.939138566201878,-5.14811263903651,8.872159867579182,0,,,,,,,,True,-4.0,-15.0,0.0,optimal,0,-4.0,-15.0,3.2504581285731606,1.1037364228387774
1760059889.01417,1,follower,auto,0.20841854810714722,0.9558224081993103,0.4304743707180023,0.1,1.0,-1.450000000000001,-0.10841854810714721,0.0441775918006897,-1.8804743707180034,-3.000821799198,5.100139161572137,2.9135732929265155,0,,,,,,,,True,4.139235614325891,-3.446920178748318,30.082952510536344,optimal,0,-10.0,-30.0,0.028848732768727903,-0.4959464542268395
1760059889.1644552,0,follower,auto,0.944250226020813,0.9354956746101379,-1.294507384300232,0.9,1.0,-1.450000000000001,-0.044250226020812966,0.06450432538986206,-0.15549261569976913,0,0,0,0,1.0,-0.0594797948375716,0.20587325923973654,-0.10674807872694592,0.944250226020813,0.9354956746101379,-1.294507384300232,False,,,,,,,,,
1760059889.265134,1,leader,auto,0.20841854810714722,0.9558224081993103,0.4304743707180023,0.1,1.0,-1.450000000000001,-0.10841854810714721,0.0441775918006897,-1.8804743707180034,0,0,0,0,1.0,0.09065983525288573,0.035775040051116536,-0.05532868963297222,0.20841854810714722,0.9558224081993103,0.4304743707180023,False,,,,,,,,,
1760059889.2675028,0,follower,auto,0.9434294104576111,0.9293305277824402,-1.3410723209381104,0.9,1.0,-1.500000000000001,-0.04342941045761106,0.07066947221755981,-0.15892767906189076,-14.932491348608123,-5.113365256561856,9.938504935531151,0,,,,,,,,True,-4.0,-15.0,0.0,optimal,0,-4.0,-15.0,3.370649315051859,1.0761270407040135
1760059889.3688064,1,follower,auto,0.20776064693927765,0.9509996175765991,0.4306116998195648,0.1,1.0,-1.500000000000001,-0.10776064693927764,0.04900038242340088,-1.930611699819566,-2.0033474237201236,5.105183823593044,2.842210964273085,0,,,,,,,,True,4.581337337213878,-2.6476765826775086,30.99620936287913,optimal,0,-10.0,-30.0,0.027903698765255225,-0.5107144484752005
1760059889.511666,0,follower,auto,0.9434294104576111,0.9293305277824402,-1.3410723209381104,0.9,1.0,-1.500000000000001,-0.04342941045761106,0.07066947221755981,-0.15892767906189076,0,0,0,0,1.0,-0.06816470869931779,0.20857384712307525,-0.10804662599615233,0.9434294104576111,0.9293305277824402,-1.3410723209381104,False,,,,,,,,,
1760059889.612131,1,leader,auto,0.20776064693927765,0.9509996175765991,0.4306116998195648,0.1,1.0,-1.500000000000001,-0.10776064693927764,0.04900038242340088,-1.930611699819566,0,0,0,0,1.0,0.0883055684919422,0.03657911273170189,-0.05533512489905562,0.20776064693927765,0.9509996175765991,0.4306116998195648,False,,,,,,,,,
1760059889.6138713,0,follower,auto,0.9387602806091309,0.9280654191970825,-1.3868379592895508,0.9,1.0,-1.5500000000000012,-0.03876028060913084,0.07193458080291748,-0.16316204071045037,-15.953406958706315,-4.0821886811477,10.00290521270881,0,,,,,,,,True,-3.0,-16.0,0.0,optimal,0,-3.0,-16.0,3.481102726506697,1.0239551976160777
1760059889.7147198,1,follower,auto,0.2062000185251236,0.9485841393470764,0.4307592809200287,0.1,1.0,-1.5500000000000012,-0.10620001852512359,0.051415860652923584,-1.9807592809200298,-2.011886208369661,5.105899235960122,3.7729053976865616,0,,,,,,,,True,4.802965495385397,-2.2950808369882303,31.411627358139015,optimal,0,-10.0,-30.0,0.02551202796864971,-0.5168199800652004
1760059889.8242822,0,follower,auto,0.9387602806091309,0.9280654191970825,-1.3868379592895508,0.9,1.0,-1.5500000000000012,-0.03876028060913084,0.07193458080291748,-0.16316204071045037,0,0,0,0,1.0,-0.07303650571919884,0.21589194588663896,-0.11070303508547652,0.9387602806091309,0.9280654191970825,-1.3868379592895508,False,,,,,,,,,
1760059889.9247863,1,leader,auto,0.2062000185251236,0.9485841393470764,0.4307592809200287,0.1,1.0,-1.5500000000000012,-0.10620001852512359,0.051415860652923584,-1.9807592809200298,0,0,0,0,1.0,0.08720969095973422,0.03879502578470839,-0.054846976370484024,0.2062000185251236,0.9485841393470764,0.4307592809200287,False,,,,,,,,,
1760059889.9276197,0,follower,auto,0.932266354560852,0.9278020262718201,-1.4302114248275757,0.9,1.0,-1.6000000000000012,-0.03226635456085203,0.07219797372817993,-0.16978857517242552,-15.968339615740518,-4.058894422019185,10.05562939282313,0,,,,,,,,True,-3.0,-16.0,0.0,optimal,0,-3.0,-16.0,3.583344901026527,1.0691599092738255
1760059890.0294738,1,follower,auto,0.20482340455055237,0.9450084567070007,0.43012726306915283,0.1,1.0,-1.6000000000000012,-0.10482340455055236,0.05499154329299927,-2.0301272630691543,-2.0051242170078543,5.099063856558882,3.711936820528865,0,,,,,,,,True,4.90624688426624,-2.108495795260847,31.62486684521658,optimal,0,-10.0,-30.0,0.02275017494770215,-0.519467733847021
1760059890.3263803,0,follower,auto,0.932266354560852,0.9278020262718201,-1.4302114248275757,0.9,1.0,-1.6000000000000012,-0.03226635456085203,0.07219797372817993,-0.16978857517242552,0,0,0,0,1.0,-0.07456130025699315,0.21989355175224212,-0.11167158537964106,0.932266354560852,0.9278020262718201,-1.4302114248275757,False,,,,,,,,,
1760059890.4268687,1,leader,auto,0.20482340455055237,0.9450084567070007,0.43012726306915283,0.1,1.0,-1.6000000000000012,-0.10482340455055236,0.05499154329299927,-2.0301272630691543,0,0,0,0,1.0,0.08726702317769311,0.03731900603544258,-0.05610866213728127,0.20482340455055237,0.9450084567070007,0.43012726306915283,False,,,,,,,,,
1760059890.4283843,0,follower,auto,0.9183622002601624,0.9273942112922668,-1.4926538467407227,0.9,1.0,-1.6500000000000012,-0.01836220026016233,0.07260578870773315,-0.1573461532592786,-14.987105063700122,-2.0061214734210555,10.22940729569213,0,,,,,,,,True,-1.0,-15.0,0.0,optimal,0,-1.0,-15.0,3.7234392773687586,1.012035983055978
1760059890.6296284,1,follower,auto,0.20222891867160797,0.9336788058280945,0.4324212968349457,0.1,1.0,-1.6500000000000012,-0.10222891867160797,0.06632119417190552,-2.082421296834947,-1.9556367295188601,5.087466592537428,4.603485798532355,0,,,,,,,,True,4.8189512443336024,-2.507849822376528,31.231708844873324,optimal,0,-10.0,-30.0,0.020559415909433554,-0.5123345044276961
1760059890.7379324,0,follower,auto,0.9183622002601624,0.9273942112922668,-1.4926538467407227,0.9,1.0,-1.6500000000000012,-0.01836220026016233,0.07260578870773315,-0.1573461532592786,0,0,0,0,1.0,-0.08155674491600362,0.2225238562085573,-0.13409587602480788,0.9183622002601624,0.9273942112922668,-1.4926538467407227,False,,,,,,,,,
1760059890.8385103,1,leader,auto,0.20222891867160797,0.9336788058280945,0.4324212968349457,0.1,1.0,-1.6500000000000012,-0.10222891867160797,0.06632119417190552,-2.082421296834947,0,0,0,0,1.0,0.08591219373921724,0.029331021651493372,-0.05352802761290454,0.20222891867160797,0.9336788058280945,0.4324212968349457,False,,,,,,,,,
1760059890.8405018,0,follower,auto,0.9221703410148621,0.9268056750297546,-1.5505141019821167,0.9,1.0,-1.7000000000000013,-0.02217034101486204,0.07319432497024536,-0.1494858980178846,-14.001565871269536,-3.079889614704072,10.326548352869798,0,,,,,,,,True,-2.0,-14.0,0.0,optimal,0,-2.0,-14.0,3.9110965275107117,1.3851493506463353
1760059890.941705,1,follower,auto,0.19929103553295135,0.923420250415802,0.4368171691894531,0.1,1.0,-1.7000000000000013,-0.09929103553295135,0.076579749584198,-2.136817169189454,-2.9356988816619785,6.100638068451603,5.497869983522471,0,,,,,,,,True,5.632048796735399,-3.226177312552185,30.511218154785972,optimal,0,-9.0,-30.0,0.019675398782024955,-0.5002489187254384
1760059891.0476093,0,follower,auto,0.9221703410148621,0.9268056750297546,-1.5505141019821167,0.9,1.0,-1.7000000000000013,-0.02217034101486204,0.07319432497024536,-0.1494858980178846,0,0,0,0,1.0,-0.06095716663907502,0.2239788086167851,-0.13169736408725852,0.9221703410148621,0.9268056750297546,-1.5505141019821167,False,,,,,,,,,
1760059891.1482422,1,leader,auto,0.19929103553295135,0.923420250415802,0.4368171691894531,0.1,1.0,-1.7000000000000013,-0.09929103553295135,0.076579749584198,-2.136817169189454,0,0,0,0,1.0,0.0855015314476894,0.0305978925485364,-0.05281799316594804,0.19929103553295135,0.923420250415802,0.4368171691894531,False,,,,,,,,,
1760059891.1518316,0,follower,auto,0.9303261637687683,0.9318267703056335,-1.5974153280258179,0.9,1.0,-1.7500000000000013,-0.03032616376876829,0.06817322969436646,-0.15258467197418346,-15.041962694415759,-4.130224267191535,9.357524187872544,0,,,,,,,,True,-3.0,-15.0,0.0,optimal,0,-3.0,-15.0,4.083633897727067,1.5856349674923815
1760059891.2539306,1,follower,auto,0.19879375398159027,0.9172082543373108,0.440500408411026,0.1,1.0,-1.7500000000000013,-0.09879375398159027,0.08279174566268921,-2.1905004084110273,-3.934214948092725,6.1042829302651045,6.421316857698076,0,,,,,,,,True,5.267036490166385,-4.128469761738639,29.544617226848803,optimal,0,-9.0,-30.0,0.022112071210282025,-0.4851117388980418
1760059891.4353538,0,follower,auto,0.9303261637687683,0.9318267703056335,-1.5974153280258179,0.9,1.0,-1.7500000000000013,-0.03032616376876829,0.06817322969436646,-0.15258467197418346,0,0,0,0,1.0,-0.05603194425622804,0.23015127750943865,-0.12316304139720002,0.9303261637687683,0.9318267703056335,-1.5974153280258179,False,,,,,,,,,
1760059891.5360448,1,leader,auto,0.19879375398159027,0.9172082543373108,0.440500408411026,0.1,1.0,-1.7500000000000013,-0.09879375398159027,0.08279174566268921,-2.1905004084110273,0,0,0,0,1.0,0.08891267921657518,0.035744277211087416,-0.055859416692448205,0.19879375398159027,0.9172082543373108,0.440500408411026,False,,,,,,,,,
1760059891.538058,0,follower,auto,0.9396164417266846,0.9424925446510315,-1.6520628929138184,0.9,1.0,-1.8000000000000014,-0.03961644172668455,0.057507455348968506,-0.14793710708618302,-14.096728918340597,-4.1582735321065325,8.467800377759259,0,,,,,,,,True,-3.0,-14.0,0.0,optimal,0,-3.0,-14.0,4.289730589777912,1.625213159152969
1760059891.6393151,1,follower,auto,0.20003199577331543,0.9118777513504028,0.44666072726249695,0.1,1.0,-1.8000000000000014,-0.10003199577331542,0.08812224864959717,-2.2466607272624985,-3.918532514117606,5.106271348080109,6.319498369265352,0,,,,,,,,True,4.050965107984773,-4.83275118728773,28.823948953375087,optimal,0,-10.0,-30.0,0.029556999539696815,-0.47539113461334437
1760059891.7638547,0,follower,auto,0.9396164417266846,0.9424925446510315,-1.6520628929138184,0.9,1.0,-1.8000000000000014,-0.03961644172668455,0.057507455348968506,-0.14793710708618302,0,0,0,0,1.0,-0.05566579666403593,0.2370288426228071,-0.1328771219455398,0.9396164417266846,0.9424925446510315,-1.6520628929138184,False,,,,,,,,,
1760059891.8644273,1,leader,auto,0.20003199577331543,0.9118777513504028,0.44666072726249695,0.1,1.0,-1.8000000000000014,-0.10003199577331542,0.08812224864959717,-2.2466607272624985,0,0,0,0,1.0,0.09141772473693202,0.038415328618098155,-0.05645208891870135,0.20003199577331543,0.9118777513504028,0.44666072726249695,False,,,,,,,,,
1760059891.867133,0,follower,auto,0.947449803352356,0.9495828151702881,-1.696075439453125,0.9,1.0,-1.8500000000000014,-0.047449803352355935,0.050417184829711914,-0.15392456054687642,-15.105311223085758,-5.163475081060545,8.501918889270103,0,,,,,,,,True,-4.0,-15.0,0.0,optimal,0,-4.0,-15.0,4.461272790211357,1.6492337653280011
1760059891.9695275,1,follower,auto,0.2035125344991684,0.9093894362449646,0.4513590335845947,0.1,1.0,-1.8500000000000014,-0.10351253449916839,0.0906105637550354,-2.301359033584596,-4.918595419389739,4.100356044376215,7.249390543749557,0,,,,,,,,True,3.579952912262767,-5.824872061929099,27.728179383460613,optimal,0,-10.0,-30.0,0.039357370295696525,-0.45998014939135623
1760059892.1497505,0,follower,auto,0.947449803352356,0.9495828151702881,-1.696075439453125,0.9,1.0,-1.8500000000000014,-0.047449803352355935,0.050417184829711914,-0.15392456054687642,0,0,0,0,1.0,-0.05794103872854528,0.233328337157638,-0.12273727665787293,0.947449803352356,0.9495828151702881,-1.696075439453125,False,,,,,,,,,
1760059892.2502697,1,leader,auto,0.2035125344991684,0.9093894362449646,0.4513590335845947,0.1,1.0,-1.8500000000000014,-0.10351253449916839,0.0906105637550354,-2.301359033584596,0,0,0,0,1.0,0.09328122953492402,0.04287112929659964,-0.060846474482217805,0.2035125344991684,0.9093894362449646,0.4513590335845947,False,,,,,,,,,
1760059892.2524457,0,follower,auto,0.959722638130188,0.9568389654159546,-1.7556953430175781,0.9,1.0,-1.9000000000000015,-0.059722638130187966,0.04316103458404541,-0.14430465698242334,-14.121252059404862,-6.190665092240041,7.657208945508562,0,,,,,,,,True,-5.0,-14.0,0.0,optimal,0,-5.0,-14.0,4.705200845389404,1.9533575358144373
1760059892.353785,1,follower,auto,0.20982368290424347,0.905325710773468,0.45935478806495667,0.1,1.0,-1.9000000000000015,-0.10982368290424346,0.09467428922653198,-2.359354788064958,-6.8993281173893015,3.0936766518665317,7.135005310550519,0,,,,,,,,True,2.830565943320547,-7.380237594266028,26.00532779485298,optimal,0,-10.0,-30.0,0.05682121871079382,-0.4358124215546022
1760059892.4803324,0,follower,auto,0.959722638130188,0.9568389654159546,-1.7556953430175781,0.9,1.0,-1.9000000000000015,-0.059722638130187966,0.04316103458404541,-0.14430465698242334,0,0,0,0,1.0,-0.05518857833373225,0.2345998278776753,-0.13948231597281713,0.959722638130188,0.9568389654159546,-1.7556953430175781,False,,,,,,,,,
1760059892.5809398,1,leader,auto,0.20982368290424347,0.905325710773468,0.45935478806495667,0.1,1.0,-1.9000000000000015,-0.10982368290424346,0.09467428922653198,-2.359354788064958,0,0,0,0,1.0,0.09461532148642689,0.043642046592135,-0.06114762839877008,0.20982368290424347,0.905325710773468,0.45935478806495667,False,,,,,,,,,
1760059892.5831683,0,follower,auto,0.9621675610542297,0.9600624442100525,-1.7798256874084473,0.9,1.0,-1.9500000000000015,-0.062167561054229714,0.03993755578994751,-0.17017431259155424,-17.11062990113044,-7.153523684641797,6.575424987422157,0,,,,,,,,True,-6.0,-17.0,0.0,optimal,0,-6.0,-17.0,4.798146966369073,1.3487119162202563
1760059892.6860704,1,follower,auto,0.21316088736057281,0.9041313529014587,0.4692992568016052,0.1,1.0,-1.9500000000000015,-0.11316088736057281,0.09586864709854126,-2.4192992568016067,-6.90406645978058,3.100142217532187,7.071819967143293,0,,,,,,,,True,2.174352118225862,-7.172629822880765,26.356258894961456,optimal,0,-11.0,-30.0,0.07147242116757313,-0.4454106884506909
1760059892.812963,0,follower,auto,0.9621675610542297,0.9600624442100525,-1.7798256874084473,0.9,1.0,-1.9500000000000015,-0.062167561054229714,0.03993755578994751,-0.17017431259155424,0,0,0,0,1.0,-0.06789584057973874,0.2306124188128511,-0.10328102678637263,0.9621675610542297,0.9600624442100525,-1.7798256874084473,False,,,,,,,,,
1760059892.9133003,1,leader,auto,0.21316088736057281,0.9041313529014587,0.4692992568016052,0.1,1.0,-1.9500000000000015,-0.11316088736057281,0.09586864709854126,-2.4192992568016067,0,0,0,0,1.0,0.08905813490036207,0.05079221951348356,-0.0626650617491078,0.21316088736057281,0.9041313529014587,0.4692992568016052,False,,,,,,,,,
1760059892.9141223,0,follower,auto,0.9627174735069275,0.9631187319755554,-1.7850489616394043,0.9,1.0,-2.0000000000000013,-0.06271747350692747,0.03688126802444458,-0.21495103836059704,-20,-7.133828042030656,6.483768364294388,0,,,,,,,,True,-6.0,-21.0,0.0,optimal,0,-6.0,-21.0,4.81848569745379,0.899406815697258
1760059893.0147407,1,follower,auto,0.2143746018409729,0.9060840606689453,0.482490599155426,0.1,1.0,-2.0000000000000013,-0.1143746018409729,0.09391593933105469,-2.4824905991554274,-6.91903829468657,3.1104063687787615,7.026939235959219,0,,,,,,,,True,2.272018237542646,-7.598745785421642,26.037716076565342,optimal,0,-11.0,-30.0,0.086003170397005,-0.4436394572370484
1760059893.1211777,0,follower,auto,0.9627174735069275,0.9631187319755554,-1.7850489616394043,0.9,1.0,-2.0000000000000013,-0.06271747350692747,0.03688126802444458,-0.21495103836059704,0,0,0,0,1.0,-0.07287062430094027,0.2337191125566156,-0.0847525200067003,0.9627174735069275,0.9631187319755554,-1.7850489616394043,False,,,,,,,,,
1760059893.2221057,1,leader,auto,0.2143746018409729,0.9060840606689453,0.482490599155426,0.1,1.0,-2.0000000000000013,-0.1143746018409729,0.09391593933105469,-2.4824905991554274,0,0,0,0,1.0,0.08469129904794329,0.05779581844195092,-0.0627301043941324,0.2143746018409729,0.9060840606689453,0.482490599155426,False,,,,,,,,,
1760059893.223633,0,follower,auto,0.9631132483482361,0.9636617302894592,-1.7841169834136963,0.9,1.0,-2.050000000000001,-0.06311324834823606,0.03633826971054077,-0.26588301658630487,-20,-7.1281548896671305,6.433357829005724,0,,,,,,,,True,-6.0,-26.0,0.0,optimal,0,-6.0,-26.0,4.8163964376669615,0.6551386757978926
1760059893.3253665,1,follower,auto,0.2143809050321579,0.906284511089325,0.4909059703350067,0.1,1.0,-2.050000000000001,-0.11438090503215789,0.09371548891067505,-2.540905970335008,-5.916153153459338,4.1194396599550895,7.030595583568146,0,,,,,,,,True,3.234093509754249,-6.38656961764924,27.571788343641295,optimal,0,-11.0,-30.0,0.09420493019155096,-0.47192270925488033
1760059893.4434536,0,follower,auto,0.9631132483482361,0.9636617302894592,-1.7841169834136963,0.9,1.0,-2.050000000000001,-0.06311324834823606,0.03633826971054077,-0.26588301658630487,0,0,0,0,1.0,-0.07578635249630361,0.2371826763516195,-0.07999588471392771,0.9631132483482361,0.9636617302894592,-1.7841169834136963,False,,,,,,,,,
1760059893.5439177,1,leader,auto,0.2143809050321579,0.906284511089325,0.4909059703350067,0.1,1.0,-2.050000000000001,-0.11438090503215789,0.09371548891067505,-2.540905970335008,0,0,0,0,1.0,0.08151281618463035,0.05949485028301349,-0.0707692085406838,0.2143809050321579,0.906284511089325,0.4909059703350067,False,,,,,,,,,
1760059893.5452347,0,follower,auto,0.9630923867225647,0.9651775360107422,-1.7827606201171875,0.9,1.0,-2.100000000000001,-0.06309238672256468,0.03482246398925781,-0.3172393798828135,-20,-7.128372464604407,6.418145024523499,0,,,,,,,,True,-6.0,-30.0,0.0,optimal,0,-6.0,-30.0,4.811493238070662,0.5285260072090433
1760059893.646095,1,follower,auto,0.21179693937301636,0.9048130512237549,0.49563586711883545,0.1,1.0,-2.100000000000001,-0.11179693937301635,0.09518694877624512,-2.5956358671188364,-3.903938836061987,5.1366981702870085,7.045478706911245,0,,,,,,,,True,4.521956401717514,-4.5767456797583,29.787127937558992,optimal,0,-11.0,-30.0,0.09466918355003662,-0.5099716505991607
1760059893.8343272,0,follower,auto,0.9630923867225647,0.9651775360107422,-1.7827606201171875,0.9,1.0,-2.100000000000001,-0.06309238672256468,0.03482246398925781,-0.3172393798828135,0,0,0,0,1.0,-0.07878396270317256,0.24392452317790148,-0.08120510438929696,0.9630923867225647,0.9651775360107422,-1.7827606201171875,False,,,,,,,,,
1760059893.9350407,1,leader,auto,0.21179693937301636,0.9048130512237549,0.49563586711883545,0.1,1.0,-2.100000000000001,-0.11179693937301635,0.09518694877624512,-2.5956358671188364,0,0,0,0,1.0,0.07815121802318109,0.06016940213354238,-0.07723912600756289,0.21179693937301636,0.9048130512237549,0.49563586711883545,False,,,,,,,,,
1760059893.9377797,0,follower,auto,0.9637176394462585,0.9650672078132629,-1.7918298244476318,0.9,1.0,-2.150000000000001,-0.06371763944625852,0.03493279218673706,-0.35817017555236896,-20,-7.13730424613572,6.471367503328729,0,,,,,,,,True,-6.0,-30.0,0.0,optimal,0,-6.0,-30.0,4.84586697569541,0.6934692398587925
1760059894.0397398,1,follower,auto,0.20755137503147125,0.9070631265640259,0.49691134691238403,0.1,1.0,-2.150000000000001,-0.10755137503147125,0.09293687343597412,-2.646911346912385,-2.920789863528023,7.155007266635476,7.050453259156656,0,,,,,,,,True,6.100038141468811,-3.835155868367142,30.721495676307704,optimal,0,-10.0,-30.0,0.08906011000549952,-0.5243354548956407
1760059894.1560962,0,follower,auto,0.9637176394462585,0.9650672078132629,-1.7918298244476318,0.9,1.0,-2.150000000000001,-0.06371763944625852,0.03493279218673706,-0.35817017555236896,0,0,0,0,1.0,-0.08053918305622121,0.24766291786846528,-0.09317651077741584,0.9637176394462585,0.9650672078132629,-1.7918298244476318,False,,,,,,,,,
1760059894.2569287,1,leader,auto,0.20755137503147125,0.9070631265640259,0.49691134691238403,0.1,1.0,-2.150000000000001,-0.10755137503147125,0.09293687343597412,-2.646911346912385,0,0,0,0,1.0,0.07693724442967367,0.06418471204743281,-0.08310467414430045,0.20755137503147125,0.9070631265640259,0.49691134691238403,False,,,,,,,,,
1760059894.2596972,0,follower,auto,0.9631850719451904,0.964538037776947,-1.7925727367401123,0.9,1.0,-2.2000000000000006,-0.06318507194519041,0.03546196222305298,-0.4074272632598883,-20,-7.133581872942498,6.449330510235908,0,,,,,,,,True,-6.0,-30.0,0.0,optimal,0,-6.0,-30.0,4.846864585656226,0.5658623120997797
1760059894.3608997,1,follower,auto,0.20658360421657562,0.9155683517456055,0.49724963307380676,0.1,1.0,-2.2000000000000006,-0.10658360421657562,0.08443164825439453,-2.6972496330738074,-3.9646062123361854,6.145194200019472,6.05891514826015,0,,,,,,,,True,5.654796243362231,-4.606513233217395,29.831222160614733,optimal,0,-10.0,-30.0,0.08783430818303684,-0.5087936118210211
1760059894.5494862,0,follower,auto,0.9631850719451904,0.964538037776947,-1.7925727367401123,0.9,1.0,-2.2000000000000006,-0.06318507194519041,0.03546196222305298,-0.4074272632598883,0,0,0,0,1.0,-0.08400195654374576,0.2523843009575206,-0.08573099559613562,0.9631850719451904,0.964538037776947,-1.7925727367401123,False,,,,,,,,,
1760059894.6525185,1,leader,auto,0.20658360421657562,0.9155683517456055,0.49724963307380676,0.1,1.0,-2.2000000000000006,-0.10658360421657562,0.08443164825439453,-2.6972496330738074,0,0,0,0,1.0,0.0827538105571782,0.06950956902942351,-0.08610604058692495,0.20658360421657562,0.9155683517456055,0.49724963307380676,False,,,,,,,,,
1760059894.655333,0,follower,auto,0.9620943069458008,0.965220034122467,-1.787551999092102,0.9,1.0,-2.2500000000000004,-0.06209430694580076,0.03477996587753296,-0.4624480009078984,-20,-7.1205627064891015,6.410103728335226,0,,,,,,,,True,-6.0,-30.0,0.0,optimal,0,-6.0,-30.0,4.825480773250652,0.47526020223476817
1760059894.757484,1,follower,auto,0.21173429489135742,0.9322108626365662,0.4969891607761383,0.1,1.0,-2.2500000000000004,-0.11173429489135742,0.06778913736343384,-2.7469891607761387,-6.031803010928143,4.106994716775547,4.0723768547421555,0,,,,,,,,True,3.682113735720648,-6.019647546904558,28.117997217499642,optimal,0,-11.0,-30.0,0.09591079143173942,-0.4817254657265149
1760059894.8735332,0,follower,auto,0.9620943069458008,0.965220034122467,-1.787551999092102,0.9,1.0,-2.2500000000000004,-0.06209430694580076,0.03477996587753296,-0.4624480009078984,0,0,0,0,1.0,-0.08665361852238496,0.2584524092819054,-0.08127281643011264,0.9620943069458008,0.965220034122467,-1.787551999092102,False,,,,,,,,,
1760059894.974432,1,leader,auto,0.21173429489135742,0.9322108626365662,0.4969891607761383,0.1,1.0,-2.2500000000000004,-0.11173429489135742,0.06778913736343384,-2.7469891607761387,0,0,0,0,1.0,0.09005223761344441,0.07744088680937533,-0.0875973517590608,0.21173429489135742,0.9322108626365662,0.4969891607761383,False,,,,,,,,,
1760059894.9772835,0,follower,auto,0.9623953700065613,0.965088427066803,-1.7906684875488281,0.9,1.0,-2.3000000000000003,-0.06239537000656126,0.03491157293319702,-0.5093315124511721,-20,-7.112507720023016,6.440741704392768,0,,,,,,,,True,-6.0,-30.0,0.0,optimal,0,-6.0,-30.0,4.837572924518348,0.6156313816683474
1760059895.0786047,1,follower,auto,0.22057107090950012,0.9444501399993896,0.49777474999427795,0.1,1.0,-2.3000000000000003,-0.12057107090950012,0.05554986000061035,-2.797774749994278,-7.044842564769837,2.070058398977557,3.0637922473325094,0,,,,,,,,True,1.512315223301723,-7.725236217026087,26.052788032783702,optimal,0,-12.0,-30.0,0.11111658414542969,-0.45007408986793096
1760059895.2611313,0,follower,auto,0.9623953700065613,0.965088427066803,-1.7906684875488281,0.9,1.0,-2.3000000000000003,-0.06239537000656126,0.03491157293319702,-0.5093315124511721,0,0,0,0,1.0,-0.08718313605738093,0.26213166132380694,-0.09094377727737757,0.9623953700065613,0.965088427066803,-1.7906684875488281,False,,,,,,,,,
1760059895.3616126,1,leader,auto,0.22057107090950012,0.9444501399993896,0.49777474999427795,0.1,1.0,-2.3000000000000003,-0.12057107090950012,0.05554986000061035,-2.797774749994278,0,0,0,0,1.0,0.09244218341677418,0.07442300308360383,-0.08536782599245119,0.22057107090950012,0.9444501399993896,0.49777474999427795,False,,,,,,,,,
1760059895.3629503,0,follower,auto,0.9624379277229309,0.9653005003929138,-1.7908076047897339,0.9,1.0,-2.35,-0.062437927722930886,0.03469949960708618,-0.5591923952102662,-20,-7.101914983758217,6.435571352090936,0,,,,,,,,True,-6.0,-30.0,0.0,optimal,0,-6.0,-30.0,4.83820415535987,0.5616960268074572
1760059895.463929,1,follower,auto,0.22790135443210602,0.950838565826416,0.49756839871406555,0.1,1.0,-2.35,-0.127901354432106,0.049161434173583984,-2.8475683987140656,-6.0278784852350515,3.058214254240882,2.0672398012153437,0,,,,,,,,True,2.1215874357007483,-6.503167413840092,27.413871913434033,optimal,0,-12.0,-30.0,0.12299496406939481,-0.47663127307131337
1760059903.7841103,0,follower,auto,0.9624379277229309,0.9653005003929138,-1.7908076047897339,0.9,1.0,-2.35,-0.062437927722930886,0.03469949960708618,-0.5591923952102662,0,0,0,0,1.0,-0.0893231609583518,0.2667474420261535,-0.08895052112930735,0.9624379277229309,0.9653005003929138,-1.7908076047897339,False,,,,,,,,,
1760059903.8847947,1,leader,auto,0.22790135443210602,0.950838565826416,0.49756839871406555,0.1,1.0,-2.35,-0.127901354432106,0.049161434173583984,-2.8475683987140656,0,0,0,0,1.0,0.0874592183152085,0.07115161392756031,-0.0843014891785887,0.22790135443210602,0.950838565826416,0.49756839871406555,False,,,,,,,,,
1760059903.987206,0,follower,auto,0.964534342288971,0.9750812649726868,-1.7977943420410156,0.9,1.0,-2.35,-0.06453434228897093,0.024918735027313232,-0.5522056579589845,-20,-7.095267052730586,5.1319533629556,0,,,,,,,,True,-6.0,-30.0,0.0,optimal,0,-6.0,-30.0,4.869832204476271,0.5723478560246171
1760059906.692608,1,follower,auto,0.24024829268455505,0.890774130821228,0.27001023292541504,0.1,1.0,-2.35,-0.14024829268455505,0.10922586917877197,-2.620010232925415,2.363859912123538,-1.9785052479622687,9.353978575804,0,,,,,,,,True,-3.4867473154683815,2.7163253148970554,34.364028054333,optimal,0,-14.0,-30.0,-0.03107728075625349,-0.5459134013083596
1760059906.817608,0,follower,auto,0.964534342288971,0.9750812649726868,-1.7977943420410156,0.9,1.0,-2.35,-0.06453434228897093,0.024918735027313232,-0.5522056579589845,0,0,0,0,0.867,-0.08901182943493868,0.28031128675824646,-0.09689668122401573,0.964534342288971,0.9750812649726868,-1.7977943420410156,False,,,,,,,,,
1760059906.9192305,1,leader,auto,0.24024829268455505,0.890774130821228,0.27001023292541504,0.1,1.0,-2.35,-0.14024829268455505,0.10922586917877197,-2.620010232925415,0,0,0,0,0.7165313105737893,0.09028653420038002,0.0064575347449273846,-0.3086624541375268,0.24024829268455505,0.890774130821228,0.27001023292541504,False,,,,,,,,,
1760059907.1252751,0,follower,auto,1.0246831178665161,0.06531725078821182,-1.8890072107315063,0.9,1.0,-2.35,-0.12468311786651609,0.9346827492117882,-0.46099278926849374,0,0,0,0,1.0,-0.03271402571006776,-0.6360521692114962,-0.18044096515273944,1.0246831178665161,0.06531725078821182,-1.8890072107315063,False,,,,,,,,,
1760059907.2257562,1,leader,auto,0.24738158285617828,0.051300160586833954,0.24013376235961914,0.1,1.0,-2.35,-0.14738158285617828,0.948699839413166,-2.5901337623596192,0,0,0,0,0.6065306597126334,0.07767718881956914,-0.7757033124810979,-0.10181499024222457,0.24738158285617828,0.051300160586833954,0.24013376235961914,False,,,,,,,,,
1760059907.39999,0,follower,auto,1.0246831178665161,0.06531725078821182,-1.8890072107315063,0.9,1.0,-2.35,-0.12468311786651609,0.9346827492117882,-0.46099278926849374,0,0,0,0,0.8634113593884264,-0.09799522679773953,0.3318749751256685,-0.08353359191604004,1.0246831178665161,0.06531725078821182,-1.8890072107315063,False,,,,,,,,,
1760059907.5004864,1,leader,auto,0.2473926842212677,0.0512709841132164,0.24012404680252075,0.1,1.0,-2.35,-0.1473926842212677,0.9487290158867836,-2.590124046802521,0,0,0,0,1.0,0.06391586343589889,0.10791982011642097,-0.0751933143947976,0.2473926842212677,0.0512709841132164,0.24012404680252075,False,,,,,,,,,
1760059907.603547,0,follower,auto,1.0246831178665161,0.06531725078821182,-1.8890072107315063,0.9,1.0,-2.35,-0.12468311786651609,0.9346827492117882,-0.46099278926849374,0,0,0,0,0.7308619367852651,-0.09921078024260566,0.3319624766181284,-0.08365352976403306,1.0246831178665161,0.06531725078821182,-1.8890072107315063,False,,,,,,,,,
1760059907.70402,1,leader,auto,0.24739930033683777,0.051278479397296906,0.24013252556324005,0.1,1.0,-2.35,-0.14739930033683776,0.9487215206027031,-2.59013252556324,0,0,0,0,1.0,0.058097921132263364,0.09911744275501023,-0.08001749978909606,0.24739930033683777,0.051278479397296906,0.24013252556324005,False,,,,,,,,,
1760059907.8083377,0,follower,auto,1.0246831178665161,0.06531725078821182,-1.8890072107315063,0.9,1.0,-2.35,-0.12468311786651609,0.9346827492117882,-0.46099278926849374,0,0,0,0,0.6186612729068861,-0.10035340048077979,0.33204472802104074,-0.08376627134114667,1.0246831178665161,0.06531725078821182,-1.8890072107315063,False,,,,,,,,,
1760059907.909187,1,leader,auto,0.24738724529743195,0.05129785090684891,0.24013866484165192,0.1,1.0,-2.35,-0.14738724529743194,0.9487021490931511,-2.590138664841652,0,0,0,0,1.0,0.05261486946138938,0.09081841250305758,-0.08457276785986173,0.24738724529743195,0.05129785090684891,0.24013866484165192,False,,,,,,,,,
1760059908.013162,0,follower,auto,1.0246831178665161,0.06531725078821182,-1.8890072107315063,0.9,1.0,-2.35,-0.12468311786651609,0.9346827492117882,-0.46099278926849374,0,0,0,0,0.5236854614132439,-0.1014274635046637,0.3321220443397783,-0.08387224842363361,1.0246831178665161,0.06531725078821182,-1.8890072107315063,False,,,,,,,,,
1760059908.1135864,1,leader,auto,0.24739497900009155,0.05128120258450508,0.24012337625026703,0.1,1.0,-2.35,-0.14739497900009155,0.9487187974154949,-2.590123376250267,0,0,0,0,1.0,0.047499260787809194,0.08296942800885476,-0.08887380823387075,0.24739497900009155,0.05128120258450508,0.24012337625026703,False,,,,,,,,,
1760059908.2170138,0,follower,auto,1.0246831178665161,0.06531725078821182,-1.8890072107315063,0.9,1.0,-2.35,-0.12468311786651609,0.9346827492117882,-0.46099278926849374,0,0,0,0,0.44329017267721976,-0.10243708274711438,0.3321947216793916,-0.08397186688117109,1.0246831178665161,0.06531725078821182,-1.8890072107315063,False,,,,,,,,,
1760059908.3173492,1,leader,auto,0.24738647043704987,0.05128270760178566,0.24014067649841309,0.1,1.0,-2.35,-0.14738647043704986,0.9487172923982143,-2.590140676498413,0,0,0,0,1.0,0.04265455762687709,0.07564555575582435,-0.09286276947611155,0.24738647043704987,0.05128270760178566,0.24014067649841309,False,,,,,,,,,
1760059908.453525,0,follower,auto,1.0246831178665161,0.06531725078821182,-1.8890072107315063,0.9,1.0,-2.35,-0.12468311786651609,0.9346827492117882,-0.46099278926849374,0,0,0,0,0.3752370299948712,-0.10338612483501808,0.33226303837862814,-0.08406550823125647,1.0246831178665161,0.06531725078821182,-1.8890072107315063,False,,,,,,,,,
1760059908.554048,1,leader,auto,0.24739474058151245,0.05127687752246857,0.2401278018951416,0.1,1.0,-2.35,-0.14739474058151245,0.9487231224775314,-2.5901278018951417,0,0,0,0,1.0,0.038133557628806436,0.06873562740175368,-0.0966751567347664,0.24739474058151245,0.05127687752246857,0.2401278018951416,False,,,,,,,,,
1760059908.725551,0,follower,auto,1.0246831178665161,0.06531725078821182,-1.8890072107315063,0.9,1.0,-2.35,-0.12468311786651609,0.9346827492117882,-0.46099278926849374,0,0,0,0,0.3176312883928896,-0.10427822439764767,0.33232725607591046,-0.08415353110033674,1.0246831178665161,0.06531725078821182,-1.8890072107315063,False,,,,,,,,,
1760059908.8260765,1,leader,auto,0.24738772213459015,0.05128593370318413,0.24014364182949066,0.1,1.0,-2.35,-0.14738772213459014,0.9487140662968159,-2.5901436418294908,0,0,0,0,1.0,0.033851750331730907,0.06226251610555758,-0.10019991136886386,0.24738772213459015,0.05128593370318413,0.24014364182949066,False,,,,,,,,,
1760059908.9284656,0,follower,auto,1.0246831178665161,0.06531725078821182,-1.8890072107315063,0.9,1.0,-2.35,-0.12468311786651609,0.9346827492117882,-0.46099278926849374,0,0,0,0,0.2688690808780413,-0.1051167979865193,0.33238762071135586,-0.08423627259727207,1.0246831178665161,0.06531725078821182,-1.8890072107315063,False,,,,,,,,,
1760059909.0289216,1,leader,auto,0.24739469587802887,0.051258236169815063,0.24010874330997467,0.1,1.0,-2.35,-0.14739469587802886,0.9487417638301849,-2.5901087433099748,0,0,0,0,1.0,0.029856132254225787,0.05612615151301597,-0.1035926337164011,0.24739469587802887,0.051258236169815063,0.24010874330997467,False,,,,,,,,,
1760059909.1830137,0,follower,auto,1.0246831178665161,0.06531725078821182,-1.8890072107315063,0.9,1.0,-2.35,-0.12468311786651609,0.9346827492117882,-0.46099278926849374,0,0,0,0,0.2275927633513984,-0.10590505716005882,0.3324443634686745,-0.08431404960439126,1.0246831178665161,0.06531725078821182,-1.8890072107315063,False,,,,,,,,,
1760059909.283632,1,leader,auto,0.24739588797092438,0.05125467851758003,0.24010668694972992,0.1,1.0,-2.35,-0.14739588797092437,0.94874532148242,-2.59010668694973,0,0,0,0,1.0,0.026080477420466763,0.05041886239124552,-0.10669821210994979,0.24739588797092438,0.05125467851758003,0.24010668694972992,False,,,,,,,,,
1760059909.4382567,0,follower,auto,1.0246831178665161,0.06531725078821182,-1.8890072107315063,0.9,1.0,-2.35,-0.12468311786651609,0.9346827492117882,-0.46099278926849374,0,0,0,0,0.19265311489431308,-0.10664602078318586,0.3324977016605541,-0.08438715999108348,1.0246831178665161,0.06531725078821182,-1.8890072107315063,False,,,,,,,,,
1760059909.43863,1,leader,auto,0.2474040687084198,0.05126408487558365,0.24011194705963135,0.1,1.0,-2.35,-0.1474040687084198,0.9487359151244164,-2.5901119470596314,0,0,0,0,1.0,0.022544132171876397,0.04504283474588589,-0.10964298148901064,0.2474040687084198,0.05126408487558365,0.24011194705963135,False,,,,,,,,,
1760059909.6441429,0,follower,auto,1.0246831178665161,0.06531725078821182,-1.8890072107315063,0.9,1.0,-2.35,-0.12468311786651609,0.9346827492117882,-0.46099278926849374,0,0,0,0,0.1630773410012878,-0.1073425265889254,0.3325478395609209,-0.08445588375457413,1.0246831178665161,0.06531725078821182,-1.8890072107315063,False,,,,,,,,,
1760059909.644723,1,leader,auto,0.24739757180213928,0.051261670887470245,0.24010959267616272,0.1,1.0,-2.35,-0.14739757180213928,0.9487383291125298,-2.590109592676163,0,0,0,0,1.0,0.019198301349825614,0.03996458440289218,-0.11242599566884404,0.24739757180213928,0.051261670887470245,0.24010959267616272,False,,,,,,,,,
1760059909.798381,0,follower,auto,1.0246831178665161,0.06531725078821182,-1.8890072107315063,0.9,1.0,-2.35,-0.12468311786651609,0.9346827492117882,-0.46099278926849374,0,0,0,0,0.13804198890134495,-0.10799724204632044,0.3325949691872656,-0.0845204840922551,1.0246831178665161,0.06531725078821182,-1.8890072107315063,False,,,,,,,,,
1760059909.79857,1,leader,auto,0.24739353358745575,0.05126417055726051,0.24011115729808807,0.1,1.0,-2.35,-0.14739353358745574,0.9487358294427395,-2.590111157298088,0,0,0,0,1.0,0.016070356712470785,0.03520776308449878,-0.11503049549912342,0.24739353358745575,0.05126417055726051,0.24011115729808807,False,,,,,,,,,
1760059910.0266373,0,follower,auto,1.0246831178665161,0.06531725078821182,-1.8890072107315063,0.9,1.0,-2.35,-0.12468311786651609,0.9346827492117882,-0.46099278926849374,0,0,0,0,0.11685002087254148,-0.10861267457627166,0.33263927103602975,-0.08458120840967553,1.0246831178665161,0.06531725078821182,-1.8890072107315063,False,,,,,,,,,
1760059910.0270188,1,leader,auto,0.2473934292793274,0.05127745121717453,0.24012640118598938,0.1,1.0,-2.35,-0.1473934292793274,0.9487225487828255,-2.5901264011859895,0,0,0,0,1.0,0.01313156396831544,0.030742218377429062,-0.11746896507900406,0.2473934292793274,0.05127745121717453,0.24012640118598938,False,,,,,,,,,
1760059910.2063284,0,follower,auto,1.0246831178665161,0.06531725078821182,-1.8890072107315063,0.9,1.0,-2.35,-0.12468311786651609,0.9346827492117882,-0.46099278926849374,0,0,0,0,0.09891140722169316,-0.10919118115442594,0.33268091477386796,-0.08463828926805061,1.0246831178665161,0.06531725078821182,-1.8890072107315063,False,,,,,,,,,
1760059910.2064579,1,leader,auto,0.24739518761634827,0.05126466602087021,0.24012145400047302,0.1,1.0,-2.35,-0.14739518761634826,0.9487353339791298,-2.590121454000473,0,0,0,0,1.0,0.010367027527403483,0.026507759506441436,-0.11979499682348549,0.24739518761634827,0.05126466602087021,0.24012145400047302,False,,,,,,,,,
1760059910.4331346,0,follower,auto,1.0246831178665161,0.06531725078821182,-1.8890072107315063,0.9,1.0,-2.35,-0.12468311786651609,0.9346827492117882,-0.46099278926849374,0,0,0,0,0.08372669859637678,-0.10973497733789106,0.3327200598874359,-0.08469194527492308,1.0246831178665161,0.06531725078821182,-1.8890072107315063,False,,,,,,,,,
1760059910.4333847,1,leader,auto,0.24739520251750946,0.051271118223667145,0.24012817442417145,0.1,1.0,-2.35,-0.14739520251750945,0.9487288817763329,-2.5901281744241715,0,0,0,0,1.0,0.007764757191937338,0.022572671423032667,-0.12194960798066562,0.24739520251750946,0.051271118223667145,0.24012817442417145,False,,,,,,,,,
1760059910.638026,0,follower,auto,1.0246831178665161,0.06531725078821182,-1.8890072107315063,0.9,1.0,-2.35,-0.12468311786651609,0.9346827492117882,-0.46099278926849374,0,0,0,0,0.07087312024725757,-0.11024614575034808,0.3327568562941898,-0.08474238192138328,1.0246831178665161,0.06531725078821182,-1.8890072107315063,False,,,,,,,,,
1760059910.6381874,1,leader,auto,0.2473878562450409,0.051275212317705154,0.24013733863830566,0.1,1.0,-2.35,-0.1473878562450409,0.9487247876822948,-2.5901373386383058,0,0,0,0,1.0,0.005313005338829058,0.018852093116768248,-0.12398416628719389,0.2473878562450409,0.051275212317705154,0.24013733863830566,False,,,,,,,,,
1760059910.818072,0,follower,auto,1.0246831178665161,0.06531725078821182,-1.8890072107315063,0.9,1.0,-2.35,-0.12468311786651609,0.9346827492117882,-0.46099278926849374,0,0,0,0,0.05999280107527848,-0.11072664405805788,0.3327914449165384,-0.08478979236905593,1.0246831178665161,0.06531725078821182,-1.8890072107315063,False,,,,,,,,,
1760059910.8181841,1,leader,auto,0.2473941147327423,0.0512726716697216,0.2401299625635147,0.1,1.0,-2.35,-0.1473941147327423,0.9487273283302784,-2.590129962563515,0,0,0,0,1.0,0.0030293245307070338,0.015350472875617048,-0.1259156351746914,0.2473941147327423,0.0512726716697216,0.2401299625635147,False,,,,,,,,,
1760059911.0204809,0,follower,auto,1.0246831178665161,0.06531725078821182,-1.8890072107315063,0.9,1.0,-2.35,-0.12468311786651609,0.9346827492117882,-0.46099278926849374,0,0,0,0,0.05078280973522122,-0.11117831246730492,0.33282395822154615,-0.08483435818986829,1.0246831178665161,0.06531725078821182,-1.8890072107315063,False,,,,,,,,,
1760059911.0207274,1,leader,auto,0.24739502370357513,0.051273707300424576,0.2401307076215744,0.1,1.0,-2.35,-0.14739502370357513,0.9487262926995754,-2.5901307076215745,0,0,0,0,1.0,0.0008637102940337593,0.012069160869643006,-0.12770655450716328,0.24739502370357513,0.051273707300424576,0.2401307076215744,False,,,,,,,,,
1760059911.2240698,0,follower,auto,1.0246831178665161,0.06531725078821182,-1.8890072107315063,0.9,1.0,-2.35,-0.12468311786651609,0.9346827492117882,-0.46099278926849374,0,0,0,0,0.04298672037946193,-0.11160288077199709,0.3328545207282534,-0.08487625006143174,1.0246831178665161,0.06531725078821182,-1.8890072107315063,False,,,,,,,,,
1760059911.2242584,1,leader,auto,0.2473764270544052,0.05125657469034195,0.24014294147491455,0.1,1.0,-2.35,-0.1473764270544052,0.948743425309658,-2.5901429414749146,0,0,0,0,1.0,-0.0011861231915732962,0.008962983064555292,-0.12938665101725705,0.2473764270544052,0.05125657469034195,0.24014294147491455,False,,,,,,,,,
1760059911.4382954,0,follower,auto,1.0246831178665161,0.06531725078821182,-1.8890072107315063,0.9,1.0,-2.35,-0.12468311786651609,0.9346827492117882,-0.46099278926849374,0,0,0,0,0.03638747321419744,-0.11200197497840803,0.33288324948455816,-0.08491562842070133,1.0246831178665161,0.06531725078821182,-1.8890072107315063,False,,,,,,,,,
1760059911.4387343,1,leader,auto,0.24739545583724976,0.05126048997044563,0.24012766778469086,0.1,1.0,-2.35,-0.14739545583724975,0.9487395100295544,-2.590127667784691,0,0,0,0,1.0,-0.003055835616026681,0.006082392058744744,-0.13100493807558944,0.24739545583724976,0.05126048997044563,0.24012766778469086,False,,,,,,,,,
1760059911.650586,0,follower,auto,1.0246831178665161,0.06531725078821182,-1.8890072107315063,0.9,1.0,-2.35,-0.12468311786651609,0.9346827492117882,-0.46099278926849374,0,0,0,0,0.030801331090764873,-0.11237712353243401,0.3329102545154847,-0.08495264407841496,1.0246831178665161,0.06531725078821182,-1.8890072107315063,False,,,,,,,,,
1760059911.651004,1,leader,auto,0.24739065766334534,0.051274847239255905,0.24013271927833557,0.1,1.0,-2.35,-0.14739065766334533,0.9487251527607441,-2.5901327192783357,0,0,0,0,1.0,-0.004874817683776345,0.003364030611803112,-0.1324782951829897,0.24739065766334534,0.051274847239255905,0.24013271927833557,False,,,,,,,,,
1760059911.855764,0,follower,auto,1.0246831178665161,0.06531725078821182,-1.8890072107315063,0.9,1.0,-2.35,-0.12468311786651609,0.9346827492117882,-0.46099278926849374,0,0,0,0,0.02607276387063755,-0.1127297631732187,0.33293563924455566,-0.0849874387966656,1.0246831178665161,0.06531725078821182,-1.8890072107315063,False,,,,,,,,,
1760059911.8561761,1,leader,auto,0.24739347398281097,0.05126754567027092,0.24013583362102509,0.1,1.0,-2.35,-0.14739347398281097,0.9487324543297291,-2.590135833621025,0,0,0,0,1.0,-0.0065532193773419345,0.0007766700251761322,-0.1338855131987695,0.24739347398281097,0.05126754567027092,0.24013583362102509,False,,,,,,,,,
1760059912.042565,0,follower,auto,1.0246831178665161,0.06531725078821182,-1.8890072107315063,0.9,1.0,-2.35,-0.12468311786651609,0.9346827492117882,-0.46099278926849374,0,0,0,0,0.022070118133882953,-0.1130612444355561,0.3329595008898823,-0.08502014583182138,1.0246831178665161,0.06531725078821182,-1.8890072107315063,False,,,,,,,,,
1760059912.0427074,1,leader,auto,0.24739213287830353,0.05126585811376572,0.24013198912143707,0.1,1.0,-2.35,-0.14739213287830352,0.9487341418862343,-2.590131989121437,0,0,0,0,1.0,-0.008142688886636773,-0.001628176075978198,-0.13521331982492485,0.24739213287830353,0.05126585811376572,0.24013198912143707,False,,,,,,,,,
1760059912.2460315,0,follower,auto,1.0246831178665161,0.06531725078821182,-1.8890072107315063,0.9,1.0,-2.35,-0.12468311786651609,0.9346827492117882,-0.46099278926849374,0,0,0,0,0.018681951666508864,-0.11337283682215338,0.3329819308364894,-0.08505089044486769,1.0246831178665161,0.06531725078821182,-1.8890072107315063,False,,,,,,,,,
1760059912.2463,1,leader,auto,0.2474008947610855,0.05125883221626282,0.2401214987039566,0.1,1.0,-2.35,-0.1474008947610855,0.9487411677837372,-2.5901214987039567,0,0,0,0,1.0,-0.009622529814111436,-0.0038996837645407373,-0.13646114512912577,0.2474008947610855,0.05125883221626282,0.2401214987039566,False,,,,,,,,,
1760059912.450253,0,follower,auto,1.0246831178665161,0.06531725078821182,-1.8890072107315063,0.9,1.0,-2.35,-0.12468311786651609,0.9346827492117882,-0.46099278926849374,0,0,0,0,0.0158139306709895,-0.11366573366555466,0.3330030149863,-0.08507979038113112,1.0246831178665161,0.06531725078821182,-1.8890072107315063,False,,,,,,,,,
1760059912.4506829,1,leader,auto,0.24739804863929749,0.0512690432369709,0.24012447893619537,0.1,1.0,-2.35,-0.14739804863929748,0.9487309567630291,-2.5901244789361955,0,0,0,0,1.0,-0.01103529127779701,-0.006012325732580849,-0.13761398434746303,0.24739804863929749,0.0512690432369709,0.24012447893619537,False,,,,,,,,,
1760059912.6741455,0,follower,auto,1.0246831178665161,0.06531725078821182,-1.8890072107315063,0.9,1.0,-2.35,-0.12468311786651609,0.9346827492117882,-0.46099278926849374,0,0,0,0,0.013386203311679787,-0.11394105669835186,0.333022834087122,-0.08510695632121879,1.0246831178665161,0.06531725078821182,-1.8890072107315063,False,,,,,,,,,
1760059912.6742969,1,leader,auto,0.2474004626274109,0.05125999450683594,0.24012364447116852,0.1,1.0,-2.35,-0.14740046262741088,0.9487400054931641,-2.5901236444711686,0,0,0,0,1.0,-0.01234641893919003,-0.008034705851592584,-0.13871493855968486,0.2474004626274109,0.05125999450683594,0.24012364447116852,False,,,,,,,,,
1760059912.8088117,0,follower,auto,1.0246831178665161,0.06531725078821182,-1.8890072107315063,0.9,1.0,-2.35,-0.12468311786651609,0.9346827492117882,-0.46099278926849374,0,0,0,0,0.011331176469007153,-0.11419986034918139,0.3330414640418947,-0.08513249230490127,1.0246831178665161,0.06531725078821182,-1.8890072107315063,False,,,,,,,,,
1760059912.9093273,1,leader,auto,0.24739578366279602,0.05126245319843292,0.24012605845928192,0.1,1.0,-2.35,-0.14739578366279601,0.9487375468015671,-2.590126058459282,0,0,0,0,1.0,-0.013591232003529186,-0.009904975990888618,-0.13974277236876753,0.24739578366279602,0.05126245319843292,0.24012605845928192,False,,,,,,,,,
1760059913.0313737,0,follower,auto,1.0246831178665161,0.06531725078821182,-1.8890072107315063,0.9,1.0,-2.35,-0.12468311786651609,0.9346827492117882,-0.46099278926849374,0,0,0,0,0.0102,-0.11444313578096099,0.3330589761993811,-0.08515649612956278,1.0246831178665161,0.06531725078821182,-1.8890072107315063,False,,,,,,,,,
1760059913.131914,1,leader,auto,0.24739210307598114,0.0512663908302784,0.24013297259807587,0.1,1.0,-2.35,-0.14739210307598113,0.9487336091697216,-2.590132972598076,0,0,0,0,1.0,-0.014753264953479728,-0.011673058403310344,-0.14070768445176496,0.24739210307598114,0.0512663908302784,0.24013297259807587,False,,,,,,,,,
1760059913.3174934,0,follower,auto,1.0246831178665161,0.06531725078821182,-1.8890072107315063,0.9,1.0,-2.35,-0.12468311786651609,0.9346827492117882,-0.46099278926849374,0,0,0,0,0.0102,-0.11467181468683396,0.33307543762741826,-0.08517905972474482,1.0246831178665161,0.06531725078821182,-1.8890072107315063,False,,,,,,,,,
1760059913.4179833,1,leader,auto,0.24739350378513336,0.05127209052443504,0.24013479053974152,0.1,1.0,-2.35,-0.14739350378513336,0.948727909475565,-2.5901347905397416,0,0,0,0,1.0,-0.015841493008266094,-0.013334772748924098,-0.14162429815759137,0.24739350378513336,0.05127209052443504,0.24013479053974152,False,,,,,,,,,
1760059913.5247607,0,follower,auto,1.0246831178665161,0.06531725078821182,-1.8890072107315063,0.9,1.0,-2.35,-0.12468311786651609,0.9346827492117882,-0.46099278926849374,0,0,0,0,0.0102,-0.11488677285835447,0.33309091136977315,-0.08520026950421555,1.0246831178665161,0.06531725078821182,-1.8890072107315063,False,,,,,,,,,
1760059913.62522,1,leader,auto,0.24738487601280212,0.05127662047743797,0.24014107882976532,0.1,1.0,-2.35,-0.14738487601280212,0.948723379522562,-2.5901410788297654,0,0,0,0,1.0,-0.01687953715721585,-0.014899716037265906,-0.14247634849558166,0.24738487601280212,0.05127662047743797,0.24014107882976532,False,,,,,,,,,
1760059913.747478,0,follower,auto,1.0246831178665161,0.06531725078821182,-1.8890072107315063,0.9,1.0,-2.35,-0.12468311786651609,0.9346827492117882,-0.46099278926849374,0,0,0,0,0.0102,-0.11508883353958388,0.3331054566875868,-0.08522020669691832,1.0246831178665161,0.06531725078821182,-1.8890072107315063,False,,,,,,,,,
1760059913.8479598,1,leader,auto,0.24739104509353638,0.05126906558871269,0.24014003574848175,0.1,1.0,-2.35,-0.14739104509353637,0.9487309344112873,-2.590140035748482,0,0,0,0,1.0,-0.017830473322679674,-0.016381677828881697,-0.14328907753295816,0.24739104509353638,0.05126906558871269,0.24014003574848175,False,,,,,,,,,
1760059913.9529905,0,follower,auto,1.0246831178665161,0.06531725078821182,-1.8890072107315063,0.9,1.0,-2.35,-0.12468311786651609,0.9346827492117882,-0.46099278926849374,0,0,0,0,0.0102,-0.1152787705799394,0.3331191292863316,-0.08523894765805884,1.0246831178665161,0.06531725078821182,-1.8890072107315063,False,,,,,,,,,
1760059914.0536017,1,leader,auto,0.24739426374435425,0.05126001685857773,0.24013005197048187,0.1,1.0,-2.35,-0.14739426374435424,0.9487399831414223,-2.590130051970482,0,0,0,0,1.0,-0.018742100601197575,-0.01776413091268203,-0.144054652153501,0.24739426374435425,0.05126001685857773,0.24013005197048187,False,,,,,,,,,
1760059914.2381868,0,follower,auto,1.0246831178665161,0.06531725078821182,-1.8890072107315063,0.9,1.0,-2.35,-0.12468311786651609,0.9346827492117882,-0.46099278926849374,0,0,0,0,0.0102,-0.11545731139787363,0.33313198152915174,-0.08525656416153082,1.0246831178665161,0.06531725078821182,-1.8890072107315063,False,,,,,,,,,
1760059914.338854,1,leader,auto,0.24739383161067963,0.05126053839921951,0.24013295769691467,0.1,1.0,-2.35,-0.14739383161067962,0.9487394616007805,-2.5901329576969148,0,0,0,0,1.0,-0.019599730597580467,-0.019052572699267897,-0.14475246209566228,0.24739383161067963,0.05126053839921951,0.24013295769691467,False,,,,,,,,,
1760059914.4606242,0,follower,auto,1.0246831178665161,0.06531725078821182,-1.8890072107315063,0.9,1.0,-2.35,-0.12468311786651609,0.9346827492117882,-0.46099278926849374,0,0,0,0,0.0102,-0.11562513976673183,0.33314406263740265,-0.08527312367479456,1.0246831178665161,0.06531725078821182,-1.8890072107315063,False,,,,,,,,,
1760059914.561009,1,leader,auto,0.24739481508731842,0.051253609359264374,0.2401222586631775,0.1,1.0,-2.35,-0.14739481508731841,0.9487463906407356,-2.5901222586631776,0,0,0,0,1.0,-0.02040083639937451,-0.020280728830032277,-0.14543489770589646,0.24739481508731842,0.051253609359264374,0.2401222586631775,False,,,,,,,,,
1760059914.6641822,0,follower,auto,1.0246831178665161,0.06531725078821182,-1.8890072107315063,0.9,1.0,-2.35,-0.12468311786651609,0.9346827492117882,-0.46099278926849374,0,0,0,0,0.0102,-0.11578289843345857,0.3331554188791585,-0.08528868961726244,1.0246831178665161,0.06531725078821182,-1.8890072107315063,False,,,,,,,,,
1760059914.7646322,1,leader,auto,0.24739407002925873,0.051256947219371796,0.24012671411037445,0.1,1.0,-2.35,-0.14739407002925872,0.9487430527806282,-2.5901267141103745,0,0,0,0,1.0,-0.02115701999807279,-0.02141747811229132,-0.14604762793841253,0.24739407002925873,0.051256947219371796,0.24012671411037445,False,,,,,,,,,
1760059914.86862,0,follower,auto,1.0246831178665161,0.06531725078821182,-1.8890072107315063,0.9,1.0,-2.35,-0.12468311786651609,0.9346827492117882,-0.46099278926849374,0,0,0,0,0.0102,-0.1159311915801815,0.333166093746409,-0.08530332160318244,1.0246831178665161,0.06531725078821182,-1.8890072107315063,False,,,,,,,,,
1760059914.9690578,1,leader,auto,0.24739284813404083,0.051253702491521835,0.24012237787246704,0.1,1.0,-2.35,-0.14739284813404083,0.9487462975084782,-2.590122377872467,0,0,0,0,1.0,-0.021866580883308895,-0.02250287192563477,-0.1466475405230162,0.24739284813404083,0.051253702491521835,0.24012237787246704,False,,,,,,,,,
1760059915.0724843,0,follower,auto,1.0246831178665161,0.06531725078821182,-1.8890072107315063,0.9,1.0,-2.35,-0.12468311786651609,0.9346827492117882,-0.46099278926849374,0,0,0,0,0.0102,-0.11607058713810114,0.3331761281216245,-0.08531707566994706,1.0246831178665161,0.06531725078821182,-1.8890072107315063,False,,,,,,,,,
1760059915.1730523,1,leader,auto,0.24739743769168854,0.05125850811600685,0.2401336133480072,0.1,1.0,-2.35,-0.14739743769168853,0.9487414918839931,-2.5901336133480073,0,0,0,0,1.0,-0.02252727982540703,-0.02350850916988524,-0.14718709495399163,0.24739743769168854,0.05125850811600685,0.2401336133480072,False,,,,,,,,,
1760059915.2794461,0,follower,auto,1.0246831178665161,0.06531725078821182,-1.8890072107315063,0.9,1.0,-2.35,-0.12468311786651609,0.9346827492117882,-0.46099278926849374,0,0,0,0,0.0102,-0.11620161896254566,0.333185560434327,-0.08533000449270589,1.0246831178665161,0.06531725078821182,-1.8890072107315063,False,,,,,,,,,
1760059915.3801327,1,leader,auto,0.24739442765712738,0.05126659572124481,0.24012909829616547,0.1,1.0,-2.35,-0.14739442765712737,0.9487334042787552,-2.5901290982961656,0,0,0,0,1.0,-0.02316174787605374,-0.02445857655106272,-0.14772559835993804,0.24739442765712738,0.05126659572124481,0.24012909829616547,False,,,,,,,,,
1760059915.5712645,0,follower,auto,1.0246831178665161,0.06531725078821182,-1.8890072107315063,0.9,1.0,-2.35,-0.12468311786651609,0.9346827492117882,-0.46099278926849374,0,0,0,0,0.0102,-0.11632478887752362,0.33319442680826744,-0.08534215758609909,1.0246831178665161,0.06531725078821182,-1.8890072107315063,False,,,,,,,,,
1760059915.671646,1,leader,auto,0.24740061163902283,0.05125545710325241,0.24012166261672974,0.1,1.0,-2.35,-0.14740061163902282,0.9487445428967476,-2.59012166261673,0,0,0,0,1.0,-0.02374135423499618,-0.025374148093352852,-0.14821896166173976,0.24740061163902283,0.05125545710325241,0.24012166261672974,False,,,,,,,,,
1760059915.7940557,0,follower,auto,1.0246831178665161,0.06531725078821182,-1.8890072107315063,0.9,1.0,-2.35,-0.12468311786651609,0.9346827492117882,-0.46099278926849374,0,0,0,0,0.0102,-0.11644056859760266,0.33320276119977144,-0.08535358149388861,1.0246831178665161,0.06531725078821182,-1.8890072107315063,False,,,,,,,,,
1760059915.8947458,1,leader,auto,0.24739423394203186,0.051271069794893265,0.24012836813926697,0.1,1.0,-2.35,-0.14739423394203185,0.9487289302051067,-2.590128368139267,0,0,0,0,1.0,-0.024307939907745046,-0.026188807810241965,-0.1486656613358664,0.24739423394203186,0.051271069794893265,0.24012836813926697,False,,,,,,,,,
1760059916.0334892,0,follower,auto,1.0246831178665161,0.06531725078821182,-1.8890072107315063,0.9,1.0,-2.35,-0.12468311786651609,0.9346827492117882,-0.46099278926849374,0,0,0,0,0.0102,-0.11654940153447724,0.33321059552778515,-0.08536431996721094,1.0246831178665161,0.06531725078821182,-1.8890072107315063,False,,,,,,,,,
1760059916.1352372,1,leader,auto,0.24739590287208557,0.051272861659526825,0.24013355374336243,0.1,1.0,-2.35,-0.14739590287208557,0.9487271383404732,-2.5901335537433625,0,0,0,0,1.0,-0.02481992213419798,-0.02699516008075828,-0.1491012201499602,0.24739590287208557,0.051272861659526825,0.24013355374336243,False,,,,,,,,,
1760059916.2466097,0,follower,auto,1.0246831178665161,0.06531725078821182,-1.8890072107315063,0.9,1.0,-2.35,-0.12468311786651609,0.9346827492117882,-0.46099278926849374,0,0,0,0,0.0102,-0.11665170449513917,0.33321795979611807,-0.08537441413213398,1.0246831178665161,0.06531725078821182,-1.8890072107315063,False,,,,,,,,,
1760059916.347169,1,leader,auto,0.24739281833171844,0.051272954791784286,0.24013924598693848,0.1,1.0,-2.35,-0.14739281833171844,0.9487270452082157,-2.5901392459869386,0,0,0,0,1.0,-0.02531398552452918,-0.027741009120412427,-0.14950861887728595,0.24739281833171844,0.051272954791784286,0.24013924598693848,False,,,,,,,,,
1760059916.4504695,0,follower,auto,1.0246831178665161,0.06531725078821182,-1.8890072107315063,0.9,1.0,-2.35,-0.12468311786651609,0.9346827492117882,-0.46099278926849374,0,0,0,0,0.0102,-0.11674786927816139,0.333224882208351,-0.08538390264716145,1.0246831178665161,0.06531725078821182,-1.8890072107315063,False,,,,,,,,,
1760059916.5508857,1,leader,auto,0.24739564955234528,0.05127550661563873,0.24013720452785492,0.1,1.0,-2.35,-0.14739564955234527,0.9487244933843613,-2.590137204527855,0,0,0,0,1.0,-0.025767735880025733,-0.028437949793714237,-0.14989981402311248,0.24739564955234528,0.05127550661563873,0.24013720452785492,False,,,,,,,,,
1760059916.6543708,0,follower,auto,1.0246831178665161,0.06531725078821182,-1.8890072107315063,0.9,1.0,-2.35,-0.12468311786651609,0.9346827492117882,-0.46099278926849374,0,0,0,0,0.0102,-0.11683826417420229,0.33323138927585,-0.08539282185128738,1.0246831178665161,0.06531725078821182,-1.8890072107315063,False,,,,,,,,,
1760059916.754934,1,leader,auto,0.24739867448806763,0.05126572027802467,0.2401256114244461,0.1,1.0,-2.35,-0.14739867448806762,0.9487342797219753,-2.590125611424446,0,0,0,0,1.0,-0.02619998326009093,-0.029107870879683417,-0.15026935540185493,0.24739867448806763,0.05126572027802467,0.2401256114244461,False,,,,,,,,,
1760059916.8584366,0,follower,auto,1.0246831178665161,0.06531725078821182,-1.8890072107315063,0.9,1.0,-2.35,-0.12468311786651609,0.9346827492117882,-0.46099278926849374,0,0,0,0,0.0102,-0.11692323537648064,0.333237505919299,-0.08540120590316569,1.0246831178665161,0.06531725078821182,-1.8890072107315063,False,,,,,,,,,
1760059916.9587598,1,leader,auto,0.24739663302898407,0.05126362666487694,0.24012444913387299,0.1,1.0,-2.35,-0.14739663302898406,0.9487363733351231,-2.590124449133873,0,0,0,0,1.0,-0.02661155590725367,-0.02971756581455963,-0.15059674184071192,0.24739663302898407,0.05126362666487694,0.24012444913387299,False,,,,,,,,,
1760059917.0614364,0,follower,auto,1.0246831178665161,0.06531725078821182,-1.8890072107315063,0.9,1.0,-2.35,-0.12468311786651609,0.9346827492117882,-0.46099278926849374,0,0,0,0,0.0102,-0.11700310830662253,0.3332432555641411,-0.08540908691193128,1.0246831178665161,0.06531725078821182,-1.8890072107315063,False,,,,,,,,,
1760059917.1618617,1,leader,auto,0.24739381670951843,0.05125958099961281,0.2401253581047058,0.1,1.0,-2.35,-0.14739381670951843,0.9487404190003872,-2.590125358104706,0,0,0,0,1.0,-0.02699414266116279,-0.030300323829925993,-0.15091284464466725,0.24739381670951843,0.05125958099961281,0.2401253581047058,False,,,,,,,,,
1760059917.3726597,0,follower,auto,1.0246831178665161,0.06531725078821182,-1.8890072107315063,0.9,1.0,-2.35,-0.12468311786651609,0.9346827492117882,-0.46099278926849374,0,0,0,0,0.0102,-0.11707818886095556,0.33324866023029265,-0.08541649506017102,1.0246831178665161,0.06531725078821182,-1.8890072107315063,False,,,,,,,,,
1760059917.4733374,1,leader,auto,0.24738678336143494,0.05125042051076889,0.24012264609336853,0.1,1.0,-2.35,-0.14738678336143493,0.9487495794892311,-2.5901226460933686,0,0,0,0,1.0,-0.027357216378073146,-0.030851279135833756,-0.15121567352396137,0.24738678336143494,0.05125042051076889,0.24012264609336853,False,,,,,,,,,
1760059917.7203405,0,follower,auto,1.0246831178665161,0.06531725078821182,-1.8890072107315063,0.9,1.0,-2.35,-0.12468311786651609,0.9346827492117882,-0.46099278926849374,0,0,0,0,0.0102,-0.11714876458202883,0.33325374061647506,-0.0854234587195164,1.0246831178665161,0.06531725078821182,-1.8890072107315063,False,,,,,,,,,
1760059917.820661,1,leader,auto,0.24739927053451538,0.05126900225877762,0.24012580513954163,0.1,1.0,-2.35,-0.14739927053451538,0.9487309977412224,-2.5901258051395417,0,0,0,0,1.0,-0.02767476812218711,-0.03133632006295463,-0.1514908406308173,0.24739927053451538,0.05126900225877762,0.24012580513954163,False,,,,,,,,,
1760059918.0797913,0,follower,auto,1.0246831178665161,0.06531725078821182,-1.8890072107315063,0.9,1.0,-2.35,-0.12468311786651609,0.9346827492117882,-0.46099278926849374,0,0,0,0,0.0102,-0.11721510575983785,0.3332585161794866,-0.08543000455930105,1.0246831178665161,0.06531725078821182,-1.8890072107315063,False,,,,,,,,,
1760059918.1802783,1,leader,auto,0.24738965928554535,0.051261235028505325,0.2401282787322998,0.1,1.0,-2.35,-0.14738965928554534,0.9487387649714947,-2.5901282787323,0,0,0,0,1.0,-0.028014885704868653,-0.03184634974958192,-0.1517560542221872,0.24738965928554535,0.051261235028505325,0.2401282787322998,False,,,,,,,,,
1760059918.4202893,0,follower,auto,1.0246831178665161,0.06531725078821182,-1.8890072107315063,0.9,1.0,-2.35,-0.12468311786651609,0.9346827492117882,-0.46099278926849374,0,0,0,0,0.0102,-0.11727746646697801,0.33326300520871743,-0.08543615764869861,1.0246831178665161,0.06531725078821182,-1.8890072107315063,False,,,,,,,,,
1760059918.5210028,1,leader,auto,0.24739882349967957,0.05126497521996498,0.24012991786003113,0.1,1.0,-2.35,-0.14739882349967956,0.948735024780035,-2.590129917860031,0,0,0,0,1.0,-0.028293722347434547,-0.03228792125499859,-0.15200550400968682,0.24739882349967957,0.05126497521996498,0.24012991786003113,False,,,,,,,,,
1760059918.7976239,0,follower,auto,1.0246831178665161,0.06531725078821182,-1.8890072107315063,0.9,1.0,-2.35,-0.12468311786651609,0.9346827492117882,-0.46099278926849374,0,0,0,0,0.0102,-0.11733608553169006,0.3332672248961944,-0.08544194155273233,1.0246831178665161,0.06531725078821182,-1.8890072107315063,False,,,,,,,,,
1760059918.898192,1,leader,auto,0.24739429354667664,0.05126045271754265,0.24013134837150574,0.1,1.0,-2.35,-0.14739429354667663,0.9487395472824574,-2.590131348371506,0,0,0,0,1.0,-0.028588298421687863,-0.03272276858570419,-0.1522393609611663,0.24739429354667664,0.05126045271754265,0.24013134837150574,False,,,,,,,,,
1760059919.0034819,0,follower,auto,1.0246831178665161,0.06531725078821182,-1.8890072107315063,0.9,1.0,-2.35,-0.12468311786651609,0.9346827492117882,-0.46099278926849374,0,0,0,0,0.0102,-0.11739118745251909,0.3332711914024228,-0.08544737842252403,1.0246831178665161,0.06531725078821182,-1.8890072107315063,False,,,,,,,,,
1760059919.104068,1,leader,auto,0.2473948895931244,0.051260776817798615,0.2401288002729416,0.1,1.0,-2.35,-0.14739488959312438,0.9487392231822014,-2.5901288002729417,0,0,0,0,1.0,-0.028846379764898178,-0.03311841578000718,-0.15246295648933905,0.2473948895931244,0.051260776817798615,0.2401288002729416,False,,,,,,,,,
1760059919.2569323,0,follower,auto,1.0246831178665161,0.06531725078821182,-1.8890072107315063,0.9,1.0,-2.35,-0.12468311786651609,0.9346827492117882,-0.46099278926849374,0,0,0,0,0.0102,-0.11744298325809854,0.3332749199182774,-0.08545248908012804,1.0246831178665161,0.06531725078821182,-1.8890072107315063,False,,,,,,,,,
1760059919.3575118,1,leader,auto,0.2473926693201065,0.05126584693789482,0.24012930691242218,0.1,1.0,-2.35,-0.1473926693201065,0.9487341530621052,-2.5901293069124223,0,0,0,0,1.0,-0.029096918546432204,-0.03349042472549005,-0.15266610293773797,0.2473926693201065,0.05126584693789482,0.24012930691242218,False,,,,,,,,,
1760059919.4607337,0,follower,auto,1.0246831178665161,0.06531725078821182,-1.8890072107315063,0.9,1.0,-2.35,-0.12468311786651609,0.9346827492117882,-0.46099278926849374,0,0,0,0,0.0102,-0.11749167131534333,0.3332784247231808,-0.08545729309827599,1.0246831178665161,0.06531725078821182,-1.8890072107315063,False,,,,,,,,,
1760059919.561053,1,leader,auto,0.24739383161067963,0.051242679357528687,0.2401113361120224,0.1,1.0,-2.35,-0.14739383161067962,0.9487573206424713,-2.5901113361120225,0,0,0,0,1.0,-0.02932622611801755,-0.033873096854546536,-0.1528785927771581,0.24739383161067963,0.051242679357528687,0.2401113361120224,False,,,,,,,,,
1760059919.6658223,0,follower,auto,1.0246831178665161,0.06531725078821182,-1.8890072107315063,0.9,1.0,-2.35,-0.12468311786651609,0.9346827492117882,-0.46099278926849374,0,0,0,0,0.0102,-0.11753743808915318,0.33328171923978994,-0.08546180887533517,1.0246831178665161,0.06531725078821182,-1.8890072107315063,False,,,,,,,,,
1760059919.766127,1,leader,auto,0.24739348888397217,0.05125702917575836,0.2401205152273178,0.1,1.0,-2.35,-0.14739348888397216,0.9487429708242416,-2.590120515227318,0,0,0,0,1.0,-0.029546662816179348,-0.03416705355680147,-0.15303270587063744,0.24739348888397217,0.05125702917575836,0.2401205152273178,False,,,,,,,,,
1760059919.8707833,0,follower,auto,1.0246831178665161,0.06531725078821182,-1.8890072107315063,0.9,1.0,-2.35,-0.12468311786651609,0.9346827492117882,-0.46099278926849374,0,0,0,0,0.0102,-0.11758045885653456,0.33328481608540256,-0.08546605370577054,1.0246831178665161,0.06531725078821182,-1.8890072107315063,False,,,,,,,,,
1760059919.9712973,1,leader,auto,0.24739135801792145,0.05126499384641647,0.24013155698776245,0.1,1.0,-2.35,-0.14739135801792144,0.9487350061535835,-2.5901315569877625,0,0,0,0,1.0,-0.029754156434514123,-0.03448727540308849,-0.15320285944905399,0.24739135801792145,0.05126499384641647,0.24013155698776245,False,,,,,,,,,
1760059920.1521893,0,follower,auto,1.0246831178665161,0.06531725078821182,-1.8890072107315063,0.9,1.0,-2.35,-0.12468311786651609,0.9346827492117882,-0.46099278926849374,0,0,0,0,0.0102,-0.11762089837787304,0.33328772712027843,-0.0854700438463798,1.0246831178665161,0.06531725078821182,-1.8890072107315063,False,,,,,,,,,
1760059920.2527273,1,leader,auto,0.2473943829536438,0.051261816173791885,0.24012859165668488,0.1,1.0,-2.35,-0.1473943829536438,0.9487381838262081,-2.590128591656685,0,0,0,0,1.0,-0.029942256494632447,-0.03479304113430942,-0.1533786735494369,0.2473943829536438,0.051261816173791885,0.24012859165668488,False,,,,,,,,,
1760059920.3588881,0,follower,auto,1.0246831178665161,0.06531725078821182,-1.8890072107315063,0.9,1.0,-2.35,-0.12468311786651609,0.9346827492117882,-0.46099278926849374,0,0,0,0,0.0102,-0.1176589115279314,0.33329046349306174,-0.08547379457855264,1.0246831178665161,0.06531725078821182,-1.8890072107315063,False,,,,,,,,,
1760059920.459237,1,leader,auto,0.24740144610404968,0.05125681683421135,0.24012182652950287,0.1,1.0,-2.35,-0.14740144610404968,0.9487431831657887,-2.590121826529503,0,0,0,0,1.0,-0.03012018813823325,-0.03507114024533034,-0.15353373150837912,0.24740144610404968,0.05125681683421135,0.24012182652950287,False,,,,,,,,,
1760059920.581909,0,follower,auto,1.0246831178665161,0.06531725078821182,-1.8890072107315063,0.9,1.0,-2.35,-0.12468311786651609,0.9346827492117882,-0.46099278926849374,0,0,0,0,0.0102,-0.1176946438889861,0.333293035683478,-0.08547732026679511,1.0246831178665161,0.06531725078821182,-1.8890072107315063,False,,,,,,,,,
1760059920.6824245,1,leader,auto,0.2473917305469513,0.051266711205244064,0.24012205004692078,0.1,1.0,-2.35,-0.1473917305469513,0.9487332887947559,-2.590122050046921,0,0,0,0,1.0,-0.03030826080540583,-0.03531583803212081,-0.15366869754908052,0.2473917305469513,0.051266711205244064,0.24012205004692078,False,,,,,,,,,
1760059920.8658214,0,follower,auto,1.0246831178665161,0.06531725078821182,-1.8890072107315063,0.9,1.0,-2.35,-0.12468311786651609,0.9346827492117882,-0.46099278926849374,0,0,0,0,0.0102,-0.11772823230837748,0.33329545354246937,-0.0854806344137431,1.0246831178665161,0.06531725078821182,-1.8890072107315063,False,,,,,,,,,
1760059920.966105,1,leader,auto,0.24739399552345276,0.05125708505511284,0.24012520909309387,0.1,1.0,-2.35,-0.14739399552345275,0.9487429149448872,-2.590125209093094,0,0,0,0,1.0,-0.030456289871443887,-0.035580268183481034,-0.15379961874318449,0.24739399552345276,0.05125708505511284,0.24012520909309387,False,,,,,,,,,
1760059921.0706365,0,follower,auto,1.0246831178665161,0.06531725078821182,-1.8890072107315063,0.9,1.0,-2.35,-0.12468311786651609,0.9346827492117882,-0.46099278926849374,0,0,0,0,0.0102,-0.11775980542260545,0.3332977263299212,-0.08548374971187411,1.0246831178665161,0.06531725078821182,-1.8890072107315063,False,,,,,,,,,
1760059921.171029,1,leader,auto,0.24739310145378113,0.051256414502859116,0.24012959003448486,0.1,1.0,-2.35,-0.14739310145378112,0.9487435854971409,-2.590129590034485,0,0,0,0,1.0,-0.030610576773292597,-0.03580035640671822,-0.15392439829917948,0.24739310145378113,0.051256414502859116,0.24012959003448486,False,,,,,,,,,
1760059921.2762144,0,follower,auto,1.0246831178665161,0.06531725078821182,-1.8890072107315063,0.9,1.0,-2.35,-0.12468311786651609,0.9346827492117882,-0.46099278926849374,0,0,0,0,0.0102,-0.11778948414997958,0.33329986275012596,-0.0854866780921173,1.0246831178665161,0.06531725078821182,-1.8890072107315063,False,,,,,,,,,
1760059921.377041,1,leader,auto,0.24741090834140778,0.05125894770026207,0.24014902114868164,0.1,1.0,-2.35,-0.14741090834140777,0.9487410522997379,-2.5901490211486817,0,0,0,0,1.0,-0.030733746457559052,-0.03601299118478199,-0.15402786280422698,0.24741090834140778,0.05125894770026207,0.24014902114868164,False,,,,,,,,,
1760059921.4999838,0,follower,auto,1.0246831178665161,0.06531725078821182,-1.8890072107315063,0.9,1.0,-2.35,-0.12468311786651609,0.9346827492117882,-0.46099278926849374,0,0,0,0,0.0102,-0.1178173821537114,0.33330187098511843,-0.08548943076954574,1.0246831178665161,0.06531725078821182,-1.8890072107315063,False,,,,,,,,,
1760059921.6005256,1,leader,auto,0.2474011331796646,0.051263149827718735,0.24013012647628784,0.1,1.0,-2.35,-0.1474011331796646,0.9487368501722813,-2.590130126476288,0,0,0,0,1.0,-0.0308958089674376,-0.0362144026957649,-0.15417849539836792,0.2474011331796646,0.051263149827718735,0.24013012647628784,False,,,,,,,,,
1760059921.7848573,0,follower,auto,1.0246831178665161,0.06531725078821182,-1.8890072107315063,0.9,1.0,-2.35,-0.12468311786651609,0.9346827492117882,-0.46099278926849374,0,0,0,0,0.0102,-0.11784360627721924,0.3333037587260113,-0.08549201828632857,1.0246831178665161,0.06531725078821182,-1.8890072107315063,False,,,,,,,,,
1760059921.8855178,1,leader,auto,0.24739985167980194,0.05126190185546875,0.24012921750545502,0.1,1.0,-2.35,-0.14739985167980194,0.9487380981445312,-2.590129217505455,0,0,0,0,1.0,-0.03101207201547307,-0.036410848545849195,-0.15426377854870887,0.24739985167980194,0.05126190185546875,0.24012921750545502,False,,,,,,,,,
