timestamp,drone_id,role,mode,x,y,z,target_x,target_y,target_z,error_x,error_y,error_z,rc_lr,rc_fb,rc_ud,rc_yaw,trust,obs_error_x,obs_error_y,obs_error_z,obs_state_x,obs_state_y,obs_state_z
1756098802.0894253,0,leader,manual,0.07700750231742859,0.054237861186265945,0.07660253345966339,0,1,0,-0.07700750231742859,0.945762138813734,-0.07660253345966339,0,0,0,0,1.0,0.0,0.0,0.0,0.0,0.0,0.0
1756098802.1897385,1,follower,manual,0.09015066921710968,0.05739843100309372,0.958911120891571,0,1,1,-0.09015066921710968,0.9426015689969063,0.041088879108428955,0,0,0,0,1.0,0.0,0.0,0.0,0.0,0.0,0.0
1756098802.3060453,0,leader,manual,0.0770086795091629,0.05422884225845337,0.07660169154405594,0,1,0,-0.0770086795091629,0.9457711577415466,-0.07660169154405594,0,0,0,0,1.0,0.0,0.0,0.0,0.0,0.0,0.0
1756098802.406286,1,follower,manual,0.09014979004859924,0.0573871023952961,0.9589034914970398,0,1,1,-0.09014979004859924,0.9426128976047039,0.041096508502960205,0,0,0,0,1.0,0.0,0.0,0.0,0.0,0.0,0.0
1756098802.590474,0,leader,manual,0.07700430601835251,0.05423273146152496,0.07660222053527832,0,1,0,-0.07700430601835251,0.945767268538475,-0.07660222053527832,0,0,0,0,1.0,0.0,0.0,0.0,0.0,0.0,0.0
1756098802.691044,1,follower,manual,0.09014911949634552,0.0573989674448967,0.958906888961792,0,1,1,-0.09014911949634552,0.9426010325551033,0.04109311103820801,0,0,0,0,1.0,0.0,0.0,0.0,0.0,0.0,0.0
1756098802.8043323,0,leader,manual,0.07700611650943756,0.054229576140642166,0.07660577446222305,0,1,0,-0.07700611650943756,0.9457704238593578,-0.07660577446222305,0,0,0,0,1.0,0.0,0.0,0.0,0.0,0.0,0.0
1756098802.9074154,1,follower,manual,0.090153269469738,0.057393863797187805,0.958910346031189,0,1,1,-0.090153269469738,0.9426061362028122,0.041089653968811035,0,0,0,0,1.0,0.0,0.0,0.0,0.0,0.0,0.0
1756098803.0114236,0,leader,manual,0.0770081877708435,0.054229736328125,0.07659809291362762,0,1,0,-0.0770081877708435,0.945770263671875,-0.07659809291362762,0,0,0,0,1.0,0.0,0.0,0.0,0.0,0.0,0.0
1756098803.1119134,1,follower,manual,0.09015196561813354,0.05738780274987221,0.9589129686355591,0,1,1,-0.09015196561813354,0.9426121972501278,0.04108703136444092,0,0,0,0,1.0,0.0,0.0,0.0,0.0,0.0,0.0
1756098803.2286987,0,leader,manual,0.07700992375612259,0.05423061549663544,0.07660163193941116,0,1,0,-0.07700992375612259,0.9457693845033646,-0.07660163193941116,0,0,0,0,1.0,0.0,0.0,0.0,0.0,0.0,0.0
1756098803.3290062,1,follower,manual,0.0901523008942604,0.05739358440041542,0.9589082598686218,0,1,1,-0.0901523008942604,0.9426064155995846,0.041091740131378174,0,0,0,0,1.0,0.0,0.0,0.0,0.0,0.0,0.0
1756098803.4880338,0,leader,manual,0.0770077332854271,0.054231781512498856,0.07660380005836487,0,1,0,-0.0770077332854271,0.9457682184875011,-0.07660380005836487,0,0,0,0,1.0,0.0,0.0,0.0,0.0,0.0,0.0
1756098803.588527,1,follower,manual,0.09015364944934845,0.0573919340968132,0.95891273021698,0,1,1,-0.09015364944934845,0.9426080659031868,0.04108726978302002,0,0,0,0,1.0,0.0,0.0,0.0,0.0,0.0,0.0
1756098803.7133665,0,leader,manual,0.0770084485411644,0.05423460900783539,0.076604925096035,0,1,0,-0.0770084485411644,0.9457653909921646,-0.076604925096035,0,0,0,0,1.0,0.0,0.0,0.0,0.0,0.0,0.0
1756098803.8136258,1,follower,manual,0.09015416353940964,0.05739946663379669,0.9589113593101501,0,1,1,-0.09015416353940964,0.9426005333662033,0.041088640689849854,0,0,0,0,1.0,0.0,0.0,0.0,0.0,0.0,0.0
1756098803.9785967,0,leader,manual,0.07700784504413605,0.05423084646463394,0.07659951597452164,0,1,0,-0.07700784504413605,0.9457691535353661,-0.07659951597452164,0,0,0,0,1.0,0.0,0.0,0.0,0.0,0.0,0.0
1756098804.0789192,1,follower,manual,0.09014375507831573,0.05738764628767967,0.9589039087295532,0,1,1,-0.09014375507831573,0.9426123537123203,0.04109609127044678,0,0,0,0,1.0,0.0,0.0,0.0,0.0,0.0,0.0
1756098804.1822844,0,leader,manual,0.07701218873262405,0.05423362925648689,0.0765901505947113,0,1,0,-0.07701218873262405,0.9457663707435131,-0.0765901505947113,0,0,0,0,1.0,0.0,0.0,0.0,0.0,0.0,0.0
1756098804.2826777,1,follower,manual,0.0901518389582634,0.057394690811634064,0.9589022994041443,0,1,1,-0.0901518389582634,0.9426053091883659,0.04109770059585571,0,0,0,0,1.0,0.0,0.0,0.0,0.0,0.0,0.0
1756098804.3869977,0,leader,manual,0.0770171731710434,0.054229333996772766,0.07659658044576645,0,1,0,-0.0770171731710434,0.9457706660032272,-0.07659658044576645,0,0,0,0,1.0,0.0,0.0,0.0,0.0,0.0,0.0
1756098804.4872494,1,follower,manual,0.09015625715255737,0.05740009993314743,0.9589021801948547,0,1,1,-0.09015625715255737,0.9425999000668526,0.041097819805145264,0,0,0,0,1.0,0.0,0.0,0.0,0.0,0.0,0.0
1756098804.5962682,0,leader,manual,0.07701548933982849,0.05422975495457649,0.07658878713846207,0,1,0,-0.07701548933982849,0.9457702450454235,-0.07658878713846207,0,0,0,0,1.0,0.0,0.0,0.0,0.0,0.0,0.0
1756098804.6968727,1,follower,manual,0.0901617556810379,0.05739402025938034,0.9588921070098877,0,1,1,-0.0901617556810379,0.9426059797406197,0.041107892990112305,0,0,0,0,1.0,0.0,0.0,0.0,0.0,0.0,0.0
1756098813.115054,0,leader,manual,0.07700902223587036,0.05423228442668915,0.07659737020730972,0,1,0,-0.07700902223587036,0.9457677155733109,-0.07659737020730972,0,0,0,0,1.0,0.0,0.0,0.0,0.0,0.0,0.0
1756098813.115171,1,follower,manual,0.09016019850969315,0.05739418789744377,0.958901047706604,0,1,1,-0.09016019850969315,0.9426058121025562,0.041098952293395996,0,0,0,0,1.0,0.0,0.0,0.0,0.0,0.0,0.0
1756098813.2155862,0,follower,manual,0.28283268213272095,0.8209435939788818,0.3232509195804596,0,1,0,-0.28283268213272095,0.17905640602111816,-0.3232509195804596,0,0,0,0,,,,,,,
1756098813.215679,1,follower,manual,0.14440959692001343,0.7923265695571899,0.9694128632545471,0,1,1,-0.14440959692001343,0.20767343044281006,0.03058713674545288,0,0,0,0,,,,,,,
1756098813.454333,0,leader,manual,0.28283268213272095,0.8209435939788818,0.3232509195804596,0,1,0,-0.28283268213272095,0.17905640602111816,-0.3232509195804596,0,0,0,0,1.0,0.0,0.0,0.0,0.0,0.0,0.0
1756098813.554756,1,follower,manual,0.14440959692001343,0.7923265695571899,0.9694128632545471,0,1,1,-0.14440959692001343,0.20767343044281006,0.03058713674545288,0,0,0,0,1.0,0.0,0.0,0.0,0.0,0.0,0.0
1756098813.5552738,0,follower,manual,0.27890196442604065,0.8269116282463074,0.3253065049648285,0,1,0,-0.27890196442604065,0.17308837175369263,-0.3253065049648285,0,0,0,0,,,,,,,
1756098813.6556578,1,follower,manual,0.1594475656747818,0.8025398254394531,0.9697503447532654,0,1,1,-0.1594475656747818,0.19746017456054688,0.03024965524673462,0,0,0,0,,,,,,,
1756098813.7582808,0,leader,manual,0.27890196442604065,0.8269116282463074,0.3253065049648285,0,1,0,-0.27890196442604065,0.17308837175369263,-0.3253065049648285,0,0,0,0,1.0,0.0,0.0,0.0,0.0,0.0,0.0
1756098813.85858,1,follower,manual,0.1594475656747818,0.8025398254394531,0.9697503447532654,0,1,1,-0.1594475656747818,0.19746017456054688,0.03024965524673462,0,0,0,0,1.0,0.0,0.0,0.0,0.0,0.0,0.0
1756098813.8589993,0,follower,manual,0.2779066860675812,0.8285120129585266,0.3201329708099365,0,1,0,-0.2779066860675812,0.1714879870414734,-0.3201329708099365,0,0,0,0,,,,,,,
1756098813.9592462,1,follower,manual,0.17176289856433868,0.807060956954956,0.9751482605934143,0,1,1,-0.17176289856433868,0.19293904304504395,0.024851739406585693,0,0,0,0,,,,,,,
1756098814.0636542,0,leader,manual,0.2779066860675812,0.8285120129585266,0.3201329708099365,0,1,0,-0.2779066860675812,0.1714879870414734,-0.3201329708099365,0,0,0,0,1.0,0.0,0.0,0.0,0.0,0.0,0.0
1756098814.164073,1,follower,manual,0.17176289856433868,0.807060956954956,0.9751482605934143,0,1,1,-0.17176289856433868,0.19293904304504395,0.024851739406585693,0,0,0,0,1.0,0.0,0.0,0.0,0.0,0.0,0.0
1756098814.1659043,0,follower,auto,0.27901506423950195,0.8287881016731262,0.3082748055458069,0,1,0,-0.27901506423950195,0.17121189832687378,-0.3082748055458069,-20,-20,17.80817668437958,0,,,,,,,
1756098814.2683594,1,follower,auto,0.18415184319019318,0.81374591588974,0.9817553758621216,0.0,1.0,1.0,-0.18415184319019318,0.18625408411026,0.018244624137878418,1.0180506229400634,-17.88616413474083,18.39182331562042,0,,,,,,,
1756098814.4335814,0,leader,auto,0.27901506423950195,0.8287881016731262,0.3082748055458069,0,1,0,-0.27901506423950195,0.17121189832687378,-0.3082748055458069,0,0,0,0,0.9048374180359595,0.27901506423950195,0.8287881016731262,0.3082748055458069,0.27901506423950195,0.8287881016731262,0.3082748055458069
1756098814.5342212,1,follower,auto,0.18415184319019318,0.81374591588974,0.9817553758621216,0.0,1.0,1.0,-0.18415184319019318,0.18625408411026,0.018244624137878418,0,0,0,0,0.9048374180359595,0.18415184319019318,0.81374591588974,0.9817553758621216,0.18415184319019318,0.81374591588974,0.9817553758621216
1756098814.536124,0,follower,auto,0.27630290389060974,0.8386529088020325,0.2962381839752197,0,1,0,-0.27630290389060974,0.16134709119796753,-0.2962381839752197,-20,-20,16.89024487733841,0,,,,,,,
1756098814.6368506,1,follower,auto,0.20025961101055145,0.8235541582107544,0.9959807395935059,0.0,1.0,1.0,-0.20025961101055145,0.1764458417892456,0.004019260406494141,-0.023076117038726807,-19.976400673389435,17.30056240558624,0,,,,,,,
1756098814.7783887,0,leader,auto,0.27630290389060974,0.8386529088020325,0.2962381839752197,0,1,0,-0.27630290389060974,0.16134709119796753,-0.2962381839752197,0,0,0,0,0.85,-0.039453064203262334,-0.0198624789714813,-0.04834128658771514,0.27630290389060974,0.8386529088020325,0.2962381839752197
1756098814.878696,1,follower,auto,0.20025961101055145,0.8235541582107544,0.9959807395935059,0.0,1.0,1.0,-0.20025961101055145,0.1764458417892456,0.004019260406494141,0,0,0,0,0.85,-0.01282750690579415,-0.040034563255310074,-0.06307178213596343,0.20025961101055145,0.8235541582107544,0.9959807395935059
1756098814.8794196,0,follower,auto,0.25247249007225037,0.8604432344436646,0.2811693847179413,0,1,0,-0.25247249007225037,0.13955676555633545,-0.2811693847179413,-20,-20,13.955076715946198,0,,,,,,,
1756098814.9799106,1,follower,auto,0.2061229944229126,0.8495869636535645,1.0116873979568481,0.0,1.0,1.0,-0.2061229944229126,0.15041303634643555,-0.011687397956848145,-1.1086686432361603,-19.98930260300636,15.23948646068573,0,,,,,,,
1756098815.0841126,0,leader,auto,0.25247249007225037,0.8604432344436646,0.2811693847179413,0,1,0,-0.25247249007225037,0.13955676555633545,-0.2811693847179413,0,0,0,0,1.0,-0.07820413382053376,0.013254788279533414,-0.06536323195648197,0.25247249007225037,0.8604432344436646,0.2811693847179413
1756098815.1846838,1,follower,auto,0.2061229944229126,0.8495869636535645,1.0116873979568481,0.0,1.0,1.0,-0.2061229944229126,0.15041303634643555,-0.011687397956848145,0,0,0,0,1.0,-0.042278641572833064,-0.021384850221157103,-0.07510674298143383,0.2061229944229126,0.8495869636535645,1.0116873979568481
1756098815.187124,0,follower,auto,0.21800516545772552,0.8843498229980469,0.2677607238292694,0,1,0,-0.21800516545772552,0.11565017700195312,-0.2677607238292694,-20,-20,11.991511896133423,0,,,,,,,
1756098815.2880225,1,follower,auto,0.19840653240680695,0.8811848759651184,1.0274765491485596,0.0,1.0,1.0,-0.19840653240680695,0.11881512403488159,-0.02747654914855957,-2.1654221457242966,-18.957549099206926,11.196858997583389,0,,,,,,,
1756098815.41178,0,leader,auto,0.21800516545772552,0.8843498229980469,0.2677607238292694,0,1,0,-0.21800516545772552,0.11565017700195312,-0.2677607238292694,0,0,0,0,1.0,-0.10414879658746717,0.034575763895511646,-0.07373637638643266,0.21800516545772552,0.8843498229980469,0.2677607238292694
1756098815.5120811,1,follower,auto,0.19840653240680695,0.8811848759651184,1.0274765491485596,0.0,1.0,1.0,-0.19840653240680695,0.11881512403488159,-0.02747654914855957,0,0,0,0,1.0,-0.07331107110993623,-0.013427983695907586,-0.08575733203486435,0.19840653240680695,0.8811848759651184,1.0274765491485596
1756098815.5126464,0,follower,auto,0.17824384570121765,0.9099819660186768,0.24955177307128906,0,1,0,-0.17824384570121765,0.09001803398132324,-0.24955177307128906,-20,-16.770485508292914,10.056904478931427,0,,,,,,,
1756098815.6130562,1,follower,auto,0.18638773262500763,0.9127843379974365,1.046610951423645,0.0,1.0,1.0,-0.18638773262500763,0.08721566200256348,-0.04661095142364502,-4.186846611559391,-17.953613942885397,8.135719892811775,0,,,,,,,
1756098815.7195156,0,leader,auto,0.17824384570121765,0.9099819660186768,0.24955177307128906,0,1,0,-0.17824384570121765,0.09001803398132324,-0.24955177307128906,0,0,0,0,1.0,-0.12319386393420217,0.054226772528028544,-0.08610399556868858,0.17824384570121765,0.9099819660186768,0.24955177307128906
1756098815.8198092,1,follower,auto,0.18638773262500763,0.9127843379974365,1.046610951423645,0.0,1.0,1.0,-0.18638773262500763,0.08721566200256348,-0.04661095142364502,0,0,0,0,1.0,-0.09217229370824065,-0.010455332807664641,-0.088463500026982,0.18638773262500763,0.9127843379974365,1.046610951423645
1756098815.820265,0,follower,auto,0.1398659646511078,0.9313875436782837,0.22286443412303925,0,1,0,-0.1398659646511078,0.06861245632171631,-0.22286443412303925,-20,-12.735107735946775,7.158907206673622,0,,,,,,,
1756098815.9206002,1,follower,auto,0.17135147750377655,0.9341092705726624,1.0701063871383667,0.0,1.0,1.0,-0.17135147750377655,0.06589072942733765,-0.0701063871383667,-7.147875918644667,-16.957782727487086,6.052286098430157,0,,,,,,,
1756098816.0264359,0,leader,auto,0.1398659646511078,0.9313875436782837,0.22286443412303925,0,1,0,-0.1398659646511078,0.06861245632171631,-0.22286443412303925,0,0,0,0,1.0,-0.13118927890004495,0.0667466008153238,-0.0994730485037682,0.1398659646511078,0.9313875436782837,0.22286443412303925
1756098816.1267824,1,follower,auto,0.17135147750377655,0.9341092705726624,1.0701063871383667,0.0,1.0,1.0,-0.17135147750377655,0.06589072942733765,-0.0701063871383667,0,0,0,0,1.0,-0.10761302536806339,-0.01591569568473772,-0.08693037647853852,0.17135147750377655,0.9341092705726624,1.0701063871383667
1756098816.1273055,0,follower,auto,0.10754449665546417,0.9467107653617859,0.18936163187026978,0,1,0,-0.10754449665546417,0.05328923463821411,-0.18936163187026978,-18.098532099714518,-9.735245297001303,6.272977749055386,0,,,,,,,
1756098816.2275896,1,follower,auto,0.15827086567878723,0.9517427682876587,1.0973623991012573,0.0,1.0,1.0,-0.15827086567878723,0.04825723171234131,-0.09736239910125732,-9.123482047825455,-14.981933106782199,3.956616761693239,0,,,,,,,
1756098816.3690796,0,leader,auto,0.10754449665546417,0.9467107653617859,0.18936163187026978,0,1,0,-0.10754449665546417,0.05328923463821411,-0.18936163187026978,0,0,0,0,1.0,-0.12999661684752278,0.07665944879029962,-0.10747903610473536,0.10754449665546417,0.9467107653617859,0.18936163187026978
1756098816.469371,1,follower,auto,0.15827086567878723,0.9517427682876587,1.0973623991012573,0.0,1.0,1.0,-0.15827086567878723,0.04825723171234131,-0.09736239910125732,0,0,0,0,1.0,-0.11615838327722494,-0.011504312885238233,-0.08400626374008735,0.15827086567878723,0.9517427682876587,1.0973623991012573
1756098816.5699751,0,follower,auto,0.08262239396572113,0.9583948254585266,0.1475493311882019,0,1,0,-0.08262239396572113,0.04160517454147339,-0.1475493311882019,-14.071293436047625,-7.75893238533929,5.405555212362337,0,,,,,,,
1756098816.670652,1,follower,auto,0.14531394839286804,0.9660204648971558,1.1266580820083618,0.0,1.0,1.0,-0.14531394839286804,0.03397953510284424,-0.12665808200836182,-12.104350186380564,-13.997129251897979,2.8558929355170966,0,,,,,,,
1756098816.872802,0,leader,auto,0.08262239396572113,0.9583948254585266,0.1475493311882019,0,1,0,-0.08262239396572113,0.04160517454147339,-0.1475493311882019,0,0,0,0,1.0,-0.12453269982777215,0.08651925237583469,-0.11561277011680504,0.08262239396572113,0.9583948254585266,0.1475493311882019
1756098816.9731548,1,follower,auto,0.14531394839286804,0.9660204648971558,1.1266580820083618,0.0,1.0,1.0,-0.14531394839286804,0.03397953510284424,-0.12665808200836182,0,0,0,0,1.0,-0.1240471188483035,-0.005046373169797724,-0.08088283373316152,0.14531394839286804,0.9660204648971558,1.1266580820083618
1756098816.9736319,0,follower,auto,0.06894002854824066,0.9656981229782104,0.09180253744125366,0,1,0,-0.06894002854824066,0.03430187702178955,-0.09180253744125366,-9.044468875693438,-5.820598523465976,4.583724485595146,0,,,,,,,
1756098817.0740106,1,follower,auto,0.12909354269504547,0.9743133187294006,1.1588029861450195,0.0,1.0,1.0,-0.12909354269504547,0.025686681270599365,-0.15880298614501953,-15.07372804671312,-11.980628329020933,1.7338378951319051,0,,,,,,,
1756098817.2037642,0,leader,auto,0.06894002854824066,0.9656981229782104,0.09180253744125366,0,1,0,-0.06894002854824066,0.03430187702178955,-0.09180253744125366,0,0,0,0,1.0,-0.11357993295118254,0.09101862809227534,-0.12801605218703943,0.06894002854824066,0.9656981229782104,0.09180253744125366
1756098817.3046896,1,follower,auto,0.12909354269504547,0.9743133187294006,1.1588029861450195,0.0,1.0,1.0,-0.12909354269504547,0.025686681270599365,-0.15880298614501953,0,0,0,0,1.0,-0.13386490938120665,0.0013759166295184144,-0.07603653541513578,0.12909354269504547,0.9743133187294006,1.1588029861450195
1756098817.3064122,0,follower,auto,0.07102467864751816,0.9624652862548828,0.05985049903392792,0,1,0,-0.07102467864751816,0.03753471374511719,-0.05985049903392792,-4.996596504440056,-6.917262964739854,4.555773637521004,0,,,,,,,
1756098817.4074404,1,follower,auto,0.12046416848897934,0.9676883816719055,1.1686654090881348,0.0,1.0,1.0,-0.12046416848897934,0.03231161832809448,-0.16866540908813477,-15.997459922402456,-11.995617249757705,2.772271461646795,0,,,,,,,
1756098817.5246086,0,leader,auto,0.07102467864751816,0.9624652862548828,0.05985049903392792,0,1,0,-0.07102467864751816,0.03753471374511719,-0.05985049903392792,0,0,0,0,1.0,-0.09681871998081959,0.08406584503942083,-0.10112405820178971,0.07102467864751816,0.9624652862548828,0.05985049903392792
1756098817.6251314,1,follower,auto,0.12046416848897934,0.9676883816719055,1.1686654090881348,0.0,1.0,1.0,-0.12046416848897934,0.03231161832809448,-0.16866540908813477,0,0,0,0,1.0,-0.13022261165559873,0.0014492987887204656,-0.09549066237890202,0.12046416848897934,0.9676883816719055,1.1686654090881348
1756098817.62584,0,follower,auto,0.07683594524860382,0.9574942588806152,0.038190171122550964,0,1,0,-0.07683594524860382,0.042505741119384766,-0.038190171122550964,-2.974176507350846,-6.971414054123895,5.516798686929862,0,,,,,,,
1756098817.7264285,1,follower,auto,0.11514458805322647,0.9623312950134277,1.170078992843628,0.0,1.0,1.0,-0.11514458805322647,0.037668704986572266,-0.17007899284362793,-16.980662341764376,-11.004515092119771,2.8066511682751893,0,,,,,,,
1756098817.8706098,0,leader,auto,0.07683594524860382,0.9574942588806152,0.038190171122550964,0,1,0,-0.07683594524860382,0.042505741119384766,-0.038190171122550964,0,0,0,0,1.0,-0.09420024324490212,0.08228030019055566,-0.08932067785125458,0.07683594524860382,0.9574942588806152,0.038190171122550964
1756098817.9711275,1,follower,auto,0.11514458805322647,0.9623312950134277,1.170078992843628,0.0,1.0,1.0,-0.11514458805322647,0.037668704986572266,-0.17007899284362793,0,0,0,0,1.0,-0.13109507843570725,0.018627651182817062,-0.10098233328543671,0.11514458805322647,0.9623312950134277,1.170078992843628
1756098817.97151,0,follower,auto,0.08541634678840637,0.9527661204338074,0.031588587909936905,0,1,0,-0.08541634678840637,0.04723387956619263,-0.031588587909936905,-2.9808985606303944,-8.002625127341847,5.4334802092457775,0,,,,,,,
1756098818.0719821,1,follower,auto,0.1176062524318695,0.9471307396888733,1.163416862487793,0.0,1.0,1.0,-0.1176062524318695,0.05286926031112671,-0.16341686248779297,-15.921852580264451,-11.036530293388724,4.859262344303224,0,,,,,,,
1756098818.2072384,0,leader,auto,0.08541634678840637,0.9527661204338074,0.031588587909936905,0,1,0,-0.08541634678840637,0.04723387956619263,-0.031588587909936905,0,0,0,0,1.0,-0.092750507765615,0.08056054761393294,-0.07441949116834626,0.08541634678840637,0.9527661204338074,0.031588587909936905
1756098818.3076026,1,follower,auto,0.1176062524318695,0.9471307396888733,1.163416862487793,0.0,1.0,1.0,-0.1176062524318695,0.05286926031112671,-0.16341686248779297,0,0,0,0,1.0,-0.1264526440072887,0.024647185787535775,-0.10580575856791374,0.1176062524318695,0.9471307396888733,1.163416862487793
1756098818.3079886,0,follower,auto,0.09564536809921265,0.9498692154884338,0.03885095193982124,0,1,0,-0.09564536809921265,0.05013078451156616,-0.03885095193982124,-3.0080466239294745,-9.018796003969461,6.324004091511517,0,,,,,,,
1756098818.408402,1,follower,auto,0.12609685957431793,0.9265585541725159,1.1487843990325928,0.0,1.0,1.0,-0.12609685957431793,0.07344144582748413,-0.14878439903259277,-13.864208538399708,-12.07157306175338,6.93477309213951,0,,,,,,,
1756098818.5209787,0,leader,auto,0.09564536809921265,0.9498692154884338,0.03885095193982124,0,1,0,-0.09564536809921265,0.05013078451156616,-0.03885095193982124,0,0,0,0,1.0,-0.09353948265601619,0.08053904681916169,-0.06152385466499287,0.09564536809921265,0.9498692154884338,0.03885095193982124
1756098818.62137,1,follower,auto,0.12609685957431793,0.9265585541725159,1.1487843990325928,0.0,1.0,1.0,-0.12609685957431793,0.07344144582748413,-0.14878439903259277,0,0,0,0,1.0,-0.1238730728964347,0.033718577028745034,-0.11228700849750739,0.12609685957431793,0.9265585541725159,1.1487843990325928
1756098818.6217878,0,follower,auto,0.10484504699707031,0.9489218592643738,0.05311739817261696,0,1,0,-0.10484504699707031,0.05107814073562622,-0.05311739817261696,-5.033619708080332,-10.020088638994679,6.231668109652504,0,,,,,,,
1756098818.7220964,1,follower,auto,0.1341378390789032,0.9126081466674805,1.131419062614441,0.0,1.0,1.0,-0.1341378390789032,0.08739185333251953,-0.13141906261444092,-12.865486232956222,-13.079432846012434,7.9989803842213,0,,,,,,,
1756098818.8241453,0,leader,auto,0.10484504699707031,0.9489218592643738,0.05311739817261696,0,1,0,-0.10484504699707031,0.05107814073562622,-0.05311739817261696,0,0,0,0,1.0,-0.0979752521135733,0.08066429935525488,-0.057152345273693436,0.10484504699707031,0.9489218592643738,0.05311739817261696
1756098818.9244618,1,follower,auto,0.1341378390789032,0.9126081466674805,1.131419062614441,0.0,1.0,1.0,-0.1341378390789032,0.08739185333251953,-0.13141906261444092,0,0,0,0,1.0,-0.12896188922226515,0.05218144895674215,-0.11521743404274809,0.1341378390789032,0.9126081466674805,1.131419062614441
1756098818.924896,0,follower,auto,0.11138498038053513,0.9471755623817444,0.06827354431152344,0,1,0,-0.11138498038053513,0.052824437618255615,-0.06827354431152344,-6.041042473989498,-11.009191035966154,6.175384453522296,0,,,,,,,
1756098819.0251927,1,follower,auto,0.14042554795742035,0.9043722748756409,1.1163805723190308,0.0,1.0,1.0,-0.14042554795742035,0.09562772512435913,-0.11638057231903076,-10.886764199888697,-14.074541507036304,9.033315940097161,0,,,,,,,
1756098819.130603,0,leader,auto,0.11138498038053513,0.9471755623817444,0.06827354431152344,0,1,0,-0.11138498038053513,0.052824437618255615,-0.06827354431152344,0,0,0,0,1.0,-0.10477657114014644,0.08005912044345065,-0.05906517276081358,0.11138498038053513,0.9471755623817444,0.06827354431152344
1756098819.2309232,1,follower,auto,0.14042554795742035,0.9043722748756409,1.1163805723190308,0.0,1.0,1.0,-0.14042554795742035,0.09562772512435913,-0.11638057231903076,0,0,0,0,1.0,-0.1360568793410098,0.0676305839654896,-0.11397652226166288,0.14042554795742035,0.9043722748756409,1.1163805723190308
1756098819.2313676,0,follower,auto,0.11613574624061584,0.9437258839607239,0.08530786633491516,0,1,0,-0.11613574624061584,0.05627411603927612,-0.08530786633491516,-8.039177390062145,-10.999584733170293,6.119320731039981,0,,,,,,,
1756098819.3319027,1,follower,auto,0.14411941170692444,0.8964238166809082,1.0982812643051147,0.0,1.0,1.0,-0.14411941170692444,0.1035761833190918,-0.09828126430511475,-8.891292438315151,-14.0610024740907,10.08776232820606,0,,,,,,,
1756098819.4474628,0,leader,auto,0.11613574624061584,0.9437258839607239,0.08530786633491516,0,1,0,-0.11613574624061584,0.05627411603927612,-0.08530786633491516,0,0,0,0,1.0,-0.1112883354310879,0.0795932341524419,-0.059818470964201786,0.11613574624061584,0.9437258839607239,0.08530786633491516
1756098819.5479383,1,follower,auto,0.14411941170692444,0.8964238166809082,1.0982812643051147,0.0,1.0,1.0,-0.14411941170692444,0.1035761833190918,-0.09828126430511475,0,0,0,0,1.0,-0.14456185321659853,0.07474692672455585,-0.11923206458456614,0.14411941170692444,0.8964238166809082,1.0982812643051147
1756098819.5489588,0,follower,auto,0.11905983835458755,0.9377536177635193,0.10098648071289062,0,1,0,-0.11905983835458755,0.06224638223648071,-0.10098648071289062,-10.018848832882444,-10.99213899663747,7.082048400841993,0,,,,,,,
1756098819.6494792,1,follower,auto,0.14413627982139587,0.8967470526695251,1.0816304683685303,0.0,1.0,1.0,-0.14413627982139587,0.10325294733047485,-0.08163046836853027,-7.936566188754677,-14.038389198500289,10.124159679477977,0,,,,,,,
1756098819.785048,0,leader,auto,0.11905983835458755,0.9377536177635193,0.10098648071289062,0,1,0,-0.11905983835458755,0.06224638223648071,-0.10098648071289062,0,0,0,0,1.0,-0.11743729378450196,0.08033422971717352,-0.06370439108280593,0.11905983835458755,0.9377536177635193,0.10098648071289062
1756098819.8854492,1,follower,auto,0.14413627982139587,0.8967470526695251,1.0816304683685303,0.0,1.0,1.0,-0.14413627982139587,0.10325294733047485,-0.08163046836853027,0,0,0,0,1.0,-0.15362614013272602,0.08742509774274732,-0.12071739096036671,0.14413627982139587,0.8967470526695251,1.0816304683685303
1756098819.8866117,0,follower,auto,0.11932994425296783,0.9306836128234863,0.11289097368717194,0,1,0,-0.11932994425296783,0.06931638717651367,-0.11289097368717194,-10.99478946460396,-10.97397864667076,7.072550869763744,0,,,,,,,
1756098819.987338,1,follower,auto,0.14751745760440826,0.9026909470558167,1.0720301866531372,0.0,1.0,1.0,-0.14751745760440826,0.09730905294418335,-0.07203018665313721,-6.987105377561462,-14.050515203332417,9.119633867044916,0,,,,,,,
1756098820.1531959,0,leader,auto,0.11932994425296783,0.9306836128234863,0.11289097368717194,0,1,0,-0.11932994425296783,0.06931638717651367,-0.11289097368717194,0,0,0,0,1.0,-0.12403718136966072,0.08443528602419714,-0.0707382974223737,0.11932994425296783,0.9306836128234863,0.11289097368717194
1756098820.2535346,1,follower,auto,0.14751745760440826,0.9026909470558167,1.0720301866531372,0.0,1.0,1.0,-0.14751745760440826,0.09730905294418335,-0.07203018665313721,0,0,0,0,1.0,-0.15508265125472176,0.09573681646461163,-0.11654799296103135,0.14751745760440826,0.9026909470558167,1.0720301866531372
1756098820.253969,0,follower,auto,0.11861076951026917,0.9289336204528809,0.11983424425125122,0,1,0,-0.11861076951026917,0.07106637954711914,-0.11983424425125122,-10.999884395400018,-10.957915357969696,8.093106392854706,0,,,,,,,
1756098820.354297,1,follower,auto,0.15311510860919952,0.913204550743103,1.0746617317199707,0.0,1.0,1.0,-0.15311510860919952,0.08679544925689697,-0.0746617317199707,-7.031491224779669,-15.069922397332046,8.064334802538058,0,,,,,,,
1756098820.463456,0,leader,auto,0.11861076951026917,0.9289336204528809,0.11983424425125122,0,1,0,-0.11861076951026917,0.07106637954711914,-0.11983424425125122,0,0,0,0,1.0,-0.12855820977523078,0.09568397089677672,-0.07852777285699705,0.11861076951026917,0.9289336204528809,0.11983424425125122
1756098820.5642452,1,follower,auto,0.15311510860919952,0.913204550743103,1.0746617317199707,0.0,1.0,1.0,-0.15311510860919952,0.08679544925689697,-0.0746617317199707,0,0,0,0,1.0,-0.15761173416099206,0.10154942215529128,-0.10644292046818782,0.15311510860919952,0.913204550743103,1.0746617317199707
1756098820.564671,0,follower,auto,0.11840172111988068,0.9282693266868591,0.12166693061590195,0,1,0,-0.11840172111988068,0.07173067331314087,-0.12166693061590195,-11.997445794522562,-10.950769009656458,8.130340830932337,0,,,,,,,
1756098820.6650555,1,follower,auto,0.15852601826190948,0.9233251810073853,1.083203673362732,0.0,1.0,1.0,-0.15852601826190948,0.07667481899261475,-0.08320367336273193,-8.051683504824037,-15.079430134235816,7.013318090054363,0,,,,,,,
1756098820.7669103,0,leader,auto,0.11840172111988068,0.9282693266868591,0.12166693061590195,0,1,0,-0.11840172111988068,0.07173067331314087,-0.12166693061590195,0,0,0,0,1.0,-0.13129250619437646,0.1020285156429539,-0.0870197970778605,0.11840172111988068,0.9282693266868591,0.12166693061590195
1756098820.8673213,1,follower,auto,0.15852601826190948,0.9233251810073853,1.083203673362732,0.0,1.0,1.0,-0.15852601826190948,0.07667481899261475,-0.08320367336273193,0,0,0,0,1.0,-0.16341169386074583,0.1020949746277493,-0.10221028346670669,0.15852601826190948,0.9233251810073853,1.083203673362732
1756098820.8681295,0,follower,auto,0.11817152053117752,0.9296985864639282,0.1223740354180336,0,1,0,-0.11817152053117752,0.07030141353607178,-0.1223740354180336,-12.00686943667525,-10.944505445798262,8.156014860704623,0,,,,,,,
1756098820.9687374,1,follower,auto,0.16334082186222076,0.92685467004776,1.0940704345703125,0.0,1.0,1.0,-0.16334082186222076,0.07314532995223999,-0.0940704345703125,-9.028696098161994,-16.083809630018173,6.978472578350595,0,,,,,,,
1756098821.0744228,0,leader,auto,0.11817152053117752,0.9296985864639282,0.1223740354180336,0,1,0,-0.11817152053117752,0.07030141353607178,-0.1223740354180336,0,0,0,0,1.0,-0.13438687703068503,0.10999780404199011,-0.09105453164664029,0.11817152053117752,0.9296985864639282,0.1223740354180336
1756098821.1747117,1,follower,auto,0.16334082186222076,0.92685467004776,1.0940704345703125,0.0,1.0,1.0,-0.16334082186222076,0.07314532995223999,-0.0940704345703125,0,0,0,0,1.0,-0.1692825284157356,0.09742981843100096,-0.10076616498393931,0.16334082186222076,0.92685467004776,1.0940704345703125
1756098821.2752523,0,follower,auto,0.11742642521858215,0.9291303753852844,0.12306035310029984,0,1,0,-0.11742642521858215,0.07086962461471558,-0.12306035310029984,-12.006438095979076,-10.937624447536475,8.16998477698418,0,,,,,,,
1756098821.3758428,1,follower,auto,0.16647537052631378,0.9226407408714294,1.1029549837112427,0.0,1.0,1.0,-0.16647537052631378,0.07735925912857056,-0.10295498371124268,-9.984146575401205,-16.080905779284745,6.970163814074961,0,,,,,,,
1756098821.578702,0,leader,auto,0.11742642521858215,0.9291303753852844,0.12306035310029984,0,1,0,-0.11742642521858215,0.07086962461471558,-0.12306035310029984,0,0,0,0,1.0,-0.1377830645785344,0.11340733438043304,-0.0937680617284119,0.11742642521858215,0.9291303753852844,0.12306035310029984
1756098821.679065,1,follower,auto,0.16647537052631378,0.9226407408714294,1.1029549837112427,0.0,1.0,1.0,-0.16647537052631378,0.07735925912857056,-0.10295498371124268,0,0,0,0,1.0,-0.1768896412770279,0.09286930720659758,-0.10368087972990403,0.16647537052631378,0.9226407408714294,1.1029549837112427
1756098821.692259,0,follower,auto,0.11885860562324524,0.9293341040611267,0.11969558149576187,0,1,0,-0.11885860562324524,0.07066589593887329,-0.11969558149576187,-11.031765718344504,-10.93382215350628,8.203016254368581,0,,,,,,,
1756098821.7931151,1,follower,auto,0.17814023792743683,0.9032383561134338,1.1119046211242676,0.0,1.0,1.0,-0.17814023792743683,0.09676164388656616,-0.11190462112426758,-10.884775327524537,-17.126744515324386,8.955571886553516,0,,,,,,,
1756098821.9368923,0,leader,auto,0.11885860562324524,0.9293341040611267,0.11969558149576187,0,1,0,-0.11885860562324524,0.07066589593887329,-0.11969558149576187,0,0,0,0,1.0,-0.13827642943410035,0.11938127216807226,-0.10036305208849558,0.11885860562324524,0.9293341040611267,0.11969558149576187
1756098822.0374386,1,follower,auto,0.17814023792743683,0.9032383561134338,1.1119046211242676,0.0,1.0,1.0,-0.17814023792743683,0.09676164388656616,-0.11190462112426758,0,0,0,0,1.0,-0.17382684984266095,0.08209283976793791,-0.10436510248809006,0.17814023792743683,0.9032383561134338,1.1119046211242676
1756098822.0383363,0,follower,auto,0.1208307296037674,0.9300291538238525,0.11497652530670166,0,1,0,-0.1208307296037674,0.06997084617614746,-0.11497652530670166,-11.031323936904565,-11.93535336926508,7.232761606890904,0,,,,,,,
1756098822.1388702,1,follower,auto,0.18284538388252258,0.9064712524414062,1.1226698160171509,0.0,1.0,1.0,-0.18284538388252258,0.09352874755859375,-0.12266981601715088,-11.960135750437079,-18.110861165113672,8.929421052829667,0,,,,,,,
1756098822.2466192,0,leader,auto,0.1208307296037674,0.9300291538238525,0.11497652530670166,0,1,0,-0.1208307296037674,0.06997084617614746,-0.11497652530670166,0,0,0,0,1.0,-0.14037372224570155,0.12374148264321594,-0.10389856980207668,0.1208307296037674,0.9300291538238525,0.11497652530670166
1756098822.3471963,1,follower,auto,0.18284538388252258,0.9064712524414062,1.1226698160171509,0.0,1.0,1.0,-0.18284538388252258,0.09352874755859375,-0.12266981601715088,0,0,0,0,1.0,-0.187483704813463,0.11068732579535423,-0.1052432107454997,0.18284538388252258,0.9064712524414062,1.1226698160171509
1756098822.3480868,0,follower,auto,0.1203044205904007,0.9310302138328552,0.10876760631799698,0,1,0,-0.1203044205904007,0.06896978616714478,-0.10876760631799698,-10.017291508711903,-11.921559841856146,7.259395710920973,0,,,,,,,
1756098822.448659,1,follower,auto,0.18627187609672546,0.9208879470825195,1.1306504011154175,0.0,1.0,1.0,-0.18627187609672546,0.07911205291748047,-0.13065040111541748,-13.044900967021077,-18.104485287900992,6.921818089335038,0,,,,,,,
1756098822.5931172,0,leader,auto,0.1203044205904007,0.9310302138328552,0.10876760631799698,0,1,0,-0.1203044205904007,0.06896978616714478,-0.10876760631799698,0,0,0,0,1.0,-0.14638508527411342,0.1276543278678044,-0.10638728002048747,0.1203044205904007,0.9310302138328552,0.10876760631799698
1756098822.6942096,1,follower,auto,0.18627187609672546,0.9208879470825195,1.1306504011154175,0.0,1.0,1.0,-0.18627187609672546,0.07911205291748047,-0.13065040111541748,0,0,0,0,1.0,-0.19562419743065174,0.12719002031121085,-0.11064264894821618,0.18627187609672546,0.9208879470825195,1.1306504011154175
1756098822.6954005,0,follower,auto,0.11790158599615097,0.9327393174171448,0.10062430799007416,0,1,0,-0.11790158599615097,0.06726068258285522,-0.10062430799007416,-10.012900005161026,-10.909043414719338,7.270537860481645,0,,,,,,,
1756098822.796076,1,follower,auto,0.18546901643276215,0.9292513728141785,1.1226202249526978,0.0,1.0,1.0,-0.18546901643276215,0.07074862718582153,-0.12262022495269775,-12.048062360685853,-18.08530620832331,6.991754872455857,0,,,,,,,
1756098822.9673738,0,leader,auto,0.11790158599615097,0.9327393174171448,0.10062430799007416,0,1,0,-0.11790158599615097,0.06726068258285522,-0.10062430799007416,0,0,0,0,1.0,-0.15140006558040575,0.1307204032797349,-0.10919781826939734,0.11790158599615097,0.9327393174171448,0.10062430799007416
1756098823.067643,1,follower,auto,0.18546901643276215,0.9292513728141785,1.1226202249526978,0.0,1.0,1.0,-0.18546901643276215,0.07074862718582153,-0.12262022495269775,0,0,0,0,1.0,-0.20622058275087984,0.126550251150105,-0.1269366693616445,0.18546901643276215,0.9292513728141785,1.1226202249526978
1756098823.0680907,0,follower,auto,0.11289910972118378,0.9346292614936829,0.09009440988302231,0,1,0,-0.11289910972118378,0.06537073850631714,-0.09009440988302231,-9.00994471144058,-10.897834265627692,7.273647243466588,0,,,,,,,
1756098823.1686432,1,follower,auto,0.1780596375465393,0.9351354241371155,1.1035767793655396,0.0,1.0,1.0,-0.1780596375465393,0.06486457586288452,-0.10357677936553955,-10.040994778991278,-17.048340829608104,6.069248619930345,0,,,,,,,
1756098823.2754982,0,leader,auto,0.11289910972118378,0.9346292614936829,0.09009440988302231,0,1,0,-0.11289910972118378,0.06537073850631714,-0.09009440988302231,0,0,0,0,1.0,-0.1558247467410182,0.13307091958036033,-0.11230308681284418,0.11289910972118378,0.9346292614936829,0.09009440988302231
1756098823.3757968,1,follower,auto,0.1780596375465393,0.9351354241371155,1.1035767793655396,0.0,1.0,1.0,-0.1780596375465393,0.06486457586288452,-0.10357677936553955,0,0,0,0,1.0,-0.2185391732164098,0.12852592403306262,-0.1373254934968402,0.1780596375465393,0.9351354241371155,1.1035767793655396
1756098823.3762753,0,follower,auto,0.10830216854810715,0.9334316849708557,0.07884228974580765,0,1,0,-0.10830216854810715,0.06656831502914429,-0.07884228974580765,-6.994141536448532,-9.906701332747408,7.268528308178965,0,,,,,,,
1756098823.4765937,1,follower,auto,0.16396848857402802,0.9367602467536926,1.0821996927261353,0.0,1.0,1.0,-0.16396848857402802,0.06323975324630737,-0.08219969272613525,-8.022934744274776,-15.998661217211861,6.111383119301915,0,,,,,,,
1756098823.7197635,0,leader,auto,0.10830216854810715,0.9334316849708557,0.07884228974580765,0,1,0,-0.10830216854810715,0.06656831502914429,-0.07884228974580765,0,0,0,0,1.0,-0.1569675611002943,0.13100908851761406,-0.11356077087770292,0.10830216854810715,0.9334316849708557,0.07884228974580765
1756098823.820264,1,follower,auto,0.16396848857402802,0.9367602467536926,1.0821996927261353,0.0,1.0,1.0,-0.16396848857402802,0.06323975324630737,-0.08219969272613525,0,0,0,0,1.0,-0.22915693373932178,0.12659613466371022,-0.13748885355920626,0.16396848857402802,0.9367602467536926,1.0821996927261353
1756098823.8206513,0,follower,auto,0.1032281294465065,0.9322160482406616,0.06239235773682594,0,1,0,-0.1032281294465065,0.06778395175933838,-0.06239235773682594,-5.992516388146321,-9.930551478093705,7.285326315225953,0,,,,,,,
1756098823.9209247,1,follower,auto,0.1367179900407791,0.9337316155433655,1.059798002243042,0.0,1.0,1.0,-0.1367179900407791,0.06626838445663452,-0.05979800224304199,-4.994780570720482,-12.905294228827708,6.131823927485025,0,,,,,,,
1756098824.0221725,0,leader,auto,0.1032281294465065,0.9322160482406616,0.06239235773682594,0,1,0,-0.1032281294465065,0.06778395175933838,-0.06239235773682594,0,0,0,0,1.0,-0.15793330669554806,0.13012462453563878,-0.11921346480498676,0.1032281294465065,0.9322160482406616,0.06239235773682594
1756098824.1224446,1,follower,auto,0.1367179900407791,0.9337316155433655,1.059798002243042,0.0,1.0,1.0,-0.1367179900407791,0.06626838445663452,-0.05979800224304199,0,0,0,0,0.9048374180359595,-0.24456552849291202,0.12236984750125812,-0.13637550930864473,0.1367179900407791,0.9337316155433655,1.059798002243042
1756098824.1229656,0,follower,auto,0.09961583465337753,0.9331437349319458,0.05377011001110077,0,1,0,-0.09961583465337753,0.0668562650680542,-0.05377011001110077,-5.00609966923244,-8.95748962635572,7.26743575342351,0,,,,,,,
1756098824.2233074,1,follower,auto,0.11508294194936752,0.9298913478851318,1.0576788187026978,0.0,1.0,1.0,-0.11508294194936752,0.07010865211486816,-0.057678818702697754,-4.9778565783664135,-10.887225245605634,7.042823330707274,0,,,,,,,
1756098824.3294065,0,leader,auto,0.09961583465337753,0.9331437349319458,0.05377011001110077,0,1,0,-0.09961583465337753,0.0668562650680542,-0.05377011001110077,0,0,0,0,1.0,-0.15692611546343715,0.13045298687312512,-0.111518298948657,0.09961583465337753,0.9331437349319458,0.05377011001110077
1756098824.4297,1,follower,auto,0.11508294194936752,0.9298913478851318,1.0576788187026978,0.0,1.0,1.0,-0.11508294194936752,0.07010865211486816,-0.057678818702697754,0,0,0,0,0.85,-0.23718144057032764,0.1192108007739966,-0.11404229573486191,0.11508294194936752,0.9298913478851318,1.0576788187026978
1756098824.4301312,0,follower,auto,0.09472420066595078,0.9353729486465454,0.049031198024749756,0,1,0,-0.09472420066595078,0.06462705135345459,-0.049031198024749756,-4.021983604459307,-8.970662297829316,7.2551372051473075,0,,,,,,,
1756098824.5304797,1,follower,auto,0.09606410562992096,0.9254047274589539,1.0627063512802124,0.0,1.0,1.0,-0.09606410562992096,0.07459527254104614,-0.0627063512802124,-5.963722161631719,-8.882328188470222,6.9767283136090406,0,,,,,,,
1756098824.6341963,0,leader,auto,0.09472420066595078,0.9353729486465454,0.049031198024749756,0,1,0,-0.09472420066595078,0.06462705135345459,-0.049031198024749756,0,0,0,0,1.0,-0.1577473773562844,0.12893343435328541,-0.10821130102578691,0.09472420066595078,0.9353729486465454,0.049031198024749756
1756098824.7346032,1,follower,auto,0.09606410562992096,0.9254047274589539,1.0627063512802124,0.0,1.0,1.0,-0.09606410562992096,0.07459527254104614,-0.0627063512802124,0,0,0,0,1.0,-0.23122156760974855,0.11638965653797895,-0.10709586520361869,0.09606410562992096,0.9254047274589539,1.0627063512802124
1756098824.7363555,0,follower,auto,0.08804894238710403,0.9376790523529053,0.050598666071891785,0,1,0,-0.08804894238710403,0.06232094764709473,-0.050598666071891785,-5.032982746609552,-7.968563962884046,7.2332522410224565,0,,,,,,,
1756098824.8370333,1,follower,auto,0.08394978195428848,0.9207702279090881,1.0741132497787476,0.0,1.0,1.0,-0.08394978195428848,0.07922977209091187,-0.07411324977874756,-6.952949720675032,-7.908416938797003,6.921815075112604,0,,,,,,,
1756098824.9829879,0,leader,auto,0.08804894238710403,0.9376790523529053,0.050598666071891785,0,1,0,-0.08804894238710403,0.06232094764709473,-0.050598666071891785,0,0,0,0,1.0,-0.1590368213041567,0.12529630188830787,-0.10266738013589397,0.08804894238710403,0.9376790523529053,0.050598666071891785
1756098825.0836287,1,follower,auto,0.08394978195428848,0.9207702279090881,1.0741132497787476,0.0,1.0,1.0,-0.08394978195428848,0.07922977209091187,-0.07411324977874756,0,0,0,0,1.0,-0.2193260890978198,0.1152221201836442,-0.10126747568398997,0.08394978195428848,0.9207702279090881,1.0741132497787476
1756098825.0880935,0,follower,auto,0.08001572638750076,0.9408103823661804,0.0572223924100399,0,1,0,-0.08001572638750076,0.05918961763381958,-0.0572223924100399,-5.057283277466447,-7.957273739250689,6.218298093470057,0,,,,,,,
1756098825.1884346,1,follower,auto,0.07841593027114868,0.9072070121765137,1.0943951606750488,0.0,1.0,1.0,-0.07841593027114868,0.09279298782348633,-0.09439516067504883,-8.89468254269787,-6.948838846986105,8.855218424985773,0,,,,,,,
1756098825.3014688,0,leader,auto,0.08001572638750076,0.9408103823661804,0.0572223924100399,0,1,0,-0.08001572638750076,0.05918961763381958,-0.0572223924100399,0,0,0,0,1.0,-0.15882113370954787,0.12363673282853427,-0.09868433127775669,0.08001572638750076,0.9408103823661804,0.0572223924100399
1756098825.401836,1,follower,auto,0.07841593027114868,0.9072070121765137,1.0943951606750488,0.0,1.0,1.0,-0.07841593027114868,0.09279298782348633,-0.09439516067504883,0,0,0,0,1.0,-0.20749446869825494,0.10633302651059184,-0.09323822982029717,0.07841593027114868,0.9072070121765137,1.0943951606750488
1756098825.4024396,0,follower,auto,0.07323342561721802,0.9412727355957031,0.06933338195085526,0,1,0,-0.07323342561721802,0.058727264404296875,-0.06933338195085526,-6.055617619500921,-6.949716929695662,6.196993749139345,0,,,,,,,
1756098825.5028517,1,follower,auto,0.08023642748594284,0.9007827639579773,1.1157939434051514,0.0,1.0,1.0,-0.08023642748594284,0.0992172360420227,-0.11579394340515137,-10.904932167594518,-8.001277271242323,8.82432016285955,0,,,,,,,
1756098825.6623695,0,leader,auto,0.07323342561721802,0.9412727355957031,0.06933338195085526,0,1,0,-0.07323342561721802,0.058727264404296875,-0.06933338195085526,0,0,0,0,1.0,-0.15599822419690515,0.11860683535253613,-0.09349430629189409,0.07323342561721802,0.9412727355957031,0.06933338195085526
1756098825.7628849,1,follower,auto,0.08023642748594284,0.9007827639579773,1.1157939434051514,0.0,1.0,1.0,-0.08023642748594284,0.0992172360420227,-0.11579394340515137,0,0,0,0,1.0,-0.19463929052541173,0.11598669497669223,-0.09538228262226389,0.08023642748594284,0.9007827639579773,1.1157939434051514
1756098825.7633038,0,follower,auto,0.06599047034978867,0.9418452382087708,0.08127696812152863,0,1,0,-0.06599047034978867,0.05815476179122925,-0.08127696812152863,-8.056596327110041,-5.928899920613067,6.199486125945341,0,,,,,,,
1756098825.8636181,1,follower,auto,0.08942032605409622,0.898442804813385,1.137341022491455,0.0,1.0,1.0,-0.08942032605409622,0.10155719518661499,-0.13734102249145508,-12.924145291586186,-8.06455030153137,9.806247253575023,0,,,,,,,
1756098825.9718242,0,leader,auto,0.06599047034978867,0.9418452382087708,0.08127696812152863,0,1,0,-0.06599047034978867,0.05815476179122925,-0.08127696812152863,0,0,0,0,1.0,-0.1540487021719331,0.11765619223442991,-0.09424904503366183,0.06599047034978867,0.9418452382087708,0.08127696812152863
1756098826.0722632,1,follower,auto,0.08942032605409622,0.898442804813385,1.137341022491455,0.0,1.0,1.0,-0.08942032605409622,0.10155719518661499,-0.13734102249145508,0,0,0,0,1.0,-0.18359880901177017,0.12401671451962937,-0.09833536947158628,0.08942032605409622,0.898442804813385,1.137341022491455
1756098826.0726492,0,follower,auto,0.06376513838768005,0.9408493638038635,0.08932081609964371,0,1,0,-0.06376513838768005,0.059150636196136475,-0.08932081609964371,-8.045522351349565,-5.937726941594629,6.214492053520468,0,,,,,,,
1756098826.172987,1,follower,auto,0.0971246287226677,0.9005568623542786,1.146498680114746,0.0,1.0,1.0,-0.0971246287226677,0.09944313764572144,-0.1464986801147461,-13.953396503430445,-9.083319802015845,8.854981636809736,0,,,,,,,
1756098826.3195758,0,leader,auto,0.06376513838768005,0.9408493638038635,0.08932081609964371,0,1,0,-0.06376513838768005,0.059150636196136475,-0.08932081609964371,0,0,0,0,1.0,-0.14571705665690945,0.11708504000949926,-0.09869332665014574,0.06376513838768005,0.9408493638038635,0.08932081609964371
1756098826.4199317,1,follower,auto,0.0971246287226677,0.9005568623542786,1.146498680114746,0.0,1.0,1.0,-0.0971246287226677,0.09944313764572144,-0.1464986801147461,0,0,0,0,1.0,-0.18212702667217723,0.13395387362552358,-0.11463091601987885,0.0971246287226677,0.9005568623542786,1.146498680114746
1756098826.4203587,0,follower,auto,0.06576376408338547,0.9395235776901245,0.09367816895246506,0,1,0,-0.06576376408338547,0.06047642230987549,-0.09367816895246506,-9.039568468119256,-5.958234276440486,7.214225343385872,0,,,,,,,
1756098826.5206597,1,follower,auto,0.1020033061504364,0.9012024402618408,1.134313702583313,0.0,1.0,1.0,-0.1020033061504364,0.09879755973815918,-0.134313702583313,-12.957250313848805,-10.076964419761248,8.979492787363359,0,,,,,,,
1756098826.6278822,0,leader,auto,0.06576376408338547,0.9395235776901245,0.09367816895246506,0,1,0,-0.06576376408338547,0.06047642230987549,-0.09367816895246506,0,0,0,0,1.0,-0.13868780254127547,0.11777554825144709,-0.10267271422995117,0.06576376408338547,0.9395235776901245,0.09367816895246506
1756098826.728153,1,follower,auto,0.1020033061504364,0.9012024402618408,1.134313702583313,0.0,1.0,1.0,-0.1020033061504364,0.09879755973815918,-0.134313702583313,0,0,0,0,1.0,-0.1831083501146652,0.1384015580780913,-0.13795067785021997,0.1020033061504364,0.9012024402618408,1.134313702583313
1756098826.728537,0,follower,auto,0.07207561284303665,0.9377763867378235,0.0948481559753418,0,1,0,-0.07207561284303665,0.062223613262176514,-0.0948481559753418,-9.0312568963127,-6.983098190148695,7.2030418495892095,0,,,,,,,
1756098826.8288295,1,follower,auto,0.10868235677480698,0.9040095806121826,1.1101123094558716,0.0,1.0,1.0,-0.10868235677480698,0.09599041938781738,-0.11011230945587158,-10.97224052574949,-10.082023196124716,9.09180549527473,0,,,,,,,
1756098826.932739,0,leader,auto,0.07207561284303665,0.9377763867378235,0.0948481559753418,0,1,0,-0.07207561284303665,0.062223613262176514,-0.0948481559753418,0,0,0,0,1.0,-0.13201154560129366,0.11932717898591749,-0.10691394254948461,0.07207561284303665,0.9377763867378235,0.0948481559753418
1756098827.033156,1,follower,auto,0.10868235677480698,0.9040095806121826,1.1101123094558716,0.0,1.0,1.0,-0.10868235677480698,0.09599041938781738,-0.11011230945587158,0,0,0,0,1.0,-0.18039844033094465,0.14521627735003417,-0.1506695455625784,0.10868235677480698,0.9040095806121826,1.1101123094558716
1756098827.0344212,0,follower,auto,0.07856691628694534,0.9366128444671631,0.08924785256385803,0,1,0,-0.07856691628694534,0.06338715553283691,-0.08924785256385803,-8.025309361832042,-6.994360991454132,7.2097811359333575,0,,,,,,,
1756098827.1361368,1,follower,auto,0.11274222284555435,0.9091334939002991,1.0816165208816528,0.0,1.0,1.0,-0.11274222284555435,0.09086650609970093,-0.08161652088165283,-7.99237342305993,-11.069490336389448,9.161876653865775,0,,,,,,,
1756098827.298062,0,leader,auto,0.07856691628694534,0.9366128444671631,0.08924785256385803,0,1,0,-0.07856691628694534,0.06338715553283691,-0.08924785256385803,0,0,0,0,1.0,-0.13089449637110723,0.12178245382471575,-0.11447243828046522,0.07856691628694534,0.9366128444671631,0.08924785256385803
1756098827.398822,1,follower,auto,0.11274222284555435,0.9091334939002991,1.0816165208816528,0.0,1.0,1.0,-0.11274222284555435,0.09086650609970093,-0.08161652088165283,0,0,0,0,1.0,-0.18227574166083593,0.14979231417255623,-0.15501557377087583,0.11274222284555435,0.9091334939002991,1.0816165208816528
1756098827.400175,0,follower,auto,0.08342445641756058,0.9369286894798279,0.0744842141866684,0,1,0,-0.08342445641756058,0.06307131052017212,-0.0744842141866684,-7.02463924104473,-7.988163669745925,7.241175104325043,0,,,,,,,
1756098827.501086,1,follower,auto,0.11913229525089264,0.9155849814414978,1.05238938331604,0.0,1.0,1.0,-0.11913229525089264,0.0844150185585022,-0.05238938331604004,-5.009088391149088,-11.078231701258154,8.195083491574467,0,,,,,,,
1756098827.6485212,0,leader,auto,0.08342445641756058,0.9369286894798279,0.0744842141866684,0,1,0,-0.08342445641756058,0.06307131052017212,-0.0744842141866684,0,0,0,0,1.0,-0.1316689508935884,0.12398020324039005,-0.12397720808527651,0.08342445641756058,0.9369286894798279,0.0744842141866684
1756098827.7490926,1,follower,auto,0.11913229525089264,0.9155849814414978,1.05238938331604,0.0,1.0,1.0,-0.11913229525089264,0.0844150185585022,-0.05238938331604004,0,0,0,0,1.0,-0.1800784811629843,0.15012472299834512,-0.1556078649898831,0.11913229525089264,0.9155849814414978,1.05238938331604
1756098827.7503169,0,follower,auto,0.08444187045097351,0.9398100972175598,0.057959895581007004,0,1,0,-0.08444187045097351,0.060189902782440186,-0.057959895581007004,-5.043025283856693,-7.962029510689021,7.265573670460292,0,,,,,,,
1756098827.8510652,1,follower,auto,0.12739816308021545,0.9137973189353943,1.0378472805023193,0.0,1.0,1.0,-0.12739816308021545,0.08620268106460571,-0.037847280502319336,-2.971686735774292,-12.096878884435693,8.135782878270966,0,,,,,,,
1756098828.009617,0,leader,auto,0.08444187045097351,0.9398100972175598,0.057959895581007004,0,1,0,-0.08444187045097351,0.060189902782440186,-0.057959895581007004,0,0,0,0,1.0,-0.13559710360692132,0.12613159301207855,-0.12554043093295675,0.08444187045097351,0.9398100972175598,0.057959895581007004
1756098828.1099608,1,follower,auto,0.12739816308021545,0.9137973189353943,1.0378472805023193,0.0,1.0,1.0,-0.12739816308021545,0.08620268106460571,-0.037847280502319336,0,0,0,0,1.0,-0.17847620857047886,0.13788717796229122,-0.1397814418301726,0.12739816308021545,0.9137973189353943,1.0378472805023193
1756098828.1105907,0,follower,auto,0.08566228300333023,0.945462703704834,0.040254365652799606,0,1,0,-0.08566228300333023,0.054537296295166016,-0.040254365652799606,-4.070811320794673,-7.946208540484977,6.304112129954549,0,,,,,,,
1756098828.2108462,1,follower,auto,0.13815420866012573,0.9091898798942566,1.042617917060852,0.0,1.0,1.0,-0.13815420866012573,0.09081012010574341,-0.04261791706085205,-3.937991988368396,-13.12176510220796,9.010621386817462,0,,,,,,,
1756098828.3153536,0,leader,auto,0.08566228300333023,0.945462703704834,0.040254365652799606,0,1,0,-0.08566228300333023,0.054537296295166016,-0.040254365652799606,0,0,0,0,1.0,-0.13522030838225127,0.1263779214647528,-0.12645479006998567,0.08566228300333023,0.945462703704834,0.040254365652799606
1756098828.4157383,1,follower,auto,0.13815420866012573,0.9091898798942566,1.042617917060852,0.0,1.0,1.0,-0.13815420866012573,0.09081012010574341,-0.04261791706085205,0,0,0,0,1.0,-0.17737433719009832,0.1297658574852939,-0.12021759882637983,0.13815420866012573,0.9091898798942566,1.042617917060852
1756098828.4163263,0,follower,auto,0.08607379347085953,0.9501193165779114,0.0269177183508873,0,1,0,-0.08607379347085953,0.04988068342208862,-0.0269177183508873,-2.080462451414183,-7.932278274561665,5.318936496838347,0,,,,,,,
1756098828.5167823,1,follower,auto,0.14624856412410736,0.9061864018440247,1.0540342330932617,0.0,1.0,1.0,-0.14624856412410736,0.09381359815597534,-0.05403423309326172,-4.929121707590689,-14.12383845515856,8.923548949525168,0,,,,,,,
1756098828.623317,0,leader,auto,0.08607379347085953,0.9501193165779114,0.0269177183508873,0,1,0,-0.08607379347085953,0.04988068342208862,-0.0269177183508873,0,0,0,0,1.0,-0.1358622005046286,0.12187006388346555,-0.12080273216944598,0.08607379347085953,0.9501193165779114,0.0269177183508873
1756098828.7236876,1,follower,auto,0.14624856412410736,0.9061864018440247,1.0540342330932617,0.0,1.0,1.0,-0.14624856412410736,0.09381359815597534,-0.05403423309326172,0,0,0,0,1.0,-0.18251533217682903,0.12752185901545032,-0.11536948480973752,0.14624856412410736,0.9061864018440247,1.0540342330932617
1756098828.7245314,0,follower,auto,0.0867946520447731,0.9550647139549255,0.01346450112760067,0,1,0,-0.0867946520447731,0.04493528604507446,-0.01346450112760067,-1.092106298099731,-7.924918257613689,5.351474532072072,0,,,,,,,
1756098828.824824,1,follower,auto,0.15300777554512024,0.9025540947914124,1.0710078477859497,0.0,1.0,1.0,-0.15300777554512024,0.09744590520858765,-0.07100784778594971,-6.916283928964218,-15.12333305528107,8.846485432465496,0,,,,,,,
1756098828.9300086,0,leader,auto,0.0867946520447731,0.9550647139549255,0.01346450112760067,0,1,0,-0.0867946520447731,0.04493528604507446,-0.01346450112760067,0,0,0,0,1.0,-0.13533339864252827,0.11692710700580855,-0.1189900746574919,0.0867946520447731,0.9550647139549255,0.01346450112760067
1756098829.0305707,1,follower,auto,0.15300777554512024,0.9025540947914124,1.0710078477859497,0.0,1.0,1.0,-0.15300777554512024,0.09744590520858765,-0.07100784778594971,0,0,0,0,1.0,-0.1870233947443466,0.12417084017973368,-0.11181356601040005,0.15300777554512024,0.9025540947914124,1.0710078477859497
1756098829.0321805,0,follower,auto,0.08909113705158234,0.9543070197105408,0.006972524803131819,0,1,0,-0.08909113705158234,0.04569298028945923,-0.006972524803131819,-0.07961949452482897,-7.927573139494571,5.349272731251068,0,,,,,,,
1756098829.1328292,1,follower,auto,0.1585780531167984,0.8925788998603821,1.0880389213562012,0.0,1.0,1.0,-0.1585780531167984,0.10742110013961792,-0.08803892135620117,-7.877819439057613,-15.119942657203504,9.805851049677916,0,,,,,,,
1756098829.236855,0,leader,auto,0.08909113705158234,0.9543070197105408,0.006972524803131819,0,1,0,-0.08909113705158234,0.04569298028945923,-0.006972524803131819,0,0,0,0,1.0,-0.1335626865486946,0.10530049526216079,-0.11024090381129666,0.08909113705158234,0.9543070197105408,0.006972524803131819
1756098829.337497,1,follower,auto,0.1585780531167984,0.8925788998603821,1.0880389213562012,0.0,1.0,1.0,-0.1585780531167984,0.10742110013961792,-0.08803892135620117,0,0,0,0,1.0,-0.1921142579643016,0.1172939858194959,-0.11389377860467809,0.1585780531167984,0.8925788998603821,1.0880389213562012
1756098829.3480875,0,follower,auto,0.08764155954122543,0.9518786668777466,0.00795538816601038,0,1,0,-0.08764155954122543,0.04812133312225342,-0.00795538816601038,-0.07228467924810421,-7.905101434596155,5.326063353510662,0,,,,,,,
1756098829.4488115,1,follower,auto,0.16438953578472137,0.884528636932373,1.1034499406814575,0.0,1.0,1.0,-0.16438953578472137,0.11547136306762695,-0.10344994068145752,-9.870936814631255,-16.127473306075046,10.791619473477866,0,,,,,,,
1756098829.592131,0,leader,auto,0.08764155954122543,0.9518786668777466,0.00795538816601038,0,1,0,-0.08764155954122543,0.04812133312225342,-0.00795538816601038,0,0,0,0,1.0,-0.13722256101243366,0.0973914264525465,-0.10150088262652253,0.08764155954122543,0.9518786668777466,0.00795538816601038
1756098829.6927395,1,follower,auto,0.16438953578472137,0.884528636932373,1.1034499406814575,0.0,1.0,1.0,-0.16438953578472137,0.11547136306762695,-0.10344994068145752,0,0,0,0,1.0,-0.19546614004740215,0.120059098112405,-0.11848605718307037,0.16438953578472137,0.884528636932373,1.1034499406814575
1756098829.6939373,0,follower,auto,0.08142518997192383,0.9509432911872864,0.012960627675056458,0,1,0,-0.08142518997192383,0.04905670881271362,-0.012960627675056458,-1.0705938543779163,-7.871999851527146,5.309332276267399,0,,,,,,,
1756098829.7947102,1,follower,auto,0.16563443839550018,0.8867074251174927,1.1187217235565186,0.0,1.0,1.0,-0.16563443839550018,0.11329257488250732,-0.11872172355651855,-10.917594926263462,-16.11689240944842,10.78080907781591,0,,,,,,,
1756098829.955285,0,leader,auto,0.08142518997192383,0.9509432911872864,0.012960627675056458,0,1,0,-0.08142518997192383,0.04905670881271362,-0.012960627675056458,0,0,0,0,1.0,-0.14166110084522848,0.09311320268697587,-0.09671451687627433,0.08142518997192383,0.9509432911872864,0.012960627675056458
1756098830.056874,1,follower,auto,0.16563443839550018,0.8867074251174927,1.1187217235565186,0.0,1.0,1.0,-0.16563443839550018,0.11329257488250732,-0.11872172355651855,0,0,0,0,1.0,-0.20443222500777725,0.1329555401534206,-0.12230774967575941,0.16563443839550018,0.8867074251174927,1.1187217235565186
1756098830.0578246,0,follower,auto,0.07053821533918381,0.9503055214881897,0.017478182911872864,0,1,0,-0.07053821533918381,0.0496944785118103,-0.017478182911872864,-1.0631927289337668,-6.834831208784083,5.307597961092767,0,,,,,,,
1756098830.158952,1,follower,auto,0.16333720088005066,0.8937904238700867,1.127349853515625,0.0,1.0,1.0,-0.16333720088005066,0.10620957612991333,-0.127349853515625,-11.960333867283335,-16.10646277848619,9.80423256730935,0,,,,,,,
1756098830.307334,0,leader,auto,0.07053821533918381,0.9503055214881897,0.017478182911872864,0,1,0,-0.07053821533918381,0.0496944785118103,-0.017478182911872864,0,0,0,0,1.0,-0.14570403970948034,0.0888946103714987,-0.09670866241219495,0.07053821533918381,0.9503055214881897,0.017478182911872864
1756098830.407808,1,follower,auto,0.16333720088005066,0.8937904238700867,1.127349853515625,0.0,1.0,1.0,-0.16333720088005066,0.10620957612991333,-0.127349853515625,0,0,0,0,1.0,-0.21182532404298737,0.14080001323795321,-0.13239374668898418,0.16333720088005066,0.8937904238700867,1.127349853515625
1756098830.408718,0,follower,auto,0.05889088287949562,0.9497689604759216,0.019951947033405304,0,1,0,-0.05889088287949562,0.05023103952407837,-0.019951947033405304,-1.0514723574450837,-4.821816898673386,6.30850144477629,0,,,,,,,
1756098830.5092366,1,follower,auto,0.15315863490104675,0.9038410186767578,1.1250900030136108,0.0,1.0,1.0,-0.15315863490104675,0.09615898132324219,-0.12509000301361084,-11.99554456335654,-15.068902524065189,8.864149276542369,0,,,,,,,
1756098830.6129427,0,leader,auto,0.05889088287949562,0.9497689604759216,0.019951947033405304,0,1,0,-0.05889088287949562,0.05023103952407837,-0.019951947033405304,0,0,0,0,1.0,-0.14455698636264377,0.08472533516497116,-0.09825753174383998,0.05889088287949562,0.9497689604759216,0.019951947033405304
1756098830.713248,1,follower,auto,0.15315863490104675,0.9038410186767578,1.1250900030136108,0.0,1.0,1.0,-0.15315863490104675,0.09615898132324219,-0.12509000301361084,0,0,0,0,0.9048374180359595,-0.22310359584244865,0.1472799423650365,-0.1451423349160752,0.15315863490104675,0.9038410186767578,1.1250900030136108
1756098830.7137578,0,follower,auto,0.04793848469853401,0.9461049437522888,0.024305615574121475,0,1,0,-0.04793848469853401,0.05389505624771118,-0.024305615574121475,-2.0268868790665633,-3.8288332920639543,6.280839332645963,0,,,,,,,
1756098830.8141212,1,follower,auto,0.135978564620018,0.9099648594856262,1.1113256216049194,0.0,1.0,1.0,-0.135978564620018,0.09003514051437378,-0.11132562160491943,-10.997549458331914,-13.020226167217258,8.950480877795131,0,,,,,,,
1756098830.91811,0,leader,auto,0.04793848469853401,0.9461049437522888,0.024305615574121475,0,1,0,-0.04793848469853401,0.05389505624771118,-0.024305615574121475,0,0,0,0,1.0,-0.14001044980083194,0.07756583170115328,-0.09679067686480214,0.04793848469853401,0.9461049437522888,0.024305615574121475
1756098831.018456,1,follower,auto,0.135978564620018,0.9099648594856262,1.1113256216049194,0.0,1.0,1.0,-0.135978564620018,0.09003514051437378,-0.11132562160491943,0,0,0,0,0.7408182206817179,-0.23178778691799184,0.1465119363886881,-0.1568024750043302,0.135978564620018,0.9099648594856262,1.1113256216049194
1756098831.018862,0,follower,auto,0.0393262654542923,0.9377425909042358,0.032663218677043915,0,1,0,-0.0393262654542923,0.06225740909576416,-0.032663218677043915,-2.9859515364944746,-2.8580979237368354,7.228691356392452,0,,,,,,,
1756098831.1191857,1,follower,auto,0.11105557531118393,0.9160611033439636,1.091720461845398,0.0,1.0,1.0,-0.11105557531118393,0.08393889665603638,-0.09172046184539795,-9.011861706968263,-10.95577203812461,8.027944444697592,0,,,,,,,
1756098831.228709,0,leader,auto,0.0393262654542923,0.9377425909042358,0.032663218677043915,0,1,0,-0.0393262654542923,0.06225740909576416,-0.032663218677043915,0,0,0,0,1.0,-0.1330984771681261,0.07024043255373047,-0.0932601410233537,0.0393262654542923,0.9377425909042358,0.032663218677043915
1756098831.3290555,1,follower,auto,0.11105557531118393,0.9160611033439636,1.091720461845398,0.0,1.0,1.0,-0.11105557531118393,0.08393889665603638,-0.09172046184539795,0,0,0,0,0.6065306597126334,-0.23864366489793487,0.14869117271316767,-0.1621855857326957,0.11105557531118393,0.9160611033439636,1.091720461845398
1756098831.3296235,0,follower,auto,0.03268687427043915,0.9306600093841553,0.04066610336303711,0,1,0,-0.03268687427043915,0.06933999061584473,-0.04066610336303711,-3.9649791460031216,-2.890177282077391,7.193714189234897,0,,,,,,,
1756098831.4299433,1,follower,auto,0.08701121062040329,0.9250384569168091,1.0739823579788208,0.0,1.0,1.0,-0.08701121062040329,0.07496154308319092,-0.0739823579788208,-7.042322869657313,-7.925111931807581,7.064164471650568,0,,,,,,,
1756098831.578595,0,leader,auto,0.03268687427043915,0.9306600093841553,0.04066610336303711,0,1,0,-0.03268687427043915,0.06933999061584473,-0.04066610336303711,0,0,0,0,1.0,-0.12599783840138679,0.07029172946497353,-0.09524794233527417,0.03268687427043915,0.9306600093841553,0.04066610336303711
1756098831.6790385,1,follower,auto,0.08701121062040329,0.9250384569168091,1.0739823579788208,0.0,1.0,1.0,-0.08701121062040329,0.07496154308319092,-0.0739823579788208,0,0,0,0,0.4965853037914095,-0.23440219242412996,0.15166267377185405,-0.1586153391404872,0.08701121062040329,0.9250384569168091,1.0739823579788208
1756098831.6805315,0,follower,auto,0.02953796088695526,0.9243461489677429,0.04772067070007324,0,1,0,-0.02953796088695526,0.07565385103225708,-0.04772067070007324,-3.953067078018008,-1.9301685969180822,8.164044895083762,0,,,,,,,
1756098831.7815175,1,follower,auto,0.06555122137069702,0.9309167265892029,1.0540153980255127,0.0,1.0,1.0,-0.06555122137069702,0.06908327341079712,-0.054015398025512695,-5.047294045555244,-5.911060776188011,6.107550752170219,0,,,,,,,
1756098831.9444246,0,leader,auto,0.02953796088695526,0.9243461489677429,0.04772067070007324,0,1,0,-0.02953796088695526,0.07565385103225708,-0.04772067070007324,0,0,0,0,1.0,-0.1178376675790117,0.07080792594674645,-0.0976750973333497,0.02953796088695526,0.9243461489677429,0.04772067070007324
1756098832.0448625,1,follower,auto,0.06555122137069702,0.9309167265892029,1.0540153980255127,0.0,1.0,1.0,-0.06555122137069702,0.06908327341079712,-0.054015398025512695,0,0,0,0,0.4065696597405991,-0.22567879736941532,0.1465061523147484,-0.15839143935043953,0.06555122137069702,0.9309167265892029,1.0540153980255127
1756098832.0460846,0,follower,auto,0.02915160171687603,0.9234200716018677,0.0526965968310833,0,1,0,-0.02915160171687603,0.07657992839813232,-0.0526965968310833,-4.978148247547096,-1.96139506586334,8.149533351603466,0,,,,,,,
1756098832.146849,1,follower,auto,0.05331625044345856,0.928626537322998,1.0389339923858643,0.0,1.0,1.0,-0.05331625044345856,0.07137346267700195,-0.03893399238586426,-3.008451769670144,-4.937964159659754,7.114388356509011,0,,,,,,,
1756098832.2971802,0,leader,auto,0.02915160171687603,0.9234200716018677,0.0526965968310833,0,1,0,-0.02915160171687603,0.07657992839813232,-0.0526965968310833,0,0,0,0,1.0,-0.10993502190778442,0.07590030051849683,-0.10205727759445854,0.02915160171687603,0.9234200716018677,0.0526965968310833
1756098832.3978496,1,follower,auto,0.05331625044345856,0.928626537322998,1.0389339923858643,0.0,1.0,1.0,-0.05331625044345856,0.07137346267700195,-0.03893399238586426,0,0,0,0,0.4723665527410147,-0.20882411198097062,0.13459461828282016,-0.15010994942792366,0.05331625044345856,0.928626537322998,1.0389339923858643
1756098832.399216,0,follower,auto,0.027865968644618988,0.9285247921943665,0.05470391735434532,0,1,0,-0.027865968644618988,0.07147520780563354,-0.05470391735434532,-5.015850539728149,-1.9577457578120854,8.148004997623955,0,,,,,,,
1756098832.4999094,1,follower,auto,0.056176282465457916,0.9292815327644348,1.0268882513046265,0.0,1.0,1.0,-0.056176282465457916,0.07071846723556519,-0.026888251304626465,-2.0043202727795526,-5.018674485433761,7.113332881153285,0,,,,,,,
1756098832.6026845,0,leader,auto,0.027865968644618988,0.9285247921943665,0.05470391735434532,0,1,0,-0.027865968644618988,0.07147520780563354,-0.05470391735434532,0,0,0,0,1.0,-0.10619958956135855,0.08235522869330802,-0.10705197989814255,0.027865968644618988,0.9285247921943665,0.05470391735434532
1756098832.7032816,1,follower,auto,0.056176282465457916,0.9292815327644348,1.0268882513046265,0.0,1.0,1.0,-0.056176282465457916,0.07071846723556519,-0.026888251304626465,0,0,0,0,0.5488116360940264,-0.18613762647253435,0.13247257766316267,-0.14518207626034663,0.056176282465457916,0.9292815327644348,1.0268882513046265
1756098832.704965,0,follower,auto,0.02902231551706791,0.9320870041847229,0.057996008545160294,0,1,0,-0.02902231551706791,0.0679129958152771,-0.057996008545160294,-5.021526535667224,-1.9579909279536671,7.137328719005881,0,,,,,,,
1756098832.80612,1,follower,auto,0.0660066232085228,0.9308056235313416,1.0219463109970093,0.0,1.0,1.0,-0.0660066232085228,0.06919437646865845,-0.021946310997009277,-2.0058871796655917,-6.081079233005244,6.08800201091786,0,,,,,,,
1756098832.964817,0,leader,auto,0.02902231551706791,0.9320870041847229,0.057996008545160294,0,1,0,-0.02902231551706791,0.0679129958152771,-0.057996008545160294,0,0,0,0,1.0,-0.09934338000078316,0.08088725690929544,-0.10749209543432503,0.02902231551706791,0.9320870041847229,0.057996008545160294
1756098833.0663168,1,follower,auto,0.0660066232085228,0.9308056235313416,1.0219463109970093,0.0,1.0,1.0,-0.0660066232085228,0.06919437646865845,-0.021946310997009277,0,0,0,0,0.6376281516217733,-0.17301773464855053,0.12739763860162245,-0.13648068379225853,0.0660066232085228,0.9308056235313416,1.0219463109970093
1756098833.0670166,0,follower,auto,0.03227440267801285,0.9355500936508179,0.05614481866359711,0,1,0,-0.03227440267801285,0.06444990634918213,-0.05614481866359711,-5.026754350756777,-2.9532370224473317,7.162602729173273,0,,,,,,,
1756098833.1683056,1,follower,auto,0.08321887999773026,0.9303728342056274,1.023354172706604,0.0,1.0,1.0,-0.08321887999773026,0.06962716579437256,-0.023354172706604004,-1.994197024432667,-8.144434270430981,6.046858468126118,0,,,,,,,
1756098833.2719493,0,leader,auto,0.03227440267801285,0.9355500936508179,0.05614481866359711,0,1,0,-0.03227440267801285,0.06444990634918213,-0.05614481866359711,0,0,0,0,1.0,-0.09324502784019381,0.08095642550614346,-0.11332317949964954,0.03227440267801285,0.9355500936508179,0.05614481866359711
1756098833.3724592,1,follower,auto,0.08321887999773026,0.9303728342056274,1.023354172706604,0.0,1.0,1.0,-0.08321887999773026,0.06962716579437256,-0.023354172706604004,0,0,0,0,0.7408182206817179,-0.16133583375650015,0.11980278737256977,-0.12803004275842889,0.08321887999773026,0.9303728342056274,1.023354172706604
1756098833.3742828,0,follower,auto,0.03550136461853981,0.9373980164527893,0.05134319141507149,0,1,0,-0.03550136461853981,0.0626019835472107,-0.05134319141507149,-5.023643377809278,-2.939743899103327,7.194194281420639,0,,,,,,,
1756098833.4746869,1,follower,auto,0.10060174763202667,0.9292983412742615,1.0292115211486816,0.0,1.0,1.0,-0.10060174763202667,0.07070165872573853,-0.02921152114868164,-1.9858904402040982,-10.176118772974425,7.004210048756259,0,,,,,,,
1756098833.7265167,0,leader,auto,0.03550136461853981,0.9373980164527893,0.05134319141507149,0,1,0,-0.03550136461853981,0.0626019835472107,-0.05134319141507149,0,0,0,0,1.0,-0.09062868841264748,0.07951062766240802,-0.11663682882580628,0.03550136461853981,0.9373980164527893,0.05134319141507149
1756098833.8269331,1,follower,auto,0.10060174763202667,0.9292983412742615,1.0292115211486816,0.0,1.0,1.0,-0.10060174763202667,0.07070165872573853,-0.02921152114868164,0,0,0,0,0.8607079764250578,-0.1596295071564522,0.11396711354899636,-0.12194561192856646,0.10060174763202667,0.9292983412742615,1.0292115211486816
1756098833.8272936,0,follower,auto,0.03967640548944473,0.9414718747138977,0.0432700477540493,0,1,0,-0.03967640548944473,0.058528125286102295,-0.0432700477540493,-4.039314354475901,-2.9264658018339644,6.237876476294258,0,,,,,,,
1756098833.9276412,1,follower,auto,0.1200336366891861,0.9264493584632874,1.0413897037506104,0.0,1.0,1.0,-0.1200336366891861,0.07355064153671265,-0.04138970375061035,-3.9686902678186757,-12.207442105487232,6.944403659207004,0,,,,,,,
1756098834.0330524,0,leader,auto,0.03967640548944473,0.9414718747138977,0.0432700477540493,0,1,0,-0.03967640548944473,0.058528125286102295,-0.0432700477540493,0,0,0,0,1.0,-0.08718263207661403,0.08198956883960984,-0.1201043297901751,0.03967640548944473,0.9414718747138977,0.0432700477540493
1756098834.1336744,1,follower,auto,0.1200336366891861,0.9264493584632874,1.0413897037506104,0.0,1.0,1.0,-0.1200336366891861,0.07355064153671265,-0.04138970375061035,0,0,0,0,1.0,-0.15817883407717648,0.10734048729665258,-0.11531225110175769,0.1200336366891861,0.9264493584632874,1.0413897037506104
1756098834.1353679,0,follower,auto,0.03880241885781288,0.9430137872695923,0.03697498142719269,0,1,0,-0.03880241885781288,0.056986212730407715,-0.03697498142719269,-3.0334412136723294,-2.9017382114943553,6.253781666292685,0,,,,,,,
1756098834.2361896,1,follower,auto,0.12335190922021866,0.9258646368980408,1.0497270822525024,0.0,1.0,1.0,-0.12335190922021866,0.07413536310195923,-0.04972708225250244,-3.972980375175925,-12.148700161479486,6.932324663222545,0,,,,,,,
1756098834.3379128,0,leader,auto,0.03880241885781288,0.9430137872695923,0.03697498142719269,0,1,0,-0.03880241885781288,0.056986212730407715,-0.03697498142719269,0,0,0,0,1.0,-0.0899271674563879,0.07857756335829535,-0.11735786914489332,0.03880241885781288,0.9430137872695923,0.03697498142719269
1756098834.4384727,1,follower,auto,0.12335190922021866,0.9258646368980408,1.0497270822525024,0.0,1.0,1.0,-0.12335190922021866,0.07413536310195923,-0.04972708225250244,0,0,0,0,1.0,-0.17700916266416,0.10713300957239968,-0.1191787237948958,0.12335190922021866,0.9258646368980408,1.0497270822525024
1756098834.439707,0,follower,auto,0.03484064340591431,0.9406220316886902,0.031119346618652344,0,1,0,-0.03484064340591431,0.059377968311309814,-0.031119346618652344,-3.0131664716914206,-2.88327165752103,6.26407329616962,0,,,,,,,
1756098834.5404384,1,follower,auto,0.11904744803905487,0.9244943857192993,1.0543992519378662,0.0,1.0,1.0,-0.11904744803905487,0.07550561428070068,-0.05439925193786621,-4.972959576572553,-11.09714166051226,6.936729156202291,0,,,,,,,
1756098834.6447754,0,leader,auto,0.03484064340591431,0.9406220316886902,0.031119346618652344,0,1,0,-0.03484064340591431,0.059377968311309814,-0.031119346618652344,0,0,0,0,1.0,-0.09052106444076571,0.07296268263387329,-0.11613074714417615,0.03484064340591431,0.9406220316886902,0.031119346618652344
1756098834.745125,1,follower,auto,0.11904744803905487,0.9244943857192993,1.0543992519378662,0.0,1.0,1.0,-0.11904744803905487,0.07550561428070068,-0.05439925193786621,0,0,0,0,1.0,-0.1861600467779862,0.1038924797597367,-0.12262553384695285,0.11904744803905487,0.9244943857192993,1.0543992519378662
1756098834.7461169,0,follower,auto,0.027852052822709084,0.9389235973358154,0.02406439371407032,0,1,0,-0.027852052822709084,0.06107640266418457,-0.02406439371407032,-2.0094214619313155,-1.8733483629955354,7.278708056816512,0,,,,,,,
1756098834.8466904,1,follower,auto,0.10501497238874435,0.9235811829566956,1.0559277534484863,0.0,1.0,1.0,-0.10501497238874435,0.07641881704330444,-0.05592775344848633,-4.975447476662867,-10.032487154233685,6.944743774749701,0,,,,,,,
1756098834.9517367,0,leader,auto,0.027852052822709084,0.9389235973358154,0.02406439371407032,0,1,0,-0.027852052822709084,0.06107640266418457,-0.02406439371407032,0,0,0,0,1.0,-0.09099988736314744,0.07229140937555967,-0.11662629370773686,0.027852052822709084,0.9389235973358154,0.02406439371407032
1756098835.0522988,1,follower,auto,0.10501497238874435,0.9235811829566956,1.0559277534484863,0.0,1.0,1.0,-0.10501497238874435,0.07641881704330444,-0.05592775344848633,0,0,0,0,1.0,-0.195815600100966,0.10308893896686278,-0.12534839914708162,0.10501497238874435,0.9235811829566956,1.0559277534484863
1756098835.0528805,0,follower,auto,0.021905049681663513,0.9416789412498474,0.01892002299427986,0,1,0,-0.021905049681663513,0.05832105875015259,-0.01892002299427986,-1.0292997414205811,-1.8869407988349647,6.276433760884123,0,,,,,,,
1756098835.1532905,1,follower,auto,0.08679250627756119,0.9246588349342346,1.0544915199279785,0.0,1.0,1.0,-0.08679250627756119,0.07534116506576538,-0.054491519927978516,-4.982259522902272,-7.983298085474441,6.958240326394995,0,,,,,,,
1756098835.2564857,0,leader,auto,0.021905049681663513,0.9416789412498474,0.01892002299427986,0,1,0,-0.021905049681663513,0.05832105875015259,-0.01892002299427986,0,0,0,0,1.0,-0.08637165504219446,0.07441712454186411,-0.11499684195729765,0.021905049681663513,0.9416789412498474,0.01892002299427986
1756098835.359021,1,follower,auto,0.08679250627756119,0.9246588349342346,1.0544915199279785,0.0,1.0,1.0,-0.08679250627756119,0.07534116506576538,-0.054491519927978516,0,0,0,0,1.0,-0.19828914171001438,0.10386990484565672,-0.1277369740041343,0.08679250627756119,0.9246588349342346,1.0544915199279785
1756098835.3600543,0,follower,auto,0.017595462501049042,0.9460702538490295,0.014234303496778011,0.05,1.0,0.0,0.03240453749895096,0.05392974615097046,-0.014234303496778011,-1.0519666926364404,3.0945491702330097,6.2734636225812785,0,,,,,,,
1756098835.4605951,1,follower,auto,0.07250431925058365,0.9203531742095947,1.050616979598999,0.05,1.0,1.0,-0.022504319250583646,0.07964682579040527,-0.05061697959899902,-4.951860824533493,-1.977510183853945,6.972891694873678,0,,,,,,,
1756098835.573445,0,leader,auto,0.017595462501049042,0.9460702538490295,0.014234303496778011,0.05,1.0,0.0,0.03240453749895096,0.05392974615097046,-0.014234303496778011,0,0,0,0,1.0,-0.08143888057806667,0.07261736549592301,-0.11391481397845526,0.017595462501049042,0.9460702538490295,0.014234303496778011
1756098835.674987,1,follower,auto,0.07250431925058365,0.9203531742095947,1.050616979598999,0.05,1.0,1.0,-0.022504319250583646,0.07964682579040527,-0.05061697959899902,0,0,0,0,1.0,-0.19044081220868236,0.09723665737564058,-0.129469302698753,0.07250431925058365,0.9203531742095947,1.050616979598999
1756098835.676424,0,follower,auto,0.01081049907952547,0.9502991437911987,0.009099748916924,0.1,1.0,0.0,0.08918950092047453,0.04970085620880127,-0.009099748916924,-0.06395790387094921,8.097705268479048,5.280429554053043,0,,,,,,,
1756098835.7776098,1,follower,auto,0.06131954863667488,0.9170785546302795,1.0507023334503174,0.1,1.0,1.0,0.038680451363325125,0.08292144536972046,-0.05070233345031738,-4.941198286804018,3.0128793103834863,7.954683684243294,0,,,,,,,
1756098835.9233088,0,leader,auto,0.01081049907952547,0.9502991437911987,0.009099748916924,0.1,1.0,0.0,0.08918950092047453,0.04970085620880127,-0.009099748916924,0,0,0,0,1.0,-0.07593337481405875,0.06914986760179109,-0.1138022238446814,0.01081049907952547,0.9502991437911987,0.009099748916924
1756098836.0238779,1,follower,auto,0.06131954863667488,0.9170785546302795,1.0507023334503174,0.1,1.0,1.0,0.038680451363325125,0.08292144536972046,-0.05070233345031738,0,0,0,0,1.0,-0.17788845724694657,0.09738535990296038,-0.12471414205140374,0.06131954863667488,0.9170785546302795,1.0507023334503174
1756098836.0252917,0,follower,auto,0.0034555718302726746,0.9537895917892456,0.0017795376479625702,0.15000000000000002,1.0,0.0,0.14654442816972735,0.046210408210754395,-0.0017795376479625702,-0.061595334437194185,14.11095701914032,5.301724695807068,0,,,,,,,
1756098836.126022,1,follower,auto,0.06090390682220459,0.9207000136375427,1.0533027648925781,0.15000000000000002,1.0,1.0,0.08909609317779543,0.07929998636245728,-0.053302764892578125,-4.9698215321875985,7.954854744586076,6.9286323509539764,0,,,,,,,
1756098836.2301617,0,leader,auto,0.0034555718302726746,0.9537895917892456,0.0017795376479625702,0.15000000000000002,1.0,0.0,0.14654442816972735,0.046210408210754395,-0.0017795376479625702,0,0,0,0,1.0,-0.06384963088446541,0.06432639150543229,-0.11444017665716096,0.0034555718302726746,0.9537895917892456,0.0017795376479625702
1756098836.3306537,1,follower,auto,0.06090390682220459,0.9207000136375427,1.0533027648925781,0.15000000000000002,1.0,1.0,0.08909609317779543,0.07929998636245728,-0.053302764892578125,0,0,0,0,1.0,-0.15343314170230782,0.10337951518216515,-0.12267089962162037,0.06090390682220459,0.9207000136375427,1.0533027648925781
1756098836.3320696,0,follower,auto,0.005436351522803307,0.9552187323570251,-0.005358883645385504,0.2,1.0,0.0,0.1945636484771967,0.044781267642974854,0.005358883645385504,-0.04832931215366802,19.080041599678992,5.312660966801008,0,,,,,,,
1756098836.432739,1,follower,auto,0.06856565922498703,0.9254182577133179,1.053566575050354,0.2,1.0,1.0,0.13143434077501298,0.07458174228668213,-0.053566575050354004,-4.986914763336699,12.899203294638612,6.925319513996708,0,,,,,,,
1756098836.5372744,0,leader,auto,0.005436351522803307,0.9552187323570251,-0.005358883645385504,0.2,1.0,0.0,0.1945636484771967,0.044781267642974854,0.005358883645385504,0,0,0,0,1.0,-0.03657198907047373,0.058467095919276235,-0.11269370077792502,0.005436351522803307,0.9552187323570251,-0.005358883645385504
1756098836.637755,1,follower,auto,0.06856565922498703,0.9254182577133179,1.053566575050354,0.2,1.0,1.0,0.13143434077501298,0.07458174228668213,-0.053566575050354004,0,0,0,0,1.0,-0.12819490423833052,0.10324335087193481,-0.12457589927976187,0.06856565922498703,0.9254182577133179,1.053566575050354
1756098836.638565,0,follower,auto,0.019183719530701637,0.9558446407318115,-0.011836208403110504,0.25,1.0,0.0,0.23081628046929836,0.04415535926818848,0.011836208403110504,0.9557516603028742,20,5.316696090135682,0,,,,,,,
1756098836.7390327,1,follower,auto,0.08235247433185577,0.9243038892745972,1.0522522926330566,0.25,1.0,1.0,0.16764752566814423,0.07569611072540283,-0.05225229263305664,-4.96427335068146,15.858780409954136,6.927422804238727,0,,,,,,,
1756098836.8439312,0,leader,auto,0.019183719530701637,0.9558446407318115,-0.011836208403110504,0.25,1.0,0.0,0.23081628046929836,0.04415535926818848,0.011836208403110504,0,0,0,0,1.0,-0.0035310398111986115,0.05420416728328015,-0.11058364316242747,0.019183719530701637,0.9558446407318115,-0.011836208403110504
1756098836.9444005,1,follower,auto,0.08235247433185577,0.9243038892745972,1.0522522926330566,0.25,1.0,1.0,0.16764752566814423,0.07569611072540283,-0.05225229263305664,0,0,0,0,1.0,-0.10147894398530577,0.09620305206845958,-0.12560475741204624,0.08235247433185577,0.9243038892745972,1.0522522926330566
1756098836.9450283,0,follower,auto,0.04780836030840874,0.9517794251441956,-0.018899578601121902,0.3,1.0,0.0,0.25219163969159125,0.04822057485580444,0.018899578601121902,0.9761809333668937,20,5.325434549490723,0,,,,,,,
1756098837.0453901,1,follower,auto,0.10519585758447647,0.9193018078804016,1.0509599447250366,0.3,1.0,1.0,0.19480414241552352,0.08069819211959839,-0.05095994472503662,-4.940654793156861,18.81556766832237,7.922895134866932,0,,,,,,,
1756098837.1503265,0,leader,auto,0.04780836030840874,0.9517794251441956,-0.018899578601121902,0.3,1.0,0.0,0.25219163969159125,0.04822057485580444,0.018899578601121902,0,0,0,0,1.0,0.03155809534728207,0.04530504162357807,-0.10985136610310389,0.04780836030840874,0.9517794251441956,-0.018899578601121902
1756098837.2507365,1,follower,auto,0.10519585758447647,0.9193018078804016,1.0509599447250366,0.3,1.0,1.0,0.19480414241552352,0.08069819211959839,-0.05095994472503662,0,0,0,0,1.0,-0.07047485879048132,0.09150742933955858,-0.1249739602622848,0.10519585758447647,0.9193018078804016,1.0509599447250366
1756098837.2515752,0,follower,auto,0.08852372318506241,0.9468098282814026,-0.026195386424660683,0.35,1.0,0.0,0.26147627681493757,0.05319017171859741,0.026195386424660683,1.9868727536352513,20,6.334366762515936,0,,,,,,,
1756098837.3520234,1,follower,auto,0.13731560111045837,0.9146883487701416,1.0498408079147339,0.35,1.0,1.0,0.2126843988895416,0.0853116512298584,-0.04984080791473389,-3.935966076485419,20,7.9154749102534945,0,,,,,,,
1756098837.500427,0,leader,auto,0.08852372318506241,0.9468098282814026,-0.026195386424660683,0.35,1.0,0.0,0.26147627681493757,0.05319017171859741,0.026195386424660683,0,0,0,0,1.0,0.06175533172539173,0.040706176917619574,-0.10881815631193577,0.08852372318506241,0.9468098282814026,-0.026195386424660683
1756098837.6008687,1,follower,auto,0.13731560111045837,0.9146883487701416,1.0498408079147339,0.35,1.0,1.0,0.2126843988895416,0.0853116512298584,-0.04984080791473389,0,0,0,0,1.0,-0.03815443932136886,0.09134626065627749,-0.1252252066836974,0.13731560111045837,0.9146883487701416,1.0498408079147339
1756098837.6016674,0,follower,auto,0.14735649526119232,0.9434619545936584,-0.03669695183634758,0.39999999999999997,1.0,0.0,0.25264350473880764,0.05653804540634155,0.03669695183634758,2.9850412157580863,20,6.359325622283528,0,,,,,,,
1756098837.7021704,1,follower,auto,0.18999789655208588,0.9129241108894348,1.048538088798523,0.39999999999999997,1.0,1.0,0.2100021034479141,0.08707588911056519,-0.04853808879852295,-3.948298344025643,20,7.905204874564472,0,,,,,,,
1756098837.8598194,0,leader,auto,0.14735649526119232,0.9434619545936584,-0.03669695183634758,0.39999999999999997,1.0,0.0,0.25264350473880764,0.05653804540634155,0.03669695183634758,0,0,0,0,1.0,0.09616742102134446,0.037898656723975965,-0.11182919128388367,0.14735649526119232,0.9434619545936584,-0.03669695183634758
1756098837.9609973,1,follower,auto,0.18999789655208588,0.9129241108894348,1.048538088798523,0.39999999999999997,1.0,1.0,0.2100021034479141,0.08707588911056519,-0.04853808879852295,0,0,0,0,1.0,0.004697378953558873,0.09265067232293944,-0.12581075149883714,0.18999789655208588,0.9129241108894348,1.048538088798523
1756098837.963009,0,follower,auto,0.21551503241062164,0.9430696964263916,-0.049685753881931305,0.44999999999999996,1.0,0.0,0.2344849675893783,0.0569303035736084,0.049685753881931305,3.9749467953266384,20,6.390907370675537,0,,,,,,,
1756098838.0638,1,follower,auto,0.256829172372818,0.9153974652290344,1.0496820211410522,0.44999999999999996,1.0,1.0,0.19317082762718196,0.08460253477096558,-0.049682021141052246,-3.972664537730703,18.588090400245466,7.878200231131691,0,,,,,,,
1756098838.2144759,0,leader,auto,0.21551503241062164,0.9430696964263916,-0.049685753881931305,0.44999999999999996,1.0,0.0,0.2344849675893783,0.0569303035736084,0.049685753881931305,0,0,0,0,1.0,0.11972314083336322,0.03559531162525653,-0.11396600206303101,0.21551503241062164,0.9430696964263916,-0.049685753881931305
1756098838.3149602,1,follower,auto,0.256829172372818,0.9153974652290344,1.0496820211410522,0.44999999999999996,1.0,1.0,0.19317082762718196,0.08460253477096558,-0.049682021141052246,0,0,0,0,1.0,0.03856451659544996,0.09527752254789512,-0.12372065982473135,0.256829172372818,0.9153974652290344,1.0496820211410522
1756098838.3161263,0,follower,auto,0.285332053899765,0.9439616203308105,-0.060818031430244446,0.44999999999999996,1.0,0.0,0.16466794610023494,0.05603837966918945,0.060818031430244446,5.972387991673401,15.648585663993462,6.401221794971505,0,,,,,,,
1756098838.4167943,1,follower,auto,0.3317185640335083,0.9220349788665771,1.0499873161315918,0.44999999999999996,1.0,1.0,0.11828143596649165,0.07796502113342285,-0.0499873161315918,-4.003326952070859,10.52110095332464,6.864983812313312,0,,,,,,,
1756098838.571643,0,leader,auto,0.285332053899765,0.9439616203308105,-0.060818031430244446,0.44999999999999996,1.0,0.0,0.16466794610023494,0.05603837966918945,0.060818031430244446,0,0,0,0,1.0,0.13419823672307546,0.030768828204100318,-0.11166242481265409,0.285332053899765,0.9439616203308105,-0.060818031430244446
1756098838.6719866,1,follower,auto,0.3317185640335083,0.9220349788665771,1.0499873161315918,0.44999999999999996,1.0,1.0,0.11828143596649165,0.07796502113342285,-0.0499873161315918,0,0,0,0,1.0,0.0628968518399266,0.09769769503069525,-0.12501425781836883,0.3317185640335083,0.9220349788665771,1.0499873161315918
1756098838.6729958,0,follower,auto,0.35532212257385254,0.9477509260177612,-0.06808390468358994,0.44999999999999996,1.0,0.0,0.09467787742614742,0.05224907398223877,0.06808390468358994,5.960464971758917,8.656804114210399,6.390718086984361,0,,,,,,,
1756098838.773576,1,follower,auto,0.41606032848358154,0.9283926486968994,1.0483534336090088,0.44999999999999996,1.0,1.0,0.03393967151641841,0.07160735130310059,-0.04835343360900879,-4.012363957050701,2.445908171863557,6.866522569459985,0,,,,,,,
1756098838.8776095,0,leader,auto,0.35532212257385254,0.9477509260177612,-0.06808390468358994,0.44999999999999996,1.0,0.0,0.09467787742614742,0.05224907398223877,0.06808390468358994,0,0,0,0,1.0,0.14196797536862857,0.025847692302712666,-0.10749749682389871,0.35532212257385254,0.9477509260177612,-0.06808390468358994
1756098838.9781437,1,follower,auto,0.41606032848358154,0.9283926486968994,1.0483534336090088,0.44999999999999996,1.0,1.0,0.03393967151641841,0.07160735130310059,-0.04835343360900879,0,0,0,0,1.0,0.07909651447223859,0.09555931647370397,-0.12631756367470248,0.41606032848358154,0.9283926486968994,1.0483534336090088
1756098838.9792511,0,follower,auto,0.40952643752098083,0.9517812132835388,-0.06927277892827988,0.44999999999999996,1.0,0.0,0.04047356247901912,0.04821878671646118,0.06927277892827988,5.959365461319088,3.7365713458144043,5.357121422119917,0,,,,,,,
1756098839.0799441,1,follower,auto,0.48373809456825256,0.9361013770103455,1.0447523593902588,0.44999999999999996,1.0,1.0,-0.03373809456825261,0.06389862298965454,-0.04475235939025879,-4.024239022339362,-3.517662400325775,5.880168558359834,0,,,,,,,
1756098839.1839788,0,leader,auto,0.40952643752098083,0.9517812132835388,-0.06927277892827988,0.44999999999999996,1.0,0.0,0.04047356247901912,0.04821878671646118,0.06927277892827988,0,0,0,0,1.0,0.12632094723376203,0.01857734737161787,-0.10136136609279361,0.40952643752098083,0.9517812132835388,-0.06927277892827988
1756098839.2844498,1,follower,auto,0.48373809456825256,0.9361013770103455,1.0447523593902588,0.44999999999999996,1.0,1.0,-0.03373809456825261,0.06389862298965454,-0.04475235939025879,0,0,0,0,1.0,0.06013263341036562,0.09518917992545617,-0.12757222411984737,0.48373809456825256,0.9361013770103455,1.0447523593902588
1756098839.2862203,0,follower,auto,0.45363160967826843,0.9577205777168274,-0.06729044765233994,0.44999999999999996,1.0,0.0,-0.003631609678268477,0.04227942228317261,0.06729044765233994,5.948325962439,-0.1884329694246241,5.325393133529419,0,,,,,,,
1756098839.3870363,1,follower,auto,0.5390928983688354,0.9409013390541077,1.0390691757202148,0.44999999999999996,1.0,1.0,-0.0890928983688355,0.059098660945892334,-0.039069175720214844,-3.0128932019486956,-8.463626245951843,4.901337440669743,0,,,,,,,
1756098839.5421376,0,leader,auto,0.45363160967826843,0.9577205777168274,-0.06729044765233994,0.44999999999999996,1.0,0.0,-0.003631609678268477,0.04227942228317261,0.06729044765233994,0,0,0,0,1.0,0.11237911895571001,0.013412418235512757,-0.09746560002871603,0.45363160967826843,0.9577205777168274,-0.06729044765233994
1756098839.6425924,1,follower,auto,0.5390928983688354,0.9409013390541077,1.0390691757202148,0.44999999999999996,1.0,1.0,-0.0890928983688355,0.059098660945892334,-0.039069175720214844,0,0,0,0,1.0,0.040684050721329745,0.09059330188258441,-0.12788016868231034,0.5390928983688354,0.9409013390541077,1.0390691757202148
1756098839.644857,0,follower,auto,0.4856114387512207,0.9631971716880798,-0.06118650361895561,0.44999999999999996,1.0,0.0,-0.03561143875122075,0.036802828311920166,0.06118650361895561,5.944968894307261,-3.1005514853517706,4.285560710927365,0,,,,,,,
1756098839.7455416,1,follower,auto,0.5864945650100708,0.9443787336349487,1.0320374965667725,0.44999999999999996,1.0,1.0,-0.13649456501007085,0.05562126636505127,-0.03203749656677246,-3.001945818078963,-13.428468561260757,4.926354948836627,0,,,,,,,
1756098839.8493257,0,leader,auto,0.4856114387512207,0.9631971716880798,-0.06118650361895561,0.44999999999999996,1.0,0.0,-0.03561143875122075,0.036802828311920166,0.06118650361895561,0,0,0,0,1.0,0.0933225957646075,0.006196576716906765,-0.0928214444030781,0.4856114387512207,0.9631971716880798,-0.06118650361895561
1756098839.9496794,1,follower,auto,0.5864945650100708,0.9443787336349487,1.0320374965667725,0.44999999999999996,1.0,1.0,-0.13649456501007085,0.05562126636505127,-0.03203749656677246,0,0,0,0,1.0,0.021826244272750595,0.08684802950865689,-0.12645719148543977,0.5864945650100708,0.9443787336349487,1.0320374965667725
1756098839.951194,0,follower,auto,0.497578501701355,0.9649035334587097,-0.05588420853018761,0.44999999999999996,1.0,0.0,-0.047578501701355025,0.03509646654129028,0.05588420853018761,4.961527546401157,-3.9836225674545913,4.269187773823893,0,,,,,,,
1756098840.0521185,1,follower,auto,0.6085138916969299,0.9469276666641235,1.0269073247909546,0.44999999999999996,1.0,1.0,-0.15851389169692998,0.053072333335876465,-0.02690732479095459,-1.996492861691847,-15.317826283004539,4.933664006190915,0,,,,,,,
1756098840.2043428,0,leader,auto,0.497578501701355,0.9649035334587097,-0.05588420853018761,0.44999999999999996,1.0,0.0,-0.047578501701355025,0.03509646654129028,0.05588420853018761,0,0,0,0,1.0,0.0646099224105613,-0.003890418981037369,-0.09233936739443711,0.497578501701355,0.9649035334587097,-0.05588420853018761
1756098840.3048346,1,follower,auto,0.6085138916969299,0.9469276666641235,1.0269073247909546,0.44999999999999996,1.0,1.0,-0.15851389169692998,0.053072333335876465,-0.02690732479095459,0,0,0,0,1.0,-0.018294138899251466,0.08371063200455009,-0.12189460756752557,0.6085138916969299,0.9469276666641235,1.0269073247909546
1756098840.3059149,0,follower,auto,0.5032127499580383,0.9615062475204468,-0.04956348240375519,0.44999999999999996,1.0,0.0,-0.053212749958038374,0.03849375247955322,0.04956348240375519,3.9928550839887063,-4.924608659922962,4.247392682004021,0,,,,,,,
1756098840.4065013,1,follower,auto,0.6149449944496155,0.9478870034217834,1.0195934772491455,0.44999999999999996,1.0,1.0,-0.16494499444961552,0.05211299657821655,-0.019593477249145508,-0.9931052920173807,-16.216500469454125,4.957633961945003,0,,,,,,,
1756098840.5100036,0,leader,auto,0.5032127499580383,0.9615062475204468,-0.04956348240375519,0.44999999999999996,1.0,0.0,-0.053212749958038374,0.03849375247955322,0.04956348240375519,0,0,0,0,1.0,0.05041688980502207,-0.01372216909746915,-0.09004976208693038,0.5032127499580383,0.9615062475204468,-0.04956348240375519
1756098840.6105096,1,follower,auto,0.6149449944496155,0.9478870034217834,1.0195934772491455,0.44999999999999996,1.0,1.0,-0.16494499444961552,0.05211299657821655,-0.019593477249145508,0,0,0,0,1.0,-0.048102540782474446,0.07909489067445408,-0.12169827088565621,0.6149449944496155,0.9478870034217834,1.0195934772491455
1756098840.6117122,0,follower,auto,0.5046123266220093,0.9575863480567932,-0.045700803399086,0.44999999999999996,1.0,0.0,-0.05461232662200932,0.04241365194320679,0.045700803399086,4.00403936745125,-4.9079963756143705,5.243577219774737,0,,,,,,,
1756098840.712371,1,follower,auto,0.600852370262146,0.944933295249939,1.0130318403244019,0.44999999999999996,1.0,1.0,-0.15085237026214604,0.055066704750061035,-0.013031840324401855,-0.9752452777907611,-15.081025563600063,4.969266396674283,0,,,,,,,
1756098840.8159196,0,leader,auto,0.5046123266220093,0.9575863480567932,-0.045700803399086,0.44999999999999996,1.0,0.0,-0.05461232662200932,0.04241365194320679,0.045700803399086,0,0,0,0,1.0,0.038232596164085364,-0.017414307561000375,-0.0913522161654818,0.5046123266220093,0.9575863480567932,-0.045700803399086
1756098840.916194,1,follower,auto,0.600852370262146,0.944933295249939,1.0130318403244019,0.44999999999999996,1.0,1.0,-0.15085237026214604,0.055066704750061035,-0.013031840324401855,0,0,0,0,1.0,-0.08195661574513513,0.07142925759649976,-0.11860179797739634,0.600852370262146,0.944933295249939,1.0130318403244019
1756098840.9165602,0,follower,auto,0.505752682685852,0.9561946988105774,-0.040404707193374634,0.44999999999999996,1.0,0.0,-0.055752682685852095,0.04380530118942261,0.040404707193374634,3.9934930492681207,-4.929022013918747,5.229060941258196,0,,,,,,,
1756098841.016899,1,follower,auto,0.5747633576393127,0.9410957098007202,1.0090745687484741,0.44999999999999996,1.0,1.0,-0.12476335763931279,0.058904290199279785,-0.009074568748474121,0.0371079633508515,-11.962900210297823,4.969169080231419,0,,,,,,,
1756098841.1223514,0,leader,auto,0.505752682685852,0.9561946988105774,-0.040404707193374634,0.44999999999999996,1.0,0.0,-0.055752682685852095,0.04380530118942261,0.040404707193374634,0,0,0,0,1.0,0.0307714234184977,-0.017845238257353846,-0.08968124321428544,0.505752682685852,0.9561946988105774,-0.040404707193374634
1756098841.222758,1,follower,auto,0.5747633576393127,0.9410957098007202,1.0090745687484741,0.44999999999999996,1.0,1.0,-0.12476335763931279,0.058904290199279785,-0.009074568748474121,0,0,0,0,1.0,-0.10411663279939087,0.06723487014112628,-0.113850591146611,0.5747633576393127,0.9410957098007202,1.0090745687484741
1756098841.2231238,0,follower,auto,0.5044949650764465,0.9578587412834167,-0.032027699053287506,0.44999999999999996,1.0,0.0,-0.05449496507644658,0.04214125871658325,0.032027699053287506,2.970928113735972,-4.9527011644173236,5.203320119476057,0,,,,,,,
1756098841.323442,1,follower,auto,0.5424673557281494,0.9365533590316772,1.0076371431350708,0.44999999999999996,1.0,1.0,-0.09246735572814946,0.06344664096832275,-0.007637143135070801,0.050341084893774736,-8.87394988086126,5.967002640358755,0,,,,,,,
1756098841.4284298,0,leader,auto,0.5044949650764465,0.9578587412834167,-0.032027699053287506,0.44999999999999996,1.0,0.0,-0.05449496507644658,0.04214125871658325,0.032027699053287506,0,0,0,0,1.0,0.021598042326220812,-0.01771232529212552,-0.08644851762831077,0.5044949650764465,0.9578587412834167,-0.032027699053287506
1756098841.5288744,1,follower,auto,0.5424673557281494,0.9365533590316772,1.0076371431350708,0.44999999999999996,1.0,1.0,-0.09246735572814946,0.06344664096832275,-0.007637143135070801,0,0,0,0,1.0,-0.11603952433005538,0.06245890464948367,-0.10946887879552136,0.5424673557281494,0.9365533590316772,1.0076371431350708
1756098841.5292997,0,follower,auto,0.5009014010429382,0.9586988687515259,-0.02347540110349655,0.44999999999999996,1.0,0.0,-0.05090140104293828,0.04130113124847412,0.02347540110349655,1.9597216370932038,-4.9741273120441605,5.188594435660761,0,,,,,,,
1756098841.629726,1,follower,auto,0.5094515085220337,0.9289503693580627,1.008022427558899,0.44999999999999996,1.0,1.0,-0.059451508522033736,0.07104963064193726,-0.008022427558898926,0.07506314375884288,-4.820108474332993,6.964964546320483,0,,,,,,,
1756098841.786408,0,leader,auto,0.5009014010429382,0.9586988687515259,-0.02347540110349655,0.44999999999999996,1.0,0.0,-0.05090140104293828,0.04130113124847412,0.02347540110349655,0,0,0,0,1.0,0.013013612198127467,-0.020444428893064193,-0.08628963688038435,0.5009014010429382,0.9586988687515259,-0.02347540110349655
1756098841.886937,1,follower,auto,0.5094515085220337,0.9289503693580627,1.008022427558899,0.44999999999999996,1.0,1.0,-0.059451508522033736,0.07104963064193726,-0.008022427558898926,0,0,0,0,1.0,-0.1186709480460657,0.05560039038104936,-0.10704503867091741,0.5094515085220337,0.9289503693580627,1.008022427558899
1756098841.888121,0,follower,auto,0.49300476908683777,0.957105278968811,-0.015424554236233234,0.44999999999999996,1.0,0.0,-0.04300476908683781,0.042894721031188965,0.015424554236233234,0.9585784960756235,-3.9865463565408756,5.1811631051849485,0,,,,,,,
1756098841.9888487,1,follower,auto,0.47267478704452515,0.9181548357009888,1.0093567371368408,0.44999999999999996,1.0,1.0,-0.02267478704452519,0.08184516429901123,-0.00935673713684082,0.10389125662710355,-1.7640962949511125,7.965486932339562,0,,,,,,,
1756098842.097784,0,leader,auto,0.49300476908683777,0.957105278968811,-0.015424554236233234,0.44999999999999996,1.0,0.0,-0.04300476908683781,0.042894721031188965,0.015424554236233234,0,0,0,0,1.0,0.002955600231603517,-0.023611202047397528,-0.08680230418574969,0.49300476908683777,0.957105278968811,-0.015424554236233234
1756098842.1981604,1,follower,auto,0.47267478704452515,0.9181548357009888,1.0093567371368408,0.44999999999999996,1.0,1.0,-0.02267478704452519,0.08184516429901123,-0.00935673713684082,0,0,0,0,1.0,-0.12013167390902746,0.04899675983096807,-0.106638275742869,0.47267478704452515,0.9181548357009888,1.0093567371368408
1756098842.1990352,0,follower,auto,0.48633670806884766,0.9557390809059143,-0.011170599609613419,0.44999999999999996,1.0,0.0,-0.0363367080688477,0.04426091909408569,0.011170599609613419,0.951363262205408,-3.000354261118757,5.190779943783616,0,,,,,,,
1756098842.2996066,1,follower,auto,0.45324087142944336,0.9090970158576965,1.008178472518921,0.44999999999999996,1.0,1.0,-0.003240871429443404,0.09090298414230347,-0.008178472518920898,0.11115853881140376,0.18478976753006235,8.980297169437199,0,,,,,,,
1756098850.6726437,0,leader,auto,0.48633670806884766,0.9557390809059143,-0.011170599609613419,0.44999999999999996,1.0,0.0,-0.0363367080688477,0.04426091909408569,0.011170599609613419,0,0,0,0,1.0,2.0288799276735325e-05,-0.022925716700811227,-0.09057222128043316,0.48633670806884766,0.9557390809059143,-0.011170599609613419
1756098850.7732553,1,follower,auto,0.45324087142944336,0.9090970158576965,1.008178472518921,0.44999999999999996,1.0,1.0,-0.003240871429443404,0.09090298414230347,-0.008178472518920898,0,0,0,0,1.0,-0.09734506390701025,0.04769077679826461,-0.11071804032649823,0.45324087142944336,0.9090970158576965,1.008178472518921
1756098850.7752361,0,follower,auto,0.6767838001251221,0.9353013038635254,-0.19234882295131683,0.44999999999999996,1.0,-0.05,-0.22678380012512211,0.06469869613647461,0.14234882295131684,14.089552481373872,-20,8.207172676479678,0,,,,,,,
1756098850.8764148,1,follower,auto,0.4245932996273041,0.936562716960907,1.0209476947784424,0.44999999999999996,1.0,0.95,0.02540670037269588,0.06343728303909302,-0.07094769477844243,-7.100313222124279,2.4664708312352,5.69146826203173,0,,,,,,,
1756098851.1234934,0,leader,auto,0.6767838001251221,0.9353013038635254,-0.19234882295131683,0.44999999999999996,1.0,-0.05,-0.22678380012512211,0.06469869613647461,0.14234882295131684,0,0,0,0,0.9229341663966787,0.19413387028446594,-0.04157311594046009,-0.27576084591571404,0.6767838001251221,0.9353013038635254,-0.19234882295131683
1756098851.2240088,1,follower,auto,0.4245932996273041,0.936562716960907,1.0209476947784424,0.44999999999999996,1.0,0.95,0.02540670037269588,0.06343728303909302,-0.07094769477844243,0,0,0,0,1.0,-0.10053322649211704,0.08124169259806002,-0.0991077681989041,0.4245932996273041,0.936562716960907,1.0209476947784424
1756098851.2254272,0,follower,auto,0.6656831502914429,0.9316314458847046,-0.20159046351909637,0.44999999999999996,1.0,-0.1,-0.21568315029144292,0.06836855411529541,0.10159046351909637,10.054342229187705,-20,7.7190100272166315,0,,,,,,,
1756098851.3269527,1,follower,auto,0.42302078008651733,0.9420624375343323,1.010767936706543,0.44999999999999996,1.0,0.9,0.02697921991348262,0.057937562465667725,-0.11076793670654295,-11.065255874310166,2.3469520955085605,4.772152128623443,0,,,,,,,
1756098851.4327648,0,leader,auto,0.6656831502914429,0.9316314458847046,-0.20159046351909637,0.44999999999999996,1.0,-0.1,-0.21568315029144292,0.06836855411529541,0.10159046351909637,0,0,0,0,0.867,-0.0390619038225557,-0.036400362401838304,-0.09548578506332699,0.6656831502914429,0.9316314458847046,-0.20159046351909637
1756098851.5331295,1,follower,auto,0.42302078008651733,0.9420624375343323,1.010767936706543,0.44999999999999996,1.0,0.9,0.02697921991348262,0.057937562465667725,-0.11076793670654295,0,0,0,0,1.0,-0.06495970981000232,0.06150152373451556,-0.12180175070042254,0.42302078008651733,0.9420624375343323,1.010767936706543
1756098851.5336988,0,follower,auto,0.6412282586097717,0.9326448440551758,-0.193686842918396,0.44999999999999996,1.0,-0.15000000000000002,-0.19122825860977177,0.06735515594482422,0.043686842918395974,4.0259089180887395,-19.21453842619141,7.478128579845058,0,,,,,,,
1756098851.6339743,1,follower,auto,0.42430365085601807,0.9473262429237366,0.9997046589851379,0.44999999999999996,1.0,0.85,0.02569634914398189,0.05267375707626343,-0.14970465898513796,-14.055547266576955,2.2716486474513964,4.822490626813924,0,,,,,,,
1756098851.7815404,0,leader,auto,0.6412282586097717,0.9326448440551758,-0.193686842918396,0.44999999999999996,1.0,-0.15000000000000002,-0.19122825860977177,0.06735515594482422,0.043686842918395974,0,0,0,0,1.0,-0.07007243144119424,-0.03958742673762372,-0.08033038681826409,0.6412282586097717,0.9326448440551758,-0.193686842918396
1756098851.8820536,1,follower,auto,0.42430365085601807,0.9473262429237366,0.9997046589851379,0.44999999999999996,1.0,0.85,0.02569634914398189,0.05267375707626343,-0.14970465898513796,0,0,0,0,1.0,-0.055859784815606106,0.06864077300073379,-0.12014931743652624,0.42430365085601807,0.9473262429237366,0.9997046589851379
1756098851.882984,0,follower,auto,0.5988833904266357,0.936754047870636,-0.18141481280326843,0.44999999999999996,1.0,-0.2,-0.1488833904266358,0.06324595212936401,-0.01858518719673158,-1.0001754179876847,-14.018245142397523,7.35676025855244,0,,,,,,,
1756098851.983524,1,follower,auto,0.42402929067611694,0.9489172697067261,0.9806561470031738,0.44999999999999996,1.0,0.8,0.025970709323883012,0.051082730293273926,-0.18065614700317378,-18.032657055072267,2.214378967900275,4.901886727285968,0,,,,,,,
1756098852.0875835,0,leader,auto,0.5988833904266357,0.936754047870636,-0.18141481280326843,0.44999999999999996,1.0,-0.2,-0.1488833904266358,0.06324595212936401,-0.01858518719673158,0,0,0,0,1.0,-0.10297260048237888,-0.03814228440646594,-0.07862028267458611,0.5988833904266357,0.936754047870636,-0.18141481280326843
1756098852.1881313,1,follower,auto,0.42402929067611694,0.9489172697067261,0.9806561470031738,0.44999999999999996,1.0,0.8,0.025970709323883012,0.051082730293273926,-0.18065614700317378,0,0,0,0,1.0,-0.05179378002862023,0.07490509528085187,-0.1257480832777076,0.42402929067611694,0.9489172697067261,0.9806561470031738
1756098852.1894429,0,follower,auto,0.5536659955978394,0.9405327439308167,-0.17618952691555023,0.44999999999999996,1.0,-0.25,-0.1036659955978394,0.05946725606918335,-0.07381047308444977,-7.0160339061999855,-9.908018339186084,6.321451922976079,0,,,,,,,
1756098852.290126,1,follower,auto,0.42416155338287354,0.944089412689209,0.9527401328086853,0.44999999999999996,1.0,0.75,0.02583844661712642,0.055910587310791016,-0.2027401328086853,-19.989409359697188,2.156216041749477,4.991443231663879,0,,,,,,,
1756098852.393606,0,leader,auto,0.5536659955978394,0.9405327439308167,-0.17618952691555023,0.44999999999999996,1.0,-0.25,-0.1036659955978394,0.05946725606918335,-0.07381047308444977,0,0,0,0,1.0,-0.11368501624149407,-0.03518407967936987,-0.08830657020007275,0.5536659955978394,0.9405327439308167,-0.17618952691555023
1756098852.494677,1,follower,auto,0.42416155338287354,0.944089412689209,0.9527401328086853,0.44999999999999996,1.0,0.75,0.02583844661712642,0.055910587310791016,-0.2027401328086853,0,0,0,0,1.0,-0.046065151372345015,0.08202456281856652,-0.1319725872208557,0.42416155338287354,0.944089412689209,0.9527401328086853
1756098852.4951067,0,follower,auto,0.5079312324523926,0.9401804208755493,-0.1772199273109436,0.44999999999999996,1.0,-0.25,-0.05793123245239262,0.059819579124450684,-0.0727800726890564,-7.010443583267467,-4.831162220391384,6.302899010396928,0,,,,,,,
1756098852.595446,1,follower,auto,0.42671096324920654,0.9353197813034058,0.9132387638092041,0.44999999999999996,1.0,0.75,0.023289036750793413,0.06468021869659424,-0.1632387638092041,-15.95287718784919,2.08700001493268,6.101202967453532,0,,,,,,,
1756098852.7049787,0,leader,auto,0.5079312324523926,0.9401804208755493,-0.1772199273109436,0.44999999999999996,1.0,-0.25,-0.05793123245239262,0.059819579124450684,-0.0727800726890564,0,0,0,0,1.0,-0.11728930192284093,-0.030188020107855706,-0.09558531419415603,0.5079312324523926,0.9401804208755493,-0.1772199273109436
1756098852.805409,1,follower,auto,0.42671096324920654,0.9353197813034058,0.9132387638092041,0.44999999999999996,1.0,0.75,0.023289036750793413,0.06468021869659424,-0.1632387638092041,0,0,0,0,1.0,-0.03872787908867842,0.09315072404086355,-0.1406310300242608,0.42671096324920654,0.9353197813034058,0.9132387638092041
1756098852.8064916,0,follower,auto,0.466528981924057,0.937435507774353,-0.18346235156059265,0.44999999999999996,1.0,-0.25,-0.01652898192405705,0.06256449222564697,-0.06653764843940735,-6.003267657499771,-0.7895629841544485,7.279511438434401,0,,,,,,,
1756098852.907188,1,follower,auto,0.4304097592830658,0.9262579679489136,0.8623615503311157,0.44999999999999996,1.0,0.75,0.01959024071693416,0.07374203205108643,-0.11236155033111572,-10.936140322721334,1.0246688313936376,7.221621633377234,0,,,,,,,
1756098853.0120783,0,leader,auto,0.466528981924057,0.937435507774353,-0.18346235156059265,0.44999999999999996,1.0,-0.25,-0.01652898192405705,0.06256449222564697,-0.06653764843940735,0,0,0,0,1.0,-0.11075059341075055,-0.0237588853640458,-0.10136511820715927,0.466528981924057,0.937435507774353,-0.18346235156059265
1756098853.1125867,1,follower,auto,0.4304097592830658,0.9262579679489136,0.8623615503311157,0.44999999999999996,1.0,0.75,0.01959024071693416,0.07374203205108643,-0.11236155033111572,0,0,0,0,1.0,-0.03316782016089881,0.10322237581757199,-0.14967021566886585,0.4304097592830658,0.9262579679489136,0.8623615503311157
1756098853.1131694,0,follower,auto,0.43506401777267456,0.9327534437179565,-0.19273948669433594,0.44999999999999996,1.0,-0.25,0.014935982227325395,0.06724655628204346,-0.05726051330566406,-4.9931687461558765,1.2042561936837954,7.251323865242326,0,,,,,,,
1756098853.313945,1,follower,auto,0.431705117225647,0.9195225834846497,0.8114297389984131,0.44999999999999996,1.0,0.75,0.018294882774352983,0.08047741651535034,-0.061429738998413086,-5.940700364123682,0.9929879065649266,8.291893631460237,0,,,,,,,
1756098853.4190145,0,leader,auto,0.43506401777267456,0.9327534437179565,-0.19273948669433594,0.44999999999999996,1.0,-0.25,0.014935982227325395,0.06724655628204346,-0.05726051330566406,0,0,0,0,1.0,-0.09495783441330685,-0.018267235539903504,-0.10559743343725836,0.43506401777267456,0.9327534437179565,-0.19273948669433594
1756098853.5194714,1,follower,auto,0.431705117225647,0.9195225834846497,0.8114297389984131,0.44999999999999996,1.0,0.75,0.018294882774352983,0.08047741651535034,-0.061429738998413086,0,0,0,0,1.0,-0.032556520211129314,0.1102916024814673,-0.1479662222167254,0.431705117225647,0.9195225834846497,0.8114297389984131
1756098853.5206895,0,follower,auto,0.41212308406829834,0.9257327318191528,-0.21175135672092438,0.44999999999999996,1.0,-0.25,0.037876915931701616,0.07426726818084717,-0.03824864327907562,-2.971234026766532,3.1781798579830682,8.244754740115262,0,,,,,,,
1756098853.6214676,1,follower,auto,0.4282413125038147,0.91945481300354,0.7474225163459778,0.44999999999999996,1.0,0.75,0.02175868749618526,0.08054518699645996,0.002577483654022217,0.020844919678300777,1.991893273481624,8.406890698147407,0,,,,,,,
1756098853.7253602,0,leader,auto,0.41212308406829834,0.9257327318191528,-0.21175135672092438,0.44999999999999996,1.0,-0.25,0.037876915931701616,0.07426726818084717,-0.03824864327907562,0,0,0,0,1.0,-0.07953207770781845,-0.014516680503760648,-0.11624764618911033,0.41212308406829834,0.9257327318191528,-0.21175135672092438
1756098853.8258483,1,follower,auto,0.4282413125038147,0.91945481300354,0.7474225163459778,0.44999999999999996,1.0,0.75,0.02175868749618526,0.08054518699645996,0.002577483654022217,0,0,0,0,1.0,-0.03436930375631009,0.11628242067985717,-0.16045555383491483,0.4282413125038147,0.91945481300354,0.7474225163459778
1756098853.826423,0,follower,auto,0.405190646648407,0.9207477569580078,-0.22740979492664337,0.44999999999999996,1.0,-0.25,0.04480935335159297,0.07925224304199219,-0.02259020507335663,-1.9637727949669104,4.099425002889,8.217092921291666,0,,,,,,,
1756098853.9268916,1,follower,auto,0.4240717887878418,0.9244148135185242,0.7085932493209839,0.44999999999999996,1.0,0.75,0.02592821121215816,0.07558518648147583,0.04140675067901611,3.978760955094317,1.9982251733210374,7.347249072156129,0,,,,,,,
1756098854.031988,0,leader,auto,0.405190646648407,0.9207477569580078,-0.22740979492664337,0.44999999999999996,1.0,-0.25,0.04480935335159297,0.07925224304199219,-0.02259020507335663,0,0,0,0,1.0,-0.05557347690288139,-0.008638708609109758,-0.11416411033700953,0.405190646648407,0.9207477569580078,-0.22740979492664337
1756098854.132662,1,follower,auto,0.4240717887878418,0.9244148135185242,0.7085932493209839,0.44999999999999996,1.0,0.75,0.02592821121215816,0.07558518648147583,0.04140675067901611,0,0,0,0,1.0,-0.031020971251590423,0.11431240151548117,-0.1340571556755259,0.4240717887878418,0.9244148135185242,0.7085932493209839
1756098854.1338713,0,follower,auto,0.4017729163169861,0.9188999533653259,-0.241306871175766,0.44999999999999996,1.0,-0.25,0.04822708368301387,0.08110004663467407,-0.008693128824234009,0.02649940330832778,4.065112539814759,9.190178287611865,0,,,,,,,
1756098854.2343738,1,follower,auto,0.42487940192222595,0.926558792591095,0.6783962845802307,0.44999999999999996,1.0,0.75,0.025120598077774003,0.07344120740890503,0.07160371541976929,6.9767531077143605,1.9751450052758064,7.304319282579952,0,,,,,,,
1756098854.338386,0,leader,auto,0.4017729163169861,0.9188999533653259,-0.241306871175766,0.44999999999999996,1.0,-0.25,0.04822708368301387,0.08110004663467407,-0.008693128824234009,0,0,0,0,1.0,-0.044624936197349085,-0.003019442029133179,-0.11376999468148424,0.4017729163169861,0.9188999533653259,-0.241306871175766
1756098854.4389615,1,follower,auto,0.42487940192222595,0.926558792591095,0.6783962845802307,0.44999999999999996,1.0,0.75,0.025120598077774003,0.07344120740890503,0.07160371541976929,0,0,0,0,1.0,-0.022184350952816956,0.10065887502704474,-0.1247286731229098,0.42487940192222595,0.926558792591095,0.6783962845802307
1756098854.4401803,0,follower,auto,0.40157923102378845,0.9214504957199097,-0.2515859007835388,0.44999999999999996,1.0,-0.25,0.0484207689762115,0.07854950428009033,0.0015859007835388184,-0.0014717206983280804,4.040764876808777,8.159503024991293,0,,,,,,,
1756098854.5408175,1,follower,auto,0.42552587389945984,0.9248237609863281,0.6570563912391663,0.44999999999999996,1.0,0.75,0.024474126100540117,0.07517623901367188,0.09294360876083374,8.999022328855904,1.9694106826454403,7.261645722451369,0,,,,,,,
1756098854.6433964,0,leader,auto,0.40157923102378845,0.9214504957199097,-0.2515859007835388,0.44999999999999996,1.0,-0.25,0.0484207689762115,0.07854950428009033,0.0015859007835388184,0,0,0,0,1.0,-0.0346582824474701,0.0015335710365721456,-0.11251592664685728,0.40157923102378845,0.9214504957199097,-0.2515859007835388
1756098854.7439637,1,follower,auto,0.42552587389945984,0.9248237609863281,0.6570563912391663,0.44999999999999996,1.0,0.75,0.024474126100540117,0.07517623901367188,0.09294360876083374,0,0,0,0,1.0,-0.019039286047522364,0.08376357874036999,-0.11569220061842644,0.42552587389945984,0.9248237609863281,0.6570563912391663
1756098854.7448173,0,follower,auto,0.4078264534473419,0.9267334938049316,-0.2605392038822174,0.44999999999999996,1.0,-0.25,0.04217354655265804,0.07326650619506836,0.010539203882217407,0.9697604863158311,3.9987733282464903,8.146526731901151,0,,,,,,,
1756098854.845382,1,follower,auto,0.4256622791290283,0.9214043021202087,0.6462801098823547,0.44999999999999996,1.0,0.75,0.024337720870971635,0.07859569787979126,0.10371989011764526,10.02167783141205,1.9774681034466626,7.202682147044706,0,,,,,,,
1756098854.9500103,0,leader,auto,0.4078264534473419,0.9267334938049316,-0.2605392038822174,0.44999999999999996,1.0,-0.25,0.04217354655265804,0.07326650619506836,0.010539203882217407,0,0,0,0,1.0,-0.02209711290706201,0.004175484225514392,-0.11259874756394289,0.4078264534473419,0.9267334938049316,-0.2605392038822174
1756098855.0504622,1,follower,auto,0.4256622791290283,0.9214043021202087,0.6462801098823547,0.44999999999999996,1.0,0.75,0.024337720870971635,0.07859569787979126,0.10371989011764526,0,0,0,0,1.0,-0.016437584949690998,0.06805431442573939,-0.1054487023195192,0.4256622791290283,0.9214043021202087,0.6462801098823547
1756098855.0510602,0,follower,auto,0.41474905610084534,0.9319689869880676,-0.2709827721118927,0.44999999999999996,1.0,-0.25,0.03525094389915462,0.06803101301193237,0.0209827721118927,1.954815041074498,2.9765050517862486,7.156706579283709,0,,,,,,,
1756098855.1514063,1,follower,auto,0.42505645751953125,0.9186002016067505,0.6418009996414185,0.44999999999999996,1.0,0.75,0.024943542480468706,0.08139979839324951,0.10819900035858154,10.03240460503122,1.9898368973368705,8.150731333976617,0,,,,,,,
1756098855.260058,0,leader,auto,0.41474905610084534,0.9319689869880676,-0.2709827721118927,0.44999999999999996,1.0,-0.25,0.03525094389915462,0.06803101301193237,0.0209827721118927,0,0,0,0,1.0,-0.01609713257444184,0.0029076897837816418,-0.11547961457300418,0.41474905610084534,0.9319689869880676,-0.2709827721118927
1756098855.360893,1,follower,auto,0.42505645751953125,0.9186002016067505,0.6418009996414185,0.44999999999999996,1.0,0.75,0.024943542480468706,0.08139979839324951,0.10819900035858154,0,0,0,0,1.0,-0.014216088588328457,0.054564736081444076,-0.10002729121151754,0.42505645751953125,0.9186002016067505,0.6418009996414185
1756098855.362463,0,follower,auto,0.42027005553245544,0.9359909892082214,-0.2836686968803406,0.44999999999999996,1.0,-0.25,0.02972994446754451,0.06400901079177856,0.033668696880340576,2.9582733997849653,1.9687106152577831,7.1896508669125545,0,,,,,,,
1756098855.4633088,1,follower,auto,0.42248502373695374,0.9225814342498779,0.6479647755622864,0.44999999999999996,1.0,0.75,0.02751497626304622,0.07741856575012207,0.10203522443771362,10.00427890762097,2.0088037937532155,7.069973532225379,0,,,,,,,
1756098855.6638267,0,leader,auto,0.42027005553245544,0.9359909892082214,-0.2836686968803406,0.44999999999999996,1.0,-0.25,0.02972994446754451,0.06400901079177856,0.033668696880340576,0,0,0,0,1.0,-0.013556402790082411,-0.0004350776073018814,-0.11794990081668022,0.42027005553245544,0.9359909892082214,-0.2836686968803406
1756098855.7645195,1,follower,auto,0.42248502373695374,0.9225814342498779,0.6479647755622864,0.44999999999999996,1.0,0.75,0.02751497626304622,0.07741856575012207,0.10203522443771362,0,0,0,0,1.0,-0.013338898548772293,0.048043780468111974,-0.09153349891099893,0.42248502373695374,0.9225814342498779,0.6479647755622864
1756098855.7655253,0,follower,auto,0.42721429467201233,0.9381715655326843,-0.29634982347488403,0.44999999999999996,1.0,-0.25,0.022785705327987626,0.061828434467315674,0.04634982347488403,3.976751646076084,1.9503532058061253,7.231962746836767,0,,,,,,,
1756098855.8660412,1,follower,auto,0.4186336398124695,0.9328387379646301,0.6679791808128357,0.44999999999999996,1.0,0.75,0.03136636018753047,0.06716126203536987,0.0820208191871643,7.959774949980993,3.0299111249938693,5.955124802549388,0,,,,,,,
1756098855.9709914,0,leader,auto,0.42721429467201233,0.9381715655326843,-0.29634982347488403,0.44999999999999996,1.0,-0.25,0.022785705327987626,0.061828434467315674,0.04634982347488403,0,0,0,0,1.0,-0.009351068299472909,-0.005208672246339696,-0.11805775946068753,0.42721429467201233,0.9381715655326843,-0.29634982347488403
1756098856.0714538,1,follower,auto,0.4186336398124695,0.9328387379646301,0.6679791808128357,0.44999999999999996,1.0,0.75,0.03136636018753047,0.06716126203536987,0.0820208191871643,0,0,0,0,1.0,-0.011809710983999466,0.04143294580402901,-0.07926083317888288,0.4186336398124695,0.9328387379646301,0.6679791808128357
1756098856.071958,0,follower,auto,0.4285547137260437,0.9362606406211853,-0.30137136578559875,0.44999999999999996,1.0,-0.25,0.021445286273956254,0.0637393593788147,0.051371365785598755,5.00535614510609,1.9693216695207683,7.231646863954671,0,,,,,,,
1756098856.1722636,1,follower,auto,0.41751840710639954,0.9382480978965759,0.6887336373329163,0.44999999999999996,1.0,0.75,0.03248159289360042,0.06175190210342407,0.06126636266708374,5.960908406625157,3.023811847057792,5.898401161181839,0,,,,,,,
1756098856.331691,0,leader,auto,0.4285547137260437,0.9362606406211853,-0.30137136578559875,0.44999999999999996,1.0,-0.25,0.021445286273956254,0.0637393593788147,0.051371365785598755,0,0,0,0,1.0,-0.0124434710812239,-0.012964404793597284,-0.11054667235605431,0.4285547137260437,0.9362606406211853,-0.30137136578559875
1756098856.4323144,1,follower,auto,0.41751840710639954,0.9382480978965759,0.6887336373329163,0.44999999999999996,1.0,0.75,0.03248159289360042,0.06175190210342407,0.06126636266708374,0,0,0,0,1.0,-0.005335065981551312,0.026139250322999907,-0.07972025672116811,0.41751840710639954,0.9382480978965759,0.6887336373329163
1756098856.4332438,0,follower,auto,0.42826592922210693,0.9329521059989929,-0.3021208941936493,0.44999999999999996,1.0,-0.25,0.021734070777893022,0.06704789400100708,0.05212089419364929,5.016059000552396,1.9815731028860308,7.235975126128616,0,,,,,,,
1756098856.5337024,1,follower,auto,0.4162581264972687,0.9340119361877441,0.7143548130989075,0.44999999999999996,1.0,0.75,0.03374187350273128,0.06598806381225586,0.03564518690109253,3.0055080895572797,3.022873025562421,5.838578362508986,0,,,,,,,
1756098856.638502,0,leader,auto,0.42826592922210693,0.9329521059989929,-0.3021208941936493,0.44999999999999996,1.0,-0.25,0.021734070777893022,0.06704789400100708,0.05212089419364929,0,0,0,0,1.0,-0.011356744704797861,-0.018589506361780916,-0.10687350497598153,0.42826592922210693,0.9329521059989929,-0.3021208941936493
1756098856.7391636,1,follower,auto,0.4162581264972687,0.9340119361877441,0.7143548130989075,0.44999999999999996,1.0,0.75,0.03374187350273128,0.06598806381225586,0.03564518690109253,0,0,0,0,1.0,-0.0021361980786613888,0.00896446525621708,-0.07596872323316917,0.4162581264972687,0.9340119361877441,0.7143548130989075
1756098856.7404,0,follower,auto,0.4291892945766449,0.9269388318061829,-0.29903334379196167,0.44999999999999996,1.0,-0.25,0.020810705423355058,0.07306116819381714,0.04903334379196167,4.0347580692949,1.9787005776210278,8.226895970017083,0,,,,,,,
1756098856.8420708,1,follower,auto,0.41567593812942505,0.9311606287956238,0.7301353216171265,0.44999999999999996,1.0,0.75,0.03432406187057491,0.06883937120437622,0.019864678382873535,1.0089433003947108,3.0212003175693916,5.856224229110591,0,,,,,,,
1756098856.9498904,0,leader,auto,0.4291892945766449,0.9269388318061829,-0.29903334379196167,0.44999999999999996,1.0,-0.25,0.020810705423355058,0.07306116819381714,0.04903334379196167,0,0,0,0,1.0,-0.007481617061149193,-0.025194934551244108,-0.1038599909938131,0.4291892945766449,0.9269388318061829,-0.29903334379196167
1756098857.0503223,1,follower,auto,0.41567593812942505,0.9311606287956238,0.7301353216171265,0.44999999999999996,1.0,0.75,0.03432406187057491,0.06883937120437622,0.019864678382873535,0,0,0,0,1.0,0.0016929390729079619,0.0068059435679982405,-0.0870898454494603,0.41567593812942505,0.9311606287956238,0.7301353216171265
1756098857.0516138,0,follower,auto,0.4296095073223114,0.9199678301811218,-0.2948998510837555,0.44999999999999996,1.0,-0.25,0.020390492677688554,0.08003216981887817,0.04489985108375549,4.052941077404681,1.977201165975441,9.22591163572978,0,,,,,,,
1756098857.1523175,1,follower,auto,0.4133520722389221,0.9322639107704163,0.7431870102882385,0.44999999999999996,1.0,0.75,0.036647927761077836,0.06773608922958374,0.006812989711761475,-0.015186243966669765,3.030764445789998,5.866846662215385,0,,,,,,,
1756098857.2858045,0,leader,auto,0.4296095073223114,0.9199678301811218,-0.2948998510837555,0.44999999999999996,1.0,-0.25,0.020390492677688554,0.08003216981887817,0.04489985108375549,0,0,0,0,1.0,-0.005557172068730687,-0.028675723979715295,-0.10480934519768284,0.4296095073223114,0.9199678301811218,-0.2948998510837555
1756098857.3864157,1,follower,auto,0.4133520722389221,0.9322639107704163,0.7431870102882385,0.44999999999999996,1.0,0.75,0.036647927761077836,0.06773608922958374,0.006812989711761475,0,0,0,0,1.0,0.002870885523443556,0.009343233020436492,-0.09044949879871012,0.4133520722389221,0.9322639107704163,0.7431870102882385
1756098857.3876684,0,follower,auto,0.42924371361732483,0.9161748886108398,-0.29420316219329834,0.44999999999999996,1.0,-0.25,0.020756286382675126,0.08382511138916016,0.04420316219329834,4.045691199735839,1.9762622434560386,9.245036226085755,0,,,,,,,
1756098857.4884474,1,follower,auto,0.40900444984436035,0.9314291477203369,0.750713586807251,0.44999999999999996,1.0,0.75,0.040995550155639604,0.06857085227966309,-0.0007135868072509766,-0.014928390298918164,4.045923787691696,5.888253548578022,0,,,,,,,
1756098857.6029255,0,leader,auto,0.42924371361732483,0.9161748886108398,-0.29420316219329834,0.44999999999999996,1.0,-0.25,0.020756286382675126,0.08382511138916016,0.04420316219329834,0,0,0,0,1.0,-0.004032547029284461,-0.02783006156355805,-0.11118349993930068,0.42924371361732483,0.9161748886108398,-0.29420316219329834
1756098857.703358,1,follower,auto,0.40900444984436035,0.9314291477203369,0.750713586807251,0.44999999999999996,1.0,0.75,0.040995550155639604,0.06857085227966309,-0.0007135868072509766,0,0,0,0,1.0,0.0037056403337681343,0.006859780258305137,-0.09641448768510252,0.40900444984436035,0.9314291477203369,0.750713586807251
1756098857.7053137,0,follower,auto,0.4316597282886505,0.91602623462677,-0.2947620749473572,0.49999999999999994,1.0,-0.25,0.06834027171134943,0.08397376537322998,0.04476207494735718,4.02348446239115,5.959808255394218,9.249226454964855,0,,,,,,,
1756098857.8062475,1,follower,auto,0.40648531913757324,0.928229808807373,0.7465197443962097,0.49999999999999994,1.0,0.75,0.0935146808624267,0.07177019119262695,0.003480255603790283,-0.00019404939253189478,9.04728064129904,6.950722049127697,0,,,,,,,
1756098857.9111729,0,leader,auto,0.4316597282886505,0.91602623462677,-0.2947620749473572,0.49999999999999994,1.0,-0.25,0.06834027171134943,0.08397376537322998,0.04476207494735718,0,0,0,0,1.0,0.0009674764122408752,-0.026561661483268217,-0.11501312781354439,0.4316597282886505,0.91602623462677,-0.2947620749473572
1756098858.0116355,1,follower,auto,0.40648531913757324,0.928229808807373,0.7465197443962097,0.49999999999999994,1.0,0.75,0.0935146808624267,0.07177019119262695,0.003480255603790283,0,0,0,0,1.0,0.009357717389208375,0.00409854597022119,-0.10823829090262815,0.40648531913757324,0.928229808807373,0.7465197443962097
1756098858.0134249,0,follower,auto,0.43795567750930786,0.9198896288871765,-0.29583853483200073,0.5499999999999999,1.0,-0.25,0.11204432249069207,0.08011037111282349,0.04583853483200073,3.991787210074309,10.932922909605479,9.24364622952687,0,,,,,,,
1756098858.1141448,1,follower,auto,0.406589537858963,0.9243574738502502,0.7368436455726624,0.5499999999999999,1.0,0.75,0.14341046214103692,0.07564252614974976,0.013156354427337646,1.0152374647514848,14.042323054045902,7.0014990682752964,0,,,,,,,
1756098858.2182205,0,leader,auto,0.43795567750930786,0.9198896288871765,-0.29583853483200073,0.5499999999999999,1.0,-0.25,0.11204432249069207,0.08011037111282349,0.04583853483200073,0,0,0,0,1.0,0.010749170632232297,-0.02497939801218696,-0.11787911373028132,0.43795567750930786,0.9198896288871765,-0.29583853483200073
1756098858.3186557,1,follower,auto,0.406589537858963,0.9243574738502502,0.7368436455726624,0.5499999999999999,1.0,0.75,0.14341046214103692,0.07564252614974976,0.013156354427337646,0,0,0,0,1.0,0.020466884415331787,0.0031798312172415244,-0.11417697191010423,0.406589537858963,0.9243574738502502,0.7368436455726624
1756098858.320862,0,follower,auto,0.442607581615448,0.9230539202690125,-0.299012690782547,0.6,1.0,-0.25,0.15739241838455198,0.07694607973098755,0.049012690782547,3.9826989409229885,14.932730358227484,8.245523774987898,0,,,,,,,
1756098858.4216557,1,follower,auto,0.4101906418800354,0.9231049418449402,0.7267073392868042,0.6,1.0,0.75,0.18980935811996458,0.07689505815505981,0.0232926607131958,2.011379072143341,18.025180796733636,7.023923755745651,0,,,,,,,
1756098858.5720496,0,leader,auto,0.442607581615448,0.9230539202690125,-0.299012690782547,0.6,1.0,-0.25,0.15739241838455198,0.07694607973098755,0.049012690782547,0,0,0,0,1.0,0.019393098189386615,-0.028171524220100608,-0.122147709201894,0.442607581615448,0.9230539202690125,-0.299012690782547
1756098858.6725352,1,follower,auto,0.4101906418800354,0.9231049418449402,0.7267073392868042,0.6,1.0,0.75,0.18980935811996458,0.07689505815505981,0.0232926607131958,0,0,0,0,1.0,0.03677807970414043,0.004593606831268304,-0.11478806012608411,0.4101906418800354,0.9231049418449402,0.7267073392868042
1756098858.6734734,0,follower,auto,0.45604556798934937,0.927656352519989,-0.30470314621925354,0.65,1.0,-0.25,0.19395443201065066,0.07234364748001099,0.05470314621925354,4.972660014537029,18.892806086952803,8.257357709517015,0,,,,,,,
1756098858.7739947,1,follower,auto,0.42084258794784546,0.9253221154212952,0.7195134162902832,0.65,1.0,0.75,0.22915741205215456,0.07467788457870483,0.030486583709716797,2.996921044908078,20,7.017590939122606,0,,,,,,,
1756098858.878082,0,leader,auto,0.45604556798934937,0.927656352519989,-0.30470314621925354,0.65,1.0,-0.25,0.19395443201065066,0.07234364748001099,0.05470314621925354,0,0,0,0,1.0,0.04194832492401218,-0.029025790838676957,-0.12558066991092853,0.45604556798934937,0.927656352519989,-0.30470314621925354
1756098858.9786437,1,follower,auto,0.42084258794784546,0.9253221154212952,0.7195134162902832,0.65,1.0,0.75,0.22915741205215456,0.07467788457870483,0.030486583709716797,0,0,0,0,1.0,0.05964741776536331,0.005776316930913961,-0.11198231698492755,0.42084258794784546,0.9253221154212952,0.7195134162902832
1756098858.9800642,0,follower,auto,0.4774741232395172,0.9280218482017517,-0.30498769879341125,0.7000000000000001,1.0,-0.25,0.22252587676048285,0.07197815179824829,0.054987698793411255,4.985886816235499,20,8.229884401831011,0,,,,,,,
1756098859.0807703,1,follower,auto,0.43879297375679016,0.9236748218536377,0.7118455767631531,0.7000000000000001,1.0,0.75,0.2612070262432099,0.0763251781463623,0.038154423236846924,3.0103710527187917,20,7.026000239586284,0,,,,,,,
1756098859.186258,0,leader,auto,0.4774741232395172,0.9280218482017517,-0.30498769879341125,0.7000000000000001,1.0,-0.25,0.22252587676048285,0.07197815179824829,0.054987698793411255,0,0,0,0,1.0,0.06631480039179072,-0.0364938399721072,-0.120897284563241,0.4774741232395172,0.9280218482017517,-0.30498769879341125
1756098859.2869332,1,follower,auto,0.43879297375679016,0.9236748218536377,0.7118455767631531,0.7000000000000001,1.0,0.75,0.2612070262432099,0.0763251781463623,0.038154423236846924,0,0,0,0,1.0,0.08336701244057615,-0.0014316502738614956,-0.11275488543556356,0.43879297375679016,0.9236748218536377,0.7118455767631531
1756098859.2883532,0,follower,auto,0.5096582174301147,0.9253218770027161,-0.30098938941955566,0.7500000000000001,1.0,-0.25,0.24034178256988536,0.07467812299728394,0.050989389419555664,5.0025436866438735,20,8.19283813472777,0,,,,,,,
1756098859.3891532,1,follower,auto,0.4709832966327667,0.920215904712677,0.7046153545379639,0.7500000000000001,1.0,0.75,0.2790167033672334,0.079784095287323,0.04538464546203613,4.022201005070398,20,7.03750129167302,0,,,,,,,
1756098859.6672323,0,leader,auto,0.5096582174301147,0.9253218770027161,-0.30098938941955566,0.7500000000000001,1.0,-0.25,0.24034178256988536,0.07467812299728394,0.050989389419555664,0,0,0,0,1.0,0.09309145130871299,-0.04235556327081469,-0.11759046994326428,0.5096582174301147,0.9253218770027161,-0.30098938941955566
1756098859.8683364,1,follower,auto,0.4709832966327667,0.920215904712677,0.7046153545379639,0.7500000000000001,1.0,0.75,0.2790167033672334,0.079784095287323,0.04538464546203613,0,0,0,0,1.0,0.11260492876117345,-0.006167745883451814,-0.11257797524707513,0.4709832966327667,0.920215904712677,0.7046153545379639
1756098859.8700647,0,follower,auto,0.5969606637954712,0.916509747505188,-0.29789432883262634,0.7500000000000001,1.0,-0.25,0.15303933620452892,0.08349025249481201,0.04789432883262634,4.057722975854765,14.53865328821581,9.173867924917309,0,,,,,,,
1756098859.973146,1,follower,auto,0.5600683093070984,0.9316020607948303,0.6946335434913635,0.7500000000000001,1.0,0.75,0.18993169069290172,0.06839793920516968,0.055366456508636475,4.938889520004091,17.621449660609567,6.064158254933546,0,,,,,,,
1756098860.1051977,0,leader,auto,0.5969606637954712,0.916509747505188,-0.29789432883262634,0.7500000000000001,1.0,-0.25,0.15303933620452892,0.08349025249481201,0.04789432883262634,0,0,0,0,1.0,0.16262431640494912,-0.05092893145970212,-0.11963112866832243,0.5969606637954712,0.916509747505188,-0.29789432883262634
1756098860.205645,1,follower,auto,0.5600683093070984,0.9316020607948303,0.6946335434913635,0.7500000000000001,1.0,0.75,0.18993169069290172,0.06839793920516968,0.055366456508636475,0,0,0,0,1.0,0.18274332283385814,0.0050251910875989125,-0.11561238684533481,0.5600683093070984,0.9316020607948303,0.6946335434913635
1756098860.206081,0,follower,auto,0.6573548316955566,0.9123700261116028,-0.30370819568634033,0.7500000000000001,1.0,-0.25,0.09264516830444347,0.08762997388839722,0.05370819568634033,5.061145218028036,8.575225635150199,9.217184829684665,0,,,,,,,
1756098860.3063676,1,follower,auto,0.6190247535705566,0.9389322996139526,0.6945553421974182,0.7500000000000001,1.0,0.75,0.13097524642944347,0.06106770038604736,0.05544465780258179,4.924438357542365,12.671532678410532,6.018969710490761,0,,,,,,,
1756098860.4077735,0,leader,auto,0.6573548316955566,0.9123700261116028,-0.30370819568634033,0.7500000000000001,1.0,-0.25,0.09264516830444347,0.08762997388839722,0.05370819568634033,0,0,0,0,1.0,0.140497232243597,-0.04725851044403184,-0.13053605631378373,0.6573548316955566,0.9123700261116028,-0.30370819568634033
1756098860.5082703,1,follower,auto,0.6190247535705566,0.9389322996139526,0.6945553421974182,0.7500000000000001,1.0,0.75,0.13097524642944347,0.06106770038604736,0.05544465780258179,0,0,0,0,1.0,0.15927160471356283,-0.004271127160692112,-0.10483619213689321,0.6190247535705566,0.9389322996139526,0.6945553421974182
1756098860.5100014,0,follower,auto,0.7102307677268982,0.909810483455658,-0.30672115087509155,0.7500000000000001,1.0,-0.25,0.03976923227310192,0.09018951654434204,0.05672115087509155,5.055076503698053,2.6177733623323216,10.221510515204837,0,,,,,,,
1756098860.6106925,1,follower,auto,0.6714689135551453,0.9394315481185913,0.6958417892456055,0.7500000000000001,1.0,0.75,0.07853108644485485,0.06056845188140869,0.05415821075439453,4.949251804408553,6.713909728468991,5.996587181038159,0,,,,,,,
1756098860.7130332,0,leader,auto,0.7102307677268982,0.909810483455658,-0.30672115087509155,0.7500000000000001,1.0,-0.25,0.03976923227310192,0.09018951654434204,0.05672115087509155,0,0,0,0,1.0,0.1331243920753875,-0.0479039662977776,-0.12912016609967858,0.7102307677268982,0.909810483455658,-0.30672115087509155
1756098860.813461,1,follower,auto,0.6714689135551453,0.9394315481185913,0.6958417892456055,0.7500000000000001,1.0,0.75,0.07853108644485485,0.06056845188140869,0.05415821075439453,0,0,0,0,1.0,0.15587455683028995,-0.015770288203076577,-0.10320034197703787,0.6714689135551453,0.9394315481185913,0.6958417892456055
1756098860.8146253,0,follower,auto,0.7547199130058289,0.9068936109542847,-0.3036959171295166,0.7500000000000001,1.0,-0.25,-0.004719913005828746,0.09310638904571533,0.0536959171295166,5.05578704355479,-0.33078903545923916,10.195434983251026,0,,,,,,,
1756098860.9152985,1,follower,auto,0.718702495098114,0.9382909536361694,0.6984794735908508,0.7500000000000001,1.0,0.75,0.0312975049018861,0.061709046363830566,0.05152052640914917,4.962552810209132,2.745058510047655,5.986210069640427,0,,,,,,,
1756098861.1216066,0,leader,auto,0.7547199130058289,0.9068936109542847,-0.3036959171295166,0.7500000000000001,1.0,-0.25,-0.004719913005828746,0.09310638904571533,0.0536959171295166,0,0,0,0,1.0,0.1193679111607856,-0.050442134669037464,-0.12555627771457653,0.7547199130058289,0.9068936109542847,-0.3036959171295166
1756098861.2221353,1,follower,auto,0.718702495098114,0.9382909536361694,0.6984794735908508,0.7500000000000001,1.0,0.75,0.0312975049018861,0.061709046363830566,0.05152052640914917,0,0,0,0,1.0,0.14802541470732167,-0.02141316570236107,-0.10165367134239567,0.718702495098114,0.9382909536361694,0.6984794735908508
1756098861.223225,0,follower,auto,0.7903962135314941,0.9034325480461121,-0.2990882694721222,0.7500000000000001,1.0,-0.25,-0.04039621353149403,0.09656745195388794,0.04908826947212219,4.054963563914063,-4.269009018510544,10.180467730664471,0,,,,,,,
1756098861.323768,1,follower,auto,0.762981116771698,0.9325942397117615,0.7025554776191711,0.7500000000000001,1.0,0.75,-0.012981116771697887,0.06740576028823853,0.04744452238082886,3.9890010549119523,-1.2425208123497782,5.977554448122963,0,,,,,,,
1756098861.4917037,0,leader,auto,0.7903962135314941,0.9034325480461121,-0.2990882694721222,0.7500000000000001,1.0,-0.25,-0.04039621353149403,0.09656745195388794,0.04908826947212219,0,0,0,0,1.0,0.10306220270241384,-0.05301558403924933,-0.12663592212313352,0.7903962135314941,0.9034325480461121,-0.2990882694721222
1756098861.5921273,1,follower,auto,0.762981116771698,0.9325942397117615,0.7025554776191711,0.7500000000000001,1.0,0.75,-0.012981116771697887,0.06740576028823853,0.04744452238082886,0,0,0,0,1.0,0.13893398846554528,-0.02964704801241458,-0.10010234144841734,0.762981116771698,0.9325942397117615,0.7025554776191711
1756098861.5928268,0,follower,auto,0.8070507645606995,0.9038779139518738,-0.2940807342529297,0.7500000000000001,1.0,-0.25,-0.05705076456069935,0.09612208604812622,0.04408073425292969,0,0,0,0,,,,,,,
1756098861.693332,1,follower,auto,0.7841367721557617,0.9264926910400391,0.7006928324699402,0.7500000000000001,1.0,0.75,-0.03413677215576161,0.07350730895996094,0.049307167530059814,4.005687297388655,-3.1439826402656026,7.00795291294908,0,,,,,,,
1756098861.8034878,0,leader,auto,0.8070507645606995,0.9038779139518738,-0.2940807342529297,0.7500000000000001,1.0,-0.25,-0.05705076456069935,0.09612208604812622,0.04408073425292969,0,0,0,0,1.0,0.07358771202529857,-0.04998318374687405,-0.1288183469646119,0.8070507645606995,0.9038779139518738,-0.2940807342529297
1756098861.9040518,1,follower,auto,0.7841367721557617,0.9264926910400391,0.7006928324699402,0.7500000000000001,1.0,0.75,-0.03413677215576161,0.07350730895996094,0.049307167530059814,0,0,0,0,1.0,0.10623246205574244,-0.032262060933896164,-0.10601240458718653,0.7841367721557617,0.9264926910400391,0.7006928324699402
1756098861.9054375,0,follower,auto,0.8128509521484375,0.9060996770858765,-0.29251956939697266,0.7500000000000001,1.0,-0.25,-0.06285095214843739,0.09390032291412354,0.042519569396972656,0,0,0,0,,,,,,,
1756098862.0062017,1,follower,auto,0.7913169860839844,0.9218704104423523,0.6980970501899719,0.7500000000000001,1.0,0.75,-0.041316986083984264,0.0781295895576477,0.051902949810028076,5.010336207450849,-4.05575996856665,7.02266669997649,0,,,,,,,
1756098862.1954458,0,leader,auto,0.8128509521484375,0.9060996770858765,-0.29251956939697266,0.7500000000000001,1.0,-0.25,-0.06285095214843739,0.09390032291412354,0.042519569396972656,0,0,0,0,1.0,0.05314980668638514,-0.04923905354969682,-0.13470186171236395,0.8128509521484375,0.9060996770858765,-0.29251956939697266
1756098862.2958956,1,follower,auto,0.7913169860839844,0.9218704104423523,0.6980970501899719,0.7500000000000001,1.0,0.75,-0.041316986083984264,0.0781295895576477,0.051902949810028076,0,0,0,0,1.0,0.08273909023629133,-0.03285275650121544,-0.10739275035564178,0.7913169860839844,0.9218704104423523,0.6980970501899719
1756098862.296656,0,follower,auto,0.8136874437332153,0.9053202271461487,-0.28780868649482727,0.7500000000000001,1.0,-0.25,-0.06368744373321522,0.09467977285385132,0.03780868649482727,0,0,0,0,,,,,,,
1756098862.397161,1,follower,auto,0.792843222618103,0.9171223640441895,0.6945343613624573,0.7500000000000001,1.0,0.75,-0.042843222618102916,0.08287763595581055,0.055465638637542725,5.014557556838221,-4.0058773464583615,8.039573628691068,0,,,,,,,
1756098862.5008066,0,leader,auto,0.8136874437332153,0.9053202271461487,-0.28780868649482727,0.7500000000000001,1.0,-0.25,-0.06368744373321522,0.09467977285385132,0.03780868649482727,0,0,0,0,1.0,0.0389046860195833,-0.053296752982321616,-0.13364397009124082,0.8136874437332153,0.9053202271461487,-0.28780868649482727
1756098862.6015713,1,follower,auto,0.792843222618103,0.9171223640441895,0.6945343613624573,0.7500000000000001,1.0,0.75,-0.042843222618102916,0.08287763595581055,0.055465638637542725,0,0,0,0,1.0,0.0680650074594431,-0.03601769311906944,-0.10893875858182611,0.792843222618103,0.9171223640441895,0.6945343613624573
1756098862.6032624,0,follower,auto,0.8058457374572754,0.9001356959342957,-0.2861908972263336,0.7500000000000001,1.0,-0.25,-0.05584573745727528,0.09986430406570435,0.03619089722633362,0,0,0,0,,,,,,,
1756098862.7044027,1,follower,auto,0.7910332083702087,0.9167655110359192,0.6936932802200317,0.7500000000000001,1.0,0.75,-0.04103320837020863,0.08323448896408081,0.05630671977996826,4.990159040847548,-3.9838900287933128,8.033187113698492,0,,,,,,,
1756098862.817239,0,leader,auto,0.8058457374572754,0.9001356959342957,-0.2861908972263336,0.7500000000000001,1.0,-0.25,-0.05584573745727528,0.09986430406570435,0.03619089722633362,0,0,0,0,1.0,0.021843702016681954,-0.05751903673708658,-0.13887301092394866,0.8058457374572754,0.9001356959342957,-0.2861908972263336
1756098862.9176805,1,follower,auto,0.7910332083702087,0.9167655110359192,0.6936932802200317,0.7500000000000001,1.0,0.75,-0.04103320837020863,0.08323448896408081,0.05630671977996826,0,0,0,0,1.0,0.0566389788834053,-0.034479995698870836,-0.10772039901051844,0.7910332083702087,0.9167655110359192,0.6936932802200317
1756098862.9186752,0,follower,auto,0.7979307770729065,0.8978760838508606,-0.28880980610847473,0.7500000000000001,1.0,-0.25,-0.04793077707290638,0.1021239161491394,0.03880980610847473,0,0,0,0,,,,,,,
1756098863.0192525,1,follower,auto,0.7880485653877258,0.9215303659439087,0.6966501474380493,0.7500000000000001,1.0,0.75,-0.03804856538772572,0.07846963405609131,0.053349852561950684,4.954636916565636,-2.9761053645606927,7.007743651418736,0,,,,,,,
1756098863.1694393,0,leader,auto,0.7979307770729065,0.8978760838508606,-0.28880980610847473,0.7500000000000001,1.0,-0.25,-0.04793077707290638,0.1021239161491394,0.03880980610847473,0,0,0,0,1.0,0.015467938344005394,-0.05418495974284554,-0.14493912684128504,0.7979307770729065,0.8978760838508606,-0.28880980610847473
1756098863.2697701,1,follower,auto,0.7880485653877258,0.9215303659439087,0.6966501474380493,0.7500000000000001,1.0,0.75,-0.03804856538772572,0.07846963405609131,0.053349852561950684,0,0,0,0,1.0,0.04808212138701906,-0.03227964708152642,-0.10549241382314278,0.7880485653877258,0.9215303659439087,0.6966501474380493
1756098863.2715008,0,follower,auto,0.7903991341590881,0.8936252593994141,-0.28776782751083374,0.7500000000000001,1.0,-0.25,-0.040399134159088024,0.10637474060058594,0.03776782751083374,0,0,0,0,,,,,,,
1756098863.3719318,1,follower,auto,0.7863371968269348,0.9294306039810181,0.7002191543579102,0.7500000000000001,1.0,0.75,-0.0363371968269347,0.07056939601898193,0.049780845642089844,3.9187592032694036,-2.9843271328209666,6.996514471396462,0,,,,,,,
1756098863.48253,0,leader,auto,0.7903991341590881,0.8936252593994141,-0.28776782751083374,0.7500000000000001,1.0,-0.25,-0.040399134159088024,0.10637474060058594,0.03776782751083374,0,0,0,0,1.0,0.010952329971005037,-0.0559695586036324,-0.1437712243353475,0.7903991341590881,0.8936252593994141,-0.28776782751083374
1756098863.5852761,1,follower,auto,0.7863371968269348,0.9294306039810181,0.7002191543579102,0.7500000000000001,1.0,0.75,-0.0363371968269347,0.07056939601898193,0.049780845642089844,0,0,0,0,1.0,0.04349436316092903,-0.03216212204408064,-0.10555847294332965,0.7863371968269348,0.9294306039810181,0.7002191543579102
1756098863.5874271,0,follower,auto,0.7879664301872253,0.8933728337287903,-0.28464263677597046,0.7500000000000001,1.0,-0.25,-0.03796643018722523,0.10662716627120972,0.03464263677597046,0,0,0,0,,,,,,,
1756098863.6906369,1,follower,auto,0.783733069896698,0.9355165362358093,0.6993637084960938,0.7500000000000001,1.0,0.75,-0.03373306989669789,0.06448346376419067,0.05063629150390625,4.912384326551653,-2.9807430718302377,6.0174149131848385,0,,,,,,,
1756098863.8272204,0,leader,auto,0.7879664301872253,0.8933728337287903,-0.28464263677597046,0.7500000000000001,1.0,-0.25,-0.03796643018722523,0.10662716627120972,0.03464263677597046,0,0,0,0,1.0,0.01143319042347335,-0.051678635864435996,-0.1442449809981565,0.7879664301872253,0.8933728337287903,-0.28464263677597046
1756098863.9275982,1,follower,auto,0.783733069896698,0.9355165362358093,0.6993637084960938,0.7500000000000001,1.0,0.75,-0.03373306989669789,0.06448346376419067,0.05063629150390625,0,0,0,0,1.0,0.03700761586900658,-0.03596545970702325,-0.11064593181980364,0.783733069896698,0.9355165362358093,0.6993637084960938
1756098863.9291222,0,follower,auto,0.7928869128227234,0.8968045115470886,-0.2815696895122528,0.7000000000000001,1.0,-0.25,-0.09288691282272332,0.10319548845291138,0.03156968951225281,0,0,0,0,,,,,,,
1756098864.0300522,1,follower,auto,0.7823727130889893,0.9398131370544434,0.6918431520462036,0.7000000000000001,1.0,0.75,-0.08237271308898919,0.06018686294555664,0.05815684795379639,4.919230956820934,-7.977416392980803,6.062957685472785,0,,,,,,,
1756098864.1358197,0,leader,auto,0.7928869128227234,0.8968045115470886,-0.2815696895122528,0.7000000000000001,1.0,-0.25,-0.09288691282272332,0.10319548845291138,0.03156968951225281,0,0,0,0,1.0,0.015118703619830365,-0.047952251797776735,-0.1468095047872257,0.7928869128227234,0.8968045115470886,-0.2815696895122528
1756098864.236328,1,follower,auto,0.7823727130889893,0.9398131370544434,0.6918431520462036,0.7000000000000001,1.0,0.75,-0.08237271308898919,0.06018686294555664,0.05815684795379639,0,0,0,0,1.0,0.03305018596756404,-0.040509247887310806,-0.11668970141187396,0.7823727130889893,0.9398131370544434,0.6918431520462036
1756098864.2369213,0,follower,auto,0.7991925477981567,0.9008675813674927,-0.28431105613708496,0.65,1.0,-0.25,-0.14919254779815672,0.09913241863250732,0.03431105613708496,0,0,0,0,,,,,,,
1756098864.3373642,1,follower,auto,0.7816495299339294,0.9374293088912964,0.6834931969642639,0.65,1.0,0.75,-0.13164952993392942,0.06257069110870361,0.06650680303573608,5.957390397485581,-12.972921039110062,6.083020636225408,0,,,,,,,
1756098864.4411545,0,leader,auto,0.7991925477981567,0.9008675813674927,-0.28431105613708496,0.65,1.0,-0.25,-0.14919254779815672,0.09913241863250732,0.03431105613708496,0,0,0,0,1.0,0.006570470089852343,-0.047483281530912524,-0.15496628888895045,0.7991925477981567,0.9008675813674927,-0.28431105613708496
1756098864.5417762,1,follower,auto,0.7816495299339294,0.9374293088912964,0.6834931969642639,0.65,1.0,0.75,-0.13164952993392942,0.06257069110870361,0.06650680303573608,0,0,0,0,1.0,0.023726932069178308,-0.04967835295267409,-0.11658067564468388,0.7816495299339294,0.9374293088912964,0.6834931969642639
1756098864.543805,0,follower,auto,0.8079074025154114,0.9058414697647095,-0.2893465459346771,0.6,1.0,-0.25,-0.2079074025154114,0.09415853023529053,0.039346545934677124,0,0,0,0,,,,,,,
1756098864.6446233,1,follower,auto,0.7789636850357056,0.9347937703132629,0.6758283376693726,0.6,1.0,0.75,-0.1789636850357056,0.06520622968673706,0.07417166233062744,6.97670584252372,-16.952178788615953,6.087298270697792,0,,,,,,,
1756098864.7460978,0,leader,auto,0.8079074025154114,0.9058414697647095,-0.2893465459346771,0.6,1.0,-0.25,-0.2079074025154114,0.09415853023529053,0.039346545934677124,0,0,0,0,1.0,-0.005466167645964415,-0.04674665918977772,-0.15813019709908083,0.8079074025154114,0.9058414697647095,-0.2893465459346771
1756098864.8463993,1,follower,auto,0.7789636850357056,0.9347937703132629,0.6758283376693726,0.6,1.0,0.75,-0.1789636850357056,0.06520622968673706,0.07417166233062744,0,0,0,0,1.0,0.007367733362753426,-0.052906752587885686,-0.11498375995517995,0.7789636850357056,0.9347937703132629,0.6758283376693726
1756098864.8473063,0,follower,auto,0.8154541254043579,0.9132751822471619,-0.2948433756828308,0.5499999999999999,1.0,-0.25,-0.265454125404358,0.08672481775283813,0.04484337568283081,0,0,0,0,,,,,,,
1756098864.947994,1,follower,auto,0.7705798745155334,0.9376388192176819,0.6689565777778625,0.5499999999999999,1.0,0.75,-0.22057987451553351,0.062361180782318115,0.08104342222213745,7.962249011191411,-20,6.085953886698306,0,,,,,,,
1756098865.1070917,0,leader,auto,0.8154541254043579,0.9132751822471619,-0.2948433756828308,0.5499999999999999,1.0,-0.25,-0.265454125404358,0.08672481775283813,0.04484337568283081,0,0,0,0,1.0,-0.026306329415514584,-0.04448968369889661,-0.15928500332126797,0.8154541254043579,0.9132751822471619,-0.2948433756828308
1756098865.207413,1,follower,auto,0.7705798745155334,0.9376388192176819,0.6689565777778625,0.5499999999999999,1.0,0.75,-0.22057987451553351,0.062361180782318115,0.08104342222213745,0,0,0,0,1.0,-0.01572447504957597,-0.05122846579268381,-0.11337893322518555,0.7705798745155334,0.9376388192176819,0.6689565777778625
1756098865.2080016,0,follower,auto,0.8173592686653137,0.9197099804878235,-0.30577173829078674,0.49999999999999994,1.0,-0.25,-0.3173592686653138,0.08029001951217651,0.05577173829078674,0,0,0,0,,,,,,,
1756098865.3083923,1,follower,auto,0.7457360625267029,0.9429306387901306,0.6623582243919373,0.49999999999999994,1.0,0.75,-0.24573606252670294,0.057069361209869385,0.08764177560806274,7.947355180499757,-20,5.078711278256959,0,,,,,,,
1756098865.529186,0,leader,auto,0.8173592686653137,0.9197099804878235,-0.30577173829078674,0.49999999999999994,1.0,-0.25,-0.3173592686653138,0.08029001951217651,0.05577173829078674,0,0,0,0,1.0,-0.05036952927857452,-0.04680910330621679,-0.16434600308206293,0.8173592686653137,0.9197099804878235,-0.30577173829078674
1756098865.6298375,1,follower,auto,0.7457360625267029,0.9429306387901306,0.6623582243919373,0.49999999999999994,1.0,0.75,-0.24573606252670294,0.057069361209869385,0.08764177560806274,0,0,0,0,1.0,-0.05124100801525988,-0.05367023618828448,-0.11238874461278803,0.7457360625267029,0.9429306387901306,0.6623582243919373
1756098865.63193,0,follower,auto,0.8129611015319824,0.9243643283843994,-0.31977522373199463,0.44999999999999996,1.0,-0.25,-0.36296110153198247,0.07563567161560059,0.06977522373199463,0,0,0,0,,,,,,,
1756098865.7328348,1,follower,auto,0.6879758238792419,0.9507945775985718,0.6583508253097534,0.44999999999999996,1.0,0.75,-0.237975823879242,0.04920542240142822,0.09164917469024658,8.927821149086299,-20,4.055219987337943,0,,,,,,,
1756098865.9265494,0,leader,auto,0.8129611015319824,0.9243643283843994,-0.31977522373199463,0.44999999999999996,1.0,-0.25,-0.36296110153198247,0.07563567161560059,0.06977522373199463,0,0,0,0,1.0,-0.07365066791614705,-0.05077004109621108,-0.16677702295539856,0.8129611015319824,0.9243643283843994,-0.31977522373199463
1756098866.0271049,1,follower,auto,0.6879758238792419,0.9507945775985718,0.6583508253097534,0.44999999999999996,1.0,0.75,-0.237975823879242,0.04920542240142822,0.09164917469024658,0,0,0,0,1.0,-0.10108297419297463,-0.05582525796149462,-0.10813317691053626,0.6879758238792419,0.9507945775985718,0.6583508253097534
1756098866.0279574,0,follower,auto,0.8079292178153992,0.9252127408981323,-0.3248525559902191,0.39999999999999997,1.0,-0.25,-0.4079292178153992,0.07478725910186768,0.07485255599021912,0,0,0,0,,,,,,,
1756098866.1284232,1,follower,auto,0.6092464327812195,0.953307032585144,0.6593860387802124,0.39999999999999997,1.0,0.75,-0.20924643278121952,0.04669296741485596,0.0906139612197876,8.943595773474973,-19.347691610728415,4.023257163555966,0,,,,,,,
1756098866.232751,0,leader,auto,0.8079292178153992,0.9252127408981323,-0.3248525559902191,0.39999999999999997,1.0,-0.25,-0.4079292178153992,0.07478725910186768,0.07485255599021912,0,0,0,0,1.0,-0.08986534442443028,-0.057530292707468456,-0.15609328467373088,0.8079292178153992,0.9252127408981323,-0.3248525559902191
1756098866.333269,1,follower,auto,0.6092464327812195,0.953307032585144,0.6593860387802124,0.39999999999999997,1.0,0.75,-0.20924643278121952,0.04669296741485596,0.0906139612197876,0,0,0,0,1.0,-0.13598714819195767,-0.06675504745476024,-0.10065779373059924,0.6092464327812195,0.953307032585144,0.6593860387802124
1756098866.3348958,0,follower,auto,0.8071004152297974,0.9215329885482788,-0.3252330720424652,0.35,1.0,-0.25,-0.4571004152297974,0.07846701145172119,0.07523307204246521,0,0,0,0,,,,,,,
1756098866.436021,1,follower,auto,0.5475949048995972,0.9473652243614197,0.6681078672409058,0.35,1.0,0.75,-0.1975949048995972,0.05263477563858032,0.08189213275909424,7.98714958861369,-18.305490256331776,4.972662236509188,0,,,,,,,
1756098866.541071,0,leader,auto,0.8071004152297974,0.9215329885482788,-0.3252330720424652,0.35,1.0,-0.25,-0.4571004152297974,0.07846701145172119,0.07523307204246521,0,0,0,0,1.0,-0.10027034262798296,-0.06562743054461251,-0.15025586800247456,0.8071004152297974,0.9215329885482788,-0.3252330720424652
1756098866.6413763,1,follower,auto,0.5475949048995972,0.9473652243614197,0.6681078672409058,0.35,1.0,0.75,-0.1975949048995972,0.05263477563858032,0.08189213275909424,0,0,0,0,1.0,-0.13009774769476845,-0.08014760359124629,-0.09095496828008476,0.5475949048995972,0.9473652243614197,0.6681078672409058
1756098866.64194,0,follower,auto,0.8064299821853638,0.9194517731666565,-0.31866008043289185,0.35,1.0,-0.25,-0.4564299821853638,0.0805482268333435,0.06866008043289185,0,0,0,0,,,,,,,
1756098866.7423337,1,follower,auto,0.46398356556892395,0.9319846034049988,0.6884334683418274,0.35,1.0,0.75,-0.11398356556892397,0.06801539659500122,0.06156653165817261,6.055003693207794,-10.12296573548985,5.895521625941236,0,,,,,,,
1756098866.897054,0,leader,auto,0.8064299821853638,0.9194517731666565,-0.31866008043289185,0.35,1.0,-0.25,-0.4564299821853638,0.0805482268333435,0.06866008043289185,0,0,0,0,1.0,-0.11409575252913573,-0.06713382460234407,-0.14249378864549253,0.8064299821853638,0.9194517731666565,-0.31866008043289185
1756098866.9978697,1,follower,auto,0.46398356556892395,0.9319846034049988,0.6884334683418274,0.35,1.0,0.75,-0.11398356556892397,0.06801539659500122,0.06156653165817261,0,0,0,0,1.0,-0.16255718453846502,-0.09276470969708162,-0.07886655977956059,0.46398356556892395,0.9319846034049988,0.6884334683418274
1756098866.9983187,0,follower,auto,0.8026083111763,0.9257402420043945,-0.3123953640460968,0.35,1.0,-0.25,-0.45260831117630007,0.07425975799560547,0.0623953640460968,0,0,0,0,,,,,,,
1756098867.0986927,1,follower,auto,0.37457841634750366,0.9170758724212646,0.7076555490493774,0.35,1.0,0.75,-0.024578416347503684,0.08292412757873535,0.04234445095062256,4.0940268404795805,-0.9710329301043523,7.866416330654991,0,,,,,,,
1756098867.2048936,0,leader,auto,0.8026083111763,0.9257402420043945,-0.3123953640460968,0.35,1.0,-0.25,-0.45260831117630007,0.07425975799560547,0.0623953640460968,0,0,0,0,1.0,-0.1304012453420178,-0.0607633648604311,-0.1434377736206645,0.8026083111763,0.9257402420043945,-0.3123953640460968
1756098867.3052387,1,follower,auto,0.37457841634750366,0.9170758724212646,0.7076555490493774,0.35,1.0,0.75,-0.024578416347503684,0.08292412757873535,0.04234445095062256,0,0,0,0,1.0,-0.1687205290923941,-0.09278194083577773,-0.0811336082120998,0.37457841634750366,0.9170758724212646,0.7076555490493774
1756098867.3059003,0,follower,auto,0.797903835773468,0.9249182939529419,-0.30995428562164307,0.35,1.0,-0.25,-0.44790383577346804,0.0750817060470581,0.059954285621643066,0,0,0,0,,,,,,,
1756098867.4064124,1,follower,auto,0.30610769987106323,0.9093106985092163,0.7223049402236938,0.35,1.0,0.75,0.043892300128936745,0.09068930149078369,0.027695059776306152,2.0764317240570214,5.0323317311142635,8.866904713964335,0,,,,,,,
1756098867.5549536,0,leader,auto,0.797903835773468,0.9249182939529419,-0.30995428562164307,0.35,1.0,-0.25,-0.44790383577346804,0.0750817060470581,0.059954285621643066,0,0,0,0,1.0,-0.14345997501526497,-0.07019483541256821,-0.14684594189643405,0.797903835773468,0.9249182939529419,-0.30995428562164307
1756098867.6553085,1,follower,auto,0.30610769987106323,0.9093106985092163,0.7223049402236938,0.35,1.0,0.75,0.043892300128936745,0.09068930149078369,0.027695059776306152,0,0,0,0,1.0,-0.13863389753197491,-0.08416549415442498,-0.08870469758326249,0.30610769987106323,0.9093106985092163,0.7223049402236938
1756098867.6560376,0,follower,auto,0.7942826747894287,0.9164149761199951,-0.3105146884918213,0.35,1.0,-0.25,-0.44428267478942873,0.08358502388000488,0.06051468849182129,0,0,0,0,,,,,,,
1756098867.7566268,1,follower,auto,0.244340181350708,0.9014440774917603,0.733583927154541,0.35,1.0,0.75,0.10565981864929197,0.09855592250823975,0.016416072845458984,1.0683156694845624,11.05200748032137,8.871394651608428,0,,,,,,,
1756098867.8614264,0,leader,auto,0.7942826747894287,0.9164149761199951,-0.3105146884918213,0.35,1.0,-0.25,-0.44428267478942873,0.08358502388000488,0.06051468849182129,0,0,0,0,1.0,-0.1537690620955564,-0.07864241397601346,-0.1492551459093977,0.7942826747894287,0.9164149761199951,-0.3105146884918213
1756098867.961782,1,follower,auto,0.244340181350708,0.9014440774917603,0.733583927154541,0.35,1.0,0.75,0.10565981864929197,0.09855592250823975,0.016416072845458984,0,0,0,0,1.0,-0.11858033399285695,-0.08129344333462418,-0.09561972468570024,0.244340181350708,0.9014440774917603,0.733583927154541
1756098867.9624853,0,follower,auto,0.7958992123603821,0.90561443567276,-0.31145644187927246,0.35,1.0,-0.25,-0.4458992123603821,0.09438556432723999,0.06145644187927246,0,0,0,0,,,,,,,
1756098868.06304,1,follower,auto,0.20895685255527496,0.8976277112960815,0.7349410057067871,0.35,1.0,0.75,0.14104314744472501,0.10237228870391846,0.01505899429321289,1.040717984613069,14.970563759165419,9.915917230092514,0,,,,,,,
1756098868.166593,0,leader,auto,0.7958992123603821,0.90561443567276,-0.31145644187927246,0.35,1.0,-0.25,-0.4458992123603821,0.09438556432723999,0.06145644187927246,0,0,0,0,1.0,-0.15930521981483037,-0.08223782901465682,-0.14993039015126816,0.7958992123603821,0.90561443567276,-0.31145644187927246
1756098868.2670224,1,follower,auto,0.20895685255527496,0.8976277112960815,0.7349410057067871,0.35,1.0,0.75,0.14104314744472501,0.10237228870391846,0.01505899429321289,0,0,0,0,1.0,-0.07402931674804203,-0.07343389758225394,-0.10867584423476773,0.20895685255527496,0.8976277112960815,0.7349410057067871
1756098868.2692547,0,follower,auto,0.7941769361495972,0.8983170390129089,-0.3122318685054779,0.3,1.0,-0.25,-0.4941769361495972,0.10168296098709106,0.062231868505477905,0,0,0,0,,,,,,,
1756098868.370036,1,follower,auto,0.18933850526809692,0.8931916356086731,0.7298243045806885,0.3,1.0,0.75,0.11066149473190307,0.1068083643913269,0.020175695419311523,2.034122176580515,11.888073053883735,9.962500987184951,0,,,,,,,
1756098868.527431,0,leader,auto,0.7941769361495972,0.8983170390129089,-0.3122318685054779,0.3,1.0,-0.25,-0.4941769361495972,0.10168296098709106,0.062231868505477905,0,0,0,0,1.0,-0.17308572040767878,-0.07984660438940072,-0.15102675752439265,0.7941769361495972,0.8983170390129089,-0.3122318685054779
1756098868.6279335,1,follower,auto,0.18933850526809692,0.8931916356086731,0.7298243045806885,0.3,1.0,0.75,0.11066149473190307,0.1068083643913269,0.020175695419311523,0,0,0,0,1.0,-0.03885201247573905,-0.07068829120366149,-0.11854499048911893,0.18933850526809692,0.8931916356086731,0.7298243045806885
1756098868.6293056,0,follower,auto,0.793501079082489,0.8943137526512146,-0.2994421720504761,0.25,1.0,-0.25,-0.543501079082489,0.1056862473487854,0.049442172050476074,0,0,0,0,,,,,,,
1756098868.7301025,1,follower,auto,0.18189162015914917,0.88807612657547,0.7173557877540588,0.25,1.0,0.75,0.06810837984085083,0.11192387342453003,0.03264421224594116,3.0373617969789763,6.813888349213369,11.036100737372907,0,,,,,,,
1756098868.8340552,0,leader,auto,0.793501079082489,0.8943137526512146,-0.2994421720504761,0.25,1.0,-0.25,-0.543501079082489,0.1056862473487854,0.049442172050476074,0,0,0,0,1.0,-0.1816541580395412,-0.07780292830144397,-0.13965460537315819,0.793501079082489,0.8943137526512146,-0.2994421720504761
1756098868.9347446,1,follower,auto,0.18189162015914917,0.88807612657547,0.7173557877540588,0.25,1.0,0.75,0.06810837984085083,0.11192387342453003,0.03264421224594116,0,0,0,0,1.0,-0.012461356495080705,-0.06916054925381698,-0.1287466077474878,0.18189162015914917,0.88807612657547,0.7173557877540588
1756098868.9370494,0,follower,auto,0.796270489692688,0.8911576867103577,-0.284729927778244,0.2,1.0,-0.25,-0.596270489692688,0.10884231328964233,0.03472992777824402,0,0,0,0,,,,,,,
1756098869.0389755,1,follower,auto,0.1841607540845871,0.8884119391441345,0.7041738033294678,0.2,1.0,0.75,0.015839245915412914,0.11158806085586548,0.04582619667053223,4.010847477997501,1.74898841979449,11.085557343995534,0,,,,,,,
1756098869.1913042,0,leader,auto,0.796270489692688,0.8911576867103577,-0.284729927778244,0.2,1.0,-0.25,-0.596270489692688,0.10884231328964233,0.03472992777824402,0,0,0,0,1.0,-0.18730964087986168,-0.07631107512124291,-0.14052045475231278,0.796270489692688,0.8911576867103577,-0.284729927778244
1756098869.2917967,1,follower,auto,0.1841607540845871,0.8884119391441345,0.7041738033294678,0.2,1.0,0.75,0.015839245915412914,0.11158806085586548,0.04582619667053223,0,0,0,0,1.0,0.004816232278223198,-0.06259695649369923,-0.1327713796179728,0.1841607540845871,0.8884119391441345,0.7041738033294678
1756098869.293088,0,follower,auto,0.7988226413726807,0.8936699032783508,-0.2742549479007721,0.15000000000000002,1.0,-0.25,-0.6488226413726806,0.10633009672164917,0.024254947900772095,0,0,0,0,,,,,,,
1756098869.393676,1,follower,auto,0.19029875099658966,0.8972935080528259,0.6883894205093384,0.15000000000000002,1.0,0.75,-0.04029875099658964,0.10270649194717407,0.06161057949066162,5.960614859129536,-3.291213897459671,10.132793712149848,0,,,,,,,
1756098869.545899,0,leader,auto,0.7988226413726807,0.8936699032783508,-0.2742549479007721,0.15000000000000002,1.0,-0.25,-0.6488226413726806,0.10633009672164917,0.024254947900772095,0,0,0,0,1.0,-0.19628832135727625,-0.06908339711199452,-0.14743563970342272,0.7988226413726807,0.8936699032783508,-0.2742549479007721
1756098869.6463468,1,follower,auto,0.19029875099658966,0.8972935080528259,0.6883894205093384,0.15000000000000002,1.0,0.75,-0.04029875099658964,0.10270649194717407,0.06161057949066162,0,0,0,0,1.0,0.01014510974788893,-0.05430623024204795,-0.13849305258042832,0.19029875099658966,0.8972935080528259,0.6883894205093384
1756098869.647095,0,follower,auto,0.7981738448143005,0.8961423635482788,-0.27239692211151123,0.15000000000000002,1.0,-0.25,-0.6481738448143005,0.10385763645172119,0.02239692211151123,0,0,0,0,,,,,,,
1756098869.7476625,1,follower,auto,0.193985253572464,0.913617730140686,0.6743035912513733,0.15000000000000002,1.0,0.75,-0.04398525357246397,0.08638226985931396,0.07569640874862671,6.899956782777771,-3.296889771101762,8.149509953120585,0,,,,,,,
1756098869.8500178,0,leader,auto,0.7981738448143005,0.8961423635482788,-0.27239692211151123,0.15000000000000002,1.0,-0.25,-0.6481738448143005,0.10385763645172119,0.02239692211151123,0,0,0,0,1.0,-0.2077119703142125,-0.0669787157706706,-0.15829437274528296,0.7981738448143005,0.8961423635482788,-0.27239692211151123
1756098869.9503412,1,follower,auto,0.193985253572464,0.913617730140686,0.6743035912513733,0.15000000000000002,1.0,0.75,-0.04398525357246397,0.08638226985931396,0.07569640874862671,0,0,0,0,1.0,0.003793694929427688,-0.04956581810748595,-0.13861770957558817,0.193985253572464,0.913617730140686,0.6743035912513733
1756098869.950789,0,follower,auto,0.7983749508857727,0.897874116897583,-0.2755128741264343,0.15000000000000002,1.0,-0.25,-0.6483749508857727,0.10212588310241699,0.025512874126434326,0,0,0,0,,,,,,,
1756098870.051129,1,follower,auto,0.1951286494731903,0.9285271763801575,0.6657421588897705,0.15000000000000002,1.0,0.75,-0.045128649473190285,0.07147282361984253,0.08425784111022949,7.876874821221729,-3.2874815252655414,7.1321171470461,0,,,,,,,
1756098870.1574547,0,leader,auto,0.7983749508857727,0.897874116897583,-0.2755128741264343,0.15000000000000002,1.0,-0.25,-0.6483749508857727,0.10212588310241699,0.025512874126434326,0,0,0,0,1.0,-0.21439934946550743,-0.06571015121031165,-0.16487874832059923,0.7983749508857727,0.897874116897583,-0.2755128741264343
1756098870.257855,1,follower,auto,0.1951286494731903,0.9285271763801575,0.6657421588897705,0.15000000000000002,1.0,0.75,-0.045128649473190285,0.07147282361984253,0.08425784111022949,0,0,0,0,1.0,-0.0022739232125877362,-0.05490660165220318,-0.1329257600578112,0.1951286494731903,0.9285271763801575,0.6657421588897705
1756098870.2587264,0,follower,auto,0.8028063774108887,0.9019761085510254,-0.2817189395427704,0.15000000000000002,1.0,-0.25,-0.6528063774108886,0.09802389144897461,0.031718939542770386,0,0,0,0,,,,,,,
1756098870.3591595,1,follower,auto,0.19153189659118652,0.9415469765663147,0.6607568264007568,0.15000000000000002,1.0,0.75,-0.0415318965911865,0.0584530234336853,0.08924317359924316,7.871929345380038,-3.2547773870001335,5.108454433321288,0,,,,,,,
1756098870.4661787,0,leader,auto,0.8028063774108887,0.9019761085510254,-0.2817189395427704,0.15000000000000002,1.0,-0.25,-0.6528063774108886,0.09802389144897461,0.031718939542770386,0,0,0,0,1.0,-0.21730506804393324,-0.0614233584484708,-0.1692103357168025,0.8028063774108887,0.9019761085510254,-0.2817189395427704
1756098870.5665643,1,follower,auto,0.19153189659118652,0.9415469765663147,0.6607568264007568,0.15000000000000002,1.0,0.75,-0.0415318965911865,0.0584530234336853,0.08924317359924316,0,0,0,0,1.0,-0.01016511812782811,-0.06137872642760689,-0.1285062317287995,0.19153189659118652,0.9415469765663147,0.6607568264007568
1756098870.568697,0,follower,auto,0.8025522828102112,0.9043542146682739,-0.29053744673728943,0.15000000000000002,1.0,-0.25,-0.6525522828102112,0.09564578533172607,0.04053744673728943,0,0,0,0,,,,,,,
1756098870.6695964,1,follower,auto,0.18198154866695404,0.9512984156608582,0.6584154963493347,0.15000000000000002,1.0,0.75,-0.03198154866695402,0.048701584339141846,0.09158450365066528,8.878535230711332,-2.211695686941448,4.08291766024808,0,,,,,,,
1756098870.8305666,0,leader,auto,0.8025522828102112,0.9043542146682739,-0.29053744673728943,0.15000000000000002,1.0,-0.25,-0.6525522828102112,0.09564578533172607,0.04053744673728943,0,0,0,0,1.0,-0.22895228508709087,-0.062488880437491345,-0.17182860160218022,0.8025522828102112,0.9043542146682739,-0.29053744673728943
1756098870.931095,1,follower,auto,0.18198154866695404,0.9512984156608582,0.6584154963493347,0.15000000000000002,1.0,0.75,-0.03198154866695402,0.048701584339141846,0.09158450365066528,0,0,0,0,1.0,-0.01876358346938728,-0.06883629327894436,-0.12326030982080127,0.18198154866695404,0.9512984156608582,0.6584154963493347
1756098870.9325643,0,follower,auto,0.7995114326477051,0.9030683636665344,-0.2943497896194458,0.10000000000000002,1.0,-0.25,-0.6995114326477051,0.09693163633346558,0.0443497896194458,0,0,0,0,,,,,,,
1756098871.033424,1,follower,auto,0.16709068417549133,0.9570392966270447,0.6590927243232727,0.10000000000000002,1.0,0.75,-0.06709068417549131,0.04296070337295532,0.0909072756767273,8.891583661960134,-5.1654676413432075,4.059522983363807,0,,,,,,,
1756098871.2831202,0,leader,auto,0.7995114326477051,0.9030683636665344,-0.2943497896194458,0.10000000000000002,1.0,-0.25,-0.6995114326477051,0.09693163633346558,0.0443497896194458,0,0,0,0,1.0,-0.238001903543694,-0.06644371560116358,-0.16669674445492888,0.7995114326477051,0.9030683636665344,-0.2943497896194458
1756098871.3834765,1,follower,auto,0.16709068417549133,0.9570392966270447,0.6590927243232727,0.10000000000000002,1.0,0.75,-0.06709068417549131,0.04296070337295532,0.0909072756767273,0,0,0,0,1.0,-0.025189980715395688,-0.07759520904127593,-0.11692905086644112,0.16709068417549133,0.9570392966270447,0.6590927243232727
1756098871.3839915,0,follower,auto,0.7926189303398132,0.8972786664962769,-0.28988519310951233,0.05000000000000002,1.0,-0.25,-0.7426189303398132,0.10272133350372314,0.03988519310951233,0,0,0,0,,,,,,,
1756098871.4843314,1,follower,auto,0.1472180336713791,0.9556909799575806,0.6646193265914917,0.05000000000000002,1.0,0.75,-0.09721803367137907,0.044309020042419434,0.0853806734085083,7.9224727883120085,-8.119365553733566,4.0324790468607965,0,,,,,,,
1756098871.5920606,0,leader,auto,0.7926189303398132,0.8972786664962769,-0.28988519310951233,0.05000000000000002,1.0,-0.25,-0.7426189303398132,0.10272133350372314,0.03988519310951233,0,0,0,0,0.9048374180359595,-0.2475734414764581,-0.07102626787629451,-0.15859172717124106,0.7926189303398132,0.8972786664962769,-0.28988519310951233
1756098871.6924336,1,follower,auto,0.1472180336713791,0.9556909799575806,0.6646193265914917,0.05000000000000002,1.0,0.75,-0.09721803367137907,0.044309020042419434,0.0853806734085083,0,0,0,0,1.0,-0.033825835526464704,-0.08892027779641021,-0.1091234565035375,0.1472180336713791,0.9556909799575806,0.6646193265914917
1756098871.6929753,0,follower,auto,0.7876166701316833,0.8968981504440308,-0.28747689723968506,1.3877787807814457e-17,1.0,-0.25,-0.7876166701316833,0.10310184955596924,0.03747689723968506,0,0,0,0,,,,,,,
1756098871.793343,1,follower,auto,0.13116015493869781,0.9536466002464294,0.667389988899231,1.3877787807814457e-17,1.0,0.75,-0.13116015493869781,0.04635339975357056,0.08261001110076904,7.938258524363628,-12.112963080011863,4.035888296091396,0,,,,,,,
1756098871.9448822,0,leader,auto,0.7876166701316833,0.8968981504440308,-0.28747689723968506,1.3877787807814457e-17,1.0,-0.25,-0.7876166701316833,0.10310184955596924,0.03747689723968506,0,0,0,0,0.7408182206817179,-0.25082879288810855,-0.06445009136691304,-0.16226805702706226,0.7876166701316833,0.8968981504440308,-0.28747689723968506
1756098872.045479,1,follower,auto,0.13116015493869781,0.9536466002464294,0.667389988899231,1.3877787807814457e-17,1.0,0.75,-0.13116015493869781,0.04635339975357056,0.08261001110076904,0,0,0,0,1.0,-0.03610087917717941,-0.09220359695862457,-0.1093644681206658,0.13116015493869781,0.9536466002464294,0.667389988899231
1756098872.046926,0,follower,auto,0.7843599319458008,0.9009782075881958,-0.28707441687583923,-0.04999999999999999,1.0,-0.25,-0.8343599319458008,0.0990217924118042,0.03707441687583923,0,0,0,0,,,,,,,
1756098872.1477382,1,follower,auto,0.10615716874599457,0.9460710883140564,0.6688599586486816,-0.04999999999999999,1.0,0.75,-0.15615716874599456,0.053928911685943604,0.08114004135131836,7.9796126924828865,-14.051357411623913,5.041223444260311,0,,,,,,,
1756098872.2528982,0,leader,auto,0.7843599319458008,0.9009782075881958,-0.28707441687583923,-0.04999999999999999,1.0,-0.25,-0.8343599319458008,0.0990217924118042,0.03707441687583923,0,0,0,0,0.6065306597126334,-0.2540335432925749,-0.059199554767185636,-0.16567055275883785,0.7843599319458008,0.9009782075881958,-0.28707441687583923
1756098872.3532646,1,follower,auto,0.10615716874599457,0.9460710883140564,0.6688599586486816,-0.04999999999999999,1.0,0.75,-0.15615716874599456,0.053928911685943604,0.08114004135131836,0,0,0,0,1.0,-0.054992896966582494,-0.10014077188669268,-0.10813918088780583,0.10615716874599457,0.9460710883140564,0.6688599586486816
1756098872.3537493,0,follower,auto,0.7835209965705872,0.9075766801834106,-0.29077738523483276,-0.09999999999999999,1.0,-0.25,-0.8835209965705871,0.09242331981658936,0.040777385234832764,0,0,0,0,,,,,,,
1756098872.4541445,1,follower,auto,0.07406056672334671,0.9359710216522217,0.6676958203315735,-0.09999999999999999,1.0,0.75,-0.1740605667233467,0.06402897834777832,0.08230417966842651,8.018464315023309,-15.973401973927295,6.051224942719087,0,,,,,,,
1756098872.5555446,0,follower,auto,0.7835209965705872,0.9075766801834106,-0.29077738523483276,-0.09999999999999999,1.0,-0.25,-0.8835209965705871,0.09242331981658936,0.040777385234832764,0,0,0,0,0.4965853037914095,-0.2563737278843514,-0.0561688244286509,-0.16997727616446356,0.7835209965705872,0.9075766801834106,-0.29077738523483276
1756098872.6558766,1,leader,auto,0.07406056672334671,0.9359710216522217,0.6676958203315735,-0.09999999999999999,1.0,-0.25,-0.1740605667233467,0.06402897834777832,-0.9176958203315735,0,0,0,0,1.0,-0.07283829639015607,-0.10463649299543576,-0.10932616154535657,0.07406056672334671,0.9359710216522217,0.6676958203315735
1756098872.6566832,0,follower,auto,0.7839605212211609,0.910785436630249,-0.29456254839897156,-0.09999999999999999,1.0,0.75,-0.8839605212211609,0.08921456336975098,1.0445625483989716,0,0,0,0,,,,,,,
1756098872.757237,1,follower,auto,0.034147411584854126,0.928597092628479,0.6657570004463196,-0.09999999999999999,1.0,-0.25,-0.1341474115848541,0.071402907371521,-0.9157570004463196,-20,-11.880015363777957,5.856177421723349,0,,,,,,,
1756098872.8664382,0,follower,auto,0.7839605212211609,0.910785436630249,-0.29456254839897156,-0.09999999999999999,1.0,0.75,-0.8839605212211609,0.08921456336975098,1.0445625483989716,0,0,0,0,0.4065696597405991,-0.259712844185503,-0.06019043481867359,-0.17002487069283462,0.7839605212211609,0.910785436630249,-0.29456254839897156
1756098872.9669302,1,leader,auto,0.034147411584854126,0.928597092628479,0.6657570004463196,-0.09999999999999999,1.0,-0.25,-0.1341474115848541,0.071402907371521,-0.9157570004463196,0,0,0,0,1.0,-0.09225795369651874,-0.10365063009264075,-0.10959249836349994,0.034147411584854126,0.928597092628479,0.6657570004463196
1756098872.9687703,0,follower,auto,0.784764289855957,0.90956711769104,-0.2979234755039215,-0.09999999999999999,1.0,0.7,-0.884764289855957,0.09043288230895996,0.9979234755039215,0,0,0,0,,,,,,,
1756098873.0695906,1,follower,auto,-0.01269458420574665,0.9258365631103516,0.6613045334815979,-0.09999999999999999,1.0,-0.3,-0.08730541579425334,0.07416343688964844,-0.961304533481598,-20,-6.78025029740789,5.870195014570518,0,,,,,,,
1756098873.223848,0,follower,auto,0.784764289855957,0.90956711769104,-0.2979234755039215,-0.09999999999999999,1.0,0.7,-0.884764289855957,0.09043288230895996,0.9979234755039215,0,0,0,0,0.33287108369807955,-0.2637658295501504,-0.08100608411560051,-0.1685715840699036,0.784764289855957,0.90956711769104,-0.2979234755039215
1756098873.3241367,1,leader,auto,-0.01269458420574665,0.9258365631103516,0.6613045334815979,-0.09999999999999999,1.0,-0.3,-0.08730541579425334,0.07416343688964844,-0.961304533481598,0,0,0,0,1.0,-0.10553133249061375,-0.07281819278146706,-0.11138677296288113,-0.01269458420574665,0.9258365631103516,0.6613045334815979
1756098873.3259795,0,follower,auto,0.7834243178367615,0.9073805212974548,-0.3011132478713989,-0.09999999999999999,1.0,0.65,-0.8834243178367615,0.09261947870254517,0.951113247871399,0,0,0,0,,,,,,,
1756098873.4263487,1,follower,auto,-0.06743364036083221,0.9268397688865662,0.6386194229125977,-0.09999999999999999,1.0,-0.35,-0.03256635963916778,0.07316023111343384,-0.9886194229125976,-20,-1.6702266981961085,5.973978847054948,0,,,,,,,
1756098873.578393,0,follower,auto,0.7834243178367615,0.9073805212974548,-0.3011132478713989,-0.09999999999999999,1.0,0.65,-0.8834243178367615,0.09261947870254517,0.951113247871399,0,0,0,0,0.2725317930340126,-0.2700836204311332,-0.09711399652304076,-0.16845734125862435,0.7834243178367615,0.9073805212974548,-0.3011132478713989
1756098873.678918,1,leader,auto,-0.06743364036083221,0.9268397688865662,0.6386194229125977,-0.09999999999999999,1.0,-0.35,-0.03256635963916778,0.07316023111343384,-0.9886194229125976,0,0,0,0,1.0,-0.11387676320306961,-0.044685365920237086,-0.12880640520395736,-0.06743364036083221,0.9268397688865662,0.6386194229125977
1756098873.6796184,0,follower,auto,0.7793318629264832,0.9029011726379395,-0.299879252910614,-0.09999999999999999,1.0,0.6000000000000001,-0.8793318629264831,0.09709882736206055,0.8998792529106141,0,0,0,0,,,,,,,
1756098873.7801163,1,follower,auto,-0.11788028478622437,0.9286092519760132,0.5890200734138489,-0.09999999999999999,1.0,-0.39999999999999997,0.017880284786224374,0.07139074802398682,-0.9890200734138488,-20,2.38115360943193,6.172135491904112,0,,,,,,,
1756098873.884732,0,follower,auto,0.7793318629264832,0.9029011726379395,-0.299879252910614,-0.09999999999999999,1.0,0.6000000000000001,-0.8793318629264831,0.09709882736206055,0.8998792529106141,0,0,0,0,0.22313016014842982,-0.2766310860963479,-0.11357990899758841,-0.16407324971161022,0.7793318629264832,0.9029011726379395,-0.299879252910614
1756098873.985542,1,leader,auto,-0.11788028478622437,0.9286092519760132,0.5890200734138489,-0.09999999999999999,1.0,-0.39999999999999997,0.017880284786224374,0.07139074802398682,-0.9890200734138488,0,0,0,0,1.0,-0.10442197237938812,-0.021237966651790452,-0.15396623866852344,-0.11788028478622437,0.9286092519760132,0.5890200734138489
1756098873.9873922,0,follower,auto,0.7728102207183838,0.9002337455749512,-0.2978082001209259,-0.09999999999999999,1.0,0.6000000000000001,-0.8728102207183838,0.09976625442504883,0.897808200120926,0,0,0,0,,,,,,,
1756098874.088342,1,follower,auto,-0.15317052602767944,0.9317240715026855,0.5293846130371094,-0.09999999999999999,1.0,-0.39999999999999997,0.05317052602767945,0.06827592849731445,-0.9293846130371093,-20,6.350745618962391,5.3294819628407035,0,,,,,,,
1756098874.2454925,0,follower,auto,0.7728102207183838,0.9002337455749512,-0.2978082001209259,-0.09999999999999999,1.0,0.6000000000000001,-0.8728102207183838,0.09976625442504883,0.897808200120926,0,0,0,0,0.18268352405273466,-0.2824624082283882,-0.12495319286120599,-0.16345912442831195,0.7728102207183838,0.9002337455749512,-0.2978082001209259
1756098874.345897,1,leader,auto,-0.15317052602767944,0.9317240715026855,0.5293846130371094,-0.09999999999999999,1.0,-0.39999999999999997,0.05317052602767945,0.06827592849731445,-0.9293846130371093,0,0,0,0,1.0,-0.08061909724325583,0.0013816477845424169,-0.16093651071830684,-0.15317052602767944,0.9317240715026855,0.5293846130371094
1756098874.346648,0,follower,auto,0.768104076385498,0.9037803411483765,-0.30282577872276306,-0.09999999999999999,1.0,0.55,-0.868104076385498,0.09621965885162354,0.8528257787227631,0,0,0,0,,,,,,,
1756098874.4471247,1,follower,auto,-0.1840807944536209,0.9428428411483765,0.44592440128326416,-0.09999999999999999,1.0,-0.44999999999999996,0.08408079445362092,0.057157158851623535,-0.8959244012832641,-20,9.344315589256032,4.548666674948021,0,,,,,,,
1756098874.550384,0,follower,auto,0.768104076385498,0.9037803411483765,-0.30282577872276306,-0.09999999999999999,1.0,0.55,-0.868104076385498,0.09621965885162354,0.8528257787227631,0,0,0,0,0.14956861922263506,-0.2836991658594712,-0.13124197865312004,-0.1707243358092251,0.768104076385498,0.9037803411483765,-0.30282577872276306
1756098874.651051,1,leader,auto,-0.1840807944536209,0.9428428411483765,0.44592440128326416,-0.09999999999999999,1.0,-0.44999999999999996,0.08408079445362092,0.057157158851623535,-0.8959244012832641,0,0,0,0,1.0,-0.06505123297418447,0.02930269903648841,-0.1804345534151548,-0.1840807944536209,0.9428428411483765,0.44592440128326416
1756098874.6523116,0,follower,auto,0.7662174105644226,0.9071832299232483,-0.3087461292743683,-0.09999999999999999,1.0,0.55,-0.8662174105644226,0.09281677007675171,0.8587461292743683,0,0,0,0,,,,,,,
1756098874.8532372,1,follower,auto,-0.2001589983701706,0.9505404233932495,0.3701360523700714,-0.09999999999999999,1.0,-0.44999999999999996,0.1001589983701706,0.04945957660675049,-0.8201360523700714,-20,11.287688270445747,3.637802514748658,0,,,,,,,
1756098874.958153,0,follower,auto,0.7662174105644226,0.9071832299232483,-0.3087461292743683,-0.09999999999999999,1.0,0.55,-0.8662174105644226,0.09281677007675171,0.8587461292743683,0,0,0,0,0.1224564282529819,-0.28385773739609266,-0.1435111667324862,-0.1713006704803637,0.7662174105644226,0.9071832299232483,-0.3087461292743683
1756098875.0589216,1,leader,auto,-0.2001589983701706,0.9505404233932495,0.3701360523700714,-0.09999999999999999,1.0,-0.44999999999999996,0.1001589983701706,0.04945957660675049,-0.8201360523700714,0,0,0,0,1.0,-0.03697177889708558,0.044123349693481195,-0.1664852840445411,-0.2001589983701706,0.9505404233932495,0.3701360523700714
1756098875.0602837,0,follower,auto,0.7638620138168335,0.908555805683136,-0.3110214173793793,-0.09999999999999999,1.0,0.5,-0.8638620138168335,0.09144419431686401,0.8110214173793793,0,0,0,0,,,,,,,
1756098875.1611316,1,follower,auto,-0.20880819857120514,0.9484986662864685,0.2595471739768982,-0.09999999999999999,1.0,-0.49999999999999994,0.10880819857120515,0.051501333713531494,-0.7595471739768982,-20,11.241941869627261,4.91552931944039,0,,,,,,,
1756098875.3647692,0,follower,auto,0.7638620138168335,0.908555805683136,-0.3110214173793793,-0.09999999999999999,1.0,0.5,-0.8638620138168335,0.09144419431686401,0.8110214173793793,0,0,0,0,0.10025884372280375,-0.2872950040788407,-0.15693080974352136,-0.1672226486914128,0.7638620138168335,0.908555805683136,-0.3110214173793793
1756098875.465212,1,leader,auto,-0.20880819857120514,0.9484986662864685,0.2595471739768982,-0.09999999999999999,1.0,-0.49999999999999994,0.10880819857120515,0.051501333713531494,-0.7595471739768982,0,0,0,0,1.0,-0.016036780177299564,0.05173660936021829,-0.19493449899659776,-0.20880819857120514,0.9484986662864685,0.2595471739768982
1756098875.4658341,0,follower,auto,0.7555863857269287,0.910400927066803,-0.31205034255981445,-0.09999999999999999,1.0,0.5,-0.8555863857269287,0.08959907293319702,0.8120503425598145,0,0,0,0,,,,,,,
1756098875.5662627,1,follower,auto,-0.20501498878002167,0.9383972883224487,0.15018385648727417,-0.09999999999999999,1.0,-0.49999999999999994,0.10501498878002168,0.06160271167755127,-0.6501838564872742,-20,11.159211452713855,6.084708383320292,0,,,,,,,
1756098875.672243,0,follower,auto,0.7555863857269287,0.910400927066803,-0.31205034255981445,-0.09999999999999999,1.0,0.5,-0.8555863857269287,0.08959907293319702,0.8120503425598145,0,0,0,0,0.1,-0.295977535176426,-0.16704241553513066,-0.16564629204556833,0.7555863857269287,0.910400927066803,-0.31205034255981445
1756098875.7730856,1,leader,auto,-0.20501498878002167,0.9383972883224487,0.15018385648727417,-0.09999999999999999,1.0,-0.49999999999999994,0.10501498878002168,0.06160271167755127,-0.6501838564872742,0,0,0,0,1.0,0.008609778495183684,0.060572791941366444,-0.18692839747269308,-0.20501498878002167,0.9383972883224487,0.15018385648727417
1756098875.77462,0,follower,auto,0.7454651594161987,0.9113796949386597,-0.3112994134426117,-0.09999999999999999,1.0,0.45000000000000007,-0.8454651594161987,0.08862030506134033,0.7612994134426118,0,0,0,0,,,,,,,
1756098875.8755517,1,follower,auto,-0.197357177734375,0.9337933659553528,0.06592033058404922,-0.09999999999999999,1.0,-0.5499999999999999,0.09735717773437501,0.06620663404464722,-0.6159203305840492,-20,10.101170939180626,6.093059942614591,0,,,,,,,
1756098875.9841588,0,follower,auto,0.7454651594161987,0.9113796949386597,-0.3112994134426117,-0.09999999999999999,1.0,0.45000000000000007,-0.8454651594161987,0.08862030506134033,0.7612994134426118,0,0,0,0,0.1,-0.30006448128666574,-0.17788622411483312,-0.1624922676169872,0.7454651594161987,0.9113796949386597,-0.3112994134426117
1756098876.084548,1,leader,auto,-0.197357177734375,0.9337933659553528,0.06592033058404922,-0.09999999999999999,1.0,-0.5499999999999999,0.09735717773437501,0.06620663404464722,-0.6159203305840492,0,0,0,0,1.0,0.023117004492649723,0.08243588002180824,-0.15669761042125271,-0.197357177734375,0.9337933659553528,0.06592033058404922
1756098876.0861096,0,follower,auto,0.7378425598144531,0.9066332578659058,-0.30528098344802856,-0.09999999999999999,1.0,0.4,-0.8378425598144531,0.09336674213409424,0.7052809834480286,0,0,0,0,,,,,,,
1756098876.1869428,1,follower,auto,-0.18896427750587463,0.9349753856658936,-0.015959003940224648,-0.09999999999999999,1.0,-0.6,0.08896427750587464,0.06502461433410645,-0.5840409960597753,-20,9.067853264204674,6.1604239202265605,0,,,,,,,
1756098876.3433106,0,follower,auto,0.7378425598144531,0.9066332578659058,-0.30528098344802856,-0.09999999999999999,1.0,0.4,-0.8378425598144531,0.09336674213409424,0.7052809834480286,0,0,0,0,0.1,-0.2995619857004814,-0.19293825561255384,-0.15592771837900765,0.7378425598144531,0.9066332578659058,-0.30528098344802856
1756098876.4438138,1,leader,auto,-0.18896427750587463,0.9349753856658936,-0.015959003940224648,-0.09999999999999999,1.0,-0.6,0.08896427750587464,0.06502461433410645,-0.5840409960597753,0,0,0,0,1.0,0.03256624434512506,0.10327566929813647,-0.15100462235964107,-0.18896427750587463,0.9349753856658936,-0.015959003940224648
1756098876.4447782,0,follower,auto,0.7331657409667969,0.9030110836029053,-0.3050459921360016,-0.09999999999999999,1.0,0.35,-0.8331657409667969,0.09698891639709473,0.6550459921360016,0,0,0,0,,,,,,,
1756098876.5452561,1,follower,auto,-0.17725256085395813,0.9378319382667542,-0.10535460710525513,-0.09999999999999999,1.0,-0.65,0.07725256085395814,0.06216806173324585,-0.5446453928947449,-20,8.03001827007294,6.28811495994701,0,,,,,,,
1756098876.690379,0,follower,auto,0.7331657409667969,0.9030110836029053,-0.3050459921360016,-0.09999999999999999,1.0,0.35,-0.8331657409667969,0.09698891639709473,0.6550459921360016,0,0,0,0,0.1,-0.29864248580436303,-0.20023769746604714,-0.1616773501293319,0.7331657409667969,0.9030110836029053,-0.3050459921360016
1756098876.791043,1,leader,auto,-0.17725256085395813,0.9378319382667542,-0.10535460710525513,-0.09999999999999999,1.0,-0.65,0.07725256085395814,0.06216806173324585,-0.5446453928947449,0,0,0,0,1.0,0.04299893937203836,0.11875366203056814,-0.15562103757904577,-0.17725256085395813,0.9378319382667542,-0.10535460710525513
1756098876.7934275,0,follower,auto,0.7273487448692322,0.8995157480239868,-0.304605633020401,-0.09999999999999999,1.0,0.35,-0.8273487448692322,0.10048425197601318,0.654605633020401,0,0,0,0,,,,,,,
1756098876.894541,1,follower,auto,-0.17491300404071808,0.930767297744751,-0.19195692241191864,-0.09999999999999999,1.0,-0.65,0.07491300404071809,0.06923270225524902,-0.4580430775880814,-20,8.054142852442743,6.38687465815298,0,,,,,,,
1756098877.0020585,0,follower,auto,0.7273487448692322,0.8995157480239868,-0.304605633020401,-0.09999999999999999,1.0,0.35,-0.8273487448692322,0.10048425197601318,0.654605633020401,0,0,0,0,0.1,-0.30186411390600987,-0.2080965969340023,-0.1610023849550545,0.7273487448692322,0.8995157480239868,-0.304605633020401
1756098877.1027195,1,leader,auto,-0.17491300404071808,0.930767297744751,-0.19195692241191864,-0.09999999999999999,1.0,-0.65,0.07491300404071809,0.06923270225524902,-0.4580430775880814,0,0,0,0,1.0,0.039076861441112554,0.12170724918587028,-0.1497786024258831,-0.17491300404071808,0.930767297744751,-0.19195692241191864
1756098877.1042688,0,follower,auto,0.7238013744354248,0.9034243226051331,-0.3027881979942322,-0.09999999999999999,1.0,0.29999999999999993,-0.8238013744354248,0.09657567739486694,0.6027881979942321,0,0,0,0,,,,,,,
1756098877.2051122,1,follower,auto,-0.1748291701078415,0.9143022298812866,-0.27812713384628296,-0.09999999999999999,1.0,-0.7000000000000001,0.0748291701078415,0.08569777011871338,-0.4218728661537171,-20,8.069433177059079,8.488937544311739,0,,,,,,,
1756098877.364606,0,follower,auto,0.7238013744354248,0.9034243226051331,-0.3027881979942322,-0.09999999999999999,1.0,0.29999999999999993,-0.8238013744354248,0.09657567739486694,0.6027881979942321,0,0,0,0,0.1,-0.30148264140789194,-0.20820689095789735,-0.16009591908413343,0.7238013744354248,0.9034243226051331,-0.3027881979942322
1756098877.4650733,1,leader,auto,-0.1748291701078415,0.9143022298812866,-0.27812713384628296,-0.09999999999999999,1.0,-0.7000000000000001,0.0748291701078415,0.08569777011871338,-0.4218728661537171,0,0,0,0,1.0,0.04253066972672509,0.12500438689325688,-0.14674665706618387,-0.1748291701078415,0.9143022298812866,-0.27812713384628296
1756098877.4657981,0,follower,auto,0.7240486741065979,0.9065854549407959,-0.29873040318489075,-0.09999999999999999,1.0,0.29999999999999993,-0.8240486741065979,0.0934145450592041,0.5987304031848907,0,0,0,0,,,,,,,
1756098877.5670128,1,follower,auto,-0.16968078911304474,0.9029371738433838,-0.3711857199668884,-0.09999999999999999,1.0,-0.7000000000000001,0.06968078911304475,0.09706282615661621,-0.32881428003311164,-20,7.048175112767573,9.633351688231723,0,,,,,,,
1756098877.673809,0,follower,auto,0.7240486741065979,0.9065854549407959,-0.29873040318489075,-0.09999999999999999,1.0,0.29999999999999993,-0.8240486741065979,0.0934145450592041,0.5987304031848907,0,0,0,0,0.1,-0.29959901281843804,-0.216461919745907,-0.1572704366110465,0.7240486741065979,0.9065854549407959,-0.29873040318489075
1756098877.7749622,1,leader,auto,-0.16968078911304474,0.9029371738433838,-0.3711857199668884,-0.09999999999999999,1.0,-0.7000000000000001,0.06968078911304475,0.09706282615661621,-0.32881428003311164,0,0,0,0,1.0,0.05311280978210081,0.142604135505223,-0.15331916987276573,-0.16968078911304474,0.9029371738433838,-0.3711857199668884
1756098877.7759783,0,follower,auto,0.7251350283622742,0.9035135507583618,-0.2925034761428833,-0.09999999999999999,1.0,0.29999999999999993,-0.8251350283622741,0.09648644924163818,0.5925034761428832,0,0,0,0,,,,,,,
1756098877.8774817,1,follower,auto,-0.1664789766073227,0.9081280827522278,-0.4510752260684967,-0.09999999999999999,1.0,-0.7000000000000001,0.0664789766073227,0.09187191724777222,-0.24892477393150336,-20,7.049199120510684,9.689743617965489,0,,,,,,,
1756098878.0178952,0,follower,auto,0.7251350283622742,0.9035135507583618,-0.2925034761428833,-0.09999999999999999,1.0,0.29999999999999993,-0.8251350283622741,0.09648644924163818,0.5925034761428832,0,0,0,0,0.1,-0.3007840174648284,-0.22970724107924956,-0.15455840081682692,0.7251350283622742,0.9035135507583618,-0.2925034761428833
1756098878.1183975,1,leader,auto,-0.1664789766073227,0.9081280827522278,-0.4510752260684967,-0.09999999999999999,1.0,-0.7000000000000001,0.0664789766073227,0.09187191724777222,-0.24892477393150336,0,0,0,0,1.0,0.05502764781886765,0.17060385232165642,-0.14058429134963435,-0.1664789766073227,0.9081280827522278,-0.4510752260684967
1756098878.1188893,0,follower,auto,0.7284672260284424,0.8972097635269165,-0.2853532135486603,-0.09999999999999999,1.0,0.35,-0.8284672260284424,0.1027902364730835,0.6353532135486603,0,0,0,0,,,,,,,
1756098878.2192736,1,follower,auto,-0.1662558913230896,0.9184746146202087,-0.5441904664039612,-0.09999999999999999,1.0,-0.65,0.06625589132308961,0.08152538537979126,-0.10580953359603884,-10.069136204887236,7.066509476992209,8.851525968251737,0,,,,,,,
1756098878.381589,0,follower,auto,0.7284672260284424,0.8972097635269165,-0.2853532135486603,-0.09999999999999999,1.0,0.35,-0.8284672260284424,0.1027902364730835,0.6353532135486603,0,0,0,0,0.1,-0.3004911330064468,-0.23915668966350578,-0.15313920272668882,0.7284672260284424,0.8972097635269165,-0.2853532135486603
1756098878.4822383,1,leader,auto,-0.1662558913230896,0.9184746146202087,-0.5441904664039612,-0.09999999999999999,1.0,-0.65,0.06625589132308961,0.08152538537979126,-0.10580953359603884,0,0,0,0,1.0,0.05579646084875731,0.18552324414149401,-0.15506471172047798,-0.1662558913230896,0.9184746146202087,-0.5441904664039612
1756098878.4836202,0,follower,auto,0.7347733378410339,0.8948385119438171,-0.28089800477027893,-0.09999999999999999,1.0,0.35,-0.8347733378410339,0.10516148805618286,0.6308980047702789,0,0,0,0,,,,,,,
1756098878.5845325,1,follower,auto,-0.17163118720054626,0.9260830879211426,-0.6348732113838196,-0.09999999999999999,1.0,-0.65,0.07163118720054627,0.07391691207885742,-0.015126788616180442,-1.0825345941092983,8.108114193586326,7.967914156299267,0,,,,,,,
1756098878.6958275,0,follower,auto,0.7347733378410339,0.8948385119438171,-0.28089800477027893,-0.09999999999999999,1.0,0.35,-0.8347733378410339,0.10516148805618286,0.6308980047702789,0,0,0,0,0.1,-0.29948775087963675,-0.2408747526353494,-0.15629564685590644,0.7347733378410339,0.8948385119438171,-0.28089800477027893
1756098878.7961771,1,leader,auto,-0.17163118720054626,0.9260830879211426,-0.6348732113838196,-0.09999999999999999,1.0,-0.65,0.07163118720054627,0.07391691207885742,-0.015126788616180442,0,0,0,0,1.0,0.05391680151313433,0.18172292713084448,-0.15217985962989494,-0.17163118720054626,0.9260830879211426,-0.6348732113838196
1756098878.7973256,0,follower,auto,0.7398226857185364,0.8945371508598328,-0.2796875834465027,-0.09999999999999999,1.0,0.35,-0.8398226857185364,0.10546284914016724,0.6296875834465027,0,0,0,0,,,,,,,
1756098878.897821,1,follower,auto,-0.18065766990184784,0.9304774403572083,-0.7041249871253967,-0.09999999999999999,1.0,-0.65,0.08065766990184785,0.06952255964279175,0.054124987125396706,4.9249030414907216,9.148616283150856,6.963125515038202,0,,,,,,,
1756098879.0032792,0,follower,auto,0.7398226857185364,0.8945371508598328,-0.2796875834465027,-0.09999999999999999,1.0,0.35,-0.8398226857185364,0.10546284914016724,0.6296875834465027,0,0,0,0,0.1,-0.3027752497619476,-0.24435237697811352,-0.15970731752847278,0.7398226857185364,0.8945371508598328,-0.2796875834465027
1756098879.103695,1,leader,auto,-0.18065766990184784,0.9304774403572083,-0.7041249871253967,-0.09999999999999999,1.0,-0.65,0.08065766990184785,0.06952255964279175,0.054124987125396706,0,0,0,0,1.0,0.0551387207920877,0.16868796523223495,-0.1295860129701193,-0.18065766990184784,0.9304774403572083,-0.7041249871253967
1756098879.1041937,0,follower,auto,0.7421482801437378,0.8929094076156616,-0.2802763283252716,-0.09999999999999999,1.0,0.4,-0.8421482801437378,0.10709059238433838,0.6802763283252716,0,0,0,0,,,,,,,
1756098879.2045686,1,follower,auto,-0.1919528990983963,0.9416853189468384,-0.7605214715003967,-0.09999999999999999,1.0,-0.6,0.09195289909839631,0.05831468105316162,0.16052147150039675,15.884805232992413,10.181573334637983,5.949299595372209,0,,,,,,,
1756098879.348959,0,follower,auto,0.7421482801437378,0.8929094076156616,-0.2802763283252716,-0.09999999999999999,1.0,0.4,-0.8421482801437378,0.10709059238433838,0.6802763283252716,0,0,0,0,0.1,-0.30733248822853176,-0.25101761651961363,-0.1614004537085106,0.7421482801437378,0.8929094076156616,-0.2802763283252716
1756098879.4492853,1,leader,auto,-0.1919528990983963,0.9416853189468384,-0.7605214715003967,-0.09999999999999999,1.0,-0.6,0.09195289909839631,0.05831468105316162,0.16052147150039675,0,0,0,0,1.0,0.058710267332466426,0.16045531043037453,-0.11591868634037317,-0.1919528990983963,0.9416853189468384,-0.7605214715003967
1756098879.449996,0,follower,auto,0.7419191598892212,0.8930180668830872,-0.2817906141281128,-0.09999999999999999,1.0,0.4,-0.8419191598892212,0.10698193311691284,0.6817906141281128,0,0,0,0,,,,,,,
1756098879.5506685,1,follower,auto,-0.20166902244091034,0.9510257840156555,-0.8039034605026245,-0.09999999999999999,1.0,-0.6,0.10166902244091035,0.04897421598434448,0.20390346050262453,19.874161684128833,11.191309112698944,4.9206413965273885,0,,,,,,,
1756098879.6670735,0,follower,auto,0.7419191598892212,0.8930180668830872,-0.2817906141281128,-0.09999999999999999,1.0,0.4,-0.8419191598892212,0.10698193311691284,0.6817906141281128,0,0,0,0,0.1,-0.31144725361453807,-0.2542201570168401,-0.16206386614083765,0.7419191598892212,0.8930180668830872,-0.2817906141281128
1756098879.7675757,1,leader,auto,-0.20166902244091034,0.9510257840156555,-0.8039034605026245,-0.09999999999999999,1.0,-0.6,0.10166902244091035,0.04897421598434448,0.20390346050262453,0,0,0,0,1.0,0.06694833048119081,0.1330757730507467,-0.1018983693825507,-0.20166902244091034,0.9510257840156555,-0.8039034605026245
1756098879.767988,0,follower,auto,0.7427437901496887,0.8949761986732483,-0.28459396958351135,-0.09999999999999999,1.0,0.4,-0.8427437901496887,0.10502380132675171,0.6845939695835114,0,0,0,0,,,,,,,
1756098879.868333,1,follower,auto,-0.20454376935958862,0.9538851976394653,-0.8239112496376038,-0.09999999999999999,1.0,-0.6,0.10454376935958863,0.04611480236053467,0.22391124963760378,20,11.166519996640417,4.819445244695216,0,,,,,,,
1756098880.0122535,0,follower,auto,0.7427437901496887,0.8949761986732483,-0.28459396958351135,-0.09999999999999999,1.0,0.4,-0.8427437901496887,0.10502380132675171,0.6845939695835114,0,0,0,0,0.1,-0.31170666788268164,-0.257117475073094,-0.16300838628043993,0.7427437901496887,0.8949761986732483,-0.28459396958351135
1756098880.1128154,1,leader,auto,-0.20454376935958862,0.9538851976394653,-0.8239112496376038,-0.09999999999999999,1.0,-0.6,0.10454376935958863,0.04611480236053467,0.22391124963760378,0,0,0,0,1.0,0.08096411618885407,0.09873601353856576,-0.0773309087488766,-0.20454376935958862,0.9538851976394653,-0.8239112496376038
1756098880.1143742,0,follower,auto,0.7463438510894775,0.8968961834907532,-0.2888769209384918,-0.09999999999999999,1.0,0.4,-0.8463438510894775,0.10310381650924683,0.6888769209384918,0,0,0,0,,,,,,,
1756098880.2151904,1,follower,auto,-0.20215706527233124,0.9522528052330017,-0.8209096789360046,-0.09999999999999999,1.0,-0.6,0.10215706527233125,0.04774719476699829,0.22090967893600466,20,11.137109420036476,4.677512065239391,0,,,,,,,
1756098880.3678365,0,follower,auto,0.7463438510894775,0.8968961834907532,-0.2888769209384918,-0.09999999999999999,1.0,0.4,-0.8463438510894775,0.10310381650924683,0.6888769209384918,0,0,0,0,0.1,-0.3102288371303994,-0.2617285735413648,-0.1640738177213866,0.7463438510894775,0.8968961834907532,-0.2888769209384918
1756098880.468512,1,leader,auto,-0.20215706527233124,0.9522528052330017,-0.8209096789360046,-0.09999999999999999,1.0,-0.6,0.10215706527233125,0.04774719476699829,0.22090967893600466,0,0,0,0,1.0,0.09253424022009893,0.06832004669597835,-0.054501139632060824,-0.20215706527233124,0.9522528052330017,-0.8209096789360046
1756098880.4696877,0,follower,auto,0.7506739497184753,0.8972808122634888,-0.29370519518852234,-0.09999999999999999,1.0,0.4,-0.8506739497184753,0.10271918773651123,0.6937051951885224,0,0,0,0,,,,,,,
1756098880.5703628,1,follower,auto,-0.19515901803970337,0.9495859742164612,-0.7965186834335327,-0.09999999999999999,1.0,-0.6,0.09515901803970338,0.05041402578353882,0.19651868343353274,18.94789226751482,10.105280259053469,5.5126558314763425,0,,,,,,,
1756098880.6729872,0,follower,auto,0.7506739497184753,0.8972808122634888,-0.29370519518852234,-0.09999999999999999,1.0,0.4,-0.8506739497184753,0.10271918773651123,0.6937051951885224,0,0,0,0,0.1,-0.31088506921336645,-0.267560215173652,-0.16415831647552415,0.7506739497184753,0.8972808122634888,-0.29370519518852234
1756098880.773405,1,leader,auto,-0.19515901803970337,0.9495859742164612,-0.7965186834335327,-0.09999999999999999,1.0,-0.6,0.09515901803970338,0.05041402578353882,0.19651868343353274,0,0,0,0,1.0,0.10273063837229995,0.04318640528414275,-0.034519158518503734,-0.19515901803970337,0.9495859742164612,-0.7965186834335327
1756098880.774819,0,follower,auto,0.753559947013855,0.8966366052627563,-0.2977618873119354,-0.09999999999999999,1.0,0.4,-0.853559947013855,0.10336339473724365,0.6977618873119354,0,0,0,0,,,,,,,
1756098880.8759406,1,follower,auto,-0.18344151973724365,0.9470624923706055,-0.7641700506210327,-0.09999999999999999,1.0,-0.6,0.08344151973724366,0.05293750762939453,0.16417005062103274,15.953285097780691,9.066272476554083,5.396609431833116,0,,,,,,,
1756098880.9795508,0,follower,auto,0.753559947013855,0.8966366052627563,-0.2977618873119354,-0.09999999999999999,1.0,0.4,-0.853559947013855,0.10336339473724365,0.6977618873119354,0,0,0,0,0.1,-0.31367606639418266,-0.2725354380367011,-0.1629607511959217,0.753559947013855,0.8966366052627563,-0.2977618873119354
1756098881.0799322,1,leader,auto,-0.18344151973724365,0.9470624923706055,-0.7641700506210327,-0.09999999999999999,1.0,-0.6,0.08344151973724366,0.05293750762939453,0.16417005062103274,0,0,0,0,1.0,0.11139153139884728,0.02179067787026423,-0.030003027528841764,-0.18344151973724365,0.9470624923706055,-0.7641700506210327
1756098881.080468,0,follower,auto,0.7548822164535522,0.8953258991241455,-0.30325907468795776,-0.09999999999999999,1.0,0.4,-0.8548822164535522,0.10467410087585449,0.7032590746879578,0,0,0,0,,,,,,,
1756098881.1813169,1,follower,auto,-0.16962653398513794,0.9445860981941223,-0.7269533276557922,-0.09999999999999999,1.0,-0.6,0.06962653398513795,0.055413901805877686,0.12695332765579226,11.95542746535029,7.033948775303414,5.303198757866051,0,,,,,,,
1756098881.4007304,0,follower,auto,0.7548822164535522,0.8953258991241455,-0.30325907468795776,-0.09999999999999999,1.0,0.4,-0.8548822164535522,0.10467410087585449,0.7032590746879578,0,0,0,0,0.1,-0.3164192302662141,-0.27684981089237737,-0.16408901729415523,0.7548822164535522,0.8953258991241455,-0.30325907468795776
1756098881.502067,1,leader,auto,-0.16962653398513794,0.9445860981941223,-0.7269533276557922,-0.09999999999999999,1.0,-0.6,0.06962653398513795,0.055413901805877686,0.12695332765579226,0,0,0,0,1.0,0.11587179944111653,0.00457703976964019,-0.028731365156203892,-0.16962653398513794,0.9445860981941223,-0.7269533276557922
1756098881.5030015,0,follower,auto,0.7542157769203186,0.8968584537506104,-0.30399665236473083,-0.09999999999999999,1.0,0.4,-0.8542157769203186,0.10314154624938965,0.7039966523647309,0,0,0,0,,,,,,,
1756098881.60357,1,follower,auto,-0.15199033915996552,0.9444854259490967,-0.6784438490867615,-0.09999999999999999,1.0,-0.6,0.05199033915996552,0.05551457405090332,0.0784438490867615,6.947632368061202,5.9907368034637125,5.184026522367902,0,,,,,,,
1756098881.802745,0,follower,auto,0.7542157769203186,0.8968584537506104,-0.30399665236473083,-0.09999999999999999,1.0,0.4,-0.8542157769203186,0.10314154624938965,0.7039966523647309,0,0,0,0,0.1,-0.31942278542317215,-0.2773955614737591,-0.15900625335467966,0.7542157769203186,0.8968584537506104,-0.30399665236473083
1756098881.9031475,1,leader,auto,-0.15199033915996552,0.9444854259490967,-0.6784438490867615,-0.09999999999999999,1.0,-0.6,0.05199033915996552,0.05551457405090332,0.0784438490867615,0,0,0,0,1.0,0.11977464932301962,-0.005277288150431048,-0.021017926400907383,-0.15199033915996552,0.9444854259490967,-0.6784438490867615
1756098881.9051583,0,follower,auto,0.7560861110687256,0.893521785736084,-0.29845941066741943,-0.09999999999999999,1.0,0.4,-0.8560861110687256,0.10647821426391602,0.6984594106674195,0,0,0,0,,,,,,,
1756098882.0055718,1,follower,auto,-0.14254768192768097,0.9466290473937988,-0.6392408609390259,-0.09999999999999999,1.0,-0.6,0.04254768192768098,0.05337095260620117,0.0392408609390259,2.928703496352809,5.009688230470305,5.164692155995878,0,,,,,,,
1756098882.2085872,0,follower,auto,0.7560861110687256,0.893521785736084,-0.29845941066741943,-0.09999999999999999,1.0,0.4,-0.8560861110687256,0.10647821426391602,0.6984594106674195,0,0,0,0,0.1,-0.31772064461614136,-0.2856210504263248,-0.15275400593978578,0.7560861110687256,0.893521785736084,-0.29845941066741943
1756098882.3090193,1,leader,auto,-0.14254768192768097,0.9466290473937988,-0.6392408609390259,-0.09999999999999999,1.0,-0.6,0.04254768192768098,0.05337095260620117,0.0392408609390259,0,0,0,0,1.0,0.1103853695742143,-0.009663989539738571,-0.03424736776051607,-0.14254768192768097,0.9466290473937988,-0.6392408609390259
1756098882.3094203,0,follower,auto,0.7548443078994751,0.885839581489563,-0.29624417424201965,-0.09999999999999999,1.0,0.4,-0.8548443078994751,0.11416041851043701,0.6962441742420197,0,0,0,0,,,,,,,
1756098882.4097114,1,follower,auto,-0.14186829328536987,0.9462596774101257,-0.6119781732559204,-0.09999999999999999,1.0,-0.6,0.04186829328536988,0.05374032258987427,0.011978173255920432,0.9267769019293718,5.052599992786492,5.191103835248623,0,,,,,,,
1756098882.5251122,0,follower,auto,0.7548443078994751,0.885839581489563,-0.29624417424201965,-0.09999999999999999,1.0,0.4,-0.8548443078994751,0.11416041851043701,0.6962441742420197,0,0,0,0,0.1,-0.3217695432568304,-0.29282932363273995,-0.15648226183881694,0.7548443078994751,0.885839581489563,-0.29624417424201965
1756098882.626003,1,leader,auto,-0.14186829328536987,0.9462596774101257,-0.6119781732559204,-0.09999999999999999,1.0,-0.6,0.04186829328536988,0.05374032258987427,0.011978173255920432,0,0,0,0,1.0,0.10000866704025829,-0.014525845092082323,-0.0492975183155111,-0.14186829328536987,0.9462596774101257,-0.6119781732559204
1756098882.6267097,0,follower,auto,0.7502992153167725,0.8843363523483276,-0.301266074180603,-0.09999999999999999,1.0,0.4,-0.8502992153167724,0.11566364765167236,0.701266074180603,0,0,0,0,,,,,,,
1756098882.7272053,1,follower,auto,-0.14505209028720856,0.9424012303352356,-0.5978274345397949,-0.09999999999999999,1.0,-0.6,0.045052090287208565,0.057598769664764404,-0.002172565460205056,-0.053688070759536854,5.080756975541903,5.240107440752886,0,,,,,,,
1756098882.866777,0,follower,auto,0.7502992153167725,0.8843363523483276,-0.301266074180603,-0.09999999999999999,1.0,0.4,-0.8502992153167724,0.11566364765167236,0.701266074180603,0,0,0,0,0.1,-0.32576666007487276,-0.28908058910948986,-0.1649364063178175,0.7502992153167725,0.8843363523483276,-0.301266074180603
1756098882.9672167,1,leader,auto,-0.14505209028720856,0.9424012303352356,-0.5978274345397949,-0.09999999999999999,1.0,-0.6,0.045052090287208565,0.057598769664764404,-0.002172565460205056,0,0,0,0,1.0,0.0951975613664795,-0.018070148379703777,-0.06464272001880911,-0.14505209028720856,0.9424012303352356,-0.5978274345397949
1756098883.0680587,0,follower,auto,0.7441994547843933,0.8837904930114746,-0.30914685130119324,-0.09999999999999999,1.0,0.4,-0.8441994547843933,0.11620950698852539,0.7091468513011933,0,0,0,0,,,,,,,
1756098883.1685827,1,follower,auto,-0.15009766817092896,0.9311230778694153,-0.5880535840988159,-0.09999999999999999,1.0,-0.6,0.05009766817092896,0.06887692213058472,-0.01194641590118406,-1.0046339266256576,6.09624859730315,6.258908050001592,0,,,,,,,
1756098883.3705812,0,follower,auto,0.7441994547843933,0.8837904930114746,-0.30914685130119324,-0.09999999999999999,1.0,0.4,-0.8441994547843933,0.11620950698852539,0.7091468513011933,0,0,0,0,0.1,-0.32777532842005686,-0.29077838395853806,-0.16855976485531524,0.7441994547843933,0.8837904930114746,-0.30914685130119324
1756098883.4710932,1,leader,auto,-0.15009766817092896,0.9311230778694153,-0.5880535840988159,-0.09999999999999999,1.0,-0.6,0.05009766817092896,0.06887692213058472,-0.01194641590118406,0,0,0,0,1.0,0.09270468377815094,-0.024351956797092122,-0.0703811525335799,-0.15009766817092896,0.9311230778694153,-0.5880535840988159
1756098883.4719095,0,follower,auto,0.7440562844276428,0.8853444457054138,-0.3171249330043793,-0.09999999999999999,1.0,0.4,-0.8440562844276428,0.11465555429458618,0.7171249330043793,0,0,0,0,,,,,,,
1756098883.5725448,1,follower,auto,-0.16465553641319275,0.9055988192558289,-0.5842188000679016,-0.09999999999999999,1.0,-0.6,0.06465553641319276,0.09440118074417114,-0.015781199932098366,-0.9014538095222737,7.15852484655354,9.28167253873972,0,,,,,,,
1756098883.6829603,0,follower,auto,0.7440562844276428,0.8853444457054138,-0.3171249330043793,-0.09999999999999999,1.0,0.4,-0.8440562844276428,0.11465555429458618,0.7171249330043793,0,0,0,0,0.1,-0.3221522185392247,-0.29123186889023356,-0.16924685654123878,0.7440562844276428,0.8853444457054138,-0.3171249330043793
1756098883.7833693,1,leader,auto,-0.16465553641319275,0.9055988192558289,-0.5842188000679016,-0.09999999999999999,1.0,-0.6,0.06465553641319276,0.09440118074417114,-0.015781199932098366,0,0,0,0,1.0,0.08372636099022163,-0.036132311610407086,-0.07835625784163136,-0.16465553641319275,0.9055988192558289,-0.5842188000679016
1756098883.7841935,0,follower,auto,0.7492979168891907,0.8895881175994873,-0.31697899103164673,-0.09999999999999999,1.0,0.45000000000000007,-0.8492979168891907,0.1104118824005127,0.7669789910316468,0,0,0,0,,,,,,,
1756098883.8846884,1,follower,auto,-0.1644163429737091,0.9010495543479919,-0.5979658961296082,-0.09999999999999999,1.0,-0.5499999999999999,0.06441634297370911,0.09895044565200806,0.04796589612960822,4.042208620136177,7.11587369785301,9.38327005905577,0,,,,,,,
1756098883.99282,0,follower,auto,0.7492979168891907,0.8895881175994873,-0.31697899103164673,-0.09999999999999999,1.0,0.45000000000000007,-0.8492979168891907,0.1104118824005127,0.7669789910316468,0,0,0,0,0.1,-0.3174382826085731,-0.2910682375566853,-0.16169243509772416,0.7492979168891907,0.8895881175994873,-0.31697899103164673
1756098884.0931916,1,leader,auto,-0.1644163429737091,0.9010495543479919,-0.5979658961296082,-0.09999999999999999,1.0,-0.5499999999999999,0.06441634297370911,0.09895044565200806,0.04796589612960822,0,0,0,0,1.0,0.10065836585910931,-0.01208792539851089,-0.10051843500249402,-0.1644163429737091,0.9010495543479919,-0.5979658961296082
1756098884.093865,0,follower,auto,0.7523550391197205,0.8917408585548401,-0.3182927668094635,-0.09999999999999999,1.0,0.5,-0.8523550391197204,0.10825914144515991,0.8182927668094635,0,0,0,0,,,,,,,
1756098884.1943119,1,follower,auto,-0.167074516415596,0.8994479179382324,-0.616887092590332,-0.09999999999999999,1.0,-0.49999999999999994,0.06707451641559602,0.10055208206176758,0.11688709259033209,11.014267104931234,7.120304770903564,10.451607947953548,0,,,,,,,
1756098884.2998238,0,follower,auto,0.7523550391197205,0.8917408585548401,-0.3182927668094635,-0.09999999999999999,1.0,0.5,-0.8523550391197204,0.10825914144515991,0.8182927668094635,0,0,0,0,0.1,-0.3205764958830768,-0.2956950742420048,-0.16412628737961335,0.7523550391197205,0.8917408585548401,-0.3182927668094635
1756098884.4003046,1,leader,auto,-0.167074516415596,0.8994479179382324,-0.616887092590332,-0.09999999999999999,1.0,-0.49999999999999994,0.06707451641559602,0.10055208206176758,0.11688709259033209,0,0,0,0,1.0,0.09883737072404519,-0.012457229996658992,-0.1090446993604175,-0.167074516415596,0.8994479179382324,-0.616887092590332
1756098884.4009137,0,follower,auto,0.7493016123771667,0.8932064175605774,-0.31932318210601807,-0.09999999999999999,1.0,0.55,-0.8493016123771667,0.10679358243942261,0.8693231821060181,0,0,0,0,,,,,,,
1756098884.5012796,1,follower,auto,-0.17018461227416992,0.9023469686508179,-0.6393926739692688,-0.09999999999999999,1.0,-0.44999999999999996,0.07018461227416993,0.09765303134918213,0.18939267396926884,17.983909998556243,8.12154266346597,9.506595259132387,0,,,,,,,
1756098884.706277,0,follower,auto,0.7493016123771667,0.8932064175605774,-0.31932318210601807,-0.09999999999999999,1.0,0.55,-0.8493016123771667,0.10679358243942261,0.8693231821060181,0,0,0,0,0.1,-0.32745245510317567,-0.29864055173710025,-0.16364641379990041,0.7493016123771667,0.8932064175605774,-0.31932318210601807
1756098884.8067565,1,leader,auto,-0.17018461227416992,0.9023469686508179,-0.6393926739692688,-0.09999999999999999,1.0,-0.44999999999999996,0.07018461227416993,0.09765303134918213,0.18939267396926884,0,0,0,0,1.0,0.09957551083481908,-0.018223376179445694,-0.11653801026495891,-0.17018461227416992,0.9023469686508179,-0.6393926739692688
1756098884.8072073,0,follower,auto,0.7426605224609375,0.9044298529624939,-0.31552332639694214,-0.09999999999999999,1.0,0.6000000000000001,-0.8426605224609375,0.0955701470375061,0.9155233263969422,0,0,0,0,,,,,,,
1756098884.9075174,1,follower,auto,-0.17253196239471436,0.9082283973693848,-0.6601826548576355,-0.09999999999999999,1.0,-0.39999999999999997,0.07253196239471436,0.09177160263061523,0.26018265485763553,20,8.113537610498378,9.537662674552918,0,,,,,,,
1756098885.0095944,0,follower,auto,0.7426605224609375,0.9044298529624939,-0.31552332639694214,-0.09999999999999999,1.0,0.6000000000000001,-0.8426605224609375,0.0955701470375061,0.9155233263969422,0,0,0,0,0.1,-0.33139297097066067,-0.2909642422366949,-0.15862041552086445,0.7426605224609375,0.9044298529624939,-0.31552332639694214
1756098885.1147056,1,leader,auto,-0.17253196239471436,0.9082283973693848,-0.6601826548576355,-0.09999999999999999,1.0,-0.39999999999999997,0.07253196239471436,0.09177160263061523,0.26018265485763553,0,0,0,0,1.0,0.10248526858622536,-0.032131505601253774,-0.11733672441762366,-0.17253196239471436,0.9082283973693848,-0.6601826548576355
1756098885.1165903,0,follower,auto,0.7454196810722351,0.9145901799201965,-0.3131123185157776,-0.09999999999999999,1.0,0.65,-0.8454196810722351,0.08540982007980347,0.9631123185157776,0,0,0,0,,,,,,,
1756098885.219705,1,follower,auto,-0.17481179535388947,0.9112060070037842,-0.6586697697639465,-0.09999999999999999,1.0,-0.35,0.07481179535388947,0.08879399299621582,0.30866976976394656,20,8.118445058741363,8.445536268224334,0,,,,,,,
1756098885.4293144,0,follower,auto,0.7454196810722351,0.9145901799201965,-0.3131123185157776,-0.09999999999999999,1.0,0.65,-0.8454196810722351,0.08540982007980347,0.9631123185157776,0,0,0,0,0.1,-0.322109144184894,-0.29456949614670713,-0.15906463011284033,0.7454196810722351,0.9145901799201965,-0.3131123185157776
1756098885.530518,1,leader,auto,-0.17481179535388947,0.9112060070037842,-0.6586697697639465,-0.09999999999999999,1.0,-0.35,0.07481179535388947,0.08879399299621582,0.30866976976394656,0,0,0,0,1.0,0.10451720724291952,-0.05310743434934606,-0.09753131764506351,-0.17481179535388947,0.9112060070037842,-0.6586697697639465
1756098885.5326931,0,follower,auto,0.7527487277984619,0.9267380833625793,-0.3172544836997986,-0.09999999999999999,1.0,0.7,-0.8527487277984619,0.07326191663742065,1.0172544836997985,0,0,0,0,,,,,,,
1756098885.6331663,1,follower,auto,-0.1619444340467453,0.9023301601409912,-0.6329579949378967,-0.09999999999999999,1.0,-0.3,0.06194443404674531,0.09766983985900879,0.33295799493789674,20,7.047839062833248,9.280114957234268,0,,,,,,,
1756098885.8323538,0,follower,auto,0.7527487277984619,0.9267380833625793,-0.3172544836997986,-0.09999999999999999,1.0,0.7,-0.8527487277984619,0.07326191663742065,1.0172544836997985,0,0,0,0,0.1,-0.3182127074188714,-0.29490774989322466,-0.16364498506349756,0.7527487277984619,0.9267380833625793,-0.3172544836997986
1756098885.932723,1,leader,auto,-0.1619444340467453,0.9023301601409912,-0.6329579949378967,-0.09999999999999999,1.0,-0.3,0.06194443404674531,0.09766983985900879,0.33295799493789674,0,0,0,0,1.0,0.121511814133405,-0.08177444478557772,-0.07592608512222321,-0.1619444340467453,0.9023301601409912,-0.6329579949378967
1756098885.9331975,0,follower,auto,0.7590734362602234,0.9303668737411499,-0.3227180242538452,-0.09999999999999999,1.0,0.75,-0.8590734362602234,0.0696331262588501,1.0727180242538452,0,0,0,0,,,,,,,
1756098886.033615,1,follower,auto,-0.14173607528209686,0.8944042325019836,-0.5914956331253052,-0.09999999999999999,1.0,-0.25,0.04173607528209687,0.10559576749801636,0.3414956331253052,20,4.981158487624961,10.118772434157432,0,,,,,,,
1756098886.2411625,0,follower,auto,0.7590734362602234,0.9303668737411499,-0.3227180242538452,-0.09999999999999999,1.0,0.75,-0.8590734362602234,0.0696331262588501,1.0727180242538452,0,0,0,0,0.1,-0.3201242832382043,-0.3057323979634434,-0.16178193280012246,0.7590734362602234,0.9303668737411499,-0.3227180242538452
1756098886.3414907,1,leader,auto,-0.14173607528209686,0.8944042325019836,-0.5914956331253052,-0.09999999999999999,1.0,-0.25,0.04173607528209687,0.10559576749801636,0.3414956331253052,0,0,0,0,1.0,0.12860994180573826,-0.09591805887465765,-0.06490004798558235,-0.14173607528209686,0.8944042325019836,-0.5914956331253052
1756098886.3421984,0,follower,auto,0.7617011070251465,0.9283593893051147,-0.3210671544075012,-0.09999999999999999,1.0,0.75,-0.8617011070251465,0.07164061069488525,1.0710671544075012,0,0,0,0,,,,,,,
1756098886.4425998,1,follower,auto,-0.129812091588974,0.8894257545471191,-0.5340939164161682,-0.09999999999999999,1.0,-0.25,0.029812091588974007,0.11057424545288086,0.2840939164161682,20,2.9897912289580812,10.95341669528553,0,,,,,,,
1756098886.5904114,0,follower,auto,0.7617011070251465,0.9283593893051147,-0.3210671544075012,-0.09999999999999999,1.0,0.75,-0.8617011070251465,0.07164061069488525,1.0710671544075012,0,0,0,0,0.1,-0.32461386394075054,-0.3130247289002426,-0.1506649548765742,0.7617011070251465,0.9283593893051147,-0.3210671544075012
1756098886.6911705,1,leader,auto,-0.129812091588974,0.8894257545471191,-0.5340939164161682,-0.09999999999999999,1.0,-0.25,0.029812091588974007,0.11057424545288086,0.2840939164161682,0,0,0,0,1.0,0.11759012871349334,-0.10721552565803516,-0.05518546264405938,-0.129812091588974,0.8894257545471191,-0.5340939164161682
1756098886.7044127,0,follower,auto,0.759554922580719,0.9200390577316284,-0.31779590249061584,-0.09999999999999999,1.0,0.8,-0.859554922580719,0.07996094226837158,1.117795902490616,0,0,0,0,,,,,,,
1756098886.805303,1,follower,auto,-0.13080713152885437,0.8923763036727905,-0.47806352376937866,-0.09999999999999999,1.0,-0.2,0.03080713152885438,0.10762369632720947,0.27806352376937865,20,4.048606249865326,9.866328870680539,0,,,,,,,
1756098886.9497414,0,follower,auto,0.759554922580719,0.9200390577316284,-0.31779590249061584,-0.09999999999999999,1.0,0.8,-0.859554922580719,0.07996094226837158,1.117795902490616,0,0,0,0,0.1,-0.32991088731365603,-0.3205560923036792,-0.14675017421832195,0.759554922580719,0.9200390577316284,-0.31779590249061584
1756098887.05045,1,leader,auto,-0.13080713152885437,0.8923763036727905,-0.47806352376937866,-0.09999999999999999,1.0,-0.2,0.03080713152885438,0.10762369632720947,0.27806352376937865,0,0,0,0,1.0,0.10060548858663859,-0.11285356703801708,-0.06419907564304878,-0.13080713152885437,0.8923763036727905,-0.47806352376937866
1756098887.0514143,0,follower,auto,0.7566543221473694,0.9117703437805176,-0.3094578981399536,-0.09999999999999999,1.0,0.85,-0.8566543221473694,0.08822965621948242,1.1594578981399537,0,0,0,0,,,,,,,
1756098887.1517723,1,follower,auto,-0.14295364916324615,0.9135815501213074,-0.42326393723487854,-0.09999999999999999,1.0,-0.15000000000000002,0.04295364916324616,0.08641844987869263,0.2732639372348785,20,5.124596475117336,7.808611301012816,0,,,,,,,
1756098887.2640202,0,follower,auto,0.7566543221473694,0.9117703437805176,-0.3094578981399536,-0.09999999999999999,1.0,0.85,-0.8566543221473694,0.08822965621948242,1.1594578981399537,0,0,0,0,0.1,-0.3308706500637588,-0.3212711091430829,-0.13967269017364856,0.7566543221473694,0.9117703437805176,-0.3094578981399536
1756098887.3644235,1,leader,auto,-0.14295364916324615,0.9135815501213074,-0.42326393723487854,-0.09999999999999999,1.0,-0.15000000000000002,0.04295364916324616,0.08641844987869263,0.2732639372348785,0,0,0,0,1.0,0.08746628782679419,-0.10782765569289054,-0.07144426608743581,-0.14295364916324615,0.9135815501213074,-0.42326393723487854
1756098887.3659692,0,follower,auto,0.7525434494018555,0.9039161801338196,-0.3040243685245514,-0.09999999999999999,1.0,0.9,-0.8525434494018554,0.09608381986618042,1.2040243685245513,0,0,0,0,,,,,,,
1756098887.466837,1,follower,auto,-0.15835915505886078,0.930810809135437,-0.366425484418869,-0.09999999999999999,1.0,-0.10000000000000002,0.05835915505886079,0.06918919086456299,0.266425484418869,20,6.17130632297782,5.737773053475613,0,,,,,,,
1756098887.5743155,0,follower,auto,0.7525434494018555,0.9039161801338196,-0.3040243685245514,-0.09999999999999999,1.0,0.9,-0.8525434494018554,0.09608381986618042,1.2040243685245513,0,0,0,0,0.1,-0.33222868337209777,-0.321580292290085,-0.14202119662962415,0.7525434494018555,0.9039161801338196,-0.3040243685245514
1756098887.6747036,1,leader,auto,-0.15835915505886078,0.930810809135437,-0.366425484418869,-0.09999999999999999,1.0,-0.10000000000000002,0.05835915505886079,0.06918919086456299,0.266425484418869,0,0,0,0,1.0,0.08408391877108101,-0.12533398378570437,-0.07292735514169307,-0.15835915505886078,0.930810809135437,-0.366425484418869
1756098887.676155,0,follower,auto,0.745628833770752,0.8956831693649292,-0.3064069449901581,-0.09999999999999999,1.0,0.95,-0.8456288337707519,0.1043168306350708,1.256406944990158,0,0,0,0,,,,,,,
1756098887.7769167,1,follower,auto,-0.17200587689876556,0.9317692518234253,-0.30930566787719727,-0.09999999999999999,1.0,-0.05000000000000002,0.07200587689876557,0.06823074817657471,0.2593056678771972,20,8.18194484381851,5.662442752310155,0,,,,,,,
1756098887.9251204,0,follower,auto,0.745628833770752,0.8956831693649292,-0.3064069449901581,-0.09999999999999999,1.0,0.95,-0.8456288337707519,0.1043168306350708,1.256406944990158,0,0,0,0,0.1,-0.33509870525536156,-0.3226643218748724,-0.15020661686281225,0.745628833770752,0.8956831693649292,-0.3064069449901581
1756098888.0255024,1,leader,auto,-0.17200587689876556,0.9317692518234253,-0.30930566787719727,-0.09999999999999999,1.0,-0.05000000000000002,0.07200587689876557,0.06823074817657471,0.2593056678771972,0,0,0,0,1.0,0.08696897402350379,-0.15408476108470337,-0.07400812316100486,-0.17200587689876556,0.9317692518234253,-0.30930566787719727
1756098888.0259547,0,follower,auto,0.740864098072052,0.889056384563446,-0.31016266345977783,-0.09999999999999999,1.0,0.95,-0.840864098072052,0.11094361543655396,1.2601626634597778,0,0,0,0,,,,,,,
1756098888.126312,1,follower,auto,-0.18559907376766205,0.9218411445617676,-0.24282599985599518,-0.09999999999999999,1.0,-0.05000000000000002,0.08559907376766206,0.07815885543823242,0.19282599985599516,18.99221288198334,9.19308219036155,6.537670683440124,0,,,,,,,
1756098888.3278248,0,follower,auto,0.740864098072052,0.889056384563446,-0.31016266345977783,-0.09999999999999999,1.0,0.95,-0.840864098072052,0.11094361543655396,1.2601626634597778,0,0,0,0,0.1,-0.3328429030076361,-0.32169823659497276,-0.15256353039545664,0.740864098072052,0.889056384563446,-0.31016266345977783
1756098888.428507,1,leader,auto,-0.18559907376766205,0.9218411445617676,-0.24282599985599518,-0.09999999999999999,1.0,-0.05000000000000002,0.08559907376766206,0.07815885543823242,0.19282599985599516,0,0,0,0,1.0,0.08998630539692037,-0.1757262253692673,-0.06587022704412437,-0.18559907376766205,0.9218411445617676,-0.24282599985599518
1756098888.4307966,0,follower,auto,0.7386143207550049,0.8827888369560242,-0.3129569888114929,-0.09999999999999999,1.0,1.0,-0.8386143207550049,0.11721116304397583,1.312956988811493,0,0,0,0,,,,,,,
1756098888.5314882,1,follower,auto,-0.19126977026462555,0.9135907292366028,-0.16692186892032623,-0.09999999999999999,1.0,-1.3877787807814457e-17,0.09126977026462556,0.08640927076339722,0.16692186892032623,16.007155851823395,10.164075749756972,7.39150291013019,0,,,,,,,
1756098888.7356565,0,follower,auto,0.7386143207550049,0.8827888369560242,-0.3129569888114929,-0.09999999999999999,1.0,1.0,-0.8386143207550049,0.11721116304397583,1.312956988811493,0,0,0,0,0.1,-0.33035737044552516,-0.3220371052052131,-0.15354479757008088,0.7386143207550049,0.8827888369560242,-0.3129569888114929
1756098888.8359466,1,leader,auto,-0.19126977026462555,0.9135907292366028,-0.16692186892032623,-0.09999999999999999,1.0,-1.3877787807814457e-17,0.09126977026462556,0.08640927076339722,0.16692186892032623,0,0,0,0,1.0,0.10170270963539968,-0.1824971727926017,-0.059031221190450206,-0.19126977026462555,0.9135907292366028,-0.16692186892032623
1756098888.836399,0,follower,auto,0.7385395169258118,0.8786085247993469,-0.3098161518573761,-0.09999999999999999,1.0,1.0,-0.8385395169258117,0.12139147520065308,1.309816151857376,0,0,0,0,,,,,,,
1756098888.9368105,1,follower,auto,-0.19049029052257538,0.9042877554893494,-0.09705649316310883,-0.09999999999999999,1.0,-1.3877787807814457e-17,0.09049029052257539,0.09571224451065063,0.09705649316310881,9.021492849678488,10.126026406181477,8.321277347586443,0,,,,,,,
1756098889.0415587,0,follower,auto,0.7385395169258118,0.8786085247993469,-0.3098161518573761,-0.09999999999999999,1.0,1.0,-0.8385395169258117,0.12139147520065308,1.309816151857376,0,0,0,0,0.1,-0.3283609547309396,-0.3206276434421558,-0.14958862615637025,0.7385395169258118,0.8786085247993469,-0.3098161518573761
1756098889.142168,1,leader,auto,-0.19049029052257538,0.9042877554893494,-0.09705649316310883,-0.09999999999999999,1.0,-1.3877787807814457e-17,0.09049029052257539,0.09571224451065063,0.09705649316310881,0,0,0,0,1.0,0.11221479904604637,-0.1886070566989575,-0.06891960600760491,-0.19049029052257538,0.9042877554893494,-0.09705649316310883
1756098889.1439717,0,follower,auto,0.7401859760284424,0.880099892616272,-0.30486324429512024,-0.09999999999999999,1.0,1.05,-0.8401859760284424,0.11990010738372803,1.3548632442951203,0,0,0,0,,,,,,,
1756098889.2445164,1,follower,auto,-0.1873209923505783,0.899385929107666,-0.05072459205985069,-0.09999999999999999,1.0,0.04999999999999999,0.08732099235057832,0.10061407089233398,0.10072459205985068,10.013136804965345,9.103054500905461,9.373416314089862,0,,,,,,,
1756098889.3485353,0,follower,auto,0.7401859760284424,0.880099892616272,-0.30486324429512024,-0.09999999999999999,1.0,1.05,-0.8401859760284424,0.11990010738372803,1.3548632442951203,0,0,0,0,0.1,-0.3269380345152597,-0.31571830486202423,-0.15104828903481182,0.7401859760284424,0.880099892616272,-0.30486324429512024
1756098889.4490469,1,leader,auto,-0.1873209923505783,0.899385929107666,-0.05072459205985069,-0.09999999999999999,1.0,0.04999999999999999,0.08732099235057832,0.10061407089233398,0.10072459205985068,0,0,0,0,1.0,0.11799775593941197,-0.18191097878112839,-0.09663918164869434,-0.1873209923505783,0.899385929107666,-0.05072459205985069
1756098889.45031,0,follower,auto,0.7420100569725037,0.8824948072433472,-0.30078038573265076,-0.09999999999999999,1.0,1.1,-0.8420100569725036,0.11750519275665283,1.4007803857326508,0,0,0,0,,,,,,,
1756098889.5510108,1,follower,auto,-0.1811022311449051,0.8961511254310608,-0.011127371340990067,-0.09999999999999999,1.0,0.09999999999999999,0.0811022311449051,0.10384887456893921,0.11112737134099006,11.00808260824299,9.078629790332254,9.389622864742448,0,,,,,,,
1756098889.6547444,0,follower,auto,0.7420100569725037,0.8824948072433472,-0.30078038573265076,-0.09999999999999999,1.0,1.1,-0.8420100569725036,0.11750519275665283,1.4007803857326508,0,0,0,0,0.1,-0.3271441306029135,-0.3158716597601525,-0.15413712670308927,0.7420100569725037,0.8824948072433472,-0.30078038573265076
1756098889.7551532,1,leader,auto,-0.1811022311449051,0.8961511254310608,-0.011127371340990067,-0.09999999999999999,1.0,0.09999999999999999,0.0811022311449051,0.10384887456893921,0.11112737134099006,0,0,0,0,1.0,0.12307040811762887,-0.17934243415414808,-0.10694892744826004,-0.1811022311449051,0.8961511254310608,-0.011127371340990067
1756098889.7566953,0,follower,auto,0.7458123564720154,0.8837689757347107,-0.29761967062950134,-0.09999999999999999,1.0,1.15,-0.8458123564720154,0.1162310242652893,1.4476196706295013,0,0,0,0,,,,,,,
1756098889.8579874,1,follower,auto,-0.1737678498029709,0.8932212591171265,0.018426135182380676,-0.09999999999999999,1.0,0.15,0.0737678498029709,0.10677874088287354,0.13157386481761932,13.0083037554801,8.063960359271269,9.417782250231317,0,,,,,,,
1756098889.961523,0,follower,auto,0.7458123564720154,0.8837689757347107,-0.29761967062950134,-0.09999999999999999,1.0,1.15,-0.8458123564720154,0.1162310242652893,1.4476196706295013,0,0,0,0,0.1,-0.32553726421128815,-0.31804010631025514,-0.15713449405990085,0.7458123564720154,0.8837689757347107,-0.29761967062950134
1756098890.0619447,1,leader,auto,-0.1737678498029709,0.8932212591171265,0.018426135182380676,-0.09999999999999999,1.0,0.15,0.0737678498029709,0.10677874088287354,0.13157386481761932,0,0,0,0,1.0,0.12588043355716438,-0.1792850333504712,-0.11996532886159678,-0.1737678498029709,0.8932212591171265,0.018426135182380676
1756098890.0636213,0,follower,auto,0.7523800730705261,0.8858060240745544,-0.29623308777809143,-0.09999999999999999,1.0,1.2,-0.8523800730705261,0.11419397592544556,1.4962330877780914,0,0,0,0,,,,,,,
1756098890.1649554,1,follower,auto,-0.17157018184661865,0.8905104398727417,0.04024197533726692,-0.09999999999999999,1.0,0.2,0.07157018184661866,0.1094895601272583,0.1597580246627331,15.011634090530292,8.08764933400628,9.44371456077272,0,,,,,,,
1756098890.2683825,0,follower,auto,0.7523800730705261,0.8858060240745544,-0.29623308777809143,-0.09999999999999999,1.0,1.2,-0.8523800730705261,0.11419397592544556,1.4962330877780914,0,0,0,0,0.1,-0.32323961125961187,-0.3181948200831597,-0.1608392969963094,0.7523800730705261,0.8858060240745544,-0.29623308777809143
1756098890.368633,1,leader,auto,-0.17157018184661865,0.8905104398727417,0.04024197533726692,-0.09999999999999999,1.0,0.2,0.07157018184661866,0.1094895601272583,0.1597580246627331,0,0,0,0,1.0,0.1212548545174238,-0.18131718803537344,-0.12992285774861678,-0.17157018184661865,0.8905104398727417,0.04024197533726692
1756098890.3690894,0,follower,auto,0.7600367069244385,0.8924239277839661,-0.29854074120521545,-0.09999999999999999,1.0,1.25,-0.8600367069244385,0.10757607221603394,1.5485407412052155,0,0,0,0,,,,,,,
1756098890.4694455,1,follower,auto,-0.17305181920528412,0.8912956118583679,0.06071973592042923,-0.09999999999999999,1.0,0.25,0.07305181920528413,0.10870438814163208,0.18928026407957077,18.003240073617523,8.119601816693773,9.437126223953289,0,,,,,,,
1756098890.5766964,0,follower,auto,0.7600367069244385,0.8924239277839661,-0.29854074120521545,-0.09999999999999999,1.0,1.25,-0.8600367069244385,0.10757607221603394,1.5485407412052155,0,0,0,0,0.1,-0.32275631732863364,-0.3145222755086021,-0.1662749674912139,0.7600367069244385,0.8924239277839661,-0.29854074120521545
1756098890.6772275,1,leader,auto,-0.17305181920528412,0.8912956118583679,0.06071973592042923,-0.09999999999999999,1.0,0.25,0.07305181920528413,0.10870438814163208,0.18928026407957077,0,0,0,0,1.0,0.11838790726536697,-0.18195379961377034,-0.13290928041619643,-0.17305181920528412,0.8912956118583679,0.06071973592042923
1756098890.678234,0,follower,auto,0.7736601233482361,0.8977043032646179,-0.2989538013935089,-0.09999999999999999,1.0,1.3,-0.8736601233482361,0.10229569673538208,1.598953801393509,0,0,0,0,,,,,,,
1756098890.7787957,1,follower,auto,-0.17711730301380157,0.8985910415649414,0.080257348716259,-0.09999999999999999,1.0,0.3,0.07711730301380158,0.1014089584350586,0.219742651283741,20,8.15797661923165,9.423360285077013,0,,,,,,,
1756098890.883576,0,follower,auto,0.7736601233482361,0.8977043032646179,-0.2989538013935089,-0.09999999999999999,1.0,1.3,-0.8736601233482361,0.10229569673538208,1.598953801393509,0,0,0,0,0.1,-0.31742415571903027,-0.3169884672068459,-0.16484108750797843,0.7736601233482361,0.8977043032646179,-0.2989538013935089
1756098890.9839783,1,leader,auto,-0.17711730301380157,0.8985910415649414,0.080257348716259,-0.09999999999999999,1.0,0.3,0.07711730301380158,0.1014089584350586,0.219742651283741,0,0,0,0,1.0,0.1168203881962867,-0.18252955398961435,-0.13531199760251048,-0.17711730301380157,0.8985910415649414,0.080257348716259
1756098890.9846003,0,follower,auto,0.7876942157745361,0.89846271276474,-0.29646968841552734,-0.09999999999999999,1.0,1.35,-0.8876942157745361,0.10153728723526001,1.6464696884155274,0,0,0,0,,,,,,,
1756098891.0849533,1,follower,auto,-0.18592578172683716,0.9111958742141724,0.10281749814748764,-0.09999999999999999,1.0,0.35,0.08592578172683717,0.08880412578582764,0.24718250185251234,20,9.210452719875558,7.389626848075842,0,,,,,,,
1756098891.2377493,0,follower,auto,0.7876942157745361,0.89846271276474,-0.29646968841552734,-0.09999999999999999,1.0,1.35,-0.8876942157745361,0.10153728723526001,1.6464696884155274,0,0,0,0,0.1,-0.31796803037338606,-0.3224911251549649,-0.1625120669439024,0.7876942157745361,0.89846271276474,-0.29646968841552734
1756098891.3382998,1,leader,auto,-0.18592578172683716,0.9111958742141724,0.10281749814748764,-0.09999999999999999,1.0,0.35,0.08592578172683717,0.08880412578582764,0.24718250185251234,0,0,0,0,1.0,0.11322614661922303,-0.1862683778075802,-0.133594101396038,-0.18592578172683716,0.9111958742141724,0.10281749814748764
1756098891.339794,0,follower,auto,0.7975984811782837,0.8895803093910217,-0.29724153876304626,-0.09999999999999999,1.0,1.4,-0.8975984811782837,0.11041969060897827,1.6972415387630462,0,0,0,0,,,,,,,
1756098891.440556,1,follower,auto,-0.19800090789794922,0.9282205104827881,0.13412021100521088,-0.09999999999999999,1.0,0.39999999999999997,0.09800090789794923,0.07177948951721191,0.2658797889947891,20,10.258067413672324,6.3115259478610914,0,,,,,,,
1756098891.6453154,0,follower,auto,0.7975984811782837,0.8895803093910217,-0.29724153876304626,-0.09999999999999999,1.0,1.4,-0.8975984811782837,0.11041969060897827,1.6972415387630462,0,0,0,0,0.1,-0.32301977557353534,-0.33278247051950727,-0.16648708694390063,0.7975984811782837,0.8895803093910217,-0.29724153876304626
1756098891.7457676,1,leader,auto,-0.19800090789794922,0.9282205104827881,0.13412021100521088,-0.09999999999999999,1.0,0.39999999999999997,0.09800090789794923,0.07177948951721191,0.2658797889947891,0,0,0,0,1.0,0.11237638308386871,-0.19067247151974054,-0.12422551873385701,-0.19800090789794922,0.9282205104827881,0.13412021100521088
1756098891.7576437,0,follower,auto,0.8022454380989075,0.8804028630256653,-0.29538294672966003,-0.09999999999999999,1.0,1.4,-0.9022454380989074,0.11959713697433472,1.69538294672966,0,0,0,0,,,,,,,
1756098891.8580148,1,follower,auto,-0.21473249793052673,0.9441068172454834,0.175406351685524,-0.09999999999999999,1.0,0.39999999999999997,0.11473249793052674,0.0558931827545166,0.22459364831447598,20,12.3096506454064,4.210399065319364,0,,,,,,,
1756098892.0539591,0,follower,auto,0.8022454380989075,0.8804028630256653,-0.29538294672966003,-0.09999999999999999,1.0,1.4,-0.9022454380989074,0.11959713697433472,1.69538294672966,0,0,0,0,0.1,-0.3288958975222471,-0.33311056527997507,-0.16538548603771983,0.8022454380989075,0.8804028630256653,-0.29538294672966003
1756098892.1544983,1,leader,auto,-0.21473249793052673,0.9441068172454834,0.175406351685524,-0.09999999999999999,1.0,0.39999999999999997,0.11473249793052674,0.0558931827545166,0.22459364831447598,0,0,0,0,1.0,0.11123540365104345,-0.2003704527344765,-0.11310008573509678,-0.21473249793052673,0.9441068172454834,0.175406351685524
1756098892.1554604,0,follower,auto,0.7970921397209167,0.8856159448623657,-0.2901188135147095,-0.09999999999999999,1.0,1.45,-0.8970921397209167,0.11438405513763428,1.7401188135147094,0,0,0,0,,,,,,,
1756098892.2559595,1,follower,auto,-0.23450997471809387,0.9469588398933411,0.22473233938217163,-0.09999999999999999,1.0,0.44999999999999996,0.1345099747180939,0.053041160106658936,0.22526766061782832,20,14.347771076485918,4.107613335223098,0,,,,,,,
1756098892.358432,0,follower,auto,0.7970921397209167,0.8856159448623657,-0.2901188135147095,-0.09999999999999999,1.0,1.45,-0.8970921397209167,0.11438405513763428,1.7401188135147094,0,0,0,0,0.1,-0.33896239896952673,-0.31873340316111975,-0.16361408654294124,0.7970921397209167,0.8856159448623657,-0.2901188135147095
1756098892.459016,1,leader,auto,-0.23450997471809387,0.9469588398933411,0.22473233938217163,-0.09999999999999999,1.0,0.44999999999999996,0.1345099747180939,0.053041160106658936,0.22526766061782832,0,0,0,0,1.0,0.11382504332239762,-0.22138250968524575,-0.10248463263997576,-0.23450997471809387,0.9469588398933411,0.22473233938217163
1756098892.459446,0,follower,auto,0.7991324663162231,0.8942491412162781,-0.28573116660118103,-0.09999999999999999,1.0,1.45,-0.8991324663162231,0.10575085878372192,1.735731166601181,0,0,0,0,,,,,,,
1756098892.559766,1,follower,auto,-0.2479865998029709,0.9462996125221252,0.26194214820861816,-0.09999999999999999,1.0,0.44999999999999996,0.1479865998029709,0.053700387477874756,0.1880578517913818,17.92827712454721,15.346099266447247,4.104141240766972,0,,,,,,,
1756098892.6664376,0,follower,auto,0.7991324663162231,0.8942491412162781,-0.28573116660118103,-0.09999999999999999,1.0,1.45,-0.8991324663162231,0.10575085878372192,1.735731166601181,0,0,0,0,0.1,-0.3314310300580581,-0.31618928445424066,-0.16626713678304555,0.7991324663162231,0.8942491412162781,-0.28573116660118103
1756098892.7699368,1,leader,auto,-0.2479865998029709,0.9462996125221252,0.26194214820861816,-0.09999999999999999,1.0,0.44999999999999996,0.1479865998029709,0.053700387477874756,0.1880578517913818,0,0,0,0,1.0,0.12764416350222985,-0.23161080912320453,-0.11255934688700142,-0.2479865998029709,0.9462996125221252,0.26194214820861816
1756098892.7722893,0,follower,auto,0.7988429665565491,0.9057515859603882,-0.2866049110889435,-0.09999999999999999,1.0,1.5,-0.898842966556549,0.09424841403961182,1.7866049110889435,0,0,0,0,,,,,,,
1756098892.8744345,1,follower,auto,-0.2554859220981598,0.9430220127105713,0.2983465790748596,-0.09999999999999999,1.0,0.49999999999999994,0.1554859220981598,0.05697798728942871,0.20165342092514033,19.966262714142577,16.32355873615671,4.073564367726842,0,,,,,,,
1756098893.0016043,0,follower,auto,0.7988429665565491,0.9057515859603882,-0.2866049110889435,-0.09999999999999999,1.0,1.5,-0.898842966556549,0.09424841403961182,1.7866049110889435,0,0,0,0,0.1,-0.33387499460955516,-0.3143486789967884,-0.17218395616242338,0.7988429665565491,0.9057515859603882,-0.2866049110889435
1756098893.1020608,1,leader,auto,-0.2554859220981598,0.9430220127105713,0.2983465790748596,-0.09999999999999999,1.0,0.49999999999999994,0.1554859220981598,0.05697798728942871,0.20165342092514033,0,0,0,0,1.0,0.14130891574823146,-0.23826081014069755,-0.11071530527475337,-0.2554859220981598,0.9430220127105713,0.2983465790748596
1756098893.103478,0,follower,auto,0.7973646521568298,0.9090868830680847,-0.29103171825408936,-0.09999999999999999,1.0,1.5499999999999998,-0.8973646521568298,0.09091311693191528,1.8410317182540892,0,0,0,0,,,,,,,
1756098893.204185,1,follower,auto,-0.2572501301765442,0.9417664408683777,0.3360399603843689,-0.09999999999999999,1.0,0.5499999999999999,0.1572501301765442,0.058233559131622314,0.21396003961563104,20,16.290456633660582,4.0218536309109325,0,,,,,,,
1756098893.3409252,0,follower,auto,0.7973646521568298,0.9090868830680847,-0.29103171825408936,-0.09999999999999999,1.0,1.5499999999999998,-0.8973646521568298,0.09091311693191528,1.8410317182540892,0,0,0,0,0.1,-0.33503130957302707,-0.32365490589339485,-0.17510386744729592,0.7973646521568298,0.9090868830680847,-0.29103171825408936
1756098893.4415836,1,leader,auto,-0.2572501301765442,0.9417664408683777,0.3360399603843689,-0.09999999999999999,1.0,0.5499999999999999,0.1572501301765442,0.058233559131622314,0.21396003961563104,0,0,0,0,0.9048374180359595,0.1548890537562988,-0.241909396277038,-0.1068570008827272,-0.2572501301765442,0.9417664408683777,0.3360399603843689
1756098893.442785,0,follower,auto,0.7931900024414062,0.9073725938796997,-0.2998468577861786,-0.09999999999999999,1.0,1.5499999999999998,-0.8931900024414062,0.09262740612030029,1.8498468577861784,0,0,0,0,,,,,,,
1756098893.5434632,1,follower,auto,-0.2532385289669037,0.9434722661972046,0.372342050075531,-0.09999999999999999,1.0,0.5499999999999999,0.1532385289669037,0.05652773380279541,0.17765794992446893,16.952086797720938,16.246341181067642,3.9732064274461925,0,,,,,,,
1756098893.6869938,0,follower,auto,0.7931900024414062,0.9073725938796997,-0.2998468577861786,-0.09999999999999999,1.0,1.5499999999999998,-0.8931900024414062,0.09262740612030029,1.8498468577861784,0,0,0,0,0.1,-0.3376257663143498,-0.3292851978358726,-0.17875582962857267,0.7931900024414062,0.9073725938796997,-0.2998468577861786
1756098893.7876291,1,leader,auto,-0.2532385289669037,0.9434722661972046,0.372342050075531,-0.09999999999999999,1.0,0.5499999999999999,0.1532385289669037,0.05652773380279541,0.17765794992446893,0,0,0,0,0.7408182206817179,0.16766197645260628,-0.2444334353293951,-0.10585872607902169,-0.2532385289669037,0.9434722661972046,0.372342050075531
1756098893.7884471,0,follower,auto,0.7910281419754028,0.906571090221405,-0.3069976270198822,-0.09999999999999999,1.0,1.6,-0.8910281419754028,0.09342890977859497,1.9069976270198823,0,0,0,0,,,,,,,
1756098893.8888047,1,follower,auto,-0.2375401258468628,0.9448723196983337,0.4138956367969513,-0.09999999999999999,1.0,0.6,0.13754012584686282,0.05512768030166626,0.18610436320304868,17.946780221273524,14.165536711295848,3.894352954253908,0,,,,,,,
1756098893.9923482,0,follower,auto,0.7910281419754028,0.906571090221405,-0.3069976270198822,-0.09999999999999999,1.0,1.6,-0.8910281419754028,0.09342890977859497,1.9069976270198823,0,0,0,0,0.1,-0.33535543108606847,-0.3286153004356298,-0.17621497258198304,0.7910281419754028,0.906571090221405,-0.3069976270198822
1756098894.0927277,1,leader,auto,-0.2375401258468628,0.9448723196983337,0.4138956367969513,-0.09999999999999999,1.0,0.6,0.13754012584686282,0.05512768030166626,0.18610436320304868,0,0,0,0,0.6065306597126334,0.185535400956918,-0.2470252878350503,-0.09822891191146843,-0.2375401258468628,0.9448723196983337,0.4138956367969513
1756098894.093518,0,follower,auto,0.7945903539657593,0.9039745926856995,-0.31155142188072205,-0.09999999999999999,1.0,1.65,-0.8945903539657593,0.09602540731430054,1.961551421880722,0,0,0,0,,,,,,,
1756098894.1939025,1,follower,auto,-0.21943382918834686,0.9461045861244202,0.44908928871154785,-0.09999999999999999,1.0,0.65,0.11943382918834687,0.053895413875579834,0.20091071128845217,19.942090997877724,12.1201590107919,3.867245270498203,0,,,,,,,
1756098894.2990456,0,follower,auto,0.7945903539657593,0.9039745926856995,-0.31155142188072205,-0.09999999999999999,1.0,1.65,-0.8945903539657593,0.09602540731430054,1.961551421880722,0,0,0,0,0.1,-0.3295100327645446,-0.3306933762869031,-0.1729528759035849,0.7945903539657593,0.9039745926856995,-0.31155142188072205
1756098894.399443,1,leader,auto,-0.21943382918834686,0.9461045861244202,0.44908928871154785,-0.09999999999999999,1.0,0.65,0.11943382918834687,0.053895413875579834,0.20091071128845217,0,0,0,0,0.4965853037914095,0.19097670714927378,-0.25031833786126345,-0.10258946495785792,-0.21943382918834686,0.9461045861244202,0.44908928871154785
1756098894.4010742,0,follower,auto,0.8032257556915283,0.9009064435958862,-0.3112351596355438,-0.09999999999999999,1.0,1.7000000000000002,-0.9032257556915283,0.09909355640411377,2.011235159635544,0,0,0,0,,,,,,,
1756098894.5024164,1,follower,auto,-0.2015451341867447,0.9444964528083801,0.4833882749080658,-0.09999999999999999,1.0,0.7000000000000001,0.1015451341867447,0.05550354719161987,0.21661172509193427,20,11.10159154614929,3.836400373484971,0,,,,,,,
1756098894.606661,0,follower,auto,0.8032257556915283,0.9009064435958862,-0.3112351596355438,-0.09999999999999999,1.0,1.7000000000000002,-0.9032257556915283,0.09909355640411377,2.011235159635544,0,0,0,0,0.1,-0.32466624106325925,-0.33132342526379643,-0.16765035227431935,0.8032257556915283,0.9009064435958862,-0.3112351596355438
1756098894.707167,1,leader,auto,-0.2015451341867447,0.9444964528083801,0.4833882749080658,-0.09999999999999999,1.0,0.7000000000000001,0.1015451341867447,0.05550354719161987,0.21661172509193427,0,0,0,0,0.4065696597405991,0.1914206620741955,-0.25808172832959175,-0.10119600804896334,-0.2015451341867447,0.9444964528083801,0.4833882749080658
1756098894.7081366,0,follower,auto,0.8114219903945923,0.8993868231773376,-0.3039969503879547,-0.09999999999999999,1.0,1.7000000000000002,-0.9114219903945923,0.10061317682266235,2.003996950387955,0,0,0,0,,,,,,,
1756098894.8087904,1,follower,auto,-0.1861443668603897,0.9408373832702637,0.5227110385894775,-0.09999999999999999,1.0,0.7000000000000001,0.08614436686038972,0.05916261672973633,0.17728896141052253,16.966991897027164,9.101156349423896,3.779779354246343,0,,,,,,,
1756098894.9632592,0,follower,auto,0.8114219903945923,0.8993868231773376,-0.3039969503879547,-0.09999999999999999,1.0,1.7000000000000002,-0.9114219903945923,0.10061317682266235,2.003996950387955,0,0,0,0,0.1,-0.3256254336221689,-0.32989549107670424,-0.16063118510894892,0.8114219903945923,0.8993868231773376,-0.3039969503879547
1756098895.0637748,1,leader,auto,-0.1861443668603897,0.9408373832702637,0.5227110385894775,-0.09999999999999999,1.0,0.7000000000000001,0.08614436686038972,0.05916261672973633,0.17728896141052253,0,0,0,0,0.33287108369807955,0.18854908622064592,-0.2646477608518927,-0.09393687045461663,-0.1861443668603897,0.9408373832702637,0.5227110385894775
1756098895.0644886,0,follower,auto,0.8153944611549377,0.8970309495925903,-0.2968910336494446,-0.09999999999999999,1.0,1.75,-0.9153944611549377,0.10296905040740967,2.0468910336494446,0,0,0,0,,,,,,,
1756098895.164953,1,follower,auto,-0.1760796755552292,0.9338735342025757,0.5733769536018372,-0.09999999999999999,1.0,0.7500000000000001,0.0760796755552292,0.06612646579742432,0.17662304639816295,16.99005683529391,8.1187202767859,4.67443025455233,0,,,,,,,
1756098895.2701194,0,follower,auto,0.8153944611549377,0.8970309495925903,-0.2968910336494446,-0.09999999999999999,1.0,1.75,-0.9153944611549377,0.10296905040740967,2.0468910336494446,0,0,0,0,0.1,-0.33031167154755736,-0.33093801477830054,-0.16208973147503822,0.8153944611549377,0.8970309495925903,-0.2968910336494446
1756098895.3707318,1,leader,auto,-0.1760796755552292,0.9338735342025757,0.5733769536018372,-0.09999999999999999,1.0,0.7500000000000001,0.0760796755552292,0.06612646579742432,0.17662304639816295,0,0,0,0,0.2725317930340126,0.18100122137563657,-0.2690406666273779,-0.08073728625063814,-0.1760796755552292,0.9338735342025757,0.5733769536018372
1756098895.3725266,0,follower,auto,0.8154240250587463,0.8955960869789124,-0.294015496969223,-0.09999999999999999,1.0,1.8000000000000003,-0.9154240250587463,0.10440391302108765,2.0940154969692233,0,0,0,0,,,,,,,
1756098895.4731393,1,follower,auto,-0.17324313521385193,0.9297354221343994,0.6167219877243042,-0.09999999999999999,1.0,0.8000000000000002,0.07324313521385194,0.07026457786560059,0.18327801227569596,17.986693249547525,8.153172516713443,5.640691426829566,0,,,,,,,
1756098895.5842922,0,follower,auto,0.8154240250587463,0.8955960869789124,-0.294015496969223,-0.09999999999999999,1.0,1.8000000000000003,-0.9154240250587463,0.10440391302108765,2.0940154969692233,0,0,0,0,0.1,-0.33443587811124065,-0.3301607229205332,-0.16760082699225656,0.8154240250587463,0.8955960869789124,-0.294015496969223
1756098895.684684,1,leader,auto,-0.17324313521385193,0.9297354221343994,0.6167219877243042,-0.09999999999999999,1.0,0.8000000000000002,0.07324313521385194,0.07026457786560059,0.18327801227569596,0,0,0,0,0.22313016014842982,0.171031717406101,-0.2670625464655174,-0.08788836022004476,-0.17324313521385193,0.9297354221343994,0.6167219877243042
1756098895.6851583,0,follower,auto,0.8150438070297241,0.8900546431541443,-0.29125702381134033,-0.09999999999999999,1.0,1.85,-0.9150438070297241,0.10994535684585571,2.1412570238113404,0,0,0,0,,,,,,,
1756098895.7856479,1,follower,auto,-0.17604492604732513,0.9321632981300354,0.6578682661056519,-0.09999999999999999,1.0,0.8500000000000002,0.07604492604732514,0.0678367018699646,0.19213173389434834,18.94757067036749,8.191105578508944,4.608308205436489,0,,,,,,,
1756098895.98282,0,follower,auto,0.8150438070297241,0.8900546431541443,-0.29125702381134033,-0.09999999999999999,1.0,1.85,-0.9150438070297241,0.10994535684585571,2.1412570238113404,0,0,0,0,0.1,-0.33477950735739714,-0.3344576607563914,-0.16873118195145453,0.8150438070297241,0.8900546431541443,-0.29125702381134033
1756098896.1840763,1,leader,auto,-0.17604492604732513,0.9321632981300354,0.6578682661056519,-0.09999999999999999,1.0,0.8500000000000002,0.07604492604732514,0.0678367018699646,0.19213173389434834,0,0,0,0,0.18268352405273466,0.16328465570359796,-0.26245949886332154,-0.09045450577479097,-0.17604492604732513,0.9321632981300354,0.6578682661056519
1756098896.1849902,0,follower,auto,0.8131667375564575,0.8955090641975403,-0.28470751643180847,-0.09999999999999999,1.0,1.9000000000000004,-0.9131667375564575,0.10449093580245972,2.184707516431809,0,0,0,0,,,,,,,
1756098896.285413,1,follower,auto,-0.18296459317207336,0.9334402680397034,0.7182366847991943,-0.09999999999999999,1.0,0.9000000000000002,0.08296459317207337,0.06655973196029663,0.1817633152008059,17.94854959867037,9.224959928443125,4.467097166010982,0,,,,,,,
1756098896.3909032,0,follower,auto,0.8131667375564575,0.8955090641975403,-0.28470751643180847,-0.09999999999999999,1.0,1.9000000000000004,-0.9131667375564575,0.10449093580245972,2.184707516431809,0,0,0,0,0.1,-0.33618958836019774,-0.32339433624284375,-0.16593657839578405,0.8131667375564575,0.8955090641975403,-0.28470751643180847
1756098896.4913974,1,leader,auto,-0.18296459317207336,0.9334402680397034,0.7182366847991943,-0.09999999999999999,1.0,0.9000000000000002,0.08296459317207337,0.06655973196029663,0.1817633152008059,0,0,0,0,0.14956861922263506,0.15756080564861596,-0.26681040568785774,-0.07041340332154522,-0.18296459317207336,0.9334402680397034,0.7182366847991943
1756098896.4923077,0,follower,auto,0.8062645196914673,0.901790201663971,-0.2862609624862671,-0.09999999999999999,1.0,1.9500000000000002,-0.9062645196914673,0.09820979833602905,2.2362609624862673,0,0,0,0,,,,,,,
1756098896.59278,1,follower,auto,-0.1874123513698578,0.9313490986824036,0.758590042591095,-0.09999999999999999,1.0,0.9500000000000003,0.0874123513698578,0.06865090131759644,0.19140995740890532,18.97153234786283,9.21997352917495,4.477883753427639,0,,,,,,,
1756098896.702129,0,follower,auto,0.8062645196914673,0.901790201663971,-0.2862609624862671,-0.09999999999999999,1.0,1.9500000000000002,-0.9062645196914673,0.09820979833602905,2.2362609624862673,0,0,0,0,0.1,-0.34104336145030945,-0.3231639596452385,-0.17525376760706032,0.8062645196914673,0.901790201663971,-0.2862609624862671
1756098896.8025372,1,leader,auto,-0.1874123513698578,0.9313490986824036,0.758590042591095,-0.09999999999999999,1.0,0.9500000000000003,0.0874123513698578,0.06865090131759644,0.19140995740890532,0,0,0,0,0.1224564282529819,0.15980402616510597,-0.2721184702122246,-0.09067075718990536,-0.1874123513698578,0.9313490986824036,0.758590042591095
1756098896.8031354,0,follower,auto,0.7947384119033813,0.9032735824584961,-0.2931014597415924,-0.09999999999999999,1.0,2.0,-0.8947384119033813,0.0967264175415039,2.2931014597415924,0,0,0,0,,,,,,,
1756098896.9035385,1,follower,auto,-0.19302067160606384,0.927073061466217,0.8019700050354004,-0.09999999999999999,1.0,1.0000000000000002,0.09302067160606385,0.07292693853378296,0.19802999496459983,18.991500888784202,10.217134230373809,5.4232298878576675,0,,,,,,,
1756098897.0585709,0,follower,auto,0.7947384119033813,0.9032735824584961,-0.2931014597415924,-0.09999999999999999,1.0,2.0,-0.8947384119033813,0.0967264175415039,2.2931014597415924,0,0,0,0,0.1,-0.34520464968638676,-0.32857187873842975,-0.18027600766289165,0.7947384119033813,0.9032735824584961,-0.2931014597415924
1756098897.1590555,1,leader,auto,-0.19302067160606384,0.927073061466217,0.8019700050354004,-0.09999999999999999,1.0,1.0000000000000002,0.09302067160606385,0.07292693853378296,0.19802999496459983,0,0,0,0,0.10025884372280375,0.15827519608595297,-0.2769477622062406,-0.08668179085953387,-0.19302067160606384,0.927073061466217,0.8019700050354004
1756098897.1595998,0,follower,auto,0.7811916470527649,0.9035152792930603,-0.30134642124176025,-0.09999999999999999,1.0,2.0500000000000003,-0.8811916470527649,0.0964847207069397,2.3513464212417605,0,0,0,0,,,,,,,
1756098897.2599742,1,follower,auto,-0.20216819643974304,0.9233600497245789,0.8535715937614441,-0.09999999999999999,1.0,1.0500000000000003,0.10216819643974305,0.07663995027542114,0.19642840623855617,18.997799003875098,11.227998415541204,5.318566403023789,0,,,,,,,
1756098897.3639739,0,follower,auto,0.7811916470527649,0.9035152792930603,-0.30134642124176025,-0.09999999999999999,1.0,2.0500000000000003,-0.8811916470527649,0.0964847207069397,2.3513464212417605,0,0,0,0,0.1,-0.34651302776773396,-0.3300992499740849,-0.18120570540575406,0.7811916470527649,0.9035152792930603,-0.30134642124176025
1756098897.4643426,1,leader,auto,-0.20216819643974304,0.9233600497245789,0.8535715937614441,-0.09999999999999999,1.0,1.0500000000000003,0.10216819643974305,0.07663995027542114,0.19642840623855617,0,0,0,0,0.1,0.15545661395369642,-0.27875937188810207,-0.0786824870140812,-0.20216819643974304,0.9233600497245789,0.8535715937614441
1756098897.4649842,0,follower,auto,0.7688161134719849,0.9017541408538818,-0.30499589443206787,-0.09999999999999999,1.0,2.1000000000000005,-0.8688161134719848,0.09824585914611816,2.4049958944320684,0,0,0,0,,,,,,,
1756098897.5653882,1,follower,auto,-0.20880351960659027,0.9238043427467346,0.8942682147026062,-0.09999999999999999,1.0,1.1000000000000003,0.10880351960659028,0.07619565725326538,0.2057317852973941,19.978157545553398,11.215401898000106,5.301297667393801,0,,,,,,,
1756098897.6735585,0,follower,auto,0.7688161134719849,0.9017541408538818,-0.30499589443206787,-0.09999999999999999,1.0,2.1000000000000005,-0.8688161134719848,0.09824585914611816,2.4049958944320684,0,0,0,0,0.1,-0.3445510148318336,-0.33229613024938254,-0.17616671768787143,0.7688161134719849,0.9017541408538818,-0.30499589443206787
1756098897.7738905,1,leader,auto,-0.20880351960659027,0.9238043427467346,0.8942682147026062,-0.09999999999999999,1.0,1.1000000000000003,0.10880351960659028,0.07619565725326538,0.2057317852973941,0,0,0,0,0.1,0.15986941719884784,-0.2768743038148971,-0.09018507198114178,-0.20880351960659027,0.9238043427467346,0.8942682147026062
1756098897.7863011,0,follower,auto,0.7548812031745911,0.9007409811019897,-0.30743005871772766,-0.09999999999999999,1.0,2.1000000000000005,-0.854881203174591,0.09925901889801025,2.407430058717728,0,0,0,0,,,,,,,
1756098897.8873107,1,follower,auto,-0.21249617636203766,0.9277907013893127,0.9373070597648621,-0.09999999999999999,1.0,1.1000000000000003,0.11249617636203767,0.07220929861068726,0.16269294023513825,15.95218296570383,12.189039515308579,5.247676688066041,0,,,,,,,
1756098898.0807934,0,follower,auto,0.7548812031745911,0.9007409811019897,-0.30743005871772766,-0.09999999999999999,1.0,2.1000000000000005,-0.854881203174591,0.09925901889801025,2.407430058717728,0,0,0,0,0.1,-0.34543733065853743,-0.33161038374713314,-0.17484873282980792,0.7548812031745911,0.9007409811019897,-0.30743005871772766
1756098898.181336,1,leader,auto,-0.21249617636203766,0.9277907013893127,0.9373070597648621,-0.09999999999999999,1.0,1.1000000000000003,0.11249617636203767,0.07220929861068726,0.16269294023513825,0,0,0,0,0.1,0.16443532047631687,-0.27669793751113425,-0.08773304120857328,-0.21249617636203766,0.9277907013893127,0.9373070597648621
1756098898.1821227,0,follower,auto,0.7419987320899963,0.8998575806617737,-0.3085308074951172,-0.09999999999999999,1.0,2.1500000000000004,-0.8419987320899963,0.10014241933822632,2.4585308074951175,0,0,0,0,,,,,,,
1756098898.2827559,1,follower,auto,-0.21531111001968384,0.9325622916221619,0.9920337796211243,-0.09999999999999999,1.0,1.1500000000000004,0.11531111001968385,0.06743770837783813,0.1579662203788761,14.936106456884154,12.169050529853116,4.131878641137754,0,,,,,,,
1756098898.3880467,0,follower,auto,0.7419987320899963,0.8998575806617737,-0.3085308074951172,-0.09999999999999999,1.0,2.1500000000000004,-0.8419987320899963,0.10014241933822632,2.4585308074951175,0,0,0,0,0.1,-0.3436586516062261,-0.33158400141062927,-0.17353676443699656,0.7419987320899963,0.8998575806617737,-0.3085308074951172
1756098898.488601,1,leader,auto,-0.21531111001968384,0.9325622916221619,0.9920337796211243,-0.09999999999999999,1.0,1.1500000000000004,0.11531111001968385,0.06743770837783813,0.1579662203788761,0,0,0,0,0.1,0.16763596386084767,-0.27526301263589903,-0.07602886063011849,-0.21531111001968384,0.9325622916221619,0.9920337796211243
1756098898.4895875,0,follower,auto,0.7374910712242126,0.8998268246650696,-0.3075748383998871,-0.09999999999999999,1.0,2.2,-0.8374910712242126,0.10017317533493042,2.5075748383998873,0,0,0,0,,,,,,,
1756098898.5900402,1,follower,auto,-0.21743319928646088,0.9387423396110535,1.031860113143921,-0.09999999999999999,1.0,1.2000000000000004,0.11743319928646088,0.06125766038894653,0.1681398868560795,15.91995081352246,12.160905515329722,4.133174301054858,0,,,,,,,
1756098898.6949732,0,follower,auto,0.7374910712242126,0.8998268246650696,-0.3075748383998871,-0.09999999999999999,1.0,2.2,-0.8374910712242126,0.10017317533493042,2.5075748383998873,0,0,0,0,0.1,-0.3346643222910415,-0.3308363168824795,-0.17263874731048212,0.7374910712242126,0.8998268246650696,-0.3075748383998871
1756098898.795282,1,leader,auto,-0.21743319928646088,0.9387423396110535,1.031860113143921,-0.09999999999999999,1.0,1.2000000000000004,0.11743319928646088,0.06125766038894653,0.1681398868560795,0,0,0,0,0.1,0.17043970094991906,-0.27227488057858684,-0.09049939396691475,-0.21743319928646088,0.9387423396110535,1.031860113143921
1756098898.7957509,0,follower,auto,0.7391387820243835,0.9005571007728577,-0.306562215089798,-0.09999999999999999,1.0,2.2,-0.8391387820243835,0.09944289922714233,2.506562215089798,0,0,0,0,,,,,,,
1756098898.8961802,1,follower,auto,-0.21864861249923706,0.9431107640266418,1.0667164325714111,-0.09999999999999999,1.0,1.2000000000000004,0.11864861249923707,0.056889235973358154,0.13328356742858927,12.92058305098728,12.15894852613708,3.1278179540833184,0,,,,,,,
1756098899.0033984,0,follower,auto,0.7391387820243835,0.9005571007728577,-0.306562215089798,-0.09999999999999999,1.0,2.2,-0.8391387820243835,0.09944289922714233,2.506562215089798,0,0,0,0,0.1,-0.32842909128762443,-0.3302251057650385,-0.17383014386098244,0.7391387820243835,0.9005571007728577,-0.306562215089798
1756098899.1038587,1,leader,auto,-0.21864861249923706,0.9431107640266418,1.0667164325714111,-0.09999999999999999,1.0,1.2000000000000004,0.11864861249923707,0.056889235973358154,0.13328356742858927,0,0,0,0,0.1,0.17328090046225447,-0.2736699621306973,-0.09417261872526117,-0.21864861249923706,0.9431107640266418,1.0667164325714111
1756098899.104278,0,follower,auto,0.7420929074287415,0.9036477208137512,-0.3061668276786804,-0.09999999999999999,1.0,2.2,-0.8420929074287414,0.09635227918624878,2.5061668276786806,0,0,0,0,,,,,,,
1756098899.204602,1,follower,auto,-0.21869702637195587,0.9454142451286316,1.1003520488739014,-0.09999999999999999,1.0,1.2000000000000004,0.11869702637195588,0.05458575487136841,0.09964795112609903,8.931699784261333,12.156032354638876,3.103633459049474,0,,,,,,,
1756098899.3091257,0,follower,auto,0.7420929074287415,0.9036477208137512,-0.3061668276786804,-0.09999999999999999,1.0,2.2,-0.8420929074287414,0.09635227918624878,2.5061668276786806,0,0,0,0,0.1,-0.3274169312061799,-0.32805125548603087,-0.17466096858622684,0.7420929074287415,0.9036477208137512,-0.3061668276786804
1756098899.409442,1,leader,auto,-0.21869702637195587,0.9454142451286316,1.1003520488739014,-0.09999999999999999,1.0,1.2000000000000004,0.11869702637195588,0.05458575487136841,0.09964795112609903,0,0,0,0,0.1,0.17620999430071366,-0.27223529076744124,-0.09287078268082882,-0.21869702637195587,0.9454142451286316,1.1003520488739014
1756098899.4100049,0,follower,auto,0.7442121505737305,0.9099647402763367,-0.3066890239715576,-0.04999999999999999,1.0,2.2,-0.7942121505737305,0.09003525972366333,2.506689023971558,0,0,0,0,,,,,,,
1756098899.5103595,1,follower,auto,-0.21747152507305145,0.9485543370246887,1.1303317546844482,-0.04999999999999999,1.0,1.2000000000000004,0.16747152507305146,0.05144566297531128,0.06966824531555216,5.935049981970295,17.14979863554415,3.087097134482268,0,,,,,,,
1756098899.6610434,0,follower,auto,0.7442121505737305,0.9099647402763367,-0.3066890239715576,-0.04999999999999999,1.0,2.2,-0.7942121505737305,0.09003525972366333,2.506689023971558,0,0,0,0,0.1,-0.3286067975931781,-0.3251417807351771,-0.17578369512400588,0.7442121505737305,0.9099647402763367,-0.3066890239715576
1756098899.7614622,1,leader,auto,-0.21747152507305145,0.9485543370246887,1.1303317546844482,-0.04999999999999999,1.0,1.2000000000000004,0.16747152507305146,0.05144566297531128,0.06966824531555216,0,0,0,0,0.1,0.17906734216893294,-0.2639962623115888,-0.09405807967097202,-0.21747152507305145,0.9485543370246887,1.1303317546844482
1756098899.7624025,0,follower,auto,0.7439658641815186,0.9167681932449341,-0.3065796494483948,1.3877787807814457e-17,1.0,2.2,-0.7439658641815186,0.08323180675506592,2.506579649448395,0,0,0,0,,,,,,,
1756098899.8630948,1,follower,auto,-0.214866042137146,0.9508246779441833,1.156913161277771,1.3877787807814457e-17,1.0,1.2000000000000004,0.214866042137146,0.04917532205581665,0.043086838722229404,3.9440040359195185,20,2.075623340097488,0,,,,,,,
1756098900.0199435,0,follower,auto,0.7439658641815186,0.9167681932449341,-0.3065796494483948,1.3877787807814457e-17,1.0,2.2,-0.7439658641815186,0.08323180675506592,2.506579649448395,0,0,0,0,0.1,-0.33125591927478837,-0.3251468403850546,-0.17533081424847122,0.7439658641815186,0.9167681932449341,-0.3065796494483948
1756098900.1206038,1,leader,auto,-0.214866042137146,0.9508246779441833,1.156913161277771,1.3877787807814457e-17,1.0,1.2000000000000004,0.214866042137146,0.04917532205581665,0.043086838722229404,0,0,0,0,0.1,0.18685308191134214,-0.2549612875314262,-0.09489999124241999,-0.214866042137146,0.9508246779441833,1.156913161277771
1756098900.1238134,0,follower,auto,0.7413648962974548,0.9210113286972046,-0.30564337968826294,0.05000000000000002,1.0,2.2,-0.6913648962974548,0.07898867130279541,2.505643379688263,0,0,0,0,,,,,,,
1756098900.2250996,1,follower,auto,-0.20374956727027893,0.9503901600837708,1.1710975170135498,0.05000000000000002,1.0,1.2000000000000004,0.253749567270279,0.04960983991622925,0.028902482986450595,1.9620319226174388,20,2.11788104375822,0,,,,,,,
1756098900.3740926,0,follower,auto,0.7413648962974548,0.9210113286972046,-0.30564337968826294,0.05000000000000002,1.0,2.2,-0.6913648962974548,0.07898867130279541,2.505643379688263,0,0,0,0,0.1,-0.3337352456101528,-0.32819834747827814,-0.17374018817053563,0.7413648962974548,0.9210113286972046,-0.30564337968826294
1756098900.4746327,1,leader,auto,-0.20374956727027893,0.9503901600837708,1.1710975170135498,0.05000000000000002,1.0,1.2000000000000004,0.253749567270279,0.04960983991622925,0.028902482986450595,0,0,0,0,0.1,0.20415288892762323,-0.2463124730953674,-0.10367866596551623,-0.20374956727027893,0.9503901600837708,1.1710975170135498
1756098900.4754372,0,follower,auto,0.7373338937759399,0.922685444355011,-0.3043437600135803,0.10000000000000002,1.0,2.2,-0.63733389377594,0.07731455564498901,2.5043437600135805,0,0,0,0,,,,,,,
1756098900.5757878,1,follower,auto,-0.1802314817905426,0.9496475458145142,1.175529956817627,0.10000000000000002,1.0,1.2000000000000004,0.28023148179054264,0.05035245418548584,0.024470043182373447,1.9699504142638693,20,3.172526328565546,0,,,,,,,
1756098900.680903,0,follower,auto,0.7373338937759399,0.922685444355011,-0.3043437600135803,0.10000000000000002,1.0,2.2,-0.63733389377594,0.07731455564498901,2.5043437600135805,0,0,0,0,0.1,-0.3351411655109948,-0.3310754664240456,-0.17172056170112343,0.7373338937759399,0.922685444355011,-0.3043437600135803
1756098900.781484,1,leader,auto,-0.1802314817905426,0.9496475458145142,1.175529956817627,0.10000000000000002,1.0,1.2000000000000004,0.28023148179054264,0.05035245418548584,0.024470043182373447,0,0,0,0,0.1,0.22430532620483512,-0.23380385304110662,-0.10932774298304526,-0.1802314817905426,0.9496475458145142,1.175529956817627
1756098900.783092,0,follower,auto,0.7339051365852356,0.9235596060752869,-0.30403512716293335,0.15000000000000002,1.0,2.2,-0.5839051365852356,0.07644039392471313,2.5040351271629335,0,0,0,0,,,,,,,
1756098900.88451,1,follower,auto,-0.15070408582687378,0.9506786465644836,1.1719695329666138,0.15000000000000002,1.0,1.2000000000000004,0.3007040858268738,0.04932135343551636,0.02803046703338663,1.963818009067674,20,2.2282606246476973,0,,,,,,,
1756098900.986577,0,follower,auto,0.7339051365852356,0.9235596060752869,-0.30403512716293335,0.15000000000000002,1.0,2.2,-0.5839051365852356,0.07644039392471313,2.5040351271629335,0,0,0,0,0.1,-0.33443045024952456,-0.33201089237613335,-0.171177518578454,0.7339051365852356,0.9235596060752869,-0.30403512716293335
1756098901.0869114,1,leader,auto,-0.15070408582687378,0.9506786465644836,1.1719695329666138,0.15000000000000002,1.0,1.2000000000000004,0.3007040858268738,0.04932135343551636,0.02803046703338663,0,0,0,0,0.1,0.23685631711647753,-0.21997185725367818,-0.11393346838771823,-0.15070408582687378,0.9506786465644836,1.1719695329666138
1756098901.0873837,0,follower,auto,0.7325943112373352,0.9245766401290894,-0.30378732085227966,0.2,1.0,2.2,-0.5325943112373352,0.07542335987091064,2.50378732085228,0,0,0,0,,,,,,,
1756098901.1877458,1,follower,auto,-0.11597742885351181,0.9491388201713562,1.1620932817459106,0.2,1.0,1.2000000000000004,0.3159774288535118,0.0508611798286438,0.037906718254089755,2.975900912096828,20,3.282263397050071,0,,,,,,,
1756098901.290047,0,follower,auto,0.7325943112373352,0.9245766401290894,-0.30378732085227966,0.2,1.0,2.2,-0.5325943112373352,0.07542335987091064,2.50378732085228,0,0,0,0,0.1,-0.3322466913917492,-0.33194736650003875,-0.16973560992647227,0.7325943112373352,0.9245766401290894,-0.30378732085227966
1756098901.3903992,1,leader,auto,-0.11597742885351181,0.9491388201713562,1.1620932817459106,0.2,1.0,1.2000000000000004,0.3159774288535118,0.0508611798286438,0.037906718254089755,0,0,0,0,0.1,0.24784419909918204,-0.2113082909706221,-0.11564154827879292,-0.11597742885351181,0.9491388201713562,1.1620932817459106
1756098901.3909616,0,follower,auto,0.7344887852668762,0.9268300533294678,-0.3048494756221771,0.25,1.0,2.2,-0.4844887852668762,0.07316994667053223,2.5048494756221773,0,0,0,0,,,,,,,
1756098901.4913182,1,follower,auto,-0.0806901827454567,0.9482735991477966,1.1492310762405396,0.25,1.0,1.2000000000000004,0.3306901827454567,0.05172640085220337,0.05076892375946085,4.97951433176122,20,3.3215206369376684,0,,,,,,,
1756098901.6996572,0,follower,auto,0.7344887852668762,0.9268300533294678,-0.3048494756221771,0.25,1.0,2.2,-0.4844887852668762,0.07316994667053223,2.5048494756221773,0,0,0,0,0.1,-0.3291065905308028,-0.3307941453634604,-0.16961846344722117,0.7344887852668762,0.9268300533294678,-0.3048494756221771
1756098901.8003156,1,leader,auto,-0.0806901827454567,0.9482735991477966,1.1492310762405396,0.25,1.0,1.2000000000000004,0.3306901827454567,0.05172640085220337,0.05076892375946085,0,0,0,0,0.1,0.25353413628792426,-0.20093108905491364,-0.1149712730637833,-0.0806901827454567,0.9482735991477966,1.1492310762405396
1756098901.801715,0,follower,auto,0.7373452186584473,0.9243118762969971,-0.3137982487678528,0.3,1.0,2.2,-0.4373452186584473,0.07568812370300293,2.513798248767853,0,0,0,0,,,,,,,
1756098901.9026048,1,follower,auto,-0.02890114299952984,0.9493265151977539,1.1310157775878906,0.3,1.0,1.2000000000000004,0.3289011429995298,0.050673484802246094,0.06898422241210977,5.967134161932235,20,3.3626526124661122,0,,,,,,,
1756098902.0065188,0,follower,auto,0.7373452186584473,0.9243118762969971,-0.3137982487678528,0.3,1.0,2.2,-0.4373452186584473,0.07568812370300293,2.513798248767853,0,0,0,0,0.1,-0.3283982357369246,-0.335718086874502,-0.1760767234222354,0.7373452186584473,0.9243118762969971,-0.3137982487678528
1756098902.1069486,1,leader,auto,-0.02890114299952984,0.9493265151977539,1.1310157775878906,0.3,1.0,1.2000000000000004,0.3289011429995298,0.050673484802246094,0.06898422241210977,0,0,0,0,0.1,0.27482388174852057,-0.1919366009698633,-0.11674761046417181,-0.02890114299952984,0.9493265151977539,1.1310157775878906
1756098902.1073823,0,follower,auto,0.7375313639640808,0.9196241497993469,-0.3175288140773773,0.35,1.0,2.2,-0.38753136396408083,0.08037585020065308,2.5175288140773775,0,0,0,0,,,,,,,
1756098902.207701,1,follower,auto,0.005750438664108515,0.950531005859375,1.1211568117141724,0.35,1.0,1.2000000000000004,0.34424956133589146,0.049468994140625,0.07884318828582804,6.956998430533101,20,2.3439137389476583,0,,,,,,,
1756098902.3122895,0,follower,auto,0.7375313639640808,0.9196241497993469,-0.3175288140773773,0.35,1.0,2.2,-0.38753136396408083,0.08037585020065308,2.5175288140773775,0,0,0,0,0.1,-0.33136462967864677,-0.33774455112721125,-0.1690664296827391,0.7375313639640808,0.9196241497993469,-0.3175288140773773
1756098902.412868,1,leader,auto,0.005750438664108515,0.950531005859375,1.1211568117141724,0.35,1.0,1.2000000000000004,0.34424956133589146,0.049468994140625,0.07884318828582804,0,0,0,0,0.1,0.26119699076132086,-0.1862359644619398,-0.10474907366985708,0.005750438664108515,0.950531005859375,1.1211568117141724
1756098902.4145315,0,follower,auto,0.7359082698822021,0.9132516384124756,-0.315481960773468,0.39999999999999997,1.0,2.2,-0.3359082698822022,0.08674836158752441,2.515481960773468,0,0,0,0,,,,,,,
1756098902.5154288,1,follower,auto,0.050550706684589386,0.9507204294204712,1.1109342575073242,0.39999999999999997,1.0,1.2000000000000004,0.3494492933154106,0.04927957057952881,0.08906574249267618,7.952467869175342,20,2.3523362127010667,0,,,,,,,
1756098902.6201928,0,follower,auto,0.7359082698822021,0.9132516384124756,-0.315481960773468,0.39999999999999997,1.0,2.2,-0.3359082698822022,0.08674836158752441,2.515481960773468,0,0,0,0,0.1,-0.3332919912854402,-0.3391646629487999,-0.16289873861469942,0.7359082698822021,0.9132516384124756,-0.315481960773468
1756098902.7205832,1,leader,auto,0.050550706684589386,0.9507204294204712,1.1109342575073242,0.39999999999999997,1.0,1.2000000000000004,0.3494492933154106,0.04927957057952881,0.08906574249267618,0,0,0,0,0.1,0.2756738576724841,-0.18303387212528155,-0.10117163132174323,0.05055070668458936,0.9507204294204712,1.1109342575073242
1756098902.7217,0,follower,auto,0.7338043451309204,0.9062397480010986,-0.308481901884079,0.39999999999999997,1.0,2.2,-0.33380434513092044,0.09376025199890137,2.508481901884079,0,0,0,0,,,,,,,
1756098902.8223412,1,follower,auto,0.09211067855358124,0.9446337819099426,1.1068531274795532,0.39999999999999997,1.0,1.2000000000000004,0.30788932144641873,0.05536621809005737,0.09314687252044718,8.978720204369088,20,3.337949413271685,0,,,,,,,
1756098902.9774632,0,follower,auto,0.7338043451309204,0.9062397480010986,-0.308481901884079,0.39999999999999997,1.0,2.2,-0.33380434513092044,0.09376025199890137,2.508481901884079,0,0,0,0,0.1,-0.3337753024777168,-0.3394541621963776,-0.15788289856302085,0.7338043451309204,0.9062397480010986,-0.308481901884079
1756098903.0779293,1,leader,auto,0.09211067855358124,0.9446337819099426,1.1068531274795532,0.39999999999999997,1.0,1.2000000000000004,0.30788932144641873,0.05536621809005737,0.09314687252044718,0,0,0,0,0.1,0.2758931300606461,-0.18628037873856473,-0.09131224547606243,0.09211067855358121,0.9446337819099426,1.1068531274795532
1756098903.0795188,0,follower,auto,0.7336999773979187,0.9028114080429077,-0.3014201521873474,0.44999999999999996,1.0,2.2,-0.28369997739791875,0.09718859195709229,2.5014201521873476,0,0,0,0,,,,,,,
1756098903.180424,1,follower,auto,0.1423937976360321,0.9330734014511108,1.1120496988296509,0.44999999999999996,1.0,1.2000000000000004,0.30760620236396785,0.06692659854888916,0.08795030117034952,8.01967711935516,20,4.292916013661605,0,,,,,,,
1756098903.2840924,0,follower,auto,0.7336999773979187,0.9028114080429077,-0.3014201521873474,0.44999999999999996,1.0,2.2,-0.28369997739791875,0.09718859195709229,2.5014201521873476,0,0,0,0,0.1,-0.33174922731077383,-0.33550336201140896,-0.15901711274642183,0.7336999773979187,0.9028114080429077,-0.3014201521873474
1756098903.3844397,1,leader,auto,0.1423937976360321,0.9330734014511108,1.1120496988296509,0.44999999999999996,1.0,1.2000000000000004,0.30760620236396785,0.06692659854888916,0.08795030117034952,0,0,0,0,0.1,0.2880626894704663,-0.18955600916692306,-0.07989375878290161,0.14239379763603208,0.9330734014511108,1.1120496988296509
1756098903.384842,0,follower,auto,0.732919454574585,0.9003447890281677,-0.3011147081851959,0.49999999999999994,1.0,2.2,-0.23291945457458502,0.09965521097183228,2.501114708185196,0,0,0,0,,,,,,,
1756098903.4852064,1,follower,auto,0.18690301477909088,0.9311826229095459,1.1233493089675903,0.49999999999999994,1.0,1.2000000000000004,0.31309698522090906,0.0688173770904541,0.07665069103241007,6.98773332265042,20,4.239908767301912,0,,,,,,,
1756098903.5903149,0,follower,auto,0.732919454574585,0.9003447890281677,-0.3011147081851959,0.49999999999999994,1.0,2.2,-0.23291945457458502,0.09965521097183228,2.501114708185196,0,0,0,0,0.1,-0.33252042876245946,-0.33441143934727346,-0.16689003920949724,0.732919454574585,0.9003447890281677,-0.3011147081851959
1756098903.6907597,1,leader,auto,0.18690301477909088,0.9311826229095459,1.1233493089675903,0.49999999999999994,1.0,1.2000000000000004,0.31309698522090906,0.0688173770904541,0.07665069103241007,0,0,0,0,0.1,0.2850050261628463,-0.17653272381899598,-0.07329001048174733,0.18690301477909088,0.9311826229095459,1.1233493089675903
1756098903.6920164,0,follower,auto,0.7302091717720032,0.8970248699188232,-0.29802000522613525,0.5499999999999999,1.0,2.2,-0.18020917177200324,0.10297513008117676,2.4980200052261354,0,0,0,0,,,,,,,
1756098903.792552,1,follower,auto,0.22998134791851044,0.9338347911834717,1.1387542486190796,0.5499999999999999,1.0,1.2000000000000004,0.3200186520814895,0.06616520881652832,0.06124575138092081,5.952110604724356,20,4.195949825215064,0,,,,,,,
1756098903.8941648,0,follower,auto,0.7302091717720032,0.8970248699188232,-0.29802000522613525,0.5499999999999999,1.0,2.2,-0.18020917177200324,0.10297513008117676,2.4980200052261354,0,0,0,0,0.1,-0.3344989630159598,-0.3352000530810415,-0.1647838969694106,0.7302091717720032,0.8970248699188232,-0.29802000522613525
1756098903.9949589,1,leader,auto,0.22998134791851044,0.9338347911834717,1.1387542486190796,0.5499999999999999,1.0,1.2000000000000004,0.3200186520814895,0.06616520881652832,0.06124575138092081,0,0,0,0,0.1,0.28647384058943626,-0.1683855468970159,-0.06902718910659478,0.22998134791851044,0.9338347911834717,1.1387542486190796
1756098903.9964154,0,follower,auto,0.7272655367851257,0.8919334411621094,-0.29469481110572815,0.6,1.0,2.2,-0.12726553678512575,0.10806655883789062,2.4946948111057283,0,0,0,0,,,,,,,
1756098904.097225,1,follower,auto,0.27310362458229065,0.9377574920654297,1.1555838584899902,0.6,1.0,1.2000000000000004,0.32689637541770933,0.06224250793457031,0.044416141510010165,3.9274205482843723,20,4.16500491397611,0,,,,,,,
1756098904.3018875,0,follower,auto,0.7272655367851257,0.8919334411621094,-0.29469481110572815,0.6,1.0,2.2,-0.12726553678512575,0.10806655883789062,2.4946948111057283,0,0,0,0,0.1,-0.3332499625308327,-0.3368595595435484,-0.16637365201672843,0.7272655367851257,0.8919334411621094,-0.29469481110572815
1756098904.4024606,1,leader,auto,0.27310362458229065,0.9377574920654297,1.1555838584899902,0.6,1.0,1.2000000000000004,0.32689637541770933,0.06224250793457031,0.044416141510010165,0,0,0,0,0.1,0.28932935367843077,-0.1629639920798871,-0.0676568373659927,0.27310362458229065,0.9377574920654297,1.1555838584899902
1756098904.4045928,0,follower,auto,0.7260621786117554,0.8905635476112366,-0.2910367250442505,0.65,1.0,2.2,-0.07606217861175535,0.10943645238876343,2.4910367250442507,0,0,0,0,,,,,,,
1756098904.505668,1,follower,auto,0.3316909074783325,0.941663384437561,1.1767830848693848,0.65,1.0,1.2000000000000004,0.3183090925216675,0.058336615562438965,0.023216915130615634,1.9169982706559658,20,3.1211812725574726,0,,,,,,,
1756098904.6166112,0,follower,auto,0.7260621786117554,0.8905635476112366,-0.2910367250442505,0.65,1.0,2.2,-0.07606217861175535,0.10943645238876343,2.4910367250442507,0,0,0,0,0.1,-0.32404351251004737,-0.3329264507650944,-0.16777965481952772,0.7260621786117554,0.8905635476112366,-0.2910367250442505
1756098904.7173386,1,leader,auto,0.3316909074783325,0.941663384437561,1.1767830848693848,0.65,1.0,1.2000000000000004,0.3183090925216675,0.058336615562438965,0.023216915130615634,0,0,0,0,0.1,0.30743459868998657,-0.15713038161320503,-0.06339281552952536,0.3316909074783325,0.941663384437561,1.1767830848693848
1756098904.7188864,0,follower,auto,0.7298552989959717,0.8913875818252563,-0.2898958921432495,0.65,1.0,2.2,-0.07985529899597166,0.10861241817474365,2.4898958921432497,0,0,0,0,,,,,,,
1756098904.8194993,1,follower,auto,0.3724084496498108,0.9465580582618713,1.1866472959518433,0.65,1.0,1.2000000000000004,0.27759155035018923,0.05344194173812866,0.013352704048157138,0.9067332206682254,20,3.1514880010757134,0,,,,,,,
1756098905.0160952,0,follower,auto,0.7298552989959717,0.8913875818252563,-0.2898958921432495,0.65,1.0,2.2,-0.07985529899597166,0.10861241817474365,2.4898958921432497,0,0,0,0,0.1,-0.30706776369786826,-0.33075693595429634,-0.1719704423396785,0.7298552989959717,0.8913875818252563,-0.2898958921432495
1756098905.1165776,1,leader,auto,0.3724084496498108,0.9465580582618713,1.1866472959518433,0.65,1.0,1.2000000000000004,0.27759155035018923,0.05344194173812866,0.013352704048157138,0,0,0,0,0.1,0.29111878204402386,-0.14863077553488968,-0.07404544316724726,0.3724084496498108,0.9465580582618713,1.1866472959518433
1756098905.1190634,0,follower,auto,0.7391870617866516,0.8891724348068237,-0.2896638810634613,0.7000000000000001,1.0,2.2,-0.039187061786651545,0.11082756519317627,2.4896638810634615,0,0,0,0,,,,,,,
1756098905.2200139,1,follower,auto,0.43667072057724,0.9556881785392761,1.1973739862442017,0.7000000000000001,1.0,1.2000000000000004,0.2633292794227601,0.04431182146072388,0.0026260137557987395,-0.12628405992639397,20,2.147504408039847,0,,,,,,,
1756098905.3215125,0,follower,auto,0.7391870617866516,0.8891724348068237,-0.2896638810634613,0.7000000000000001,1.0,2.2,-0.039187061786651545,0.11082756519317627,2.4896638810634615,0,0,0,0,0.1,-0.29054695128555674,-0.33395070102949087,-0.17432177691112527,0.7391870617866516,0.8891724348068237,-0.2896638810634613
1756098905.4219584,1,leader,auto,0.43667072057724,0.9556881785392761,1.1973739862442017,0.7000000000000001,1.0,1.2000000000000004,0.2633292794227601,0.04431182146072388,0.0026260137557987395,0,0,0,0,0.1,0.31719638387733334,-0.13638421577037008,-0.07189172536838839,0.43667072057724,0.9556881785392761,1.1973739862442017
1756098905.4227104,0,follower,auto,0.7422112822532654,0.885766863822937,-0.28804099559783936,0.7000000000000001,1.0,2.1500000000000004,-0.042211282253265314,0.11423313617706299,2.4380409955978397,0,0,0,0,,,,,,,
1756098905.623279,1,follower,auto,0.4826137125492096,0.9600434899330139,1.2024158239364624,0.7000000000000001,1.0,1.1500000000000004,0.21738628745079047,0.039956510066986084,-0.05241582393646205,-5.121363809420027,20,1.1698610528940554,0,,,,,,,
1756098905.7398312,0,follower,auto,0.7422112822532654,0.885766863822937,-0.28804099559783936,0.7000000000000001,1.0,2.1500000000000004,-0.042211282253265314,0.11423313617706299,2.4380409955978397,0,0,0,0,0.1,-0.28282777742470433,-0.3351040829331755,-0.1752517331443283,0.7422112822532654,0.885766863822937,-0.28804099559783936
1756098905.840303,1,leader,auto,0.4826137125492096,0.9600434899330139,1.2024158239364624,0.7000000000000001,1.0,1.1500000000000004,0.21738628745079047,0.039956510066986084,-0.05241582393646205,0,0,0,0,0.1,0.2998453218892338,-0.1328496876478884,-0.0754105788544226,0.4826137125492096,0.9600434899330139,1.2024158239364624
1756098905.8413172,0,follower,auto,0.7451493144035339,0.8836365342140198,-0.2818847596645355,0.7000000000000001,1.0,2.1000000000000005,-0.04514931440353387,0.11636346578598022,2.381884759664536,0,0,0,0,,,,,,,
1756098905.9417896,1,follower,auto,0.5510212182998657,0.9691881537437439,1.2062801122665405,0.7000000000000001,1.0,1.1000000000000003,0.14897878170013434,0.030811846256256104,-0.10628011226654022,-10.150739088867114,13.856220678359207,1.185494913596946,0,,,,,,,
1756098906.1450152,0,follower,auto,0.7451493144035339,0.8836365342140198,-0.2818847596645355,0.7000000000000001,1.0,2.1000000000000005,-0.04514931440353387,0.11636346578598022,2.381884759664536,0,0,0,0,0.1,-0.27028144229000084,-0.3337225965822155,-0.17298371829035278,0.7451493144035339,0.8836365342140198,-0.2818847596645355
1756098906.2454379,1,leader,auto,0.5510212182998657,0.9691881537437439,1.2062801122665405,0.7000000000000001,1.0,1.1000000000000003,0.14897878170013434,0.030811846256256104,-0.10628011226654022,0,0,0,0,0.1,0.3243191163545663,-0.11496799016260284,-0.07323335453823376,0.5510212182998657,0.9691881537437439,1.2062801122665405
1756098906.2465456,0,follower,auto,0.7471546530723572,0.8854855895042419,-0.281078964471817,0.7000000000000001,1.0,2.0500000000000003,-0.04715465307235711,0.11451441049575806,2.3310789644718173,0,0,0,0,,,,,,,
1756098906.3471227,1,follower,auto,0.6125196814537048,0.9749880433082581,1.2038803100585938,0.7000000000000001,1.0,1.0500000000000003,0.08748031854629523,0.025011956691741943,-0.15388031005859348,-15.146185624365213,7.7902485096067,0.21951586781115484,0,,,,,,,
1756098906.5505474,0,follower,auto,0.7471546530723572,0.8854855895042419,-0.281078964471817,0.7000000000000001,1.0,2.0500000000000003,-0.04715465307235711,0.11451441049575806,2.3310789644718173,0,0,0,0,0.1,-0.2592502305176383,-0.32971985588814334,-0.18071264501459183,0.7471546530723572,0.8854855895042419,-0.281078964471817
1756098906.6510513,1,leader,auto,0.6125196814537048,0.9749880433082581,1.2038803100585938,0.7000000000000001,1.0,1.0500000000000003,0.08748031854629523,0.025011956691741943,-0.15388031005859348,0,0,0,0,0.1,0.31180714745483445,-0.10126394591019539,-0.0762889387175616,0.6125196814537048,0.9749880433082581,1.2038803100585938
1756098906.6524596,0,follower,auto,0.7476573586463928,0.8863872289657593,-0.2857602536678314,0.7000000000000001,1.0,2.0,-0.047657358646392756,0.11361277103424072,2.2857602536678314,0,0,0,0,,,,,,,
1756098906.7532954,1,follower,auto,0.6594394445419312,0.9776864647865295,1.1880604028701782,0.7000000000000001,1.0,1.0000000000000002,0.040560555458068914,0.02231353521347046,-0.188060402870178,-18.132527257133784,3.7974044550540986,0.298298921520028,0,,,,,,,
1756098906.8598685,0,follower,auto,0.7476573586463928,0.8863872289657593,-0.2857602536678314,0.7000000000000001,1.0,2.0,-0.047657358646392756,0.11361277103424072,2.2857602536678314,0,0,0,0,0.1,-0.24937384244019933,-0.33088408036355954,-0.1881270508625036,0.7476573586463928,0.8863872289657593,-0.2857602536678314
1756098906.9602077,1,leader,auto,0.6594394445419312,0.9776864647865295,1.1880604028701782,0.7000000000000001,1.0,1.0000000000000002,0.040560555458068914,0.02231353521347046,-0.188060402870178,0,0,0,0,0.1,0.2863102670515383,-0.0831433916174611,-0.08535122324278777,0.6594394445419312,0.9776864647865295,1.1880604028701782
1756098906.9606907,0,follower,auto,0.7477743029594421,0.8875626921653748,-0.2882997691631317,0.7000000000000001,1.0,1.9500000000000002,-0.04777430295944207,0.11243730783462524,2.238299769163132,0,0,0,0,,,,,,,
1756098907.061002,1,follower,auto,0.6824268102645874,0.9776491522789001,1.1632028818130493,0.7000000000000001,1.0,0.9500000000000002,0.017573189735412664,0.022350847721099854,-0.21320288181304914,-20,0.8893329426372928,0.38266352007821625,0,,,,,,,
1756098907.1668403,0,follower,auto,0.7477743029594421,0.8875626921653748,-0.2882997691631317,0.7000000000000001,1.0,1.9500000000000002,-0.04777430295944207,0.11243730783462524,2.238299769163132,0,0,0,0,0.1,-0.23890947522297679,-0.3307572118036477,-0.18748233902169348,0.7477743029594421,0.8875626921653748,-0.2882997691631317
1756098907.267408,1,leader,auto,0.6824268102645874,0.9776491522789001,1.1632028818130493,0.7000000000000001,1.0,0.9500000000000002,0.017573189735412664,0.022350847721099854,-0.21320288181304914,0,0,0,0,0.1,0.24899665811793004,-0.06275799484918054,-0.08956606263845401,0.6824268102645874,0.9776491522789001,1.1632028818130493
1756098907.2681785,0,follower,auto,0.7481291890144348,0.8892533183097839,-0.2868640422821045,0.7000000000000001,1.0,1.9000000000000001,-0.04812918901443475,0.11074668169021606,2.186864042282105,0,0,0,0,,,,,,,
1756098907.3691163,1,follower,auto,0.6974236369132996,0.9730542898178101,1.1243810653686523,0.7000000000000001,1.0,0.9000000000000001,0.002576363086700506,0.02694571018218994,-0.2243810653686522,-20,-0.05886522398218864,0.5068975102604492,0,,,,,,,
1756098907.525596,0,follower,auto,0.7481291890144348,0.8892533183097839,-0.2868640422821045,0.7000000000000001,1.0,1.9000000000000001,-0.04812918901443475,0.11074668169021606,2.186864042282105,0,0,0,0,0.1,-0.22841780529638678,-0.3303966161506353,-0.1850154554874586,0.7481291890144348,0.8892533183097839,-0.2868640422821045
1756098907.6259446,1,leader,auto,0.6974236369132996,0.9730542898178101,1.1243810653686523,0.7000000000000001,1.0,0.9000000000000001,0.002576363086700506,0.02694571018218994,-0.2243810653686522,0,0,0,0,0.1,0.2269556524995474,-0.04355006511169046,-0.09853905778749295,0.6974236369132996,0.9730542898178101,1.1243810653686523
1756098907.6263585,0,follower,auto,0.7463114857673645,0.8888638019561768,-0.2831824719905853,0.7000000000000001,1.0,1.9000000000000001,-0.046311485767364435,0.11113619804382324,2.1831824719905857,0,0,0,0,,,,,,,
1756098907.7267375,1,follower,auto,0.7033483386039734,0.9622185826301575,1.0628578662872314,0.7000000000000001,1.0,0.9000000000000001,-0.003348338603973322,0.03778141736984253,-0.1628578662872313,-16.037332276493796,-0.009241536455826033,1.7032665220409948,0,,,,,,,
1756098907.9236557,0,follower,auto,0.7463114857673645,0.8888638019561768,-0.2831824719905853,0.7000000000000001,1.0,1.9000000000000001,-0.046311485767364435,0.11113619804382324,2.1831824719905857,0,0,0,0,0.1,-0.22094839046586845,-0.33265296167961345,-0.1843607976246666,0.7463114857673645,0.8888638019561768,-0.2831824719905853
1756098908.024341,1,leader,auto,0.7033483386039734,0.9622185826301575,1.0628578662872314,0.7000000000000001,1.0,0.9000000000000001,-0.003348338603973322,0.03778141736984253,-0.1628578662872313,0,0,0,0,0.1,0.20420732316755408,-0.02717790593155156,-0.11583499446752787,0.7033483386039734,0.9622185826301575,1.0628578662872314
1756098908.026499,0,follower,auto,0.7411238551139832,0.8894917964935303,-0.27722111344337463,0.7000000000000001,1.0,1.85,-0.04112385511398309,0.11050820350646973,2.1272211134433747,0,0,0,0,,,,,,,
1756098908.1273727,1,follower,auto,0.6993904113769531,0.9446816444396973,0.97865229845047,0.7000000000000001,1.0,0.8500000000000001,0.0006095886230469416,0.055318355560302734,-0.12865229845046988,-11.977364639040974,0.048464232922352524,3.9421697690340975,0,,,,,,,
1756098908.2348793,0,follower,auto,0.7411238551139832,0.8894917964935303,-0.27722111344337463,0.7000000000000001,1.0,1.85,-0.04112385511398309,0.11050820350646973,2.1272211134433747,0,0,0,0,0.1,-0.2151060011239898,-0.33167627308787595,-0.18361873294653402,0.7411238551139832,0.8894917964935303,-0.27722111344337463
1756098908.3353007,1,leader,auto,0.6993904113769531,0.9446816444396973,0.97865229845047,0.7000000000000001,1.0,0.8500000000000001,0.0006095886230469416,0.055318355560302734,-0.12865229845046988,0,0,0,0,0.1,0.18206301332335084,-0.0162111303019723,-0.13327053007685774,0.6993904113769531,0.9446816444396973,0.97865229845047
1756098908.3368545,0,follower,auto,0.7402657866477966,0.8868699073791504,-0.27139511704444885,0.7000000000000001,1.0,1.8,-0.040265786647796564,0.11313009262084961,2.0713951170444487,0,0,0,0,,,,,,,
1756098908.4377441,1,follower,auto,0.6890302896499634,0.9335278868675232,0.9079365134239197,0.7000000000000001,1.0,0.8,0.010969710350036688,0.0664721131324768,-0.10793651342391963,-9.982484840034589,1.1045103377821317,5.016573699541482,0,,,,,,,
1756098908.6371338,0,follower,auto,0.7402657866477966,0.8868699073791504,-0.27139511704444885,0.7000000000000001,1.0,1.8,-0.040265786647796564,0.11313009262084961,2.0713951170444487,0,0,0,0,0.1,-0.20189628022404582,-0.33502558035433694,-0.18521421841513291,0.7402657866477966,0.8868699073791504,-0.27139511704444885
1756098908.737508,1,leader,auto,0.6890302896499634,0.9335278868675232,0.9079365134239197,0.7000000000000001,1.0,0.8,0.010969710350036688,0.0664721131324768,-0.10793651342391963,0,0,0,0,0.1,0.1647855022569027,0.003122082773473145,-0.11572668523106922,0.6890302896499634,0.9335278868675232,0.9079365134239197
1756098908.749835,0,follower,auto,0.7419113516807556,0.8809811472892761,-0.2644456923007965,0.7000000000000001,1.0,1.75,-0.04191135168075555,0.11901885271072388,2.0144456923007965,0,0,0,0,,,,,,,
1756098908.8502698,1,follower,auto,0.675517201423645,0.9274349808692932,0.8163174390792847,0.7000000000000001,1.0,0.75,0.024482798576355047,0.07256501913070679,-0.06631743907928467,-6.008102974498017,2.149336273274489,6.217415851422427,0,,,,,,,
1756098909.046042,0,follower,auto,0.7419113516807556,0.8809811472892761,-0.2644456923007965,0.7000000000000001,1.0,1.75,-0.04191135168075555,0.11901885271072388,2.0144456923007965,0,0,0,0,0.1,-0.19132958498695873,-0.338190916508571,-0.18535972549803495,0.7419113516807556,0.8809811472892761,-0.2644456923007965
1756098909.146542,1,leader,auto,0.675517201423645,0.9274349808692932,0.8163174390792847,0.7000000000000001,1.0,0.75,0.024482798576355047,0.07256501913070679,-0.06631743907928467,0,0,0,0,0.1,0.15284991595994213,0.01797809422104346,-0.13470294713483122,0.675517201423645,0.9274349808692932,0.8163174390792847
1756098909.1483052,0,follower,auto,0.7418625950813293,0.8801723718643188,-0.2586739659309387,0.65,1.0,1.75,-0.09186259508132932,0.11982762813568115,2.0086739659309387,0,0,0,0,,,,,,,
1756098909.2492888,1,follower,auto,0.6662094593048096,0.9265857934951782,0.7366561889648438,0.65,1.0,0.75,-0.016209459304809548,0.07341420650482178,0.01334381103515625,0.9621629687536528,-0.8492247322792804,6.29448054732927,0,,,,,,,
1756098909.353464,0,follower,auto,0.7418625950813293,0.8801723718643188,-0.2586739659309387,0.65,1.0,1.75,-0.09186259508132932,0.11982762813568115,2.0086739659309387,0,0,0,0,0.1,-0.18562748561730447,-0.33281947685313984,-0.1876735456884725,0.7418625950813293,0.8801723718643188,-0.2586739659309387
1756098909.4540455,1,leader,auto,0.6662094593048096,0.9265857934951782,0.7366561889648438,0.65,1.0,0.75,-0.016209459304809548,0.07341420650482178,0.01334381103515625,0,0,0,0,0.1,0.1500336033831029,0.02815123016639387,-0.12088036192796969,0.6662094593048096,0.9265857934951782,0.7366561889648438
1756098909.4561834,0,follower,auto,0.7427597641944885,0.8828270435333252,-0.2569287121295929,0.6,1.0,1.75,-0.14275976419448855,0.1171729564666748,2.006928712129593,0,0,0,0,,,,,,,
1756098909.5573092,1,follower,auto,0.6581606864929199,0.9259561896324158,0.6868687272071838,0.6,1.0,0.75,-0.058160686492919944,0.07404381036758423,0.06313127279281616,5.956247083317899,-4.846678809511513,6.2232134321393024,0,,,,,,,
1756098909.6658134,0,follower,auto,0.7427597641944885,0.8828270435333252,-0.2569287121295929,0.6,1.0,1.75,-0.14275976419448855,0.1171729564666748,2.006928712129593,0,0,0,0,0.1,-0.18263559408795582,-0.32938686114798776,-0.19259799732745833,0.7427597641944885,0.8828270435333252,-0.2569287121295929
1756098909.7663562,1,leader,auto,0.6581606864929199,0.9259561896324158,0.6868687272071838,0.6,1.0,0.75,-0.058160686492919944,0.07404381036758423,0.06313127279281616,0,0,0,0,0.1,0.14144133175478335,0.025719576899009167,-0.09004823240283977,0.6581606864929199,0.9259561896324158,0.6868687272071838
1756098909.7685862,0,follower,auto,0.7444493174552917,0.8847436904907227,-0.2581864893436432,0.5499999999999999,1.0,1.75,-0.19444931745529181,0.11525630950927734,2.008186489343643,0,0,0,0,,,,,,,
1756098909.8695195,1,follower,auto,0.6470460891723633,0.9176127910614014,0.6403956413269043,0.5499999999999999,1.0,0.75,-0.09704608917236335,0.08238720893859863,0.1096043586730957,9.997999970904488,-8.820894128140166,7.2236195116955475,0,,,,,,,
1756098910.0206115,0,follower,auto,0.7444493174552917,0.8847436904907227,-0.2581864893436432,0.5499999999999999,1.0,1.75,-0.19444931745529181,0.11525630950927734,2.008186489343643,0,0,0,0,0.1,-0.18499063116575465,-0.3303616741907174,-0.19615957405221762,0.7444493174552917,0.8847436904907227,-0.2581864893436432
1756098910.1211646,1,leader,auto,0.6470460891723633,0.9176127910614014,0.6403956413269043,0.5499999999999999,1.0,0.75,-0.09704608917236335,0.08238720893859863,0.1096043586730957,0,0,0,0,0.1,0.1250423485313178,0.010506360493498734,-0.0875541760134283,0.6470460891723633,0.9176127910614014,0.6403956413269043
1756098910.1221714,0,follower,auto,0.7455565929412842,0.8864002227783203,-0.2593412697315216,0.49999999999999994,1.0,1.75,-0.24555659294128424,0.11359977722167969,2.0093412697315216,0,0,0,0,,,,,,,
1756098910.2228734,1,follower,auto,0.6330971121788025,0.8996644020080566,0.6063369512557983,0.49999999999999994,1.0,0.75,-0.13309711217880255,0.10033559799194336,0.14366304874420166,14.070699086425154,-12.787796320335971,9.194808053663923,0,,,,,,,
1756098910.3735,0,follower,auto,0.7455565929412842,0.8864002227783203,-0.2593412697315216,0.49999999999999994,1.0,1.75,-0.24555659294128424,0.11359977722167969,2.0093412697315216,0,0,0,0,0.1,-0.19359866246149848,-0.33080008840907427,-0.19636514459055832,0.7455565929412842,0.8864002227783203,-0.2593412697315216
1756098910.4740508,1,leader,auto,0.6330971121788025,0.8996644020080566,0.6063369512557983,0.49999999999999994,1.0,0.75,-0.13309711217880255,0.10033559799194336,0.14366304874420166,0,0,0,0,0.1,0.10588453381829444,-0.009727011589345969,-0.07711014915514458,0.6330971121788025,0.8996644020080566,0.6063369512557983
1756098910.4762733,0,follower,auto,0.749640703201294,0.8920745849609375,-0.265098512172699,0.44999999999999996,1.0,1.75,-0.299640703201294,0.1079254150390625,2.015098512172699,0,0,0,0,,,,,,,
1756098910.577046,1,follower,auto,0.6091473698616028,0.8781548142433167,0.5882779359817505,0.44999999999999996,1.0,0.75,-0.15914736986160283,0.12184518575668335,0.1617220640182495,16.133028823923304,-14.707643391435417,11.121882702020274,0,,,,,,,
1756098910.6859534,0,follower,auto,0.749640703201294,0.8920745849609375,-0.265098512172699,0.44999999999999996,1.0,1.75,-0.299640703201294,0.1079254150390625,2.015098512172699,0,0,0,0,0.1,-0.19900590793979123,-0.3269342532095103,-0.20122931488648996,0.749640703201294,0.8920745849609375,-0.265098512172699
1756098910.786209,1,leader,auto,0.6091473698616028,0.8781548142433167,0.5882779359817505,0.44999999999999996,1.0,0.75,-0.15914736986160283,0.12184518575668335,0.1617220640182495,0,0,0,0,0.1,0.07674290014522178,-0.026775288691805676,-0.06567867346244172,0.6091473698616028,0.8781548142433167,0.5882779359817505
1756098910.7866921,0,follower,auto,0.7540776133537292,0.8956837058067322,-0.2705189883708954,0.39999999999999997,1.0,1.75,-0.3540776133537293,0.10431629419326782,2.0205189883708954,0,0,0,0,,,,,,,
1756098910.8873808,1,follower,auto,0.578998327255249,0.8666417598724365,0.585828423500061,0.39999999999999997,1.0,0.75,-0.17899832725524906,0.13335824012756348,0.16417157649993896,16.1181026931975,-16.62614949516805,12.026451390119632,0,,,,,,,
1756098911.0366976,0,follower,auto,0.7540776133537292,0.8956837058067322,-0.2705189883708954,0.39999999999999997,1.0,1.75,-0.3540776133537293,0.10431629419326782,2.0205189883708954,0,0,0,0,0.1,-0.2067127535709783,-0.32938343935376224,-0.19986846282222231,0.7540776133537292,0.8956837058067322,-0.2705189883708954
1756098911.1371164,1,leader,auto,0.578998327255249,0.8666417598724365,0.585828423500061,0.39999999999999997,1.0,0.75,-0.17899832725524906,0.13335824012756348,0.16417157649993896,0,0,0,0,0.10200000000000001,0.05123138245591907,-0.03130526680036072,-0.05725033296435711,0.578998327255249,0.8666417598724365,0.585828423500061
1756098911.1375775,0,follower,auto,0.7583065032958984,0.8967433571815491,-0.27527618408203125,0.35,1.0,1.75,-0.40830650329589846,0.10325664281845093,2.0252761840820312,0,0,0,0,,,,,,,
1756098911.2378802,1,follower,auto,0.5331503748893738,0.8654524683952332,0.5993172526359558,0.35,1.0,0.75,-0.1831503748893738,0.13454753160476685,0.1506827473640442,15.067519798170737,-17.488124637521363,11.910055278877092,0,,,,,,,
1756098911.340109,0,follower,auto,0.7583065032958984,0.8967433571815491,-0.27527618408203125,0.35,1.0,1.75,-0.40830650329589846,0.10325664281845093,2.0252761840820312,0,0,0,0,0.1,-0.21451800856698577,-0.3321699024635141,-0.1982711438603412,0.7583065032958984,0.8967433571815491,-0.27527618408203125
1756098911.440619,1,leader,auto,0.5331503748893738,0.8654524683952332,0.5993172526359558,0.35,1.0,0.75,-0.1831503748893738,0.13454753160476685,0.1506827473640442,0,0,0,0,0.10200000000000001,0.015832440253874314,-0.035221290591859855,-0.049903422759031035,0.5331503748893738,0.8654524683952332,0.5993172526359558
1756098911.4410434,0,follower,auto,0.7609589099884033,0.8975024819374084,-0.28153151273727417,0.3,1.0,1.75,-0.46095890998840333,0.10249751806259155,2.031531512737274,0,0,0,0,,,,,,,
1756098911.541353,1,follower,auto,0.4848554730415344,0.8689127564430237,0.621833324432373,0.3,1.0,0.75,-0.18485547304153443,0.13108724355697632,0.12816667556762695,12.028765680280689,-17.39333088538559,11.809264914733074,0,,,,,,,
1756098911.7490768,0,follower,auto,0.7609589099884033,0.8975024819374084,-0.28153151273727417,0.3,1.0,1.75,-0.46095890998840333,0.10249751806259155,2.031531512737274,0,0,0,0,0.1,-0.2232234113026309,-0.3325402349346609,-0.1989516362389564,0.7609589099884033,0.8975024819374084,-0.28153151273727417
1756098911.849564,1,leader,auto,0.4848554730415344,0.8689127564430237,0.621833324432373,0.3,1.0,0.75,-0.18485547304153443,0.13108724355697632,0.12816667556762695,0,0,0,0,0.10200000000000001,-0.005052580280843544,-0.043525953429525144,-0.049792030011843846,0.4848554730415344,0.8689127564430237,0.621833324432373
1756098911.8510315,0,follower,auto,0.7679740786552429,0.9015818238258362,-0.2887668013572693,0.25,1.0,1.75,-0.5179740786552429,0.09841817617416382,2.0387668013572693,0,0,0,0,,,,,,,
1756098911.9515538,1,follower,auto,0.4147472083568573,0.8739170432090759,0.6624585390090942,0.25,1.0,0.75,-0.1647472083568573,0.12608295679092407,0.08754146099090576,8.010517135228922,-15.199069546882843,10.65589450613913,0,,,,,,,
1756098912.0562205,0,follower,auto,0.7679740786552429,0.9015818238258362,-0.2887668013572693,0.25,1.0,1.75,-0.5179740786552429,0.09841817617416382,2.0387668013572693,0,0,0,0,0.1,-0.22546724465013834,-0.32926760370601293,-0.19911354299694692,0.7679740786552429,0.9015818238258362,-0.2887668013572693
1756098912.156644,1,leader,auto,0.4147472083568573,0.8739170432090759,0.6624585390090942,0.25,1.0,0.75,-0.1647472083568573,0.12608295679092407,0.08754146099090576,0,0,0,0,0.10200000000000001,-0.043956119186216336,-0.051399163185772534,-0.04050463034556229,0.4147472083568573,0.8739170432090759,0.6624585390090942
1756098912.1593688,0,follower,auto,0.772266685962677,0.9045602679252625,-0.2921074330806732,0.2,1.0,1.75,-0.572266685962677,0.09543973207473755,2.042107433080673,0,0,0,0,,,,,,,
1756098912.2602656,1,follower,auto,0.3598170280456543,0.8811052441596985,0.6921334266662598,0.2,1.0,0.75,-0.15981702804565429,0.11889475584030151,0.057866573333740234,4.9911514040727045,-14.161236190564791,9.633485914517216,0,,,,,,,
1756098912.370726,0,follower,auto,0.772266685962677,0.9045602679252625,-0.2921074330806732,0.2,1.0,1.75,-0.572266685962677,0.09543973207473755,2.042107433080673,0,0,0,0,0.1,-0.23466177133053567,-0.33061244527265354,-0.19345443429007414,0.772266685962677,0.9045602679252625,-0.2921074330806732
1756098912.471004,1,leader,auto,0.3598170280456543,0.8811052441596985,0.6921334266662598,0.2,1.0,0.75,-0.15981702804565429,0.11889475584030151,0.057866573333740234,0,0,0,0,0.10200000000000001,-0.041339737208452076,-0.05414181634528481,-0.0596805739505234,0.3598170280456543,0.8811052441596985,0.6921334266662598
1756098912.4716105,0,follower,auto,0.7733976244926453,0.9097058773040771,-0.2939508259296417,0.15000000000000002,1.0,1.75,-0.6233976244926452,0.09029412269592285,2.0439508259296417,0,0,0,0,,,,,,,
1756098912.5720165,1,follower,auto,0.3039878308773041,0.8875253200531006,0.7181556820869446,0.15000000000000002,1.0,0.75,-0.15398783087730405,0.11247467994689941,0.03184431791305542,2.988553962615091,-14.099078353574086,9.62055120147728,0,,,,,,,
1756098912.727519,0,follower,auto,0.7733976244926453,0.9097058773040771,-0.2939508259296417,0.15000000000000002,1.0,1.75,-0.6233976244926452,0.09029412269592285,2.0439508259296417,0,0,0,0,0.1,-0.24374373382816938,-0.328608533276906,-0.1905573161514976,0.7733976244926453,0.9097058773040771,-0.2939508259296417
1756098912.8278487,1,leader,auto,0.3039878308773041,0.8875253200531006,0.7181556820869446,0.15000000000000002,1.0,0.75,-0.15398783087730405,0.11247467994689941,0.03184431791305542,0,0,0,0,0.10200000000000001,-0.05391960602365692,-0.056652583825860914,-0.0693858576644899,0.3039878308773041,0.8875253200531006,0.7181556820869446
1756098912.8285213,0,follower,auto,0.770784318447113,0.9189032912254333,-0.29504936933517456,0.15000000000000002,1.0,1.75,-0.620784318447113,0.08109670877456665,2.0450493693351746,0,0,0,0,,,,,,,
1756098912.9290829,1,follower,auto,0.238800048828125,0.8881323337554932,0.7373663187026978,0.15000000000000002,1.0,0.75,-0.08880004882812498,0.11186766624450684,0.012633681297302246,1.0229568795880553,-6.98654122362441,9.630940203897545,0,,,,,,,
1756098913.0324671,0,follower,auto,0.770784318447113,0.9189032912254333,-0.29504936933517456,0.15000000000000002,1.0,1.75,-0.620784318447113,0.08109670877456665,2.0450493693351746,0,0,0,0,0.1,-0.25286335437397955,-0.32484021673775,-0.18860918712702773,0.770784318447113,0.9189032912254333,-0.29504936933517456
1756098913.132854,1,leader,auto,0.238800048828125,0.8881323337554932,0.7373663187026978,0.15000000000000002,1.0,0.75,-0.08880004882812498,0.11186766624450684,0.012633681297302246,0,0,0,0,0.10200000000000001,-0.07414209289664048,-0.06205504494993386,-0.0816548762110294,0.238800048828125,0.8881323337554932,0.7373663187026978
1756098913.1333213,0,follower,auto,0.7647509574890137,0.9259624481201172,-0.2977823317050934,0.15000000000000002,1.0,1.75,-0.6147509574890136,0.07403755187988281,2.0477823317050934,0,0,0,0,,,,,,,
1756098913.2336152,1,follower,auto,0.17992106080055237,0.8830708265304565,0.7471758723258972,0.15000000000000002,1.0,0.75,-0.029921060800552346,0.11692917346954346,0.002824127674102783,0.06853779543998469,-0.9383890784082003,9.665801738808272,0,,,,,,,
1756098913.338225,0,follower,auto,0.7647509574890137,0.9259624481201172,-0.2977823317050934,0.15000000000000002,1.0,1.75,-0.6147509574890136,0.07403755187988281,2.0477823317050934,0,0,0,0,0.1,-0.26111160802410804,-0.3274880607601576,-0.18817525704527147,0.7647509574890137,0.9259624481201172,-0.2977823317050934
1756098913.4385877,1,leader,auto,0.17992106080055237,0.8830708265304565,0.7471758723258972,0.15000000000000002,1.0,0.75,-0.029921060800552346,0.11692917346954346,0.002824127674102783,0,0,0,0,0.10200000000000001,-0.07037131452486,-0.06502322005995509,-0.0957876068348189,0.17992106080055237,0.8830708265304565,0.7471758723258972
1756098913.4396203,0,follower,auto,0.7586950659751892,0.9312402009963989,-0.2990710139274597,0.10000000000000002,1.0,1.75,-0.6586950659751892,0.06875979900360107,2.0490710139274597,0,0,0,0,,,,,,,
1756098913.5402539,1,follower,auto,0.12551099061965942,0.8790624141693115,0.7510895133018494,0.10000000000000002,1.0,0.75,-0.025510990619659404,0.12093758583068848,-0.0010895133018493652,0.08456903096903154,-0.9037123011439201,10.699295550319468,0,,,,,,,
1756098913.6459053,0,follower,auto,0.7586950659751892,0.9312402009963989,-0.2990710139274597,0.10000000000000002,1.0,1.75,-0.6586950659751892,0.06875979900360107,2.0490710139274597,0,0,0,0,0.1,-0.2654674420983867,-0.3296201811329502,-0.18370868076854374,0.7586950659751892,0.9312402009963989,-0.2990710139274597
1756098913.7466264,1,leader,auto,0.12551099061965942,0.8790624141693115,0.7510895133018494,0.10000000000000002,1.0,0.75,-0.025510990619659404,0.12093758583068848,-0.0010895133018493652,0,0,0,0,0.10200000000000001,-0.06261850688509693,-0.06013726978790612,-0.10560206481078538,0.12551099061965942,0.8790624141693115,0.7510895133018494
1756098913.7591808,0,follower,auto,0.7535483241081238,0.9346928596496582,-0.2963619530200958,0.05000000000000002,1.0,1.75,-0.7035483241081237,0.0653071403503418,2.046361953020096,0,0,0,0,,,,,,,
1756098913.859583,1,follower,auto,0.08050307631492615,0.8739363551139832,0.7472963929176331,0.05000000000000002,1.0,0.75,-0.03050307631492613,0.12606364488601685,0.0027036070823669434,0.1010239595081472,-1.9023724200394498,10.751387545386827,0,,,,,,,
1756098913.9981012,0,follower,auto,0.7535483241081238,0.9346928596496582,-0.2963619530200958,0.05000000000000002,1.0,1.75,-0.7035483241081237,0.0653071403503418,2.046361953020096,0,0,0,0,0.1,-0.2686302459257246,-0.33166806448799546,-0.17595830272532115,0.7535483241081238,0.9346928596496582,-0.2963619530200958
1756098914.099185,1,leader,auto,0.08050307631492615,0.8739363551139832,0.7472963929176331,0.05000000000000002,1.0,0.75,-0.03050307631492613,0.12606364488601685,0.0027036070823669434,0,0,0,0,0.10200000000000001,-0.050362952896975344,-0.05773124932578422,-0.11767199783262616,0.08050307631492615,0.8739363551139832,0.7472963929176331
1756098914.100053,0,follower,auto,0.748741865158081,0.9392735362052917,-0.2928345203399658,0.05000000000000002,1.0,1.75,-0.698741865158081,0.06072646379470825,2.042834520339966,0,0,0,0,,,,,,,
1756098914.2017894,1,follower,auto,0.045463498681783676,0.8669347167015076,0.7389096021652222,0.05000000000000002,1.0,0.75,0.0045365013182163405,0.13306528329849243,0.011090397834777832,1.1246483109565397,1.0780922506133692,11.79826484230753,0,,,,,,,
1756098914.3539422,0,follower,auto,0.748741865158081,0.9392735362052917,-0.2928345203399658,0.05000000000000002,1.0,1.75,-0.698741865158081,0.06072646379470825,2.042834520339966,0,0,0,0,0.1,-0.2721721482531583,-0.33063996271634166,-0.17182635273833363,0.748741865158081,0.9392735362052917,-0.2928345203399658
1756098914.4545028,1,leader,auto,0.045463498681783676,0.8669347167015076,0.7389096021652222,0.05000000000000002,1.0,0.75,0.0045365013182163405,0.13306528329849243,0.011090397834777832,0,0,0,0,0.10200000000000001,-0.03927521147160548,-0.056243977682892465,-0.12595673587625,0.045463498681783676,0.8669347167015076,0.7389096021652222
1756098914.4552898,0,follower,auto,0.7523461580276489,0.9439442157745361,-0.29019126296043396,0.05000000000000002,1.0,1.75,-0.7023461580276489,0.05605578422546387,2.040191262960434,0,0,0,0,,,,,,,
1756098914.555657,1,follower,auto,0.028044963255524635,0.8607792258262634,0.7287627458572388,0.05000000000000002,1.0,0.75,0.02195503674447538,0.13922077417373657,0.02123725414276123,2.1370035678795523,3.012566745769381,11.83077932270645,0,,,,,,,
1756098914.6593282,0,follower,auto,0.7523461580276489,0.9439442157745361,-0.29019126296043396,0.05000000000000002,1.0,1.75,-0.7023461580276489,0.05605578422546387,2.040191262960434,0,0,0,0,0.1,-0.2674310675383582,-0.33071156193975026,-0.16962168358463323,0.7523461580276489,0.9439442157745361,-0.29019126296043396
1756098914.759671,1,leader,auto,0.028044963255524635,0.8607792258262634,0.7287627458572388,0.05000000000000002,1.0,0.75,0.02195503674447538,0.13922077417373657,0.02123725414276123,0,0,0,0,0.10200000000000001,-0.01821956432581235,-0.05314783979564397,-0.13195766212155502,0.028044963255524635,0.8607792258262634,0.7287627458572388
1756098914.7603855,0,follower,auto,0.756798505783081,0.941643476486206,-0.2935355603694916,0.05000000000000002,1.0,1.75,-0.706798505783081,0.058356523513793945,2.0435355603694916,0,0,0,0,,,,,,,
1756098914.8609304,1,follower,auto,0.021659884601831436,0.8612076044082642,0.7193213105201721,0.05000000000000002,1.0,0.75,0.02834011539816858,0.13879239559173584,0.03067868947982788,3.105885530431615,2.9520052693758605,11.840283023334381,1,,,,,,,
1756098914.9675705,0,follower,auto,0.756798505783081,0.941643476486206,-0.2935355603694916,0.05000000000000002,1.0,1.75,-0.706798505783081,0.058356523513793945,2.0435355603694916,0,0,0,0,0.1,-0.2705371486001926,-0.3378402870809398,-0.17163837361663045,0.756798505783081,0.941643476486206,-0.2935355603694916
1756098915.068339,1,leader,auto,0.021659884601831436,0.8612076044082642,0.7193213105201721,0.05000000000000002,1.0,0.75,0.02834011539816858,0.13879239559173584,0.03067868947982788,0,0,0,0,0.10200000000000001,-0.0030803669479283896,-0.04551210351854007,-0.13516556074605146,0.021659884601831436,0.8612076044082642,0.7193213105201721
1756098915.0694,0,follower,auto,0.7585758566856384,0.9335600137710571,-0.29990142583847046,0.05000000000000002,1.0,1.75,-0.7085758566856384,0.06643998622894287,2.0499014258384705,0,0,0,0,,,,,,,
1756098915.1700702,1,follower,auto,0.020609639585018158,0.8614767789840698,0.7102025151252747,0.05000000000000002,1.0,0.75,0.02939036041498186,0.13852322101593018,0.03979748487472534,4.088178093707426,2.9109221667788683,11.842887592022668,1,,,,,,,
1756098915.2725213,0,follower,auto,0.7585758566856384,0.9335600137710571,-0.29990142583847046,0.05000000000000002,1.0,1.75,-0.7085758566856384,0.06643998622894287,2.0499014258384705,0,0,0,0,0.1,-0.2769799165370559,-0.34335259328290224,-0.17058622098811088,0.7585758566856384,0.9335600137710571,-0.29990142583847046
1756098915.3730853,1,leader,auto,0.020609639585018158,0.8614767789840698,0.7102025151252747,0.05000000000000002,1.0,0.75,0.02939036041498186,0.13852322101593018,0.03979748487472534,0,0,0,0,0.10200000000000001,0.005391293975203097,-0.046046466844054335,-0.13857327018245358,0.020609639585018158,0.8614767789840698,0.7102025151252747
1756098915.373953,0,follower,auto,0.758830726146698,0.9235115051269531,-0.302935928106308,0.05000000000000002,1.0,1.75,-0.708830726146698,0.07648849487304688,2.052935928106308,0,0,0,0,,,,,,,
1756098915.4743972,1,follower,auto,0.024068444967269897,0.8593145608901978,0.7079675793647766,0.05000000000000002,1.0,0.75,0.02593155503273012,0.14068543910980225,0.04203242063522339,4.086621112667282,2.8747965666872934,12.812806217582539,0,,,,,,,
1756098915.5779738,0,follower,auto,0.758830726146698,0.9235115051269531,-0.302935928106308,0.05000000000000002,1.0,1.75,-0.708830726146698,0.07648849487304688,2.052935928106308,0,0,0,0,0.1,-0.2818836029863303,-0.3447164836148833,-0.1642612919368559,0.758830726146698,0.9235115051269531,-0.302935928106308
1756098915.678406,1,leader,auto,0.024068444967269897,0.8593145608901978,0.7079675793647766,0.05000000000000002,1.0,0.75,0.02593155503273012,0.14068543910980225,0.04203242063522339,0,0,0,0,0.10200000000000001,0.012487788902534798,-0.04980324959679627,-0.13521790192912964,0.024068444967269897,0.8593145608901978,0.7079675793647766
1756098915.780637,0,follower,auto,0.7549594044685364,0.9179902076721191,-0.30349379777908325,0.05000000000000002,1.0,1.75,-0.7049594044685363,0.08200979232788086,2.0534937977790833,0,0,0,0,,,,,,,
1756098918.3858488,1,follower,auto,0.026947133243083954,0.8567547798156738,0.7078145742416382,0.05000000000000002,1.0,0.75,0.023052866756916063,0.14324522018432617,0.042185425758361816,4.087109027815687,2.859448783493718,12.794839703056669,0,,,,,,,
1756098918.5895813,0,follower,auto,0.7549594044685364,0.9179902076721191,-0.30349379777908325,0.05000000000000002,1.0,1.75,-0.7049594044685363,0.08200979232788086,2.0534937977790833,0,0,0,0,0.1,-0.28909677794637156,-0.33950628340872013,-0.16016365574807748,0.7549594044685364,0.9179902076721191,-0.30349379777908325
1756098918.6902616,1,leader,auto,0.026947133243083954,0.8567547798156738,0.7078145742416382,0.05000000000000002,1.0,0.75,0.023052866756916063,0.14324522018432617,0.042185425758361816,0,0,0,0,0.10200000000000001,0.01403320102863232,-0.05129923871430764,-0.13783570339360474,0.026947133243083954,0.8567547798156738,0.7078145742416382
1756098918.8028028,0,follower,auto,0.7136320471763611,0.04950326308608055,-0.23597517609596252,0.05000000000000002,1.0,1.75,-0.663632047176361,0.9504967369139194,1.9859751760959625,0,0,0,0,0.1,-0.32920700688360305,-1.2021015535354016,-0.09169973506040632,0.7136320471763611,0.04950326308608055,-0.23597517609596252
1756098918.9034784,1,leader,auto,-0.10670201480388641,0.05758266896009445,0.7315146327018738,0.05000000000000002,1.0,0.75,0.15670201480388643,0.9424173310399055,0.01848536729812622,0,0,0,0,0.1,-0.12047717857237633,-0.8489207232003203,-0.11850733730967111,-0.10670201480388641,0.05758266896009445,0.7315146327018738
1756098919.099169,0,follower,auto,0.7137394547462463,0.04950768128037453,-0.23609131574630737,0.05000000000000002,1.0,1.75,-0.6637394547462463,0.9504923187196255,1.9860913157463074,0,0,0,0,0.1,-0.28801982160852635,-0.2814840975429449,-0.16305490230335704,0.7137394547462463,0.04950768128037453,-0.23609131574630737
1756098919.1997223,1,leader,auto,-0.10637173801660538,0.05752043426036835,0.7313169836997986,0.05000000000000002,1.0,0.75,0.1563717380166054,0.9424795657396317,0.018683016300201416,0,0,0,0,0.1,0.023590325759711372,-0.00296271268026347,-0.1480894442364583,-0.10637173801660538,0.05752043426036835,0.7313169836997986
1756098919.3028748,0,follower,auto,0.7137922644615173,0.04950419440865517,-0.23603056371212006,0.05000000000000002,1.0,1.75,-0.6637922644615173,0.9504958055913448,1.98603056371212,0,0,0,0,0.1,-0.29079323016662895,-0.2846029567563816,-0.16231710649373293,0.7137922644615173,0.04950419440865517,-0.23603056371212006
1756098919.4032233,1,leader,auto,-0.10637203603982925,0.05750681832432747,0.731331467628479,0.05000000000000002,1.0,0.75,0.15637203603982927,0.9424931816756725,0.018668532371520996,0,0,0,0,0.1,0.024703780187117497,-0.006823440183578125,-0.15178678435457182,-0.10637203603982925,0.05750681832432747,0.731331467628479
1756098919.7057443,0,follower,auto,0.7137342095375061,0.0495084747672081,-0.2360842227935791,0.05000000000000002,1.0,1.75,-0.6637342095375061,0.9504915252327919,1.986084222793579,0,0,0,0,0.1,-0.2934565009959136,-0.28751901212072645,-0.1619148812328648,0.7137342095375061,0.0495084747672081,-0.2360842227935791
1756098919.9062812,1,leader,auto,-0.10636251419782639,0.05749962851405144,0.7313214540481567,0.05000000000000002,1.0,0.75,0.1563625141978264,0.9425003714859486,0.01867854595184326,0,0,0,0,0.1,0.02609082202461091,-0.010494716674614282,-0.1554989145053569,-0.10636251419782639,0.05749962851405144,0.7313214540481567
