timestamp,drone_id,role,mode,x,y,z,target_x,target_y,target_z,error_x,error_y,error_z,rc_lr,rc_fb,rc_ud,rc_yaw,trust,obs_error_x,obs_error_y,obs_error_z,obs_state_x,obs_state_y,obs_state_z,cbf_fire_flag,rc_safe_x,rc_safe_z,rc_diff_norm,qp_status,active_constraint_id,rc_nom_x,rc_nom_z,h_x,HOh_x,h2_value,h2_satisfied,h3_value,h3_satisfied,velocity_diff_x,velocity_diff_y
1761028968.4392095,0,leader,manual,0.6076706051826477,0.05170266330242157,0.8239009380340576,0.55,1,1,-0.05767060518264766,0.9482973366975784,0.17609906196594238,0,0,0,0,1.0,0,0,0,0,0,0,False,,,,,,,,,,,,,,,
1761028968.5394452,1,follower,manual,0.08668133616447449,0.05563754588365555,0.8204637169837952,0.1,1,1,0.013318663835525518,0.9443624541163445,0.17953628301620483,0,0,0,0,1.0,0,0,0,0,0,0,False,,,,,,,,,,,,,,,
1761028969.1435552,0,leader,manual,0.6076719164848328,0.05169695243239403,0.823893129825592,0.55,1,1,-0.05767191648483272,0.948303047567606,0.17610687017440796,0,0,0,0,1.0,0,0,0,0,0,0,False,,,,,,,,,,,,,,,
1761028969.2438524,1,follower,manual,0.086678147315979,0.05563514307141304,0.8204619884490967,0.1,1,1,0.013321852684021002,0.944364856928587,0.17953801155090332,0,0,0,0,1.0,0,0,0,0,0,0,False,,,,,,,,,,,,,,,
1761028969.8096569,0,leader,manual,0.6076700687408447,0.05169882997870445,0.823899507522583,0.55,1,1,-0.05767006874084468,0.9483011700212955,0.176100492477417,0,0,0,0,1.0,0,0,0,0,0,0,False,,,,,,,,,,,,,,,
1761028969.909969,1,follower,manual,0.08667875826358795,0.05563550814986229,0.8204637169837952,0.1,1,1,0.013321241736412054,0.9443644918501377,0.17953628301620483,0,0,0,0,1.0,0,0,0,0,0,0,False,,,,,,,,,,,,,,,
1761028970.0535989,0,leader,manual,0.6076690554618835,0.051699619740247726,0.8239010572433472,0.55,1,1,-0.0576690554618835,0.9483003802597523,0.17609894275665283,0,0,0,0,1.0,0,0,0,0,0,0,False,,,,,,,,,,,,,,,
1761028970.1538887,1,follower,manual,0.08667588233947754,0.055629510432481766,0.8204652667045593,0.1,1,1,0.013324117660522466,0.9443704895675182,0.17953473329544067,0,0,0,0,1.0,0,0,0,0,0,0,False,,,,,,,,,,,,,,,
1761028970.3303235,0,leader,manual,0.6076748371124268,0.051702577620744705,0.8238955140113831,0.55,1,1,-0.05767483711242671,0.9482974223792553,0.17610448598861694,0,0,0,0,1.0,0,0,0,0,0,0,False,,,,,,,,,,,,,,,
1761028970.4305725,1,follower,manual,0.08667509257793427,0.05561911314725876,0.8204697966575623,0.1,1,1,0.01332490742206574,0.9443808868527412,0.17953020334243774,0,0,0,0,1.0,0,0,0,0,0,0,False,,,,,,,,,,,,,,,
1761028970.5350873,0,leader,manual,0.6076668500900269,0.05170169472694397,0.8238955140113831,0.55,1,1,-0.05766685009002681,0.948298305273056,0.17610448598861694,0,0,0,0,1.0,0,0,0,0,0,0,False,,,,,,,,,,,,,,,
1761028970.6355047,1,follower,manual,0.0866638794541359,0.05562516674399376,0.8204768300056458,0.1,1,1,0.01333612054586411,0.9443748332560062,0.17952316999435425,0,0,0,0,1.0,0,0,0,0,0,0,False,,,,,,,,,,,,,,,
1761028970.7422342,0,leader,manual,0.6076690554618835,0.05169912055134773,0.8239004015922546,0.55,1,1,-0.0576690554618835,0.9483008794486523,0.17609959840774536,0,0,0,0,1.0,0,0,0,0,0,0,False,,,,,,,,,,,,,,,
1761028970.8425262,1,follower,manual,0.0866776779294014,0.055634479969739914,0.8204665184020996,0.1,1,1,0.013322322070598608,0.9443655200302601,0.1795334815979004,0,0,0,0,1.0,0,0,0,0,0,0,False,,,,,,,,,,,,,,,
1761028971.039343,0,leader,manual,0.6076628565788269,0.0517025850713253,0.8239041566848755,0.55,1,1,-0.05766285657882686,0.9482974149286747,0.1760958433151245,0,0,0,0,1.0,0,0,0,0,0,0,False,,,,,,,,,,,,,,,
1761028971.1397302,1,follower,manual,0.08666688203811646,0.05561981350183487,0.8204798698425293,0.1,1,1,0.01333311796188355,0.9443801864981651,0.1795201301574707,0,0,0,0,1.0,0,0,0,0,0,0,False,,,,,,,,,,,,,,,
1761028971.2430928,0,leader,manual,0.6076735258102417,0.05169804394245148,0.8238988518714905,0.55,1,1,-0.057673525810241655,0.9483019560575485,0.17610114812850952,0,0,0,0,1.0,0,0,0,0,0,0,False,,,,,,,,,,,,,,,
1761028971.3433995,1,follower,manual,0.08668121695518494,0.05562944337725639,0.8204600811004639,0.1,1,1,0.013318783044815069,0.9443705566227436,0.17953991889953613,0,0,0,0,1.0,0,0,0,0,0,0,False,,,,,,,,,,,,,,,
1761028971.4479384,0,leader,manual,0.6076650619506836,0.0516979955136776,0.8238970637321472,0.55,1,1,-0.05766506195068355,0.9483020044863224,0.17610293626785278,0,0,0,0,1.0,0,0,0,0,0,0,False,,,,,,,,,,,,,,,
1761028971.5482817,1,follower,manual,0.08667703717947006,0.05563264712691307,0.8204638361930847,0.1,1,1,0.013322962820529943,0.9443673528730869,0.17953616380691528,0,0,0,0,1.0,0,0,0,0,0,0,False,,,,,,,,,,,,,,,
1761028979.163491,0,leader,manual,0.6076617240905762,0.0516936257481575,0.823904812335968,0.55,1,1,-0.05766172409057613,0.9483063742518425,0.17609518766403198,0,0,0,0,1.0,0,0,0,0,0,0,False,,,,,,,,,,,,,,,
1761028979.2638218,1,follower,manual,0.08666682243347168,0.05561419576406479,0.8204780220985413,0.1,1,1,0.013333177566528326,0.9443858042359352,0.17952197790145874,0,0,0,0,1.0,0,0,0,0,0,0,False,,,,,,,,,,,,,,,
1761028979.2641764,0,follower,manual,0.6200282573699951,0.8496947884559631,0.7789434790611267,0.55,1,1,-0.07002825736999507,0.15030521154403687,0.2210565209388733,0,0,0,0,,,,,,,,False,,,,,,,,,,,,,,,
1761028979.3644435,1,follower,manual,0.0759911835193634,0.7925100922584534,0.8000063300132751,0.1,1,1,0.024008816480636602,0.20748990774154663,0.19999366998672485,0,0,0,0,,,,,,,,False,,,,,,,,,,,,,,,
1761028979.6596587,0,leader,manual,0.6200282573699951,0.8496947884559631,0.7789434790611267,0.55,1,1,-0.07002825736999507,0.15030521154403687,0.2210565209388733,0,0,0,0,1.0,0,0,0,0,0,0,False,,,,,,,,,,,,,,,
1761028979.7599177,1,follower,manual,0.0759911835193634,0.7925100922584534,0.8000063300132751,0.1,1,1,0.024008816480636602,0.20748990774154663,0.19999366998672485,0,0,0,0,1.0,0,0,0,0,0,0,False,,,,,,,,,,,,,,,
1761028979.7602227,0,follower,manual,0.632026195526123,0.8479686975479126,0.7745546698570251,0.55,1,1,-0.082026195526123,0.1520313024520874,0.22544533014297485,0,0,0,0,,,,,,,,False,,,,,,,,,,,,,,,
1761028979.860502,1,follower,manual,0.06335760653018951,0.8078724145889282,0.7961078882217407,0.1,1,1,0.03664239346981049,0.19212758541107178,0.20389211177825928,0,0,0,0,,,,,,,,False,,,,,,,,,,,,,,,
1761028979.9618814,0,leader,manual,0.632026195526123,0.8479686975479126,0.7745546698570251,0.55,1,1,-0.082026195526123,0.1520313024520874,0.22544533014297485,0,0,0,0,1.0,0,0,0,0,0,0,False,,,,,,,,,,,,,,,
1761028980.0621684,1,follower,manual,0.06335760653018951,0.8078724145889282,0.7961078882217407,0.1,1,1,0.03664239346981049,0.19212758541107178,0.20389211177825928,0,0,0,0,1.0,0,0,0,0,0,0,False,,,,,,,,,,,,,,,
1761028980.0625606,0,follower,manual,0.6387373805046082,0.8541660308837891,0.772908091545105,0.55,1,1,-0.08873738050460811,0.14583396911621094,0.22709190845489502,0,0,0,0,,,,,,,,False,,,,,,,,,,,,,,,
1761028980.1629317,1,follower,manual,0.05414915084838867,0.8150715231895447,0.7942070960998535,0.1,1,1,0.045850849151611334,0.18492847681045532,0.20579290390014648,0,0,0,0,,,,,,,,False,,,,,,,,,,,,,,,
1761028980.2691557,0,leader,manual,0.6387373805046082,0.8541660308837891,0.772908091545105,0.55,1,1,-0.08873738050460811,0.14583396911621094,0.22709190845489502,0,0,0,0,1.0,0,0,0,0,0,0,False,,,,,,,,,,,,,,,
1761028980.3694744,1,follower,manual,0.05414915084838867,0.8150715231895447,0.7942070960998535,0.1,1,1,0.045850849151611334,0.18492847681045532,0.20579290390014648,0,0,0,0,1.0,0,0,0,0,0,0,False,,,,,,,,,,,,,,,
1761028980.3705428,0,follower,auto,0.6456228494644165,0.8620668053627014,0.769609272480011,0.55,1,1,-0.09562284946441646,0.13793319463729858,0.230390727519989,20,-9.896754182875156,13.033413171768188,0,,,,,,,,True,-9.0,23.0,0.0,optimal,0,-9.0,23.0,1.8369857083035417,1.9813968658400485,0.0,True,0.0,True,0.0,0.0
1761028980.4710848,1,follower,auto,0.04778672754764557,0.8186060786247253,0.79188472032547,0.10000000000000003,1.0,1.0,0.052213272452354464,0.18139392137527466,0.20811527967453003,20,5.221754182875157,17.96658682823181,0,,,,,,,,True,5.0,20.0,0.0,optimal,0,5.0,20.0,1.240364392959189,1.4458372397056336,0.0,True,0.0,True,0.0,0.0
1761028980.5758784,0,leader,auto,0.6456228494644165,0.8620668053627014,0.769609272480011,0.55,1,1,-0.09562284946441646,0.13793319463729858,0.230390727519989,0,0,0,0,1.0,0,0,0,0,0,0,False,,,,,,,,,,,,,,,
1761028980.6762574,1,follower,auto,0.04778672754764557,0.8186060786247253,0.79188472032547,0.10000000000000003,1.0,1.0,0.052213272452354464,0.18139392137527466,0.20811527967453003,0,0,0,0,1.0,0,0,0,0,0,0,False,,,,,,,,,,,,,,,
1761028980.677962,0,follower,auto,0.651366651058197,0.8708837032318115,0.7690356969833374,0.55,1,1,-0.10136665105819698,0.12911629676818848,0.2309643030166626,20,-10.964819880202413,12.040480148792266,0,,,,,,,,True,-10.0,23.0,0.0,optimal,0,-10.0,23.0,1.8452767747520344,2.024210534343529,0.0,True,0.0,True,0.0,0.0
1761028980.7788734,1,follower,auto,0.04031868651509285,0.8221040964126587,0.7928104400634766,0.10000000000000003,1.0,1.0,0.059681313484907184,0.1778959035873413,0.20718955993652344,20,5.304303491488099,16.956561839580537,0,,,,,,,,True,5.0,20.0,0.0,optimal,0,5.0,20.0,1.2391119050254593,1.435401088385444,0.0,True,0.0,True,0.0,0.0
1761028980.8838563,0,leader,auto,0.651366651058197,0.8708837032318115,0.7690356969833374,0.55,1,1,-0.10136665105819698,0.12911629676818848,0.2309643030166626,0,0,0,0,1.0,0,0,0,0,0,0,False,,,,,,,,,,,,,,,
1761028980.9842978,1,follower,auto,0.04031868651509285,0.8221040964126587,0.7928104400634766,0.10000000000000003,1.0,1.0,0.059681313484907184,0.1778959035873413,0.20718955993652344,0,0,0,0,1.0,0,0,0,0,0,0,False,,,,,,,,,,,,,,,
1761028980.985724,0,follower,auto,0.6569157838821411,0.8858680725097656,0.7847919464111328,0.55,1,1,-0.10691578388214107,0.11413192749023438,0.2152080535888672,20,-10.998947199061513,10.899084661006928,0,,,,,,,,True,-10.0,21.0,0.0,optimal,0,-10.0,21.0,1.8949950062292513,2.318285367309217,0.0,True,0.0,True,0.0,0.0
1761028981.0864656,1,follower,auto,0.03167571499943733,0.8336871862411499,0.8047864437103271,0.10000000000000003,1.0,1.0,0.0683242850005627,0.1663128137588501,0.19521355628967285,18.972158370018004,6.354280527457595,15.867077009677887,0,,,,,,,,True,6.0,19.0,0.0,optimal,0,6.0,19.0,1.2661413006107431,1.66801910693409,0.0,True,0.0,True,0.0,0.0
1761028981.1891973,0,leader,auto,0.6569157838821411,0.8858680725097656,0.7847919464111328,0.55,1,1,-0.10691578388214107,0.11413192749023438,0.2152080535888672,0,0,0,0,1.0,0,0,0,0,0,0,False,,,,,,,,,,,,,,,
1761028981.2894187,1,follower,auto,0.03167571499943733,0.8336871862411499,0.8047864437103271,0.10000000000000003,1.0,1.0,0.0683242850005627,0.1663128137588501,0.19521355628967285,0,0,0,0,1.0,0,0,0,0,0,0,False,,,,,,,,,,,,,,,
1761028981.2899024,0,follower,auto,0.6586252450942993,0.9014105200767517,0.8116632699966431,0.55,1,1,-0.10862524509429927,0.09858947992324829,0.18833673000335693,17.747352462530134,-10.983267261534928,8.762092719554902,0,,,,,,,,True,-10.0,18.0,0.0,optimal,0,-10.0,18.0,1.967697845371532,2.507997322117665,0.0,True,0.0,True,0.0,0.0
1761028981.3904471,1,follower,auto,0.02490413933992386,0.8496339917182922,0.8297192454338074,0.10000000000000003,1.0,1.0,0.07509586066007617,0.15036600828170776,0.17028075456619263,16.911877738714217,7.359889021411538,14.732601129055023,0,,,,,,,,True,7.0,17.0,0.0,optimal,0,7.0,17.0,1.328735143569286,1.9957433327509018,0.0,True,0.0,True,0.0,0.0
1761028981.4971068,0,leader,auto,0.6586252450942993,0.9014105200767517,0.8116632699966431,0.55,1,1,-0.10862524509429927,0.09858947992324829,0.18833673000335693,0,0,0,0,1.0,0,0,0,0,0,0,False,,,,,,,,,,,,,,,
1761028981.5973554,1,follower,auto,0.02490413933992386,0.8496339917182922,0.8297192454338074,0.10000000000000003,1.0,1.0,0.07509586066007617,0.15036600828170776,0.17028075456619263,0,0,0,0,1.0,0,0,0,0,0,0,False,,,,,,,,,,,,,,,
1761028981.597817,0,follower,auto,0.6560978889465332,0.9152054190635681,0.84654301404953,0.55,1,1,-0.10609788894653316,0.08479458093643188,0.15345698595046997,14.765942067360879,-10.950216792955995,7.654609435820579,0,,,,,,,,True,-10.0,15.0,0.0,optimal,0,-10.0,15.0,2.0560816841443037,2.652677116864101,0.0,True,0.0,True,0.0,0.0
1761028981.6981966,1,follower,auto,0.015003953129053116,0.8714147806167603,0.8646074533462524,0.10000000000000003,1.0,1.0,0.08499604687094692,0.12858521938323975,0.13539254665374756,12.832991214776039,8.395094676731526,11.607747922253608,0,,,,,,,,True,8.0,13.0,0.0,optimal,0,8.0,13.0,1.4183802015892646,2.283727160168568,0.0,True,0.0,True,0.0,0.0
1761028981.8037848,0,leader,auto,0.6560978889465332,0.9152054190635681,0.84654301404953,0.55,1,1,-0.10609788894653316,0.08479458093643188,0.15345698595046997,0,0,0,0,1.0,0,0,0,0,0,0,False,,,,,,,,,,,,,,,
1761028981.9041753,1,follower,auto,0.015003953129053116,0.8714147806167603,0.8646074533462524,0.10000000000000003,1.0,1.0,0.08499604687094692,0.12858521938323975,0.13539254665374756,0,0,0,0,1.0,0,0,0,0,0,0,False,,,,,,,,,,,,,,,
1761028981.905248,0,follower,auto,0.6506924033164978,0.925394594669342,0.8849600553512573,0.55,1,1,-0.10069240331649776,0.07460540533065796,0.11503994464874268,10.811430943148137,-10.915011454782634,6.5976661157679555,0,,,,,,,,True,-10.0,11.0,0.0,optimal,0,-10.0,11.0,2.151791919978957,2.7356379695272315,0.0,True,0.0,True,0.0,0.0
1761028982.005877,1,follower,auto,0.008129225112497807,0.8904156684875488,0.9063703417778015,0.10000000000000003,1.0,1.0,0.09187077488750223,0.10958433151245117,0.09362965822219849,8.823052508289814,9.379128614546657,9.507529681894779,0,,,,,,,,True,9.0,9.0,0.0,optimal,0,9.0,9.0,1.531195312578139,2.5757443058215044,0.0,True,0.0,True,0.0,0.0
1761028982.107119,0,leader,auto,0.6506924033164978,0.925394594669342,0.8849600553512573,0.55,1,1,-0.10069240331649776,0.07460540533065796,0.11503994464874268,0,0,0,0,1.0,0,0,0,0,0,0,False,,,,,,,,,,,,,,,
1761028982.2074523,1,follower,auto,0.008129225112497807,0.8904156684875488,0.9063703417778015,0.10000000000000003,1.0,1.0,0.09187077488750223,0.10958433151245117,0.09362965822219849,0,0,0,0,1.0,0,0,0,0,0,0,False,,,,,,,,,,,,,,,
1761028982.2084029,0,follower,auto,0.6449612975120544,0.9326642155647278,0.9198241233825684,0.55,1,1,-0.0949612975120544,0.06733578443527222,0.08017587661743164,7.853978443782568,-9.897693265026211,5.618026775481463,0,,,,,,,,True,-9.0,8.0,0.0,optimal,0,-9.0,8.0,2.2398601356323335,2.7479675718598116,0.0,True,0.0,True,0.0,0.0
1761028982.3091273,1,follower,auto,0.004638265818357468,0.9032465219497681,0.9473039507865906,0.10000000000000003,1.0,1.0,0.09536173418164257,0.09675347805023193,0.052696049213409424,4.867522607044935,9.341893759783522,8.476831476680518,0,,,,,,,,True,9.0,5.0,0.0,optimal,0,9.0,5.0,1.6465655457996184,2.708617126200718,0.0,True,0.0,True,0.0,0.0
1761028982.4661474,0,leader,auto,0.6449612975120544,0.9326642155647278,0.9198241233825684,0.55,1,1,-0.0949612975120544,0.06733578443527222,0.08017587661743164,0,0,0,0,1.0,0,0,0,0,0,0,False,,,,,,,,,,,,,,,
1761028982.5664802,1,follower,auto,0.004638265818357468,0.9032465219497681,0.9473039507865906,0.10000000000000003,1.0,1.0,0.09536173418164257,0.09675347805023193,0.052696049213409424,0,0,0,0,1.0,0,0,0,0,0,0,False,,,,,,,,,,,,,,,
1761028982.5673332,0,follower,auto,0.6408742070198059,0.9361991286277771,0.9494178891181946,0.55,1,1,-0.09087420701980586,0.0638008713722229,0.05058211088180542,4.89863301475079,-9.903199726724557,5.6804984308368445,0,,,,,,,,True,-9.0,5.0,0.0,optimal,0,-9.0,5.0,2.3178816493270307,2.612251534067708,0.0,True,0.0,True,0.0,0.0
1761028982.6678185,1,follower,auto,0.003295092610642314,0.9087956547737122,0.9867805242538452,0.10000000000000003,1.0,1.0,0.09670490738935772,0.09120434522628784,0.013219475746154785,0.9415113150467157,9.309574090231445,8.467768195507551,0,,,,,,,,True,9.0,1.0,0.0,optimal,0,9.0,1.0,1.7618452219801084,2.681794232556895,0.0,True,0.0,True,0.0,0.0
1761028982.7724814,0,leader,auto,0.6408742070198059,0.9361991286277771,0.9494178891181946,0.55,1,1,-0.09087420701980586,0.0638008713722229,0.05058211088180542,0,0,0,0,1.0,0,0,0,0,0,0,False,,,,,,,,,,,,,,,
1761028982.8727727,1,follower,auto,0.003295092610642314,0.9087956547737122,0.9867805242538452,0.10000000000000003,1.0,1.0,0.09670490738935772,0.09120434522628784,0.013219475746154785,0,0,0,0,1.0,0,0,0,0,0,0,False,,,,,,,,,,,,,,,
1761028982.8734708,0,follower,auto,0.6406172513961792,0.9353587627410889,0.9655094742774963,0.55,1,1,-0.09061725139617915,0.06464123725891113,0.03449052572250366,2.9529344235635735,-9.9400992611799,5.819942426594689,0,,,,,,,,True,-9.0,3.0,0.0,optimal,0,-9.0,3.0,2.3643553825419708,2.4831296940940697,0.0,True,0.0,True,0.0,0.0
1761028982.974074,1,follower,auto,0.0018116701394319534,0.9113280177116394,1.010693073272705,0.10000000000000003,1.0,1.0,0.09818832986056808,0.0886719822883606,-0.010693073272705078,-1.0151038998547293,9.304130746228598,7.588502834212072,0,,,,,,,,True,9.0,-1.0,0.0,optimal,0,9.0,-1.0,1.8329215118385978,2.5542765168830663,0.0,True,0.0,True,0.0,0.0
1761028983.0811622,0,leader,auto,0.6406172513961792,0.9353587627410889,0.9655094742774963,0.55,1,1,-0.09061725139617915,0.06464123725891113,0.03449052572250366,0,0,0,0,1.0,0,0,0,0,0,0,False,,,,,,,,,,,,,,,
1761028983.1814752,1,follower,auto,0.0018116701394319534,0.9113280177116394,1.010693073272705,0.10000000000000003,1.0,1.0,0.09818832986056808,0.0886719822883606,-0.010693073272705078,0,0,0,0,1.0,0,0,0,0,0,0,False,,,,,,,,,,,,,,,
1761028983.182653,0,follower,auto,0.6413882970809937,0.9317753911018372,0.9740896224975586,0.55,1,1,-0.09138829708099361,0.06822460889816284,0.025910377502441406,2.0020149855249207,-9.963829209603935,5.931978190515219,0,,,,,,,,True,-9.0,2.0,0.0,optimal,0,-9.0,2.0,2.3908744816198495,2.355996708707808,0.0,True,0.0,True,0.0,0.0
1761028983.283294,1,follower,auto,-0.0004684756277129054,0.9152557253837585,1.0263571739196777,0.10000000000000003,1.0,1.0,0.10046847562771294,0.08474427461624146,-0.026357173919677734,-2.023558251088354,10.31321509581012,7.686903697243716,0,,,,,,,,True,10.0,-2.0,0.0,optimal,0,10.0,-2.0,1.879579051594394,2.4558282414763477,0.0,True,0.0,True,0.0,0.0
1761028983.3870108,0,leader,auto,0.6413882970809937,0.9317753911018372,0.9740896224975586,0.55,1,1,-0.09138829708099361,0.06822460889816284,0.025910377502441406,0,0,0,0,1.0,0,0,0,0,0,0,False,,,,,,,,,,,,,,,
1761028983.4875064,1,follower,auto,-0.0004684756277129054,0.9152557253837585,1.0263571739196777,0.10000000000000003,1.0,1.0,0.10046847562771294,0.08474427461624146,-0.026357173919677734,0,0,0,0,1.0,0,0,0,0,0,0,False,,,,,,,,,,,,,,,
1761028983.4885235,0,follower,auto,0.6413361430168152,0.9278872609138489,0.9741663932800293,0.55,1,1,-0.09133614301681514,0.07211273908615112,0.025833606719970703,2.035700610531362,-9.967852379632772,7.046459139756494,0,,,,,,,,True,-9.0,2.0,0.0,optimal,0,-9.0,2.0,2.391013060622661,2.183392319994528,0.0,True,0.0,True,0.0,0.0
1761028983.5891519,1,follower,auto,-0.003982029389590025,0.924555242061615,1.0348536968231201,0.10000000000000003,1.0,1.0,0.10398202938959006,0.07544475793838501,-0.03485369682312012,-3.087619236715285,10.330120091233493,6.767189759609517,0,,,,,,,,True,10.0,-3.0,0.0,optimal,0,10.0,-3.0,1.904198915453822,2.3331840926381298,0.0,True,0.0,True,0.0,0.0
1761028983.7912674,0,leader,auto,0.6413361430168152,0.9278872609138489,0.9741663932800293,0.55,1,1,-0.09133614301681514,0.07211273908615112,0.025833606719970703,0,0,0,0,1.0,0,0,0,0,0,0,False,,,,,,,,,,,,,,,
1761028983.8916004,1,follower,auto,-0.003982029389590025,0.924555242061615,1.0348536968231201,0.10000000000000003,1.0,1.0,0.10398202938959006,0.07544475793838501,-0.03485369682312012,0,0,0,0,1.0,0,0,0,0,0,0,False,,,,,,,,,,,,,,,
1761028983.892555,0,follower,auto,0.6398968696594238,0.9237222671508789,0.9661853909492493,0.55,1,1,-0.08989686965942378,0.0762777328491211,0.03381460905075073,3.0694088790574647,-8.954901431888239,7.161906826905052,0,,,,,,,,True,-8.0,3.0,0.0,optimal,0,-8.0,3.0,2.365126352296702,2.072317718967987,0.0,True,0.0,True,0.0,0.0
1761028983.9931402,1,follower,auto,-0.004788991529494524,0.9385311603546143,1.0383440256118774,0.10000000000000003,1.0,1.0,0.10478899152949456,0.06146883964538574,-0.03834402561187744,-3.1673962329648875,10.309950123545741,5.819909500657742,0,,,,,,,,True,10.0,-3.0,0.0,optimal,0,10.0,-3.0,1.9146096789638285,2.232735280735888,0.0,True,0.0,True,0.0,0.0
1761028984.098713,0,leader,auto,0.6398968696594238,0.9237222671508789,0.9661853909492493,0.55,1,1,-0.08989686965942378,0.0762777328491211,0.03381460905075073,0,0,0,0,1.0,0,0,0,0,0,0,False,,,,,,,,,,,,,,,
1761028984.1991868,1,follower,auto,-0.004788991529494524,0.9385311603546143,1.0383440256118774,0.10000000000000003,1.0,1.0,0.10478899152949456,0.06146883964538574,-0.03834402561187744,0,0,0,0,1.0,0,0,0,0,0,0,False,,,,,,,,,,,,,,,
1761028984.200166,0,follower,auto,0.6408714652061462,0.92444908618927,0.9586930871009827,0.55,1,1,-0.0908714652061462,0.07555091381072998,0.041306912899017334,4.0387462572383575,-9.969467232972166,7.199507164481771,0,,,,,,,,True,-9.0,4.0,0.0,optimal,0,-9.0,4.0,2.344850343354126,2.03881349700231,0.0,True,0.0,True,0.0,0.0
1761028984.3011515,1,follower,auto,-0.0024077603593468666,0.944911003112793,1.0390071868896484,0.10000000000000003,1.0,1.0,0.1024077603593469,0.05508899688720703,-0.03900718688964844,-3.127838422501771,10.27529289604771,4.85240253137923,0,,,,,,,,True,10.0,-3.0,0.0,optimal,0,10.0,-3.0,1.9175858144641984,2.2034390560055686,0.0,True,0.0,True,0.0,0.0
1761028984.4028223,0,leader,auto,0.6408714652061462,0.92444908618927,0.9586930871009827,0.55,1,1,-0.0908714652061462,0.07555091381072998,0.041306912899017334,0,0,0,0,1.0,0,0,0,0,0,0,False,,,,,,,,,,,,,,,
1761028984.503069,1,follower,auto,-0.0024077603593468666,0.944911003112793,1.0390071868896484,0.10000000000000003,1.0,1.0,0.1024077603593469,0.05508899688720703,-0.03900718688964844,0,0,0,0,1.0,0,0,0,0,0,0,False,,,,,,,,,,,,,,,
1761028984.5035832,0,follower,auto,0.64369136095047,0.9262272715568542,0.9497751593589783,0.55,1,1,-0.09369136095046993,0.07377272844314575,0.05022484064102173,5.016724097613325,-9.988791404605777,7.2298355095158495,0,,,,,,,,True,-9.0,5.0,0.0,optimal,0,-9.0,5.0,2.323663125236807,2.027650569315043,0.0,True,0.0,True,0.0,0.0
1761028984.6039693,1,follower,auto,0.001198186306282878,0.945723831653595,1.0372512340545654,0.10000000000000003,1.0,1.0,0.09880181369371716,0.05427616834640503,-0.03725123405456543,-3.065216264022794,9.254062027284832,4.875397996089985,0,,,,,,,,True,9.0,-3.0,0.0,optimal,0,9.0,-3.0,1.9136220667752222,2.126091223385313,0.0,True,0.0,True,0.0,0.0
1761028984.7113185,0,leader,auto,0.64369136095047,0.9262272715568542,0.9497751593589783,0.55,1,1,-0.09369136095046993,0.07377272844314575,0.05022484064102173,0,0,0,0,1.0,0,0,0,0,0,0,False,,,,,,,,,,,,,,,
1761028984.8115814,1,follower,auto,0.001198186306282878,0.945723831653595,1.0372512340545654,0.10000000000000003,1.0,1.0,0.09880181369371716,0.05427616834640503,-0.03725123405456543,0,0,0,0,1.0,0,0,0,0,0,0,False,,,,,,,,,,,,,,,
1761028984.8121839,0,follower,auto,0.64664226770401,0.9282693266868591,0.9405386447906494,0.55,1,1,-0.09664226770400997,0.07173067331314087,0.059461355209350586,5.001751961673448,-9.996545617690849,7.245133456366374,0,,,,,,,,True,-9.0,5.0,0.0,optimal,0,-9.0,5.0,2.3019547165982694,2.006661601400059,0.0,True,0.0,True,0.0,0.0
1761028984.912637,1,follower,auto,0.0038139289245009422,0.9433769583702087,1.0325121879577637,0.10000000000000003,1.0,1.0,0.09618607107549909,0.05662304162979126,-0.03251218795776367,-3.013739139107885,9.256866949771798,4.903831304902473,0,,,,,,,,True,9.0,-3.0,0.0,optimal,0,9.0,-3.0,1.9001337238627334,2.0507882001223336,0.0,True,0.0,True,0.0,0.0
1761028985.024609,0,leader,auto,0.64664226770401,0.9282693266868591,0.9405386447906494,0.55,1,1,-0.09664226770400997,0.07173067331314087,0.059461355209350586,0,0,0,0,1.0,0,0,0,0,0,0,False,,,,,,,,,,,,,,,
1761028985.124906,1,follower,auto,0.0038139289245009422,0.9433769583702087,1.0325121879577637,0.10000000000000003,1.0,1.0,0.09618607107549909,0.05662304162979126,-0.03251218795776367,0,0,0,0,1.0,0,0,0,0,0,0,False,,,,,,,,,,,,,,,
1761028985.1263297,0,follower,auto,0.6519319415092468,0.9315398335456848,0.931826651096344,0.55,1,1,-0.10193194150924678,0.06846016645431519,0.068173348903656,5.978024608601674,-11.024094161597615,6.248229252331589,0,,,,,,,,True,-10.0,6.0,0.0,optimal,0,-10.0,6.0,2.2859155917534864,2.0207311723399797,0.0,True,0.0,True,0.0,0.0
1761028985.2273693,1,follower,auto,0.005285295657813549,0.9393863081932068,1.0270910263061523,0.10000000000000003,1.0,1.0,0.09471470434218648,0.06061369180679321,-0.027091026306152344,-1.9755715579593247,9.272897820698084,5.915178680954766,0,,,,,,,,True,9.0,-2.0,0.0,optimal,0,9.0,-2.0,1.8841490552380937,2.0233287902519272,0.0,True,0.0,True,0.0,0.0
1761028985.3703759,0,leader,auto,0.6519319415092468,0.9315398335456848,0.931826651096344,0.55,1,1,-0.10193194150924678,0.06846016645431519,0.068173348903656,0,0,0,0,1.0,0,0,0,0,0,0,False,,,,,,,,,,,,,,,
1761028985.4706688,1,follower,auto,0.005285295657813549,0.9393863081932068,1.0270910263061523,0.10000000000000003,1.0,1.0,0.09471470434218648,0.06061369180679321,-0.027091026306152344,0,0,0,0,1.0,0,0,0,0,0,0,False,,,,,,,,,,,,,,,
1761028985.4713936,0,follower,auto,0.6598073244094849,0.9353258013725281,0.9244350790977478,0.55,1,1,-0.10980732440948482,0.06467419862747192,0.0755649209022522,6.968318321320279,-11.064449879160591,6.238255517790655,0,,,,,,,,True,-10.0,7.0,0.0,optimal,0,-10.0,7.0,2.2782839296724045,2.088661488526741,0.0,True,0.0,True,0.0,0.0
1761028985.5719566,1,follower,auto,0.0051010544411838055,0.942155122756958,1.020812749862671,0.10000000000000003,1.0,1.0,0.09489894555881623,0.05784487724304199,-0.0208127498626709,-2.0226425782085675,9.301985386748422,4.925593589108703,0,,,,,,,,True,9.0,-2.0,0.0,optimal,0,9.0,-2.0,1.8649378626777444,1.9933806815377044,0.0,True,0.0,True,0.0,0.0
1761028985.677517,0,leader,auto,0.6598073244094849,0.9353258013725281,0.9244350790977478,0.55,1,1,-0.10980732440948482,0.06467419862747192,0.0755649209022522,0,0,0,0,1.0,0,0,0,0,0,0,False,,,,,,,,,,,,,,,
1761028985.7779222,1,follower,auto,0.0051010544411838055,0.942155122756958,1.020812749862671,0.10000000000000003,1.0,1.0,0.09489894555881623,0.05784487724304199,-0.0208127498626709,0,0,0,0,1.0,0,0,0,0,0,0,False,,,,,,,,,,,,,,,
1761028985.7791429,0,follower,auto,0.6660745143890381,0.9398558735847473,0.9161736965179443,0.55,1,1,-0.11607451438903804,0.060144126415252686,0.08382630348205566,7.964649882320423,-12.070577295978499,6.2444246074884955,0,,,,,,,,True,-11.0,8.0,0.0,optimal,0,-11.0,8.0,2.265633003183507,2.030652133556918,0.0,True,0.0,True,0.0,0.0
1761028985.8801098,1,follower,auto,0.00393067579716444,0.9500426650047302,1.0141218900680542,0.10000000000000003,1.0,1.0,0.0960693242028356,0.049957334995269775,-0.0141218900680542,-1.0852551208508379,9.326524733036365,3.9303289605264418,0,,,,,,,,True,9.0,-1.0,0.0,optimal,0,9.0,-1.0,1.8441528185143452,1.9520533685412615,0.0,True,0.0,True,0.0,0.0
1761028985.9836664,0,leader,auto,0.6660745143890381,0.9398558735847473,0.9161736965179443,0.55,1,1,-0.11607451438903804,0.060144126415252686,0.08382630348205566,0,0,0,0,1.0,0,0,0,0,0,0,False,,,,,,,,,,,,,,,
1761028986.084245,1,follower,auto,0.00393067579716444,0.9500426650047302,1.0141218900680542,0.10000000000000003,1.0,1.0,0.0960693242028356,0.049957334995269775,-0.0141218900680542,0,0,0,0,1.0,0,0,0,0,0,0,False,,,,,,,,,,,,,,,
1761028986.0853436,0,follower,auto,0.6718066930770874,0.9454960227012634,0.9085715413093567,0.55,1,1,-0.12180669307708736,0.05450397729873657,0.09142845869064331,8.956263478518682,-13.077186687225552,5.242765422503049,0,,,,,,,,True,-12.0,9.0,0.0,optimal,0,-12.0,9.0,2.254120697080624,2.018471646364181,0.0,True,0.0,True,0.0,0.0
1761028986.1859095,1,follower,auto,0.0012547431979328394,0.9580492377281189,1.0083426237106323,0.10000000000000003,1.0,1.0,0.0987452568020672,0.041950762271881104,-0.008342623710632324,-0.10707751353300708,9.355798451196844,3.9220645890559123,0,,,,,,,,True,9.0,0.0,0.0,optimal,0,9.0,0.0,1.82560094216194,1.9498348149529134,0.0,True,0.0,True,0.0,0.0
1761028986.2890034,0,leader,auto,0.6718066930770874,0.9454960227012634,0.9085715413093567,0.55,1,1,-0.12180669307708736,0.05450397729873657,0.09142845869064331,0,0,0,0,1.0,0,0,0,0,0,0,False,,,,,,,,,,,,,,,
1761028986.3892334,1,follower,auto,0.0012547431979328394,0.9580492377281189,1.0083426237106323,0.10000000000000003,1.0,1.0,0.0987452568020672,0.041950762271881104,-0.008342623710632324,0,0,0,0,1.0,0,0,0,0,0,0,False,,,,,,,,,,,,,,,
1761028986.3900623,0,follower,auto,0.6754535436630249,0.9490645527839661,0.9035093784332275,0.55,1,1,-0.12545354366302486,0.050935447216033936,0.09649062156677246,8.968207614398347,-13.072019060339336,5.221929700922935,0,,,,,,,,True,-12.0,9.0,0.0,optimal,0,-12.0,9.0,2.246257482462173,2.034427648712491,0.0,True,0.0,True,0.0,0.0
1761028986.4905787,1,follower,auto,-0.004531714133918285,0.9603666663169861,1.0044926404953003,0.10000000000000003,1.0,1.0,0.10453171413391832,0.039633333683013916,-0.004492640495300293,-0.06289387774383157,10.401075286196397,2.9023813297130276,0,,,,,,,,True,10.0,0.0,0.0,optimal,0,10.0,0.0,1.811705956083945,1.992653297612658,0.0,True,0.0,True,0.0,0.0
1761028986.595285,0,leader,auto,0.6754535436630249,0.9490645527839661,0.9035093784332275,0.55,1,1,-0.12545354366302486,0.050935447216033936,0.09649062156677246,0,0,0,0,1.0,0,0,0,0,0,0,False,,,,,,,,,,,,,,,
1761028986.6956155,1,follower,auto,-0.004531714133918285,0.9603666663169861,1.0044926404953003,0.10000000000000003,1.0,1.0,0.10453171413391832,0.039633333683013916,-0.004492640495300293,0,0,0,0,1.0,0,0,0,0,0,0,False,,,,,,,,,,,,,,,
1761028986.696435,0,follower,auto,0.6754997968673706,0.9476625919342041,0.9018666744232178,0.55,1,1,-0.12549979686737056,0.0523374080657959,0.09813332557678223,9.00736370586644,-13.04087790848078,5.183833161518565,0,,,,,,,,True,-12.0,9.0,0.0,optimal,0,-12.0,9.0,2.2417300671732194,2.0512626299741603,0.0,True,0.0,True,0.0,0.0
1761028986.796907,1,follower,auto,-0.007751556113362312,0.9544698596000671,1.0011320114135742,0.10000000000000003,1.0,1.0,0.10775155611336235,0.04553014039993286,-0.0011320114135742188,0.02554006269003412,10.393752921948725,3.895488145642805,0,,,,,,,,True,10.0,0.0,0.0,optimal,0,10.0,0.0,1.800356779867397,1.9970844426560015,0.0,True,0.0,True,0.0,0.0
1761028986.9012558,0,leader,auto,0.6754997968673706,0.9476625919342041,0.9018666744232178,0.55,1,1,-0.12549979686737056,0.0523374080657959,0.09813332557678223,0,0,0,0,1.0,0,0,0,0,0,0,False,,,,,,,,,,,,,,,
1761028987.001621,1,follower,auto,-0.007751556113362312,0.9544698596000671,1.0011320114135742,0.10000000000000003,1.0,1.0,0.10775155611336235,0.04553014039993286,-0.0011320114135742188,0,0,0,0,1.0,0,0,0,0,0,0,False,,,,,,,,,,,,,,,
1761028987.002321,0,follower,auto,0.6754105091094971,0.9449487328529358,0.9011207818984985,0.55,1,1,-0.12541050910949703,0.05505126714706421,0.09887921810150146,9.025986402938635,-13.029837300632183,5.158363014318225,0,,,,,,,,True,-12.0,9.0,0.0,optimal,0,-12.0,9.0,2.2394830049272088,2.06398591929377,0.0,True,0.0,True,0.0,0.0
1761028987.1027179,1,follower,auto,-0.008447526954114437,0.947644829750061,0.9955320954322815,0.10000000000000003,1.0,1.0,0.10844752695411447,0.052355170249938965,0.004467904567718506,0.06401139465101201,10.369795976901022,4.918738169280687,0,,,,,,,,True,10.0,0.0,0.0,optimal,0,10.0,0.0,1.7833085983980654,1.9419043688713493,0.0,True,0.0,True,0.0,0.0
1761028987.2068198,0,leader,auto,0.6754105091094971,0.9449487328529358,0.9011207818984985,0.55,1,1,-0.12541050910949703,0.05505126714706421,0.09887921810150146,0,0,0,0,1.0,0,0,0,0,0,0,False,,,,,,,,,,,,,,,
1761028987.3070824,1,follower,auto,-0.008447526954114437,0.947644829750061,0.9955320954322815,0.10000000000000003,1.0,1.0,0.10844752695411447,0.052355170249938965,0.004467904567718506,0,0,0,0,1.0,0,0,0,0,0,0,False,,,,,,,,,,,,,,,
1761028987.3076952,0,follower,auto,0.6763883829116821,0.9418678283691406,0.9010205268859863,0.5459136056900025,1.0,1.0204319715499879,-0.13047477722167966,0.058132171630859375,0.11941144466400155,11.033555632743202,-14.03708106822447,5.137998455720448,0,,,,,,,,True,-13.0,11.0,0.0,optimal,0,-13.0,11.0,2.24091511445844,2.096007029042785,0.0,True,0.0,True,0.0,0.0
1761028987.408147,1,follower,auto,-0.00871285330504179,0.9425967335700989,0.9891088604927063,0.09591360569000246,1.0,1.0204319715499879,0.10462645899504425,0.05740326642990112,0.03132311105728158,3.0617273121092548,10.360583272514557,4.93992921495676,0,,,,,,,,True,10.0,3.0,0.0,optimal,0,10.0,3.0,1.7640359708885847,1.917348662884651,0.0,True,0.0,True,0.0,0.0
1761028987.5131235,0,leader,auto,0.6763883829116821,0.9418678283691406,0.9010205268859863,0.5459136056900025,1.0,1.0204319715499879,-0.13047477722167966,0.058132171630859375,0.11941144466400155,0,0,0,0,1.0,0,0,0,0,0,0,False,,,,,,,,,,,,,,,
1761028987.6134553,1,follower,auto,-0.00871285330504179,0.9425967335700989,0.9891088604927063,0.09591360569000246,1.0,1.0204319715499879,0.10462645899504425,0.05740326642990112,0.03132311105728158,0,0,0,0,1.0,0,0,0,0,0,0,False,,,,,,,,,,,,,,,
1761028987.615394,0,follower,auto,0.676284670829773,0.935119092464447,0.9036827683448792,0.5520219850540161,1.0,0.9898900747299195,-0.12426268577575683,0.06488090753555298,0.08620730638504037,8.068086026881028,-13.026505151669832,6.097922612415941,0,,,,,,,,True,-12.0,8.0,0.0,optimal,0,-12.0,8.0,2.248200138479587,2.1188833557452464,0.0,True,0.0,True,0.0,0.0
1761028987.7162614,1,follower,auto,-0.006747041828930378,0.9362244009971619,0.9826998710632324,0.1020219850540161,1.0,0.9898900747299195,0.10876902688294648,0.06377559900283813,0.0071902036666871005,0.07071583178680627,10.33541417804556,5.956928371740102,0,,,,,,,,True,10.0,0.0,0.0,optimal,0,10.0,0.0,1.7457456134927953,1.895074083389679,0.0,True,0.0,True,0.0,0.0
1761028987.8187008,0,leader,auto,0.676284670829773,0.935119092464447,0.9036827683448792,0.5520219850540161,1.0,0.9898900747299195,-0.12426268577575683,0.06488090753555298,0.08620730638504037,0,0,0,0,1.0,0,0,0,0,0,0,False,,,,,,,,,,,,,,,
1761028987.9189847,1,follower,auto,-0.006747041828930378,0.9362244009971619,0.9826998710632324,0.1020219850540161,1.0,0.9898900747299195,0.10876902688294648,0.06377559900283813,0.0071902036666871005,0,0,0,0,1.0,0,0,0,0,0,0,False,,,,,,,,,,,,,,,
1761028987.919417,0,follower,auto,0.6776455044746399,0.9302300214767456,0.9065105319023132,0.5581864023208618,1.0,0.959067988395691,-0.11945910215377809,0.0697699785232544,0.05255745649337773,5.073246711127129,-12.04046678274852,6.06423617577171,0,,,,,,,,True,-11.0,5.0,0.0,optimal,0,-11.0,5.0,2.2585335078766735,2.127062902755043,0.0,True,0.0,True,0.0,0.0
1761028988.0197823,1,follower,auto,-0.007986832410097122,0.9383967518806458,0.9692907333374023,0.1081864023208618,1.0,0.959067988395691,0.11617323473095892,0.06160324811935425,-0.010222744941711381,-1.0087857046513513,11.359622728926158,6.041102662489629,0,,,,,,,,True,11.0,-1.0,0.0,optimal,0,11.0,-1.0,1.7056843155990695,1.7345107340368904,0.0,True,0.0,True,0.0,0.0
1761028988.1252475,0,leader,auto,0.6776455044746399,0.9302300214767456,0.9065105319023132,0.5581864023208618,1.0,0.959067988395691,-0.11945910215377809,0.0697699785232544,0.05255745649337773,0,0,0,0,1.0,0,0,0,0,0,0,False,,,,,,,,,,,,,,,
1761028988.2254863,1,follower,auto,-0.007986832410097122,0.9383967518806458,0.9692907333374023,0.1081864023208618,1.0,0.959067988395691,0.11617323473095892,0.06160324811935425,-0.010222744941711381,0,0,0,0,1.0,0,0,0,0,0,0,False,,,,,,,,,,,,,,,
1761028988.226417,0,follower,auto,0.6814087629318237,0.9302525520324707,0.9074472188949585,0.5642552042007446,1.0,0.9287239789962769,-0.11715355873107913,0.0697474479675293,0.021276760101318404,2.02343909848695,-12.066612814633123,6.061521804856109,0,,,,,,,,True,-11.0,2.0,0.0,optimal,0,-11.0,2.0,2.267789081348161,2.081596747875962,0.0,True,0.0,True,0.0,0.0
1761028988.3275015,1,follower,auto,-0.006188543979078531,0.9338054656982422,0.9596940279006958,0.11425520420074459,1.0,0.9287239789962769,0.12044374817982312,0.06619453430175781,-0.0309700489044189,-2.9657232492801175,12.343142604625513,6.0428240015524075,0,,,,,,,,True,12.0,-3.0,0.0,optimal,0,12.0,-3.0,1.678269535573907,1.8072376281619345,0.0,True,0.0,True,0.0,0.0
1761028988.4359393,0,leader,auto,0.6814087629318237,0.9302525520324707,0.9074472188949585,0.5642552042007446,1.0,0.9287239789962769,-0.11715355873107913,0.0697474479675293,0.021276760101318404,0,0,0,0,1.0,0,0,0,0,0,0,False,,,,,,,,,,,,,,,
1761028988.536254,1,follower,auto,-0.006188543979078531,0.9338054656982422,0.9596940279006958,0.11425520420074459,1.0,0.9287239789962769,0.12044374817982312,0.06619453430175781,-0.0309700489044189,0,0,0,0,1.0,0,0,0,0,0,0,False,,,,,,,,,,,,,,,
1761028988.5375047,0,follower,auto,0.6871193647384644,0.9333441257476807,0.9049338698387146,0.5704112720489501,1.0,0.897943639755249,-0.11670809268951421,0.06665587425231934,-0.006990230083465554,-0.03757109967182577,-12.099315011502041,6.092902450718536,0,,,,,,,,True,-11.0,0.0,0.0,optimal,0,-11.0,0.0,2.270819945913963,2.013196357677958,0.0,True,0.0,True,0.0,0.0
1761028988.638289,1,follower,auto,-0.006734568625688553,0.9219875931739807,0.956163763999939,0.12041127204895014,1.0,0.897943639755249,0.1271458406746387,0.07801240682601929,-0.05822012424468992,-4.871813235570092,12.366391500355501,6.989167640042825,0,,,,,,,,True,12.0,-5.0,0.0,optimal,0,12.0,-5.0,1.6677644345507685,1.8977227616769403,0.0,True,0.0,True,0.0,0.0
1761028988.7915075,0,leader,auto,0.6871193647384644,0.9333441257476807,0.9049338698387146,0.5704112720489501,1.0,0.897943639755249,-0.11670809268951421,0.06665587425231934,-0.006990230083465554,0,0,0,0,1.0,0,0,0,0,0,0,False,,,,,,,,,,,,,,,
1761028988.8917682,1,follower,auto,-0.006734568625688553,0.9219875931739807,0.956163763999939,0.12041127204895014,1.0,0.897943639755249,0.1271458406746387,0.07801240682601929,-0.05822012424468992,0,0,0,0,1.0,0,0,0,0,0,0,False,,,,,,,,,,,,,,,
1761028988.8924224,0,follower,auto,0.6911377906799316,0.9293767213821411,0.8938394784927368,0.5766250038146972,1.0,0.8668749809265137,-0.11451278686523447,0.07062327861785889,-0.0269644975662231,-1.9995462767103627,-12.092675362485679,7.198054063009636,0,,,,,,,,True,-11.0,-2.0,0.0,optimal,0,-11.0,-2.0,2.246915053782814,1.807248675175923,0.0,True,0.0,True,0.0,0.0
1761028988.9929616,1,follower,auto,-0.003102443413808942,0.9115689992904663,0.9605354070663452,0.12662500381469716,1.0,0.8668749809265137,0.1297274472285061,0.08843100070953369,-0.0936604261398315,-8.85242663857016,12.336033679453603,7.8830380497671735,0,,,,,,,,True,12.0,-9.0,0.0,optimal,0,12.0,-9.0,1.681932323084067,2.046079951772118,0.0,True,0.0,True,0.0,0.0
1761028989.0975409,0,leader,auto,0.6911377906799316,0.9293767213821411,0.8938394784927368,0.5766250038146972,1.0,0.8668749809265137,-0.11451278686523447,0.07062327861785889,-0.0269644975662231,0,0,0,0,1.0,0,0,0,0,0,0,False,,,,,,,,,,,,,,,
1761028989.1980753,1,follower,auto,-0.003102443413808942,0.9115689992904663,0.9605354070663452,0.12662500381469716,1.0,0.8668749809265137,0.1297274472285061,0.08843100070953369,-0.0936604261398315,0,0,0,0,1.0,0,0,0,0,0,0,False,,,,,,,,,,,,,,,
1761028989.199589,0,follower,auto,0.6942553520202637,0.9269184470176697,0.877926766872406,0.5837200021743774,1.0,0.8313999891281129,-0.11053534984588631,0.07308155298233032,-0.046526777744293146,-3.9979384145682846,-12.075877650234913,7.293969228174513,0,,,,,,,,True,-11.0,-4.0,0.0,optimal,0,-11.0,-4.0,2.2083748094803277,1.6272285965253095,0.0,True,0.0,True,0.0,0.0
1761028989.3007135,1,follower,auto,0.004724930971860886,0.90909343957901,0.9651930332183838,0.13372000217437735,1.0,0.8313999891281129,0.12899507120251646,0.09090656042098999,-0.13379304409027093,-12.91620925377808,12.284447685226876,8.824901123592186,0,,,,,,,,True,12.0,-13.0,0.0,optimal,0,12.0,-13.0,1.6987029219531211,2.0786499000367678,0.0,True,0.0,True,0.0,0.0
1761028989.4053593,0,leader,auto,0.6942553520202637,0.9269184470176697,0.877926766872406,0.5837200021743774,1.0,0.8313999891281129,-0.11053534984588631,0.07308155298233032,-0.046526777744293146,0,0,0,0,1.0,0,0,0,0,0,0,False,,,,,,,,,,,,,,,
1761028989.5055854,1,follower,auto,0.004724930971860886,0.90909343957901,0.9651930332183838,0.13372000217437735,1.0,0.8313999891281129,0.12899507120251646,0.09090656042098999,-0.13379304409027093,0,0,0,0,1.0,0,0,0,0,0,0,False,,,,,,,,,,,,,,,
1761028989.5062828,0,follower,auto,0.7008398175239563,0.9302300214767456,0.861772358417511,0.58987557888031,1.0,0.8006221055984498,-0.11096423864364635,0.0697699785232544,-0.06115025281906117,-6.046169549272829,-12.103240917594379,6.33811588415689,0,,,,,,,,True,-11.0,-6.0,0.0,optimal,0,-11.0,-6.0,2.175936332986585,1.6061681463158142,0.0,True,0.0,True,0.0,0.0
1761028989.6068814,1,follower,auto,0.010535283014178276,0.9122353196144104,0.9641042947769165,0.13987557888030994,1.0,0.8006221055984498,0.12934029586613166,0.0877646803855896,-0.16348218917846669,-15.982283768984681,12.289195460705482,7.842387655302563,0,,,,,,,,True,12.0,-16.0,0.0,optimal,0,12.0,-16.0,1.697926491378072,1.949443222576064,0.0,True,0.0,True,0.0,0.0
1761028989.8087418,0,leader,auto,0.7008398175239563,0.9302300214767456,0.861772358417511,0.58987557888031,1.0,0.8006221055984498,-0.11096423864364635,0.0697699785232544,-0.06115025281906117,0,0,0,0,1.0,0,0,0,0,0,0,False,,,,,,,,,,,,,,,
1761028989.9089932,1,follower,auto,0.010535283014178276,0.9122353196144104,0.9641042947769165,0.13987557888030994,1.0,0.8006221055984498,0.12934029586613166,0.0877646803855896,-0.16348218917846669,0,0,0,0,1.0,0,0,0,0,0,0,False,,,,,,,,,,,,,,,
1761028989.9094722,0,follower,auto,0.7107709646224976,0.9354301691055298,0.8429831266403198,0.5959995079040526,1.0,0.7700024604797364,-0.11477145671844491,0.06456983089447021,-0.07298066616058341,-7.0933992028374595,-12.15098400996138,6.369524426249226,0,,,,,,,,True,-11.0,-7.0,0.0,optimal,0,-11.0,-7.0,2.143107428440004,1.6074101918202703,0.0,True,0.0,True,0.0,0.0
1761028990.0099983,1,follower,auto,0.012619538232684135,0.9061203598976135,0.947189450263977,0.14599950790405264,1.0,0.7700024604797364,0.1333799696713685,0.09387964010238647,-0.17718698978424063,-16.907452371100486,13.333340993431516,8.984540876425706,0,,,,,,,,True,13.0,-17.0,0.0,optimal,0,13.0,-17.0,1.649564372993632,1.6882162301584025,0.0,True,0.0,True,0.0,0.0
1761028990.115412,0,leader,auto,0.7107709646224976,0.9354301691055298,0.8429831266403198,0.5959995079040526,1.0,0.7700024604797364,-0.11477145671844491,0.06456983089447021,-0.07298066616058341,0,0,0,0,1.0,0,0,0,0,0,0,False,,,,,,,,,,,,,,,
1761028990.2159867,1,follower,auto,0.012619538232684135,0.9061203598976135,0.947189450263977,0.14599950790405264,1.0,0.7700024604797364,0.1333799696713685,0.09387964010238647,-0.17718698978424063,0,0,0,0,1.0,0,0,0,0,0,0,False,,,,,,,,,,,,,,,
1761028990.2176473,0,follower,auto,0.7185341715812683,0.9367319941520691,0.8213038444519043,0.6040619421005248,1.0,0.7296902894973756,-0.11447222948074354,0.06326800584793091,-0.09161355495452872,-9.08038233697829,-12.151173526770648,6.394038446839917,0,,,,,,,,True,-11.0,-9.0,0.0,optimal,0,-11.0,-9.0,2.099548873725869,1.4206254159063574,0.0,True,0.0,True,0.0,0.0
1761028990.318367,1,follower,auto,0.015310486778616905,0.9003208875656128,0.9199491739273071,0.15406194210052476,1.0,0.7296902894973756,0.13875145532190786,0.09967911243438721,-0.19025888442993155,-18.88209289800522,13.34556571557218,9.123105435573281,0,,,,,,,,True,13.0,-19.0,0.0,optimal,0,13.0,-19.0,1.5726142622536867,1.3527368214820459,0.0,True,0.0,True,0.0,0.0
1761028990.4216862,0,leader,auto,0.7185341715812683,0.9367319941520691,0.8213038444519043,0.6040619421005248,1.0,0.7296902894973756,-0.11447222948074354,0.06326800584793091,-0.09161355495452872,0,0,0,0,1.0,0,0,0,0,0,0,False,,,,,,,,,,,,,,,
1761028990.5219789,1,follower,auto,0.015310486778616905,0.9003208875656128,0.9199491739273071,0.15406194210052476,1.0,0.7296902894973756,0.13875145532190786,0.09967911243438721,-0.19025888442993155,0,0,0,0,1.0,0,0,0,0,0,0,False,,,,,,,,,,,,,,,
1761028990.5224364,0,follower,auto,0.7247559428215027,0.9344519972801208,0.7961680293083191,0.6102290725708006,1.0,0.6988546371459962,-0.11452687025070207,0.06554800271987915,-0.09731339216232293,-9.043072259367756,-12.135674023267411,6.42596517446526,0,,,,,,,,True,-11.0,-9.0,0.0,optimal,0,-11.0,-9.0,2.045225113984698,1.3016924869139013,0.0,True,0.0,True,0.0,0.0
1761028990.6227949,1,follower,auto,0.021749446168541908,0.8981223106384277,0.890170156955719,0.1602290725708006,1.0,0.6988546371459962,0.1384796264022587,0.10187768936157227,-0.19131551980972283,-18.908050291214575,13.315141542614532,10.190462580026155,0,,,,,,,,True,13.0,-19.0,0.0,optimal,0,13.0,-19.0,1.4917458821663434,1.2363270959354953,0.0,True,0.0,True,0.0,0.0
1761028990.7276378,0,leader,auto,0.7247559428215027,0.9344519972801208,0.7961680293083191,0.6102290725708006,1.0,0.6988546371459962,-0.11452687025070207,0.06554800271987915,-0.09731339216232293,0,0,0,0,1.0,0,0,0,0,0,0,False,,,,,,,,,,,,,,,
1761028990.8278415,1,follower,auto,0.021749446168541908,0.8981223106384277,0.890170156955719,0.1602290725708006,1.0,0.6988546371459962,0.1384796264022587,0.10187768936157227,-0.19131551980972283,0,0,0,0,1.0,0,0,0,0,0,0,False,,,,,,,,,,,,,,,
1761028990.8284047,0,follower,auto,0.7309973239898682,0.9288638234138489,0.7662606835365295,0.6163152408599852,1.0,0.6684237957000733,-0.11468208312988293,0.07113617658615112,-0.09783688783645628,-8.986774905306474,-12.130525363482322,7.478863622077966,0,,,,,,,,True,-11.0,-9.0,0.0,optimal,0,-11.0,-9.0,1.9801721359466946,1.179360021078854,0.0,True,0.0,True,0.0,0.0
1761028990.9288397,1,follower,auto,0.028498338535428047,0.9041023254394531,0.8610295653343201,0.16631524085998522,1.0,0.6684237957000733,0.13781690232455718,0.09589767456054688,-0.1926057696342468,-19.001853323720155,13.302747321590344,9.202067378372242,0,,,,,,,,True,13.0,-19.0,0.0,optimal,0,13.0,-19.0,1.4146129684275792,1.17578393867208,0.0,True,0.0,True,0.0,0.0
1761028991.0491188,0,leader,auto,0.7309973239898682,0.9288638234138489,0.7662606835365295,0.6163152408599852,1.0,0.6684237957000733,-0.11468208312988293,0.07113617658615112,-0.09783688783645628,0,0,0,0,1.0,0,0,0,0,0,0,False,,,,,,,,,,,,,,,
1761028991.1495614,1,follower,auto,0.028498338535428047,0.9041023254394531,0.8610295653343201,0.16631524085998522,1.0,0.6684237957000733,0.13781690232455718,0.09589767456054688,-0.1926057696342468,0,0,0,0,1.0,0,0,0,0,0,0,False,,,,,,,,,,,,,,,
1761028991.150712,0,follower,auto,0.7416377663612366,0.9228230118751526,0.7281001806259155,0.6224370670318602,1.0,0.6378146648406983,-0.11920069932937638,0.07717698812484741,-0.09028551578521726,-8.954289833838455,-12.164349318537052,7.5624249414589,0,,,,,,,,True,-11.0,-9.0,0.0,optimal,0,-11.0,-9.0,1.904911736691185,1.0820202641918326,0.0,True,0.0,True,0.0,0.0
1761028991.251197,1,follower,auto,0.040346741676330566,0.9093944430351257,0.822009265422821,0.17243706703186018,1.0,0.6378146648406983,0.13209032535552961,0.09060555696487427,-0.18419460058212278,-18.036009605748134,13.254609603666383,9.290173102381912,0,,,,,,,,True,13.0,-18.0,0.0,optimal,0,13.0,-18.0,1.3154750540982156,0.9741174478686043,0.0,True,0.0,True,0.0,0.0
1761028991.3906991,0,leader,auto,0.7416377663612366,0.9228230118751526,0.7281001806259155,0.6224370670318602,1.0,0.6378146648406983,-0.11920069932937638,0.07717698812484741,-0.09028551578521726,0,0,0,0,1.0,0,0,0,0,0,0,False,,,,,,,,,,,,,,,
1761028991.4909742,1,follower,auto,0.040346741676330566,0.9093944430351257,0.822009265422821,0.17243706703186018,1.0,0.6378146648406983,0.13209032535552961,0.09060555696487427,-0.18419460058212278,0,0,0,0,1.0,0,0,0,0,0,0,False,,,,,,,,,,,,,,,
1761028991.4918647,0,follower,auto,0.7563008069992065,0.9207512140274048,0.684594452381134,0.628886580467224,1.0,0.6055670976638794,-0.12741422653198253,0.07924878597259521,-0.07902735471725464,-6.974358844797227,-13.207130951357763,7.616700385093272,0,,,,,,,,True,-12.0,-7.0,0.0,optimal,0,-12.0,-7.0,1.8277752500794924,1.0477911387116732,0.0,True,0.0,True,0.0,0.0
1761028991.5924761,1,follower,auto,0.056142423301935196,0.9130726456642151,0.7677837014198303,0.178886580467224,1.0,0.6055670976638794,0.1227441571652888,0.08692735433578491,-0.16221660375595093,-16.03622478724202,12.205855769882536,8.460021882940259,0,,,,,,,,True,12.0,-16.0,0.0,optimal,0,12.0,-16.0,1.1828844546007533,0.6793201266207534,0.0,True,0.0,True,0.0,0.0
1761028991.6976652,0,leader,auto,0.7563008069992065,0.9207512140274048,0.684594452381134,0.628886580467224,1.0,0.6055670976638794,-0.12741422653198253,0.07924878597259521,-0.07902735471725464,0,0,0,0,1.0,0,0,0,0,0,0,False,,,,,,,,,,,,,,,
1761028991.7979069,1,follower,auto,0.056142423301935196,0.9130726456642151,0.7677837014198303,0.178886580467224,1.0,0.6055670976638794,0.1227441571652888,0.08692735433578491,-0.16221660375595093,0,0,0,0,1.0,0,0,0,0,0,0,False,,,,,,,,,,,,,,,
1761028991.7984166,0,follower,auto,0.7719546556472778,0.9226787686347961,0.6448482871055603,0.6357088088989257,1.0,0.5714559555053711,-0.13624584674835216,0.07732123136520386,-0.07339233160018921,-7.000685077321653,-14.246172534912192,7.592708103084439,0,,,,,,,,True,-13.0,-7.0,0.0,optimal,0,-13.0,-7.0,1.765373453122954,1.018768482427173,0.0,True,0.0,True,0.0,0.0
1761028991.8988304,1,follower,auto,0.06021319329738617,0.9255845546722412,0.719025194644928,0.18570880889892566,1.0,0.5714559555053711,0.1254956156015395,0.07441544532775879,-0.14756923913955688,-14.123781506659627,12.307603183864037,7.473747822549619,0,,,,,,,,True,12.0,-14.0,0.0,optimal,0,12.0,-14.0,1.0637333311451274,0.5504232216992777,0.0,True,0.0,True,0.0,0.0
1761028992.003506,0,leader,auto,0.7719546556472778,0.9226787686347961,0.6448482871055603,0.6357088088989257,1.0,0.5714559555053711,-0.13624584674835216,0.07732123136520386,-0.07339233160018921,0,0,0,0,1.0,0,0,0,0,0,0,False,,,,,,,,,,,,,,,
1761028992.1037688,1,follower,auto,0.06021319329738617,0.9255845546722412,0.719025194644928,0.18570880889892566,1.0,0.5714559555053711,0.1254956156015395,0.07441544532775879,-0.14756923913955688,0,0,0,0,1.0,0,0,0,0,0,0,False,,,,,,,,,,,,,,,
1761028992.1043725,0,follower,auto,0.7829521298408508,0.9258759021759033,0.6083908081054688,0.6418390798568725,1.0,0.5408046007156372,-0.14111304998397833,0.07412409782409668,-0.06758620738983157,-6.012254962745942,-15.24053084216695,7.54719288117405,0,,,,,,,,True,-14.0,-6.0,0.0,optimal,0,-14.0,-6.0,1.7047250730513588,0.9632313202817577,0.0,True,0.0,True,0.0,0.0
1761028992.2047806,1,follower,auto,0.05322949215769768,0.9366186261177063,0.6727356314659119,0.19183907985687249,1.0,0.5408046007156372,0.1386095876991748,0.0633813738822937,-0.13193103075027468,-13.14462713433565,13.452744343199873,6.467819050820672,0,,,,,,,,True,13.0,-13.0,0.0,optimal,0,13.0,-13.0,0.9494340370081966,0.4786033736466572,0.0,True,0.0,True,0.0,0.0
1761028992.309685,0,leader,auto,0.7829521298408508,0.9258759021759033,0.6083908081054688,0.6418390798568725,1.0,0.5408046007156372,-0.14111304998397833,0.07412409782409668,-0.06758620738983157,0,0,0,0,1.0,0,0,0,0,0,0,False,,,,,,,,,,,,,,,
1761028992.4100003,1,follower,auto,0.05322949215769768,0.9366186261177063,0.6727356314659119,0.19183907985687249,1.0,0.5408046007156372,0.1386095876991748,0.0633813738822937,-0.13193103075027468,0,0,0,0,1.0,0,0,0,0,0,0,False,,,,,,,,,,,,,,,
1761028992.4109788,0,follower,auto,0.7866294384002686,0.930554211139679,0.5710591077804565,0.6479556894302367,1.0,0.5102215528488159,-0.13867374897003182,0.06944578886032104,-0.06083755493164067,-6.023517083949935,-14.174549378975275,6.526335126062382,0,,,,,,,,True,-13.0,-6.0,0.0,optimal,0,-13.0,-6.0,1.6306052610774968,0.828859085534168,0.0,True,0.0,True,0.0,0.0
1761028992.511672,1,follower,auto,0.05337882414460182,0.9467484951019287,0.6227565407752991,0.19795568943023673,1.0,0.5102215528488159,0.1445768652856349,0.05325150489807129,-0.1125349879264832,-11.147936239937726,14.433569648696048,5.511579098067284,0,,,,,,,,True,14.0,-11.0,0.0,optimal,0,14.0,-11.0,0.834783078378617,0.38940244063851587,0.0,True,0.0,True,0.0,0.0
1761028992.6156714,0,leader,auto,0.7866294384002686,0.930554211139679,0.5710591077804565,0.6479556894302367,1.0,0.5102215528488159,-0.13867374897003182,0.06944578886032104,-0.06083755493164067,0,0,0,0,1.0,0,0,0,0,0,0,False,,,,,,,,,,,,,,,
1761028992.7159927,1,follower,auto,0.05337882414460182,0.9467484951019287,0.6227565407752991,0.19795568943023673,1.0,0.5102215528488159,0.1445768652856349,0.05325150489807129,-0.1125349879264832,0,0,0,0,1.0,0,0,0,0,0,0,False,,,,,,,,,,,,,,,
1761028992.7173402,0,follower,auto,0.7863619923591614,0.9362795948982239,0.5354273915290833,0.654092845916748,1.0,0.4795357704162597,-0.1322691464424134,0.06372040510177612,-0.05589162111282353,-5.039313883133856,-14.10475731004746,6.48858641263847,0,,,,,,,,True,-13.0,-5.0,0.0,optimal,0,-13.0,-5.0,1.5550198630994558,0.7656151448414559,0.0,True,0.0,True,0.0,0.0
1761028992.818216,1,follower,auto,0.06329411268234253,0.9516941905021667,0.5718562602996826,0.20409284591674798,1.0,0.4795357704162597,0.14079873323440545,0.04830580949783325,-0.0923204898834229,-9.101759178966219,14.32892151399197,4.549656627107144,0,,,,,,,,True,14.0,-9.0,0.0,optimal,0,14.0,-9.0,0.728199632516803,0.33484042105356665,0.0,True,0.0,True,0.0,0.0
1761028992.9224305,0,leader,auto,0.7863619923591614,0.9362795948982239,0.5354273915290833,0.654092845916748,1.0,0.4795357704162597,-0.1322691464424134,0.06372040510177612,-0.05589162111282353,0,0,0,0,1.0,0,0,0,0,0,0,False,,,,,,,,,,,,,,,
1761028993.0227413,1,follower,auto,0.06329411268234253,0.9516941905021667,0.5718562602996826,0.20409284591674798,1.0,0.4795357704162597,0.14079873323440545,0.04830580949783325,-0.0923204898834229,0,0,0,0,1.0,0,0,0,0,0,0,False,,,,,,,,,,,,,,,
1761028993.023397,0,follower,auto,0.7861655354499817,0.9405390620231628,0.5024104118347168,0.66022705078125,1.0,0.44886474609374993,-0.1259384846687317,0.05946093797683716,-0.053545665740966863,-5.035836181207933,-13.073472787021014,5.453017615309371,0,,,,,,,,True,-12.0,-5.0,0.0,optimal,0,-12.0,-5.0,1.4873490970639955,0.7706334134172088,0.0,True,0.0,True,0.0,0.0
1761028993.1239219,1,follower,auto,0.07344795018434525,0.9529884457588196,0.532738447189331,0.21022705078124998,1.0,0.44886474609374993,0.13677910059690473,0.04701155424118042,-0.08387370109558112,-8.05313700542746,13.284580051224655,4.464387556173945,0,,,,,,,,True,13.0,-8.0,0.0,optimal,0,13.0,-8.0,0.651322481763051,0.3966567827971112,0.0,True,0.0,True,0.0,0.0
1761028993.2302685,0,leader,auto,0.7861655354499817,0.9405390620231628,0.5024104118347168,0.66022705078125,1.0,0.44886474609374993,-0.1259384846687317,0.05946093797683716,-0.053545665740966863,0,0,0,0,1.0,0,0,0,0,0,0,False,,,,,,,,,,,,,,,
1761028993.3305898,1,follower,auto,0.07344795018434525,0.9529884457588196,0.532738447189331,0.21022705078124998,1.0,0.44886474609374993,0.13677910059690473,0.04701155424118042,-0.08387370109558112,0,0,0,0,1.0,0,0,0,0,0,0,False,,,,,,,,,,,,,,,
1761028993.3315382,0,follower,auto,0.7891352772712708,0.9459725022315979,0.46844053268432617,0.6663372421264648,1.0,0.4183137893676757,-0.12279803514480592,0.0540274977684021,-0.05012674331665046,-5.04079030786885,-13.088442166247491,5.444647792885009,0,,,,,,,,True,-12.0,-5.0,0.0,optimal,0,-12.0,-5.0,1.4262656620884149,0.7635902489825275,0.0,True,0.0,True,0.0,0.0
1761028993.4320502,1,follower,auto,0.08101700246334076,0.9601082801818848,0.4931359589099884,0.21633724212646482,1.0,0.4183137893676757,0.13532023966312406,0.039891719818115234,-0.07482216954231269,-7.0913491550263705,13.290748475066193,3.4485816449697446,0,,,,,,,,True,13.0,-7.0,0.0,optimal,0,13.0,-7.0,0.5752895885535434,0.323453023785733,0.0,True,0.0,True,0.0,0.0
1761028993.5419369,0,leader,auto,0.7891352772712708,0.9459725022315979,0.46844053268432617,0.6663372421264648,1.0,0.4183137893676757,-0.12279803514480592,0.0540274977684021,-0.05012674331665046,0,0,0,0,1.0,0,0,0,0,0,0,False,,,,,,,,,,,,,,,
1761028993.6421788,1,follower,auto,0.08101700246334076,0.9601082801818848,0.4931359589099884,0.21633724212646482,1.0,0.4183137893676757,0.13532023966312406,0.039891719818115234,-0.07482216954231269,0,0,0,0,1.0,0,0,0,0,0,0,False,,,,,,,,,,,,,,,
1761028993.6427035,0,follower,auto,0.7923991084098816,0.9510617256164551,0.4357355535030365,0.6725023412704467,1.0,0.38748829364776605,-0.11989676713943487,0.04893827438354492,-0.04824725985527045,-4.043411290153662,-12.085233295589246,4.436761784228475,0,,,,,,,,True,-11.0,-4.0,0.0,optimal,0,-11.0,-4.0,1.370457016462362,0.7843573376803228,0.0,True,0.0,True,0.0,0.0
1761028993.7430944,1,follower,auto,0.0924406498670578,0.9630193114280701,0.4622412621974945,0.2225023412704467,1.0,0.38748829364776605,0.1300616914033889,0.03698068857192993,-0.07475296854972846,-7.063432687615661,13.250050368479302,3.365444324635733,0,,,,,,,,True,13.0,-7.0,0.0,optimal,0,13.0,-7.0,0.5214297803700945,0.3929162620298316,0.0,True,0.0,True,0.0,0.0
1761028993.8482528,0,leader,auto,0.7923991084098816,0.9510617256164551,0.4357355535030365,0.6725023412704467,1.0,0.38748829364776605,-0.11989676713943487,0.04893827438354492,-0.04824725985527045,0,0,0,0,1.0,0,0,0,0,0,0,False,,,,,,,,,,,,,,,
1761028993.9485097,1,follower,auto,0.0924406498670578,0.9630193114280701,0.4622412621974945,0.2225023412704467,1.0,0.38748829364776605,0.1300616914033889,0.03698068857192993,-0.07475296854972846,0,0,0,0,1.0,0,0,0,0,0,0,False,,,,,,,,,,,,,,,
1761028993.9492998,0,follower,auto,0.7975525259971619,0.9531126618385315,0.40386489033699036,0.6787213325500487,1.0,0.3563933372497558,-0.11883119344711313,0.046887338161468506,-0.04747155308723455,-4.034805239887476,-12.090230728575456,4.441581713459727,0,,,,,,,,True,-11.0,-4.0,0.0,optimal,0,-11.0,-4.0,1.3220827821072179,0.784626593362193,0.0,True,0.0,True,0.0,0.0
1761028994.0500658,1,follower,auto,0.10665030032396317,0.9536639451980591,0.440376341342926,0.22872133255004873,1.0,0.3563933372497558,0.12207103222608556,0.04633605480194092,-0.08398300409317022,-7.935890741376671,12.204526078871313,4.250459024972698,0,,,,,,,,True,12.0,-8.0,0.0,optimal,0,12.0,-8.0,0.4883420700462842,0.45051490889654416,0.0,True,0.0,True,0.0,0.0
1761028994.1541758,0,leader,auto,0.7975525259971619,0.9531126618385315,0.40386489033699036,0.6787213325500487,1.0,0.3563933372497558,-0.11883119344711313,0.046887338161468506,-0.04747155308723455,0,0,0,0,1.0,0,0,0,0,0,0,False,,,,,,,,,,,,,,,
1761028994.2544343,1,follower,auto,0.10665030032396317,0.9536639451980591,0.440376341342926,0.22872133255004873,1.0,0.3563933372497558,0.12207103222608556,0.04633605480194092,-0.08398300409317022,0,0,0,0,1.0,0,0,0,0,0,0,False,,,,,,,,,,,,,,,
1761028994.254926,0,follower,auto,0.8037793636322021,0.9517807960510254,0.374149888753891,0.6848627138137816,1.0,0.32568643093109123,-0.11891664981842054,0.04821920394897461,-0.04846345782279976,-4.0152101551447625,-12.092848141234775,4.440189231128048,0,,,,,,,,True,-11.0,-4.0,0.0,optimal,0,-11.0,-4.0,1.2817110388623085,0.7980301817099349,0.0,True,0.0,True,0.0,0.0
1761028994.3552995,1,follower,auto,0.12085970491170883,0.9413086771965027,0.4238424599170685,0.2348627138137816,1.0,0.32568643093109123,0.11400300890207277,0.058691322803497314,-0.09815602898597725,-8.861026715406355,11.182972311652131,5.155913607676918,0,,,,,,,,True,11.0,-9.0,0.0,optimal,0,11.0,-9.0,0.4664358409816492,0.46721363144114986,0.0,True,0.0,True,0.0,0.0
1761028994.4599383,0,leader,auto,0.8037793636322021,0.9517807960510254,0.374149888753891,0.6848627138137816,1.0,0.32568643093109123,-0.11891664981842054,0.04821920394897461,-0.04846345782279976,0,0,0,0,1.0,0,0,0,0,0,0,False,,,,,,,,,,,,,,,
1761028994.5602913,1,follower,auto,0.12085970491170883,0.9413086771965027,0.4238424599170685,0.2348627138137816,1.0,0.32568643093109123,0.11400300890207277,0.058691322803497314,-0.09815602898597725,0,0,0,0,1.0,0,0,0,0,0,0,False,,,,,,,,,,,,,,,
1761028994.5607338,0,follower,auto,0.810297429561615,0.948402464389801,0.3460066616535187,0.6909655427932738,1.0,0.29517228603363027,-0.11933188676834117,0.051597535610198975,-0.050834375619888406,-4.999439821688959,-12.087985576090711,5.4417539741666765,0,,,,,,,,True,-11.0,-5.0,0.0,optimal,0,-11.0,-5.0,1.2464281677409375,0.7805556749398759,0.0,True,0.0,True,0.0,0.0
1761028994.6611323,1,follower,auto,0.13516861200332642,0.9297576546669006,0.4097771644592285,0.2409655427932738,1.0,0.29517228603363027,0.1057969307899474,0.07024234533309937,-0.11460487842559824,-10.838024664273433,10.167576253839263,7.091628466963796,0,,,,,,,,True,10.0,-11.0,0.0,optimal,0,10.0,-11.0,0.45003248744371055,0.45138764417902494,0.0,True,0.0,True,0.0,0.0
1761028994.7671537,0,leader,auto,0.810297429561615,0.948402464389801,0.3460066616535187,0.6909655427932738,1.0,0.29517228603363027,-0.11933188676834117,0.051597535610198975,-0.050834375619888406,0,0,0,0,1.0,0,0,0,0,0,0,False,,,,,,,,,,,,,,,
1761028994.8675,1,follower,auto,0.13516861200332642,0.9297576546669006,0.4097771644592285,0.2409655427932738,1.0,0.29517228603363027,0.1057969307899474,0.07024234533309937,-0.11460487842559824,0,0,0,0,1.0,0,0,0,0,0,0,False,,,,,,,,,,,,,,,
1761028994.8682077,0,follower,auto,0.8204255104064941,0.9449836611747742,0.3185410499572754,0.6970837450027465,1.0,0.264581274986267,-0.12334176540374764,0.05501633882522583,-0.0539597749710084,-4.999396963730046,-13.112673644988984,5.455052434088935,0,,,,,,,,True,-12.0,-5.0,0.0,optimal,0,-12.0,-5.0,1.2212776727535128,0.8127047946123747,0.0,True,0.0,True,0.0,0.0
1761028994.968721,1,follower,auto,0.15041880309581757,0.9205349087715149,0.39888226985931396,0.2470837450027465,1.0,0.264581274986267,0.09666494190692893,0.07946509122848511,-0.13430099487304697,-12.845653369531206,9.150873364039638,7.027190551137933,0,,,,,,,,True,9.0,-13.0,0.0,optimal,0,9.0,-13.0,0.440782672630538,0.4539654556974975,0.0,True,0.0,True,0.0,0.0
1761028995.0741637,0,leader,auto,0.8204255104064941,0.9449836611747742,0.3185410499572754,0.6970837450027465,1.0,0.264581274986267,-0.12334176540374764,0.05501633882522583,-0.0539597749710084,0,0,0,0,1.0,0,0,0,0,0,0,False,,,,,,,,,,,,,,,
1761028995.1746004,1,follower,auto,0.15041880309581757,0.9205349087715149,0.39888226985931396,0.2470837450027465,1.0,0.264581274986267,0.09666494190692893,0.07946509122848511,-0.13430099487304697,0,0,0,0,1.0,0,0,0,0,0,0,False,,,,,,,,,,,,,,,
1761028995.1767452,0,follower,auto,0.8320379257202148,0.9415740370750427,0.29082661867141724,0.7032346439361572,1.0,0.23382678031921378,-0.12880328178405764,0.058425962924957275,-0.05699983835220346,-4.997025926057872,-13.132287668367997,5.475288652980968,0,,,,,,,,True,-12.0,-5.0,0.0,optimal,0,-12.0,-5.0,1.2005090209241507,0.8268573060396587,0.0,True,0.0,True,0.0,0.0
1761028995.2782004,1,follower,auto,0.16374172270298004,0.9170076251029968,0.3855767846107483,0.2532346439361572,1.0,0.23382678031921378,0.08949292123317715,0.08299237489700317,-0.1517500042915345,-14.898219148667208,8.161790770747775,8.013951541476253,0,,,,,,,,True,8.0,-15.0,0.0,optimal,0,8.0,-15.0,0.4265542822764434,0.37353677410387204,0.0,True,0.0,True,0.0,0.0
1761028995.3806207,0,leader,auto,0.8320379257202148,0.9415740370750427,0.29082661867141724,0.7032346439361572,1.0,0.23382678031921378,-0.12880328178405764,0.058425962924957275,-0.05699983835220346,0,0,0,0,1.0,0,0,0,0,0,0,False,,,,,,,,,,,,,,,
1761028995.4809875,1,follower,auto,0.16374172270298004,0.9170076251029968,0.3855767846107483,0.2532346439361572,1.0,0.23382678031921378,0.08949292123317715,0.08299237489700317,-0.1517500042915345,0,0,0,0,1.0,0,0,0,0,0,0,False,,,,,,,,,,,,,,,
1761028995.4816928,0,follower,auto,0.842363715171814,0.9393692016601562,0.2645554542541504,0.7094230556488037,1.0,0.20288472175598135,-0.13294065952301026,0.06063079833984375,-0.06167073249816904,-5.996213996155374,-14.127885348999731,6.475795320750667,0,,,,,,,,True,-13.0,-6.0,0.0,optimal,0,-13.0,-6.0,1.1810671573365568,0.7845591906361704,0.0,True,0.0,True,0.0,0.0
1761028995.5822027,1,follower,auto,0.17423324286937714,0.9215813875198364,0.36800113320350647,0.2594230556488037,1.0,0.20288472175598135,0.08518981277942655,0.07841861248016357,-0.16511641144752512,-15.992258513078555,8.189370878922496,7.039289990512372,0,,,,,,,,True,8.0,-16.0,0.0,optimal,0,8.0,-16.0,0.4034764873111017,0.2808126379278522,0.0,True,0.0,True,0.0,0.0
1761028995.6840065,0,leader,auto,0.842363715171814,0.9393692016601562,0.2645554542541504,0.7094230556488037,1.0,0.20288472175598135,-0.13294065952301026,0.06063079833984375,-0.06167073249816904,0,0,0,0,1.0,0,0,0,0,0,0,False,,,,,,,,,,,,,,,
1761028995.7843163,1,follower,auto,0.17423324286937714,0.9215813875198364,0.36800113320350647,0.2594230556488037,1.0,0.20288472175598135,0.08518981277942655,0.07841861248016357,-0.16511641144752512,0,0,0,0,1.0,0,0,0,0,0,0,False,,,,,,,,,,,,,,,
1761028995.7851722,0,follower,auto,0.8545536398887634,0.9376800656318665,0.23714548349380493,0.7155044746398925,1.0,0.17247762680053702,-0.1390491652488709,0.062319934368133545,-0.06466785669326791,-5.981569368762766,-14.148865446419785,6.487196742618499,0,,,,,,,,True,-13.0,-6.0,0.0,optimal,0,-13.0,-6.0,1.1654668432379551,0.8017574024178324,0.0,True,0.0,True,0.0,0.0
1761028995.8857431,1,follower,auto,0.1820448487997055,0.9344144463539124,0.3443221151828766,0.2655044746398925,1.0,0.17247762680053702,0.08345962584018701,0.06558555364608765,-0.17184448838233957,-17.108581335576016,8.226798247959481,6.096476356520605,0,,,,,,,,True,8.0,-17.0,0.0,optimal,0,8.0,-17.0,0.3688381006812766,0.16285731229585781,0.0,True,0.0,True,0.0,0.0
1761028996.0357046,0,leader,auto,0.8545536398887634,0.9376800656318665,0.23714548349380493,0.7155044746398925,1.0,0.17247762680053702,-0.1390491652488709,0.062319934368133545,-0.06466785669326791,0,0,0,0,1.0,0,0,0,0,0,0,False,,,,,,,,,,,,,,,
1761028996.1360586,1,follower,auto,0.1820448487997055,0.9344144463539124,0.3443221151828766,0.2655044746398925,1.0,0.17247762680053702,0.08345962584018701,0.06558555364608765,-0.17184448838233957,0,0,0,0,1.0,0,0,0,0,0,0,False,,,,,,,,,,,,,,,
1761028996.137611,0,follower,auto,0.8708962798118591,0.9370946288108826,0.2035309374332428,0.7215767908096313,1.0,0.14211604595184318,-0.1493194890022278,0.06290537118911743,-0.061414891481399614,-5.966892730928359,-15.205864428720258,6.54336605492962,0,,,,,,,,True,-14.0,-6.0,0.0,optimal,0,-14.0,-6.0,1.151774622040577,0.8115254995740642,0.0,True,0.0,True,0.0,0.0
1761028996.2386408,1,follower,auto,0.18652589619159698,0.9512218832969666,0.3122471570968628,0.2715767908096313,1.0,0.14211604595184318,0.08505089461803433,0.04877811670303345,-0.1701311111450196,-17.196417281398666,8.281825295736272,4.18352770964335,0,,,,,,,,True,8.0,-17.0,0.0,optimal,0,8.0,-17.0,0.319147712638653,0.058916512123380504,0.0,True,0.0,True,0.0,0.0
1761028996.3425238,0,leader,auto,0.8708962798118591,0.9370946288108826,0.2035309374332428,0.7215767908096313,1.0,0.14211604595184318,-0.1493194890022278,0.06290537118911743,-0.061414891481399614,0,0,0,0,1.0,0,0,0,0,0,0,False,,,,,,,,,,,,,,,
1761028996.442779,1,follower,auto,0.18652589619159698,0.9512218832969666,0.3122471570968628,0.2715767908096313,1.0,0.14211604595184318,0.08505089461803433,0.04877811670303345,-0.1701311111450196,0,0,0,0,1.0,0,0,0,0,0,0,False,,,,,,,,,,,,,,,
1761028996.4433153,0,follower,auto,0.8829051852226257,0.9345368146896362,0.17260238528251648,0.7286321258544922,1.0,0.10683937072753899,-0.1542730593681335,0.06546318531036377,-0.06576301455497749,-5.928670892637044,-16.195619369072134,6.53321723200003,0,,,,,,,,True,-15.0,-6.0,0.0,optimal,0,-15.0,-6.0,1.13507760886978,0.7581199902607019,0.0,True,0.0,True,0.0,0.0
1761028996.5439904,1,follower,auto,0.188937246799469,0.9653825163841248,0.27882230281829834,0.2786321258544922,1.0,0.10683937072753899,0.08969487905502321,0.034617483615875244,-0.17198293209075935,-15.217785790374723,10.324777478620375,3.2254195113779023,0,,,,,,,,True,10.487418165800541,-15.757804483070696,2.780341495901859,optimal,0,8.0,-17.0,0.26783636131514826,-0.04356707126943543,0.0,True,0.0,True,0.0,0.0
1761028996.651555,0,leader,auto,0.8829051852226257,0.9345368146896362,0.17260238528251648,0.7286321258544922,1.0,0.10683937072753899,-0.1542730593681335,0.06546318531036377,-0.06576301455497749,0,0,0,0,1.0,0,0,0,0,0,0,False,,,,,,,,,,,,,,,
1761028996.7518072,1,follower,auto,0.188937246799469,0.9653825163841248,0.27882230281829834,0.2786321258544922,1.0,0.10683937072753899,0.08969487905502321,0.034617483615875244,-0.17198293209075935,0,0,0,0,1.0,0,0,0,0,0,0,False,,,,,,,,,,,,,,,
1761028996.752284,0,follower,auto,0.8924241065979004,0.92754727602005,0.13944993913173676,0.7347415018081666,1.0,0.0762924909591674,-0.15768260478973384,0.07245272397994995,-0.06315744817256935,-5.862851029491743,-16.177932007468467,7.541240586510657,0,,,,,,,,True,-15.0,-6.0,0.0,optimal,0,-15.0,-6.0,1.1122866533318025,0.7067594801607646,0.0,True,0.0,True,0.0,0.0
1761028996.8526769,1,follower,auto,0.19137555360794067,0.9748263955116272,0.23984582722187042,0.28474150180816654,1.0,0.0762924909591674,0.09336594820022587,0.025173604488372803,-0.16355333626270302,-12.201702435258284,15.34373872358947,2.2922333791792666,0,,,,,,,,True,15.541966019437151,-12.539325521161953,7.400918000353156,optimal,0,9.0,-16.0,0.21054667201953586,-0.11150045372375922,0.0,True,0.0,True,0.0,0.0
1761028996.954837,0,leader,auto,0.8924241065979004,0.92754727602005,0.13944993913173676,0.7347415018081666,1.0,0.0762924909591674,-0.15768260478973384,0.07245272397994995,-0.06315744817256935,0,0,0,0,1.0,0,0,0,0,0,0,False,,,,,,,,,,,,,,,
1761028997.0552037,1,follower,auto,0.19137555360794067,0.9748263955116272,0.23984582722187042,0.28474150180816654,1.0,0.0762924909591674,0.09336594820022587,0.025173604488372803,-0.16355333626270302,0,0,0,0,1.0,0,0,0,0,0,0,False,,,,,,,,,,,,,,,
1761028997.0561078,0,follower,auto,0.8978731036186218,0.9230027794837952,0.11011964082717896,0.7409137630462647,1.0,0.04543118476867668,-0.15695934057235716,0.07699722051620483,-0.06468845605850228,-5.872636612014866,-16.137368398415067,7.499686951539325,0,,,,,,,,True,-15.0,-6.0,0.0,optimal,0,-15.0,-6.0,1.087571327772271,0.6666513530796423,0.0,True,0.0,True,0.0,0.0
1761028997.156892,1,follower,auto,0.1954137235879898,0.9692164659500122,0.2008652538061142,0.29091376304626465,1.0,0.04543118476867668,0.09550003945827484,0.030783534049987793,-0.1554340690374375,-10.061432248188035,17.334918210444894,3.3241665606182895,0,,,,,,,,True,17.47222487399968,-10.220145432648675,9.727569275037222,optimal,0,9.0,-15.0,0.1575641167944281,-0.14090234632746662,0.0,True,0.0,True,0.0,0.0
1761028997.26478,0,leader,auto,0.8978731036186218,0.9230027794837952,0.11011964082717896,0.7409137630462647,1.0,0.04543118476867668,-0.15695934057235716,0.07699722051620483,-0.06468845605850228,0,0,0,0,1.0,0,0,0,0,0,0,False,,,,,,,,,,,,,,,
1761028997.3651319,1,follower,auto,0.1954137235879898,0.9692164659500122,0.2008652538061142,0.29091376304626465,1.0,0.04543118476867668,0.09550003945827484,0.030783534049987793,-0.1554340690374375,0,0,0,0,1.0,0,0,0,0,0,0,False,,,,,,,,,,,,,,,
1761028997.3660693,0,follower,auto,0.9003351330757141,0.9206797480583191,0.08192013949155807,0.7469970464706421,1.0,0.015014767646789468,-0.15333808660507198,0.07932025194168091,-0.06690537184476861,-5.917272724436788,-16.086332678796953,7.465417671233835,0,,,,,,,,True,-15.0,-6.0,0.0,optimal,0,-15.0,-6.0,1.0593684538266237,0.6232920846174523,0.0,True,0.0,True,0.0,0.0
1761028997.4665744,1,follower,auto,0.20663657784461975,0.9512137174606323,0.16156767308712006,0.2969970464706421,1.0,0.015014767646789468,0.09036046862602237,0.048786282539367676,-0.1465529054403306,-8.892211382339292,16.258144599210635,4.348713871672215,0,,,,,,,,True,16.568868854049324,-9.347748908885936,8.884324169264081,optimal,0,9.0,-14.0,0.11302509251509013,-0.12418369953551117,0.0,True,0.0,True,0.0,0.0
1761028997.5738652,0,leader,auto,0.9003351330757141,0.9206797480583191,0.08192013949155807,0.7469970464706421,1.0,0.015014767646789468,-0.15333808660507198,0.07932025194168091,-0.06690537184476861,0,0,0,0,1.0,0,0,0,0,0,0,False,,,,,,,,,,,,,,,
1761028997.6742034,1,follower,auto,0.20663657784461975,0.9512137174606323,0.16156767308712006,0.2969970464706421,1.0,0.015014767646789468,0.09036046862602237,0.048786282539367676,-0.1465529054403306,0,0,0,0,1.0,0,0,0,0,0,0,False,,,,,,,,,,,,,,,
1761028997.674888,0,follower,auto,0.9025393724441528,0.9178363680839539,0.05142020061612129,0.7531928062438965,1.0,-0.015964031219482505,-0.14934656620025633,0.08216363191604614,-0.0673842318356038,-5.955821731009205,-15.046583276987704,8.469829373219735,0,,,,,,,,True,-14.0,-6.0,0.0,optimal,0,-14.0,-6.0,1.02965730543707,0.6049003357915097,0.0,True,0.0,True,0.0,0.0
1761028997.7755272,1,follower,auto,0.226317897439003,0.9239803552627563,0.12465085089206696,0.3031928062438965,1.0,-0.015964031219482505,0.0768749088048935,0.07601964473724365,-0.14061488211154946,-8.734378866776792,13.141788157824104,7.340710882644195,0,,,,,,,,True,13.07280165141075,-9.855374201609985,7.35233588093316,optimal,0,7.0,-14.0,0.0819356351969956,-0.10008555974808392,0.0,True,0.0,True,0.0,0.0
1761028997.8776536,0,leader,auto,0.9025393724441528,0.9178363680839539,0.05142020061612129,0.7531928062438965,1.0,-0.015964031219482505,-0.14934656620025633,0.08216363191604614,-0.0673842318356038,0,0,0,0,1.0,0,0,0,0,0,0,False,,,,,,,,,,,,,,,
1761028997.9779475,1,follower,auto,0.226317897439003,0.9239803552627563,0.12465085089206696,0.3031928062438965,1.0,-0.015964031219482505,0.0768749088048935,0.07601964473724365,-0.14061488211154946,0,0,0,0,1.0,0,0,0,0,0,0,False,,,,,,,,,,,,,,,
1761028997.9788833,0,follower,auto,0.9051370620727539,0.9151670336723328,0.02134908363223076,0.7593722629547119,1.0,-0.046861314773559655,-0.14576479911804197,0.08483296632766724,-0.0682103984057904,-5.989928003644383,-15.013685448318908,8.471088645468392,0,,,,,,,,True,-14.0,-6.0,0.0,optimal,0,-14.0,-6.0,1.0031327929709646,0.6035633932409763,0.0,True,0.0,True,0.0,0.0
1761028998.0796115,1,follower,auto,0.25034403800964355,0.8999409675598145,0.09501324594020844,0.30937226295471193,1.0,-0.046861314773559655,0.059028224945068375,0.10005903244018555,-0.14187456071376808,-10.692778909929087,8.046106738896198,10.27362669555108,0,,,,,,,,True,8.042064014668039,-11.697571606015813,3.8151448175348244,optimal,0,5.0,-14.0,0.06685051541513426,-0.05124515911020766,0.0,True,0.0,True,0.0,0.0
1761028998.1860287,0,leader,auto,0.9051370620727539,0.9151670336723328,0.02134908363223076,0.7593722629547119,1.0,-0.046861314773559655,-0.14576479911804197,0.08483296632766724,-0.0682103984057904,0,0,0,0,1.0,0,0,0,0,0,0,False,,,,,,,,,,,,,,,
1761028998.286422,1,follower,auto,0.25034403800964355,0.8999409675598145,0.09501324594020844,0.30937226295471193,1.0,-0.046861314773559655,0.059028224945068375,0.10005903244018555,-0.14187456071376808,0,0,0,0,1.0,0,0,0,0,0,0,False,,,,,,,,,,,,,,,
1761028998.2905366,0,follower,auto,0.9104781746864319,0.9149893522262573,-0.010385849513113499,0.7654552936553956,1.0,-0.07727646827697762,-0.14502288103103633,0.08501064777374268,-0.06689061876386412,-6.033063061981033,-15.009030012294707,8.493981397277933,0,,,,,,,,True,-14.0,-6.0,0.0,optimal,0,-14.0,-6.0,0.982883792811905,0.6375752124235219,0.0,True,0.0,True,0.0,0.0
1761028998.393756,1,follower,auto,0.2740009129047394,0.8853700757026672,0.06910097599029541,0.31545529365539554,1.0,-0.07727646827697762,0.04145438075065616,0.11462992429733276,-0.14637744426727303,-11.747860996343938,6.002673304394194,11.21366971102807,0,,,,,,,,True,6.301132089116465,-12.083400385919925,2.9947559119656817,infeasible,0,4.0,-14.0,0.05855278630763322,-0.03992483672182073,0.0,True,0.0,True,0.0,0.0
1761028998.495573,0,leader,auto,0.9104781746864319,0.9149893522262573,-0.010385849513113499,0.7654552936553956,1.0,-0.07727646827697762,-0.14502288103103633,0.08501064777374268,-0.06689061876386412,0,0,0,0,1.0,0,0,0,0,0,0,False,,,,,,,,,,,,,,,
1761028998.5961251,1,follower,auto,0.2740009129047394,0.8853700757026672,0.06910097599029541,0.31545529365539554,1.0,-0.07727646827697762,0.04145438075065616,0.11462992429733276,-0.14637744426727303,0,0,0,0,1.0,0,0,0,0,0,0,False,,,,,,,,,,,,,,,
1761028998.5976136,0,follower,auto,0.9182942509651184,0.9129928946495056,-0.04015646129846573,0.7717369461059571,1.0,-0.10868473052978525,-0.1465573048591613,0.08700710535049438,-0.06852826923131952,-6.0338297659005615,-15.022062999905662,8.493365783533624,0,,,,,,,,True,-14.0,-6.0,0.0,optimal,0,-14.0,-6.0,0.9720381118271846,0.6909968681356282,0.0,True,0.0,True,0.0,0.0
1761028998.698592,1,follower,auto,0.29155176877975464,0.8769863843917847,0.04708840325474739,0.3217369461059571,1.0,-0.10868473052978525,0.03018517732620246,0.12301361560821533,-0.15577313378453264,-9.813254200940802,7.034573757444414,12.15390829893374,0,,,,,,,,True,7.491453520195215,-10.964487806523698,6.038088554151049,optimal,0,3.0,-15.0,0.05092886236633448,-0.07993593524325698,0.0,True,0.0,True,0.0,0.0
1761028998.8008077,0,leader,auto,0.9182942509651184,0.9129928946495056,-0.04015646129846573,0.7717369461059571,1.0,-0.10868473052978525,-0.1465573048591613,0.08700710535049438,-0.06852826923131952,0,0,0,0,1.0,0,0,0,0,0,0,False,,,,,,,,,,,,,,,
1761028998.901134,1,follower,auto,0.29155176877975464,0.8769863843917847,0.04708840325474739,0.3217369461059571,1.0,-0.10868473052978525,0.03018517732620246,0.12301361560821533,-0.15577313378453264,0,0,0,0,1.0,0,0,0,0,0,0,False,,,,,,,,,,,,,,,
1761028998.902408,0,follower,auto,0.9265620708465576,0.9121494293212891,-0.07064223289489746,0.7778342580795289,1.0,-0.13917129039764414,-0.14872781276702873,0.08785057067871094,-0.06852905750274668,-6.042160888726887,-15.028397939473843,8.510257640008977,0,,,,,,,,True,-14.0,-6.0,0.0,optimal,0,-14.0,-6.0,0.9634901916435636,0.7055643636445674,0.0,True,0.0,True,0.0,0.0
1761028999.0031075,1,follower,auto,0.3036530911922455,0.8752827644348145,0.026309508830308914,0.3278342580795289,1.0,-0.13917129039764414,0.02418116688728339,0.12471723556518555,-0.16548079922795306,-7.890568784929953,9.088550371466456,12.114547779306541,0,,,,,,,,True,9.523231290221593,-8.80062656763437,10.412972047634689,infeasible,0,2.0,-16.0,0.04066813535270536,-0.13653962728256908,0.0,True,0.0,True,0.0,0.0
1761028999.109417,0,leader,auto,0.9265620708465576,0.9121494293212891,-0.07064223289489746,0.7778342580795289,1.0,-0.13917129039764414,-0.14872781276702873,0.08785057067871094,-0.06852905750274668,0,0,0,0,1.0,0,0,0,0,0,0,False,,,,,,,,,,,,,,,
1761028999.2096782,1,follower,auto,0.3036530911922455,0.8752827644348145,0.026309508830308914,0.3278342580795289,1.0,-0.13917129039764414,0.02418116688728339,0.12471723556518555,-0.16548079922795306,0,0,0,0,1.0,0,0,0,0,0,0,False,,,,,,,,,,,,,,,
1761028999.2109463,0,follower,auto,0.9350813031196594,0.9154161214828491,-0.10210593789815903,0.7839222764968873,1.0,-0.16961138248443614,-0.15115902662277214,0.08458387851715088,-0.06750544458627711,-6.073368525569253,-16.03645015265657,8.53640977491434,0,,,,,,,,True,-15.0,-6.0,0.0,optimal,0,-15.0,-6.0,0.9567292493477277,0.7120968154586693,0.0,True,0.0,True,0.0,0.0
1761028999.311949,1,follower,auto,0.31062912940979004,0.8821694254875183,0.006337825208902359,0.33392227649688727,1.0,-0.16961138248443614,0.023293147087097232,0.11783057451248169,-0.1759492076933385,-5.991738543527616,12.151835610132926,11.083089115327528,0,,,,,,,,True,12.139462052942973,-6.774604181226707,14.400257302342096,optimal,0,2.0,-17.0,0.02712010103908108,-0.1863968063307489,0.0,True,0.0,True,0.0,0.0
1761028999.4559321,0,leader,auto,0.9350813031196594,0.9154161214828491,-0.10210593789815903,0.7839222764968873,1.0,-0.16961138248443614,-0.15115902662277214,0.08458387851715088,-0.06750544458627711,0,0,0,0,1.0,0,0,0,0,0,0,False,,,,,,,,,,,,,,,
1761028999.556219,1,follower,auto,0.31062912940979004,0.8821694254875183,0.006337825208902359,0.33392227649688727,1.0,-0.16961138248443614,0.023293147087097232,0.11783057451248169,-0.1759492076933385,0,0,0,0,1.0,0,0,0,0,0,0,False,,,,,,,,,,,,,,,
1761028999.5570314,0,follower,auto,0.943388044834137,0.921349823474884,-0.13864167034626007,0.7901013851165772,1.0,-0.20050692558288585,-0.15328665971755973,0.07865017652511597,-0.06186525523662578,-6.0998390990688245,-16.03856092544232,7.608653164783852,0,,,,,,,,True,-15.0,-6.0,0.0,optimal,0,-15.0,-6.0,0.9479160634797712,0.7074850073551158,0.0,True,0.0,True,0.0,0.0
1761028999.6576715,1,follower,auto,0.3174862265586853,0.8927188515663147,-0.012221821583807468,0.3401013851165772,1.0,-0.20050692558288585,0.022615158557891923,0.1072811484336853,-0.18828510399907838,-7.058151297455219,12.173300316232893,10.03999768791152,0,,,,,,,,True,12.261060739067856,-7.113991077684036,14.95976462874943,infeasible,0,2.0,-18.0,0.015719546016965957,-0.1914926615174502,0.0,True,0.0,True,0.0,0.0
1761028999.8655567,0,leader,auto,0.943388044834137,0.921349823474884,-0.13864167034626007,0.7901013851165772,1.0,-0.20050692558288585,-0.15328665971755973,0.07865017652511597,-0.06186525523662578,0,0,0,0,1.0,0,0,0,0,0,0,False,,,,,,,,,,,,,,,
1761028999.965953,1,follower,auto,0.3174862265586853,0.8927188515663147,-0.012221821583807468,0.3401013851165772,1.0,-0.20050692558288585,0.022615158557891923,0.1072811484336853,-0.18828510399907838,0,0,0,0,1.0,0,0,0,0,0,0,False,,,,,,,,,,,,,,,
1761028999.9671082,0,follower,auto,0.9484864473342896,0.9257193803787231,-0.18106341361999512,0.7970144081115723,1.0,-0.23507204055786143,-0.15147203922271724,0.07428061962127686,-0.054008626937866316,-5.08134249681812,-16.003509422695142,7.713702249574955,0,,,,,,,,True,-15.0,-5.0,0.0,optimal,0,-15.0,-5.0,0.930741665842268,0.6881089059577457,0.0,True,0.0,True,0.0,0.0
1761029000.0679755,1,follower,auto,0.3279728591442108,0.9073390960693359,-0.02662835456430912,0.3470144081115723,1.0,-0.23507204055786143,0.019041548967361488,0.09266090393066406,-0.2084436859935523,-9.12556895395672,10.14051694521262,8.958250526769245,0,,,,,,,,True,10.280709002699707,-9.648804455681201,13.902474915982289,infeasible,0,1.0,-20.0,0.012836054695406107,-0.17745074637322683,0.0,True,0.0,True,0.0,0.0
1761029000.1723511,0,leader,auto,0.9484864473342896,0.9257193803787231,-0.18106341361999512,0.7970144081115723,1.0,-0.23507204055786143,-0.15147203922271724,0.07428061962127686,-0.054008626937866316,0,0,0,0,1.0,0,0,0,0,0,0,False,,,,,,,,,,,,,,,
1761029000.2726707,1,follower,auto,0.3279728591442108,0.9073390960693359,-0.02662835456430912,0.3470144081115723,1.0,-0.23507204055786143,0.019041548967361488,0.09266090393066406,-0.2084436859935523,0,0,0,0,1.0,0,0,0,0,0,0,False,,,,,,,,,,,,,,,
1761029000.2737894,0,follower,auto,0.9510440826416016,0.9289204478263855,-0.2122095674276352,0.8052200603485108,1.0,-0.27610030174255384,-0.14582402229309077,0.0710795521736145,-0.06389073431491865,-6.055380385621135,-14.96023352907762,7.66695532377386,0,,,,,,,,True,-14.0,-6.0,0.0,optimal,0,-14.0,-6.0,0.9177258132644348,0.6631503638009497,0.0,True,0.0,True,0.0,0.0
1761029000.374608,1,follower,auto,0.339758962392807,0.920680582523346,-0.038401078432798386,0.3552200603485108,1.0,-0.27610030174255384,0.015461097955703773,0.07931941747665405,-0.23769922330975546,-12.145650502385365,10.108348381963234,6.895149081608887,0,,,,,,,,True,10.290454147430697,-12.136443660332308,14.294383323901956,infeasible,0,1.0,-23.0,0.014413301875363216,-0.1827389792361308,0.0,True,0.0,True,0.0,0.0
1761029000.4802291,0,leader,auto,0.9510440826416016,0.9289204478263855,-0.2122095674276352,0.8052200603485108,1.0,-0.27610030174255384,-0.14582402229309077,0.0710795521736145,-0.06389073431491865,0,0,0,0,1.0,0,0,0,0,0,0,False,,,,,,,,,,,,,,,
1761029000.5807364,1,follower,auto,0.339758962392807,0.920680582523346,-0.038401078432798386,0.3552200603485108,1.0,-0.27610030174255384,0.015461097955703773,0.07931941747665405,-0.23769922330975546,0,0,0,0,1.0,0,0,0,0,0,0,False,,,,,,,,,,,,,,,
1761029000.5822763,0,follower,auto,0.9546245336532593,0.9334877729415894,-0.24129103124141693,0.8113539361953735,1.0,-0.3067696809768678,-0.14327059745788573,0.06651222705841064,-0.06547864973545087,-6.0522416834544375,-14.949487088521316,6.65515662875272,0,,,,,,,,True,-14.0,-6.0,0.0,optimal,0,-14.0,-6.0,0.9100881442301358,0.6942827985684719,0.0,True,0.0,True,0.0,0.0
1761029000.683239,1,follower,auto,0.35034483671188354,0.9328411221504211,-0.048624660819768906,0.36135393619537354,1.0,-0.3067696809768678,0.011009099483489992,0.06715887784957886,-0.2581450201570989,-12.148581646782656,11.102424411608833,5.843637080948423,0,,,,,,,,True,11.03136904157832,-12.769132077063517,15.818422645657579,optimal,0,1.0,-25.0,0.016619136115498423,-0.20266393704259633,0.0,True,0.0,True,0.0,0.0
1761029000.7877524,0,leader,auto,0.9546245336532593,0.9334877729415894,-0.24129103124141693,0.8113539361953735,1.0,-0.3067696809768678,-0.14327059745788573,0.06651222705841064,-0.06547864973545087,0,0,0,0,1.0,0,0,0,0,0,0,False,,,,,,,,,,,,,,,
1761029000.8881667,1,follower,auto,0.35034483671188354,0.9328411221504211,-0.048624660819768906,0.36135393619537354,1.0,-0.3067696809768678,0.011009099483489992,0.06715887784957886,-0.2581450201570989,0,0,0,0,1.0,0,0,0,0,0,0,False,,,,,,,,,,,,,,,
1761029000.889696,0,follower,auto,0.9598153233528137,0.9363580942153931,-0.26935702562332153,0.8175241279602051,1.0,-0.3376206398010255,-0.1422911953926086,0.06364190578460693,-0.06826361417770399,-6.0348751456889875,-14.953787347197531,6.657417151954761,0,,,,,,,,True,-14.0,-6.0,0.0,optimal,0,-14.0,-6.0,0.9083677659133129,0.7363381355588781,0.0,True,0.0,True,0.0,0.0
1761029000.990709,1,follower,auto,0.36163902282714844,0.939436137676239,-0.06147990748286247,0.3675241279602051,1.0,-0.3376206398010255,0.005885105133056678,0.060563862323760986,-0.27614073231816305,-12.104880682498962,11.088694747279304,5.835959385733566,0,,,,,,,,True,11.507860125687186,-12.261192300852512,18.69928600414546,optimal,0,0.0,-27.0,0.017738263503473017,-0.23983771393398717,0.0,True,0.0,True,0.0,0.0
1761029001.1013596,0,leader,auto,0.9598153233528137,0.9363580942153931,-0.26935702562332153,0.8175241279602051,1.0,-0.3376206398010255,-0.1422911953926086,0.06364190578460693,-0.06826361417770399,0,0,0,0,1.0,0,0,0,0,0,0,False,,,,,,,,,,,,,,,
1761029001.2016704,1,follower,auto,0.36163902282714844,0.939436137676239,-0.06147990748286247,0.3675241279602051,1.0,-0.3376206398010255,0.005885105133056678,0.060563862323760986,-0.27614073231816305,0,0,0,0,1.0,0,0,0,0,0,0,False,,,,,,,,,,,,,,,
1761029001.202827,0,follower,auto,0.9668998122215271,0.9408852458000183,-0.30161505937576294,0.8236732912063599,1.0,-0.36836645603179946,-0.1432265210151672,0.05911475419998169,-0.06675139665603652,-6.050211549143594,-14.961887777006625,5.702424160540698,0,,,,,,,,True,-14.0,-6.0,0.0,optimal,0,-14.0,-6.0,0.9110117564291171,0.7810105480404763,0.0,True,0.0,True,0.0,0.0
1761029001.3031988,1,follower,auto,0.37661901116371155,0.9406613707542419,-0.08309756964445114,0.3736732912063599,1.0,-0.36836645603179946,-0.0029457199573516557,0.05933862924575806,-0.2852688863873483,-11.040035230478868,12.044518388506836,4.8981446464436535,0,,,,,,,,True,12.12156185989223,-11.234631164299259,20.68839902264744,optimal,0,0.0,-28.0,0.016297120471779725,-0.26497330198075547,0.0,True,0.0,True,0.0,0.0
1761029001.4936857,0,leader,auto,0.9668998122215271,0.9408852458000183,-0.30161505937576294,0.8236732912063599,1.0,-0.36836645603179946,-0.1432265210151672,0.05911475419998169,-0.06675139665603652,0,0,0,0,1.0,0,0,0,0,0,0,False,,,,,,,,,,,,,,,
1761029001.5940106,1,follower,auto,0.37661901116371155,0.9406613707542419,-0.08309756964445114,0.3736732912063599,1.0,-0.36836645603179946,-0.0029457199573516557,0.05933862924575806,-0.2852688863873483,0,0,0,0,1.0,0,0,0,0,0,0,False,,,,,,,,,,,,,,,
1761029001.5953038,0,follower,auto,0.97244793176651,0.9480226039886475,-0.34002310037612915,0.8299240589141846,1.0,-0.399620294570923,-0.14252387285232537,0.05197739601135254,-0.05959719419479387,-5.089359778267324,-14.935301165329218,5.775825903013526,0,,,,,,,,True,-14.0,-5.0,0.0,optimal,0,-14.0,-5.0,0.9102267611168329,0.7876425996524501,0.0,True,0.0,True,0.0,0.0
1761029001.6960537,1,follower,auto,0.39527660608291626,0.938393771648407,-0.11282044649124146,0.3799240589141846,1.0,-0.399620294570923,-0.015352547168731634,0.06160622835159302,-0.28679984807968156,-8.978620231914885,9.984262347280104,5.976644448997893,0,,,,,,,,True,10.979752073982095,-9.581501162215897,21.971699051086894,infeasible,0,-1.0,-28.0,0.014262244404837088,-0.28084349765606886,0.0,True,0.0,True,0.0,0.0
1761029001.7993913,0,leader,auto,0.97244793176651,0.9480226039886475,-0.34002310037612915,0.8299240589141846,1.0,-0.399620294570923,-0.14252387285232537,0.05197739601135254,-0.05959719419479387,0,0,0,0,1.0,0,0,0,0,0,0,False,,,,,,,,,,,,,,,
1761029001.8997383,1,follower,auto,0.39527660608291626,0.938393771648407,-0.11282044649124146,0.3799240589141846,1.0,-0.399620294570923,-0.015352547168731634,0.06160622835159302,-0.28679984807968156,0,0,0,0,1.0,0,0,0,0,0,0,False,,,,,,,,,,,,,,,
1761029001.9001946,0,follower,auto,0.9768559336662292,0.953630268573761,-0.3694709539413452,0.8377813911437989,1.0,-0.4389069557189943,-0.13907454252243034,0.046369731426239014,-0.06943600177764908,-6.093740680248195,-13.9076457561692,4.727913318632597,0,,,,,,,,True,-13.0,-6.0,0.0,optimal,0,-13.0,-6.0,0.9120277204703946,0.7910447142668082,0.0,True,0.0,True,0.0,0.0
1761029002.0006847,1,follower,auto,0.4103524088859558,0.9375227093696594,-0.13610777258872986,0.3877813911437989,1.0,-0.4389069557189943,-0.022571017742156918,0.062477290630340576,-0.30279918313026444,-8.966440782179943,9.986170151251292,5.940803296137547,0,,,,,,,,True,10.075529906261401,-9.745847227093648,23.58069394791518,optimal,0,-2.0,-30.0,0.014947616203224545,-0.30161452337367156,0.0,True,0.0,True,0.0,0.0
1761029002.121872,0,leader,auto,0.9768559336662292,0.953630268573761,-0.3694709539413452,0.8377813911437989,1.0,-0.4389069557189943,-0.13907454252243034,0.046369731426239014,-0.06943600177764908,0,0,0,0,1.0,0,0,0,0,0,0,False,,,,,,,,,,,,,,,
1761029002.224525,1,follower,auto,0.4103524088859558,0.9375227093696594,-0.13610777258872986,0.3877813911437989,1.0,-0.4389069557189943,-0.022571017742156918,0.062477290630340576,-0.30279918313026444,0,0,0,0,1.0,0,0,0,0,0,0,False,,,,,,,,,,,,,,,
1761029002.225635,0,follower,auto,0.9803732633590698,0.9559518694877625,-0.39841294288635254,0.8438757944107056,1.0,-0.46937897205352797,-0.13649746894836423,0.04404813051223755,-0.07096602916717543,-7.065943586358623,-13.881340916205657,4.710378635990189,0,,,,,,,,True,-13.0,-7.0,0.0,optimal,0,-13.0,-7.0,0.9136009710259514,0.7720809431558064,0.0,True,0.0,True,0.0,0.0
1761029002.327078,1,follower,auto,0.424087792634964,0.9389063119888306,-0.16247603297233582,0.3938757944107056,1.0,-0.46937897205352797,-0.030211998224258407,0.061093688011169434,-0.30690293908119215,-6.983234562048468,8.987475441818754,5.954842442801206,0,,,,,,,,True,9.261478980285428,-7.328308212793829,25.774977696945797,infeasible,0,-3.0,-30.0,0.013408001234073541,-0.32917804397694,0.0,True,0.0,True,0.0,0.0
1761029002.4656963,0,leader,auto,0.9803732633590698,0.9559518694877625,-0.39841294288635254,0.8438757944107056,1.0,-0.46937897205352797,-0.13649746894836423,0.04404813051223755,-0.07096602916717543,0,0,0,0,1.0,0,0,0,0,0,0,False,,,,,,,,,,,,,,,
1761029002.5660694,1,follower,auto,0.424087792634964,0.9389063119888306,-0.16247603297233582,0.3938757944107056,1.0,-0.46937897205352797,-0.030211998224258407,0.061093688011169434,-0.30690293908119215,0,0,0,0,1.0,0,0,0,0,0,0,False,,,,,,,,,,,,,,,
1761029002.567478,0,follower,auto,0.981722354888916,0.9516701102256775,-0.42703428864479065,0.850403847694397,1.0,-0.502019238471985,-0.13131850719451899,0.04832988977432251,-0.07498494982719439,-6.984536194064973,-13.84331761307991,4.710245725234618,0,,,,,,,,True,-13.0,-7.0,0.0,optimal,0,-13.0,-7.0,0.9117917190777769,0.7540950015415993,0.0,True,0.0,True,0.0,0.0
1761029002.6683974,1,follower,auto,0.4364480674266815,0.946076512336731,-0.18511132895946503,0.400403847694397,1.0,-0.502019238471985,-0.0360442197322845,0.05392348766326904,-0.31690790951252,-7.054480155578004,7.987499293662704,4.919876389065566,0,,,,,,,,True,8.325785216986736,-7.108499681422391,25.540050853840405,optimal,0,-3.0,-30.0,0.014221017680832004,-0.32644102668702246,0.0,True,0.0,True,0.0,0.0
1761029002.7700152,0,leader,auto,0.981722354888916,0.9516701102256775,-0.42703428864479065,0.850403847694397,1.0,-0.502019238471985,-0.13131850719451899,0.04832988977432251,-0.07498494982719439,0,0,0,0,1.0,0,0,0,0,0,0,False,,,,,,,,,,,,,,,
1761029002.8703089,1,follower,auto,0.4364480674266815,0.946076512336731,-0.18511132895946503,0.400403847694397,1.0,-0.502019238471985,-0.0360442197322845,0.05392348766326904,-0.31690790951252,0,0,0,0,1.0,0,0,0,0,0,0,False,,,,,,,,,,,,,,,
1761029002.8711245,0,follower,auto,0.9830150604248047,0.9474143385887146,-0.45363083481788635,0.8572291707992554,1.0,-0.536145853996277,-0.12578588962554926,0.0525856614112854,-0.08251501917839066,-7.945637396949159,-12.825754594825138,5.704045951134047,0,,,,,,,,True,-12.0,-8.0,0.0,optimal,0,-12.0,-8.0,0.9116747326715904,0.7505633373180258,0.0,True,0.0,True,0.0,0.0
1761029002.971847,1,follower,auto,0.44483238458633423,0.95505291223526,-0.20267978310585022,0.4072291707992554,1.0,-0.536145853996277,-0.037603213787078815,0.04494708776473999,-0.3334660708904268,-5.105720785340889,8.015222108357428,3.855976685839648,0,,,,,,,,True,8.119231249465567,-5.884450521868139,26.55554612903522,infeasible,0,-3.0,-30.0,0.014208115585282288,-0.3394162714028544,0.0,True,0.0,True,0.0,0.0
1761029003.0765624,0,leader,auto,0.9830150604248047,0.9474143385887146,-0.45363083481788635,0.8572291707992554,1.0,-0.536145853996277,-0.12578588962554926,0.0525856614112854,-0.08251501917839066,0,0,0,0,1.0,0,0,0,0,0,0,False,,,,,,,,,,,,,,,
1761029003.1769104,1,follower,auto,0.44483238458633423,0.95505291223526,-0.20267978310585022,0.4072291707992554,1.0,-0.536145853996277,-0.037603213787078815,0.04494708776473999,-0.3334660708904268,0,0,0,0,1.0,0,0,0,0,0,0,False,,,,,,,,,,,,,,,
1761029003.178383,0,follower,auto,0.9861220717430115,0.9452388286590576,-0.478889524936676,0.8632960414886475,1.0,-0.5664802074432375,-0.122826030254364,0.05476117134094238,-0.08759068250656143,-7.941217974417695,-12.834910309917458,5.706351764430428,0,,,,,,,,True,-12.0,-8.0,0.0,optimal,0,-12.0,-8.0,0.9173312212333329,0.7967816650799051,0.0,True,0.0,True,0.0,0.0
1761029003.279547,1,follower,auto,0.45061057806015015,0.9636630415916443,-0.21496088802814484,0.41329604148864746,1.0,-0.5664802074432375,-0.03731453657150269,0.03633695840835571,-0.3515193194150926,-5.128240283453829,7.044614843724155,2.7769893050067886,0,,,,,,,,True,7.825578184577685,-5.290283386797501,26.977087280415944,optimal,0,-3.0,-30.0,0.014541419637466524,-0.3449180916311775,0.0,True,0.0,True,0.0,0.0
1761029003.382936,0,leader,auto,0.9861220717430115,0.9452388286590576,-0.478889524936676,0.8632960414886475,1.0,-0.5664802074432375,-0.122826030254364,0.05476117134094238,-0.08759068250656143,0,0,0,0,1.0,0,0,0,0,0,0,False,,,,,,,,,,,,,,,
1761029003.48333,1,follower,auto,0.45061057806015015,0.9636630415916443,-0.21496088802814484,0.41329604148864746,1.0,-0.5664802074432375,-0.03731453657150269,0.03633695840835571,-0.3515193194150926,0,0,0,0,1.0,0,0,0,0,0,0,False,,,,,,,,,,,,,,,
1761029003.4844012,0,follower,auto,0.9914382100105286,0.9474148750305176,-0.5032910704612732,0.8694502401351929,1.0,-0.5972512006759645,-0.12198796987533567,0.05258512496948242,-0.0939601302146913,-8.982090993402387,-12.860125156225779,5.71970647422368,0,,,,,,,,True,-12.0,-9.0,0.0,optimal,0,-12.0,-9.0,0.9295358394178734,0.8343384467597816,0.0,True,0.0,True,0.0,0.0
1761029003.5851276,1,follower,auto,0.4541204273700714,0.9653109312057495,-0.22222717106342316,0.4194502401351929,1.0,-0.5972512006759645,-0.034670187234878524,0.03468906879425049,-0.37502402961254133,-4.0708675462378165,7.076398220717306,2.6913056065104386,0,,,,,,,,True,7.638797593628864,-4.946956276140515,27.21835803401481,optimal,0,-3.0,-30.0,0.015031277998233616,-0.34817177828948365,0.0,True,0.0,True,0.0,0.0
1761029003.6883159,0,leader,auto,0.9914382100105286,0.9474148750305176,-0.5032910704612732,0.8694502401351929,1.0,-0.5972512006759645,-0.12198796987533567,0.05258512496948242,-0.0939601302146913,0,0,0,0,1.0,0,0,0,0,0,0,False,,,,,,,,,,,,,,,
1761029003.7886512,1,follower,auto,0.4541204273700714,0.9653109312057495,-0.22222717106342316,0.4194502401351929,1.0,-0.5972512006759645,-0.034670187234878524,0.03468906879425049,-0.37502402961254133,0,0,0,0,1.0,0,0,0,0,0,0,False,,,,,,,,,,,,,,,
1761029003.789627,0,follower,auto,0.9975371360778809,0.9489240646362305,-0.5312913060188293,0.8755619382858276,1.0,-0.6278096914291383,-0.12197519779205324,0.05107593536376953,-0.096518385410309,-8.998283578061457,-12.8781339040345,5.7793879020151335,0,,,,,,,,True,-12.0,-9.0,0.0,optimal,0,-12.0,-9.0,0.9450743381179769,0.882580144035658,0.0,True,0.0,True,0.0,0.0
1761029003.890222,1,follower,auto,0.45709821581840515,0.9603068232536316,-0.22812281548976898,0.4255619382858276,1.0,-0.6278096914291383,-0.03153627753257754,0.03969317674636841,-0.39968687593936936,-3.9882466697208017,7.0942714214501965,2.6286411140698784,0,,,,,,,,True,7.401460005039171,-4.860778319702884,27.206080881441743,infeasible,0,-3.0,-30.0,0.01569526868894161,-0.34824343273474373,0.0,True,0.0,True,0.0,0.0
1761029003.9948413,0,leader,auto,0.9975371360778809,0.9489240646362305,-0.5312913060188293,0.8755619382858276,1.0,-0.6278096914291383,-0.12197519779205324,0.05107593536376953,-0.096518385410309,0,0,0,0,1.0,0,0,0,0,0,0,False,,,,,,,,,,,,,,,
1761029004.095241,1,follower,auto,0.45709821581840515,0.9603068232536316,-0.22812281548976898,0.4255619382858276,1.0,-0.6278096914291383,-0.03153627753257754,0.03969317674636841,-0.39968687593936936,0,0,0,0,1.0,0,0,0,0,0,0,False,,,,,,,,,,,,,,,
1761029004.096645,0,follower,auto,1.006347894668579,0.9522654414176941,-0.558647632598877,0.8816670656204223,1.0,-0.6583353281021119,-0.1246808290481568,0.04773455858230591,-0.09968769550323497,-9.035570503206072,-12.915105681447567,4.816488824276234,0,,,,,,,,True,-12.0,-9.0,0.0,optimal,0,-12.0,-9.0,0.968714787780766,0.9630490013949689,0.0,True,0.0,True,0.0,0.0
1761029004.1976578,1,follower,auto,0.4591127932071686,0.9503350257873535,-0.23244421184062958,0.4316670656204223,1.0,-0.6583353281021119,-0.027445727586746294,0.049664974212646484,-0.42589111626148235,-3.9046930373761635,8.116514114444797,3.5720127531688988,0,,,,,,,,True,8.187865439592928,-4.902608189103756,27.086374396085088,optimal,0,-2.0,-30.0,0.016015773946937706,-0.3468210189488359,0.0,True,0.0,True,0.0,0.0
1761029004.3002503,0,leader,auto,1.006347894668579,0.9522654414176941,-0.558647632598877,0.8816670656204223,1.0,-0.6583353281021119,-0.1246808290481568,0.04773455858230591,-0.09968769550323497,0,0,0,0,1.0,0,0,0,0,0,0,False,,,,,,,,,,,,,,,
1761029004.4006736,1,follower,auto,0.4591127932071686,0.9503350257873535,-0.23244421184062958,0.4316670656204223,1.0,-0.6583353281021119,-0.027445727586746294,0.049664974212646484,-0.42589111626148235,0,0,0,0,1.0,0,0,0,0,0,0,False,,,,,,,,,,,,,,,
1761029004.401906,0,follower,auto,1.0143451690673828,0.9541610479354858,-0.5885087251663208,0.8878156328201293,1.0,-0.689078164100647,-0.1265295362472535,0.04583895206451416,-0.10056943893432624,-10.049074992814964,-12.921362479277963,4.879411524381669,0,,,,,,,,True,-12.0,-10.0,0.0,optimal,0,-12.0,-10.0,0.9924679840678579,0.975329142231357,0.0,True,0.0,True,0.0,0.0
1761029004.5027068,1,follower,auto,0.4637388586997986,0.9385947585105896,-0.23489323258399963,0.4378156328201293,1.0,-0.689078164100647,-0.025923225879669276,0.0614052414894104,-0.4541849315166474,-6.850308918984341,7.103248954089089,5.5085439006627075,0,,,,,,,,True,7.076555574642519,-7.27533439919679,24.47027355318904,optimal,0,-2.0,-30.0,0.020830870677872426,-0.31481099852178324,0.0,True,0.0,True,0.0,0.0
1761029004.6064248,0,leader,auto,1.0143451690673828,0.9541610479354858,-0.5885087251663208,0.8878156328201293,1.0,-0.689078164100647,-0.1265295362472535,0.04583895206451416,-0.10056943893432624,0,0,0,0,1.0,0,0,0,0,0,0,False,,,,,,,,,,,,,,,
1761029004.7074904,1,follower,auto,0.4637388586997986,0.9385947585105896,-0.23489323258399963,0.4378156328201293,1.0,-0.689078164100647,-0.025923225879669276,0.0614052414894104,-0.4541849315166474,0,0,0,0,1.0,0,0,0,0,0,0,False,,,,,,,,,,,,,,,
1761029004.7086375,0,follower,auto,1.0187249183654785,0.9528160095214844,-0.6211693286895752,0.8939149236679076,1.0,-0.7195746183395386,-0.12480999469757093,0.047183990478515625,-0.09840528964996342,-9.03082153656462,-12.887749418541347,4.9525262954373455,0,,,,,,,,True,-12.0,-9.0,0.0,optimal,0,-12.0,-9.0,1.0099724328600246,0.9830090467550434,0.0,True,0.0,True,0.0,0.0
1761029004.8116262,1,follower,auto,0.4705091714859009,0.92988121509552,-0.23884883522987366,0.4439149236679076,1.0,-0.7195746183395386,-0.0265942478179933,0.07011878490447998,-0.48072578310966496,-7.8545015496109745,6.076154839477421,6.471436463896646,0,,,,,,,,True,6.31241227134471,-8.65776830819578,22.90386542388543,infeasible,0,-2.0,-30.0,0.027782479907502877,-0.296657248248773,0.0,True,0.0,True,0.0,0.0
1761029004.9244382,0,leader,auto,1.0187249183654785,0.9528160095214844,-0.6211693286895752,0.8939149236679076,1.0,-0.7195746183395386,-0.12480999469757093,0.047183990478515625,-0.09840528964996342,0,0,0,0,1.0,0,0,0,0,0,0,False,,,,,,,,,,,,,,,
1761029005.0247176,1,follower,auto,0.4705091714859009,0.92988121509552,-0.23884883522987366,0.4439149236679076,1.0,-0.7195746183395386,-0.0265942478179933,0.07011878490447998,-0.48072578310966496,0,0,0,0,1.0,0,0,0,0,0,0,False,,,,,,,,,,,,,,,
1761029005.0256052,0,follower,auto,1.0213803052902222,0.9484896063804626,-0.6558658480644226,0.9000957441329955,1.0,-0.7504787206649781,-0.12128456115722663,0.051510393619537354,-0.09461287260055551,-9.005719570691523,-12.853883837140964,6.0174241227668315,0,,,,,,,,True,-12.0,-9.0,0.0,optimal,0,-12.0,-9.0,1.026064012743678,0.995109035309522,0.0,True,0.0,True,0.0,0.0
1761029005.1263652,1,follower,auto,0.4800797402858734,0.9197325706481934,-0.24769271910190582,0.4500957441329955,1.0,-0.7504787206649781,-0.02998399615287789,0.08026742935180664,-0.5027860015630723,-8.83828695541903,5.03520743533417,7.475504092307155,0,,,,,,,,True,5.533435554543994,-9.694058462530307,21.65834511170243,optimal,0,-2.0,-30.0,0.0361674171414908,-0.2827872015777096,0.0,True,0.0,True,0.0,0.0
1761029005.270644,0,leader,auto,1.0213803052902222,0.9484896063804626,-0.6558658480644226,0.9000957441329955,1.0,-0.7504787206649781,-0.12128456115722663,0.051510393619537354,-0.09461287260055551,0,0,0,0,1.0,0,0,0,0,0,0,False,,,,,,,,,,,,,,,
1761029005.3710184,1,follower,auto,0.4800797402858734,0.9197325706481934,-0.24769271910190582,0.4500957441329955,1.0,-0.7504787206649781,-0.02998399615287789,0.08026742935180664,-0.5027860015630723,0,0,0,0,1.0,0,0,0,0,0,0,False,,,,,,,,,,,,,,,
1761029005.371982,0,follower,auto,1.0235675573349,0.9447404146194458,-0.6923426389694214,0.9063895225524902,1.0,-0.7819476127624513,-0.11717803478240973,0.0552595853805542,-0.0896049737930299,-8.015554773323279,-11.833081948601414,6.074567553036266,0,,,,,,,,True,-11.0,-8.0,0.0,optimal,0,-11.0,-8.0,1.0441132581282146,1.0402000723483293,0.0,True,0.0,True,0.0,0.0
1761029005.4728715,1,follower,auto,0.4888148009777069,0.9058918952941895,-0.26126718521118164,0.45638952255249016,1.0,-0.7819476127624513,-0.03242527842521675,0.09410810470581055,-0.5206804275512696,-6.789892300743713,4.023231601072682,8.493741470405837,0,,,,,,,,True,4.661165310206787,-7.89527148550771,23.39471044081812,infeasible,0,-3.0,-30.0,0.041459186902950196,-0.3069906431659985,0.0,True,0.0,True,0.0,0.0
1761029005.5862591,0,leader,auto,1.0235675573349,0.9447404146194458,-0.6923426389694214,0.9063895225524902,1.0,-0.7819476127624513,-0.11717803478240973,0.0552595853805542,-0.0896049737930299,0,0,0,0,1.0,0,0,0,0,0,0,False,,,,,,,,,,,,,,,
1761029005.6865284,1,follower,auto,0.4888148009777069,0.9058918952941895,-0.26126718521118164,0.45638952255249016,1.0,-0.7819476127624513,-0.03242527842521675,0.09410810470581055,-0.5206804275512696,0,0,0,0,1.0,0,0,0,0,0,0,False,,,,,,,,,,,,,,,
1761029005.6873224,0,follower,auto,1.0240364074707031,0.9418346285820007,-0.7249686121940613,0.9133191347122191,1.0,-0.8165956735610963,-0.11071727275848398,0.05816537141799927,-0.09162706136703502,-9.033383002135915,-11.802752838386061,6.075795446822898,0,,,,,,,,True,-11.0,-9.0,0.0,optimal,0,-11.0,-9.0,1.058876003286307,1.0268931681966131,0.0,True,0.0,True,0.0,0.0
1761029005.7880142,1,follower,auto,0.49768397212028503,0.8947632908821106,-0.27606797218322754,0.46331913471221914,1.0,-0.8165956735610963,-0.034364837408065896,0.1052367091178894,-0.5405277013778688,-7.790362240308181,3.0088583553890387,9.493082045861893,0,,,,,,,,True,3.9394269762056986,-8.379479593873349,22.706883304184004,infeasible,0,-3.0,-30.0,0.04690847803567039,-0.29948850919660086,0.0,True,0.0,True,0.0,0.0
1761029005.8936129,0,leader,auto,1.0240364074707031,0.9418346285820007,-0.7249686121940613,0.9133191347122191,1.0,-0.8165956735610963,-0.11071727275848398,0.05816537141799927,-0.09162706136703502,0,0,0,0,1.0,0,0,0,0,0,0,False,,,,,,,,,,,,,,,
1761029005.9938526,1,follower,auto,0.49768397212028503,0.8947632908821106,-0.27606797218322754,0.46331913471221914,1.0,-0.8165956735610963,-0.034364837408065896,0.1052367091178894,-0.5405277013778688,0,0,0,0,1.0,0,0,0,0,0,0,False,,,,,,,,,,,,,,,
1761029005.9943306,0,follower,auto,1.0280907154083252,0.9407105445861816,-0.7548107504844666,0.9196204900741576,1.0,-0.8481024503707887,-0.10847022533416761,0.05928945541381836,-0.09329169988632213,-9.065364947990703,-10.821825176731634,6.065391652283029,0,,,,,,,,True,-10.0,-9.0,0.0,optimal,0,-10.0,-9.0,1.0831353238345889,1.1131683239767383,0.0,True,0.0,True,0.0,0.0
1761029006.094792,1,follower,auto,0.5055562257766724,0.8833942413330078,-0.2921545207500458,0.46962049007415757,1.0,-0.8481024503707887,-0.03593573570251479,0.11660575866699219,-0.5559479296207429,-6.776816302965181,3.0109737144428492,10.491072565123085,0,,,,,,,,True,3.5224099302720386,-7.8589029216422475,23.081811261938988,optimal,0,-3.0,-30.0,0.05100933097686583,-0.3055939615256949,0.0,True,0.0,True,0.0,0.0
1761029006.2000458,0,leader,auto,1.0280907154083252,0.9407105445861816,-0.7548107504844666,0.9196204900741576,1.0,-0.8481024503707887,-0.10847022533416761,0.05928945541381836,-0.09329169988632213,0,0,0,0,1.0,0,0,0,0,0,0,False,,,,,,,,,,,,,,,
1761029006.3003736,1,follower,auto,0.5055562257766724,0.8833942413330078,-0.2921545207500458,0.46962049007415757,1.0,-0.8481024503707887,-0.03593573570251479,0.11660575866699219,-0.5559479296207429,0,0,0,0,1.0,0,0,0,0,0,0,False,,,,,,,,,,,,,,,
1761029006.3012958,0,follower,auto,1.0359587669372559,0.9395846128463745,-0.7852687239646912,0.9257585668563841,1.0,-0.8787928342819215,-0.11020020008087172,0.06041538715362549,-0.09352411031723029,-9.08115192981843,-11.864868095593419,7.081348042934226,0,,,,,,,,True,-11.0,-9.0,0.0,optimal,0,-11.0,-9.0,1.118972318441505,1.236302402288943,0.0,True,0.0,True,0.0,0.0
1761029006.4022312,1,follower,auto,0.5110458135604858,0.8750562071800232,-0.30921614170074463,0.4757585668563841,1.0,-0.8787928342819215,-0.035287246704101716,0.1249437928199768,-0.5695766925811768,-5.792005131968884,3.036908486679733,11.484755815507366,0,,,,,,,,True,3.395656634133047,-6.163576336015424,24.679536399022854,optimal,0,-3.0,-30.0,0.05198462956944355,-0.3270415914998542,0.0,True,0.0,True,0.0,0.0
1761029006.5069528,0,leader,auto,1.0359587669372559,0.9395846128463745,-0.7852687239646912,0.9257585668563841,1.0,-0.8787928342819215,-0.11020020008087172,0.06041538715362549,-0.09352411031723029,0,0,0,0,1.0,0,0,0,0,0,0,False,,,,,,,,,,,,,,,
1761029006.607283,1,follower,auto,0.5110458135604858,0.8750562071800232,-0.30921614170074463,0.4757585668563841,1.0,-0.8787928342819215,-0.035287246704101716,0.1249437928199768,-0.5695766925811768,0,0,0,0,1.0,0,0,0,0,0,0,False,,,,,,,,,,,,,,,
1761029006.6087132,0,follower,auto,1.0456602573394775,0.9399598836898804,-0.8137744665145874,0.9319050073623656,1.0,-0.9095250368118287,-0.11375524997711195,0.06004011631011963,-0.09575057029724132,-9.101215051806818,-11.90289098950528,7.078917685523357,0,,,,,,,,True,-11.0,-9.0,0.0,optimal,0,-11.0,-9.0,1.1601238925515673,1.3134875536957005,0.0,True,0.0,True,0.0,0.0
1761029006.7098143,1,follower,auto,0.5135610103607178,0.8714565634727478,-0.3275820016860962,0.4819050073623656,1.0,-0.9095250368118287,-0.031656002998352195,0.1285434365272522,-0.5819430351257325,-2.8336473346737114,3.0793829343305648,11.484634933305202,0,,,,,,,,True,3.333413380159886,-3.7888335627746237,26.96548481010342,optimal,0,-3.0,-30.0,0.04889728164958168,-0.35631469553726036,0.0,True,0.0,True,0.0,0.0
1761029006.8130643,0,leader,auto,1.0456602573394775,0.9399598836898804,-0.8137744665145874,0.9319050073623656,1.0,-0.9095250368118287,-0.11375524997711195,0.06004011631011963,-0.09575057029724132,0,0,0,0,1.0,0,0,0,0,0,0,False,,,,,,,,,,,,,,,
1761029006.913832,1,follower,auto,0.5135610103607178,0.8714565634727478,-0.3275820016860962,0.4819050073623656,1.0,-0.9095250368118287,-0.031656002998352195,0.1285434365272522,-0.5819430351257325,0,0,0,0,1.0,0,0,0,0,0,0,False,,,,,,,,,,,,,,,
1761029006.915261,0,follower,auto,1.0530216693878174,0.9410490989685059,-0.8405063152313232,0.9380586528778074,1.0,-0.9402932643890382,-0.11496301651000995,0.05895090103149414,-0.09978694915771491,-9.109821730016725,-11.897881325877616,6.0724981556459445,0,,,,,,,,True,-11.0,-9.0,0.0,optimal,0,-11.0,-9.0,1.1960078546678459,1.3159026356488221,0.0,True,0.0,True,0.0,0.0
1761029007.0162334,1,follower,auto,0.5166064500808716,0.8736262321472168,-0.34513169527053833,0.4880586528778074,1.0,-0.9402932643890382,-0.028547797203064162,0.1263737678527832,-0.5951615691184998,-3.898011611133429,3.090911354469854,11.468532585332518,0,,,,,,,,True,3.5266288664094567,-4.427188960384257,26.163185797890193,optimal,0,-2.0,-30.0,0.04750899610728615,-0.34526773765975854,0.0,True,0.0,True,0.0,0.0
1761029007.1193476,0,leader,auto,1.0530216693878174,0.9410490989685059,-0.8405063152313232,0.9380586528778074,1.0,-0.9402932643890382,-0.11496301651000995,0.05895090103149414,-0.09978694915771491,0,0,0,0,1.0,0,0,0,0,0,0,False,,,,,,,,,,,,,,,
1761029007.219711,1,follower,auto,0.5166064500808716,0.8736262321472168,-0.34513169527053833,0.4880586528778074,1.0,-0.9402932643890382,-0.028547797203064162,0.1263737678527832,-0.5951615691184998,0,0,0,0,1.0,0,0,0,0,0,0,False,,,,,,,,,,,,,,,
1761029015.537437,0,follower,auto,1.0575710535049438,0.9454526305198669,-0.868203341960907,0.9441857624053953,1.0,-0.9709288120269776,-0.11338529109954854,0.05454736948013306,-0.10272547006607058,-10.142848245250898,-11.868918704031977,6.087942192856198,0,,,,,,,,True,-11.0,-10.0,0.0,optimal,0,-11.0,-10.0,1.227058655644715,1.2987957390471796,0.0,True,0.0,True,0.0,0.0
1761029015.6436198,1,follower,auto,0.5224201679229736,0.8766177296638489,-0.3638991415500641,0.4941857624053953,1.0,-0.9709288120269776,-0.02823440551757833,0.12338227033615112,-0.6070296704769135,-3.9216200012652913,2.067277656152129,11.46466860271386,0,,,,,,,,True,2.810503681998161,-4.465959162031794,25.98322896003393,optimal,0,-2.0,-30.0,0.050414342692666925,-0.34381835551104445,0.0,True,0.0,True,0.0,0.0
1761029016.0460148,0,leader,auto,1.0575710535049438,0.9454526305198669,-0.868203341960907,0.9441857624053953,1.0,-0.9709288120269776,-0.11338529109954854,0.05454736948013306,-0.10272547006607058,0,0,0,0,1.0,0,0,0,0,0,0,False,,,,,,,,,,,,,,,
1761029016.1464343,1,follower,auto,0.5224201679229736,0.8766177296638489,-0.3638991415500641,0.4941857624053953,1.0,-0.9709288120269776,-0.02823440551757833,0.12338227033615112,-0.6070296704769135,0,0,0,0,1.0,0,0,0,0,0,0,False,,,,,,,,,,,,,,,
1761029016.2500834,0,follower,auto,0.8738955855369568,0.9678432941436768,-1.4898425340652466,1.1167373943328855,1.0,-1.8336869716644286,0.24284180879592876,0.03215670585632324,-0.34384443759918204,-20,-20,9.53529606011621,-14,,,,,,,,True,-24.0,-30.0,0.0,optimal,0,-24.0,-30.0,1.6430399708804722,1.688576948046401,0.0,True,0.0,True,0.0,0.0
1761029020.9585748,1,follower,auto,0.7284950017929077,0.8484681844711304,-0.6804551482200623,0.6667373943328856,1.0,-1.8336869716644286,-0.061757607460022124,0.15153181552886963,-1.1532318234443664,-20,-20,16.511326848259245,-14,,,,,,,,True,-30.0,-30.0,0.0,optimal,0,-30.0,-30.0,0.4046670288735363,1.9571149376220756,0.0,True,0.0,True,0.0,0.0
1761029021.1017504,0,leader,auto,0.8738955855369568,0.9678432941436768,-1.4898425340652466,1.1167373943328855,1.0,-1.8336869716644286,0.24284180879592876,0.03215670585632324,-0.34384443759918204,0,0,0,0,1.0,0,0,0,0,0,0,False,,,,,,,,,,,,,,,
1761029021.2020998,1,follower,auto,0.7284950017929077,0.8484681844711304,-0.6804551482200623,0.6667373943328856,1.0,-1.8336869716644286,-0.061757607460022124,0.15153181552886963,-1.1532318234443664,0,0,0,0,1.0,0,0,0,0,0,0,False,,,,,,,,,,,,,,,
1761029021.3853915,0,leader,auto,0.6892082691192627,0.05028331279754639,-1.5606982707977295,1.2230308246612547,1.0,-2.3651541233062745,0.533822555541992,0.9497166872024536,-0.804455852508545,0,0,0,0,1.0,0,0,0,0,0,0,False,,,,,,,,,,,,,,,
1761029021.4857154,1,follower,auto,0.7617810964584351,0.0496213473379612,-0.9084594249725342,0.773030824661255,1.0,-2.3651541233062745,0.011249728202819886,0.9503786526620388,-1.4566946983337403,0,0,0,0,1.0,0,0,0,0,0,0,False,,,,,,,,,,,,,,,
1761029021.5893703,0,leader,auto,0.6892030835151672,0.05028187856078148,-1.5606862306594849,1.2279071950912475,1.0,-2.389535975456238,0.5387041115760802,0.9497181214392185,-0.8288497447967531,0,0,0,0,1.0,0,0,0,0,0,0,False,,,,,,,,,,,,,,,
1761029021.689623,1,follower,auto,0.7617759704589844,0.049603406339883804,-0.9084697365760803,0.7779071950912476,1.0,-2.389535975456238,0.01613122463226324,0.9503965936601162,-1.4810662388801576,0,0,0,0,1.0,0,0,0,0,0,0,False,,,,,,,,,,,,,,,
1761029021.7944381,0,leader,auto,0.6892092227935791,0.05028495192527771,-1.5606744289398193,1.2335829877853393,1.0,-2.417914938926697,0.5443737649917602,0.9497150480747223,-0.8572405099868776,0,0,0,0,1.0,0,0,0,0,0,0,False,,,,,,,,,,,,,,,
1761029021.8947842,1,follower,auto,0.7617743015289307,0.04959886893630028,-0.908453643321991,0.7835829877853394,1.0,-2.417914938926697,0.02180868625640875,0.9504011310636997,-1.509461295604706,0,0,0,0,1.0,0,0,0,0,0,0,False,,,,,,,,,,,,,,,
1761029022.0141358,0,leader,auto,0.6891855001449585,0.05028703436255455,-1.5606545209884644,1.2376560306549071,1.0,-2.4382801532745364,0.5484705305099487,0.9497129656374454,-0.877625632286072,0,0,0,0,1.0,0,0,0,0,0,0,False,,,,,,,,,,,,,,,
1761029022.114554,1,follower,auto,0.761771023273468,0.04960832744836807,-0.9084461331367493,0.7876560306549073,1.0,-2.4382801532745364,0.025885007381439284,0.9503916725516319,-1.5298340201377871,0,0,0,0,1.0,0,0,0,0,0,0,False,,,,,,,,,,,,,,,
1761029022.30537,0,leader,auto,0.6892027854919434,0.05031098425388336,-1.5606489181518555,1.2417603349685669,1.0,-2.4588016748428347,0.5525575494766235,0.9496890157461166,-0.8981527566909793,0,0,0,0,1.0,0,0,0,0,0,0,False,,,,,,,,,,,,,,,
1761029022.4055843,1,follower,auto,0.7617742419242859,0.04963276907801628,-0.9084333181381226,0.791760334968567,1.0,-2.4588016748428347,0.029986093044281126,0.9503672309219837,-1.5503683567047122,0,0,0,0,1.0,0,0,0,0,0,0,False,,,,,,,,,,,,,,,
1761029022.507051,0,leader,auto,0.6892101168632507,0.050292085856199265,-1.560649037361145,1.2461523580551148,1.0,-2.480761790275574,0.5569422411918641,0.9497079141438007,-0.9201127529144291,0,0,0,0,1.0,0,0,0,0,0,0,False,,,,,,,,,,,,,,,
1761029022.607725,1,follower,auto,0.7617869973182678,0.04962238296866417,-0.9084265232086182,0.7961523580551149,1.0,-2.480761790275574,0.03436536073684704,0.9503776170313358,-1.572335267066956,0,0,0,0,1.0,0,0,0,0,0,0,False,,,,,,,,,,,,,,,
1761029022.712342,0,leader,auto,0.6892152428627014,0.05030712112784386,-1.560642957687378,1.2519731378555299,1.0,-2.509865689277649,0.5627578949928285,0.9496928788721561,-0.9492227315902713,0,0,0,0,1.0,0,0,0,0,0,0,False,,,,,,,,,,,,,,,
1761029022.8125732,1,follower,auto,0.7617782950401306,0.04962468519806862,-0.9084330201148987,0.8019731378555299,1.0,-2.509865689277649,0.04019484281539931,0.9503753148019314,-1.6014326691627505,0,0,0,0,1.0,0,0,0,0,0,0,False,,,,,,,,,,,,,,,
1761029022.9687996,0,leader,auto,0.6892093420028687,0.05029391124844551,-1.5606640577316284,1.2560231161117554,1.0,-2.530115580558777,0.5668137741088868,0.9497060887515545,-0.9694515228271485,0,0,0,0,1.0,0,0,0,0,0,0,False,,,,,,,,,,,,,,,
1761029023.070173,1,follower,auto,0.7617824673652649,0.049637626856565475,-0.9084169864654541,0.8060231161117555,1.0,-2.530115580558777,0.044240648746490585,0.9503623731434345,-1.6216985940933228,0,0,0,0,1.0,0,0,0,0,0,0,False,,,,,,,,,,,,,,,
1761029023.1749153,0,leader,auto,0.6892143487930298,0.05029343441128731,-1.5606549978256226,1.2601126861572267,1.0,-2.550563430786133,0.5708983373641969,0.9497065655887127,-0.9899084329605103,0,0,0,0,1.0,0,0,0,0,0,0,False,,,,,,,,,,,,,,,
1761029023.275372,1,follower,auto,0.7617855072021484,0.0496196411550045,-0.9084308743476868,0.8101126861572266,1.0,-2.550563430786133,0.04832717895507821,0.9503803588449955,-1.6421325564384461,0,0,0,0,1.0,0,0,0,0,0,0,False,,,,,,,,,,,,,,,
1761029023.3816032,0,leader,auto,0.689213752746582,0.05030404403805733,-1.560659408569336,1.265269365310669,1.0,-2.576346826553345,0.576055612564087,0.9496959559619427,-1.015687417984009,0,0,0,0,1.0,0,0,0,0,0,0,False,,,,,,,,,,,,,,,
1761029023.481854,1,follower,auto,0.7617809176445007,0.04961461201310158,-0.9084478616714478,0.8152693653106691,1.0,-2.576346826553345,0.05348844766616834,0.9503853879868984,-1.6678989648818972,0,0,0,0,1.0,0,0,0,0,0,0,False,,,,,,,,,,,,,,,
1761029023.5913303,0,leader,auto,0.6891998052597046,0.0503058135509491,-1.5606569051742554,1.2693991804122926,1.0,-2.5969959020614626,0.580199375152588,0.9496941864490509,-1.0363389968872072,0,0,0,0,1.0,0,0,0,0,0,0,False,,,,,,,,,,,,,,,
1761029023.6922293,1,follower,auto,0.7617837190628052,0.04962091147899628,-0.9084372520446777,0.8193991804122926,1.0,-2.5969959020614626,0.05761546134948747,0.9503790885210037,-1.6885586500167848,0,0,0,0,1.0,0,0,0,0,0,0,False,,,,,,,,,,,,,,,
1761029023.7963436,0,leader,auto,0.6892049908638,0.05029730871319771,-1.5606719255447388,1.2734997940063477,1.0,-2.6174989700317384,0.5842948031425477,0.9497026912868023,-1.0568270444869996,0,0,0,0,1.0,0,0,0,0,0,0,False,,,,,,,,,,,,,,,
1761029023.8981636,1,follower,auto,0.7617802619934082,0.049613334238529205,-0.908432126045227,0.8234997940063479,1.0,-2.6174989700317384,0.06171953201293967,0.9503866657614708,-1.7090668439865113,0,0,0,0,1.0,0,0,0,0,0,0,False,,,,,,,,,,,,,,,
1761029024.0006733,0,leader,auto,0.6892029047012329,0.05029439553618431,-1.5606768131256104,1.2777073240280152,1.0,-2.638536620140076,0.5885044193267823,0.9497056044638157,-1.0778598070144656,0,0,0,0,1.0,0,0,0,0,0,0,False,,,,,,,,,,,,,,,
1761029024.1011274,1,follower,auto,0.7617786526679993,0.04961381480097771,-0.9084485769271851,0.8277073240280154,1.0,-2.638536620140076,0.06592867136001612,0.9503861851990223,-1.730088043212891,0,0,0,0,1.0,0,0,0,0,0,0,False,,,,,,,,,,,,,,,
1761029024.2983553,0,leader,auto,0.6892024874687195,0.05028669163584709,-1.5606846809387207,1.2818291997909548,1.0,-2.659145998954773,0.5926267123222353,0.9497133083641529,-1.0984613180160525,0,0,0,0,1.0,0,0,0,0,0,0,False,,,,,,,,,,,,,,,
1761029024.3987024,1,follower,auto,0.7617749571800232,0.04961445927619934,-0.9084329009056091,0.8318291997909548,1.0,-2.659145998954773,0.07005424261093163,0.9503855407238007,-1.750713098049164,0,0,0,0,1.0,0,0,0,0,0,0,False,,,,,,,,,,,,,,,
1761029024.5007038,0,leader,auto,0.6891783475875854,0.05027095973491669,-1.560718059539795,1.2858994913101198,1.0,-2.6794974565505982,0.5967211437225344,0.9497290402650833,-1.1187793970108033,0,0,0,0,1.0,0,0,0,0,0,0,False,,,,,,,,,,,,,,,
1761029024.6010826,1,follower,auto,0.7617464065551758,0.0495821014046669,-0.9084891676902771,0.8358994913101199,1.0,-2.6794974565505982,0.07415308475494409,0.9504178985953331,-1.7710082888603211,0,0,0,0,1.0,0,0,0,0,0,0,False,,,,,,,,,,,,,,,
1761029024.7082055,0,leader,auto,0.6891759037971497,0.05026519298553467,-1.5607328414916992,1.2918377828598024,1.0,-2.7091889142990113,0.6026618790626528,0.9497348070144653,-1.148456072807312,0,0,0,0,1.0,0,0,0,0,0,0,False,,,,,,,,,,,,,,,
1761029024.8084605,1,follower,auto,0.7617431879043579,0.04959724843502045,-0.908481776714325,0.8418377828598025,1.0,-2.7091889142990113,0.08009459495544458,0.9504027515649796,-1.8007071375846864,0,0,0,0,1.0,0,0,0,0,0,0,False,,,,,,,,,,,,,,,
1761029024.9119194,0,leader,auto,0.6892171502113342,0.050332654267549515,-1.5606359243392944,1.2958846378326419,1.0,-2.729423189163208,0.6066674876213076,0.9496673457324505,-1.1687872648239135,0,0,0,0,1.0,0,0,0,0,0,0,False,,,,,,,,,,,,,,,
1761029025.01215,1,follower,auto,0.7617810964584351,0.04965671896934509,-0.9084083437919617,0.8458846378326419,1.0,-2.729423189163208,0.08410354137420684,0.9503432810306549,-1.8210148453712462,0,0,0,0,1.0,0,0,0,0,0,0,False,,,,,,,,,,,,,,,
1761029025.1182098,0,leader,auto,0.6892063617706299,0.05034405738115311,-1.5606203079223633,1.300030875205994,1.0,-2.7501543760299683,0.610824513435364,0.9496559426188469,-1.189534068107605,0,0,0,0,1.0,0,0,0,0,0,0,False,,,,,,,,,,,,,,,
1761029025.218516,1,follower,auto,0.7617709040641785,0.049637988209724426,-0.9084213972091675,0.850030875205994,1.0,-2.7501543760299683,0.0882599711418155,0.9503620117902756,-1.8417329788208008,0,0,0,0,1.0,0,0,0,0,0,0,False,,,,,,,,,,,,,,,
1761029025.3219147,0,leader,auto,0.6892290115356445,0.050349894911050797,-1.560599446296692,1.3041041707992556,1.0,-2.7705208539962767,0.614875159263611,0.9496501050889492,-1.2099214076995848,0,0,0,0,1.0,0,0,0,0,0,0,False,,,,,,,,,,,,,,,
1761029025.422295,1,follower,auto,0.7617867588996887,0.04965007305145264,-0.9083973169326782,0.8541041707992557,1.0,-2.7705208539962767,0.09231741189956699,0.9503499269485474,-1.8621235370635985,0,0,0,0,1.0,0,0,0,0,0,0,False,,,,,,,,,,,,,,,
1761029025.5246577,0,leader,auto,0.6892093420028687,0.050325047224760056,-1.560647964477539,1.3082362413406374,1.0,-2.791181206703186,0.6190268993377688,0.9496749527752399,-1.230533242225647,0,0,0,0,1.0,0,0,0,0,0,0,False,,,,,,,,,,,,,,,
1761029025.6249542,1,follower,auto,0.7617706656455994,0.049638353288173676,-0.9084206819534302,0.8582362413406376,1.0,-2.791181206703186,0.09646557569503822,0.9503616467118263,-1.8827605247497559,0,0,0,0,1.0,0,0,0,0,0,0,False,,,,,,,,,,,,,,,
1761029025.7302065,0,leader,auto,0.6892060041427612,0.05027776211500168,-1.5606976747512817,1.3123216962814332,1.0,-2.8116084814071653,0.623115692138672,0.9497222378849983,-1.2509108066558836,0,0,0,0,1.0,0,0,0,0,0,0,False,,,,,,,,,,,,,,,
1761029025.8305902,1,follower,auto,0.7617590427398682,0.04959116131067276,-0.9084740877151489,0.8623216962814335,1.0,-2.8116084814071653,0.10056265354156535,0.9504088386893272,-1.9031343936920164,0,0,0,0,1.0,0,0,0,0,0,0,False,,,,,,,,,,,,,,,
1761029025.9371994,0,leader,auto,0.6892341375350952,0.050338033586740494,-1.5606155395507812,1.316364269256592,1.0,-2.831821346282959,0.6271301317214968,0.9496619664132595,-1.2712058067321776,0,0,0,0,1.0,0,0,0,0,0,0,False,,,,,,,,,,,,,,,
1761029026.0374227,1,follower,auto,0.7617874145507812,0.04965342581272125,-0.9084034562110901,0.8663642692565922,1.0,-2.831821346282959,0.1045768547058109,0.9503465741872787,-1.9234178900718688,0,0,0,0,1.0,0,0,0,0,0,0,False,,,,,,,,,,,,,,,
1761029026.1818318,0,leader,auto,0.6892417669296265,0.05036483705043793,-1.5605754852294922,1.3204791212081912,1.0,-2.8523956060409543,0.6312373542785648,0.9496351629495621,-1.2918201208114621,0,0,0,0,1.0,0,0,0,0,0,0,False,,,,,,,,,,,,,,,
1761029026.2824707,1,follower,auto,0.7618016004562378,0.04966701194643974,-0.9083766341209412,0.8704791212081913,1.0,-2.8523956060409543,0.10867752075195347,0.9503329880535603,-1.9440189719200132,0,0,0,0,1.0,0,0,0,0,0,0,False,,,,,,,,,,,,,,,
1761029026.3858864,0,leader,auto,0.6892255544662476,0.05035202205181122,-1.5606098175048828,1.3246122312545778,1.0,-2.873061156272888,0.6353866767883303,0.9496479779481888,-1.312451338768005,0,0,0,0,1.0,0,0,0,0,0,0,False,,,,,,,,,,,,,,,
1761029026.4864016,1,follower,auto,0.7617917656898499,0.04966428130865097,-0.9083782434463501,0.874612231254578,1.0,-2.873061156272888,0.11282046556472813,0.950335718691349,-1.9646829128265377,0,0,0,0,1.0,0,0,0,0,0,0,False,,,,,,,,,,,,,,,
1761029026.5908847,0,leader,auto,0.6892514228820801,0.05036947876214981,-1.560582160949707,1.3295153331756593,1.0,-2.8975766658782955,0.6402639102935792,0.9496305212378502,-1.3369945049285885,0,0,0,0,1.0,0,0,0,0,0,0,False,,,,,,,,,,,,,,,
1761029026.7915497,1,follower,auto,0.7617966532707214,0.049663886427879333,-0.9083739519119263,0.8795153331756596,1.0,-2.8975766658782955,0.11771867990493812,0.9503361135721207,-1.9892027139663693,0,0,0,0,1.0,0,0,0,0,0,0,False,,,,,,,,,,,,,,,
1761029026.9007156,0,leader,auto,0.6892086863517761,0.05033493414521217,-1.5606088638305664,1.3335986089706422,1.0,-2.91799304485321,0.6443899226188661,0.9496650658547878,-1.3573841810226437,0,0,0,0,1.0,0,0,0,0,0,0,False,,,,,,,,,,,,,,,
1761029027.0010972,1,follower,auto,0.7617729902267456,0.04964831843972206,-0.9084075689315796,0.8835986089706425,1.0,-2.91799304485321,0.12182561874389686,0.9503516815602779,-2.0095854759216305,0,0,0,0,1.0,0,0,0,0,0,0,False,,,,,,,,,,,,,,,
1761029027.102954,0,leader,auto,0.689196765422821,0.05032233148813248,-1.5606426000595093,1.339707808494568,1.0,-2.948539042472839,0.6505110430717469,0.9496776685118675,-1.3878964424133295,0,0,0,0,1.0,0,0,0,0,0,0,False,,,,,,,,,,,,,,,
1761029027.2032142,1,follower,auto,0.7617691159248352,0.04963664337992668,-0.9084252119064331,0.8897078084945682,1.0,-2.948539042472839,0.127938692569733,0.9503633566200733,-2.0401138305664057,0,0,0,0,1.0,0,0,0,0,0,0,False,,,,,,,,,,,,,,,
1761029027.3112586,0,leader,auto,0.6891862750053406,0.050304099917411804,-1.5606484413146973,1.3438913822174072,1.0,-2.9694569110870357,0.6547051072120667,0.9496959000825882,-1.4088084697723384,0,0,0,0,1.0,0,0,0,0,0,0,False,,,,,,,,,,,,,,,
