timestamp,drone_id,role,mode,x,y,z,target_x,target_y,target_z,error_x,error_y,error_z,rc_lr,rc_fb,rc_ud,rc_yaw,trust,obs_error_x,obs_error_y,obs_error_z,obs_state_x,obs_state_y,obs_state_z
1754554337.6558774,0,leader,manual,0.07359450310468674,0.05539640411734581,0.07711733877658844,0,1,0,-0.07359450310468674,0.9446035958826542,-0.07711733877658844,0,0,0,0,0,100,0,-0.0074278381653130054,0.01496734656393528,-0.0039938646368682384,0.9998524785041809,1.0,0.0,0.0,0.0,0.0,0.0,0.0,0,0
1754554337.756513,1,follower,manual,0.09734057635068893,0.058128032833337784,0.9089824557304382,0,1,1,-0.09734057635068893,0.9418719671666622,0.09101754426956177,0,0,0,0,0,100,0,-0.0074278381653130054,0.01496734656393528,-0.0039938646368682384,0.9998524785041809,1.0,0.0,0.0,0.0,0.0,0.0,0.0,0,0
1754554337.9558406,0,leader,manual,0.07358919084072113,0.05538477003574371,0.07711607962846756,0,1,0,-0.07358919084072113,0.9446152299642563,-0.07711607962846756,0,0,0,0,0,100,0,-0.0072097680531442165,0.014942643232643604,-0.004075460135936737,0.9998540878295898,1.0,0.0,0.0,0.0,0.0,0.0,0.0,0,0
1754554338.0561287,1,follower,manual,0.09733476489782333,0.05810839310288429,0.9090004563331604,0,1,1,-0.09733476489782333,0.9418916068971157,0.0909995436668396,0,0,0,0,0,100,0,-0.0072097680531442165,0.014942643232643604,-0.004075460135936737,0.9998540878295898,1.0,0.0,0.0,0.0,0.0,0.0,0.0,0,0
1754554338.2573605,0,leader,manual,0.07358940690755844,0.05536773428320885,0.07711532711982727,0,1,0,-0.07358940690755844,0.9446322657167912,-0.07711532711982727,0,0,0,0,0,100,0,-0.007302441634237766,0.014934963546693325,-0.004048448987305164,0.9998536705970764,1.0,0.0,0.0,0.0,0.0,0.0,0.0,0,0
1754554338.3578765,1,follower,manual,0.09731286019086838,0.05809663236141205,0.9090081453323364,0,1,1,-0.09731286019086838,0.941903367638588,0.09099185466766357,0,0,0,0,0,100,0,-0.007302441634237766,0.014934963546693325,-0.004048448987305164,0.9998536705970764,1.0,0.0,0.0,0.0,0.0,0.0,0.0,0,0
1754554338.6449952,0,leader,manual,0.07359351962804794,0.0553768165409565,0.07711901515722275,0,1,0,-0.07359351962804794,0.9446231834590435,-0.07711901515722275,0,0,0,0,0,100,0,-0.0072407834231853485,0.014926704578101635,-0.003949066158384085,0.9998546242713928,1.0,0.0,0.0,0.0,0.0,0.0,0.0,0,0
1754554338.7455678,1,follower,manual,0.0973254144191742,0.05814754217863083,0.9090219736099243,0,1,1,-0.0973254144191742,0.9418524578213692,0.09097802639007568,0,0,0,0,0,100,0,-0.0072407834231853485,0.014926704578101635,-0.003949066158384085,0.9998546242713928,1.0,0.0,0.0,0.0,0.0,0.0,0.0,0,0
1754554339.1186883,0,leader,manual,0.07360091060400009,0.0554102398455143,0.07710923254489899,0,1,0,-0.07360091060400009,0.9445897601544857,-0.07710923254489899,0,0,0,0,0,100,0,-0.007322829216718674,0.014967837370932102,-0.003960396163165569,0.9998533725738525,1.0,0.0,0.0,0.0,0.0,0.0,0.0,0,0
1754554339.219184,1,follower,manual,0.09733256697654724,0.058123186230659485,0.9090303182601929,0,1,1,-0.09733256697654724,0.9418768137693405,0.09096968173980713,0,0,0,0,0,100,0,-0.007322829216718674,0.014967837370932102,-0.003960396163165569,0.9998533725738525,1.0,0.0,0.0,0.0,0.0,0.0,0.0,0,0
1754554339.3237007,0,leader,manual,0.07361031323671341,0.05539336055517197,0.07709849625825882,0,1,0,-0.07361031323671341,0.944606639444828,-0.07709849625825882,0,0,0,0,0,100,0,-0.0072685121558606625,0.014976993203163147,-0.003992278128862381,0.9998535513877869,1.0,0.0,0.0,0.0,0.0,0.0,0.0,0,0
1754554339.4241507,1,follower,manual,0.09730234742164612,0.05811000615358353,0.9090229272842407,0,1,1,-0.09730234742164612,0.9418899938464165,0.09097707271575928,0,0,0,0,0,100,0,-0.0072685121558606625,0.014976993203163147,-0.003992278128862381,0.9998535513877869,1.0,0.0,0.0,0.0,0.0,0.0,0.0,0,0
1754554339.529785,0,leader,manual,0.07358662784099579,0.05539272725582123,0.07712087780237198,0,1,0,-0.07358662784099579,0.9446072727441788,-0.07712087780237198,0,0,0,0,0,100,0,-0.0073707629926502705,0.014957633800804615,-0.004043761640787125,0.9998528361320496,1.0,0.0,0.0,0.0,0.0,0.0,0.0,0,0
1754554339.6300125,1,follower,manual,0.09731648117303848,0.05808750540018082,0.9090280532836914,0,1,1,-0.09731648117303848,0.9419124945998192,0.0909719467163086,0,0,0,0,0,100,0,-0.0073707629926502705,0.014957633800804615,-0.004043761640787125,0.9998528361320496,1.0,0.0,0.0,0.0,0.0,0.0,0.0,0,0
1754554339.7325308,0,leader,manual,0.07359692454338074,0.05539346858859062,0.0771273821592331,0,1,0,-0.07359692454338074,0.9446065314114094,-0.0771273821592331,0,0,0,0,0,100,0,-0.007380940020084381,0.014905020594596863,-0.004067922942340374,0.9998534917831421,1.0,0.0,0.0,0.0,0.0,0.0,0.0,0,0
1754554339.8328347,1,follower,manual,0.09731490164995193,0.05810206010937691,0.9090330004692078,0,1,1,-0.09731490164995193,0.9418979398906231,0.09096699953079224,0,0,0,0,0,100,0,-0.007380940020084381,0.014905020594596863,-0.004067922942340374,0.9998534917831421,1.0,0.0,0.0,0.0,0.0,0.0,0.0,0,0
1754554339.936262,0,leader,manual,0.0735756978392601,0.055392924696207047,0.07712216675281525,0,1,0,-0.0735756978392601,0.944607075303793,-0.07712216675281525,0,0,0,0,0,100,0,-0.00731625547632575,0.014899414964020252,-0.0039611938409507275,0.9998543858528137,1.0,0.0,0.0,0.0,0.0,0.0,0.0,0,0
1754554340.0365062,1,follower,manual,0.09728725254535675,0.05810679867863655,0.9090589284896851,0,1,1,-0.09728725254535675,0.9418932013213634,0.09094107151031494,0,0,0,0,0,100,0,-0.00731625547632575,0.014899414964020252,-0.0039611938409507275,0.9998543858528137,1.0,0.0,0.0,0.0,0.0,0.0,0.0,0,0
1754554340.1382565,0,leader,manual,0.07360109686851501,0.05540139600634575,0.07713787257671356,0,1,0,-0.07360109686851501,0.9445986039936543,-0.07713787257671356,0,0,0,0,0,100,0,-0.007455290295183659,0.014967923052608967,-0.003910896833986044,0.9998525977134705,1.0,0.0,0.0,0.0,0.0,0.0,0.0,0,0
1754554340.2386038,1,follower,manual,0.09734350442886353,0.05809818208217621,0.9090473651885986,0,1,1,-0.09734350442886353,0.9419018179178238,0.09095263481140137,0,0,0,0,0,100,0,-0.007455290295183659,0.014967923052608967,-0.003910896833986044,0.9998525977134705,1.0,0.0,0.0,0.0,0.0,0.0,0.0,0,0
1754554340.3417974,0,leader,manual,0.07358147948980331,0.05540279671549797,0.07714318484067917,0,1,0,-0.07358147948980331,0.944597203284502,-0.07714318484067917,0,0,0,0,0,100,0,-0.00730226980522275,0.014884082600474358,-0.003968492615967989,0.9998546838760376,1.0,0.0,0.0,0.0,0.0,0.0,0.0,0,0
1754554340.4421003,1,follower,manual,0.09731926769018173,0.058087486773729324,0.9090307354927063,0,1,1,-0.09731926769018173,0.9419125132262707,0.0909692645072937,0,0,0,0,0,100,0,-0.00730226980522275,0.014884082600474358,-0.003968492615967989,0.9998546838760376,1.0,0.0,0.0,0.0,0.0,0.0,0.0,0,0
1754554346.5559819,0,leader,manual,0.07356627285480499,0.05540630221366882,0.07711781561374664,0,1,0,-0.07356627285480499,0.9445936977863312,-0.07711781561374664,0,0,0,0,0,100,0,-0.007501645479351282,0.014999846927821636,-0.00397979561239481,0.9998514652252197,1.0,0.0,0.0,0.0,0.0,0.0,0.0,0,0
1754554346.6564693,1,follower,manual,0.09729600697755814,0.0580965094268322,0.9090511202812195,0,1,1,-0.09729600697755814,0.9419034905731678,0.09094887971878052,0,0,0,0,60,100,0,-0.007501645479351282,0.014999846927821636,-0.00397979561239481,0.9998514652252197,1.0,0.0,0.0,0.0,0.0,0.0,0.0,0,0
1754554346.6568778,0,follower,manual,0.20417630672454834,0.8596962690353394,0.28455978631973267,0,1,0,-0.20417630672454834,0.14030373096466064,-0.28455978631973267,0,0,0,0,70,100,0,-0.003830394009128213,0.022169137373566628,-0.011524089612066746,0.9996805191040039,,,,,,,,0,0
1754554346.757274,1,follower,manual,0.13442546129226685,0.8212298154830933,0.9766601920127869,0,1,1,-0.13442546129226685,0.17877018451690674,0.023339807987213135,0,0,0,0,60,100,0,-0.003830394009128213,0.022169137373566628,-0.011524089612066746,0.9996805191040039,,,,,,,,0,0
1754554346.9194224,0,leader,manual,0.20417630672454834,0.8596962690353394,0.28455978631973267,0,1,0,-0.20417630672454834,0.14030373096466064,-0.28455978631973267,0,0,0,0,0,100,0,-0.003830394009128213,0.022169137373566628,-0.011524089612066746,0.9996805191040039,1.0,0.0,0.0,0.0,0.0,0.0,0.0,0,0
1754554347.019733,1,follower,manual,0.13442546129226685,0.8212298154830933,0.9766601920127869,0,1,1,-0.13442546129226685,0.17877018451690674,0.023339807987213135,0,0,0,0,60,100,0,-0.003830394009128213,0.022169137373566628,-0.011524089612066746,0.9996805191040039,1.0,0.0,0.0,0.0,0.0,0.0,0.0,0,0
1754554347.0201323,0,follower,manual,0.21711552143096924,0.8628760576248169,0.29338231682777405,0,1,0,-0.21711552143096924,0.1371239423751831,-0.29338231682777405,0,0,0,0,70,100,0,-0.005845553707331419,0.021344302222132683,-0.007946292869746685,0.9997235536575317,,,,,,,,0,0
1754554347.120503,1,follower,manual,0.14580866694450378,0.8212645053863525,0.9769300222396851,0,1,1,-0.14580866694450378,0.17873549461364746,0.02306997776031494,0,0,0,0,60,100,0,-0.005845553707331419,0.021344302222132683,-0.007946292869746685,0.9997235536575317,,,,,,,,0,0
1754554347.2254772,0,leader,manual,0.21711552143096924,0.8628760576248169,0.29338231682777405,0,1,0,-0.21711552143096924,0.1371239423751831,-0.29338231682777405,0,0,0,0,0,100,0,-0.005845553707331419,0.021344302222132683,-0.007946292869746685,0.9997235536575317,1.0,0.0,0.0,0.0,0.0,0.0,0.0,0,0
1754554347.325754,1,follower,manual,0.14580866694450378,0.8212645053863525,0.9769300222396851,0,1,1,-0.14580866694450378,0.17873549461364746,0.02306997776031494,0,0,0,0,60,100,0,-0.005845553707331419,0.021344302222132683,-0.007946292869746685,0.9997235536575317,1.0,0.0,0.0,0.0,0.0,0.0,0.0,0,0
1754554347.3260012,0,follower,manual,0.22552621364593506,0.86855548620224,0.3010082244873047,0,1,0,-0.22552621364593506,0.13144451379776,-0.3010082244873047,0,0,0,0,70,100,0,-0.0061184498481452465,0.022293444722890854,-0.009005188941955566,0.9996922016143799,,,,,,,,0,0
1754554347.4262247,1,follower,manual,0.15521077811717987,0.8238841891288757,0.9763348698616028,0,1,1,-0.15521077811717987,0.17611581087112427,0.023665130138397217,0,0,0,0,60,100,0,-0.0061184498481452465,0.022293444722890854,-0.009005188941955566,0.9996922016143799,,,,,,,,0,0
1754554347.633884,0,leader,manual,0.22552621364593506,0.86855548620224,0.3010082244873047,0,1,0,-0.22552621364593506,0.13144451379776,-0.3010082244873047,0,0,0,0,0,100,0,-0.0061184498481452465,0.022293444722890854,-0.009005188941955566,0.9996922016143799,1.0,0.0,0.0,0.0,0.0,0.0,0.0,0,0
1754554347.7341425,1,follower,manual,0.15521077811717987,0.8238841891288757,0.9763348698616028,0,1,1,-0.15521077811717987,0.17611581087112427,0.023665130138397217,0,0,0,0,60,100,0,-0.0061184498481452465,0.022293444722890854,-0.009005188941955566,0.9996922016143799,1.0,0.0,0.0,0.0,0.0,0.0,0.0,0,0
1754554347.7344105,0,follower,manual,0.2313297539949417,0.8771044015884399,0.30885738134384155,0,1,0,-0.2313297539949417,0.12289559841156006,-0.30885738134384155,0,0,0,0,70,100,0,-0.006308801006525755,0.023025019094347954,-0.006800238508731127,0.999691903591156,,,,,,,,0,0
1754554347.8346221,1,follower,manual,0.1698886901140213,0.8308946490287781,0.9793024063110352,0,1,1,-0.1698886901140213,0.16910535097122192,0.020697593688964844,0,0,0,0,60,100,0,-0.006308801006525755,0.023025019094347954,-0.006800238508731127,0.999691903591156,,,,,,,,0,0
1754554347.9414773,0,leader,manual,0.2313297539949417,0.8771044015884399,0.30885738134384155,0,1,0,-0.2313297539949417,0.12289559841156006,-0.30885738134384155,0,0,0,0,0,100,0,-0.006308801006525755,0.023025019094347954,-0.006800238508731127,0.999691903591156,1.0,0.0,0.0,0.0,0.0,0.0,0.0,0,0
1754554348.041813,1,follower,manual,0.1698886901140213,0.8308946490287781,0.9793024063110352,0,1,1,-0.1698886901140213,0.16910535097122192,0.020697593688964844,0,0,0,0,60,100,0,-0.006308801006525755,0.023025019094347954,-0.006800238508731127,0.999691903591156,1.0,0.0,0.0,0.0,0.0,0.0,0.0,0,0
1754554348.0420642,0,follower,manual,0.23798632621765137,0.8813788294792175,0.31440338492393494,0,1,0,-0.23798632621765137,0.11862117052078247,-0.31440338492393494,0,0,0,0,70,100,0,-0.012935392558574677,0.022303061559796333,-0.0036502089351415634,0.9996609091758728,,,,,,,,0,0
1754554348.1422951,1,follower,manual,0.17862161993980408,0.835266649723053,0.986705482006073,0,1,1,-0.17862161993980408,0.16473335027694702,0.013294517993927002,0,0,0,0,60,100,0,-0.012935392558574677,0.022303061559796333,-0.0036502089351415634,0.9996609091758728,,,,,,,,0,0
1754554348.2486951,0,leader,manual,0.23798632621765137,0.8813788294792175,0.31440338492393494,0,1,0,-0.23798632621765137,0.11862117052078247,-0.31440338492393494,0,0,0,0,0,100,0,-0.012935392558574677,0.022303061559796333,-0.0036502089351415634,0.9996609091758728,1.0,0.0,0.0,0.0,0.0,0.0,0.0,0,0
1754554348.3490956,1,follower,manual,0.17862161993980408,0.835266649723053,0.986705482006073,0,1,1,-0.17862161993980408,0.16473335027694702,0.013294517993927002,0,0,0,0,60,100,0,-0.012935392558574677,0.022303061559796333,-0.0036502089351415634,0.9996609091758728,1.0,0.0,0.0,0.0,0.0,0.0,0.0,0,0
1754554348.349924,0,follower,manual,0.24690134823322296,0.8791549801826477,0.32107171416282654,0,1,0,-0.24690134823322296,0.1208450198173523,-0.32107171416282654,0,0,0,0,70,100,0,-0.006899249739944935,0.02417052537202835,-0.00674968957901001,0.9996613264083862,,,,,,,,0,0
1754554348.450424,1,follower,manual,0.1847667694091797,0.8309799432754517,0.9923489689826965,0,1,1,-0.1847667694091797,0.16902005672454834,0.007651031017303467,0,0,0,0,60,100,0,-0.006899249739944935,0.02417052537202835,-0.00674968957901001,0.9996613264083862,,,,,,,,0,0
1754554348.5528805,0,leader,manual,0.24690134823322296,0.8791549801826477,0.32107171416282654,0,1,0,-0.24690134823322296,0.1208450198173523,-0.32107171416282654,0,0,0,0,0,100,0,-0.006899249739944935,0.02417052537202835,-0.00674968957901001,0.9996613264083862,1.0,0.0,0.0,0.0,0.0,0.0,0.0,0,0
1754554348.6531453,1,follower,manual,0.1847667694091797,0.8309799432754517,0.9923489689826965,0,1,1,-0.1847667694091797,0.16902005672454834,0.007651031017303467,0,0,0,0,60,100,0,-0.006899249739944935,0.02417052537202835,-0.00674968957901001,0.9996613264083862,1.0,0.0,0.0,0.0,0.0,0.0,0.0,0,0
1754554348.6537423,0,follower,auto,0.25569862127304077,0.8744763135910034,0.32939183712005615,0,1,0,-0.25569862127304077,0.12552368640899658,-0.32939183712005615,-20,-20,12.401204788684845,0,70,100,0.0001647472381591797,-0.010255908593535423,0.0229584239423275,-0.005213658791035414,0.9996702075004578,,,,,,,,0,0
1754554348.7540638,1,follower,auto,0.1891188621520996,0.8232355117797852,0.9980664849281311,0.0,1.0,1.0,-0.1891188621520996,0.17676448822021484,0.0019335150718688965,0.030744481086730956,-17.960052144527435,17.198795211315154,0,60,100,0.10024189949035645,-0.010255908593535423,0.0229584239423275,-0.005213658791035414,0.9996702075004578,,,,,,,,0,0
1754554348.859659,0,leader,auto,0.25569862127304077,0.8744763135910034,0.32939183712005615,0,1,0,-0.25569862127304077,0.12552368640899658,-0.32939183712005615,0,0,0,0,0,100,0,-0.010255908593535423,0.0229584239423275,-0.005213658791035414,0.9996702075004578,0.8,0.25569862127304077,0.8744763135910034,0.32939183712005615,0.12784931063652039,0.4372381567955017,0.16469591856002808,0,0
1754554348.9602294,1,follower,auto,0.1891188621520996,0.8232355117797852,0.9980664849281311,0.0,1.0,1.0,-0.1891188621520996,0.17676448822021484,0.0019335150718688965,0,0,0,0,60,100,0,-0.010255908593535423,0.0229584239423275,-0.005213658791035414,0.9996702075004578,0.8,0.1891188621520996,0.8232355117797852,0.9980664849281311,0.0945594310760498,0.4116177558898926,0.49903324246406555,0,0
1754554348.9620805,0,follower,auto,0.26353296637535095,0.8725817203521729,0.33686545491218567,0,1,0,-0.26353296637535095,0.12741827964782715,-0.33686545491218567,-20,-20,12.368749952316284,0,70,100,0.0003845691680908203,-0.010198831558227539,0.025409696623682976,-0.0018762837862595916,0.9996234178543091,,,,,,,,0,0
1754554349.063158,1,follower,auto,0.1934647411108017,0.8196055889129639,1.003764033317566,0.0,1.0,1.0,-0.1934647411108017,0.18039441108703613,-0.003764033317565918,0.0470313549041748,-18.97621175646782,18.175931149721144,0,60,100,0.10083794593811035,-0.010198831558227539,0.025409696623682976,-0.0018762837862595916,0.9996234178543091,,,,,,,,0,0
1754554349.2355976,0,leader,auto,0.26353296637535095,0.8725817203521729,0.33686545491218567,0,1,0,-0.26353296637535095,0.12741827964782715,-0.33686545491218567,0,0,0,0,0,100,0,-0.010198831558227539,0.025409696623682976,-0.0018762837862595916,0.9996234178543091,0.9048374180359595,0.09778475224971772,0.3941302216053009,0.13671090296506883,0.2146405902504921,0.6755166095495224,0.26851000342965126,0,0
1754554349.3359697,1,follower,auto,0.1934647411108017,0.8196055889129639,1.003764033317566,0.0,1.0,1.0,-0.1934647411108017,0.18039441108703613,-0.003764033317565918,0,0,0,0,60,100,0,-0.010198831558227539,0.025409696623682976,-0.0018762837862595916,0.9996234178543091,0.9048374180359595,0.06770693753957749,0.3503306027173996,0.4176673416972161,0.15961127234101297,0.6444402875542641,0.7949303624689579,0,0
1754554349.3370922,0,follower,auto,0.2616819441318512,0.8798777461051941,0.3414711058139801,0,1,0,-0.2616819441318512,0.12012225389480591,-0.3414711058139801,-20,-20,12.375222224593163,0,70,100,0.0003688335418701172,-0.0057540833950042725,0.029609045013785362,-0.0004219982656650245,0.9995449185371399,,,,,,,,0,0
1754554349.4376984,1,follower,auto,0.19135984778404236,0.8139172196388245,1.0147756338119507,0.0,1.0,1.0,-0.19135984778404236,0.18608278036117554,-0.014775633811950684,-0.9319588303565979,-18.95444199770689,18.142589650154115,0,60,100,0.10036230087280273,-0.0057540833950042725,0.029609045013785362,-0.0004219982656650245,0.9995449185371399,,,,,,,,0,0
1754554349.5427485,0,leader,auto,0.2616819441318512,0.8798777461051941,0.3414711058139801,0,1,0,-0.2616819441318512,0.12012225389480591,-0.3414711058139801,0,0,0,0,0,100,0,-0.0057540833950042725,0.029609045013785362,-0.0004219982656650245,0.9995449185371399,0.75,-0.01770248226523402,0.15555867909193033,0.01556395583736897,0.27053318526446823,0.8020984065592289,0.3336891278952956,0,0
1754554349.643044,1,follower,auto,0.19135984778404236,0.8139172196388245,1.0147756338119507,0.0,1.0,1.0,-0.19135984778404236,0.18608278036117554,-0.014775633811950684,0,0,0,0,60,100,0,-0.0057540833950042725,0.029609045013785362,-0.0004219982656650245,0.9995449185371399,0.75,-0.02316549443638327,0.08724952823376653,0.08536917711818215,0.202942595002234,0.7702924555219413,0.9720910452528596,0,0
1754554349.6434634,0,follower,auto,0.2488282173871994,0.8907946944236755,0.33643946051597595,0,1,0,-0.2488282173871994,0.10920530557632446,-0.33643946051597595,-20,-19.989538678705692,10.433548081099987,0,70,100,0.00011730194091796875,-0.017071789130568504,0.028724579140543938,0.0030074010137468576,0.9994370937347412,,,,,,,,0,0
1754554349.7437465,1,follower,auto,0.17733615636825562,0.8126320242881775,1.0381783246994019,0.0,1.0,1.0,-0.17733615636825562,0.1873679757118225,-0.038178324699401855,-2.93916512131691,-16.897195836097,18.064637089848517,0,60,100,0.10022091865539551,-0.017071789130568504,0.028724579140543938,0.0030074010137468576,0.9994370937347412,,,,,,,,0,0
1754554349.8499618,0,leader,auto,0.2488282173871994,0.8907946944236755,0.33643946051597595,0,1,0,-0.2488282173871994,0.10920530557632446,-0.33643946051597595,0,0,0,0,0,100,0,-0.017071789130568504,0.028724579140543938,0.0030074010137468576,0.9994370937347412,0.9,-0.10520963026529556,0.049004722864270156,-0.06811151305948848,0.3014330325198472,0.8662923329915404,0.3704952170457202,0,0
1754554349.9502416,1,follower,auto,0.17733615636825562,0.8126320242881775,1.0381783246994019,0.0,1.0,1.0,-0.17733615636825562,0.1873679757118225,-0.038178324699401855,0,0,0,0,60,100,0,-0.017071789130568504,0.028724579140543938,0.0030074010137468576,0.9994370937347412,0.9,-0.0978533659005511,-0.04506334323056471,-0.0925072468266952,0.22626283931853117,0.8351636959034598,1.0844319481127496,0,0
1754554349.9506059,0,follower,auto,0.22873468697071075,0.9028379917144775,0.32451239228248596,0,1,0,-0.22873468697071075,0.09716200828552246,-0.32451239228248596,-20,-19.944559517556428,9.498952247554064,0,70,100,0.00010728836059570312,-0.008344147354364395,0.02501484751701355,-0.0023389975540339947,0.9996495246887207,,,,,,,,0,0
1754554350.0508904,1,follower,auto,0.15380249917507172,0.8233312964439392,1.0663576126098633,0.0,1.0,1.0,-0.15380249917507172,0.1766687035560608,-0.06635761260986328,-5.993051742911339,-14.838226648923754,17.002243981087208,0,60,100,0.1002197265625,-0.008344147354364395,0.02501484751701355,-0.0023389975540339947,0.9996495246887207,,,,,,,,0,0
1754554350.1571546,0,leader,auto,0.22873468697071075,0.9028379917144775,0.32451239228248596,0,1,0,-0.22873468697071075,0.09716200828552246,-0.32451239228248596,0,0,0,0,0,100,0,-0.008344147354364395,0.02501484751701355,-0.0023389975540339947,0.9996495246887207,1.0,-0.1688278724972982,0.01342376312226179,-0.1225104126103389,0.3131486232193599,0.8961261101533466,0.3857675985876554,0,0
1754554350.25744,1,follower,auto,0.15380249917507172,0.8233312964439392,1.0663576126098633,0.0,1.0,1.0,-0.15380249917507172,0.1766687035560608,-0.06635761260986328,0,0,0,0,60,100,0,-0.008344147354364395,0.02501484751701355,-0.0023389975540339947,0.9996495246887207,1.0,-0.15475472763309062,-0.09314171230886514,-0.18825799158810375,0.23117986299161702,0.8699021525983718,1.1604866084039152,0,0
1754554350.2578394,0,follower,auto,0.20276543498039246,0.9130250811576843,0.311644971370697,0,1,0,-0.20276543498039246,0.08697491884231567,-0.311644971370697,-20,-19.90654327185571,8.539725580171943,0,70,100,0.000110626220703125,-0.010365626774728298,0.024226417765021324,-0.006609143689274788,0.9996309280395508,,,,,,,,0,0
1754554350.3582177,1,follower,auto,0.12654198706150055,0.8536931276321411,1.0941931009292603,0.0,1.0,1.0,-0.12654198706150055,0.1463068723678589,-0.09419310092926025,-9.10414724689722,-11.804727568852007,13.967767405308486,0,60,100,0.1003103256225586,-0.010365626774728298,0.024226417765021324,-0.006609143689274788,0.9996309280395508,,,,,,,,0,0
1754554350.5486743,0,leader,auto,0.20276543498039246,0.9130250811576843,0.311644971370697,0,1,0,-0.20276543498039246,0.08697491884231567,-0.311644971370697,0,0,0,0,0,100,0,-0.010365626774728298,0.024226417765021324,-0.006609143689274788,0.9996309280395508,1.0,-0.2146393236298747,0.01283741198510402,-0.15157343842889337,0.3100850967953298,0.9066063751651323,0.3874316905851437,0,0
1754554350.648987,1,follower,auto,0.12654198706150055,0.8536931276321411,1.0941931009292603,0.0,1.0,1.0,-0.12654198706150055,0.1463068723678589,-0.09419310092926025,0,0,0,0,70,100,0,-0.010365626774728298,0.024226417765021324,-0.006609143689274788,0.9996309280395508,1.0,-0.190937659134355,-0.08500536621104327,-0.2403013481297922,0.22201081662867805,0.8961958107376627,1.2143437749941564,0,0
1754554350.6495576,0,follower,auto,0.16979074478149414,0.9239674210548401,0.29494500160217285,0,1,0,-0.16979074478149414,0.07603257894515991,-0.29494500160217285,-20,-15.868502605294049,7.588515911804497,0,80,100,0.0001671314239501953,-0.011358646675944328,0.021999811753630638,-0.014108040370047092,0.99959397315979,,,,,,,,0,0
1754554350.7498734,1,follower,auto,0.08853483945131302,0.8787863254547119,1.1238067150115967,0.0,1.0,1.0,-0.08853483945131302,0.12121367454528809,-0.12380671501159668,-12.120206699198484,-7.746754928120106,11.92949467772162,0,70,100,0.1002357006072998,-0.011358646675944328,0.021999811753630638,-0.014108040370047092,0.99959397315979,,,,,,,,0,0
1754554350.855076,0,leader,auto,0.16979074478149414,0.9239674210548401,0.29494500160217285,0,1,0,-0.16979074478149414,0.07603257894515991,-0.29494500160217285,0,0,0,0,0,100,0,-0.011358646675944328,0.021999811753630638,-0.014108040370047092,0.99959397315979,1.0,-0.24943227802250745,0.03240086803151687,-0.16786708508505527,0.29450688379274786,0.9077669870390817,0.37887854414470046,0,0
1754554350.9553735,1,follower,auto,0.08853483945131302,0.8787863254547119,1.1238067150115967,0.0,1.0,1.0,-0.08853483945131302,0.12121367454528809,-0.12380671501159668,0,0,0,0,70,100,0,-0.011358646675944328,0.021999811753630638,-0.014108040370047092,0.99959397315979,1.0,-0.21821485181105077,-0.07115130364609312,-0.26169157367392004,0.1976422653568384,0.9143619772777585,1.2546525018485566,0,0
1754554350.955761,0,follower,auto,0.1463252156972885,0.9323111772537231,0.28156203031539917,0,1,0,-0.1463252156972885,0.06768882274627686,-0.28156203031539917,-20,-13.898831592450994,6.602081740589994,0,80,100,0.00012063980102539062,-0.015612911432981491,0.019223082810640335,-0.011748694814741611,0.9996242523193359,,,,,,,,0,0
1754554351.056096,1,follower,auto,0.06055505573749542,0.8951510787010193,1.1457513570785522,0.0,1.0,1.0,-0.06055505573749542,0.10484892129898071,-0.14575135707855225,-14.090630511470437,-5.769675353821555,9.937362418991077,0,70,100,0.10026359558105469,-0.015612911432981491,0.019223082810640335,-0.011748694814741611,0.9996242523193359,,,,,,,,0,0
1754554351.1619096,0,leader,auto,0.1463252156972885,0.9323111772537231,0.28156203031539917,0,1,0,-0.1463252156972885,0.06768882274627686,-0.28156203031539917,0,0,0,0,0,100,0,-0.015612911432981491,0.019223082810640335,-0.011748694814741611,0.9996242523193359,1.0,-0.25572783724784964,0.05731595159424441,-0.16853472988723633,0.27418913432121333,0.903653201456601,0.36582939525901736,0,0
1754554351.262187,1,follower,auto,0.06055505573749542,0.8951510787010193,1.1457513570785522,0.0,1.0,1.0,-0.06055505573749542,0.10484892129898071,-0.14575135707855225,0,0,0,0,70,100,0,-0.015612911432981491,0.019223082810640335,-0.011748694814741611,0.9996242523193359,1.0,-0.21429779955437522,-0.055851918985456495,-0.27366674298191196,0.16770395551468303,0.9230770381937475,1.2825847285695082,0,0
1754554351.262568,0,follower,auto,0.12969818711280823,0.9372731447219849,0.2704397439956665,0,1,0,-0.12969818711280823,0.06272685527801514,-0.2704397439956665,-20,-11.937582129821317,6.604361179081219,0,80,100,0.00011777877807617188,-0.015408225357532501,0.020186586305499077,-0.01473640650510788,0.9995688796043396,,,,,,,,0,0
1754554351.3628554,1,follower,auto,0.04102351889014244,0.9021498560905457,1.158068299293518,0.0,1.0,1.0,-0.04102351889014244,0.09785014390945435,-0.15806829929351807,-15.042198863037765,-3.8111039792467474,8.972454514033123,0,70,100,0.10022115707397461,-0.015408225357532501,0.020186586305499077,-0.01473640650510788,0.9995688796043396,,,,,,,,0,0
1754554351.468785,0,leader,auto,0.12969818711280823,0.9372731447219849,0.2704397439956665,0,1,0,-0.12969818711280823,0.06272685527801514,-0.2704397439956665,0,0,0,0,0,100,0,-0.015408225357532501,0.020186586305499077,-0.01473640650510788,0.9995688796043396,1.0,-0.2480349993458969,0.08237958803338963,-0.16141251796976935,0.2537156867857567,0.8960833507052901,0.3511460029805512,0,0
1754554351.5692375,1,follower,auto,0.04102351889014244,0.9021498560905457,1.158068299293518,0.0,1.0,1.0,-0.04102351889014244,0.09785014390945435,-0.15806829929351807,0,0,0,0,70,100,0,-0.015408225357532501,0.020186586305499077,-0.01473640650510788,0.9995688796043396,1.0,-0.19465985594458818,-0.039567937671466824,-0.28006271789815496,0.13835344686243653,0.9219338249262791,1.2980996582425957,0,0
1754554351.5698717,0,follower,auto,0.12256933003664017,0.9370131492614746,0.25897642970085144,0,1,0,-0.12256933003664017,0.06298685073852539,-0.25897642970085144,-20,-11.990443140144688,6.610357268633728,0,80,100,0.00015974044799804688,-0.01464008167386055,0.02147434651851654,-0.01586996205151081,0.9995362758636475,,,,,,,,0,0
1754554351.6701937,1,follower,auto,0.03078409470617771,0.9042649269104004,1.1601033210754395,0.0,1.0,1.0,-0.03078409470617771,0.09573507308959961,-0.16010332107543945,-16.008216214897732,-2.8612159112831748,9.022286267854728,0,70,100,0.10023832321166992,-0.01464008167386055,0.02147434651851654,-0.01586996205151081,0.9995362758636475,,,,,,,,0,0
1754554351.8388948,0,leader,auto,0.12256933003664017,0.9370131492614746,0.25897642970085144,0,1,0,-0.12256933003664017,0.06298685073852539,-0.25897642970085144,0,0,0,0,0,100,0,-0.01464008167386055,0.02147434651851654,-0.01586996205151081,0.9995362758636475,1.0,-0.22926554106221686,0.10392287216185303,-0.15349792490731562,0.2372021005677486,0.8850517131805481,0.33572539215450925,0,0
1754554351.9395669,1,follower,auto,0.03078409470617771,0.9042649269104004,1.1601033210754395,0.0,1.0,1.0,-0.03078409470617771,0.09573507308959961,-0.16010332107543945,0,0,0,0,70,100,0,-0.01464008167386055,0.02147434651851654,-0.01586996205151081,0.9995362758636475,1.0,-0.16573368553943196,-0.018497699084103147,-0.2829106900504832,0.11365093747589369,0.9135137764524519,1.301558666100681,0,0
1754554351.940126,0,follower,auto,0.12319290637969971,0.9328547716140747,0.25030967593193054,0,1,0,-0.12319290637969971,0.06714522838592529,-0.25030967593193054,-20,-12.039290237128895,6.596364076728309,0,80,100,0.00017070770263671875,-0.013184034265577793,0.021058179438114166,-0.014957212843000889,0.9995794892311096,,,,,,,,0,0
1754554352.0405564,1,follower,auto,0.0297602117061615,0.9053809642791748,1.1487419605255127,0.0,1.0,1.0,-0.0297602117061615,0.0946190357208252,-0.1487419605255127,-13.996562617040427,-1.9145261903402446,9.097547064357387,0,70,100,0.10028648376464844,-0.013184034265577793,0.021058179438114166,-0.014957212843000889,0.9995794892311096,,,,,,,,0,0
1754554352.1440258,0,leader,auto,0.12319290637969971,0.9328547716140747,0.25030967593193054,0,1,0,-0.12319290637969971,0.06714522838592529,-0.25030967593193054,0,0,0,0,0,100,0,-0.013184034265577793,0.021058179438114166,-0.014957212843000889,0.9995794892311096,1.0,-0.20807023376693873,0.12352153098786545,-0.14260957037531619,0.22722802326316907,0.871094006120142,0.32161446111958863,0,0
1754554352.244349,1,follower,auto,0.0297602117061615,0.9053809642791748,1.1487419605255127,0.0,1.0,1.0,-0.0297602117061615,0.0946190357208252,-0.1487419605255127,0,0,0,0,70,100,0,-0.013184034265577793,0.021058179438114166,-0.014957212843000889,0.9995794892311096,1.0,-0.13331491707642829,0.008341441909283431,-0.28694959642281637,0.09641767024437564,0.901210243324533,1.2922167587369209,0,0
1754554352.244929,0,follower,auto,0.1265343874692917,0.9281827211380005,0.24531258642673492,0,1,0,-0.1265343874692917,0.07181727886199951,-0.24531258642673492,-19.984033354854116,-12.064186124414254,7.5713323789223095,0,80,100,0.00017976760864257812,-0.014254492707550526,0.020408879965543747,-0.017609985545277596,0.9995349645614624,,,,,,,,0,0
1754554352.3452685,1,follower,auto,0.03456319123506546,0.9148664474487305,1.1339012384414673,0.0,1.0,1.0,-0.03456319123506546,0.08513355255126953,-0.13390123844146729,-13.035763335530982,-2.956165538424171,8.140159772078212,0,70,100,0.10022497177124023,-0.014254492707550526,0.020408879965543747,-0.017609985545277596,0.9995349645614624,,,,,,,,0,0
1754554352.450316,0,leader,auto,0.1265343874692917,0.9281827211380005,0.24531258642673492,0,1,0,-0.1265343874692917,0.07181727886199951,-0.24531258642673492,0,0,0,0,0,100,0,-0.014254492707550526,0.020408879965543747,-0.017609985545277596,0.9995349645614624,1.0,-0.19222904924621043,0.14416068040304675,-0.13010942299604739,0.2226489120923969,0.8561023809364772,0.3103672979247586,0,0
1754554352.5506227,1,follower,auto,0.03456319123506546,0.9148664474487305,1.1339012384414673,0.0,1.0,1.0,-0.03456319123506546,0.08513355255126953,-0.13390123844146729,0,0,0,0,70,100,0,-0.014254492707550526,0.020408879965543747,-0.017609985545277596,0.9995349645614624,1.0,-0.10386115231099652,0.043543119890148474,-0.2814594864578619,0.08649376739056372,0.8930948875036562,1.2746309816703982,0,0
1754554352.5625863,0,follower,auto,0.12854167819023132,0.9268614649772644,0.2400115728378296,0,1,0,-0.12854167819023132,0.0731385350227356,-0.2400115728378296,-19.98287341855035,-12.06122925010623,7.561047958951713,0,80,100,0.0001404285430908203,-0.01864849030971527,0.020531851798295975,-0.018432509154081345,0.9994453191757202,,,,,,,,0,0
1754554352.6628892,1,follower,auto,0.04504566639661789,0.9341787695884705,1.1188948154449463,0.0,1.0,1.0,-0.04504566639661789,0.06582123041152954,-0.11889481544494629,-11.098628065676994,-3.9973332654517644,6.157690920007234,0,70,100,0.10022807121276855,-0.01864849030971527,0.020531851798295975,-0.018432509154081345,0.9994453191757202,,,,,,,,0,0
1754554352.8398244,0,leader,auto,0.12854167819023132,0.9268614649772644,0.2400115728378296,0,1,0,-0.12854167819023132,0.0731385350227356,-0.2400115728378296,0,0,0,0,0,100,0,-0.01864849030971527,0.020531851798295975,-0.018432509154081345,0.9994453191757202,1.0,-0.18425080003167815,0.16772383515261624,-0.12262694615932168,0.2206670782060704,0.8429995474009563,0.30132504591749043,0,0
1754554352.9400978,1,follower,auto,0.04504566639661789,0.9341787695884705,1.1188948154449463,0.0,1.0,1.0,-0.04504566639661789,0.06582123041152954,-0.11889481544494629,0,0,0,0,70,100,0,-0.01864849030971527,0.020531851798295975,-0.018432509154081345,0.9994453191757202,1.0,-0.07914065917228659,0.08095854279398595,-0.267318128107888,0.08461599598276118,0.8936994981914774,1.2525538794988904,0,0
1754554352.9404721,0,follower,auto,0.12788477540016174,0.9282830357551575,0.23624911904335022,0,1,0,-0.12788477540016174,0.07171696424484253,-0.23624911904335022,-19.984192956274946,-12.040197848162954,7.541820425874448,0,80,100,0.00011277198791503906,-0.016492944210767746,0.023428156971931458,-0.01605740189552307,0.9994605183601379,,,,,,,,0,0
1754554353.0407681,1,follower,auto,0.06185586377978325,0.9582110047340393,1.0960869789123535,0.0,1.0,1.0,-0.06185586377978325,0.04178899526596069,-0.09608697891235352,-9.1471634738718,-6.045214743795447,4.205396457186938,0,70,100,0.10022306442260742,-0.016492944210767746,0.023428156971931458,-0.01605740189552307,0.9994605183601379,,,,,,,,0,0
1754554353.145583,0,leader,auto,0.12788477540016174,0.9282830357551575,0.23624911904335022,0,1,0,-0.12788477540016174,0.07171696424484253,-0.23624911904335022,0,0,0,0,0,100,0,-0.016492944210767746,0.023428156971931458,-0.01605740189552307,0.9994605183601379,1.0,-0.18208954218330997,0.1904904444238975,-0.11632430967433205,0.21892954649181673,0.8330378135432087,0.29441127388051624,0,0
1754554353.2458658,1,follower,auto,0.06185586377978325,0.9582110047340393,1.0960869789123535,0.0,1.0,1.0,-0.06185586377978325,0.04178899526596069,-0.09608697891235352,0,0,0,0,70,100,0,-0.016492944210767746,0.023428156971931458,-0.01605740189552307,0.9994605183601379,1.0,-0.05891017750471039,0.10981769732183155,-0.2554942844214281,0.09131095253213845,0.9033021560731236,1.2238341211230677,0,0
1754554353.2462425,0,follower,auto,0.127132385969162,0.9311848282814026,0.23527471721172333,0,1,0,-0.127132385969162,0.06881517171859741,-0.23527471721172333,-19.988257872100533,-12.026963150987596,6.520966637458342,0,80,100,0.00011301040649414062,-0.01553717814385891,0.02542167156934738,-0.016230881214141846,0.9994242787361145,,,,,,,,0,0
1754554353.3466067,1,follower,auto,0.07721732556819916,0.9721424579620361,1.0837727785110474,0.0,1.0,1.0,-0.07721732556819916,0.027857542037963867,-0.08377277851104736,-8.121848689111308,-7.0600187305010715,2.1790105568383935,0,70,100,0.10027790069580078,-0.01553717814385891,0.02542167156934738,-0.016230881214141846,0.9994242787361145,,,,,,,,0,0
1754554353.4524055,0,leader,auto,0.127132385969162,0.9311848282814026,0.23527471721172333,0,1,0,-0.127132385969162,0.06881517171859741,-0.23527471721172333,0,0,0,0,0,100,0,-0.01553717814385891,0.02542167156934738,-0.016230881214141846,0.9994242787361145,1.0,-0.18039832979538728,0.2100038326544923,-0.10978405821765597,0.21733155086685563,0.8261829119541564,0.2901667463205513,0,0
1754554353.552685,1,follower,auto,0.07721732556819916,0.9721424579620361,1.0837727785110474,0.0,1.0,1.0,-0.07721732556819916,0.027857542037963867,-0.08377277851104736,0,0,0,0,80,100,0,-0.01553717814385891,0.02542167156934738,-0.016230881214141846,0.9994242787361145,1.0,-0.05216517458413747,0.11560641732952581,-0.2254095229945985,0.10329991286026789,0.9143392492972733,1.1964775400083467,0,0
1754554353.5530574,0,follower,auto,0.12979400157928467,0.9328668713569641,0.23613381385803223,0,1,0,-0.12979400157928467,0.06713312864303589,-0.23613381385803223,-19.98217684240218,-12.032209546711913,6.505064233936649,0,80,100,0.00011491775512695312,-0.013377928175032139,0.026379339396953583,-0.013690575957298279,0.9994688034057617,,,,,,,,0,0
1754554353.6533594,1,follower,auto,0.09324979037046432,0.9807626605033875,1.0779873132705688,0.0,1.0,1.0,-0.09324979037046432,0.01923733949661255,-0.07798731327056885,-7.094124557552408,-9.072400155466717,1.1456196724478842,0,80,100,0.1002345085144043,-0.013377928175032139,0.026379339396953583,-0.013690575957298279,0.9994688034057617,,,,,,,,0,0
1754554353.7592146,0,leader,auto,0.12979400157928467,0.9328668713569641,0.23613381385803223,0,1,0,-0.12979400157928467,0.06713312864303589,-0.23613381385803223,0,0,0,0,0,100,0,-0.013377928175032139,0.026379339396953583,-0.013690575957298279,0.9994688034057617,1.0,-0.17553779862561403,0.22382876690539222,-0.10351651657360456,0.21756290089209168,0.820952487904268,0.2878920721448345,0,0
1754554353.8595724,1,follower,auto,0.09324979037046432,0.9807626605033875,1.0779873132705688,0.0,1.0,1.0,-0.09324979037046432,0.01923733949661255,-0.07798731327056885,0,0,0,0,80,100,0,-0.013377928175032139,0.026379339396953583,-0.013690575957298279,0.9994688034057617,1.0,-0.051530126619613204,0.11321892612277196,-0.1902387510675725,0.11901485368027093,0.9241531974420014,1.173106688804355,0,0
1754554353.8599484,0,follower,auto,0.13759325444698334,0.9331158399581909,0.2366418093442917,0,1,0,-0.13759325444698334,0.06688416004180908,-0.2366418093442917,-19.976878497037518,-13.053861867441794,6.5049890210621895,0,80,100,0.00011873245239257812,-0.020121179521083832,0.021152159199118614,-0.0059013464488089085,0.9995564222335815,,,,,,,,0,0
1754554353.9603045,1,follower,auto,0.10755975544452667,0.9788516163825989,1.0818700790405273,0.0,1.0,1.0,-0.10755975544452667,0.021148383617401123,-0.08187007904052734,-8.0390312057667,-10.07037975856719,2.0917749535770547,0,80,100,0.10029077529907227,-0.020121179521083832,0.021152159199118614,-0.0059013464488089085,0.9995564222335815,,,,,,,,0,0
1754554354.0753274,0,leader,auto,0.13759325444698334,0.9331158399581909,0.2366418093442917,0,1,0,-0.13759325444698334,0.06688416004180908,-0.2366418093442917,0,0,0,0,0,100,0,-0.020121179521083832,0.021152159199118614,-0.0059013464488089085,0.9995564222335815,1.0,-0.16771445942607033,0.23362232271553207,-0.0999927549854126,0.2214504841600185,0.8163046786004249,0.286638186836998,0,0
1754554354.175685,1,follower,auto,0.10755975544452667,0.9788516163825989,1.0818700790405273,0.0,1.0,1.0,-0.10755975544452667,0.021148383617401123,-0.08187007904052734,0,0,0,0,80,100,0,-0.020121179521083832,0.021152159199118614,-0.0059013464488089085,0.9995564222335815,1.0,-0.05840039365764768,0.10066273358621358,-0.15081404119134012,0.13675995227335053,0.9285202495894921,1.1572770996361974,0,0
1754554354.1760113,0,follower,auto,0.14672614634037018,0.9338461756706238,0.23643828928470612,0,1,0,-0.14672614634037018,0.06615382432937622,-0.23643828928470612,-19.9800387314061,-14.06707913877191,6.510539496552746,0,80,100,9.870529174804688e-05,-0.01864403299987316,0.01917441561818123,-0.009823932312428951,0.9995940923690796,,,,,,,,0,0
1754554354.2763915,1,follower,auto,0.11677870899438858,0.9743872880935669,1.086986780166626,0.0,1.0,1.0,-0.11677870899438858,0.025612711906433105,-0.08698678016662598,-8.009051410613448,-11.04727109989243,2.0678543353596726,0,80,100,0.10032296180725098,-0.01864403299987316,0.01917441561818123,-0.009823932312428951,0.9995940923690796,,,,,,,,0,0
1754554354.3914268,0,leader,auto,0.14672614634037018,0.9338461756706238,0.23643828928470612,0,1,0,-0.14672614634037018,0.06615382432937622,-0.23643828928470612,0,0,0,0,0,100,0,-0.01864403299987316,0.01917441561818123,-0.009823932312428951,0.9995940923690796,1.0,-0.1637830005082272,0.24262378363875836,-0.09844788590924503,0.22861764659448378,0.8125342838512446,0.28566223223932863,0,0
1754554354.4917452,1,follower,auto,0.11677870899438858,0.9743872880935669,1.086986780166626,0.0,1.0,1.0,-0.11677870899438858,0.025612711906433105,-0.08698678016662598,0,0,0,0,80,100,0,-0.01864403299987316,0.01917441561818123,-0.009823932312428951,0.9995940923690796,1.0,-0.07290889090339722,0.09282399300442268,-0.12140254296726716,0.1532331544460872,0.9279752915913555,1.1476880516502597,0,0
1754554354.492101,0,follower,auto,0.15493138134479523,0.9342804551124573,0.23901918530464172,0,1,0,-0.15493138134479523,0.06571954488754272,-0.23901918530464172,-19.985041994187227,-15.072006040965384,6.501157905939758,0,80,100,0.00011491775512695312,-0.01103530079126358,0.019315091893076897,-0.009741764515638351,0.9997051954269409,,,,,,,,0,0
1754554354.5923965,1,follower,auto,0.11691329628229141,0.9644321203231812,1.0922434329986572,0.0,1.0,1.0,-0.11691329628229141,0.03556787967681885,-0.09224343299865723,-8.97169731743872,-10.997326284261696,3.059442538455707,0,80,100,0.10022830963134766,-0.01103530079126358,0.019315091893076897,-0.009741764515638351,0.9997051954269409,,,,,,,,0,0
1754554354.6957595,0,leader,auto,0.15493138134479523,0.9342804551124573,0.23901918530464172,0,1,0,-0.15493138134479523,0.06571954488754272,-0.23901918530464172,0,0,0,0,0,100,0,-0.01103530079126358,0.019315091893076897,-0.009741764515638351,0.9997051954269409,1.0,-0.1653471970414634,0.2498248317064652,-0.09451022277454563,0.23760497986552692,0.8093680392592246,0.2862742966919145,0,0
1754554354.7962756,1,follower,auto,0.11691329628229141,0.9644321203231812,1.0922434329986572,0.0,1.0,1.0,-0.11691329628229141,0.03556787967681885,-0.09224343299865723,0,0,0,0,70,100,0,-0.01103530079126358,0.019315091893076897,-0.009741764515638351,0.9997051954269409,1.0,-0.09519115452488569,0.08492515513247734,-0.10012651847694909,0.16450887354473426,0.9219695427569425,1.1423066922371317,0,0
1754554354.7973013,0,follower,auto,0.16153226792812347,0.9329264760017395,0.2447664886713028,0,1,0,-0.16153226792812347,0.0670735239982605,-0.2447664886713028,-19.98043559024721,-16.070754033224244,6.4873325038801255,0,80,100,0.00033736228942871094,-0.01974225416779518,0.022990891709923744,-0.011293670162558556,0.999476969242096,,,,,,,,0,0
1754554354.897892,1,follower,auto,0.11441268026828766,0.9576224684715271,1.1026067733764648,0.0,1.0,1.0,-0.11441268026828766,0.0423775315284729,-0.10260677337646484,-9.97229895319861,-10.967266800735041,4.0331829257117455,0,70,100,0.10037398338317871,-0.01974225416779518,0.022990891709923744,-0.011293670162558556,0.999476969242096,,,,,,,,0,0
1754554355.0542076,0,leader,auto,0.16153226792812347,0.9329264760017395,0.2447664886713028,0,1,0,-0.16153226792812347,0.0670735239982605,-0.2447664886713028,0,0,0,0,0,100,0,-0.01974225416779518,0.022990891709923744,-0.011293670162558556,0.999476969242096,1.0,-0.1712313459772412,0.25413440096250206,-0.08926042617219199,0.24714794091674408,0.8058592755204885,0.2893967017573988,0,0
1754554355.154541,1,follower,auto,0.11441268026828766,0.9576224684715271,1.1026067733764648,0.0,1.0,1.0,-0.11441268026828766,0.0423775315284729,-0.10260677337646484,0,0,0,0,70,100,0,-0.01974225416779518,0.022990891709923744,-0.011293670162558556,0.999476969242096,1.0,-0.11330143510505619,0.08714818857340156,-0.08043240493108272,0.17106339782081575,0.9140483741848263,1.142822975842006,0,0
1754554355.154877,0,follower,auto,0.16502617299556732,0.9288457036018372,0.2507844567298889,0,1,0,-0.16502617299556732,0.07115429639816284,-0.2507844567298889,-19.96738762268421,-16.058939717381136,7.480418094362337,0,80,100,0.00011229515075683594,-0.01583334058523178,0.025041811168193817,-0.011149569414556026,0.9994989037513733,,,,,,,,0,0
1754554355.2552416,1,follower,auto,0.11249178647994995,0.9522608518600464,1.107292890548706,0.0,1.0,1.0,-0.11249178647994995,0.04773914813995361,-0.10729289054870605,-9.978774706501728,-10.959073180178894,4.05077937654575,0,70,100,0.10030078887939453,-0.01583334058523178,0.025041811168193817,-0.011149569414556026,0.9994989037513733,,,,,,,,0,0
1754554355.362965,0,leader,auto,0.16502617299556732,0.9288457036018372,0.2507844567298889,0,1,0,-0.16502617299556732,0.07115429639816284,-0.2507844567298889,0,0,0,0,0,100,0,-0.01583334058523178,0.025041811168193817,-0.011149569414556026,0.9994989037513733,1.0,-0.1813649617758319,0.25575341982420785,-0.08660396585091684,0.2557086538834833,0.8009689936897333,0.2940864396553473,0,0
1754554355.4633937,1,follower,auto,0.11249178647994995,0.9522608518600464,1.107292890548706,0.0,1.0,1.0,-0.11249178647994995,0.04773914813995361,-0.10729289054870605,0,0,0,0,70,100,0,-0.01583334058523178,0.025041811168193817,-0.011149569414556026,0.9994989037513733,1.0,-0.1248130195128565,0.09357966628709757,-0.07466548594425193,0.1748982962363782,0.9054710187164976,1.144625633520832,0,0
1754554355.4641848,0,follower,auto,0.166625514626503,0.9270349740982056,0.2517847716808319,0,1,0,-0.166625514626503,0.07296502590179443,-0.2517847716808319,-19.973789019015424,-16.0505002946165,7.500051092018341,0,80,100,0.0002033710479736328,-0.01330266147851944,0.026249492540955544,-0.01233218889683485,0.9994909167289734,,,,,,,,0,0
1754554355.5646193,1,follower,auto,0.10736329108476639,0.9487631916999817,1.1089489459991455,0.0,1.0,1.0,-0.10736329108476639,0.05123680830001831,-0.10894894599914551,-9.987764443152834,-9.940081128841667,5.068151393568278,0,70,100,0.1002969741821289,-0.01330266147851944,0.026249492540955544,-0.01233218889683485,0.9994909167289734,,,,,,,,0,0
1754554355.667377,0,leader,auto,0.166625514626503,0.9270349740982056,0.2517847716808319,0,1,0,-0.166625514626503,0.07296502590179443,-0.2517847716808319,0,0,0,0,0,100,0,-0.01330266147851944,0.026249492540955544,-0.01233218889683485,0.9994909167289734,1.0,-0.1916897255047083,0.26089762038632114,-0.09171152928272053,0.26247037737885714,0.796586163905045,0.2976405363221922,0,0
1754554355.767737,1,follower,auto,0.10736329108476639,0.9487631916999817,1.1089489459991455,0.0,1.0,1.0,-0.10736329108476639,0.05123680830001831,-0.10894894599914551,0,0,0,0,70,100,0,-0.01330266147851944,0.026249492540955544,-0.01233218889683485,0.9994909167289734,1.0,-0.13599857513788147,0.10208755966176652,-0.0736362835330866,0.17536257865370714,0.8977194118690984,1.1457670877656887,0,0
1754554355.7680879,0,follower,auto,0.1674462854862213,0.9308430552482605,0.2503460645675659,0,1,0,-0.1674462854862213,0.0691569447517395,-0.2503460645675659,-20,-16.046708292231166,6.514991803440349,0,80,100,0.00011229515075683594,-0.012010608799755573,0.026537610217928886,-0.008955609053373337,0.9995356202125549,,,,,,,,0,0
1754554355.8683412,1,follower,auto,0.10281600803136826,0.9437187910079956,1.1057184934616089,0.0,1.0,1.0,-0.10281600803136826,0.056281208992004395,-0.10571849346160889,-9.97895721232703,-9.934814783592829,5.0950794127690076,0,70,100,0.10019230842590332,-0.012010608799755573,0.026537610217928886,-0.008955609053373337,0.9995356202125549,,,,,,,,0,0
1754554355.9745364,0,leader,auto,0.1674462854862213,0.9308430552482605,0.2503460645675659,0,1,0,-0.1674462854862213,0.0691569447517395,-0.2503460645675659,0,0,0,0,0,100,0,-0.012010608799755573,0.026537610217928886,-0.008955609053373337,0.9995356202125549,1.0,-0.20026289764965077,0.27079948691303735,-0.09778457710505928,0.2675777343110467,0.7954433117917419,0.29923835312009556,0,0
1754554356.0748172,1,follower,auto,0.10281600803136826,0.9437187910079956,1.1057184934616089,0.0,1.0,1.0,-0.10281600803136826,0.056281208992004395,-0.10571849346160889,0,0,0,0,70,100,0,-0.012010608799755573,0.026537610217928886,-0.008955609053373337,0.9995356202125549,1.0,-0.1414303214777985,0.10763640108400874,-0.07792180186173203,0.1735311687702675,0.8899005904659912,1.144679394392475,0,0
1754554356.0751522,0,follower,auto,0.16806155443191528,0.9383359551429749,0.24783751368522644,0,1,0,-0.16806155443191528,0.061664044857025146,-0.24783751368522644,-20,-16.046835217167498,6.519659613213807,0,80,100,0.00010919570922851562,-0.008530443534255028,0.024076739326119423,-0.012058899737894535,0.9996010661125183,,,,,,,,0,0
1754554356.1755145,1,follower,auto,0.09827480465173721,0.9417222142219543,1.0954928398132324,0.0,1.0,1.0,-0.09827480465173721,0.058277785778045654,-0.09549283981323242,-8.98501566420737,-8.931132780957165,5.136845410678007,0,70,100,0.1002950668334961,-0.008530443534255028,0.024076739326119423,-0.012058899737894535,0.9996010661125183,,,,,,,,0,0
1754554356.2808964,0,leader,auto,0.16806155443191528,0.9383359551429749,0.24783751368522644,0,1,0,-0.16806155443191528,0.061664044857025146,-0.24783751368522644,0,0,0,0,0,100,0,-0.008530443534255028,0.024076739326119423,-0.012058899737894535,0.9996010661125183,1.0,-0.20678329109290194,0.2804792748371422,-0.10156101619138835,0.27145319997836626,0.7980963177244038,0.2986180217809206,0,0
1754554356.381168,1,follower,auto,0.09827480465173721,0.9417222142219543,1.0954928398132324,0.0,1.0,1.0,-0.09827480465173721,0.058277785778045654,-0.09549283981323242,0,0,0,0,70,100,0,-0.008530443534255028,0.024076739326119423,-0.012058899737894535,0.9996010661125183,1.0,-0.14417480725413684,0.11590305483752117,-0.08670031541934242,0.17036220827880563,0.8837706868031938,1.1388429975229037,0,0
1754554356.3815072,0,follower,auto,0.16877877712249756,0.9452524781227112,0.24520084261894226,0,1,0,-0.16877877712249756,0.05474752187728882,-0.24520084261894226,-20,-16.046845743891467,5.518159091663918,0,80,100,0.00011038780212402344,-0.005548627581447363,0.024137843400239944,-0.009895436465740204,0.9996442794799805,,,,,,,,0,0
1754554356.481804,1,follower,auto,0.09820467978715897,0.9450540542602539,1.084809422492981,0.0,1.0,1.0,-0.09820467978715897,0.054945945739746094,-0.08480942249298096,-8.00876984647138,-8.94926246641515,5.154736786727076,0,70,100,0.10023093223571777,-0.005548627581447363,0.024137843400239944,-0.009895436465740204,0.9996442794799805,,,,,,,,0,0
1754554356.5888298,0,leader,auto,0.16877877712249756,0.9452524781227112,0.24520084261894226,0,1,0,-0.16877877712249756,0.05474752187728882,-0.24520084261894226,0,0,0,0,0,100,0,-0.005548627581447363,0.024137843400239944,-0.009895436465740204,0.9996442794799805,1.0,-0.2115135389103036,0.28510924264561666,-0.10298774439831421,0.27453554657764934,0.8026978567999028,0.2966947148180994,0,0
1754554356.6891496,1,follower,auto,0.09820467978715897,0.9450540542602539,1.084809422492981,0.0,1.0,1.0,-0.09820467978715897,0.054945945739746094,-0.08480942249298096,0,0,0,0,70,100,0,-0.005548627581447363,0.024137843400239944,-0.009895436465740204,0.9996442794799805,1.0,-0.1399148679004208,0.12623660036419904,-0.09061515920134688,0.16816211373736936,0.8819357540781544,1.1301170020936544,0,0
1754554356.6895416,0,follower,auto,0.17120248079299927,0.9515536427497864,0.24548329412937164,0,1,0,-0.17120248079299927,0.04844635725021362,-0.24548329412937164,-20,-17.052425613205692,4.502977191863227,0,80,100,0.0001220703125,-0.01167475525289774,0.023007946088910103,-0.00767869595438242,0.9996376633644104,,,,,,,,0,0
1754554356.789815,1,follower,auto,0.10304302722215652,0.9492930173873901,1.0785588026046753,0.0,1.0,1.0,-0.10304302722215652,0.05070698261260986,-0.07855880260467529,-7.019113940153191,-9.97690746452939,5.143957878841151,0,70,100,0.10019969940185547,-0.01167475525289774,0.023007946088910103,-0.00767869595438242,0.9996376633644104,,,,,,,,0,0
1754554356.8961432,0,leader,auto,0.17120248079299927,0.9515536427497864,0.24548329412937164,0,1,0,-0.17120248079299927,0.04844635725021362,-0.24548329412937164,0,0,0,0,0,100,0,-0.01167475525289774,0.023007946088910103,-0.00767869595438242,0.9996376633644104,1.0,-0.21341307985925517,0.2868512212119997,-0.09909100290884554,0.27790902072262685,0.8081280321437865,0.2950287955837944,0,0
1754554356.9964795,1,follower,auto,0.10304302722215652,0.9492930173873901,1.0785588026046753,0.0,1.0,1.0,-0.10304302722215652,0.05070698261260986,-0.07855880260467529,0,0,0,0,70,100,0,-0.01167475525289774,0.023007946088910103,-0.00767869595438242,0.9996376633644104,1.0,-0.13203164763737268,0.13148270403735207,-0.08695145930303583,0.16905885104084287,0.8835516653687141,1.122034532256193,0,0
1754554356.997056,0,follower,auto,0.16997408866882324,0.9472583532333374,0.2519300580024719,0,1,0,-0.16997408866882324,0.0527416467666626,-0.2519300580024719,-19.993258011920954,-16.033939605564196,5.4665233345203905,0,80,100,0.0002090930938720703,-0.009193049743771553,0.02303963340818882,-0.003563174745067954,0.9996860027313232,,,,,,,,0,0
1754554357.0974517,1,follower,auto,0.11057430505752563,0.947596549987793,1.0730303525924683,0.0,1.0,1.0,-0.11057430505752563,0.05240345001220703,-0.07303035259246826,-6.999218849585554,-11.00133243774334,5.143700268475172,0,70,100,0.10027241706848145,-0.009193049743771553,0.02303963340818882,-0.003563174745067954,0.9996860027313232,,,,,,,,0,0
1754554357.2036383,0,leader,auto,0.16997408866882324,0.9472583532333374,0.2519300580024719,0,1,0,-0.16997408866882324,0.0527416467666626,-0.2519300580024719,0,0,0,0,0,100,0,-0.009193049743771553,0.02303963340818882,-0.003563174745067954,0.9996860027313232,1.0,-0.2201284561514666,0.27704617086682704,-0.08854492678968429,0.28003831674455654,0.8087352677999239,0.29620252139731407,0,0
1754554357.3040721,1,follower,auto,0.11057430505752563,0.947596549987793,1.0730303525924683,0.0,1.0,1.0,-0.11057430505752563,0.05240345001220703,-0.07303035259246826,0,0,0,0,70,100,0,-0.009193049743771553,0.02303963340818882,-0.003563174745067954,0.9996860027313232,1.0,-0.12613179923539036,0.12598565000473383,-0.08345479520541033,0.17364020467522082,0.884603724985426,1.1147577501951735,0,0
1754554357.3050935,0,follower,auto,0.16492441296577454,0.9410254955291748,0.25875693559646606,0,1,0,-0.16492441296577454,0.058974504470825195,-0.25875693559646606,-19.973964594776543,-16.00590791035006,5.450359390120902,0,80,100,0.0002777576446533203,-0.007209328934550285,0.021771704778075218,-0.008071623742580414,0.9997044205665588,,,,,,,,0,0
1754554357.405728,1,follower,auto,0.11888003349304199,0.937518298625946,1.070212483406067,0.0,1.0,1.0,-0.11888003349304199,0.062481701374053955,-0.0702124834060669,-6.95527180559817,-11.018349124118565,6.135869855465876,0,70,100,0.10043215751647949,-0.007209328934550285,0.021771704778075218,-0.008071623742580414,0.9997044205665588,,,,,,,,0,0
1754554357.5095978,0,leader,auto,0.16492441296577454,0.9410254955291748,0.25875693559646606,0,1,0,-0.16492441296577454,0.058974504470825195,-0.25875693559646606,0,0,0,0,0,100,0,-0.007209328934550285,0.021771704778075218,-0.008071623742580414,0.9997044205665588,1.0,-0.2279323755514065,0.27080610355777013,-0.08216015346845229,0.27889060074147776,0.8056224437502897,0.2998370123306922,0,0
1754554357.7099369,1,follower,auto,0.11888003349304199,0.937518298625946,1.070212483406067,0.0,1.0,1.0,-0.11888003349304199,0.062481701374053955,-0.0702124834060669,0,0,0,0,70,100,0,-0.007209328934550285,0.021771704778075218,-0.008071623742580414,0.9997044205665588,1.0,-0.12457953092551799,0.11303556237542911,-0.07829774693488867,0.181169798955801,0.8810005174382315,1.1093613568735112,0,0
1754554357.7102811,0,follower,auto,0.15542937815189362,0.9336934089660645,0.26599451899528503,0,1,0,-0.15542937815189362,0.06630659103393555,-0.26599451899528503,-19.966572626523707,-14.970166734839408,6.4427635389391185,0,80,100,0.00011014938354492188,-0.007462427951395512,0.020309366285800934,-0.004185028374195099,0.9997572302818298,,,,,,,,0,0
1754554357.8106072,1,follower,auto,0.12782688438892365,0.92401123046875,1.0728538036346436,0.0,1.0,1.0,-0.12782688438892365,0.07598876953125,-0.07285380363464355,-6.92467384376342,-12.034808003045582,7.111613839501854,0,70,100,0.10025858879089355,-0.007462427951395512,0.020309366285800934,-0.004185028374195099,0.9997572302818298,,,,,,,,0,0
1754554358.1792948,0,leader,auto,0.15542937815189362,0.9336934089660645,0.26599451899528503,0,1,0,-0.15542937815189362,0.06630659103393555,-0.26599451899528503,0,0,0,0,0,100,0,-0.007462427951395512,0.020309366285800934,-0.004185028374195099,0.9997572302818298,1.0,-0.23633033598396025,0.2676043783900266,-0.07825620965034075,0.27359454614387374,0.7998912197710512,0.3051226238204554,0,0
1754554358.2797747,1,follower,auto,0.12782688438892365,0.92401123046875,1.0728538036346436,0.0,1.0,1.0,-0.12782688438892365,0.07598876953125,-0.07285380363464355,0,0,0,0,70,100,0,-0.007462427951395512,0.020309366285800934,-0.004185028374195099,0.9997572302818298,1.0,-0.12546005626954881,0.10217448420474573,-0.07091506095467315,0.19055691252369805,0.8729239883663771,1.1083113341119801,0,0
1754554358.280112,0,follower,auto,0.1429625004529953,0.9312777519226074,0.2804117202758789,0,1,0,-0.1429625004529953,0.06872224807739258,-0.2804117202758789,-19.99169269326107,-13.938993926043787,6.404927462870586,0,80,100,0.00010538101196289062,-0.008340024389326572,0.020490344613790512,-0.0022902197670191526,0.9997527003288269,,,,,,,,0,0
1754554358.3803973,1,follower,auto,0.13417376577854156,0.9085953235626221,1.0768872499465942,0.0,1.0,1.0,-0.13417376577854156,0.09140467643737793,-0.07688724994659424,-6.900788679236814,-13.036794510822732,9.103893030773019,0,70,100,0.10022139549255371,-0.008340024389326572,0.020490344613790512,-0.0022902197670191526,0.9997527003288269,,,,,,,,0,0
1754554358.511156,0,leader,auto,0.1429625004529953,0.9312777519226074,0.2804117202758789,0,1,0,-0.1429625004529953,0.06872224807739258,-0.2804117202758789,0,0,0,0,0,100,0,-0.008340024389326572,0.020490344613790512,-0.0022902197670191526,0.9997527003288269,1.0,-0.24192820230121675,0.27215421146502994,-0.07008944872292533,0.2639266016036037,0.7952006461900925,0.31545644463734157,0,0
1754554358.6115665,1,follower,auto,0.13417376577854156,0.9085953235626221,1.0768872499465942,0.0,1.0,1.0,-0.13417376577854156,0.09140467643737793,-0.07688724994659424,0,0,0,0,70,100,0,-0.008340024389326572,0.020490344613790512,-0.0022902197670191526,0.9997527003288269,1.0,-0.13175289251200512,0.09460756631990341,-0.06797915145386613,0.20005021203454412,0.8612915404026704,1.1108768256735273,0,0
1754554358.6122274,0,follower,auto,0.13966013491153717,0.9311832189559937,0.2881324291229248,0,1,0,-0.13966013491153717,0.06881678104400635,-0.2881324291229248,-20,-12.968223666308964,6.415485447208496,0,80,100,0.0002162456512451172,-0.0009112255065701902,0.021766923367977142,-0.0010688778711482882,0.9997621774673462,,,,,,,,0,0
1754554358.7127352,1,follower,auto,0.13636447489261627,0.9011382460594177,1.0711320638656616,0.0,1.0,1.0,-0.13636447489261627,0.09886175394058228,-0.07113206386566162,-6.924972731624438,-13.019843907755982,9.148905505266908,0,70,100,0.10036826133728027,-0.0009112255065701902,0.021766923367977142,-0.0010688778711482882,0.9997621774673462,,,,,,,,0,0
1754554358.818519,0,leader,auto,0.13966013491153717,0.9311832189559937,0.2881324291229248,0,1,0,-0.13966013491153717,0.06881678104400635,-0.2881324291229248,0,0,0,0,0,100,0,-0.0009112255065701902,0.021766923367977142,-0.0010688778711482882,0.9997621774673462,1.0,-0.2325666430673634,0.2776911499700838,-0.07420122674503143,0.2559434564452189,0.7923376439709517,0.3252330424954405,0,0
1754554358.9195404,1,follower,auto,0.13636447489261627,0.9011382460594177,1.0711320638656616,0.0,1.0,1.0,-0.13636447489261627,0.09886175394058228,-0.07113206386566162,0,0,0,0,70,100,0,-0.0009112255065701902,0.021766923367977142,-0.0010688778711482882,0.9997621774673462,1.0,-0.14286957494375885,0.09906119581724937,-0.08064518152534839,0.2077992623644957,0.851607648150793,1.1114546546283357,0,0
1754554358.9205868,0,follower,auto,0.1400538682937622,0.9315333366394043,0.2929719388484955,0,1,0,-0.1400538682937622,0.0684666633605957,-0.2929719388484955,-20,-13.995214785086704,6.431502640712384,0,80,100,0.00033545494079589844,-0.0028162174858152866,0.020395180210471153,0.0006718984805047512,0.9997878670692444,,,,,,,,0,0
1754554359.0217009,1,follower,auto,0.1339084953069687,0.9068852066993713,1.0731767416000366,0.0,1.0,1.0,-0.1339084953069687,0.09311479330062866,-0.07317674160003662,-6.9922482713325005,-12.992544053078404,9.128901057698465,0,70,100,0.1004786491394043,-0.0028162174858152866,0.020395180210471153,0.0006718984805047512,0.9997878670692444,,,,,,,,0,0
1754554359.1879697,0,leader,auto,0.1400538682937622,0.9315333366394043,0.2929719388484955,0,1,0,-0.1400538682937622,0.0684666633605957,-0.2929719388484955,0,0,0,0,0,100,0,-0.0028162174858152866,0.020395180210471153,0.0006718984805047512,0.9997878670692444,1.0,-0.2208783231783471,0.2814658893747293,-0.08035971445261597,0.25049302988293576,0.7908003919520397,0.3331517960748035,0,0
1754554359.2883031,1,follower,auto,0.1339084953069687,0.9068852066993713,1.0731767416000366,0.0,1.0,1.0,-0.1339084953069687,0.09311479330062866,-0.07317674160003662,0,0,0,0,70,100,0,-0.0028162174858152866,0.020395180210471153,0.0006718984805047512,0.9997878670692444,1.0,-0.15609357852105088,0.11448273773349726,-0.08268207554427431,0.21195528456749413,0.8496438378326228,1.1145177793721737,0,0
1754554359.2897654,0,follower,auto,0.14440874755382538,0.9334624409675598,0.296617329120636,0,1,0,-0.14440874755382538,0.06653755903244019,-0.296617329120636,-20,30,6.446812521954811,0,80,100,0.0005655288696289062,-0.011507621966302395,0.022011931985616684,-0.0025387643836438656,0.9996883273124695,,,,,,,,0,0
1754554359.390626,1,follower,auto,0.12516629695892334,0.9185895323753357,1.0851327180862427,0.0,1.0,1.0,-0.12516629695892334,0.0814104676246643,-0.08513271808624268,-8.042345567472672,-11.950606679642412,8.075782847183387,0,70,100,0.10062026977539062,-0.011507621966302395,0.022011931985616684,-0.0025387643836438656,0.9996883273124695,,,,,,,,0,0
1754554359.5147996,0,leader,auto,0.14440874755382538,0.9334624409675598,0.296617329120636,0,1,0,-0.14440874755382538,0.06653755903244019,-0.296617329120636,0,0,0,0,0,100,0,-0.011507621966302395,0.022011931985616684,-0.0025387643836438656,0.9996883273124695,1.0,-0.2096067495186032,0.28522963346556585,-0.08543940038886771,0.24921212231312698,0.7908476242347768,0.3393370293150698,0,0
1754554359.6152382,1,follower,auto,0.12516629695892334,0.9185895323753357,1.0851327180862427,0.0,1.0,1.0,-0.12516629695892334,0.0814104676246643,-0.08513271808624268,0,0,0,0,70,100,0,-0.011507621966302395,0.022011931985616684,-0.0025387643836438656,0.9996883273124695,1.0,-0.17105779262869947,0.12712933035761964,-0.07713037957150548,0.21069519327327307,0.8550248671965259,1.1236979078719953,0,0
1754554359.6156611,0,follower,auto,0.15573464334011078,0.9316264390945435,0.2979713976383209,0,1,0,-0.15573464334011078,0.06837356090545654,-0.2979713976383209,-19.99136730618094,30,6.464184815746676,0,80,100,0.00016188621520996094,-0.008583512157201767,0.020794842392206192,-0.009158129803836346,0.9997050166130066,,,,,,,,0,0
1754554359.7160945,1,follower,auto,0.11472000181674957,0.9371201992034912,1.094239592552185,0.0,1.0,1.0,-0.11472000181674957,0.06287980079650879,-0.09423959255218506,-9.096505850532024,-10.92016242048866,6.068657834463549,0,70,100,0.10036540031433105,-0.008583512157201767,0.020794842392206192,-0.009158129803836346,0.9997050166130066,,,,,,,,0,0
1754554359.8809521,0,leader,auto,0.15573464334011078,0.9316264390945435,0.2979713976383209,0,1,0,-0.15573464334011078,0.06837356090545654,-0.2979713976383209,0,0,0,0,0,100,0,-0.008583512157201767,0.020794842392206192,-0.009158129803836346,0.9997050166130066,1.0,-0.19635476792784434,0.28338032496722276,-0.09073661960618318,0.25391202730403295,0.7899362766109321,0.3433397074414125,0,0
1754554359.981389,1,follower,auto,0.11472000181674957,0.9371201992034912,1.094239592552185,0.0,1.0,1.0,-0.11472000181674957,0.06287980079650879,-0.09423959255218506,0,0,0,0,70,100,0,-0.008583512157201767,0.020794842392206192,-0.009158129803836346,0.9997050166130066,1.0,-0.18022055767228562,0.13942226026431126,-0.0798802898825628,0.20483028065289238,0.8674090690713356,1.1341797374934663,0,0
1754554359.9818466,0,follower,auto,0.21832099556922913,0.9279884099960327,0.2957291603088379,0,1,0,-0.21832099556922913,0.07201159000396729,-0.2957291603088379,-19.965738846620365,30,7.488132890779415,0,80,100,0.00021409988403320312,-0.01040238793939352,0.023322146385908127,-0.007805463392287493,0.9996434450149536,,,,,,,,0,0
1754554360.08217,1,follower,auto,0.10443877428770065,0.9569559097290039,1.1003763675689697,0.0,1.0,1.0,-0.10443877428770065,0.043044090270996094,-0.10037636756896973,-10.128653362386933,-9.87192087322988,4.0753628459969855,0,70,100,0.1002652645111084,-0.01040238793939352,0.023322146385908127,-0.007805463392287493,0.9996434450149536,,,,,,,,0,0
1754554360.1893873,0,leader,auto,0.21832099556922913,0.9279884099960327,0.2957291603088379,0,1,0,-0.21832099556922913,0.07201159000396729,-0.2957291603088379,0,0,0,0,0,100,0,-0.01040238793939352,0.023322146385908127,-0.007805463392287493,0.9996434450149536,1.0,-0.13980038911028353,0.28080838805103203,-0.09709415650532277,0.28822119012437086,0.7875842159705166,0.34427623856149925,0,0
1754554360.2896545,1,follower,auto,0.10443877428770065,0.9569559097290039,1.1003763675689697,0.0,1.0,1.0,-0.10443877428770065,0.043044090270996094,-0.10037636756896973,0,0,0,0,70,100,0,-0.01040238793939352,0.023322146385908127,-0.007805463392287493,0.9996434450149536,1.0,-0.18294159596438253,0.14621071654704454,-0.0847023820299333,0.19590957226989192,0.8838505514554816,1.1427275585839363,0,0
1754554360.290293,0,follower,auto,0.311856746673584,0.9230743050575256,0.2977869212627411,0,1,0,-0.311856746673584,0.07692569494247437,-0.2977869212627411,-19.946012669134273,30,7.475275688385558,0,80,100,0.00019502639770507812,-0.0032714849803596735,0.02076910249888897,-0.008140363730490208,0.9997459053993225,,,,,,,,0,0
1754554360.3907235,1,follower,auto,0.09456418454647064,0.9702141284942627,1.1016451120376587,0.0,1.0,1.0,-0.09456418454647064,0.029785871505737305,-0.10164511203765869,-10.117350271640275,-8.810226247610204,2.0998017098724753,0,70,100,0.10033726692199707,-0.0032714849803596735,0.02076910249888897,-0.008140363730490208,0.9997459053993225,,,,,,,,0,0
1754554360.5111392,0,leader,auto,0.311856746673584,0.9230743050575256,0.2977869212627411,0,1,0,-0.311856746673584,0.07692569494247437,-0.2977869212627411,0,0,0,0,0,100,0,-0.0032714849803596735,0.02076910249888897,-0.008140363730490208,0.9997459053993225,1.0,-0.09078777358854673,0.27855549543598856,-0.09666446860691313,0.35725063346785735,0.7837965573395314,0.34611915556619766,0,0
1754554360.6119006,1,follower,auto,0.09456418454647064,0.9702141284942627,1.1016451120376587,0.0,1.0,1.0,-0.09456418454647064,0.029785871505737305,-0.10164511203765869,0,0,0,0,70,100,0,-0.0032714849803596735,0.02076910249888897,-0.008140363730490208,0.9997459053993225,1.0,-0.1809614864783352,0.1429213561322511,-0.0901276547556158,0.18504492778563825,0.8987534504281371,1.1467089394154666,0,0
1754554360.6131132,0,follower,auto,0.42759501934051514,0.9199368953704834,0.2999514937400818,0,1,0,-0.42759501934051514,0.0800631046295166,-0.2999514937400818,-19.94059507647995,30,8.469908041660664,0,80,100,0.0005109310150146484,-0.005895684473216534,0.019326763227581978,-0.0037741742562502623,0.999788761138916,,,,,,,,0,0
1754554360.7138891,1,follower,auto,0.08916731178760529,0.9841315150260925,1.101803183555603,0.0,1.0,1.0,-0.08916731178760529,0.01586848497390747,-0.10180318355560303,-10.123689708500521,-7.756457045346962,1.1128600730365488,0,80,100,0.10055947303771973,-0.005895684473216534,0.019326763227581978,-0.0037741742562502623,0.999788761138916,,,,,,,,0,0
1754554360.8235607,0,leader,auto,0.42759501934051514,0.9199368953704834,0.2999514937400818,0,1,0,-0.42759501934051514,0.0800631046295166,-0.2999514937400818,0,0,0,0,0,100,0,-0.005895684473216534,0.019326763227581978,-0.0037741742562502623,0.999788761138916,1.0,-0.05772380011390377,0.27965287236854675,-0.0970515760201725,0.456456919397467,0.78011045918621,0.348477281750168,0,0
1754554360.9240892,1,follower,auto,0.08916731178760529,0.9841315150260925,1.101803183555603,0.0,1.0,1.0,-0.08916731178760529,0.01586848497390747,-0.10180318355560303,0,0,0,0,80,100,0,-0.005895684473216534,0.019326763227581978,-0.0037741742562502623,0.999788761138916,1.0,-0.17163663694707365,0.14204869903380812,-0.08974182994618118,0.1749856302611421,0.9131071655091885,1.1466740985286936,0,0
1754554360.9244695,0,follower,auto,0.5540201663970947,0.9188674688339233,0.2962615489959717,0,1,0,-0.5540201663970947,0.08113253116607666,-0.2962615489959717,-19.947925036549105,30,8.494125687749587,0,80,100,0.00014853477478027344,-0.010028372518718243,0.020622719079256058,-0.008450422435998917,0.9997013211250305,,,,,,,,0,0
1754554361.0248744,1,follower,auto,0.08739710599184036,0.987729012966156,1.0995762348175049,0.0,1.0,1.0,-0.08739710599184036,0.012270987033843994,-0.09957623481750488,-9.081978298839752,-7.700445400378247,1.1255556992848508,0,80,100,0.10034298896789551,-0.010028372518718243,0.020622719079256058,-0.008450422435998917,0.9997013211250305,,,,,,,,0,0
1754554361.206791,0,leader,auto,0.5540201663970947,0.9188674688339233,0.2962615489959717,0,1,0,-0.5540201663970947,0.08113253116607666,-0.2962615489959717,0,0,0,0,0,100,0,-0.010028372518718243,0.020622719079256058,-0.008450422435998917,0.9997013211250305,1.0,-0.04646427297896061,0.28263443799598964,-0.10477594466850154,0.577252302886575,0.7775502498359286,0.3486495213302224,0,0
1754554361.3072672,1,follower,auto,0.08739710599184036,0.987729012966156,1.0995762348175049,0.0,1.0,1.0,-0.08739710599184036,0.012270987033843994,-0.09957623481750488,0,0,0,0,80,100,0,-0.010028372518718243,0.020622719079256058,-0.008450422435998917,0.9997013211250305,1.0,-0.15908943767739422,0.13147276266895425,-0.0867648697743102,0.1669418248305375,0.9219926316316789,1.1429586697046599,0,0
1754554361.307982,0,follower,auto,0.7250186204910278,0.9211767911911011,0.2943202555179596,0,1,0,-0.7250186204910278,0.07882320880889893,-0.2943202555179596,-19.970610036074977,30,7.487430959842027,0,80,100,0.00018644332885742188,-0.0020513019990175962,0.022485719993710518,-0.005586131941527128,0.9997295141220093,,,,,,,,0,0
1754554361.4083328,1,follower,auto,0.09018338471651077,0.9809463024139404,1.0870476961135864,0.0,1.0,1.0,-0.09018338471651077,0.01905369758605957,-0.08704769611358643,-8.019572734122523,-8.624927000165325,1.1792467514324125,0,80,100,0.10027217864990234,-0.0020513019990175962,0.022485719993710518,-0.005586131941527128,0.9997295141220093,,,,,,,,0,0
1754554361.5125942,0,leader,auto,0.7250186204910278,0.9211767911911011,0.2943202555179596,0,1,0,-0.7250186204910278,0.07882320880889893,-0.2943202555179596,0,0,0,0,0,100,0,-0.0020513019990175962,0.022485719993710518,-0.005586131941527128,0.9997295141220093,1.0,-0.013008703265608323,0.28766748408027865,-0.10804928728752256,0.731522972123832,0.7773430491509618,0.34834489916172084,0,0
1754554361.6130166,1,follower,auto,0.09018338471651077,0.9809463024139404,1.0870476961135864,0.0,1.0,1.0,-0.09018338471651077,0.01905369758605957,-0.08704769611358643,0,0,0,0,80,100,0,-0.0020513019990175962,0.022485719993710518,-0.005586131941527128,0.9997295141220093,1.0,-0.14482353828507985,0.11568347090626119,-0.09062999446927811,0.1625951538590507,0.9231045669608098,1.1323626933482256,0,0
1754554361.6139479,0,follower,auto,0.871690034866333,0.9165443778038025,0.30677223205566406,0,1,0,-0.871690034866333,0.08345562219619751,-0.30677223205566406,-19.951283141857346,30,8.41310764190597,0,80,100,0.00037384033203125,-0.0016306804027408361,0.02172248251736164,-0.004584692418575287,0.9997522830963135,,,,,,,,0,0
1754554361.71455,1,follower,auto,0.09258662909269333,0.9685481190681458,1.0765515565872192,0.0,1.0,1.0,-0.09258662909269333,0.03145188093185425,-0.07655155658721924,-6.974243182922914,-8.544380025404793,3.1986811560287456,0,80,100,0.10044646263122559,-0.0016306804027408361,0.02172248251736164,-0.004584692418575287,0.9997522830963135,,,,,,,,0,0
1754554361.8184521,0,leader,auto,0.871690034866333,0.9165443778038025,0.30677223205566406,0,1,0,-0.871690034866333,0.08345562219619751,-0.30677223205566406,0,0,0,0,0,100,0,-0.0016306804027408361,0.02172248251736164,-0.004584692418575287,0.9997522830963135,1.0,-0.03969734889896748,0.28307615752840243,-0.09521666943103191,0.8915387093158167,0.7750062990396013,0.35438056677118,0,0
1754554361.918815,1,follower,auto,0.09258662909269333,0.9685481190681458,1.0765515565872192,0.0,1.0,1.0,-0.09258662909269333,0.03145188093185425,-0.07655155658721924,0,0,0,0,70,100,0,-0.0016306804027408361,0.02172248251736164,-0.004584692418575287,0.9997522830963135,1.0,-0.13656090225762024,0.10209508200201989,-0.08536530477779403,0.16086708022150345,0.9175005780671358,1.1192342089761163,0,0
1754554361.9197857,0,follower,auto,1.0221660137176514,0.9116359949111938,0.3221340775489807,0,1,0,-1.0221660137176514,0.08836400508880615,-0.3221340775489807,-19.94900465395628,30,8.370327587238082,0,80,100,0.0005364418029785156,0.00082357571227476,0.024970438331365585,-0.003106263931840658,0.9996830821037292,,,,,,,,0,0
1754554362.020319,1,follower,auto,0.09599895775318146,0.9535122513771057,1.071259617805481,0.0,1.0,1.0,-0.09599895775318146,0.04648774862289429,-0.07125961780548096,-6.944887391026471,-8.462184167456062,4.190915443953704,0,70,100,0.10039949417114258,0.00082357571227476,0.024970438331365585,-0.003106263931840658,0.9996830821037292,,,,,,,,0,0
1754554362.1249418,0,leader,auto,1.0221660137176514,0.9116359949111938,0.3221340775489807,0,1,0,-1.0221660137176514,0.08836400508880615,-0.3221340775489807,0,0,0,0,0,100,0,0.00082357571227476,0.024970438331365585,-0.003106263931840658,0.9996830821037292,1.0,-0.06645829281670612,0.2806404768620234,-0.08763843232890822,1.0553951601260043,0.7713157564801821,0.3659532937134348,0,0
1754554362.225337,1,follower,auto,0.09599895775318146,0.9535122513771057,1.071259617805481,0.0,1.0,1.0,-0.09599895775318146,0.04648774862289429,-0.07125961780548096,0,0,0,0,70,100,0,0.00082357571227476,0.024970438331365585,-0.003106263931840658,0.9996830821037292,1.0,-0.13040561682695623,0.09249079064743526,-0.0747518690090061,0.16120176616665957,0.9072668560533881,1.108635552309984,0,0
1754554362.2258613,0,follower,auto,1.1791510581970215,0.9124662280082703,0.3416776955127716,0,1,0,-1.1791510581970215,0.08753377199172974,-0.3416776955127716,-19.97850782151991,-20,8.331587183270194,0,80,100,0.00016069412231445312,-0.0027579981833696365,0.023928863927721977,-0.004232355859130621,0.9997009038925171,,,,,,,,0,0
1754554362.326219,1,follower,auto,0.09802871197462082,0.9411633610725403,1.0707021951675415,0.0,1.0,1.0,-0.09802871197462082,0.05883663892745972,-0.0707021951675415,-6.941281431703464,-8.365216880307027,5.1770437057187655,0,70,100,0.1002652645111084,-0.0027579981833696365,0.023928863927721977,-0.004232355859130621,0.9997009038925171,,,,,,,,0,0
1754554362.4299717,0,leader,auto,1.1791510581970215,0.9124662280082703,0.3416776955127716,0,1,0,-1.1791510581970215,0.08753377199172974,-0.3416776955127716,0,0,0,0,0,100,0,-0.0027579981833696365,0.023928863927721977,-0.004232355859130621,0.9997009038925171,1.0,-0.08867761865035417,0.2854654237921336,-0.08190317863158658,1.2234898675221986,0.7697335161122034,0.3826292848285649,0,0
1754554362.5302408,1,follower,auto,0.09802871197462082,0.9411633610725403,1.0707021951675415,0.0,1.0,1.0,-0.09802871197462082,0.05883663892745972,-0.0707021951675415,0,0,0,0,70,100,0,-0.0027579981833696365,0.023928863927721977,-0.004232355859130621,0.9997009038925171,1.0,-0.12804433954024214,0.09084615440232358,-0.06366891959413667,0.1620508817447419,0.8957402838713785,1.1025366549646098,0,0
1754554362.5305977,0,follower,auto,1.327365517616272,0.915348470211029,0.36761173605918884,0,1,0,-1.327365517616272,0.08465152978897095,-0.36761173605918884,-20,-20,8.279895875988405,0,80,100,0.00011110305786132812,-0.0009982595220208168,0.023378446698188782,-0.005933277774602175,0.9997086524963379,,,,,,,,0,0
1754554362.6309514,1,follower,auto,0.09869071841239929,0.9283075928688049,1.0685569047927856,0.0,1.0,1.0,-0.09869071841239929,0.07169240713119507,-0.06855690479278564,-5.9310001926984475,-8.269742633928487,7.192780639987305,0,70,100,0.10028409957885742,-0.0009982595220208168,0.023378446698188782,-0.005933277774602175,0.9997086524963379,,,,,,,,0,0
1754554362.7371087,0,leader,auto,1.327365517616272,0.915348470211029,0.36761173605918884,0,1,0,-1.327365517616272,0.08465152978897095,-0.36761173605918884,0,0,0,0,0,100,0,-0.0009982595220208168,0.023378446698188782,-0.005933277774602175,0.9997086524963379,1.0,-0.12235043332177309,0.2899258345189417,-0.07524349387935858,1.3885407342771585,0.7703855529515582,0.40523348299886813,0,0
1754554362.8373938,1,follower,auto,0.09869071841239929,0.9283075928688049,1.0685569047927856,0.0,1.0,1.0,-0.09869071841239929,0.07169240713119507,-0.06855690479278564,0,0,0,0,70,100,0,-0.0009982595220208168,0.023378446698188782,-0.005933277774602175,0.9997086524963379,1.0,-0.12763356179303603,0.0900990090041387,-0.060435531957647504,0.1625074993089173,0.8832580883667356,1.0987746707716095,0,0
1754554362.837902,0,follower,auto,1.425032377243042,0.922768235206604,0.40282300114631653,0,1,0,-1.425032377243042,0.077231764793396,-0.40282300114631653,-20,-20,7.207982447188497,0,80,100,0.00016188621520996094,0.002120277611538768,0.02317257598042488,-0.006187554448843002,0.9997101426124573,,,,,,,,0,0
1754554362.938344,1,follower,auto,0.09743010997772217,0.915783166885376,1.066274881362915,0.0,1.0,1.0,-0.09743010997772217,0.08421683311462402,-0.06627488136291504,-5.920173785607997,-8.200228338250406,8.215517692643736,0,70,100,0.1003420352935791,0.002120277611538768,0.02317257598042488,-0.006187554448843002,0.9997101426124573,,,,,,,,0,0
1754554363.0950484,0,leader,auto,1.425032377243042,0.922768235206604,0.40282300114631653,0,1,0,-1.425032377243042,0.077231764793396,-0.40282300114631653,0,0,0,0,0,100,0,0.002120277611538768,0.02317257598042488,-0.006187554448843002,0.9997101426124573,1.0,-0.2011699101174389,0.296398754258836,-0.06564927826696743,1.5256173323017614,0.774568858077186,0.43564764027980024,0,0
1754554363.1954079,1,follower,auto,0.09743010997772217,0.915783166885376,1.066274881362915,0.0,1.0,1.0,-0.09743010997772217,0.08421683311462402,-0.06627488136291504,0,0,0,0,70,100,0,0.002120277611538768,0.02317257598042488,-0.006187554448843002,0.9997101426124573,1.0,-0.12868618110030455,0.08968084808776133,-0.06191786459746984,0.16177320052787444,0.8709427428414953,1.09723381366165,0,0
1754554363.1957989,0,follower,auto,1.4837315082550049,0.931100070476532,0.44063663482666016,0,1,0,-1.4837315082550049,0.06889992952346802,-0.44063663482666016,-20,-20,6.159775760305346,0,80,100,0.00013875961303710938,0.0008273838902823627,0.02270311303436756,-0.007867732085287571,0.9997110366821289,,,,,,,,0,0
1754554363.2960918,1,follower,auto,0.0945330336689949,0.9066306352615356,1.0666693449020386,0.0,1.0,1.0,-0.0945330336689949,0.09336936473846436,-0.06666934490203857,-5.924187154031093,-8.153350104334619,9.226800273322564,0,70,100,0.10022711753845215,0.0008273838902823627,0.02270311303436756,-0.007867732085287571,0.9997110366821289,,,,,,,,0,0
1754554363.403062,0,leader,auto,1.4837315082550049,0.931100070476532,0.44063663482666016,0,1,0,-1.4837315082550049,0.06889992952346802,-0.44063663482666016,0,0,0,0,0,100,0,0.0008273838902823627,0.02270311303436756,-0.007867732085287571,0.9997110366821289,0.8,-0.2854654834218584,0.2997993716050176,-0.06086233483605674,1.626464249965934,0.7812003846740232,0.4710678022446885,0,0
1754554363.5035455,1,follower,auto,0.0945330336689949,0.9066306352615356,1.0666693449020386,0.0,1.0,1.0,-0.0945330336689949,0.09336936473846436,-0.06666934490203857,0,0,0,0,70,100,0,0.0008273838902823627,0.02270311303436756,-0.007867732085287571,0.9997110366821289,1.0,-0.13004115428921803,0.092486176408626,-0.06386381111920758,0.15955361081360392,0.8603875470572226,1.0986012504616425,0,0
1754554363.5040884,0,follower,auto,1.5000836849212646,0.9395089149475098,0.4689406156539917,0,1,0,-1.5000836849212646,0.060491085052490234,-0.4689406156539917,-20,-20,6.176458469191915,0,80,100,0.0001804828643798828,0.0015495060943067074,0.02392575517296791,-0.009175721555948257,0.9996705055236816,,,,,,,,0,0
1754554363.604468,1,follower,auto,0.09163013845682144,0.9051744341850281,1.0690878629684448,0.0,1.0,1.0,-0.09163013845682144,0.09482556581497192,-0.06908786296844482,-5.954943911569206,-8.138796468956073,9.230479845542758,0,70,100,0.10027027130126953,0.0015495060943067074,0.02392575517296791,-0.009175721555948257,0.9996705055236816,,,,,,,,0,0
1754554363.7063074,0,leader,auto,1.5000836849212646,0.9395089149475098,0.4689406156539917,0,1,0,-1.5000836849212646,0.060491085052490234,-0.4689406156539917,0,0,0,0,0,100,0,0.0015495060943067074,0.02392575517296791,-0.009175721555948257,0.9996705055236816,0.9048374180359595,-0.3699776405802411,0.300590733466807,-0.06987792829539485,1.685072505211385,0.7892135482141063,0.5038795798016891,0,0
1754554363.8066645,1,follower,auto,0.09163013845682144,0.9051744341850281,1.0690878629684448,0.0,1.0,1.0,-0.09163013845682144,0.09482556581497192,-0.06908786296844482,0,0,0,0,70,100,0,0.0015495060943067074,0.02392575517296791,-0.009175721555948257,0.9996705055236816,1.0,-0.12977492909121036,0.10103532592181841,-0.06756906334777169,0.15651760300242662,0.8546567712241189,1.1028723946423307,0,0
1754554363.8070362,0,follower,auto,1.4941437244415283,0.9485187530517578,0.49189358949661255,0,1,0,-1.4941437244415283,0.05148124694824219,-0.49189358949661255,-20,-20,5.198779830682196,0,80,100,0.00011110305786132812,-0.000272138713626191,0.023300712928175926,-0.00737322773784399,0.9997013211250305,,,,,,,,0,0
1754554363.9073794,1,follower,auto,0.0916043072938919,0.920245885848999,1.075679063796997,0.0,1.0,1.0,-0.0916043072938919,0.07975411415100098,-0.07567906379699707,-7.0389997566750315,-8.153528437877537,7.219216130119279,0,70,100,0.1002805233001709,-0.000272138713626191,0.023300712928175926,-0.00737322773784399,0.9997013211250305,,,,,,,,0,0
1754554364.012569,0,leader,auto,1.4941437244415283,0.9485187530517578,0.49189358949661255,0,1,0,-1.4941437244415283,0.05148124694824219,-0.49189358949661255,0,0,0,0,0,100,0,-0.000272138713626191,0.023300712928175926,-0.00737322773784399,0.9997013211250305,0.7408182206817179,-0.4286274214648116,0.30054605668829537,-0.08102173549828873,1.7084574351739341,0.7982457247076101,0.5324044572457569,0,0
1754554364.1129916,1,follower,auto,0.0916043072938919,0.920245885848999,1.075679063796997,0.0,1.0,1.0,-0.0916043072938919,0.07975411415100098,-0.07567906379699707,0,0,0,0,70,100,0,-0.000272138713626191,0.023300712928175926,-0.00737322773784399,0.9997013211250305,1.0,-0.12581930387553394,0.120720024515935,-0.06974965211110651,0.1545139592316589,0.8598858735910315,1.1105538898525502,0,0
1754554364.1134346,0,follower,auto,1.4804483652114868,0.9555227160453796,0.5096650719642639,0,1,0,-1.4804483652114868,0.04447728395462036,-0.5096650719642639,-20,-20,4.225338408156609,0,80,100,0.00011110305786132812,-0.0021153059788048267,0.023053748533129692,-0.009137185290455818,0.9996902346611023,,,,,,,,0,0
1754554364.2137847,1,follower,auto,0.09178314357995987,0.9403336644172668,1.085375189781189,0.0,1.0,1.0,-0.09178314357995987,0.059666335582733154,-0.08537518978118896,-8.092044282108864,-8.166067605872405,5.204696424586092,0,70,100,0.10028767585754395,-0.0021153059788048267,0.023053748533129692,-0.009137185290455818,0.9996902346611023,,,,,,,,0,0
1754554364.3182964,0,leader,auto,1.4804483652114868,0.9555227160453796,0.5096650719642639,0,1,0,-1.4804483652114868,0.04447728395462036,-0.5096650719642639,0,0,0,0,0,100,0,-0.0021153059788048267,0.023053748533129692,-0.009137185290455818,0.9996902346611023,0.6065306597126334,-0.45570379115486537,0.2974796192202327,-0.09130238882050723,1.7083002607889195,0.8067829064352633,0.5553162663745175,0,0
1754554364.4186563,1,follower,auto,0.09178314357995987,0.9403336644172668,1.085375189781189,0.0,1.0,1.0,-0.09178314357995987,0.059666335582733154,-0.08537518978118896,0,0,0,0,70,100,0,-0.0021153059788048267,0.023053748533129692,-0.009137185290455818,0.9996902346611023,1.0,-0.12298300098528842,0.13416729875784972,-0.07007176181947594,0.15327464407260408,0.873250015038342,1.120411070690927,0,0
1754554364.4192774,0,follower,auto,1.4634209871292114,0.9612088799476624,0.5265618562698364,0,1,0,-1.4634209871292114,0.038791120052337646,-0.5265618562698364,-20,-20,3.235201287509315,0,80,100,0.00035452842712402344,-0.0030111989472061396,0.02418142557144165,-0.011206177063286304,0.9996402859687805,,,,,,,,0,0
1754554364.5196476,1,follower,auto,0.09330464899539948,0.9607030749320984,1.096885323524475,0.0,1.0,1.0,-0.09330464899539948,0.03929692506790161,-0.0968853235244751,-9.115595355078673,-8.184100541519955,3.194500106508289,0,70,100,0.10028386116027832,-0.0030111989472061396,0.02418142557144165,-0.011206177063286304,0.9996402859687805,,,,,,,,0,0
1754554364.6249197,0,follower,auto,1.4634209871292114,0.9612088799476624,0.5265618562698364,0,1,0,-1.4634209871292114,0.038791120052337646,-0.5265618562698364,0,0,0,0,0,100,0,-0.0030111989472061396,0.02418142557144165,-0.011206177063286304,0.9996402859687805,0.4965853037914095,-0.4606747294712856,0.29380502804944597,-0.09515158483441644,1.6937583518648542,0.8143063659229394,0.5741376486870446,0,0
1754554364.7252185,1,leader,auto,0.09330464899539948,0.9607030749320984,1.096885323524475,0.0,1.0,1.0,-0.09330464899539948,0.03929692506790161,-0.0968853235244751,0,0,0,0,70,100,0,-0.0030111989472061396,0.02418142557144165,-0.011206177063286304,0.9996402859687805,1.0,-0.11977943794769622,0.1398729011944302,-0.06871848201178943,0.15319436796924757,0.8907666243348833,1.1312445645303697,0,0
1754554364.7256508,0,follower,auto,1.4519976377487183,0.961614727973938,0.5406419038772583,0,1,0,-1.4519976377487183,0.03838527202606201,-0.5406419038772583,-20,-20,3.2492989326242543,0,80,100,0.00013399124145507812,-0.004189000464975834,0.024046694859862328,-0.009514625184237957,0.9996567964553833,,,,,,,,0,0
1754554364.825959,1,follower,auto,0.0946400910615921,0.9766894578933716,1.1081968545913696,0.0,1.0,1.0,-0.0946400910615921,0.023310542106628418,-0.10819685459136963,-10.11095729781541,-8.193045431985807,2.1929668551488977,0,70,100,0.10022211074829102,-0.004189000464975834,0.024046694859862328,-0.009514625184237957,0.9996567964553833,,,,,,,,0,0
1754554364.9312804,0,follower,auto,1.4519976377487183,0.961614727973938,0.5406419038772583,0,1,0,-1.4519976377487183,0.03838527202606201,-0.5406419038772583,0,0,0,0,0,100,0,-0.004189000464975834,0.024046694859862328,-0.009514625184237957,0.9996567964553833,0.4065696597405991,-0.44530893886472356,0.2861210646245843,-0.09646750988862185,1.67465210718108,0.8185541956616458,0.5888756588215692,0,0
1754554365.03156,1,leader,auto,0.0946400910615921,0.9766894578933716,1.1081968545913696,0.0,1.0,1.0,-0.0946400910615921,0.023310542106628418,-0.10819685459136963,0,0,0,0,80,100,0,-0.004189000464975834,0.024046694859862328,-0.009514625184237957,0.9996567964553833,1.0,-0.1181632596633283,0.13766716713063065,-0.06662465115002059,0.15372172089325625,0.9078558743280563,1.14150918016638,0,0
1754554365.031949,0,follower,auto,1.4358893632888794,0.9572644233703613,0.5543453693389893,0,1,0,-1.4358893632888794,0.04273557662963867,-0.5543453693389893,-19.971244992191416,-20,4.25205896212828,0,80,100,0.00012135505676269531,-0.004526931792497635,0.02433757483959198,-0.011596856638789177,0.9996263384819031,,,,,,,,0,0
1754554365.1322596,1,follower,auto,0.09379477798938751,0.9812045693397522,1.1159849166870117,0.0,1.0,1.0,-0.09379477798938751,0.018795430660247803,-0.11598491668701172,-11.063901293615558,-8.19343092191647,1.210356358462699,0,80,100,0.10024261474609375,-0.004526931792497635,0.02433757483959198,-0.011596856638789177,0.9996263384819031,,,,,,,,0,0
1754554365.2375925,0,follower,auto,1.4358893632888794,0.9572644233703613,0.5543453693389893,0,1,0,-1.4358893632888794,0.04273557662963867,-0.5543453693389893,0,0,0,0,0,100,0,-0.004526931792497635,0.02433757483959198,-0.011596856638789177,0.9996263384819031,0.33287108369807955,-0.43113934292025746,0.27749445575858034,-0.09399862780183621,1.6514590347490081,0.8185171954910712,0.6013446832399074,0,0
1754554365.3378928,1,leader,auto,0.09379477798938751,0.9812045693397522,1.1159849166870117,0.0,1.0,1.0,-0.09379477798938751,0.018795430660247803,-0.11598491668701172,0,0,0,0,80,100,0,-0.004526931792497635,0.02433757483959198,-0.011596856638789177,0.9996263384819031,1.0,-0.11945754291509439,0.12556728418250962,-0.0666304459650362,0.1535235494469347,0.9184209272484973,1.14930013966953,0,0
1754554365.338228,0,follower,auto,1.4166529178619385,0.9496512413024902,0.5661729574203491,0,1,0,-1.4166529178619385,0.050348758697509766,-0.5661729574203491,-19.95039981167758,-20,5.257689240915095,0,80,100,0.00010919570922851562,-0.006209349259734154,0.024622805416584015,-0.0074597508646547794,0.999649703502655,,,,,,,,0,0
1754554365.4385006,1,follower,auto,0.09417785704135895,0.9718304872512817,1.1209105253219604,0.0,1.0,1.0,-0.09417785704135895,0.02816951274871826,-0.12091052532196045,-11.988797564607877,-8.207730197454781,2.2306719290537025,0,80,100,0.10021066665649414,-0.006209349259734154,0.024622805416584015,-0.0074597508646547794,0.999649703502655,,,,,,,,0,0
1754554365.5432389,0,follower,auto,1.4166529178619385,0.9496512413024902,0.5661729574203491,0,1,0,-1.4166529178619385,0.050348758697509766,-0.5661729574203491,0,0,0,0,0,100,0,-0.006209349259734154,0.024622805416584015,-0.0074597508646547794,0.999649703502655,0.2725317930340126,-0.4170029619107085,0.2704649069503746,-0.09231221915481425,1.6251543988172927,0.8144187878273029,0.6123290669977562,0,0
1754554365.6435618,1,leader,auto,0.09417785704135895,0.9718304872512817,1.1209105253219604,0.0,1.0,1.0,-0.09417785704135895,0.02816951274871826,-0.12091052532196045,0,0,0,0,80,100,0,-0.006209349259734154,0.024622805416584015,-0.0074597508646547794,0.999649703502655,1.0,-0.11870769533466125,0.10790234057443793,-0.06604202197414755,0.15353170470868957,0.9178793169640628,1.1539315363090341,0,0
1754554365.6443756,0,follower,auto,1.392946720123291,0.9429273009300232,0.5814329385757446,0,1,0,-1.392946720123291,0.05707269906997681,-0.5814329385757446,-19.955264196280375,-20,5.237679353756462,0,80,100,0.0002117156982421875,-0.005709315184503794,0.024667778983712196,-0.008164706639945507,0.9996460676193237,,,,,,,,0,0
1754554365.7448137,1,follower,auto,0.09217613190412521,0.9522730708122253,1.1219617128372192,0.0,1.0,1.0,-0.09217613190412521,0.04772692918777466,-0.12196171283721924,-11.916113317996865,-8.211494971676258,4.260322088817429,0,80,100,0.10028457641601562,-0.005709315184503794,0.024667778983712196,-0.008164706639945507,0.9996460676193237,,,,,,,,0,0
1754554365.8489165,0,follower,auto,1.392946720123291,0.9429273009300232,0.5814329385757446,0,1,0,-1.392946720123291,0.05707269906997681,-0.5814329385757446,0,0,0,0,0,100,0,-0.005709315184503794,0.024667778983712196,-0.008164706639945507,0.9996460676193237,0.22313016014842982,-0.40521431638389105,0.2688572305668272,-0.08683245565734565,1.5955538783152365,0.8084986856466096,0.6248491664044175,0,0
1754554365.949295,1,leader,auto,0.09217613190412521,0.9522730708122253,1.1219617128372192,0.0,1.0,1.0,-0.09217613190412521,0.04772692918777466,-0.12196171283721924,0,0,0,0,70,100,0,-0.005709315184503794,0.024667778983712196,-0.008164706639945507,0.9996460676193237,1.0,-0.12061576725767836,0.09332216814421335,-0.06722996148925642,0.1524840155329644,0.9056119867401187,1.1555766935818474,0,0
1754554365.9498882,0,follower,auto,1.3697096109390259,0.9367244243621826,0.6011701226234436,0,1,0,-1.3697096109390259,0.06327557563781738,-0.6011701226234436,-19.966402602637928,-20,6.20167538625084,0,80,100,0.00012731552124023438,-0.005820110905915499,0.024517646059393883,-0.007598259951919317,0.9996535778045654,,,,,,,,0,0
1754554366.0502043,1,follower,auto,0.08793210983276367,0.9297357797622681,1.1187750101089478,0.0,1.0,1.0,-0.08793210983276367,0.07026422023773193,-0.11877501010894775,-10.874301947650494,-7.210695804018852,7.298213024979732,0,70,100,0.10023927688598633,-0.005820110905915499,0.024517646059393883,-0.007598259951919317,0.9996535778045654,,,,,,,,0,0
1754554366.2133849,0,follower,auto,1.3697096109390259,0.9367244243621826,0.6011701226234436,0,1,0,-1.3697096109390259,0.06327557563781738,-0.6011701226234436,0,0,0,0,0,100,0,-0.005820110905915499,0.024517646059393883,-0.007598259951919317,0.9996535778045654,0.18268352405273466,-0.3904859029192276,0.2697097142362824,-0.07877477847405023,1.5649525623986396,0.8018695672440415,0.6405575118604687,0,0
1754554366.3138034,1,leader,auto,0.08793210983276367,0.9297357797622681,1.1187750101089478,0.0,1.0,1.0,-0.08793210983276367,0.07026422023773193,-0.11877501010894775,0,0,0,0,70,100,0,-0.005820110905915499,0.024517646059393883,-0.007598259951919317,0.9996535778045654,1.0,-0.12358049141695351,0.08843576886610216,-0.0716160462749107,0.14972235554124042,0.885517895329217,1.154583033246403,0,0
1754554366.3142312,0,follower,auto,1.341162085533142,0.9270285367965698,0.6264690160751343,0,1,0,-1.341162085533142,0.07297146320343018,-0.6264690160751343,-19.961045799388028,-20,7.150395681566247,0,80,100,0.00011563301086425781,-0.004439327400177717,0.024284347891807556,-0.010503017343580723,0.9996401071548462,,,,,,,,0,0
1754554366.4145615,1,follower,auto,0.0795036107301712,0.9051856994628906,1.1086645126342773,0.0,1.0,1.0,-0.0795036107301712,0.09481430053710938,-0.10866451263427734,-9.84733250066554,-6.201533910292111,9.35577957869944,0,70,100,0.10023665428161621,-0.004439327400177717,0.024284347891807556,-0.010503017343580723,0.9996401071548462,,,,,,,,0,0
1754554366.5216758,0,follower,auto,1.341162085533142,0.9270285367965698,0.6264690160751343,0,1,0,-1.341162085533142,0.07297146320343018,-0.6264690160751343,0,0,0,0,0,100,0,-0.004439327400177717,0.024284347891807556,-0.010503017343580723,0.9996401071548462,0.14956861922263506,-0.3810980992041684,0.2677296676793359,-0.0698716713714781,1.5317111351352262,0.7931637029569019,0.6614048517608733,0,0
1754554366.622141,1,leader,auto,0.0795036107301712,0.9051856994628906,1.1086645126342773,0.0,1.0,1.0,-0.0795036107301712,0.09481430053710938,-0.10866451263427734,0,0,0,0,70,100,0,-0.004439327400177717,0.024284347891807556,-0.010503017343580723,0.9996401071548462,1.0,-0.1278073919326541,0.08866357810464964,-0.08301797319987281,0.14340730669649826,0.8608539104105658,1.1501734992342136,0,0
1754554366.6227484,0,follower,auto,1.3186503648757935,0.9204279780387878,0.6447775363922119,0,1,0,-1.3186503648757935,0.07957202196121216,-0.6447775363922119,-19.973920484105808,-20,7.153569090994075,0,80,100,0.0001933574676513672,-0.0031008946243673563,0.024617938324809074,-0.009569521062076092,0.9996464252471924,,,,,,,,0,0
1754554366.7231607,1,follower,auto,0.073300801217556,0.8916599750518799,1.098346471786499,0.0,1.0,1.0,-0.073300801217556,0.10834002494812012,-0.09834647178649902,-8.884062616601334,-6.214297160404242,10.384723473314574,0,70,100,0.10028576850891113,-0.0031008946243673563,0.024617938324809074,-0.009569521062076092,0.9996464252471924,,,,,,,,0,0
1754554366.8391447,0,follower,auto,1.3186503648757935,0.9204279780387878,0.6447775363922119,0,1,0,-1.3186503648757935,0.07957202196121216,-0.6447775363922119,0,0,0,0,0,100,0,-0.0031008946243673563,0.024617938324809074,-0.009569521062076092,0.9996464252471924,0.1224564282529819,-0.3636915256538118,0.27105494227052807,-0.07466986964036781,1.5004961277026994,0.7849005069035238,0.6821124712123958,0,0
1754554366.939605,1,leader,auto,0.073300801217556,0.8916599750518799,1.098346471786499,0.0,1.0,1.0,-0.073300801217556,0.10834002494812012,-0.09834647178649902,0,0,0,0,70,100,0,-0.0031008946243673563,0.024617938324809074,-0.009569521062076092,0.9996464252471924,1.0,-0.12495016907553347,0.1034427206456302,-0.09247100149016996,0.13577588575532273,0.8399386147290648,1.144581972531584,0,0
1754554366.9412885,0,follower,auto,1.30279541015625,0.916007399559021,0.6651051640510559,0,1,0,-1.30279541015625,0.083992600440979,-0.6651051640510559,-19.98733808032276,-20,8.133088911960087,0,80,100,0.0005311965942382812,-0.0029448233544826508,0.0244192723184824,-0.010173510760068893,0.9996457099914551,,,,,,,,0,0
1754554367.042242,1,follower,auto,0.06722994893789291,0.8844963908195496,1.0884995460510254,0.0,1.0,1.0,-0.06722994893789291,0.11550360918045044,-0.08849954605102539,-7.9214033664985735,-5.2216152132741565,11.404379909254352,0,70,100,0.10039806365966797,-0.0029448233544826508,0.0244192723184824,-0.010173510760068893,0.9996457099914551,,,,,,,,0,0
1754554367.144952,0,follower,auto,1.30279541015625,0.916007399559021,0.6651051640510559,0,1,0,-1.30279541015625,0.083992600440979,-0.6651051640510559,0,0,0,0,0,100,0,-0.0029448233544826508,0.0244192723184824,-0.010173510760068893,0.9996457099914551,0.10025884372280375,-0.34287306614506163,0.27589763436930825,-0.07697653964921469,1.474231943228781,0.7780585823743669,0.7035934338756633,0,0
1754554367.2453105,1,leader,auto,0.06722994893789291,0.8844963908195496,1.0884995460510254,0.0,1.0,1.0,-0.06722994893789291,0.11550360918045044,-0.08849954605102539,0,0,0,0,70,100,0,-0.0029448233544826508,0.0244192723184824,-0.010173510760068893,0.9996457099914551,1.0,-0.12085738573913793,0.1188375042662081,-0.10063815389201669,0.1276586418074619,0.8250776386864456,1.1388186229970336,0,0
1754554367.2456582,0,follower,auto,1.2983781099319458,0.913112223148346,0.6815481781959534,0,1,0,-1.2983781099319458,0.08688777685165405,-0.6815481781959534,-19.996385491584544,-20,8.134423661646116,0,80,100,0.00011515617370605469,-0.0019208298763260245,0.02501157484948635,-0.011781820096075535,0.9996159076690674,,,,,,,,0,0
1754554367.345983,1,follower,auto,0.06059185415506363,0.8830859065055847,1.0811625719070435,0.0,1.0,1.0,-0.06059185415506363,0.11691409349441528,-0.08116257190704346,-7.958153167418367,-5.218334595447539,11.40857161671437,0,70,100,0.10025453567504883,-0.0019208298763260245,0.02501157484948635,-0.011781820096075535,0.9996159076690674,,,,,,,,0,0
1754554367.4504185,0,follower,auto,1.2983781099319458,0.913112223148346,0.6815481781959534,0,1,0,-1.2983781099319458,0.08688777685165405,-0.6815481781959534,0,0,0,0,0,100,0,-0.0019208298763260245,0.02501157484948635,-0.011781820096075535,0.9996159076690674,0.1,-0.3170250672652932,0.28051888616226117,-0.0847592193040998,1.4568906435645923,0.7728527800672154,0.7239277878480033,0,0
1754554367.5506968,1,leader,auto,0.06059185415506363,0.8830859065055847,1.0811625719070435,0.0,1.0,1.0,-0.06059185415506363,0.11691409349441528,-0.08116257190704346,0,0,0,0,70,100,0,-0.0019208298763260245,0.02501157484948635,-0.011781820096075535,0.9996159076690674,1.0,-0.11613983478564088,0.13189077406272653,-0.1065714876382613,0.11866177154788407,0.8171405194742214,1.134448315726174,0,0
1754554367.5510747,0,follower,auto,1.2915399074554443,0.9146668910980225,0.7009067535400391,0,1,0,-1.2915399074554443,0.08533310890197754,-0.7009067535400391,-20,-20,8.112656830673476,0,80,100,0.00011730194091796875,-0.001956515247002244,0.025733400136232376,-0.013192462734878063,0.9995799660682678,,,,,,,,0,0
1754554367.6514328,1,follower,auto,0.05490449443459511,0.8856651782989502,1.0768506526947021,0.0,1.0,1.0,-0.05490449443459511,0.1143348217010498,-0.07685065269470215,-6.986282601073899,-4.222433746035623,11.407045797081343,0,70,100,0.10028910636901855,-0.001956515247002244,0.025733400136232376,-0.013192462734878063,0.9995799660682678,,,,,,,,0,0
1754554367.7567954,0,follower,auto,1.2915399074554443,0.9146668910980225,0.7009067535400391,0,1,0,-1.2915399074554443,0.08533310890197754,-0.7009067535400391,0,0,0,0,0,100,0,-0.001956515247002244,0.025733400136232376,-0.013192462734878063,0.9995799660682678,0.1,-0.3043302153690355,0.2876394198793155,-0.08793627624271316,1.4437050151399622,0.7708471811583647,0.7448748916613956,0,0
1754554367.868977,1,leader,auto,0.05490449443459511,0.8856651782989502,1.0768506526947021,0.0,1.0,1.0,-0.05490449443459511,0.1143348217010498,-0.07685065269470215,0,0,0,0,70,100,0,-0.001956515247002244,0.025733400136232376,-0.013192462734878063,0.9995799660682678,1.0,-0.10991887040698425,0.14113296405134368,-0.11046166706177907,0.10986392963808723,0.8150986962732784,1.1320814862255917,0,0
1754554367.8693798,0,follower,auto,1.2820674180984497,0.9146816730499268,0.7235852479934692,0,1,0,-1.2820674180984497,0.08531832695007324,-0.7235852479934692,-20,-20,8.081115164436419,0,80,100,0.0001246929168701172,-0.00043379110866226256,0.025070419535040855,-0.010196377523243427,0.9996336102485657,,,,,,,,0,0
1754554367.969767,1,follower,auto,0.05266447737812996,0.8922058939933777,1.0739814043045044,0.0,1.0,1.0,-0.05266447737812996,0.10779410600662231,-0.0739814043045044,-7.015090627108669,-4.242274662085094,10.411596790424452,0,70,100,0.10029101371765137,-0.00043379110866226256,0.025070419535040855,-0.010196377523243427,0.9996336102485657,,,,,,,,0,0
1754554368.2161682,0,follower,auto,1.2820674180984497,0.9146816730499268,0.7235852479934692,0,1,0,-1.2820674180984497,0.08531832695007324,-0.7235852479934692,0,0,0,0,0,100,0,-0.00043379110866226256,0.025070419535040855,-0.010196377523243427,0.9996336102485657,0.1,-0.2993139612255675,0.2895250413485184,-0.08816200309635891,1.4317243987112334,0.7699191523756675,0.7676662495416486,0,0
1754554368.3165348,1,leader,auto,0.05266447737812996,0.8922058939933777,1.0739814043045044,0.0,1.0,1.0,-0.05266447737812996,0.10779410600662231,-0.0739814043045044,0,0,0,0,70,100,0,-0.00043379110866226256,0.025070419535040855,-0.010196377523243427,0.9996336102485657,1.0,-0.0998891583711993,0.14682247806419402,-0.1146388150541513,0.10260905656372961,0.8187946549612807,1.1313008118315802,0,0
1754554368.3188639,0,follower,auto,1.2646818161010742,0.9183142185211182,0.7467080950737,0,1,0,-1.2646818161010742,0.08168578147888184,-0.7467080950737,-20,-20,8.06044775428698,0,80,100,0.0009205341339111328,-0.0007754325633868575,0.025413673371076584,-0.010453599505126476,0.9996221661567688,,,,,,,,0,0
1754554368.419693,1,follower,auto,0.054337795823812485,0.9028260111808777,1.0738755464553833,0.0,1.0,1.0,-0.054337795823812485,0.09717398881912231,-0.0738755464553833,-7.043884396146135,-4.274796453260695,9.41069447740062,0,70,100,0.10047078132629395,-0.0007754325633868575,0.025413673371076584,-0.010453599505126476,0.9996221661567688,,,,,,,,0,0
1754554368.5210626,0,follower,auto,1.2646818161010742,0.9183142185211182,0.7467080950737,0,1,0,-1.2646818161010742,0.08168578147888184,-0.7467080950737,0,0,0,0,0,100,0,-0.0007754325633868575,0.025413673371076584,-0.010453599505126476,0.9996221661567688,0.1,-0.3037669695084244,0.2938188627080107,-0.08974028884407248,1.4165653008552863,0.7714047871671128,0.7915782394957362,0,0
1754554368.6215491,1,leader,auto,0.054337795823812485,0.9028260111808777,1.0738755464553833,0.0,1.0,1.0,-0.054337795823812485,0.09717398881912231,-0.0738755464553833,0,0,0,0,70,100,0,-0.0007754325633868575,0.025413673371076584,-0.010453599505126476,0.9996221661567688,1.0,-0.0882110004272603,0.15048415372630675,-0.11635087824589485,0.09844329603744263,0.8275839343177243,1.1320509855783307,0,0
1754554368.6227007,0,follower,auto,1.2575998306274414,0.9219850897789001,0.7585200071334839,0,1,0,-1.2575998306274414,0.07801491022109985,-0.7585200071334839,-20,-20,7.099783819265144,0,80,100,0.00037360191345214844,-0.0015451397048309445,0.02513769455254078,-0.010078929364681244,0.9996320605278015,,,,,,,,0,0
1754554368.7233374,1,follower,auto,0.05650816857814789,0.9122759699821472,1.0754361152648926,0.0,1.0,1.0,-0.05650816857814789,0.08772403001785278,-0.07543611526489258,-7.049817551252364,-4.288761427966748,8.405394430590105,0,70,100,0.1003878116607666,-0.0015451397048309445,0.02513769455254078,-0.010078929364681244,0.9996320605278015,,,,,,,,0,0
1754554368.8277886,0,follower,auto,1.2575998306274414,0.9219850897789001,0.7585200071334839,0,1,0,-1.2575998306274414,0.07801491022109985,-0.7585200071334839,0,0,0,0,0,100,0,-0.0015451397048309445,0.02513769455254078,-0.010078929364681244,0.9996320605278015,0.1,-0.29442616926052034,0.2954367787847867,-0.10361899427357801,1.4048129152577016,0.7742667003865068,0.810329504270273,0,0
1754554368.92817,1,leader,auto,0.05650816857814789,0.9122759699821472,1.0754361152648926,0.0,1.0,1.0,-0.05650816857814789,0.08772403001785278,-0.07543611526489258,0,0,0,0,70,100,0,-0.0015451397048309445,0.02513769455254078,-0.010078929364681244,0.9996320605278015,1.0,-0.07997489356999038,0.14765482680643738,-0.11680661618332411,0.09649561536314308,0.8384485565789286,1.1338394233565547,0,0
1754554368.9285128,0,follower,auto,1.2508364915847778,0.9297460913658142,0.7647172808647156,0,1,0,-1.2508364915847778,0.07025390863418579,-0.7647172808647156,-20,-20,7.133799255295687,0,80,100,0.00011205673217773438,-0.0018869454506784678,0.024078525602817535,-0.010251582600176334,0.9996557831764221,,,,,,,,0,0
1754554369.0288231,1,follower,auto,0.05784088373184204,0.9227812886238098,1.076279878616333,0.0,1.0,1.0,-0.05784088373184204,0.07721871137619019,-0.07627987861633301,-7.056636363588905,-4.292624966492651,7.408181863913665,0,70,100,0.10023999214172363,-0.0018869454506784678,0.024078525602817535,-0.010251582600176334,0.9996557831764221,,,,,,,,0,0
1754554369.1339288,0,follower,auto,1.2508364915847778,0.9297460913658142,0.7647172808647156,0,1,0,-1.2508364915847778,0.07025390863418579,-0.7647172808647156,0,0,0,0,0,100,0,-0.0018869454506784678,0.024078525602817535,-0.010251582600176334,0.9996557831764221,0.1,-0.2888272908573628,0.2996552926373717,-0.11601943953699778,1.3952501370134591,0.7799184450471284,0.8227270006332145,0,0
1754554369.2342005,1,leader,auto,0.05784088373184204,0.9227812886238098,1.076279878616333,0.0,1.0,1.0,-0.05784088373184204,0.07721871137619019,-0.07627987861633301,0,0,0,0,70,100,0,-0.0018869454506784678,0.024078525602817535,-0.010251582600176334,0.9996557831764221,1.0,-0.07538501662006408,0.14400950286169745,-0.11798022190786517,0.09553339204187408,0.8507765371929611,1.1352699895702656,0,0
1754554369.2345817,0,follower,auto,1.2387856245040894,0.9381537437438965,0.7634317874908447,0,1,0,-1.2387856245040894,0.061846256256103516,-0.7634317874908447,-20,-20,6.176560399652748,0,80,100,0.00011920928955078125,-0.0013331737136468291,0.02403375133872032,-0.014115574769675732,0.9996106028556824,,,,,,,,0,0
1754554369.3348713,1,follower,auto,0.057219065725803375,0.9297307133674622,1.0752698183059692,0.0,1.0,1.0,-0.057219065725803375,0.07026928663253784,-0.07526981830596924,-7.042378339267712,-4.29097512846899,7.415675261583844,0,70,100,0.10022521018981934,-0.0013331737136468291,0.02403375133872032,-0.014115574769675732,0.9996106028556824,,,,,,,,0,0
1754554369.4392605,0,follower,auto,1.2387856245040894,0.9381537437438965,0.7634317874908447,0,1,0,-1.2387856245040894,0.061846256256103516,-0.7634317874908447,0,0,0,0,0,100,0,-0.0013331737136468291,0.02403375133872032,-0.014115574769675732,0.9996106028556824,0.1,-0.29109746933379355,0.30143532987021626,-0.12871486776151597,1.3843343591709862,0.7874360788087884,0.8277892213716027,0,0
1754554369.539583,1,leader,auto,0.057219065725803375,0.9297307133674622,1.0752698183059692,0.0,1.0,1.0,-0.057219065725803375,0.07026928663253784,-0.07526981830596924,0,0,0,0,70,100,0,-0.0013331737136468291,0.02403375133872032,-0.014115574769675732,0.9996106028556824,1.0,-0.07406028510792192,0.13560691815458736,-0.1195704147623029,0.09424920827976434,0.8619272542901685,1.1350550256871208,0,0
1754554369.5399308,0,follower,auto,1.2155559062957764,0.9454466700553894,0.7575472593307495,0,1,0,-1.2155559062957764,0.054553329944610596,-0.7575472593307495,-20,-20,5.210264007366069,0,80,100,0.00010943412780761719,-0.0003297134244348854,0.024452196434140205,-0.013364019803702831,0.9996116161346436,,,,,,,,0,0
1754554369.6402898,1,follower,auto,0.05705254524946213,0.930966317653656,1.0720667839050293,0.0,1.0,1.0,-0.05705254524946213,0.069033682346344,-0.0720667839050293,-7.0107309738090455,-4.3041731164923664,6.425574453761255,0,70,100,0.10029458999633789,-0.0003297134244348854,0.024452196434140205,-0.013364019803702831,0.9996116161346436,,,,,,,,0,0
1754554369.7454715,0,follower,auto,1.2155559062957764,0.9454466700553894,0.7575472593307495,0,1,0,-1.2155559062957764,0.054553329944610596,-0.7575472593307495,0,0,0,0,0,100,0,-0.0003297134244348854,0.024452196434140205,-0.013364019803702831,0.9996116161346436,0.1,-0.30303458684626805,0.30011014932913405,-0.13682813631634605,1.3670731997189103,0.7953915953908224,0.8259613274889226,0,0
1754554369.8459399,1,leader,auto,0.05705254524946213,0.930966317653656,1.0720667839050293,0.0,1.0,1.0,-0.05705254524946213,0.069033682346344,-0.0720667839050293,0,0,0,0,70,100,0,-0.0003297134244348854,0.024452196434140205,-0.013364019803702831,0.9996116161346436,1.0,-0.07204937699306788,0.12324169941202046,-0.12160423150832056,0.09307723374599607,0.8693454679476458,1.1328688996591896,0,0
1754554369.8470044,0,follower,auto,1.1880537271499634,0.9519258737564087,0.7557097673416138,0,1,0,-1.1880537271499634,0.04807412624359131,-0.7557097673416138,-20,-20,4.202315154110303,0,80,100,0.0003483295440673828,0.00023817062901798636,0.025123273953795433,-0.012771952897310257,0.9996027946472168,,,,,,,,0,0
1754554369.9476736,1,follower,auto,0.05844620615243912,0.928593635559082,1.0692631006240845,0.0,1.0,1.0,-0.05844620615243912,0.07140636444091797,-0.06926310062408447,-5.981861147859419,-4.327871403130035,7.4279293203622325,0,70,100,0.10044026374816895,0.00023817062901798636,0.025123273953795433,-0.012771952897310257,0.9996027946472168,,,,,,,,0,0
1754554370.0516357,0,follower,auto,1.1880537271499634,0.9519258737564087,0.7557097673416138,0,1,0,-1.1880537271499634,0.04807412624359131,-0.7557097673416138,0,0,0,0,0,100,0,0.00023817062901798636,0.025123273953795433,-0.012771952897310257,0.9996027946472168,0.1,-0.3120631854607663,0.29762612599508,-0.1324700288880235,1.3440853198803464,0.8031128107588688,0.8219447817856256,0,0
1754554370.151992,1,leader,auto,0.05844620615243912,0.928593635559082,1.0692631006240845,0.0,1.0,1.0,-0.05844620615243912,0.07140636444091797,-0.06926310062408447,0,0,0,0,70,100,0,0.00023817062901798636,0.025123273953795433,-0.012771952897310257,0.9996027946472168,1.0,-0.06874445828330022,0.1118346156749368,-0.12013506700951293,0.09281843529408923,0.8726763277216136,1.129330634128841,0,0
1754554370.1526566,0,follower,auto,1.1570765972137451,0.9535783529281616,0.7533167600631714,0,1,0,-1.1570765972137451,0.04642164707183838,-0.7533167600631714,-20,-20,4.202972659598264,0,80,100,0.00018477439880371094,-0.0005661962204612792,0.024705054238438606,-0.011083385907113552,0.9996331930160522,,,,,,,,0,0
1754554370.2530262,1,follower,auto,0.060569439083337784,0.9249735474586487,1.0677618980407715,0.0,1.0,1.0,-0.060569439083337784,0.07502645254135132,-0.06776189804077148,-5.966390893929817,-5.352704058150095,7.422456364162869,0,70,100,0.10027313232421875,-0.0005661962204612792,0.024705054238438606,-0.011083385907113552,0.9996331930160522,,,,,,,,0,0
1754554370.357441,0,follower,auto,1.1570765972137451,0.9535783529281616,0.7533167600631714,0,1,0,-1.1570765972137451,0.04642164707183838,-0.7533167600631714,0,0,0,0,0,100,0,-0.0005661962204612792,0.024705054238438606,-0.011083385907113552,0.9996331930160522,0.1,-0.31820801257616704,0.2907235609791309,-0.1257759035951176,1.3161806035018286,0.8082165724385961,0.8162047118607302,0,0
1754554370.4576845,1,leader,auto,0.060569439083337784,0.9249735474586487,1.0677618980407715,0.0,1.0,1.0,-0.060569439083337784,0.07502645254135132,-0.06776189804077148,0,0,0,0,70,100,0,-0.0005661962204612792,0.024705054238438606,-0.011083385907113552,0.9996331930160522,1.0,-0.06587818622379377,0.10303710585114945,-0.11711647869217368,0.09350853219523467,0.873454994533074,1.1263201373868583,0,0
1754554370.458001,0,follower,auto,1.124491810798645,0.9537788033485413,0.7556803226470947,0,1,0,-1.124491810798645,0.04622119665145874,-0.7556803226470947,-20,-20,4.180648131707452,0,80,100,0.00010752677917480469,0.000918432604521513,0.024884721264243126,-0.009944891557097435,0.9996405243873596,,,,,,,,0,0
1754554370.5582757,1,follower,auto,0.0628676638007164,0.923222541809082,1.0661526918411255,0.0,1.0,1.0,-0.0628676638007164,0.07677745819091797,-0.06615269184112549,-5.969378152511602,-5.375860561522735,7.423812278606923,0,70,100,0.10020709037780762,0.000918432604521513,0.024884721264243126,-0.009944891557097435,0.9996405243873596,,,,,,,,0,0
1754554370.6636283,0,follower,auto,1.124491810798645,0.9537788033485413,0.7556803226470947,0,1,0,-1.124491810798645,0.04622119665145874,-0.7556803226470947,0,0,0,0,0,100,0,0.000918432604521513,0.024884721264243126,-0.009944891557097435,0.9996405243873596,0.1,-0.32061352173241775,0.28546960045124403,-0.11307093049423889,1.284798571664854,0.8110440031229192,0.8122157878942142,0,0
1754554370.7639143,1,leader,auto,0.0628676638007164,0.923222541809082,1.0661526918411255,0.0,1.0,1.0,-0.0628676638007164,0.07677745819091797,-0.06615269184112549,0,0,0,0,70,100,0,0.000918432604521513,0.024884721264243126,-0.009944891557097435,0.9996405243873596,1.0,-0.06501128943004511,0.09926122687447181,-0.1149394910055479,0.09537330851573896,0.8735919283718461,1.1236224373438994,0,0
1754554370.7642748,0,follower,auto,1.092212200164795,0.9516977667808533,0.7573723196983337,0,1,0,-1.092212200164795,0.04830223321914673,-0.7573723196983337,-20,-20,4.176701274972898,0,80,100,0.00011229515075683594,-0.0016976096667349339,0.025020930916070938,-0.009965223260223866,0.9996358156204224,,,,,,,,0,0
1754554370.8645325,1,follower,auto,0.0631377175450325,0.9227620363235474,1.0665360689163208,0.0,1.0,1.0,-0.0631377175450325,0.07723796367645264,-0.0665360689163208,-5.977018011516954,-5.387540051070718,7.41592027679039,0,70,100,0.1001896858215332,-0.0016976096667349339,0.025020930916070938,-0.009965223260223866,0.9996358156204224,,,,,,,,0,0
1754554370.9690897,0,follower,auto,1.092212200164795,0.9516977667808533,0.7573723196983337,0,1,0,-1.092212200164795,0.04830223321914673,-0.7573723196983337,0,0,0,0,0,100,0,-0.0016976096667349339,0.025020930916070938,-0.009965223260223866,0.9996358156204224,0.1,-0.3190681540080238,0.28057826116764584,-0.10365569247359463,1.2517462771688068,0.8114086361970303,0.8092001659351311,0,0
1754554371.0694,1,leader,auto,0.0631377175450325,0.9227620363235474,1.0665360689163208,0.0,1.0,1.0,-0.0631377175450325,0.07723796367645264,-0.0665360689163208,0,0,0,0,70,100,0,-0.0016976096667349339,0.025020930916070938,-0.009965223260223866,0.9996358156204224,1.0,-0.06743108230765288,0.09768487982146357,-0.11123646179561208,0.09685325869885894,0.8739195964128156,1.122154299814127,0,0
1754554371.0701098,0,follower,auto,1.0660367012023926,0.9500700235366821,0.7516331672668457,0,1,0,-1.0660367012023926,0.04992997646331787,-0.7516331672668457,-20,-20,4.210954760152621,0,80,100,0.0002307891845703125,-0.0015533711994066834,0.02544684335589409,-0.011659535579383373,0.9996069669723511,,,,,,,,0,0
1754554371.1706104,1,follower,auto,0.06096837297081947,0.9204109311103821,1.0674488544464111,0.0,1.0,1.0,-0.06096837297081947,0.07958906888961792,-0.06744885444641113,-5.970643737586327,-5.389343178042134,7.407102446362236,0,70,100,0.10032224655151367,-0.0015533711994066834,0.02544684335589409,-0.011659535579383373,0.9996069669723511,,,,,,,,0,0
1754554371.2747276,0,follower,auto,1.0660367012023926,0.9500700235366821,0.7516331672668457,0,1,0,-1.0660367012023926,0.04992997646331787,-0.7516331672668457,0,0,0,0,0,100,0,-0.0015533711994066834,0.02544684335589409,-0.011659535579383373,0.9996069669723511,0.1,-0.3098565876938173,0.27894540656762845,-0.10330002574782082,1.2209649950493011,0.8105973202528679,0.8032831801407561,0,0
1754554371.3750331,1,leader,auto,0.06096837297081947,0.9204109311103821,1.0674488544464111,0.0,1.0,1.0,-0.06096837297081947,0.07958906888961792,-0.06744885444641113,0,0,0,0,70,100,0,-0.0015533711994066834,0.02544684335589409,-0.011659535579383373,0.9996069669723511,1.0,-0.07174774135452089,0.09414518299134333,-0.10848490668684696,0.09684224364807992,0.8733383396147104,1.1216913077898347,0,0
1754554371.3753722,0,follower,auto,1.0412267446517944,0.94961017370224,0.7510614991188049,0,1,0,-1.0412267446517944,0.05038982629776001,-0.7510614991188049,-20,-20,5.199801125120676,0,80,100,0.0001087188720703125,-0.0012624296359717846,0.02470417693257332,-0.009601238183677197,0.9996479153633118,,,,,,,,0,0
1754554371.4757564,1,follower,auto,0.05887531489133835,0.9139838814735413,1.069329023361206,0.0,1.0,1.0,-0.05887531489133835,0.08601611852645874,-0.06932902336120605,-5.948162374100681,-4.399513550704229,8.400120333613414,0,70,100,0.10031890869140625,-0.0012624296359717846,0.02470417693257332,-0.009601238183677197,0.9996479153633118,,,,,,,,0,0
1754554371.5810983,0,follower,auto,1.0412267446517944,0.94961017370224,0.7510614991188049,0,1,0,-1.0412267446517944,0.05038982629776001,-0.7510614991188049,0,0,0,0,0,100,0,-0.0012624296359717846,0.02470417693257332,-0.009601238183677197,0.9996479153633118,0.1,-0.30219530098634273,0.2797706942176147,-0.09493466105929171,1.1923243951449658,0.8097248265934327,0.7985288296484507,0,0
1754554371.6814408,1,leader,auto,0.05887531489133835,0.9139838814735413,1.069329023361206,0.0,1.0,1.0,-0.05887531489133835,0.08601611852645874,-0.06932902336120605,0,0,0,0,70,100,0,-0.0012624296359717846,0.02470417693257332,-0.009601238183677197,0.9996479153633118,1.0,-0.07419678566644866,0.08767987108079989,-0.10595490472604263,0.09597370772456268,0.8701439459331413,1.1223064757242274,0,0
1754554371.682084,0,follower,auto,1.0129027366638184,0.9418125152587891,0.751679539680481,0,1,0,-1.0129027366638184,0.05818748474121094,-0.751679539680481,-19.98913585192933,-20,5.19411194622265,0,80,100,0.00020933151245117188,-0.00035599933471530676,0.025630977004766464,-0.011287501081824303,0.9996077418327332,,,,,,,,0,0
1754554371.7824774,1,follower,auto,0.05608731135725975,0.9030401706695557,1.0751054286956787,0.0,1.0,1.0,-0.05608731135725975,0.09695982933044434,-0.07510542869567871,-6.921634452701091,-4.410878452541086,9.379007818633752,0,70,100,0.10030245780944824,-0.00035599933471530676,0.025630977004766464,-0.011287501081824303,0.9996077418327332,,,,,,,,0,0
1754554371.8875742,0,follower,auto,1.0129027366638184,0.9418125152587891,0.751679539680481,0,1,0,-1.0129027366638184,0.05818748474121094,-0.751679539680481,0,0,0,0,0,100,0,-0.00035599933471530676,0.025630977004766464,-0.011287501081824303,0.9996077418327332,0.1,-0.3007250380009394,0.27326158083836594,-0.08811664485628057,1.163265255664288,0.805181724839606,0.7957378621086213,0,0
1754554371.9890988,1,leader,auto,0.05608731135725975,0.9030401706695557,1.0751054286956787,0.0,1.0,1.0,-0.05608731135725975,0.09695982933044434,-0.07510542869567871,0,0,0,0,70,100,0,-0.00035599933471530676,0.025630977004766464,-0.011287501081824303,0.9996077418327332,1.0,-0.07532199183106286,0.0797411253568282,-0.10177694432875306,0.09374830727279118,0.8631696079911415,1.1259939008600552,0,0
1754554371.9898136,0,follower,auto,0.9830793142318726,0.9267899394035339,0.756176769733429,0,1,0,-0.9830793142318726,0.07321006059646606,-0.756176769733429,-19.948467909833713,-20,7.17870082467719,0,80,100,0.00020384788513183594,-0.003820289857685566,0.026218988001346588,-0.011289672926068306,0.9995852708816528,,,,,,,,0,0
1754554372.090175,1,follower,auto,0.054852183908224106,0.8904549479484558,1.0854638814926147,0.0,1.0,1.0,-0.054852183908224106,0.10954505205154419,-0.08546388149261475,-7.908810427534723,-4.433366498837367,10.350841236810219,0,70,100,0.10025286674499512,-0.003820289857685566,0.026218988001346588,-0.011289672926068306,0.9995852708816528,,,,,,,,0,0
1754554372.245088,0,follower,auto,0.9830793142318726,0.9267899394035339,0.756176769733429,0,1,0,-0.9830793142318726,0.07321006059646606,-0.756176769733429,0,0,0,0,0,100,0,-0.003820289857685566,0.026218988001346588,-0.011289672926068306,0.9995852708816528,0.1,-0.30043856829214155,0.2636429319301812,-0.07985439406978623,1.1332985983779433,0.7949684734384433,0.7961039667683221,0,0
1754554372.3453658,1,leader,auto,0.054852183908224106,0.8904549479484558,1.0854638814926147,0.0,1.0,1.0,-0.054852183908224106,0.10954505205154419,-0.08546388149261475,0,0,0,0,70,100,0,-0.003820289857685566,0.026218988001346588,-0.011289672926068306,0.9995852708816528,1.0,-0.07347005785269367,0.07546999625545114,-0.09736053838326608,0.09158721283457094,0.8527199498207303,1.1341441506842478,0,0
1754554372.345713,0,follower,auto,0.9477123618125916,0.910833477973938,0.7649886012077332,0,1,0,-0.9477123618125916,0.08916652202606201,-0.7649886012077332,-19.929280072313823,-20,8.155432791739475,0,80,100,0.00011730194091796875,-0.004512777552008629,0.026528894901275635,-0.01015105564147234,0.9995863437652588,,,,,,,,0,0
1754554372.4460058,1,follower,auto,0.054592352360486984,0.8803382515907288,1.09516179561615,0.0,1.0,1.0,-0.054592352360486984,0.11966174840927124,-0.0951617956161499,-8.918396166189952,-4.460127534937708,11.34568889519582,0,70,100,0.1002190113067627,-0.004512777552008629,0.026528894901275635,-0.01015105564147234,0.9995863437652588,,,,,,,,0,0
1754554372.551053,0,follower,auto,0.9477123618125916,0.910833477973938,0.7649886012077332,0,1,0,-0.9477123618125916,0.08916652202606201,-0.7649886012077332,0,0,0,0,0,100,0,-0.004512777552008629,0.026528894901275635,-0.01015105564147234,0.9995863437652588,0.1,-0.30480816364462804,0.259393184576469,-0.07299756049497497,1.1001164436349056,0.7811368856857035,0.8014873814552206,0,0
1754554372.6513166,1,leader,auto,0.054592352360486984,0.8803382515907288,1.09516179561615,0.0,1.0,1.0,-0.054592352360486984,0.11966174840927124,-0.0951617956161499,0,0,0,0,70,100,0,-0.004512777552008629,0.026528894901275635,-0.01015105564147234,0.9995863437652588,1.0,-0.07085925741135937,0.07842886875778854,-0.09934847763390486,0.09002198106616667,0.8411238172118345,1.1448360344331023,0,0
1754554372.651704,0,follower,auto,0.9242265224456787,0.9061033725738525,0.767289936542511,0,1,0,-0.9242265224456787,0.09389662742614746,-0.767289936542511,-19.97005706127354,-20,9.1765545723527,0,80,100,0.00011587142944335938,-0.004876864608377218,0.026585889980196953,-0.010742714628577232,0.9995769262313843,,,,,,,,0,0
1754554372.7519984,1,follower,auto,0.05434386432170868,0.8783890008926392,1.0989924669265747,0.0,1.0,1.0,-0.05434386432170868,0.12161099910736084,-0.09899246692657471,-8.95619251466526,-4.47582661754544,12.36802750581804,0,70,100,0.1002054214477539,-0.004876864608377218,0.026585889980196953,-0.010742714628577232,0.9995769262313843,,,,,,,,0,0
1754554372.8724964,0,follower,auto,0.9242265224456787,0.9061033725738525,0.767289936542511,0,1,0,-0.9242265224456787,0.09389662742614746,-0.767289936542511,0,0,0,0,0,100,0,-0.004876864608377218,0.026585889980196953,-0.010742714628577232,0.9995769262313843,0.1,-0.2937752768133792,0.27026642408108437,-0.0791252434041868,1.0711141608523684,0.7709701605333104,0.8068525582446044,0,0
1754554372.9727476,1,leader,auto,0.05434386432170868,0.8783890008926392,1.0989924669265747,0.0,1.0,1.0,-0.05434386432170868,0.12161099910736084,-0.09899246692657471,0,0,0,0,70,100,0,-0.004876864608377218,0.026585889980196953,-0.010742714628577232,0.9995769262313843,1.0,-0.06904249319787595,0.09150412602173952,-0.11060098553315711,0.08886511092064665,0.8326369378817694,1.1542929596931533,0,0
1754554372.9731126,0,follower,auto,0.90199214220047,0.9125666618347168,0.7665411829948425,0,1,0,-0.90199214220047,0.0874333381652832,-0.7665411829948425,-20,-20,8.196499512126723,0,80,100,0.00011515617370605469,-0.0036941117141395807,0.02656431496143341,-0.008490199223160744,0.9996042847633362,,,,,,,,0,0
1754554373.0733995,1,follower,auto,0.05586585775017738,0.8799237608909607,1.1000325679779053,0.0,1.0,1.0,-0.05586585775017738,0.1200762391090393,-0.10003256797790527,-9.978706592728892,-4.49804346545534,12.385651451809117,0,70,100,0.1002187728881836,-0.0036941117141395807,0.02656431496143341,-0.008490199223160744,0.9996042847633362,,,,,,,,0,0
1754554373.2610571,0,follower,auto,0.90199214220047,0.9125666618347168,0.7665411829948425,0,1,0,-0.90199214220047,0.0874333381652832,-0.7665411829948425,0,0,0,0,0,100,0,-0.0036941117141395807,0.02656431496143341,-0.008490199223160744,0.9996042847633362,0.1,-0.2864431048991143,0.2879478458699394,-0.08887696127529876,1.0452136946500272,0.7685927388997471,0.810979663632492,0,0
1754554373.3616085,1,leader,auto,0.05586585775017738,0.8799237608909607,1.1000325679779053,0.0,1.0,1.0,-0.05586585775017738,0.1200762391090393,-0.10003256797790527,0,0,0,0,70,100,0,-0.0036941117141395807,0.02656431496143341,-0.008490199223160744,0.9996042847633362,1.0,-0.06600648171758136,0.10407666904326962,-0.1236437682603746,0.08886909860896806,0.8278854263693258,1.1618544521080927,0,0
1754554373.3627298,0,follower,auto,0.8707821369171143,0.9201708436012268,0.7687469720840454,0,1,0,-0.8707821369171143,0.0798291563987732,-0.7687469720840454,-20,-20,7.187555335024202,0,80,100,0.0003590583801269531,-0.003979681991040707,0.026742763817310333,-0.00715514225885272,0.9996088147163391,,,,,,,,0,0
1754554373.4633446,1,follower,auto,0.06063482537865639,0.8876358866691589,1.0985773801803589,0.0,1.0,1.0,-0.06063482537865639,0.11236411333084106,-0.09857738018035889,-9.012357654097736,-5.535657047954191,11.403937428731593,0,70,100,0.10038232803344727,-0.003979681991040707,0.026742763817310333,-0.00715514225885272,0.9996088147163391,,,,,,,,0,0
1754554373.571148,0,follower,auto,0.8707821369171143,0.9201708436012268,0.7687469720840454,0,1,0,-0.8707821369171143,0.0798291563987732,-0.7687469720840454,0,0,0,0,0,100,0,-0.003979681991040707,0.026742763817310333,-0.00715514225885272,0.9996088147163391,0.1,-0.2917016266371908,0.29777310005911695,-0.09277338979683925,1.0166329502357097,0.7712842935716684,0.815133666982465,0,0
1754554373.6715438,1,leader,auto,0.06063482537865639,0.8876358866691589,1.0985773801803589,0.0,1.0,1.0,-0.06063482537865639,0.11236411333084106,-0.09857738018035889,0,0,0,0,70,100,0,-0.003979681991040707,0.026742763817310333,-0.00715514225885272,0.9996088147163391,1.0,-0.06111909152264841,0.11923364609361142,-0.13639103614644332,0.09119437113998059,0.8280190636223532,1.1667728982535805,0,0
1754554373.671902,0,follower,auto,0.8381893634796143,0.9207031726837158,0.7602518796920776,0,1,0,-0.8381893634796143,0.07929682731628418,-0.7602518796920776,-20,-20,7.233579899686338,0,80,100,0.00011944770812988281,-0.006262033246457577,0.026051171123981476,-0.009216182865202427,0.999598503112793,,,,,,,,0,0
1754554373.7722287,1,follower,auto,0.06382835656404495,0.8962178826332092,1.0952575206756592,0.0,1.0,1.0,-0.06382835656404495,0.10378211736679077,-0.09525752067565918,-9.0309167974958,-5.555319857292471,10.413490727406405,0,70,100,0.10025811195373535,-0.006262033246457577,0.026051171123981476,-0.009216182865202427,0.999598503112793,,,,,,,,0,0
1754554373.969459,0,follower,auto,0.8381893634796143,0.9207031726837158,0.7602518796920776,0,1,0,-0.8381893634796143,0.07929682731628418,-0.7602518796920776,0,0,0,0,0,100,0,-0.006262033246457577,0.026051171123981476,-0.009216182865202427,0.999598503112793,0.1,-0.29529454179576975,0.29476975746554646,-0.10611590358802547,0.9858366343774991,0.7733182939509426,0.8133098314860904,0,0
1754554374.0699027,1,leader,auto,0.06382835656404495,0.8962178826332092,1.0952575206756592,0.0,1.0,1.0,-0.06382835656404495,0.10378211736679077,-0.09525752067565918,0,0,0,0,70,100,0,-0.006262033246457577,0.026051171123981476,-0.009216182865202427,0.999598503112793,1.0,-0.06150815350964117,0.1283480072321792,-0.1464859066951114,0.09458243331886554,0.8320438790171196,1.1685004740232148,0,0
1754554374.0702808,0,follower,auto,0.7859563231468201,0.9190100431442261,0.7497447729110718,0,1,0,-0.7859563231468201,0.08098995685577393,-0.7497447729110718,-20,-20,8.256992159431505,0,80,100,0.00011038780212402344,-0.003688776632770896,0.02669808641076088,-0.006483299192041159,0.9996157884597778,,,,,,,,0,0
1754554374.1706092,1,follower,auto,0.06664597988128662,0.9008826613426208,1.0882270336151123,0.0,1.0,1.0,-0.06664597988128662,0.09911733865737915,-0.0882270336151123,-8.022398032956398,-5.586228750405638,9.430786922830839,0,70,100,0.10025715827941895,-0.003688776632770896,0.02669808641076088,-0.006483299192041159,0.9996157884597778,,,,,,,,0,0
1754554374.287163,0,follower,auto,0.7859563231468201,0.9190100431442261,0.7497447729110718,0,1,0,-0.7859563231468201,0.08098995685577393,-0.7497447729110718,0,0,0,0,0,100,0,-0.003688776632770896,0.02669808641076088,-0.006483299192041159,0.9996157884597778,0.1,-0.31606064834464953,0.2904087445241942,-0.11460464152118133,0.9439866473191448,0.773805670882129,0.8070470936716625,0,0
1754554374.3874648,1,leader,auto,0.06664597988128662,0.9008826613426208,1.0882270336151123,0.0,1.0,1.0,-0.06664597988128662,0.09911733865737915,-0.0882270336151123,0,0,0,0,70,100,0,-0.003688776632770896,0.02669808641076088,-0.006483299192041159,0.9996157884597778,1.0,-0.06332834148290206,0.1290345268380677,-0.15540344678404105,0.09831015062273765,0.836365397923587,1.1659287570071328,0,0
1754554374.3878193,0,follower,auto,0.7432644963264465,0.9211431741714478,0.7471662163734436,0,1,0,-0.7432644963264465,0.07885682582855225,-0.7471662163734436,-20,-20,7.227874022169509,0,70,100,0.00010943412780761719,-0.006673519033938646,0.02650580368936062,-0.009037742391228676,0.9995855093002319,,,,,,,,0,0
1754554374.488127,1,follower,auto,0.06688154488801956,0.8990471959114075,1.0819549560546875,0.0,1.0,1.0,-0.06688154488801956,0.10095280408859253,-0.0819549560546875,-7.989015796844088,-5.600504089074709,10.435632365721016,0,70,100,0.10024428367614746,-0.006673519033938646,0.02650580368936062,-0.009037742391228676,0.9995855093002319,,,,,,,,0,0
1754554374.592052,0,follower,auto,0.7432644963264465,0.9211431741714478,0.7471662163734436,0,1,0,-0.7432644963264465,0.07885682582855225,-0.7471662163734436,0,0,0,0,0,100,0,-0.006673519033938646,0.02650580368936062,-0.009037742391228676,0.9995855093002319,0.1,-0.3147782427225434,0.2917258865035359,-0.11115512749733036,0.9006536176877182,0.7752802309196798,0.8027437801221088,0,0
1754554374.6925461,1,leader,auto,0.06688154488801956,0.8990471959114075,1.0819549560546875,0.0,1.0,1.0,-0.06688154488801956,0.10095280408859253,-0.0819549560546875,0,0,0,0,70,100,0,-0.006673519033938646,0.02650580368936062,-0.009037742391228676,0.9995855093002319,1.0,-0.06797373862664371,0.12186752365467868,-0.15765635297633196,0.10086841420134142,0.8381134340840681,1.1607831325428535,0,0
1754554374.7932446,0,follower,auto,0.7021187543869019,0.9280840754508972,0.7538700103759766,0,1,0,-0.7021187543869019,0.07191592454910278,-0.7538700103759766,-20,-20,7.172048614455342,0,80,100,0.10026383399963379,-0.0025478522293269634,0.026119939982891083,-0.007809626404196024,0.9996250867843628,,,,,,,,0,0
1754554378.902795,1,follower,auto,0.06569427996873856,0.8992382884025574,1.074043869972229,0.0,1.0,1.0,-0.06569427996873856,0.10076171159744263,-0.074043869972229,-6.984177131373859,-5.615058960669452,10.452073928647502,0,,100,4.109302997589111,-0.0025478522293269634,0.026119939982891083,-0.007809626404196024,0.9996250867843628,,,,,,,,0,0
1754554379.0297263,0,follower,auto,0.7021187543869019,0.9280840754508972,0.7538700103759766,0,1,0,-0.7021187543869019,0.07191592454910278,-0.7538700103759766,0,0,0,0,0,100,0,-0.0025478522293269634,0.026119939982891083,-0.007809626404196024,0.9996250867843628,0.1,-0.31055647804008335,0.29677141569018706,-0.09959503504260014,0.8573969934069435,0.7796983676058037,0.8036675278972767,0,0
1754554379.1299994,1,leader,auto,0.06569427996873856,0.8992382884025574,1.074043869972229,0.0,1.0,1.0,-0.06569427996873856,0.10076171159744263,-0.074043869972229,0,0,0,0,0,100,0,-0.0025478522293269634,0.026119939982891083,-0.007809626404196024,0.9996250867843628,1.0,-0.07256160950973814,0.11976886912636397,-0.15982150225188896,0.10197508472360763,0.8393538538393754,1.1539546210981735,0,0
1754554379.267274,0,follower,auto,0.38874298334121704,0.05763748288154602,0.8899000883102417,0,1,0,-0.38874298334121704,0.942362517118454,-0.8899000883102417,0,0,0,0,0,100,0,-0.008127599023282528,0.029996104538440704,-0.0028489951509982347,0.9995129108428955,0.1,-0.5789366713421876,-0.578867312663601,0.03531089895502382,0.6782113190123109,0.34707113921334654,0.8722446388327298,0,0
1754554379.3676348,1,leader,auto,0.1068214625120163,0.05949625000357628,1.036501407623291,0.0,1.0,1.0,-0.1068214625120163,0.9405037499964237,-0.036501407623291016,0,0,0,0,0,100,0,-0.008127599023282528,0.029996104538440704,-0.0028489951509982347,0.9995129108428955,0.8,-0.033076843783714394,-0.722613232735396,-0.18980002192716228,0.1233598844038735,0.4208028663712743,1.1314014185868722,0,0
1754554379.487653,0,follower,auto,0.3885025084018707,0.05766739696264267,0.8897383213043213,0,1,0,-0.3885025084018707,0.9423326030373573,-0.8897383213043213,0,0,0,0,0,100,0,-0.008212129585444927,0.030051907524466515,-0.00278413575142622,0.9995108246803284,0.1,-0.3794659048929482,-0.08568945830359523,-0.04307179052765675,0.5782354608483449,0.10051212611444028,0.9112742165681497,0,0
1754554379.5881624,1,leader,auto,0.10682328790426254,0.059505779296159744,1.0364983081817627,0.0,1.0,1.0,-0.10682328790426254,0.9404942207038403,-0.036498308181762695,0,0,0,0,0,100,0,-0.008212129585444927,0.030051907524466515,-0.00278413575142622,0.9995108246803284,0.95,-0.057759497967543455,-0.24648561255185986,-0.16441599125113537,0.13570303688803426,0.18274858557208967,1.1187063038073304,0,0
