timestamp,drone_id,role,mode,x,y,z,target_x,target_y,target_z,error_x,error_y,error_z,rc_lr,rc_fb,rc_ud,rc_yaw,height,battery,process_time,quat_x,quat_y,quat_z,quat_w,trust,obs_error_x,obs_error_y,obs_error_z,obs_state_x,obs_state_y,obs_state_z,battery,height,leader_status,exec_time,control_anomaly,position_missing
1754539155.037995,0,leader,manual,0.08476552367210388,0.05490773543715477,0.0922110453248024,0,1,0,-0.08476552367210388,0.9450922645628452,-0.0922110453248024,0,0,0,0,0,100,0,0.007801411673426628,0.02961702086031437,0.0023269655648618937,-0.999528169631958,1.0,0.0,0.0,0.0,0.0,0.0,0.0,0,0
1754539155.0382657,1,follower,manual,0.078978531062603,0.05717535689473152,0.8520901799201965,0,1,1,-0.078978531062603,0.9428246431052685,0.14790982007980347,0,0,0,0,0,100,0,0.007801411673426628,0.02961702086031437,0.0023269655648618937,-0.999528169631958,1.0,0.0,0.0,0.0,0.0,0.0,0.0,0,0
1754539156.0781968,0,leader,manual,0.08476700633764267,0.0548841618001461,0.09220714122056961,0,1,0,-0.08476700633764267,0.9451158381998539,-0.09220714122056961,0,0,0,0,0,100,0,0.00784182921051979,0.029604192823171616,0.0022896842565387487,-0.9995283484458923,1.0,0.0,0.0,0.0,0.0,0.0,0.0,0,0
1754539156.078374,1,follower,manual,0.07897555828094482,0.05719807371497154,0.8520838618278503,0,1,1,-0.07897555828094482,0.9428019262850285,0.14791613817214966,0,0,0,0,0,100,0,0.00784182921051979,0.029604192823171616,0.0022896842565387487,-0.9995283484458923,1.0,0.0,0.0,0.0,0.0,0.0,0.0,0,0
1754539156.2832406,0,leader,manual,0.08475954830646515,0.0548919253051281,0.0922066867351532,0,1,0,-0.08475954830646515,0.9451080746948719,-0.0922066867351532,0,0,0,0,0,100,0,0.007786460220813751,0.02963874116539955,0.002283442299813032,-0.9995277523994446,1.0,0.0,0.0,0.0,0.0,0.0,0.0,0,0
1754539156.2835221,1,follower,manual,0.07897522300481796,0.05720212310552597,0.8520725965499878,0,1,1,-0.07897522300481796,0.942797876894474,0.1479274034500122,0,0,0,0,0,100,0,0.007786460220813751,0.02963874116539955,0.002283442299813032,-0.9995277523994446,1.0,0.0,0.0,0.0,0.0,0.0,0.0,0,0
1754539156.4389527,0,leader,manual,0.08477894216775894,0.054900046437978745,0.09220614284276962,0,1,0,-0.08477894216775894,0.9450999535620213,-0.09220614284276962,0,0,0,0,0,100,0,0.007946763187646866,0.02959674783051014,0.002334179123863578,-0.9995276927947998,1.0,0.0,0.0,0.0,0.0,0.0,0.0,0,0
1754539156.4390647,1,follower,manual,0.07897406071424484,0.05720476806163788,0.8520725965499878,0,1,1,-0.07897406071424484,0.9427952319383621,0.1479274034500122,0,0,0,0,0,100,0,0.007946763187646866,0.02959674783051014,0.002334179123863578,-0.9995276927947998,1.0,0.0,0.0,0.0,0.0,0.0,0.0,0,0
1754539156.6711197,0,leader,manual,0.08476734161376953,0.05489226058125496,0.09222177416086197,0,1,0,-0.08476734161376953,0.945107739418745,-0.09222177416086197,0,0,0,0,0,100,0,0.00777848856523633,0.02960045263171196,0.0023248225916177034,-0.9995288252830505,1.0,0.0,0.0,0.0,0.0,0.0,0.0,0,0
1754539156.6712112,1,follower,manual,0.07897000014781952,0.05719180032610893,0.8520718812942505,0,1,1,-0.07897000014781952,0.9428081996738911,0.1479281187057495,0,0,0,0,0,100,0,0.00777848856523633,0.02960045263171196,0.0023248225916177034,-0.9995288252830505,1.0,0.0,0.0,0.0,0.0,0.0,0.0,0,0
1754539156.8485432,0,leader,manual,0.08475221693515778,0.05489166080951691,0.09221556782722473,0,1,0,-0.08475221693515778,0.9451083391904831,-0.09221556782722473,0,0,0,0,0,100,0,0.007927416823804379,0.02958943508565426,0.0023188272025436163,-0.9995279908180237,1.0,0.0,0.0,0.0,0.0,0.0,0.0,0,0
1754539156.8486726,1,follower,manual,0.07900351285934448,0.057202838361263275,0.8521028161048889,0,1,1,-0.07900351285934448,0.9427971616387367,0.14789718389511108,0,0,0,0,0,100,0,0.007927416823804379,0.02958943508565426,0.0023188272025436163,-0.9995279908180237,1.0,0.0,0.0,0.0,0.0,0.0,0.0,0,0
1754539157.0506809,0,leader,manual,0.08476539701223373,0.0548933781683445,0.09220504015684128,0,1,0,-0.08476539701223373,0.9451066218316555,-0.09220504015684128,0,0,0,0,0,100,0,0.007860038429498672,0.02957209199666977,0.002304369816556573,-0.9995291829109192,1.0,0.0,0.0,0.0,0.0,0.0,0.0,0,0
1754539157.050999,1,follower,manual,0.07898546010255814,0.05719827860593796,0.8520894050598145,0,1,1,-0.07898546010255814,0.942801721394062,0.14791059494018555,0,0,0,0,0,100,0,0.007860038429498672,0.02957209199666977,0.002304369816556573,-0.9995291829109192,1.0,0.0,0.0,0.0,0.0,0.0,0.0,0,0
1754539157.2793922,0,leader,manual,0.0847591757774353,0.054893530905246735,0.09220516681671143,0,1,0,-0.0847591757774353,0.9451064690947533,-0.09220516681671143,0,0,0,0,0,100,0,0.007901720702648163,0.029569245874881744,0.0022958689369261265,-0.9995289444923401,1.0,0.0,0.0,0.0,0.0,0.0,0.0,0,0
1754539157.2795625,1,follower,manual,0.07898004353046417,0.05718056485056877,0.8520743250846863,0,1,1,-0.07898004353046417,0.9428194351494312,0.14792567491531372,0,0,0,0,0,100,0,0.007901720702648163,0.029569245874881744,0.0022958689369261265,-0.9995289444923401,1.0,0.0,0.0,0.0,0.0,0.0,0.0,0,0
1754539157.4361675,0,leader,manual,0.08476073294878006,0.05488751083612442,0.09220447391271591,0,1,0,-0.08476073294878006,0.9451124891638756,-0.09220447391271591,0,0,0,0,0,100,0,0.007957354187965393,0.029539158567786217,0.0023228172212839127,-0.9995293021202087,1.0,0.0,0.0,0.0,0.0,0.0,0.0,0,0
1754539157.436248,1,follower,manual,0.078986756503582,0.057170569896698,0.8520833849906921,0,1,1,-0.078986756503582,0.942829430103302,0.14791661500930786,0,0,0,0,0,100,0,0.007957354187965393,0.029539158567786217,0.0023228172212839127,-0.9995293021202087,1.0,0.0,0.0,0.0,0.0,0.0,0.0,0,0
1754539157.638791,0,leader,manual,0.08477523177862167,0.054879914969205856,0.09221907705068588,0,1,0,-0.08477523177862167,0.9451200850307941,-0.09221907705068588,0,0,0,0,0,100,0,0.007899782620370388,0.029549172148108482,0.002235532272607088,-0.9995296001434326,1.0,0.0,0.0,0.0,0.0,0.0,0.0,0,0
1754539157.6390665,1,follower,manual,0.0789928212761879,0.05716762691736221,0.8520929217338562,0,1,1,-0.0789928212761879,0.9428323730826378,0.1479070782661438,0,0,0,0,0,100,0,0.007899782620370388,0.029549172148108482,0.002235532272607088,-0.9995296001434326,1.0,0.0,0.0,0.0,0.0,0.0,0.0,0,0
1754539157.8415868,0,leader,manual,0.08476636558771133,0.05487340688705444,0.09221527725458145,0,1,0,-0.08476636558771133,0.9451265931129456,-0.09221527725458145,0,0,0,0,0,100,0,0.00791997741907835,0.029561474919319153,0.0023237005807459354,-0.9995288848876953,1.0,0.0,0.0,0.0,0.0,0.0,0.0,0,0
1754539157.8418744,1,follower,manual,0.07898777723312378,0.05718066543340683,0.8520904183387756,0,1,1,-0.07898777723312378,0.9428193345665932,0.14790958166122437,0,0,0,0,0,100,0,0.00791997741907835,0.029561474919319153,0.0023237005807459354,-0.9995288848876953,1.0,0.0,0.0,0.0,0.0,0.0,0.0,0,0
1754539158.0464427,0,leader,manual,0.08476006984710693,0.05489213764667511,0.09222567081451416,0,1,0,-0.08476006984710693,0.9451078623533249,-0.09222567081451416,0,0,0,0,0,100,0,0.007871400564908981,0.02955682948231697,0.002276941202580929,-0.9995295405387878,1.0,0.0,0.0,0.0,0.0,0.0,0.0,0,0
1754539158.0468116,1,follower,manual,0.07897718995809555,0.05718701332807541,0.8520860075950623,0,1,1,-0.07897718995809555,0.9428129866719246,0.14791399240493774,0,0,0,0,0,100,0,0.007871400564908981,0.02955682948231697,0.002276941202580929,-0.9995295405387878,1.0,0.0,0.0,0.0,0.0,0.0,0.0,0,0
1754539158.2513595,0,leader,manual,0.0847703292965889,0.05488845705986023,0.09220666438341141,0,1,0,-0.0847703292965889,0.9451115429401398,-0.09220666438341141,0,0,0,0,0,100,0,0.007864893414080143,0.029510661959648132,0.0022315678652375937,-0.9995310306549072,1.0,0.0,0.0,0.0,0.0,0.0,0.0,0,0
1754539158.2516086,1,follower,manual,0.07898492366075516,0.05719272419810295,0.8520563244819641,0,1,1,-0.07898492366075516,0.942807275801897,0.1479436755180359,0,0,0,0,0,100,0,0.007864893414080143,0.029510661959648132,0.0022315678652375937,-0.9995310306549072,1.0,0.0,0.0,0.0,0.0,0.0,0.0,0,0
1754539158.455168,0,leader,manual,0.08476418256759644,0.05489790067076683,0.09223386645317078,0,1,0,-0.08476418256759644,0.9451020993292332,-0.09223386645317078,0,0,0,0,0,100,0,0.008003869093954563,0.029575148597359657,0.0023243629839271307,-0.9995278716087341,1.0,0.0,0.0,0.0,0.0,0.0,0.0,0,0
1754539158.4552944,1,follower,manual,0.0789991095662117,0.057197440415620804,0.8520832657814026,0,1,1,-0.0789991095662117,0.9428025595843792,0.1479167342185974,0,0,0,0,0,100,0,0.008003869093954563,0.029575148597359657,0.0023243629839271307,-0.9995278716087341,1.0,0.0,0.0,0.0,0.0,0.0,0.0,0,0
1754539158.6587312,0,leader,manual,0.0847705602645874,0.05489359796047211,0.09222646802663803,0,1,0,-0.0847705602645874,0.9451064020395279,-0.09222646802663803,0,0,0,0,0,100,0,0.007868175394833088,0.029615793377161026,0.0023185843601822853,-0.9995277523994446,1.0,0.0,0.0,0.0,0.0,0.0,0.0,0,0
1754539158.6588578,1,follower,manual,0.0790117084980011,0.05721648782491684,0.8520803451538086,0,1,1,-0.0790117084980011,0.9427835121750832,0.1479196548461914,0,0,0,0,0,100,0,0.007868175394833088,0.029615793377161026,0.0023185843601822853,-0.9995277523994446,1.0,0.0,0.0,0.0,0.0,0.0,0.0,0,0
1754539158.8639655,0,leader,manual,0.08478238433599472,0.054906342178583145,0.09222162514925003,0,1,0,-0.08478238433599472,0.9450936578214169,-0.09222162514925003,0,0,0,0,0,100,0,0.007933980785310268,0.029554113745689392,0.0022997064515948296,-0.9995290637016296,1.0,0.0,0.0,0.0,0.0,0.0,0.0,0,0
1754539158.8640661,1,follower,manual,0.07901620864868164,0.05721953883767128,0.8520563244819641,0,1,1,-0.07901620864868164,0.9427804611623287,0.1479436755180359,0,0,0,0,0,100,0,0.007933980785310268,0.029554113745689392,0.0022997064515948296,-0.9995290637016296,1.0,0.0,0.0,0.0,0.0,0.0,0.0,0,0
1754539159.0680406,0,leader,manual,0.08476578444242477,0.054887570440769196,0.09221777319908142,0,1,0,-0.08476578444242477,0.9451124295592308,-0.09221777319908142,0,0,0,0,0,100,0,0.00787032674998045,0.029561597853899002,0.002277601743116975,-0.9995293617248535,1.0,0.0,0.0,0.0,0.0,0.0,0.0,0,0
1754539159.0681305,1,follower,manual,0.07899419218301773,0.05720286816358566,0.8520763516426086,0,1,1,-0.07899419218301773,0.9427971318364143,0.14792364835739136,0,0,0,0,0,100,0,0.00787032674998045,0.029561597853899002,0.002277601743116975,-0.9995293617248535,1.0,0.0,0.0,0.0,0.0,0.0,0.0,0,0
1754539159.2730656,0,leader,manual,0.08475804328918457,0.054902561008930206,0.09221941977739334,0,1,0,-0.08475804328918457,0.9450974389910698,-0.09221941977739334,0,0,0,0,0,100,0,0.007891305722296238,0.02956881746649742,0.002282010391354561,-0.9995290040969849,1.0,0.0,0.0,0.0,0.0,0.0,0.0,0,0
1754539159.273167,1,follower,manual,0.07898927479982376,0.057204049080610275,0.852083683013916,0,1,1,-0.07898927479982376,0.9427959509193897,0.14791631698608398,0,0,0,0,0,100,0,0.007891305722296238,0.02956881746649742,0.002282010391354561,-0.9995290040969849,1.0,0.0,0.0,0.0,0.0,0.0,0.0,0,0
1754539159.4767783,0,leader,manual,0.08476024866104126,0.054898642003536224,0.09222272783517838,0,1,0,-0.08476024866104126,0.9451013579964638,-0.09222272783517838,0,0,0,0,0,100,0,0.007879143580794334,0.029586048796772957,0.0022842916660010815,-0.9995286464691162,1.0,0.0,0.0,0.0,0.0,0.0,0.0,0,0
1754539159.476904,1,follower,manual,0.07899563759565353,0.05719982832670212,0.8520870208740234,0,1,1,-0.07899563759565353,0.9428001716732979,0.14791297912597656,0,0,0,0,0,100,0,0.007879143580794334,0.029586048796772957,0.0022842916660010815,-0.9995286464691162,1.0,0.0,0.0,0.0,0.0,0.0,0.0,0,0
1754539159.6513221,0,leader,manual,0.08475504070520401,0.05489111319184303,0.09221657365560532,0,1,0,-0.08475504070520401,0.945108886808157,-0.09221657365560532,0,0,0,0,0,100,0,0.007869698107242584,0.02954457886517048,0.0022398519795387983,-0.999530017375946,1.0,0.0,0.0,0.0,0.0,0.0,0.0,0,0
1754539159.651439,1,follower,manual,0.07900053262710571,0.057200733572244644,0.8520640730857849,0,1,1,-0.07900053262710571,0.9427992664277554,0.1479359269142151,0,0,0,0,0,100,0,0.007869698107242584,0.02954457886517048,0.0022398519795387983,-0.999530017375946,1.0,0.0,0.0,0.0,0.0,0.0,0.0,0,0
1754539159.8421984,0,leader,manual,0.08475571870803833,0.054892342537641525,0.09221623837947845,0,1,0,-0.08475571870803833,0.9451076574623585,-0.09221623837947845,0,0,0,0,0,100,0,0.0079650254920125,0.029586782678961754,0.0022968032862991095,-0.9995279312133789,1.0,0.0,0.0,0.0,0.0,0.0,0.0,0,0
1754539159.8424249,1,follower,manual,0.07900708168745041,0.05720367282629013,0.8520737290382385,0,1,1,-0.07900708168745041,0.9427963271737099,0.14792627096176147,0,0,0,0,0,100,0,0.0079650254920125,0.029586782678961754,0.0022968032862991095,-0.9995279312133789,1.0,0.0,0.0,0.0,0.0,0.0,0.0,0,0
1754539160.0444272,0,leader,manual,0.08475564420223236,0.0548785999417305,0.09221868216991425,0,1,0,-0.08475564420223236,0.9451214000582695,-0.09221868216991425,0,0,0,0,0,100,0,0.007859485223889351,0.029579056426882744,0.0023224418982863426,-0.9995288252830505,1.0,0.0,0.0,0.0,0.0,0.0,0.0,0,0
1754539160.0447352,1,follower,manual,0.07899519056081772,0.05718875303864479,0.8520758152008057,0,1,1,-0.07899519056081772,0.9428112469613552,0.14792418479919434,0,0,0,0,0,100,0,0.007859485223889351,0.029579056426882744,0.0023224418982863426,-0.9995288252830505,1.0,0.0,0.0,0.0,0.0,0.0,0.0,0,0
1754539160.24969,0,leader,manual,0.08477006107568741,0.05488147959113121,0.09221059083938599,0,1,0,-0.08477006107568741,0.9451185204088688,-0.09221059083938599,0,0,0,0,0,100,0,0.007866499945521355,0.02958231046795845,0.0022703390568494797,-0.9995288252830505,1.0,0.0,0.0,0.0,0.0,0.0,0.0,0,0
1754539160.2498875,1,follower,manual,0.07900180667638779,0.057190921157598495,0.8520604968070984,0,1,1,-0.07900180667638779,0.9428090788424015,0.1479395031929016,0,0,0,0,0,100,0,0.007866499945521355,0.02958231046795845,0.0022703390568494797,-0.9995288252830505,1.0,0.0,0.0,0.0,0.0,0.0,0.0,0,0
1754539160.4544816,0,leader,manual,0.08476952463388443,0.05487837642431259,0.09222055226564407,0,1,0,-0.08476952463388443,0.9451216235756874,-0.09222055226564407,0,0,0,0,0,100,0,0.007858874276280403,0.029592370614409447,0.0022705942392349243,-0.9995285868644714,1.0,0.0,0.0,0.0,0.0,0.0,0.0,0,0
1754539160.454592,1,follower,manual,0.07900020480155945,0.057192493230104446,0.8520848751068115,0,1,1,-0.07900020480155945,0.9428075067698956,0.14791512489318848,0,0,0,0,0,100,0,0.007858874276280403,0.029592370614409447,0.0022705942392349243,-0.9995285868644714,1.0,0.0,0.0,0.0,0.0,0.0,0.0,0,0
1754539160.659,0,leader,manual,0.08477845788002014,0.05488061532378197,0.09222843497991562,0,1,0,-0.08477845788002014,0.945119384676218,-0.09222843497991562,0,0,0,0,0,100,0,0.007839986123144627,0.029597589746117592,0.002277911175042391,-0.9995285868644714,1.0,0.0,0.0,0.0,0.0,0.0,0.0,0,0
1754539160.659435,1,follower,manual,0.07899560034275055,0.05720004811882973,0.8520839214324951,0,1,1,-0.07899560034275055,0.9427999518811703,0.14791607856750488,0,0,0,0,0,100,0,0.007839986123144627,0.029597589746117592,0.002277911175042391,-0.9995285868644714,1.0,0.0,0.0,0.0,0.0,0.0,0.0,0,0
1754539160.8631446,0,leader,manual,0.08478058874607086,0.05489226430654526,0.09222812950611115,0,1,0,-0.08478058874607086,0.9451077356934547,-0.09222812950611115,0,0,0,0,0,100,0,0.00784684345126152,0.029583819210529327,0.0022770767100155354,-0.9995289444923401,1.0,0.0,0.0,0.0,0.0,0.0,0.0,0,0
1754539160.8632567,1,follower,manual,0.07900828868150711,0.05719389766454697,0.852074384689331,0,1,1,-0.07900828868150711,0.942806102335453,0.14792561531066895,0,0,0,0,0,100,0,0.00784684345126152,0.029583819210529327,0.0022770767100155354,-0.9995289444923401,1.0,0.0,0.0,0.0,0.0,0.0,0.0,0,0
1754539161.0699425,0,leader,manual,0.08477077633142471,0.054891474545001984,0.09221762418746948,0,1,0,-0.08477077633142471,0.945108525454998,-0.09221762418746948,0,0,0,0,0,100,0,0.007863548584282398,0.029580581933259964,0.0022982899099588394,-0.9995288252830505,1.0,0.0,0.0,0.0,0.0,0.0,0.0,0,0
1754539161.0701003,1,follower,manual,0.07900897413492203,0.057181525975465775,0.8520758152008057,0,1,1,-0.07900897413492203,0.9428184740245342,0.14792418479919434,0,0,0,0,0,100,0,0.007863548584282398,0.029580581933259964,0.0022982899099588394,-0.9995288252830505,1.0,0.0,0.0,0.0,0.0,0.0,0.0,0,0
1754539161.2732341,0,leader,manual,0.08477109670639038,0.054885104298591614,0.09223469346761703,0,1,0,-0.08477109670639038,0.9451148957014084,-0.09223469346761703,0,0,0,0,0,100,0,0.007878471165895462,0.029576467350125313,0.0023008587304502726,-0.9995288848876953,1.0,0.0,0.0,0.0,0.0,0.0,0.0,0,0
1754539161.2735617,1,follower,manual,0.07900479435920715,0.057193707674741745,0.852070152759552,0,1,1,-0.07900479435920715,0.9428062923252583,0.147929847240448,0,0,0,0,0,100,0,0.007878471165895462,0.029576467350125313,0.0023008587304502726,-0.9995288848876953,1.0,0.0,0.0,0.0,0.0,0.0,0.0,0,0
1754539161.4771354,0,leader,manual,0.08477006107568741,0.05488128960132599,0.09222934395074844,0,1,0,-0.08477006107568741,0.945118710398674,-0.09222934395074844,0,0,0,0,0,100,0,0.007813180796802044,0.02960880473256111,0.0023611444048583508,-0.9995282292366028,1.0,0.0,0.0,0.0,0.0,0.0,0.0,0,0
1754539161.4773195,1,follower,manual,0.07901578396558762,0.0571865551173687,0.8520840406417847,0,1,1,-0.07901578396558762,0.9428134448826313,0.14791595935821533,0,0,0,0,0,100,0,0.007813180796802044,0.02960880473256111,0.0023611444048583508,-0.9995282292366028,1.0,0.0,0.0,0.0,0.0,0.0,0.0,0,0
1754539161.68287,0,leader,manual,0.08476872742176056,0.05488540604710579,0.09222068637609482,0,1,0,-0.08476872742176056,0.9451145939528942,-0.09222068637609482,0,0,0,0,0,100,0,0.00776162464171648,0.029603565111756325,0.002291194861754775,-0.9995290040969849,1.0,0.0,0.0,0.0,0.0,0.0,0.0,0,0
1754539161.683069,1,follower,manual,0.07900301367044449,0.05719144642353058,0.8520748019218445,0,1,1,-0.07900301367044449,0.9428085535764694,0.14792519807815552,0,0,0,0,0,100,0,0.00776162464171648,0.029603565111756325,0.002291194861754775,-0.9995290040969849,1.0,0.0,0.0,0.0,0.0,0.0,0.0,0,0
1754539161.8891702,0,leader,manual,0.08475594967603683,0.05488816648721695,0.09222061187028885,0,1,0,-0.08475594967603683,0.945111833512783,-0.09222061187028885,0,0,0,0,0,100,0,0.007842356339097023,0.029619643464684486,0.002295710612088442,-0.9995279312133789,1.0,0.0,0.0,0.0,0.0,0.0,0.0,0,0
1754539161.8895278,1,follower,manual,0.07899584621191025,0.05719636753201485,0.8520671725273132,0,1,1,-0.07899584621191025,0.9428036324679852,0.14793282747268677,0,0,0,0,0,100,0,0.007842356339097023,0.029619643464684486,0.002295710612088442,-0.9995279312133789,1.0,0.0,0.0,0.0,0.0,0.0,0.0,0,0
1754539162.0387566,0,leader,manual,0.084770068526268,0.05488409101963043,0.09220553934574127,0,1,0,-0.084770068526268,0.9451159089803696,-0.09220553934574127,0,0,0,0,0,100,0,0.007872378453612328,0.02959306910634041,0.0022843405604362488,-0.9995284080505371,1.0,0.0,0.0,0.0,0.0,0.0,0.0,0,0
1754539162.0388916,1,follower,manual,0.07898736745119095,0.05717926472425461,0.8520678281784058,0,1,1,-0.07898736745119095,0.9428207352757454,0.14793217182159424,0,0,0,0,0,100,0,0.007872378453612328,0.02959306910634041,0.0022843405604362488,-0.9995284080505371,1.0,0.0,0.0,0.0,0.0,0.0,0.0,0,0
1754539162.2561162,0,leader,manual,0.08475277572870255,0.05488843470811844,0.09221456199884415,0,1,0,-0.08475277572870255,0.9451115652918816,-0.09221456199884415,0,0,0,0,0,100,0,0.007949120365083218,0.029581934213638306,0.002315375255420804,-0.9995280504226685,1.0,0.0,0.0,0.0,0.0,0.0,0.0,0,0
1754539162.2562058,1,follower,manual,0.07898389548063278,0.05718880891799927,0.8520705699920654,0,1,1,-0.07898389548063278,0.9428111910820007,0.14792943000793457,0,0,0,0,0,100,0,0.007949120365083218,0.029581934213638306,0.002315375255420804,-0.9995280504226685,1.0,0.0,0.0,0.0,0.0,0.0,0.0,0,0
1754539162.4600966,0,leader,manual,0.08475721627473831,0.05488349497318268,0.09220615029335022,0,1,0,-0.08475721627473831,0.9451165050268173,-0.09220615029335022,0,0,0,0,0,100,0,0.007910148240625858,0.029589790850877762,0.002310809213668108,-0.9995282292366028,1.0,0.0,0.0,0.0,0.0,0.0,0.0,0,0
1754539162.460187,1,follower,manual,0.0789879858493805,0.0572027750313282,0.8520631790161133,0,1,1,-0.0789879858493805,0.9427972249686718,0.14793682098388672,0,0,0,0,0,100,0,0.007910148240625858,0.029589790850877762,0.002310809213668108,-0.9995282292366028,1.0,0.0,0.0,0.0,0.0,0.0,0.0,0,0
1754539162.6651804,0,leader,manual,0.08475873619318008,0.05489203333854675,0.09221222251653671,0,1,0,-0.08475873619318008,0.9451079666614532,-0.09221222251653671,0,0,0,0,0,100,0,0.0078121330589056015,0.029574360698461533,0.002299159998074174,-0.9995294809341431,1.0,0.0,0.0,0.0,0.0,0.0,0.0,0,0
1754539162.6652927,1,follower,manual,0.07900655269622803,0.05718503147363663,0.8520769476890564,0,1,1,-0.07900655269622803,0.9428149685263634,0.1479230523109436,0,0,0,0,0,100,0,0.0078121330589056015,0.029574360698461533,0.002299159998074174,-0.9995294809341431,1.0,0.0,0.0,0.0,0.0,0.0,0.0,0,0
1754539162.8702664,0,leader,manual,0.0847662016749382,0.054886139929294586,0.09221787005662918,0,1,0,-0.0847662016749382,0.9451138600707054,-0.09221787005662918,0,0,0,0,0,100,0,0.00789948645979166,0.02964658848941326,0.0023214691318571568,-0.9995265603065491,1.0,0.0,0.0,0.0,0.0,0.0,0.0,0,0
1754539162.870348,1,follower,manual,0.07902377843856812,0.0572015605866909,0.8520848155021667,0,1,1,-0.07902377843856812,0.9427984394133091,0.14791518449783325,0,0,0,0,0,100,0,0.00789948645979166,0.02964658848941326,0.0023214691318571568,-0.9995265603065491,1.0,0.0,0.0,0.0,0.0,0.0,0.0,0,0
1754539163.0716705,0,leader,manual,0.084755077958107,0.054882198572158813,0.09220904111862183,0,1,0,-0.084755077958107,0.9451178014278412,-0.09220904111862183,0,0,0,0,0,100,0,0.00791984237730503,0.029575860127806664,0.0023189722560346127,-0.9995284676551819,1.0,0.0,0.0,0.0,0.0,0.0,0.0,0,0
1754539163.0717645,1,follower,manual,0.07900049537420273,0.057199109345674515,0.8520839214324951,0,1,1,-0.07900049537420273,0.9428008906543255,0.14791607856750488,0,0,0,0,0,100,0,0.00791984237730503,0.029575860127806664,0.0023189722560346127,-0.9995284676551819,1.0,0.0,0.0,0.0,0.0,0.0,0.0,0,0
1754539163.2764807,0,leader,manual,0.08476222306489944,0.054896291345357895,0.0922074019908905,0,1,0,-0.08476222306489944,0.9451037086546421,-0.0922074019908905,0,0,0,0,0,100,0,0.007941769436001778,0.029593054205179214,0.002379236975684762,-0.999527633190155,1.0,0.0,0.0,0.0,0.0,0.0,0.0,0,0
1754539163.2766538,1,follower,manual,0.07899951934814453,0.057194821536540985,0.8520832657814026,0,1,1,-0.07899951934814453,0.942805178463459,0.1479167342185974,0,0,0,0,0,100,0,0.007941769436001778,0.029593054205179214,0.002379236975684762,-0.999527633190155,1.0,0.0,0.0,0.0,0.0,0.0,0.0,0,0
1754539163.4808183,0,leader,manual,0.0847693383693695,0.0548924058675766,0.09221154451370239,0,1,0,-0.0847693383693695,0.9451075941324234,-0.09221154451370239,0,0,0,0,0,100,0,0.007862037979066372,0.02951687015593052,0.0021692230366170406,-0.9995310306549072,1.0,0.0,0.0,0.0,0.0,0.0,0.0,0,0
1754539163.4809885,1,follower,manual,0.0790005624294281,0.057203736156225204,0.8520961999893188,0,1,1,-0.0790005624294281,0.9427962638437748,0.14790380001068115,0,0,0,0,0,100,0,0.007862037979066372,0.02951687015593052,0.0021692230366170406,-0.9995310306549072,1.0,0.0,0.0,0.0,0.0,0.0,0.0,0,0
1754539163.6368792,0,leader,manual,0.08476433157920837,0.05489638075232506,0.09221015125513077,0,1,0,-0.08476433157920837,0.9451036192476749,-0.09221015125513077,0,0,0,0,0,100,0,0.007893426343798637,0.029545698314905167,0.0022930465638637543,-0.9995297193527222,1.0,0.0,0.0,0.0,0.0,0.0,0.0,0,0
1754539163.637304,1,follower,manual,0.07897842675447464,0.057183876633644104,0.8520727157592773,0,1,1,-0.07897842675447464,0.9428161233663559,0.14792728424072266,0,0,0,0,0,100,0,0.007893426343798637,0.029545698314905167,0.0022930465638637543,-0.9995297193527222,1.0,0.0,0.0,0.0,0.0,0.0,0.0,0,0
1754539172.037524,0,leader,manual,0.08476265519857407,0.0548863522708416,0.09221895039081573,0,1,0,-0.08476265519857407,0.9451136477291584,-0.09221895039081573,0,0,0,0,0,100,0,0.00788178015500307,0.02958122454583645,0.0022415427956730127,-0.9995288848876953,1.0,0.0,0.0,0.0,0.0,0.0,0.0,0,0
1754539172.0377,1,follower,manual,0.07899447530508041,0.05719631537795067,0.85207599401474,0,1,1,-0.07899447530508041,0.9428036846220493,0.14792400598526,0,0,0,0,0,100,0,0.00788178015500307,0.02958122454583645,0.0022415427956730127,-0.9995288848876953,1.0,0.0,0.0,0.0,0.0,0.0,0.0,0,0
1754539172.1384141,0,leader,manual,0.11176331341266632,0.8914876580238342,0.0634840652346611,0,1,0,-0.11176331341266632,0.10851234197616577,-0.0634840652346611,0,0,0,0,120,100,0,0.005668346770107746,0.02128051221370697,0.01085413247346878,-0.9996986389160156,,,,,,,,0,0
1754539172.1387234,1,follower,manual,0.06672302633523941,0.8274502158164978,0.8558036088943481,0,1,1,-0.06672302633523941,0.1725497841835022,0.14419639110565186,0,0,0,0,60,100,0,0.005668346770107746,0.02128051221370697,0.01085413247346878,-0.9996986389160156,,,,,,,,0,0
1754539172.4427402,0,leader,manual,0.11176331341266632,0.8914876580238342,0.0634840652346611,0,1,0,-0.11176331341266632,0.10851234197616577,-0.0634840652346611,0,0,0,0,120,100,0,0.005668346770107746,0.02128051221370697,0.01085413247346878,-0.9996986389160156,1.0,0.0,0.0,0.0,0.0,0.0,0.0,0,0
1754539172.4429748,1,follower,manual,0.06672302633523941,0.8274502158164978,0.8558036088943481,0,1,1,-0.06672302633523941,0.1725497841835022,0.14419639110565186,0,0,0,0,0,100,0,0.005668346770107746,0.02128051221370697,0.01085413247346878,-0.9996986389160156,1.0,0.0,0.0,0.0,0.0,0.0,0.0,0,0
1754539172.5439975,0,leader,manual,0.11670373380184174,0.8974924683570862,0.06659901887178421,0,1,0,-0.11670373380184174,0.10250753164291382,-0.06659901887178421,0,0,0,0,120,100,0,0.00314163975417614,0.020276887342333794,0.010177911259233952,-0.9997377395629883,,,,,,,,0,0
1754539172.5444613,1,follower,manual,0.06290052086114883,0.8260553479194641,0.8537772297859192,0,1,1,-0.06290052086114883,0.1739446520805359,0.1462227702140808,0,0,0,0,60,100,0,0.00314163975417614,0.020276887342333794,0.010177911259233952,-0.9997377395629883,,,,,,,,0,0
1754539172.7550447,0,leader,manual,0.11670373380184174,0.8974924683570862,0.06659901887178421,0,1,0,-0.11670373380184174,0.10250753164291382,-0.06659901887178421,0,0,0,0,120,100,0,0.00314163975417614,0.020276887342333794,0.010177911259233952,-0.9997377395629883,1.0,0.0,0.0,0.0,0.0,0.0,0.0,0,0
1754539172.7552688,1,follower,manual,0.06290052086114883,0.8260553479194641,0.8537772297859192,0,1,1,-0.06290052086114883,0.1739446520805359,0.1462227702140808,0,0,0,0,0,100,0,0.00314163975417614,0.020276887342333794,0.010177911259233952,-0.9997377395629883,1.0,0.0,0.0,0.0,0.0,0.0,0.0,0,0
1754539172.8563395,0,leader,manual,0.11747613549232483,0.9000757932662964,0.06612157076597214,0,1,0,-0.11747613549232483,0.09992420673370361,-0.06612157076597214,0,0,0,0,120,100,0,0.007589611224830151,0.018437093123793602,0.008475277572870255,-0.9997653365135193,,,,,,,,0,0
1754539172.8568685,1,follower,manual,0.06304815411567688,0.8233721256256104,0.8553500771522522,0,1,1,-0.06304815411567688,0.17662787437438965,0.1446499228477478,0,0,0,0,60,100,0,0.007589611224830151,0.018437093123793602,0.008475277572870255,-0.9997653365135193,,,,,,,,0,0
1754539173.0688689,0,leader,manual,0.11747613549232483,0.9000757932662964,0.06612157076597214,0,1,0,-0.11747613549232483,0.09992420673370361,-0.06612157076597214,0,0,0,0,120,100,0,0.007589611224830151,0.018437093123793602,0.008475277572870255,-0.9997653365135193,1.0,0.0,0.0,0.0,0.0,0.0,0.0,0,0
1754539173.0689964,1,follower,manual,0.06304815411567688,0.8233721256256104,0.8553500771522522,0,1,1,-0.06304815411567688,0.17662787437438965,0.1446499228477478,0,0,0,0,0,100,0,0.007589611224830151,0.018437093123793602,0.008475277572870255,-0.9997653365135193,1.0,0.0,0.0,0.0,0.0,0.0,0.0,0,0
1754539173.1694221,0,leader,manual,0.11735622584819794,0.8997876644134521,0.06451191753149033,0,1,0,-0.11735622584819794,0.10021233558654785,-0.06451191753149033,0,0,0,0,120,100,0,0.011013468727469444,0.018851999193429947,0.007890691980719566,-0.9997305274009705,,,,,,,,0,0
1754539173.169545,1,follower,manual,0.06422445178031921,0.820469081401825,0.8617827892303467,0,1,1,-0.06422445178031921,0.17953091859817505,0.13821721076965332,0,0,0,0,60,100,0,0.011013468727469444,0.018851999193429947,0.007890691980719566,-0.9997305274009705,,,,,,,,0,0
1754539173.374507,0,leader,manual,0.11735622584819794,0.8997876644134521,0.06451191753149033,0,1,0,-0.11735622584819794,0.10021233558654785,-0.06451191753149033,0,0,0,0,120,100,0,0.011013468727469444,0.018851999193429947,0.007890691980719566,-0.9997305274009705,1.0,0.0,0.0,0.0,0.0,0.0,0.0,0,0
1754539173.3746037,1,follower,manual,0.06422445178031921,0.820469081401825,0.8617827892303467,0,1,1,-0.06422445178031921,0.17953091859817505,0.13821721076965332,0,0,0,0,0,100,0,0.011013468727469444,0.018851999193429947,0.007890691980719566,-0.9997305274009705,1.0,0.0,0.0,0.0,0.0,0.0,0.0,0,0
1754539173.474988,0,leader,manual,0.11430133134126663,0.8973954916000366,0.06598848849534988,0,1,0,-0.11430133134126663,0.10260450839996338,-0.06598848849534988,0,0,0,0,120,100,0,0.004670026246458292,0.01850060187280178,0.01099113468080759,-0.9997575879096985,,,,,,,,0,0
1754539173.4750872,1,follower,manual,0.061409782618284225,0.8150914311408997,0.8648460507392883,0,1,1,-0.061409782618284225,0.18490856885910034,0.13515394926071167,0,0,0,0,60,100,0,0.004670026246458292,0.01850060187280178,0.01099113468080759,-0.9997575879096985,,,,,,,,0,0
1754539173.6816568,0,leader,manual,0.11430133134126663,0.8973954916000366,0.06598848849534988,0,1,0,-0.11430133134126663,0.10260450839996338,-0.06598848849534988,0,0,0,0,120,100,0,0.004670026246458292,0.01850060187280178,0.01099113468080759,-0.9997575879096985,1.0,0.0,0.0,0.0,0.0,0.0,0.0,0,0
1754539173.6818335,1,follower,manual,0.061409782618284225,0.8150914311408997,0.8648460507392883,0,1,1,-0.061409782618284225,0.18490856885910034,0.13515394926071167,0,0,0,0,0,100,0,0.004670026246458292,0.01850060187280178,0.01099113468080759,-0.9997575879096985,1.0,0.0,0.0,0.0,0.0,0.0,0.0,0,0
1754539173.782353,0,leader,manual,0.10982321202754974,0.8961127996444702,0.06481530517339706,0,1,0,-0.10982321202754974,0.10388720035552979,-0.06481530517339706,0,0,0,0,120,100,0,0.000425828795414418,0.018786858767271042,0.015500536188483238,-0.9997033476829529,,,,,,,,0,0
1754539173.782535,1,follower,manual,0.05070275068283081,0.8034474849700928,0.8659148812294006,0,1,1,-0.05070275068283081,0.19655251502990723,0.13408511877059937,0,0,0,0,60,100,0,0.000425828795414418,0.018786858767271042,0.015500536188483238,-0.9997033476829529,,,,,,,,0,0
1754539173.9880304,0,leader,manual,0.10982321202754974,0.8961127996444702,0.06481530517339706,0,1,0,-0.10982321202754974,0.10388720035552979,-0.06481530517339706,0,0,0,0,120,100,0,0.000425828795414418,0.018786858767271042,0.015500536188483238,-0.9997033476829529,1.0,0.0,0.0,0.0,0.0,0.0,0.0,0,0
1754539173.9883249,1,follower,manual,0.05070275068283081,0.8034474849700928,0.8659148812294006,0,1,1,-0.05070275068283081,0.19655251502990723,0.13408511877059937,0,0,0,0,0,100,0,0.000425828795414418,0.018786858767271042,0.015500536188483238,-0.9997033476829529,1.0,0.0,0.0,0.0,0.0,0.0,0.0,0,0
1754539174.0919037,0,leader,manual,0.10437953472137451,0.8951253890991211,0.06104554608464241,0,1,0,-0.10437953472137451,0.1048746109008789,-0.06104554608464241,0,0,0,0,120,100,0,0.014134364202618599,0.01898186281323433,0.014948738738894463,-0.9996081590652466,,,,,,,,0,0
1754539174.0922034,1,follower,manual,0.04070199653506279,0.8014004230499268,0.8712782859802246,0,1,1,-0.04070199653506279,0.19859957695007324,0.1287217140197754,0,0,0,0,60,100,0,0.014134364202618599,0.01898186281323433,0.014948738738894463,-0.9996081590652466,,,,,,,,0,0
1754539174.2440588,0,leader,manual,0.10437953472137451,0.8951253890991211,0.06104554608464241,0,1,0,-0.10437953472137451,0.1048746109008789,-0.06104554608464241,0,0,0,0,0,100,0,0.014134364202618599,0.01898186281323433,0.014948738738894463,-0.9996081590652466,1.0,0.0,0.0,0.0,0.0,0.0,0.0,0,0
1754539174.2441173,1,follower,manual,0.04070199653506279,0.8014004230499268,0.8712782859802246,0,1,1,-0.04070199653506279,0.19859957695007324,0.1287217140197754,0,0,0,0,0,100,0,0.014134364202618599,0.01898186281323433,0.014948738738894463,-0.9996081590652466,1.0,0.0,0.0,0.0,0.0,0.0,0.0,0,0
1754539174.3446033,0,leader,manual,0.09854167699813843,0.89484041929245,0.056242845952510834,0,1,0,-0.09854167699813843,0.10515958070755005,-0.056242845952510834,0,0,0,0,120,100,0,0.007250355090945959,0.018389876931905746,0.012497113086283207,-0.9997265934944153,,,,,,,,0,0
1754539174.344868,1,follower,manual,0.039465878158807755,0.8050068020820618,0.8715724945068359,0,1,1,-0.039465878158807755,0.19499319791793823,0.12842750549316406,0,0,0,0,60,100,0,0.007250355090945959,0.018389876931905746,0.012497113086283207,-0.9997265934944153,,,,,,,,0,0
1754539174.5486386,0,leader,manual,0.09854167699813843,0.89484041929245,0.056242845952510834,0,1,0,-0.09854167699813843,0.10515958070755005,-0.056242845952510834,0,0,0,0,120,100,0,0.007250355090945959,0.018389876931905746,0.012497113086283207,-0.9997265934944153,1.0,0.0,0.0,0.0,0.0,0.0,0.0,0,0
1754539174.5488558,1,follower,manual,0.039465878158807755,0.8050068020820618,0.8715724945068359,0,1,1,-0.039465878158807755,0.19499319791793823,0.12842750549316406,0,0,0,0,0,100,0,0.007250355090945959,0.018389876931905746,0.012497113086283207,-0.9997265934944153,1.0,0.0,0.0,0.0,0.0,0.0,0.0,0,0
1754539174.6494985,0,leader,manual,0.09284178912639618,0.8913528323173523,0.053178224712610245,0,1,0,-0.09284178912639618,0.1086471676826477,-0.053178224712610245,0,0,0,0,120,100,0,0.006419713608920574,0.019543219357728958,0.00887782871723175,-0.9997490048408508,,,,,,,,0,0
1754539174.6497123,1,follower,manual,0.042271584272384644,0.8071426153182983,0.8698084354400635,0,1,1,-0.042271584272384644,0.19285738468170166,0.13019156455993652,0,0,0,0,60,100,0,0.006419713608920574,0.019543219357728958,0.00887782871723175,-0.9997490048408508,,,,,,,,0,0
1754539174.87171,0,leader,manual,0.09284178912639618,0.8913528323173523,0.053178224712610245,0,1,0,-0.09284178912639618,0.1086471676826477,-0.053178224712610245,0,0,0,0,120,100,0,0.006419713608920574,0.019543219357728958,0.00887782871723175,-0.9997490048408508,1.0,0.0,0.0,0.0,0.0,0.0,0.0,0,0
1754539174.8718157,1,follower,manual,0.042271584272384644,0.8071426153182983,0.8698084354400635,0,1,1,-0.042271584272384644,0.19285738468170166,0.13019156455993652,0,0,0,0,0,100,0,0.006419713608920574,0.019543219357728958,0.00887782871723175,-0.9997490048408508,1.0,0.0,0.0,0.0,0.0,0.0,0.0,0,0
1754539174.9722967,0,leader,manual,0.08914317935705185,0.889015257358551,0.05417850241065025,0,1,0,-0.08914317935705185,0.11098474264144897,-0.05417850241065025,0,0,0,0,120,100,0,0.008525066077709198,0.021536635234951973,0.010577362030744553,-0.9996758103370667,,,,,,,,0,0
1754539174.9723945,1,follower,manual,0.04297354444861412,0.8076475858688354,0.8681439757347107,0,1,1,-0.04297354444861412,0.19235241413116455,0.1318560242652893,0,0,0,0,60,100,0,0.008525066077709198,0.021536635234951973,0.010577362030744553,-0.9996758103370667,,,,,,,,0,0
1754539175.1474826,0,leader,manual,0.08914317935705185,0.889015257358551,0.05417850241065025,0,1,0,-0.08914317935705185,0.11098474264144897,-0.05417850241065025,0,0,0,0,0,100,0,0.008525066077709198,0.021536635234951973,0.010577362030744553,-0.9996758103370667,1.0,0.0,0.0,0.0,0.0,0.0,0.0,0,0
1754539175.1477942,1,follower,manual,0.04297354444861412,0.8076475858688354,0.8681439757347107,0,1,1,-0.04297354444861412,0.19235241413116455,0.1318560242652893,0,0,0,0,0,100,0,0.008525066077709198,0.021536635234951973,0.010577362030744553,-0.9996758103370667,1.0,0.0,0.0,0.0,0.0,0.0,0.0,0,0
1754539175.2489202,0,leader,manual,0.0903068259358406,0.8926920890808105,0.05623428896069527,0,1,0,-0.0903068259358406,0.10730791091918945,-0.05623428896069527,0,0,0,0,120,100,0,0.0070785535499453545,0.02137654460966587,0.008544581942260265,-0.9997100234031677,,,,,,,,0,0
1754539175.2491353,1,follower,manual,0.04143000766634941,0.8042500019073486,0.8663102984428406,0,1,1,-0.04143000766634941,0.19574999809265137,0.13368970155715942,0,0,0,0,60,100,0,0.0070785535499453545,0.02137654460966587,0.008544581942260265,-0.9997100234031677,,,,,,,,0,0
1754539175.450535,0,leader,manual,0.0903068259358406,0.8926920890808105,0.05623428896069527,0,1,0,-0.0903068259358406,0.10730791091918945,-0.05623428896069527,0,0,0,0,120,100,0,0.0070785535499453545,0.02137654460966587,0.008544581942260265,-0.9997100234031677,1.0,0.0,0.0,0.0,0.0,0.0,0.0,0,0
1754539175.450877,1,follower,manual,0.04143000766634941,0.8042500019073486,0.8663102984428406,0,1,1,-0.04143000766634941,0.19574999809265137,0.13368970155715942,0,0,0,0,0,100,0,0.0070785535499453545,0.02137654460966587,0.008544581942260265,-0.9997100234031677,1.0,0.0,0.0,0.0,0.0,0.0,0.0,0,0
1754539175.5535514,0,leader,auto,0.0930527076125145,0.8932727575302124,0.06030169874429703,0,1,0,-0.0930527076125145,0.1067272424697876,-0.06030169874429703,-6,-9,10,0,120,100,0.10211300849914551,0.002187402220442891,0.021603886038064957,0.01039933506399393,-0.9997101426124573,0.8,,,,,,,0,0
1754539175.5559108,1,follower,auto,0.035849593579769135,0.7987251281738281,0.8615685105323792,0,1,1,-0.035849593579769135,0.20127487182617188,0.13843148946762085,13,-3,20,0,60,100,0.001963376998901367,0.002187402220442891,0.021603886038064957,0.01039933506399393,-0.9997101426124573,0.9048374180359595,,,,,,,0,0
1754539175.7582471,0,leader,auto,0.0930527076125145,0.8932727575302124,0.06030169874429703,0,1,0,-0.0930527076125145,0.1067272424697876,-0.06030169874429703,0,0,0,0,120,100,0,0.002187402220442891,0.021603886038064957,0.01039933506399393,-0.9997101426124573,0.95,0.03101266427338123,0.39010728573799136,0.015929730460047725,0.07754637547582388,0.6982191146612167,0.052336833514273165,0,0
1754539175.758752,1,follower,auto,0.035849593579769135,0.7987251281738281,0.8615685105323792,0.0,1.0,1.0,-0.035849593579769135,0.20127487182617188,0.13843148946762085,0,0,0,0,0,100,0,0.002187402220442891,0.021603886038064957,0.01039933506399393,-0.9997101426124573,0.9048374180359595,0.006415325239300725,0.3494518051147461,0.3604744595289231,0.032641930960118776,0.623999225616455,0.6813312807679176,0,0
1754539175.8621452,0,leader,auto,0.09642358124256134,0.8929344415664673,0.06367109715938568,0,1,0,-0.09642358124256134,0.10706555843353271,-0.06367109715938568,-6,-9,10,0,120,100,0.1025092601776123,0.003753877244889736,0.024254484102129936,0.012853131629526615,-0.9996162056922913,1.0,,,,,,,0,0
1754539175.8634,1,follower,auto,0.026793090626597404,0.7989022135734558,0.862856924533844,0.0,1.0,1.0,-0.026793090626597404,0.2010977864265442,0.137143075466156,13,-2,20,0,60,100,0.001085042953491211,0.003753877244889736,0.024254484102129936,0.012853131629526615,-0.9996162056922913,0.9,,,,,,,0,0
1754539176.0657818,0,leader,auto,0.09642358124256134,0.8929344415664673,0.06367109715938568,0,1,0,-0.09642358124256134,0.10706555843353271,-0.06367109715938568,0,0,0,0,120,100,0,0.003753877244889736,0.024254484102129936,0.012853131629526615,-0.9996162056922913,1.0,-0.030461745246081057,-0.04874875176188953,-0.05565703269595654,0.11165445386560187,0.917308817447412,0.09149961350736395,0,0
1754539176.0659194,1,follower,auto,0.026793090626597404,0.7989022135734558,0.862856924533844,0.0,1.0,1.0,-0.026793090626597404,0.2010977864265442,0.137143075466156,0,0,0,0,0,100,0,0.003753877244889736,0.024254484102129936,0.012853131629526615,-0.9996162056922913,0.9,-0.03290571971720309,-0.04373422620067591,-0.09717047448378802,0.04324595048519895,0.8207693266737938,0.911442161775738,0,0
1754539176.1671915,0,leader,auto,0.09835147857666016,0.8935574293136597,0.06521876901388168,0,1,0,-0.09835147857666016,0.10644257068634033,-0.06521876901388168,-6,-9,10,0,120,100,0.10108160972595215,-0.0007178955129347742,0.020631758496165276,0.014103409834206104,-0.9996874332427979,1.0,,,,,,,0,0
1754539176.1690345,1,follower,auto,0.015504793263971806,0.8141785264015198,0.8737955093383789,0.0,1.0,1.0,-0.015504793263971806,0.18582147359848022,0.1262044906616211,12,-1,18,0,60,100,0.0015225410461425781,-0.0007178955129347742,0.020631758496165276,0.014103409834206104,-0.9996874332427979,1.0,,,,,,,0,0
1754539176.3711848,0,leader,auto,0.09835147857666016,0.8935574293136597,0.06521876901388168,0,1,0,-0.09835147857666016,0.10644257068634033,-0.06521876901388168,0,0,0,0,120,100,0,-0.0007178955129347742,0.020631758496165276,0.014103409834206104,-0.9996874332427979,1.0,-0.05679908463733635,-0.15761734943733074,-0.10675766638912798,0.12675102089532833,0.972366104032325,0.11859760220844567,0,0
1754539176.4715044,1,follower,auto,0.015504793263971806,0.8141785264015198,0.8737955093383789,0.0,1.0,1.0,-0.015504793263971806,0.18582147359848022,0.1262044906616211,0,0,0,0,60,100,0,-0.0007178955129347742,0.020631758496165276,0.014103409834206104,-0.9996874332427979,1.0,-0.05267273423167383,-0.13617057241951913,-0.23119265920512322,0.04184116037980872,0.8822638126112794,0.9893918389409405,0,0
1754539176.572865,0,leader,auto,0.09334755688905716,0.8979851603507996,0.06286370754241943,0,1,0,-0.09334755688905716,0.10201483964920044,-0.06286370754241943,-6,-9,10,0,120,100,0.10111618041992188,0.001252726768143475,0.02141650766134262,0.003746411297470331,-0.9997628331184387,1.0,,,,,,,0,0
1754539176.6760912,1,follower,auto,0.007396174594759941,0.8438700437545776,0.900600016117096,0.0,1.0,1.0,-0.007396174594759941,0.15612995624542236,0.09939998388290405,9,0,15,0,60,100,0.10287618637084961,0.001252726768143475,0.02141650766134262,0.003746411297470331,-0.9997628331184387,1.0,,,,,,,0,0
1754539176.8774965,0,leader,auto,0.09334755688905716,0.8979851603507996,0.06286370754241943,0,1,0,-0.09334755688905716,0.10201483964920044,-0.06286370754241943,0,0,0,0,0,100,0,0.001252726768143475,0.02141650766134262,0.003746411297470331,-0.9997628331184387,1.0,-0.06977956221875117,-0.15907475001422067,-0.14016333979598744,0.12823733799843273,0.9775225353579099,0.13294537744041315,0,0
1754539176.9783342,1,follower,auto,0.007396174594759941,0.8438700437545776,0.900600016117096,0.0,1.0,1.0,-0.007396174594759941,0.15612995624542236,0.09939998388290405,0,0,0,0,70,100,0,0.001252726768143475,0.02141650766134262,0.003746411297470331,-0.9997628331184387,1.0,-0.05958386741582353,-0.13438187852320382,-0.2519639454699054,0.037188108302671705,0.9110609830161795,1.0265819888520487,0,0
1754539176.9810708,0,leader,auto,0.07066462188959122,0.9134895205497742,0.0464489720761776,0,1,0,-0.07066462188959122,0.08651047945022583,-0.0464489720761776,-4,-7,8,0,120,100,0.0022749900817871094,0.000622879306320101,0.019914371892809868,0.003547047497704625,-0.9997951984405518,1.0,,,,,,,0,0
1754539177.0839942,1,follower,auto,-0.0052671791054308414,0.8761725425720215,0.9465368986129761,0.0,1.0,1.0,0.0052671791054308414,0.12382745742797852,0.053463101387023926,5,0,12,0,70,100,0.10274600982666016,0.000622879306320101,0.019914371892809868,0.003547047497704625,-0.9997951984405518,1.0,,,,,,,0,0
1754539177.1876895,0,leader,auto,0.07066462188959122,0.9134895205497742,0.0464489720761776,0,1,0,-0.07066462188959122,0.08651047945022583,-0.0464489720761776,0,0,0,0,0,100,0,0.000622879306320101,0.019914371892809868,0.003547047497704625,-0.9997951984405518,1.0,-0.07746459460900787,-0.12822985956353739,-0.16009806267029816,0.10939691919409515,0.9776044503315429,0.12649800341132666,0,0
1754539177.288254,1,follower,auto,-0.0052671791054308414,0.8761725425720215,0.9465368986129761,0.0,1.0,1.0,0.0052671791054308414,0.12382745742797852,0.053463101387023926,0,0,0,0,70,100,0,0.000622879306320101,0.019914371892809868,0.003547047497704625,-0.9997951984405518,1.0,-0.06198193226135165,-0.11319866594904382,-0.23357835573635333,0.025723787025244985,0.9327718755465434,1.0633260764811527,0,0
1754539177.2926688,0,leader,auto,0.05619005113840103,0.929147481918335,0.03211230784654617,0,1,0,-0.05619005113840103,0.07085251808166504,-0.03211230784654617,-3,-5,7,0,120,100,0.0036253929138183594,0.004683329723775387,0.019137069582939148,0.0032882667146623135,-0.9998005032539368,1.0,,,,,,,0,0
1754539177.3967924,1,follower,auto,-0.012393038719892502,0.8929693698883057,0.9788214564323425,0.0,1.0,1.0,0.012393038719892502,0.10703063011169434,0.02117854356765747,2,1,10,0,70,100,0.10384130477905273,0.004683329723775387,0.019137069582939148,0.0032882667146623135,-0.9998005032539368,1.0,,,,,,,0,0
1754539177.4989486,0,leader,auto,0.05619005113840103,0.929147481918335,0.03211230784654617,0,1,0,-0.05619005113840103,0.07085251808166504,-0.03211230784654617,0,0,0,0,0,100,0,0.004683329723775387,0.019137069582939148,0.0032882667146623135,-0.9998005032539368,1.0,-0.06688046227554335,-0.09738794946539131,-0.1583630286208183,0.0896302822761727,0.9778414566510306,0.11129382215695532,0,0
1754539177.5996187,1,follower,auto,-0.012393038719892502,0.8929693698883057,0.9788214564323425,0.0,1.0,1.0,0.012393038719892502,0.10703063011169434,0.02117854356765747,0,0,0,0,70,100,0,0.004683329723775387,0.019137069582939148,0.0032882667146623135,-0.9998005032539368,1.0,-0.05510139695005359,-0.09576443008207469,-0.21832111892705197,0.015157659755134292,0.9408515849293431,1.0879820158958684,0,0
1754539177.6036265,0,leader,auto,0.04572923481464386,0.9419921040534973,0.02109847590327263,0,1,0,-0.04572923481464386,0.058007895946502686,-0.02109847590327263,-2,-4,5,0,120,100,0.0033299922943115234,0.007243780884891748,0.01826903223991394,0.002976721618324518,-0.9998024106025696,1.0,,,,,,,0,0
1754539177.7056067,1,follower,auto,-0.022145114839076996,0.9066386818885803,1.0081770420074463,0.0,1.0,1.0,0.022145114839076996,0.09336131811141968,-0.008177042007446289,0,2,9,0,70,100,0.10182714462280273,0.007243780884891748,0.01826903223991394,0.002976721618324518,-0.9998024106025696,1.0,,,,,,,0,0
1754539177.8701901,0,leader,auto,0.04572923481464386,0.9419921040534973,0.02109847590327263,0,1,0,-0.04572923481464386,0.058007895946502686,-0.02109847590327263,0,0,0,0,0,100,0,0.007243780884891748,0.01826903223991394,0.002976721618324518,-0.9998024106025696,1.0,-0.05284811202308376,-0.07136899667166352,-0.14581662855911043,0.07215329082618574,0.9776766023893291,0.09400679018282784,0,0
1754539177.9704978,1,follower,auto,-0.022145114839076996,0.9066386818885803,1.0081770420074463,0.0,1.0,1.0,0.022145114839076996,0.09336131811141968,-0.008177042007446289,0,0,0,0,70,100,0,0.007243780884891748,0.01826903223991394,0.002976721618324518,-0.9998024106025696,1.0,-0.04778042953179158,-0.07364519600352293,-0.1960485253451767,0.0017450999268187953,0.9434612798903418,1.1062013046800345,0,0
1754539177.971667,0,leader,auto,0.036752644926309586,0.9527624845504761,0.012753022834658623,0,1,0,-0.036752644926309586,0.047237515449523926,-0.012753022834658623,-1,-3,4,0,120,100,0.000934600830078125,0.006959970109164715,0.01841829903423786,0.003966053947806358,-0.9997983574867249,1.0,,,,,,,0,0
1754539178.0727036,1,follower,auto,-0.0371733121573925,0.9213132262229919,1.0354838371276855,0.0,1.0,1.0,0.0371733121573925,0.07868677377700806,-0.03548383712768555,-3,3,7,0,70,100,0.10097098350524902,0.006959970109164715,0.01841829903423786,0.003966053947806358,-0.9997983574867249,1.0,,,,,,,0,0
1754539178.1751363,0,leader,auto,0.036752644926309586,0.9527624845504761,0.012753022834658623,0,1,0,-0.036752644926309586,0.047237515449523926,-0.012753022834658623,0,0,0,0,0,100,0,0.006959970109164715,0.01841829903423786,0.003966053947806358,-0.9997983574867249,1.0,-0.039270402174139546,-0.050017524709753625,-0.13022466687407716,0.05638784601337936,0.9777712469053529,0.0778653562716972,0,0
1754539178.2754889,1,follower,auto,-0.0371733121573925,0.9213132262229919,1.0354838371276855,0.0,1.0,1.0,0.0371733121573925,0.07868677377700806,-0.03548383712768555,0,0,0,0,70,100,0,0.006959970109164715,0.01841829903423786,0.003966053947806358,-0.9997983574867249,1.0,-0.039876508367539046,-0.05153535971990275,-0.17257669528726138,-0.017235057973622975,0.9470809060829433,1.1217721847713162,0,0
1754539178.2767584,0,leader,auto,0.031515076756477356,0.9589605331420898,0.009962816722691059,0,1,0,-0.031515076756477356,0.041039466857910156,-0.009962816722691059,0,-3,4,0,130,100,0.001035928726196289,0.009288805536925793,0.016242677345871925,0.006391372997313738,-0.9998045563697815,1.0,,,,,,,0,0
1754539178.3778968,1,follower,auto,-0.049680765718221664,0.9327647686004639,1.0484665632247925,0.0,1.0,1.0,0.049680765718221664,0.06723523139953613,-0.04846656322479248,-4,4,6,0,70,100,0.10106682777404785,0.009288805536925793,0.016242677345871925,0.006391372997313738,-0.9998045563697815,1.0,,,,,,,0,0
1754539178.4792757,0,leader,auto,0.031515076756477356,0.9589605331420898,0.009962816722691059,0,1,0,-0.031515076756477356,0.041039466857910156,-0.009962816722691059,0,0,0,0,0,100,0,0.009288805536925793,0.016242677345871925,0.006391372997313738,-0.9998045563697815,1.0,-0.02579547459484819,-0.032351091755401185,-0.11265465937078467,0.04441281405390145,0.9751360790197905,0.0662901464080834,0,0
1754539178.5796897,1,follower,auto,-0.049680765718221664,0.9327647686004639,1.0484665632247925,0.0,1.0,1.0,0.049680765718221664,0.06723523139953613,-0.04846656322479248,0,0,0,0,70,100,0,0.009288805536925793,0.016242677345871925,0.006391372997313738,-0.9998045563697815,1.0,-0.027795962582292444,-0.03306110731533851,-0.15539408290772871,-0.03578278442707544,0.9492953222581331,1.126163604678657,0,0
1754539178.5837767,0,leader,auto,0.02930687926709652,0.963865339756012,0.009357397444546223,0,1,0,-0.02930687926709652,0.03613466024398804,-0.009357397444546223,0,-2,3,0,130,100,0.0033750534057617188,0.005894199945032597,0.016649270430207253,0.005500771105289459,-0.9998289942741394,1.0,,,,,,,0,0
1754539178.6877978,1,follower,auto,-0.061078667640686035,0.9440237283706665,1.054322600364685,0.0,1.0,1.0,0.061078667640686035,0.055976271629333496,-0.05432260036468506,-5,6,5,0,70,100,0.1037452220916748,0.005894199945032597,0.016649270430207253,0.005500771105289459,-0.9998289942741394,1.0,,,,,,,0,0
1754539178.8703828,0,leader,auto,0.02930687926709652,0.963865339756012,0.009357397444546223,0,1,0,-0.02930687926709652,0.03613466024398804,-0.009357397444546223,0,0,0,0,0,100,0,0.005894199945032597,0.016649270430207253,0.005500771105289459,-0.9998289942741394,1.0,-0.013246831696139626,-0.0165692320496007,-0.0976019140916321,0.035930295115166336,0.9721499557808123,0.058158354490362274,0,0
1754539178.9707847,1,follower,auto,-0.061078667640686035,0.9440237283706665,1.054322600364685,0.0,1.0,1.0,0.061078667640686035,0.055976271629333496,-0.05432260036468506,0,0,0,0,70,100,0,0.005894199945032597,0.016649270430207253,0.005500771105289459,-0.9998289942741394,1.0,-0.015502245256597706,-0.01682612959137031,-0.13678037048686997,-0.05332754501238718,0.9524367931663517,1.12271278560812,0,0
1754539178.9721437,0,leader,auto,0.03288516029715538,0.9675639271736145,0.00871119275689125,0,1,0,-0.03288516029715538,0.0324360728263855,-0.00871119275689125,0,-3,3,0,130,100,0.0010683536529541016,0.006288825534284115,0.01804734207689762,0.006031823810189962,-0.9997992515563965,1.0,,,,,,,0,0
1754539179.0731807,1,follower,auto,-0.0731746181845665,0.9552831649780273,1.0588740110397339,0.0,1.0,1.0,0.0731746181845665,0.044716835021972656,-0.05887401103973389,-5,7,4,0,70,100,0.10095930099487305,0.006288825534284115,0.01804734207689762,0.006031823810189962,-0.9997992515563965,1.0,,,,,,,0,0
1754539179.1768546,0,leader,auto,0.03288516029715538,0.9675639271736145,0.00871119275689125,0,1,0,-0.03288516029715538,0.0324360728263855,-0.00871119275689125,0,0,0,0,0,100,0,0.006288825534284115,0.01804734207689762,0.006031823810189962,-0.9997992515563965,1.0,-0.00016998620296852784,-0.0029374283471694795,-0.08544573356826944,0.032970153398639644,0.9690326413471992,0.05143405954102597,0,0
1754539179.2795348,1,follower,auto,-0.0731746181845665,0.9552831649780273,1.0588740110397339,0.0,1.0,1.0,0.0731746181845665,0.044716835021972656,-0.05887401103973389,0,0,0,0,70,100,0,0.006288825534284115,0.01804734207689762,0.006031823810189962,-0.9997992515563965,1.0,-0.004171613195682253,-0.0029542681251244485,-0.11669420037447376,-0.07108881158672536,0.9567602990405896,1.1172211112269708,0,0
1754539179.2850957,0,leader,auto,0.0407712422311306,0.9680230617523193,0.006592633202672005,0,1,0,-0.0407712422311306,0.031976938247680664,-0.006592633202672005,0,-4,3,0,130,100,0.0035469532012939453,0.005636924412101507,0.017812315374612808,0.008982619270682335,-0.9997851848602295,1.0,,,,,,,0,0
1754539179.38711,1,follower,auto,-0.07954660803079605,0.9606374502182007,1.059517741203308,0.0,1.0,1.0,0.07954660803079605,0.039362549781799316,-0.059517741203308105,-5,7,3,0,70,100,0.1017611026763916,0.005636924412101507,0.017812315374612808,0.008982619270682335,-0.9997851848602295,1.0,,,,,,,0,0
1754539179.500402,0,leader,auto,0.0407712422311306,0.9680230617523193,0.006592633202672005,0,1,0,-0.0407712422311306,0.031976938247680664,-0.006592633202672005,0,0,0,0,0,100,0,0.005636924412101507,0.017812315374612808,0.008982619270682335,-0.9997851848602295,1.0,0.009245964057133002,0.00657112329248466,-0.07568964674706351,0.0361482602025641,0.964737500106077,0.04443745657620376,0,0
1754539179.6007793,1,follower,auto,-0.07954660803079605,0.9606374502182007,1.059517741203308,0.0,1.0,1.0,0.07954660803079605,0.039362549781799316,-0.059517741203308105,0,0,0,0,70,100,0,0.005636924412101507,0.017812315374612808,0.008982619270682335,-0.9997851848602295,1.0,0.007334662324042562,0.004942241983494133,-0.0999575787167577,-0.08321393919281733,0.9581663292264536,1.109496530561687,0,0
1754539179.6030035,0,leader,auto,0.04803609475493431,0.966000497341156,0.004370596259832382,0,1,0,-0.04803609475493431,0.033999502658843994,-0.004370596259832382,0,-4,3,0,130,100,0.0017771720886230469,0.006183313671499491,0.01655726134777069,0.005058490205556154,-0.9998310208320618,1.0,,,,,,,0,0
1754539179.7046328,1,follower,auto,-0.07941827923059464,0.969165027141571,1.0586497783660889,0.0,1.0,1.0,0.07941827923059464,0.030834972858428955,-0.05864977836608887,-5,7,3,0,70,100,0.10137104988098145,0.006183313671499491,0.01655726134777069,0.005058490205556154,-0.9998310208320618,1.0,,,,,,,0,0
1754539179.8075533,0,leader,auto,0.04803609475493431,0.966000497341156,0.004370596259832382,0,1,0,-0.04803609475493431,0.033999502658843994,-0.004370596259832382,0,0,0,0,0,100,0,0.006183313671499491,0.01655726134777069,0.005058490205556154,-0.9998310208320618,1.0,0.012894450012288394,0.013651253828956933,-0.0664128746022507,0.041588869748790114,0.9591748704266776,0.037577033560957734,0,0
1754539179.9078782,1,follower,auto,-0.07941827923059464,0.969165027141571,1.0586497783660889,0.0,1.0,1.0,0.07941827923059464,0.030834972858428955,-0.05864977836608887,0,0,0,0,80,100,0,0.006183313671499491,0.01655726134777069,0.005058490205556154,-0.9998310208320618,1.0,0.015958068268514036,0.014042431136796818,-0.08475721300931283,-0.08739731336485165,0.9621438115731726,1.1010283848707454,0,0
1754539179.9094443,0,leader,auto,0.05186166241765022,0.9616053104400635,0.002906505484133959,0,1,0,-0.05186166241765022,0.03839468955993652,-0.002906505484133959,0,-5,3,0,130,100,0.001249074935913086,0.004418858326971531,0.016664855182170868,0.006535316351801157,-0.9998300671577454,1.0,,,,,,,0,0
1754539180.010637,1,follower,auto,-0.07839512079954147,0.9798556566238403,1.0566589832305908,0.0,1.0,1.0,0.07839512079954147,0.020144343376159668,-0.05665898323059082,-5,7,2,0,80,100,0.10110783576965332,0.004418858326971531,0.016664855182170868,0.006535316351801157,-0.9998300671577454,1.0,,,,,,,0,0
1754539180.1150172,0,leader,auto,0.05186166241765022,0.9616053104400635,0.002906505484133959,0,1,0,-0.05186166241765022,0.03839468955993652,-0.002906505484133959,0,0,0,0,0,100,0,0.004418858326971531,0.016664855182170868,0.006535316351801157,-0.9998300671577454,1.0,0.012184487636622873,0.018892766140867767,-0.058780941547256396,0.045769418599338786,0.9521589273696296,0.03229697625776216,0,0
1754539180.2155635,1,follower,auto,-0.07839512079954147,0.9798556566238403,1.0566589832305908,0.0,1.0,1.0,0.07839512079954147,0.020144343376159668,-0.05665898323059082,0,0,0,0,80,100,0,0.004418858326971531,0.016664855182170868,0.006535316351801157,-0.9998300671577454,1.0,0.01822671367801182,0.020920558014655977,-0.07278547768389632,-0.08750847763854738,0.9693953776165123,1.093051722072539,0,0
1754539180.21708,0,leader,auto,0.05364091694355011,0.9568327069282532,-0.0005403440445661545,0,1,0,-0.05364091694355011,0.043167293071746826,0.0005403440445661545,0,-5,4,0,130,100,0.0012285709381103516,0.005991995334625244,0.016079550608992577,0.00724685937166214,-0.9998265504837036,1.0,,,,,,,0,0
1754539180.3182967,1,follower,auto,-0.07607408612966537,0.9896482229232788,1.0557917356491089,0.0,1.0,1.0,0.07607408612966537,0.010351777076721191,-0.05579173564910889,-5,7,1,0,80,100,0.10110592842102051,0.005991995334625244,0.016079550608992577,0.00724685937166214,-0.9998265504837036,1.0,,,,,,,0,0
1754539180.4723873,0,leader,auto,0.05364091694355011,0.9568327069282532,-0.0005403440445661545,0,1,0,-0.05364091694355011,0.043167293071746826,0.0005403440445661545,0,0,0,0,0,100,0,0.005991995334625244,0.016079550608992577,0.00724685937166214,-0.9998265504837036,1.0,0.010870254243214132,0.023623611823821444,-0.053927087081657374,0.04820578982194304,0.9450209010163424,0.026423199496262532,0,0
1754539180.5726733,1,follower,auto,-0.07607408612966537,0.9896482229232788,1.0557917356491089,0.0,1.0,1.0,0.07607408612966537,0.010351777076721191,-0.05579173564910889,0,0,0,0,80,100,0,0.005991995334625244,0.016079550608992577,0.00724685937166214,-0.9998265504837036,1.0,0.018052041747546196,0.024364772052938743,-0.06260176127186323,-0.08510010700343848,0.9774658368968094,1.0870926162850405,0,0
1754539180.5739605,0,leader,auto,0.051531314849853516,0.9508723616600037,-0.0053243390284478664,0,1,0,-0.051531314849853516,0.04912763833999634,0.0053243390284478664,0,-5,4,0,130,100,0.0009937286376953125,0.0032452866435050964,0.017558731138706207,0.005295093636959791,-0.9998266100883484,1.0,,,,,,,0,0
1754539180.6750066,1,follower,auto,-0.0727863609790802,0.9967082738876343,1.0563056468963623,0.0,1.0,1.0,0.0727863609790802,0.0032917261123657227,-0.056305646896362305,-5,7,0,0,80,100,0.10097694396972656,0.0032452866435050964,0.017558731138706207,0.005295093636959791,-0.9998266100883484,1.0,,,,,,,0,0
1754539180.8084373,0,leader,auto,0.051531314849853516,0.9508723616600037,-0.0053243390284478664,0,1,0,-0.051531314849853516,0.04912763833999634,0.0053243390284478664,0,0,0,0,0,100,0,0.0032452866435050964,0.017558731138706207,0.005295093636959791,-0.9998266100883484,1.0,0.009025450586339252,0.02693447375005198,-0.049416870983528774,0.04701858955668389,0.9374051247849777,0.01938409646331652,0,0
1754539180.908744,1,follower,auto,-0.0727863609790802,0.9967082738876343,1.0563056468963623,0.0,1.0,1.0,0.0727863609790802,0.0032917261123657227,-0.056305646896362305,0,0,0,0,80,100,0,0.0032452866435050964,0.017558731138706207,0.005295093636959791,-0.9998266100883484,1.0,0.017069104482321615,0.025518149579405347,-0.05399160530493585,-0.08132091322024101,0.9839491990979317,1.0833014495488302,0,0
1754539180.9101012,0,leader,auto,0.04994631186127663,0.9383238554000854,-0.00803531613200903,0,1,0,-0.04994631186127663,0.06167614459991455,0.00803531613200903,0,-4,6,0,130,100,0.0010464191436767578,0.010083559900522232,0.018977170810103416,0.0031634618062525988,-0.999764084815979,1.0,,,,,,,0,0
1754539181.011405,1,follower,auto,-0.06858523190021515,1.002848505973816,1.0611460208892822,0.0,1.0,1.0,0.06858523190021515,-0.002848505973815918,-0.06114602088928223,-6,6,0,0,80,100,0.10120844841003418,0.010083559900522232,0.018977170810103416,0.0031634618062525988,-0.999764084815979,1.0,,,,,,,0,0
1754539181.1156878,0,leader,auto,0.04994631186127663,0.9383238554000854,-0.00803531613200903,0,1,0,-0.04994631186127663,0.06167614459991455,0.00803531613200903,0,0,0,0,0,100,0,0.010083559900522232,0.018977170810103416,0.0031634618062525988,-0.999764084815979,1.0,0.010596379518622578,0.02697224360783379,-0.044927639382865314,0.04464812210196534,0.9248377335961686,0.014428503559423628,0,0
1754539181.2161074,1,follower,auto,-0.06858523190021515,1.002848505973816,1.0611460208892822,0.0,1.0,1.0,0.06858523190021515,-0.002848505973815918,-0.06114602088928223,0,0,0,0,80,100,0,0.010083559900522232,0.018977170810103416,0.0031634618062525988,-0.999764084815979,1.0,0.016995119765310693,0.026832995797166248,-0.04694098287183257,-0.0770827917828705,0.9894320080752328,1.0846165123251985,0,0
1754539181.218096,0,leader,auto,0.05108620226383209,0.9274001121520996,-0.009611302986741066,0,1,0,-0.05108620226383209,0.07259988784790039,0.009611302986741066,0,-5,7,0,130,100,0.001590728759765625,0.00902037974447012,0.019274627789855003,0.005269878543913364,-0.9997596740722656,1.0,,,,,,,0,0
1754539181.3198948,1,follower,auto,-0.06514663249254227,1.0035182237625122,1.0626306533813477,0.0,1.0,1.0,0.06514663249254227,-0.003518223762512207,-0.06263065338134766,-6,6,0,0,80,100,0.10169529914855957,0.00902037974447012,0.019274627789855003,0.005269878543913364,-0.9997596740722656,1.0,,,,,,,0,0
1754539181.4778821,0,leader,auto,0.05108620226383209,0.9274001121520996,-0.009611302986741066,0,1,0,-0.05108620226383209,0.07259988784790039,0.009611302986741066,0,0,0,0,0,100,0,0.00902037974447012,0.019274627789855003,0.005269878543913364,-0.9997596740722656,1.0,0.011678448679811215,0.03160672244163765,-0.04391285844102797,0.045246977923926485,0.9115967509312808,0.012345126233772919,0,0
1754539181.5784786,1,follower,auto,-0.06514663249254227,1.0035182237625122,1.0626306533813477,0.0,1.0,1.0,0.06514663249254227,-0.003518223762512207,-0.06263065338134766,0,0,0,0,80,100,0,0.00902037974447012,0.019274627789855003,0.005269878543913364,-0.9997596740722656,1.0,0.014448957728059555,0.027456122519656456,-0.04733252670141597,-0.07237111135657204,0.9897901625026839,1.0862969167320555,0,0
1754539181.5805142,0,leader,auto,0.04834222048521042,0.9245851635932922,-0.01523959543555975,0,1,0,-0.04834222048521042,0.07541483640670776,0.01523959543555975,1,-4,7,0,120,100,0.001425027847290039,0.005519105587154627,0.017713695764541626,0.007109492085874081,-0.9998026490211487,1.0,,,,,,,0,0
1754539181.6818573,1,follower,auto,-0.06281817704439163,0.9904832243919373,1.0590206384658813,0.0,1.0,1.0,0.06281817704439163,0.009516775608062744,-0.05902063846588135,-5,6,0,0,80,100,0.10124850273132324,0.005519105587154627,0.017713695764541626,0.007109492085874081,-0.9998026490211487,1.0,,,,,,,0,0
1754539181.794955,0,leader,auto,0.04834222048521042,0.9245851635932922,-0.01523959543555975,0,1,0,-0.04834222048521042,0.07541483640670776,0.01523959543555975,0,0,0,0,0,100,0,0.005519105587154627,0.017713695764541626,0.007109492085874081,-0.9998026490211487,1.0,0.009883858779794044,0.03811424712101463,-0.04678480826493982,0.0434002910953134,0.905528040032785,0.008152808696910159,0,0
1754539181.8954358,1,follower,auto,-0.06281817704439163,0.9904832243919373,1.0590206384658813,0.0,1.0,1.0,0.06281817704439163,0.009516775608062744,-0.05902063846588135,0,0,0,0,80,100,0,0.005519105587154627,0.017713695764541626,0.007109492085874081,-0.9998026490211487,1.0,0.012210872127590089,0.023620744847801967,-0.05051713409203451,-0.06892361310818668,0.9786728519680363,1.0842792055118986,0,0
1754539181.8996103,0,leader,auto,0.04307527467608452,0.9271852374076843,-0.01978309080004692,0,1,0,-0.04307527467608452,0.07281476259231567,0.01978309080004692,1,-4,7,0,120,100,0.0034101009368896484,0.004034389276057482,0.017654580995440483,0.0074000791646540165,-0.999808669090271,1.0,,,,,,,0,0
1754539182.0026424,1,follower,auto,-0.06415973603725433,0.976337194442749,1.0510282516479492,0.0,1.0,1.0,0.06415973603725433,0.023662805557250977,-0.05102825164794922,-5,6,2,0,80,100,0.10280251502990723,0.004034389276057482,0.017654580995440483,0.0074000791646540165,-0.999808669090271,1.0,,,,,,,0,0
1754539182.1879036,0,leader,auto,0.04307527467608452,0.9271852374076843,-0.01978309080004692,0,1,0,-0.04307527467608452,0.07281476259231567,0.01978309080004692,0,0,0,0,0,100,0,0.004034389276057482,0.017654580995440483,0.0074000791646540165,-0.999808669090271,1.0,0.009095236060440687,0.04009940222593089,-0.047546788328098756,0.038527656645864175,0.9071355362947189,0.003990303364002457,0,0
1754539182.2885551,1,follower,auto,-0.06415973603725433,0.976337194442749,1.0510282516479492,0.0,1.0,1.0,0.06415973603725433,0.023662805557250977,-0.05102825164794922,0,0,0,0,80,100,0,0.004034389276057482,0.017654580995440483,0.0074000791646540165,-0.999808669090271,1.0,0.009985802763097712,0.023901992468690736,-0.05308394061139032,-0.06915263741880319,0.9643861982084037,1.0775702219536445,0,0
1754539182.2929251,0,leader,auto,0.03969281166791916,0.9359057545661926,-0.022816186770796776,0,1,0,-0.03969281166791916,0.06409424543380737,0.022816186770796776,2,-3,6,0,120,100,0.0036268234252929688,0.0051833041943609715,0.017727557569742203,0.010168129578232765,-0.9997777938842773,1.0,,,,,,,0,0
1754539182.3952255,1,follower,auto,-0.0727083832025528,0.96360844373703,1.0423967838287354,0.0,1.0,1.0,0.0727083832025528,0.03639155626296997,-0.04239678382873535,-4,7,3,0,80,100,0.10202383995056152,0.0051833041943609715,0.017727557569742203,0.010168129578232765,-0.9997777938842773,1.0,,,,,,,0,0
1754539182.615516,0,leader,auto,0.03969281166791916,0.9359057545661926,-0.022816186770796776,0,1,0,-0.03969281166791916,0.06409424543380737,0.022816186770796776,0,0,0,0,0,100,0,0.0051833041943609715,0.017727557569742203,0.010168129578232765,-0.9997777938842773,1.0,0.011791661275657808,0.03947108907658414,-0.04937792064297429,0.03379698103009025,0.9161702100279006,0.001872773550690373,0,0
1754539182.716199,1,follower,auto,-0.0727083832025528,0.96360844373703,1.0423967838287354,0.0,1.0,1.0,0.0727083832025528,0.03639155626296997,-0.04239678382873535,0,0,0,0,80,100,0,0.0051833041943609715,0.017727557569742203,0.010168129578232765,-0.9997777938842773,1.0,0.007956308490616293,0.02531965788971935,-0.0549134637751294,-0.07668653744786094,0.9509486147921704,1.0698535157163,0,0
1754539182.7260287,0,leader,auto,0.047624893486499786,0.9399822354316711,-0.02103440649807453,0,1,0,-0.047624893486499786,0.06001776456832886,0.02103440649807453,2,20,6,0,130,100,0.003910541534423828,0.006137939635664225,0.017676858231425285,0.009844627231359482,-0.9997764825820923,1.0,,,,,,,0,0
1754539182.8306298,1,follower,auto,-0.08629080653190613,0.9549341797828674,1.0354866981506348,0.0,1.0,1.0,0.08629080653190613,0.04506582021713257,-0.035486698150634766,-3,8,4,0,80,100,0.1043245792388916,0.006137939635664225,0.017676858231425285,0.009844627231359482,-0.9997764825820923,1.0,,,,,,,0,0
1754539183.003202,0,leader,auto,0.047624893486499786,0.9399822354316711,-0.02103440649807453,0,1,0,-0.047624893486499786,0.06001776456832886,0.02103440649807453,0,0,0,0,0,100,0,0.006137939635664225,0.017676858231425285,0.009844627231359482,-0.9997764825820923,1.0,0.019659324537897024,0.031331118612541675,-0.050715578695173666,0.037795231217551274,0.9243166761254002,0.004323382849512301,0,0
1754539183.1035678,1,follower,auto,-0.08629080653190613,0.9549341797828674,1.0354866981506348,0.0,1.0,1.0,0.08629080653190613,0.04506582021713257,-0.035486698150634766,0,0,0,0,70,100,0,0.006137939635664225,0.017676858231425285,0.009844627231359482,-0.9997764825820923,1.0,0.008760977602097833,0.02583545426436462,-0.05605369607776156,-0.09067129533295504,0.9420164526506851,1.0635135461895155,0,0
1754539183.1057296,0,leader,auto,0.06534773856401443,0.9379491209983826,-0.01645025424659252,0,1,0,-0.06534773856401443,0.06205087900161743,0.01645025424659252,1,20,6,0,130,100,0.0017538070678710938,-0.00012365507427603006,0.021735861897468567,0.012746291235089302,-0.9996825456619263,1.0,,,,,,,0,0
1754539183.207904,1,follower,auto,-0.09913109987974167,0.945891797542572,1.026971697807312,0.0,1.0,1.0,0.09913109987974167,0.05410820245742798,-0.02697169780731201,-2,9,5,0,70,100,0.10207700729370117,-0.00012365507427603006,0.021735861897468567,0.012746291235089302,-0.9996825456619263,1.0,,,,,,,0,0
1754539183.3093438,0,leader,auto,0.06534773856401443,0.9379491209983826,-0.01645025424659252,0,1,0,-0.06534773856401443,0.06205087900161743,0.01645025424659252,0,0,0,0,0,100,0,-0.00012365507427603006,0.021735861897468567,0.012746291235089302,-0.9996825456619263,1.0,0.024688895364775136,0.022247633930045363,-0.054287932686067256,0.05300329088162686,0.9268253040333598,0.010693712096441106,0,0
1754539183.4096549,1,follower,auto,-0.09913109987974167,0.945891797542572,1.026971697807312,0.0,1.0,1.0,0.09913109987974167,0.05410820245742798,-0.02697169780731201,0,0,0,0,70,100,0,-0.00012365507427603006,0.021735861897468567,0.012746291235089302,-0.9996825456619263,1.0,0.011875153898885327,0.023404459302159175,-0.05976854839644896,-0.10506867682918433,0.9341895678914924,1.0568559720055366,0,0
1754539183.4113026,0,leader,auto,0.09343128651380539,0.9382978677749634,-0.017534514889121056,0,1,0,-0.09343128651380539,0.06170213222503662,0.017534514889121056,1,20,6,0,130,100,0.0013320446014404297,0.0014027042780071497,0.021011486649513245,0.01100193988531828,-0.9997177720069885,1.0,,,,,,,0,0
1754539183.5123265,1,follower,auto,-0.10509157925844193,0.9449957609176636,1.0278747081756592,0.0,1.0,1.0,0.10509157925844193,0.055004239082336426,-0.02787470817565918,-2,10,5,0,70,100,0.10096120834350586,0.0014027042780071497,0.021011486649513245,0.01100193988531828,-0.9997177720069885,1.0,,,,,,,0,0
1754539183.6154177,0,leader,auto,0.09343128651380539,0.9382978677749634,-0.017534514889121056,0,1,0,-0.09343128651380539,0.06170213222503662,0.017534514889121056,0,0,0,0,0,100,0,0.0014027042780071497,0.021011486649513245,0.01100193988531828,-0.9997177720069885,1.0,0.02496709871183206,0.017940291370942996,-0.06295487439190653,0.08094773715788936,0.9293277220894919,0.013942922306832209,0,0
1754539183.71575,1,follower,auto,-0.10509157925844193,0.9449957609176636,1.0278747081756592,0.0,1.0,1.0,0.10509157925844193,0.055004239082336426,-0.02787470817565918,0,0,0,0,70,100,0,0.0014027042780071497,0.021011486649513245,0.01100193988531828,-0.9997177720069885,1.0,0.014945244449497491,0.023492351330171912,-0.0599429375699585,-0.11256420148319067,0.9332495852525776,1.0578461769606384,0,0
1754539183.7170138,0,leader,auto,0.13698989152908325,0.9410514831542969,-0.021223174408078194,0,1,0,-0.13698989152908325,0.058948516845703125,0.021223174408078194,2,20,5,0,130,100,0.0009965896606445312,0.006780900992453098,0.02171984873712063,0.006705569103360176,-0.9997186660766602,1.0,,,,,,,0,0
1754539183.8181489,1,follower,auto,-0.10560470819473267,0.9515018463134766,1.0340602397918701,0.0,1.0,1.0,0.10560470819473267,0.04849815368652344,-0.03406023979187012,-3,10,4,0,70,100,0.10105633735656738,0.006780900992453098,0.02171984873712063,0.006705569103360176,-0.9997186660766602,1.0,,,,,,,0,0
1754539183.9208593,0,leader,auto,0.13698989152908325,0.9410514831542969,-0.021223174408078194,0,1,0,-0.13698989152908325,0.058948516845703125,0.021223174408078194,0,0,0,0,0,100,0,0.006780900992453098,0.02171984873712063,0.006705569103360176,-0.9997186660766602,1.0,0.021404323784473545,0.014553583195810016,-0.06840355835247362,0.12628772963684648,0.9337746915563918,0.012978604768158618,0,0
1754539184.021297,1,follower,auto,-0.10560470819473267,0.9515018463134766,1.0340602397918701,0.0,1.0,1.0,0.10560470819473267,0.04849815368652344,-0.03406023979187012,0,0,0,0,70,100,0,0.006780900992453098,0.02171984873712063,0.006705569103360176,-0.9997186660766602,1.0,0.012207091697303704,0.02230167811201078,-0.06063396495694007,-0.11170825404338453,0.9403510072574712,1.0643772222703403,0,0
1754539184.022531,0,leader,auto,0.19031406939029694,0.9436570405960083,-0.020839873701334,0,1,0,-0.19031406939029694,0.0563429594039917,0.020839873701334,2,20,5,0,130,100,0.0010094642639160156,0.008616235107183456,0.02041054703295231,0.010160461999475956,-0.9997029304504395,1.0,,,,,,,0,0
1754539184.1235983,1,follower,auto,-0.1045977771282196,0.9569454193115234,1.0391141176223755,0.0,1.0,1.0,0.1045977771282196,0.04305458068847656,-0.03911411762237549,-3,10,4,0,70,100,0.10100483894348145,0.008616235107183456,0.02041054703295231,0.010160461999475956,-0.9997029304504395,1.0,,,,,,,0,0
1754539184.2272637,0,leader,auto,0.19031406939029694,0.9436570405960083,-0.020839873701334,0,1,0,-0.19031406939029694,0.0563429594039917,0.020839873701334,0,0,0,0,0,100,0,0.008616235107183456,0.02041054703295231,0.010160461999475956,-0.9997029304504395,1.0,0.0060736972171213655,0.011755548248835401,-0.06694701046114448,0.18727722078173625,0.9377792664715906,0.012633631529238243,0,0
1754539184.3276658,1,follower,auto,-0.1045977771282196,0.9569454193115234,1.0391141176223755,0.0,1.0,1.0,0.1045977771282196,0.04305458068847656,-0.03911411762237549,0,0,0,0,70,100,0,0.008616235107183456,0.02041054703295231,0.010160461999475956,-0.9997029304504395,1.0,-0.001491576171115741,0.017807629317950657,-0.06251029393200547,-0.10385198904266174,0.9480416046525482,1.0703692645883782,0,0
1754539184.3300922,0,leader,auto,0.24817420542240143,0.9462622404098511,-0.02176583744585514,0,1,0,-0.24817420542240143,0.053737759590148926,0.02176583744585514,2,20,5,0,130,100,0.002022981643676758,0.00615575211122632,0.01832505874335766,0.010563845746219158,-0.9997574090957642,1.0,,,,,,,0,0
1754539184.4313998,1,follower,auto,-0.1026720404624939,0.9640030264854431,1.0423630475997925,0.0,1.0,1.0,0.1026720404624939,0.035996973514556885,-0.04236304759979248,-4,10,3,0,80,100,0.10123801231384277,0.00615575211122632,0.01832505874335766,0.010563845746219158,-0.9997574090957642,1.0,,,,,,,0,0
1754539184.5354216,0,leader,auto,0.24817420542240143,0.9462622404098511,-0.02176583744585514,0,1,0,-0.24817420542240143,0.053737759590148926,0.02176583744585514,0,0,0,0,0,100,0,0.00615575211122632,0.01832505874335766,0.010563845746219158,-0.9997574090957642,1.0,-0.015986905160750187,0.009752433765352175,-0.06666185640624765,0.2561676580027765,0.9413860235271749,0.011565090757268685,0,0
1754539184.6359236,1,follower,auto,-0.1026720404624939,0.9640030264854431,1.0423630475997925,0.0,1.0,1.0,0.1026720404624939,0.035996973514556885,-0.04236304759979248,0,0,0,0,80,100,0,0.00615575211122632,0.01832505874335766,0.010563845746219158,-0.9997574090957642,1.0,-0.019485719632519244,0.014634756932085935,-0.06450841391528073,-0.09292918064623427,0.9566856480194001,1.0746172545574328,0,0
1754539184.6403837,0,leader,auto,0.30812868475914,0.948579728603363,-0.02718234620988369,0,1,0,-0.30812868475914,0.05142027139663696,0.02718234620988369,2,20,5,0,130,100,0.0037691593170166016,0.00795545894652605,0.017827346920967102,0.009046278893947601,-0.9997684955596924,1.0,,,,,,,0,0
1754539184.7446985,1,follower,auto,-0.09926698356866837,0.9688745737075806,1.0467305183410645,0.0,1.0,1.0,0.09926698356866837,0.031125426292419434,-0.04673051834106445,-4,9,3,0,80,100,0.10407209396362305,0.00795545894652605,0.017827346920967102,0.009046278893947601,-0.9997684955596924,1.0,,,,,,,0,0
1754539184.8911607,0,leader,auto,0.30812868475914,0.948579728603363,-0.02718234620988369,0,1,0,-0.30812868475914,0.05142027139663696,0.02718234620988369,0,0,0,0,0,100,0,0.00795545894652605,0.017827346920967102,0.009046278893947601,-0.9997684955596924,1.0,-0.03707278340800291,0.00966535099549648,-0.06657433803987377,0.32666507646314147,0.9437470531056148,0.006104822810053194,0,0
1754539184.991711,1,follower,auto,-0.09926698356866837,0.9688745737075806,1.0467305183410645,0.0,1.0,1.0,0.09926698356866837,0.031125426292419434,-0.04673051834106445,0,0,0,0,80,100,0,0.00795545894652605,0.017827346920967102,0.009046278893947601,-0.9997684955596924,1.0,-0.03518642826975829,0.012125911907408193,-0.06331372078703712,-0.08167376943378922,0.9628116177538765,1.078387378734583,0,0
1754539184.9941103,0,leader,auto,0.3795553743839264,0.9507696628570557,-0.03400494158267975,0,1,0,-0.3795553743839264,0.049230337142944336,0.03400494158267975,3,20,4,0,130,100,0.002014636993408203,0.004500413779169321,0.020734909921884537,0.009898453019559383,-0.9997259378433228,1.0,,,,,,,0,0
1754539185.0956984,1,follower,auto,-0.09736614674329758,0.9679833650588989,1.0506210327148438,0.0,1.0,1.0,0.09736614674329758,0.032016634941101074,-0.05062103271484375,-5,9,3,0,80,100,0.1014559268951416,0.004500413779169321,0.020734909921884537,0.009898453019559383,-0.9997259378433228,1.0,,,,,,,0,0
1754539185.1979191,0,leader,auto,0.3795553743839264,0.9507696628570557,-0.03400494158267975,0,1,0,-0.3795553743839264,0.049230337142944336,0.03400494158267975,0,0,0,0,0,100,0,0.004500413779169321,0.020734909921884537,0.009898453019559383,-0.9997259378433228,1.0,-0.051134388222545846,0.00916414444618796,-0.06391352334459022,0.40512256849519934,0.9461875906339616,-0.002048179910384647,0,0
1754539185.2986712,1,follower,auto,-0.09736614674329758,0.9679833650588989,1.0506210327148438,0.0,1.0,1.0,0.09736614674329758,0.032016634941101074,-0.05062103271484375,0,0,0,0,80,100,0,0.004500413779169321,0.020734909921884537,0.009898453019559383,-0.9997259378433228,1.0,-0.04991003760294396,0.00791268278902757,-0.061330217561465616,-0.0724111279418256,0.9640270236643851,1.0812861414955766,0,0
1754539185.3048117,0,leader,auto,0.44370266795158386,0.9513195157051086,-0.03910576552152634,0,1,0,-0.44370266795158386,0.04868048429489136,0.03910576552152634,3,20,4,0,130,100,0.0050809383392333984,0.005067081656306982,0.020142970606684685,0.011071084067225456,-0.9997230172157288,1.0,,,,,,,0,0
1754539185.406197,1,follower,auto,-0.09615704417228699,0.9645869731903076,1.053220272064209,0.0,1.0,1.0,0.09615704417228699,0.03541302680969238,-0.053220272064208984,-5,9,3,0,80,100,0.10128355026245117,0.005067081656306982,0.020142970606684685,0.011071084067225456,-0.9997230172157288,1.0,,,,,,,0,0
1754539185.5328088,0,leader,auto,0.44370266795158386,0.9513195157051086,-0.03910576552152634,0,1,0,-0.44370266795158386,0.04868048429489136,0.03910576552152634,0,0,0,0,0,100,0,0.005067081656306982,0.020142970606684685,0.011071084067225456,-0.9997230172157288,1.0,-0.06942213498003791,0.008950746380764318,-0.05921171264009986,0.4784137354416028,0.9468441425147265,-0.009499909201476406,0,0
1754539185.6336615,1,follower,auto,-0.09615704417228699,0.9645869731903076,1.053220272064209,0.0,1.0,1.0,0.09615704417228699,0.03541302680969238,-0.053220272064208984,0,0,0,0,80,100,0,0.005067081656306982,0.020142970606684685,0.011071084067225456,-0.9997230172157288,1.0,-0.060914895531027406,0.006871640090249431,-0.05937309839987881,-0.06569959640677328,0.9611511531451828,1.0829068212641484,0,0
1754539185.6389394,0,leader,auto,0.5134648084640503,0.9495216012001038,-0.04501667618751526,0,1,0,-0.5134648084640503,0.05047839879989624,0.04501667618751526,4,20,5,0,130,100,0.004483222961425781,0.007859297096729279,0.017711559310555458,0.009161010384559631,-0.9997702836990356,1.0,,,,,,,0,0
1754539185.743126,1,follower,auto,-0.08842355012893677,0.9638602137565613,1.0517563819885254,0.0,1.0,1.0,0.08842355012893677,0.03613978624343872,-0.05175638198852539,-5,8,3,0,80,100,0.10394024848937988,0.007859297096729279,0.017711559310555458,0.009161010384559631,-0.9997702836990356,1.0,,,,,,,0,0
1754539185.9121494,0,leader,auto,0.5134648084640503,0.9495216012001038,-0.04501667618751526,0,1,0,-0.5134648084640503,0.05047839879989624,0.04501667618751526,0,0,0,0,0,100,0,0.007859297096729279,0.017711559310555458,0.009161010384559631,-0.9997702836990356,1.0,-0.0789615181484733,0.007663569120535008,-0.05717321731844475,0.5529455675382869,0.9456898166398362,-0.016430067528292885,0,0
1754539186.0125933,1,follower,auto,-0.08842355012893677,0.9638602137565613,1.0517563819885254,0.0,1.0,1.0,0.08842355012893677,0.03613978624343872,-0.05175638198852539,0,0,0,0,80,100,0,0.007859297096729279,0.017711559310555458,0.009161010384559631,-0.9997702836990356,1.0,-0.06558161378649924,0.008237695410829526,-0.059925488534893656,-0.05563274323568715,0.9597413660511465,1.0817191262559722,0,0
1754539186.0153766,0,leader,auto,0.5932669639587402,0.946621298789978,-0.052668772637844086,0,1,0,-0.5932669639587402,0.05337870121002197,0.052668772637844086,5,20,5,0,130,100,0.0023314952850341797,0.008506044745445251,0.016013292595744133,0.004735611379146576,-0.9998244643211365,1.0,,,,,,,0,0
1754539186.1175032,1,follower,auto,-0.07964349538087845,0.9682940244674683,1.0529183149337769,0.0,1.0,1.0,0.07964349538087845,0.03170597553253174,-0.052918314933776855,-5,7,3,0,80,100,0.1019899845123291,0.008506044745445251,0.016013292595744133,0.004735611379146576,-0.9998244643211365,1.0,,,,,,,0,0
1754539186.2428644,0,leader,auto,0.5932669639587402,0.946621298789978,-0.052668772637844086,0,1,0,-0.5932669639587402,0.05337870121002197,0.052668772637844086,0,0,0,0,0,100,0,0.008506044745445251,0.016013292595744133,0.004735611379146576,-0.9998244643211365,1.0,-0.08427749996184675,0.005571803995004232,-0.05706231275666489,0.6354057139396636,0.943835396792476,-0.024137616259511645,0,0
1754539186.3434837,1,follower,auto,-0.07964349538087845,0.9682940244674683,1.0529183149337769,0.0,1.0,1.0,0.07964349538087845,0.03170597553253174,-0.052918314933776855,0,0,0,0,80,100,0,0.008506044745445251,0.016013292595744133,0.004735611379146576,-0.9998244643211365,1.0,-0.07194882784276624,0.009309576234776573,-0.05833129216584054,-0.043669081459495336,0.96363923635008,1.0820839610166972,0,0
1754539186.3555164,0,leader,auto,0.6615304350852966,0.9435338377952576,-0.05504246801137924,0,1,0,-0.6615304350852966,0.05646616220474243,0.05504246801137924,5,20,5,0,130,100,0.010946035385131836,0.00821683183312416,0.014769243076443672,0.007401267532259226,-0.999829888343811,1.0,,,,,,,0,0
1754539186.4594722,1,follower,auto,-0.07529392838478088,0.973438560962677,1.0583981275558472,0.0,1.0,1.0,0.07529392838478088,0.026561439037322998,-0.05839812755584717,-5,7,2,0,80,100,0.103607177734375,0.00821683183312416,0.014769243076443672,0.007401267532259226,-0.999829888343811,1.0,,,,,,,0,0
1754539186.62658,0,leader,auto,0.6615304350852966,0.9435338377952576,-0.05504246801137924,0,1,0,-0.6615304350852966,0.05646616220474243,0.05504246801137924,0,0,0,0,0,100,0,0.00821683183312416,0.014769243076443672,0.007401267532259226,-0.999829888343811,1.0,-0.09885896533594107,0.003678628691579311,-0.05431574705528365,0.7109599177532672,0.9416945234494679,-0.027884594483737417,0,0
1754539186.727117,1,follower,auto,-0.07529392838478088,0.973438560962677,1.0583981275558472,0.0,1.0,1.0,0.07529392838478088,0.026561439037322998,-0.05839812755584717,0,0,0,0,80,100,0,0.00821683183312416,0.014769243076443672,0.007401267532259226,-0.999829888343811,1.0,-0.08129364033198883,0.007313397692496726,-0.05598364209549889,-0.034647108218786464,0.9697818621164287,1.0863899486035966,0,0
1754539186.7296553,0,leader,auto,0.7483405470848083,0.940662682056427,-0.05303700268268585,0,1,0,-0.7483405470848083,0.059337317943573,0.05303700268268585,5,20,5,0,130,100,0.0021631717681884766,0.011380932293832302,0.013938972726464272,0.007808102760463953,-0.9998076558113098,1.0,,,,,,,0,0
1754539186.8311267,1,follower,auto,-0.07154115289449692,0.9680176377296448,1.069766879081726,0.0,1.0,1.0,0.07154115289449692,0.031982362270355225,-0.06976687908172607,-6,7,3,0,80,100,0.10124707221984863,0.011380932293832302,0.013938972726464272,0.007808102760463953,-0.9998076558113098,1.0,,,,,,,0,0
1754539186.9340189,0,leader,auto,0.7483405470848083,0.940662682056427,-0.05303700268268585,0,1,0,-0.7483405470848083,0.059337317943573,0.05303700268268585,0,0,0,0,0,100,0,0.011380932293832302,0.013938972726464272,0.007808102760463953,-0.9998076558113098,1.0,-0.09902174529255137,0.0024099816507432426,-0.05079974813079394,0.797851419731084,0.9394576912310554,-0.027637128617288887,0,0
1754539187.0352426,1,follower,auto,-0.07154115289449692,0.9680176377296448,1.069766879081726,0.0,1.0,1.0,0.07154115289449692,0.031982362270355225,-0.06976687908172607,0,0,0,0,80,100,0,0.011380932293832302,0.013938972726464272,0.007808102760463953,-0.9998076558113098,1.0,-0.08750760785943025,6.110995238761685e-05,-0.05212582773903396,-0.027787348964781793,0.9679870827534509,1.095829792951243,0,0
1754539187.0388405,0,leader,auto,0.8203977942466736,0.9373307228088379,-0.049643415957689285,0,1,0,-0.8203977942466736,0.06266927719116211,0.049643415957689285,4,20,6,0,130,100,0.003001689910888672,0.014859217219054699,0.01552432682365179,0.012339205481112003,-0.999692976474762,1.0,,,,,,,0,0
1754539187.142028,1,follower,auto,-0.07466403394937515,0.9554712772369385,1.0779796838760376,0.0,1.0,1.0,0.07466403394937515,0.04452872276306152,-0.0779796838760376,-7,7,4,0,80,100,0.10299992561340332,0.014859217219054699,0.01552432682365179,0.012339205481112003,-0.999692976474762,1.0,,,,,,,0,0
1754539187.3140607,0,leader,auto,0.8203977942466736,0.9373307228088379,-0.049643415957689285,0,1,0,-0.8203977942466736,0.06266927719116211,0.049643415957689285,0,0,0,0,0,100,0,0.014859217219054699,0.01552432682365179,0.012339205481112003,-0.999692976474762,1.0,-0.11116352004235541,0.003681368046918765,-0.05183521043064383,0.8759795542678512,0.9354900387853785,-0.023725810742367365,0,0
1754539187.4143884,1,follower,auto,-0.07466403394937515,0.9554712772369385,1.0779796838760376,0.0,1.0,1.0,0.07466403394937515,0.04452872276306152,-0.0779796838760376,0,0,0,0,70,100,0,0.014859217219054699,0.01552432682365179,0.012339205481112003,-0.999692976474762,1.0,-0.09432251596806109,-0.0023689690292220122,-0.05541323658202724,-0.02750277596534461,0.9566557617515494,1.1056863021670513,0,0
1754539187.4156587,0,leader,auto,0.9063965082168579,0.9302994012832642,-0.04933760315179825,0,1,0,-0.9063965082168579,0.06970059871673584,0.04933760315179825,4,20,6,0,130,100,0.0010063648223876953,0.012395496480166912,0.01585700362920761,0.010640116408467293,-0.9997408390045166,1.0,,,,,,,0,0
1754539187.5167296,1,follower,auto,-0.08126632869243622,0.945199191570282,1.0819499492645264,0.0,1.0,1.0,0.08126632869243622,0.05480080842971802,-0.08194994926452637,-8,8,5,0,70,100,0.10100722312927246,0.012395496480166912,0.01585700362920761,0.010640116408467293,-0.9997408390045166,1.0,,,,,,,0,0
1754539187.6469393,0,leader,auto,0.9063965082168579,0.9302994012832642,-0.04933760315179825,0,1,0,-0.9063965082168579,0.06970059871673584,0.04933760315179825,0,0,0,0,0,100,0,0.012395496480166912,0.01585700362920761,0.010640116408467293,-0.9997408390045166,1.0,-0.11043850234287267,0.00589667742733746,-0.0577479682022464,0.9616157593882942,0.9273510625695954,-0.02046361905067505,0,0
1754539187.7474763,1,follower,auto,-0.08126632869243622,0.945199191570282,1.0819499492645264,0.0,1.0,1.0,0.08126632869243622,0.05480080842971802,-0.08194994926452637,0,0,0,0,70,100,0,0.012395496480166912,0.01585700362920761,0.010640116408467293,-0.9997408390045166,1.0,-0.0979482411822466,0.003375570182959864,-0.061989022249907544,-0.03229220810131291,0.943511406478802,1.11294446038948,0,0
1754539187.7486672,0,leader,auto,0.9836493730545044,0.9292432069778442,-0.05351710692048073,0,1,0,-0.9836493730545044,0.07075679302215576,0.05351710692048073,5,20,7,0,130,100,0.0009253025054931641,0.010677103884518147,0.019013764336705208,0.012068001553416252,-0.9996894598007202,1.0,,,,,,,0,0
1754539187.8497536,1,follower,auto,-0.08956018090248108,0.9439663887023926,1.0766693353652954,0.0,1.0,1.0,0.08956018090248108,0.05603361129760742,-0.07666933536529541,-7,8,5,0,70,100,0.10102176666259766,0.010677103884518147,0.019013764336705208,0.012068001553416252,-0.9996894598007202,1.0,,,,,,,0,0
1754539187.9544113,0,leader,auto,0.9836493730545044,0.9292432069778442,-0.05351710692048073,0,1,0,-0.9836493730545044,0.07075679302215576,0.05351710692048073,0,0,0,0,0,100,0,0.010677103884518147,0.019013764336705208,0.012068001553416252,-0.9996894598007202,1.0,-0.11594693619238305,0.012742593443551442,-0.06648214239034529,1.041622841150696,0.9228719102560685,-0.020276035725308082,0,0
1754539188.054753,1,follower,auto,-0.08956018090248108,0.9439663887023926,1.0766693353652954,0.0,1.0,1.0,0.08956018090248108,0.05603361129760742,-0.07666933536529541,0,0,0,0,70,100,0,0.010677103884518147,0.019013764336705208,0.012068001553416252,-0.9996894598007202,1.0,-0.09759069729810296,0.013165313141616064,-0.07232481687433512,-0.0407648322534296,0.9373837321315845,1.112831743802463,0,0
1754539188.0559804,0,leader,auto,1.0571354627609253,0.9277829527854919,-0.055892471224069595,0,1,0,-1.0571354627609253,0.07221704721450806,0.055892471224069595,5,20,7,0,130,100,0.0009634494781494141,0.010147958993911743,0.016938598826527596,0.010570264421403408,-0.9997491836547852,1.0,,,,,,,0,0
1754539188.1571033,1,follower,auto,-0.09278323501348495,0.9485975503921509,1.070285677909851,0.0,1.0,1.0,0.09278323501348495,0.05140244960784912,-0.07028567790985107,-7,9,5,0,70,100,0.10106158256530762,0.010147958993911743,0.016938598826527596,0.010570264421403408,-0.9997491836547852,1.0,,,,,,,0,0
1754539188.310461,0,leader,auto,1.0571354627609253,0.9277829527854919,-0.055892471224069595,0,1,0,-1.0571354627609253,0.07221704721450806,0.055892471224069595,0,0,0,0,0,100,0,0.010147958993911743,0.016938598826527596,0.010570264421403408,-0.9997491836547852,1.0,-0.11913074188676531,0.014250754382330921,-0.07161185329931216,1.116700833704308,0.9206575755943265,-0.020086544574413515,0,0
1754539188.4108334,1,follower,auto,-0.09278323501348495,0.9485975503921509,1.070285677909851,0.0,1.0,1.0,0.09278323501348495,0.05140244960784912,-0.07028567790985107,0,0,0,0,70,100,0,0.010147958993911743,0.016938598826527596,0.010570264421403408,-0.9997491836547852,1.0,-0.09328444647393538,0.018030344116475416,-0.07782961134574151,-0.04614101177651727,0.9395823783339132,1.1092004835827218,0,0
1754539188.4125912,0,leader,auto,1.139832854270935,0.9243229031562805,-0.05628865212202072,0,1,0,-1.139832854270935,0.07567709684371948,0.05628865212202072,5,20,7,0,130,100,0.0014233589172363281,0.01838170364499092,0.01907403953373432,0.010104000568389893,-0.9995980262756348,1.0,,,,,,,0,0
1754539188.5139058,1,follower,auto,-0.09369153529405594,0.9539450407028198,1.0701305866241455,0.0,1.0,1.0,0.09369153529405594,0.046054959297180176,-0.07013058662414551,-7,9,4,0,70,100,0.10123348236083984,0.01838170364499092,0.01907403953373432,0.010104000568389893,-0.9995980262756348,1.0,,,,,,,0,0
1754539188.615754,0,leader,auto,1.139832854270935,0.9243229031562805,-0.05628865212202072,0,1,0,-1.139832854270935,0.07567709684371948,0.05628865212202072,0,0,0,0,0,100,0,0.01838170364499092,0.01907403953373432,0.010104000568389893,-0.9995980262756348,1.0,-0.11380614465329142,0.01345727064882496,-0.07483936554918952,1.1967359265975808,0.917594267831868,-0.01886896934742597,0,0
1754539188.717321,1,follower,auto,-0.09369153529405594,0.9539450407028198,1.0701305866241455,0.0,1.0,1.0,0.09369153529405594,0.046054959297180176,-0.07013058662414551,0,0,0,0,70,100,0,0.01838170364499092,0.01907403953373432,0.010104000568389893,-0.9995980262756348,1.0,-0.08898428586123291,0.018042418270609706,-0.07776781720171266,-0.04919939236343949,0.944923831567515,1.1090144952250018,0,0
1754539188.7190433,0,leader,auto,1.2085460424423218,0.9194533228874207,-0.05415331572294235,0,1,0,-1.2085460424423218,0.08054667711257935,0.05415331572294235,5,20,8,0,130,100,0.0014047622680664062,0.01999034360051155,0.018800828605890274,0.01067748200148344,-0.999566376209259,1.0,,,,,,,0,0
1754539188.8202312,1,follower,auto,-0.0934242531657219,0.9528268575668335,1.0684499740600586,0.0,1.0,1.0,0.0934242531657219,0.047173142433166504,-0.0684499740600586,-6,9,4,0,70,100,0.1011197566986084,0.01999034360051155,0.018800828605890274,0.01067748200148344,-0.999566376209259,1.0,,,,,,,0,0
1754539188.921799,0,leader,auto,1.2085460424423218,0.9194533228874207,-0.05415331572294235,0,1,0,-1.2085460424423218,0.08054667711257935,0.05415331572294235,0,0,0,0,0,100,0,0.01999034360051155,0.018800828605890274,0.01067748200148344,-0.999566376209259,1.0,-0.1180653799178415,0.012644918804370575,-0.07640040463694081,1.2675787324012426,0.9131308634852353,-0.015953113404471947,0,0
1754539189.0221043,1,follower,auto,-0.0934242531657219,0.9528268575668335,1.0684499740600586,0.0,1.0,1.0,0.0934242531657219,0.047173142433166504,-0.0684499740600586,0,0,0,0,70,100,0,0.01999034360051155,0.018800828605890274,0.01067748200148344,-0.999566376209259,1.0,-0.08621948722244929,0.01370037291803261,-0.07966730711733883,-0.050314509554497254,0.9459766711078172,1.108283627618728,0,0
1754539189.0234325,0,leader,auto,1.2796791791915894,0.9148885607719421,-0.047405194491147995,0,1,0,-1.2796791791915894,0.08511143922805786,0.047405194491147995,4,20,8,0,120,100,0.0010502338409423828,0.013933505862951279,0.01902085915207863,0.009790604934096336,-0.9996740818023682,1.0,,,,,,,0,0
1754539189.1249752,1,follower,auto,-0.08684399724006653,0.9527140259742737,1.0620404481887817,0.0,1.0,1.0,0.08684399724006653,0.04728597402572632,-0.06204044818878174,-6,8,4,0,70,100,0.10147356986999512,0.013933505862951279,0.01902085915207863,0.009790604934096336,-0.9996740818023682,1.0,,,,,,,0,0
1754539189.2290797,0,leader,auto,1.2796791791915894,0.9148885607719421,-0.047405194491147995,0,1,0,-1.2796791791915894,0.08511143922805786,0.047405194491147995,0,0,0,0,0,100,0,0.013933505862951279,0.01902085915207863,0.009790604934096336,-0.9996740818023682,1.0,-0.11581432459633789,0.012400300421254729,-0.07700691748770969,1.3375863414897582,0.9086884105613148,-0.008901735747293152,0,0
1754539189.3296738,1,follower,auto,-0.08684399724006653,0.9527140259742737,1.0620404481887817,0.0,1.0,1.0,0.08684399724006653,0.04728597402572632,-0.06204044818878174,0,0,0,0,70,100,0,0.013933505862951279,0.01902085915207863,0.009790604934096336,-0.9996740818023682,1.0,-0.08227880174956424,0.012395489077592248,-0.0834382047490847,-0.04570459636528441,0.9465162814354775,1.103759550563324,0,0
1754539189.3351157,0,leader,auto,1.3567143678665161,0.9131221771240234,-0.037823449820280075,0,1,0,-1.3567143678665161,0.08687782287597656,0.037823449820280075,3,-20,8,0,120,100,0.004641056060791016,0.010403000749647617,0.017265181988477707,0.004183164797723293,-0.9997880458831787,1.0,,,,,,,0,0
1754539189.4389207,1,follower,auto,-0.0702056735754013,0.9505466818809509,1.0511765480041504,0.0,1.0,1.0,0.0702056735754013,0.04945331811904907,-0.05117654800415039,-5,7,4,0,70,100,0.10348010063171387,0.010403000749647617,0.017265181988477707,0.004183164797723293,-0.9997880458831787,1.0,,,,,,,0,0
1754539189.5555484,0,leader,auto,1.3567143678665161,0.9131221771240234,-0.037823449820280075,0,1,0,-1.3567143678665161,0.08687782287597656,0.037823449820280075,0,0,0,0,0,100,0,0.010403000749647617,0.017265181988477707,0.004183164797723293,-0.9997880458831787,1.0,-0.11249948003566845,0.01489868029821062,-0.07833833733109663,1.4129641078843505,0.9056728369749181,0.001345718845268233,0,0
1754539189.656053,1,follower,auto,-0.0702056735754013,0.9505466818809509,1.0511765480041504,0.0,1.0,1.0,0.0702056735754013,0.04945331811904907,-0.05117654800415039,0,0,0,0,70,100,0,0.010403000749647617,0.017265181988477707,0.004183164797723293,-0.9997880458831787,1.0,-0.079113896929529,0.012231411143819093,-0.08645446750673691,-0.030648725110636814,0.9444309763090414,1.094403781757519,0,0
1754539189.6587083,0,leader,auto,1.4319697618484497,0.9137945771217346,-0.025478918105363846,0,1,0,-1.4319697618484497,0.08620542287826538,0.025478918105363846,2,-20,8,0,120,100,0.0021398067474365234,0.010866635479032993,0.01197361946105957,0.00578434020280838,-0.9998525977134705,1.0,,,,,,,0,0
1754539189.7613738,1,follower,auto,-0.054416850209236145,0.9496411085128784,1.0405405759811401,0.0,1.0,1.0,0.054416850209236145,0.05035889148712158,-0.04054057598114014,-4,5,5,0,70,100,0.10249924659729004,0.010866635479032993,0.01197361946105957,0.00578434020280838,-0.9998525977134705,1.0,,,,,,,0,0
1754539189.9458985,0,leader,auto,1.4319697618484497,0.9137945771217346,-0.025478918105363846,0,1,0,-1.4319697618484497,0.08620542287826538,0.025478918105363846,0,0,0,0,0,100,0,0.010866635479032993,0.01197361946105957,0.00578434020280838,-0.9998525977134705,1.0,-0.11474490046541752,0.01728987976126173,-0.07980672300335542,1.4893422120811586,0.9051496372411038,0.014424443396313866,0,0
1754539190.0471604,1,follower,auto,-0.054416850209236145,0.9496411085128784,1.0405405759811401,0.0,1.0,1.0,0.054416850209236145,0.05035889148712158,-0.04054057598114014,0,0,0,0,70,100,0,0.010866635479032993,0.01197361946105957,0.00578434020280838,-0.9998525977134705,1.0,-0.08361637824915537,0.014026004733168729,-0.08633823978809718,-0.012608661084658458,0.942628106146294,1.0837096958751888,0,0
1754539190.051078,0,leader,auto,1.4756457805633545,0.916239857673645,-0.01724117062985897,0,1,0,-1.4756457805633545,0.08376014232635498,0.01724117062985897,1,-20,8,0,120,100,0.0033371448516845703,0.00700107216835022,0.011809012852609158,0.011477787047624588,-0.9998399019241333,1.0,,,,,,,0,0
1754539190.1532223,1,follower,auto,-0.04858152195811272,0.9473400712013245,1.027380108833313,0.0,1.0,1.0,0.04858152195811272,0.05265992879867554,-0.02738010883331299,-2,4,5,0,70,100,0.10174345970153809,0.00700107216835022,0.011809012852609158,0.011477787047624588,-0.9998399019241333,1.0,,,,,,,0,0
1754539190.3220901,0,leader,auto,1.4756457805633545,0.916239857673645,-0.01724117062985897,0,1,0,-1.4756457805633545,0.08376014232635498,0.01724117062985897,0,0,0,0,0,100,0,0.00700107216835022,0.011809012852609158,0.011477787047624588,-0.9998399019241333,1.0,-0.13346908543095526,0.018776795926455647,-0.08558549497642295,1.5423803232788322,0.9068514597104171,0.025551576858352507,0,0
1754539190.422474,1,follower,auto,-0.04858152195811272,0.9473400712013245,1.027380108833313,0.0,1.0,1.0,0.04858152195811272,0.05265992879867554,-0.02738010883331299,0,0,0,0,70,100,0,0.00700107216835022,0.011809012852609158,0.011477787047624588,-0.9998399019241333,1.0,-0.09582749993525973,0.014781260199801416,-0.08809222473995892,-0.000667771990482853,0.9399494411014238,1.0714262212032923,0,0
1754539190.4247105,0,leader,auto,1.4726485013961792,0.9194150567054749,-0.016261611133813858,0,1,0,-1.4726485013961792,0.08058494329452515,0.016261611133813858,1,-20,8,0,120,100,0.001832723617553711,0.00964452512562275,0.012308288365602493,0.008000117726624012,-0.9998458027839661,1.0,,,,,,,0,0
1754539190.5264916,1,follower,auto,-0.05293050408363342,0.9452723860740662,1.0179725885391235,0.0,1.0,1.0,0.05293050408363342,0.05472761392593384,-0.017972588539123535,-1,5,5,0,70,100,0.10164570808410645,0.00964452512562275,0.012308288365602493,0.008000117726624012,-0.9998458027839661,1.0,,,,,,,0,0
1754539190.628345,0,leader,auto,1.4726485013961792,0.9194150567054749,-0.016261611133813858,0,1,0,-1.4726485013961792,0.08058494329452515,0.016261611133813858,0,0,0,0,0,100,0,0.00964452512562275,0.012308288365602493,0.008000117726624012,-0.9998458027839661,1.0,-0.15818246164978866,0.016800099430969717,-0.09232426610447854,1.5517397322210735,0.91101500698999,0.02990052191842541,0,0
1754539190.7289035,1,follower,auto,-0.05293050408363342,0.9452723860740662,1.0179725885391235,0.0,1.0,1.0,0.05293050408363342,0.05472761392593384,-0.017972588539123535,0,0,0,0,70,100,0,0.00964452512562275,0.012308288365602493,0.008000117726624012,-0.9998458027839661,1.0,-0.10829378655959968,0.013559851650536192,-0.0870780058363465,0.0012163891961664078,0.9384924602487981,1.0615115914572968,0,0
1754539190.7316577,0,leader,auto,1.4477014541625977,0.9211227297782898,-0.016236798837780952,0,1,0,-1.4477014541625977,0.0788772702217102,0.016236798837780952,1,-20,7,0,120,100,0.002282857894897461,0.00802954938262701,0.01474601961672306,0.009730431251227856,-0.9998117685317993,1.0,,,,,,,0,0
1754539190.8344307,1,follower,auto,-0.06296256184577942,0.9473292231559753,1.0135793685913086,0.0,1.0,1.0,0.06296256184577942,0.05267077684402466,-0.013579368591308594,-1,6,5,0,70,100,0.10255956649780273,0.00802954938262701,0.01474601961672306,0.009730431251227856,-0.9998117685317993,1.0,,,,,,,0,0
1754539190.9733021,0,leader,auto,1.4477014541625977,0.9211227297782898,-0.016236798837780952,0,1,0,-1.4477014541625977,0.0788772702217102,0.016236798837780952,0,0,0,0,0,100,0,0.00802954938262701,0.01474601961672306,0.009730431251227856,-0.9998117685317993,1.0,-0.16399617354697793,0.011936924819201833,-0.0937023623691923,1.5296995409360865,0.9151542673686889,0.030614382346815197,0,0
1754539191.0738952,1,follower,auto,-0.06296256184577942,0.9473292231559753,1.0135793685913086,0.0,1.0,1.0,0.06296256184577942,0.05267077684402466,-0.013579368591308594,0,0,0,0,70,100,0,0.00802954938262701,0.01474601961672306,0.009730431251227856,-0.9998117685317993,1.0,-0.11418859636727319,0.012321656448544882,-0.08430007654387461,-0.005868263662142825,0.9411683949317029,1.055729406863246,0,0
1754539191.0783622,0,leader,auto,1.4119240045547485,0.9221009612083435,-0.018255826085805893,0,1,0,-1.4119240045547485,0.0778990387916565,0.018255826085805893,1,-20,7,0,120,100,0.0037665367126464844,0.00886647030711174,0.015298395417630672,0.009120902977883816,-0.9998020529747009,1.0,,,,,,,0,0
1754539191.1817963,1,follower,auto,-0.07248768210411072,0.9509408473968506,1.0107780694961548,0.0,1.0,1.0,0.07248768210411072,0.049059152603149414,-0.010778069496154785,-1,7,4,0,70,100,0.10318279266357422,0.00886647030711174,0.015298395417630672,0.009120902977883816,-0.9998020529747009,1.0,,,,,,,0,0
1754539191.3283691,0,leader,auto,1.4119240045547485,0.9221009612083435,-0.018255826085805893,0,1,0,-1.4119240045547485,0.0778990387916565,0.018255826085805893,0,0,0,0,0,100,0,0.00886647030711174,0.015298395417630672,0.009120902977883816,-0.9998020529747009,1.0,-0.1561447660413744,0.007769670864357092,-0.09335911977811658,1.4899963875754358,0.918216125776165,0.028423733803252395,0,0
1754539191.4296975,1,follower,auto,-0.07248768210411072,0.9509408473968506,1.0107780694961548,0.0,1.0,1.0,0.07248768210411072,0.049059152603149414,-0.010778069496154785,0,0,0,0,80,100,0,0.00886647030711174,0.015298395417630672,0.009120902977883816,-0.9998020529747009,1.0,-0.1127419905342733,0.009939515793072284,-0.08297359715861674,-0.01611668683697407,0.9459710895003144,1.0522648680754632,0,0
1754539191.4369729,0,leader,auto,1.3728680610656738,0.9218034148216248,-0.0222097747027874,0,1,0,-1.3728680610656738,0.07819658517837524,0.0222097747027874,2,-20,7,0,120,100,0.003116130828857422,0.008875777944922447,0.016071312129497528,0.013115957379341125,-0.9997454285621643,1.0,,,,,,,0,0
1754539191.5384858,1,follower,auto,-0.08272760361433029,0.954166054725647,1.0083317756652832,0.0,1.0,1.0,0.08272760361433029,0.04583394527435303,-0.008331775665283203,0,8,4,0,80,100,0.10140442848205566,0.008875777944922447,0.016071312129497528,0.013115957379341125,-0.9997454285621643,1.0,,,,,,,0,0
1754539191.648702,0,leader,auto,1.3728680610656738,0.9218034148216248,-0.0222097747027874,0,1,0,-1.3728680610656738,0.07819658517837524,0.0222097747027874,0,0,0,0,0,100,0,0.008875777944922447,0.016071312129497528,0.013115957379341125,-0.9997454285621643,1.0,-0.1410519535462651,0.0034472372200504697,-0.09103603794514553,1.4433940378388064,0.9200797962115995,0.023308244269785366,0,0
1754539191.7491508,1,follower,auto,-0.08272760361433029,0.954166054725647,1.0083317756652832,0.0,1.0,1.0,0.08272760361433029,0.04583394527435303,-0.008331775665283203,0,0,0,0,80,100,0,0.008875777944922447,0.016071312129497528,0.013115957379341125,-0.9997454285621643,1.0,-0.10888756293767266,0.005816412970989893,-0.08149534933476765,-0.02828382214549397,0.951257848240152,1.049079450332667,0,0
1754539191.7537098,0,leader,auto,1.3397023677825928,0.9187177419662476,-0.026489833369851112,0,1,0,-1.3397023677825928,0.08128225803375244,0.026489833369851112,2,-20,8,0,120,100,0.0039408206939697266,0.0013574722688645124,0.017810974270105362,0.013293379917740822,-0.9997521042823792,1.0,,,,,,,0,0
1754539191.8572693,1,follower,auto,-0.09064919501543045,0.9509599208831787,1.0022040605545044,0.0,1.0,1.0,0.09064919501543045,0.04904007911682129,-0.0022040605545043945,0,9,4,0,80,100,0.10328340530395508,0.0013574722688645124,0.017810974270105362,0.013293379917740822,-0.9997521042823792,1.0,,,,,,,0,0
1754539192.0355504,0,leader,auto,1.3397023677825928,0.9187177419662476,-0.026489833369851112,0,1,0,-1.3397023677825928,0.08128225803375244,0.026489833369851112,0,0,0,0,0,100,0,0.0013574722688645124,0.017810974270105362,0.013293379917740822,-0.9997521042823792,1.0,-0.12164227111733616,-0.0025184656793113547,-0.08886722702270006,1.4005235033412609,0.9199769748059032,0.017943780141498923,0,0
1754539192.1360738,1,follower,auto,-0.09064919501543045,0.9509599208831787,1.0022040605545044,0.0,1.0,1.0,0.09064919501543045,0.04904007911682129,-0.0022040605545043945,0,0,0,0,80,100,0,0.0013574722688645124,0.017810974270105362,0.013293379917740822,-0.9997521042823792,1.0,-0.10243744042736912,-0.0023985502515403434,-0.08304286181244391,-0.03943047480174589,0.9521591960089488,1.0437254914607264,0,0
1754539192.1400697,0,leader,auto,1.2934532165527344,0.9178516268730164,-0.02851572073996067,0,1,0,-1.2934532165527344,0.08214837312698364,0.02851572073996067,2,-20,8,0,120,100,0.0032958984375,0.00444761523976922,0.017283065244555473,0.013143709860742092,-0.9997544288635254,1.0,,,,,,,0,0
1754539192.2429068,1,follower,auto,-0.09481879323720932,0.9349920153617859,0.9961701035499573,0.0,1.0,1.0,0.09481879323720932,0.06500798463821411,0.0038298964500427246,0,9,6,0,70,100,0.10258841514587402,0.00444761523976922,0.017283065244555473,0.013143709860742092,-0.9997544288635254,1.0,,,,,,,0,0
1754539192.3636026,0,leader,auto,1.2934532165527344,0.9178516268730164,-0.02851572073996067,0,1,0,-1.2934532165527344,0.08214837312698364,0.02851572073996067,0,0,0,0,0,100,0,0.00444761523976922,0.017283065244555473,0.013143709860742092,-0.9997544288635254,1.0,-0.11227530909123695,-0.005322947155725899,-0.08654945826534818,1.3495908710983529,0.9205131004508793,0.014759008392713428,0,0
1754539192.463935,1,follower,auto,-0.09481879323720932,0.9349920153617859,0.9961701035499573,0.0,1.0,1.0,0.09481879323720932,0.06500798463821411,0.0038298964500427246,0,0,0,0,70,100,0,0.00444761523976922,0.017283065244555473,0.013143709860742092,-0.9997544288635254,1.0,-0.09477712230295467,-0.012223480853546631,-0.08364839293069637,-0.04743023208573199,0.9411037557885592,1.0379943000153053,0,0
1754539192.4666696,0,leader,auto,1.2565134763717651,0.9204546213150024,-0.03087451681494713,0,1,0,-1.2565134763717651,0.07954537868499756,0.03087451681494713,3,-20,7,0,120,100,0.0024254322052001953,0.0012766375439241529,0.0161734651774168,0.010538402013480663,-0.9998128414154053,1.0,,,,,,,0,0
1754539192.568625,1,follower,auto,-0.09190163016319275,0.9150012135505676,0.9903260469436646,0.0,1.0,1.0,0.09190163016319275,0.08499878644943237,0.00967395305633545,0,9,8,0,70,100,0.10179018974304199,0.0012766375439241529,0.0161734651774168,0.010538402013480663,-0.9998128414154053,1.0,,,,,,,0,0
1754539192.8584218,0,leader,auto,1.2565134763717651,0.9204546213150024,-0.03087451681494713,0,1,0,-1.2565134763717651,0.07954537868499756,0.03087451681494713,0,0,0,0,0,100,0,0.0012766375439241529,0.0161734651774168,0.010538402013480663,-0.9998128414154053,1.0,-0.09679541535298686,-0.007379985906520559,-0.0878000608129767,1.3049111840482586,0.9241446142682628,0.013025513591541228,0,0
1754539192.9588785,1,follower,auto,-0.09190163016319275,0.9150012135505676,0.9903260469436646,0.0,1.0,1.0,0.09190163016319275,0.08499878644943237,0.00967395305633545,0,0,0,0,70,100,0,0.0012766375439241529,0.0161734651774168,0.010538402013480663,-0.9998128414154053,1.0,-0.08721407575479849,-0.016784769599113347,-0.0857194561586061,-0.048294592285793504,0.9233935983501242,1.0331857750229676,0,0
1754539192.9602683,0,leader,auto,1.2003908157348633,0.9196275472640991,-0.02995421551167965,0,1,0,-1.2003908157348633,0.08037245273590088,0.02995421551167965,2,-20,8,0,120,100,0.0010190010070800781,-0.0009138130699284375,0.01531118992716074,0.0124861691147089,-0.9998043775558472,1.0,,,,,,,0,0
1754539193.0614128,1,follower,auto,-0.08701644837856293,0.8828180432319641,0.9806475639343262,0.0,1.0,1.0,0.08701644837856293,0.11718195676803589,0.019352436065673828,1,8,11,0,70,100,0.10104584693908691,-0.0009138130699284375,0.01531118992716074,0.0124861691147089,-0.9998043775558472,1.0,,,,,,,0,0
1754539193.1813,0,leader,auto,1.2003908157348633,0.9196275472640991,-0.02995421551167965,0,1,0,-1.2003908157348633,0.08037245273590088,0.02995421551167965,0,0,0,0,0,100,0,-0.0009138130699284375,0.01531118992716074,0.0124861691147089,-0.9998043775558472,1.0,-0.09586557621291014,-0.011537749547673282,-0.09146979137924409,1.2483236038413184,0.9253964220379358,0.015780680177942395,0,0
1754539193.281905,1,follower,auto,-0.08701644837856293,0.8828180432319641,0.9806475639343262,0.0,1.0,1.0,0.08701644837856293,0.11718195676803589,0.019352436065673828,0,0,0,0,70,100,0,-0.0009138130699284375,0.01531118992716074,0.0124861691147089,-0.9998043775558472,1.0,-0.08392366055006772,-0.021825897872117195,-0.09283588089832251,-0.045054618103529065,0.8937309921680228,1.0270655043834873,0,0
1754539193.2870715,0,leader,auto,1.1640311479568481,0.919795572757721,-0.029466906562447548,0,1,0,-1.1640311479568481,0.08020442724227905,0.029466906562447548,2,-20,8,0,120,100,0.004420042037963867,-0.0014798063784837723,0.014790804125368595,0.012482385151088238,-0.9998116493225098,1.0,,,,,,,0,0
1754539193.3907173,1,follower,auto,-0.08259084075689316,0.8623506426811218,0.9772108793258667,0.0,1.0,1.0,0.08259084075689316,0.13764935731887817,0.0227891206741333,2,8,13,0,70,100,0.10333037376403809,-0.0014798063784837723,0.014790804125368595,0.012482385151088238,-0.9998116493225098,1.0,,,,,,,0,0
1754539193.538935,0,leader,auto,1.1640311479568481,0.919795572757721,-0.029466906562447548,0,1,0,-1.1640311479568481,0.08020442724227905,0.029466906562447548,0,0,0,0,0,100,0,-0.0014798063784837723,0.014790804125368595,0.012482385151088238,-0.9998116493225098,1.0,-0.08210441357271869,-0.014155010038024773,-0.10160737761239191,1.2050833547432074,0.9268730777767333,0.02133678224374841,0,0
1754539193.6395721,1,follower,auto,-0.08259084075689316,0.8623506426811218,0.9772108793258667,0.0,1.0,1.0,0.08259084075689316,0.13764935731887817,0.0227891206741333,0,0,0,0,70,100,0,-0.0014798063784837723,0.014790804125368595,0.012482385151088238,-0.9998116493225098,1.0,-0.08498789358506306,-0.015749085364357374,-0.09994288078797409,-0.040096893964361634,0.8702251853633005,1.0271823197198537,0,0
1754539193.655148,0,leader,auto,1.1244267225265503,0.9248652458190918,-0.029645420610904694,0,1,0,-1.1244267225265503,0.0751347541809082,0.029645420610904694,2,-20,7,0,120,100,0.0033059120178222656,-0.0002177604183088988,0.014635263942182064,0.009136191569268703,-0.9998511672019958,1.0,,,,,,,0,0
1754539193.758789,1,follower,auto,-0.07169750332832336,0.8441855907440186,0.9777805805206299,0.0,1.0,1.0,0.07169750332832336,0.15581440925598145,0.022219419479370117,2,7,15,0,70,100,0.10339641571044922,-0.0002177604183088988,0.014635263942182064,0.009136191569268703,-0.9998511672019958,1.0,,,,,,,0,0
1754539193.873891,0,leader,auto,1.1244267225265503,0.9248652458190918,-0.029645420610904694,0,1,0,-1.1244267225265503,0.0751347541809082,0.029645420610904694,0,0,0,0,0,100,0,-0.0002177604183088988,0.014635263942182064,0.009136191569268703,-0.9998511672019958,1.0,-0.07923457673492651,-0.015670185932235126,-0.1132125165378299,1.1640440108940135,0.9327003387852093,0.02696083765801026,0,0
1754539193.974306,1,follower,auto,-0.07169750332832336,0.8441855907440186,0.9777805805206299,0.0,1.0,1.0,0.07169750332832336,0.15581440925598145,0.022219419479370117,0,0,0,0,70,100,0,-0.0002177604183088988,0.014635263942182064,0.009136191569268703,-0.9998511672019958,1.0,-0.08391160358606534,-0.014437016886721055,-0.10884803209279581,-0.029741701535290703,0.851404099187379,1.032204596567028,0,0
1754539193.977629,0,leader,auto,1.0898500680923462,0.9247725605964661,-0.027475157752633095,0,1,0,-1.0898500680923462,0.07522743940353394,0.027475157752633095,2,-20,7,0,120,100,0.0027954578399658203,0.0010524395620450377,0.015695100650191307,0.008805590681731701,-0.9998375177383423,1.0,,,,,,,0,0
1754539194.0797517,1,follower,auto,-0.06092539429664612,0.8392612338066101,0.9817874431610107,0.0,1.0,1.0,0.06092539429664612,0.1607387661933899,0.018212556838989258,1,6,16,0,70,100,0.10190701484680176,0.0010524395620450377,0.015695100650191307,0.008805590681731701,-0.9998375177383423,1.0,,,,,,,0,0
1754539194.251275,0,leader,auto,1.0898500680923462,0.9247725605964661,-0.027475157752633095,0,1,0,-1.0898500680923462,0.07522743940353394,0.027475157752633095,0,0,0,0,0,100,0,0.0010524395620450377,0.015695100650191307,0.008805590681731701,-0.9998375177383423,1.0,-0.07732185452870399,-0.02126971594750071,-0.12382144407399513,1.1285109953566983,0.9354074185702164,0.03443556428436447,0,0
1754539194.352068,1,follower,auto,-0.06092539429664612,0.8392612338066101,0.9817874431610107,0.0,1.0,1.0,0.06092539429664612,0.1607387661933899,0.018212556838989258,0,0,0,0,70,100,0,0.0010524395620450377,0.015695100650191307,0.008805590681731701,-0.9998375177383423,1.0,-0.08723692302147759,-0.010042915118379403,-0.11926148819878657,-0.017306932785907322,0.8442826913657998,1.041418187260404,0,0
1754539194.353499,0,leader,auto,1.0501295328140259,0.9182603359222412,-0.03873789682984352,0,1,0,-1.0501295328140259,0.08173966407775879,0.03873789682984352,3,-20,8,0,120,100,0.0011525154113769531,0.004470604006201029,0.016973581165075302,0.005964656826108694,-0.9998282194137573,1.0,,,,,,,0,0
1754539194.4546432,1,follower,auto,-0.047768887132406235,0.8432429432868958,0.987738311290741,0.0,1.0,1.0,0.047768887132406235,0.15675705671310425,0.012261688709259033,1,4,15,0,70,100,0.10104560852050781,0.004470604006201029,0.016973581165075302,0.005964656826108694,-0.9998282194137573,1.0,,,,,,,0,0
1754539194.5570037,0,leader,auto,1.0501295328140259,0.9182603359222412,-0.03873789682984352,0,1,0,-1.0501295328140259,0.08173966407775879,0.03873789682984352,0,0,0,0,0,100,0,0.004470604006201029,0.016973581165075302,0.005964656826108694,-0.9998282194137573,1.0,-0.08219646456588703,-0.026491093709088642,-0.14138600701079632,1.0912277650969693,0.9315058827767855,0.03195510667555464,0,0
1754539194.6574066,1,follower,auto,-0.047768887132406235,0.8432429432868958,0.987738311290741,0.0,1.0,1.0,0.047768887132406235,0.15675705671310425,0.012261688709259033,0,0,0,0,70,100,0,0.004470604006201029,0.016973581165075302,0.005964656826108694,-0.9998282194137573,1.0,-0.09132471640384109,-0.008140274240287404,-0.13122887902011948,-0.002106528930485692,0.8473130804070395,1.0533527508008007,0,0
1754539194.658736,0,leader,auto,1.0191173553466797,0.9237031936645508,-0.05212005227804184,0,1,0,-1.0191173553466797,0.07629680633544922,0.05212005227804184,5,-20,7,0,120,100,0.0010809898376464844,0.00307585415430367,0.018684763461351395,0.0059388368390500546,-0.9998030662536621,1.0,,,,,,,0,0
1754539194.7599885,1,follower,auto,-0.04231240600347519,0.8501796722412109,0.9895167350769043,0.0,1.0,1.0,0.04231240600347519,0.14982032775878906,0.010483264923095703,1,4,14,0,70,100,0.10118722915649414,0.00307585415430367,0.018684763461351395,0.0059388368390500546,-0.9998030662536621,1.0,,,,,,,0,0
1754539194.8628209,0,leader,auto,1.0191173553466797,0.9237031936645508,-0.05212005227804184,0,1,0,-1.0191173553466797,0.07629680633544922,0.05212005227804184,0,0,0,0,0,100,0,0.00307585415430367,0.018684763461351395,0.0059388368390500546,-0.9998030662536621,1.0,-0.08431159086451778,-0.02469657366344591,-0.14935183501120236,1.0612731507789386,0.9360514804962737,0.02255586522755934,0,0
1754539194.963207,1,follower,auto,-0.04231240600347519,0.8501796722412109,0.9895167350769043,0.0,1.0,1.0,0.04231240600347519,0.14982032775878906,0.010483264923095703,0,0,0,0,70,100,0,0.00307585415430367,0.018684763461351395,0.0059388368390500546,-0.9998030662536621,1.0,-0.10212793211168375,-0.012933105063868688,-0.14196639547524104,0.008751560052366679,0.8566462247731452,1.0604999328145248,0,0
1754539194.9647634,0,leader,auto,0.9790970683097839,0.9331128001213074,-0.05503828078508377,0,1,0,-0.9790970683097839,0.06688719987869263,0.05503828078508377,5,-20,6,0,130,100,0.0012302398681640625,-1.18647949420847e-05,0.018474167212843895,0.007146275602281094,-0.9998038411140442,1.0,,,,,,,0,0
1754539195.065855,1,follower,auto,-0.040600571781396866,0.8585415482521057,0.9894459843635559,0.0,1.0,1.0,0.040600571781396866,0.1414584517478943,0.010554015636444092,1,4,14,0,70,100,0.10101914405822754,-1.18647949420847e-05,0.018474167212843895,0.007146275602281094,-0.9998038411140442,1.0,,,,,,,0,0
1754539195.1696196,0,leader,auto,0.9790970683097839,0.9331128001213074,-0.05503828078508377,0,1,0,-0.9790970683097839,0.06688719987869263,0.05503828078508377,0,0,0,0,0,100,0,-1.18647949420847e-05,0.018474167212843895,0.007146275602281094,-0.9998038411140442,1.0,-0.09353069984505491,-0.02678797448841186,-0.14479499118443512,1.0258624182323115,0.9465067873655133,0.017359214807133802,0,0
1754539195.270995,1,follower,auto,-0.040600571781396866,0.8585415482521057,0.9894459843635559,0.0,1.0,1.0,0.040600571781396866,0.1414584517478943,0.010554015636444092,0,0,0,0,70,100,0,-1.18647949420847e-05,0.018474167212843895,0.007146275602281094,-0.9998038411140442,1.0,-0.11015444901150992,-0.020281490713637274,-0.14597310157687082,0.014476652724358094,0.8686822936089243,1.0624325351519914,0,0
1754539195.2762465,0,leader,auto,0.9296005964279175,0.9379909038543701,-0.056797537952661514,0,1,0,-0.9296005964279175,0.06200909614562988,0.056797537952661514,5,-20,6,0,130,100,0.003569364547729492,0.0007785980124026537,0.017613383010029793,0.006858932785689831,-0.999821126461029,1.0,,,,,,,0,0
1754539195.378777,1,follower,auto,-0.04214134067296982,0.8622993230819702,0.9911918640136719,0.0,1.0,1.0,0.04214134067296982,0.13770067691802979,0.008808135986328125,0,4,13,0,70,100,0.10226249694824219,0.0007785980124026537,0.017613383010029793,0.006858932785689831,-0.999821126461029,1.0,,,,,,,0,0
1754539195.5551617,0,leader,auto,0.9296005964279175,0.9379909038543701,-0.056797537952661514,0,1,0,-0.9296005964279175,0.06200909614562988,0.056797537952661514,0,0,0,0,0,100,0,0.0007785980124026537,0.017613383010029793,0.006858932785689831,-0.999821126461029,1.0,-0.1022056699427234,-0.03335382975024148,-0.14227569386435318,0.9807034313992792,0.9546678187294908,0.014340308979515062,0,0
1754539195.6558135,1,follower,auto,-0.04214134067296982,0.8622993230819702,0.9911918640136719,0.0,1.0,1.0,0.04214134067296982,0.13770067691802979,0.008808135986328125,0,0,0,0,70,100,0,0.0007785980124026537,0.017613383010029793,0.006858932785689831,-0.999821126461029,1.0,-0.1153668484786213,-0.029453948209318126,-0.14526959136263828,0.015542083566340834,0.8770262971866293,1.063826659694991,0,0
1754539195.657057,0,leader,auto,0.8643924593925476,0.9383745193481445,-0.06499764323234558,0,1,0,-0.8643924593925476,0.06162548065185547,0.06499764323234558,6,-20,6,0,130,100,0.0010178089141845703,0.001791312824934721,0.017292743548750877,0.00744630815461278,-0.999821126461029,1.0,,,,,,,0,0
1754539195.758132,1,follower,auto,-0.04700673371553421,0.8659768104553223,0.9946795105934143,0.0,1.0,1.0,0.04700673371553421,0.13402318954467773,0.005320489406585693,0,4,13,0,70,100,0.10100293159484863,0.001791312824934721,0.017292743548750877,0.00744630815461278,-0.999821126461029,1.0,,,,,,,0,0
1754539195.8624277,0,leader,auto,0.8643924593925476,0.9383745193481445,-0.06499764323234558,0,1,0,-0.8643924593925476,0.06162548065185547,0.06499764323234558,0,0,0,0,0,100,0,0.001791312824934721,0.017292743548750877,0.00744630815461278,-0.999821126461029,1.0,-0.11098329254616368,-0.03892852028813276,-0.1427015414092291,0.9198841056656295,0.957838779492211,0.006353127472268974,0,0
1754539195.9629476,1,follower,auto,-0.04700673371553421,0.8659768104553223,0.9946795105934143,0.0,1.0,1.0,0.04700673371553421,0.13402318954467773,0.005320489406585693,0,0,0,0,70,100,0,0.001791312824934721,0.017292743548750877,0.00744630815461278,-0.999821126461029,1.0,-0.11860994228495014,-0.03450362564989806,-0.14226217241637173,0.012298237426940861,0.8832286232802713,1.0658105968016,0,0
1754539195.9643433,0,leader,auto,0.8135046362876892,0.9352395534515381,-0.07369131594896317,0,1,0,-0.8135046362876892,0.06476044654846191,0.07369131594896317,7,-20,6,0,130,100,0.001096963882446289,0.0003059708105865866,0.017129210755228996,0.006052558775991201,-0.9998349547386169,1.0,,,,,,,0,0
1754539196.0655043,1,follower,auto,-0.052333638072013855,0.8686450719833374,0.995948314666748,0.0,1.0,1.0,0.052333638072013855,0.1313549280166626,0.004051685333251953,0,5,13,0,70,100,0.10106635093688965,0.0003059708105865866,0.017129210755228996,0.006052558775991201,-0.9998349547386169,1.0,,,,,,,0,0
1754539196.1682281,0,leader,auto,0.8135046362876892,0.9352395534515381,-0.07369131594896317,0,1,0,-0.8135046362876892,0.06476044654846191,0.07369131594896317,0,0,0,0,0,100,0,0.0003059708105865866,0.017129210755228996,0.006052558775991201,-0.9998349547386169,1.0,-0.1039727203132097,-0.043877796493937526,-0.14076814378071872,0.8654909964442941,0.9571784516985069,-0.0033072440586037893,0,0
1754539196.268652,1,follower,auto,-0.052333638072013855,0.8686450719833374,0.995948314666748,0.0,1.0,1.0,0.052333638072013855,0.1313549280166626,0.004051685333251953,0,0,0,0,70,100,0,0.0003059708105865866,0.017129210755228996,0.006052558775991201,-0.9998349547386169,1.0,-0.11923168892589314,-0.03938074261887847,-0.14112058365554492,0.007282206390932716,0.8883354432927766,1.0665086064945206,0,0
1754539196.2728522,0,leader,auto,0.76631098985672,0.9311521649360657,-0.07958143949508667,0,1,0,-0.76631098985672,0.06884783506393433,0.07958143949508667,7,-20,6,0,130,100,0.003432035446166992,-0.00012291372695472091,0.016051553189754486,0.007229669485241175,-0.9998450875282288,1.0,,,,,,,0,0
1754539196.3746874,1,follower,auto,-0.058512404561042786,0.8721103668212891,0.9959617853164673,0.0,1.0,1.0,0.058512404561042786,0.12788963317871094,0.004038214683532715,0,5,12,0,70,100,0.10156440734863281,-0.00012291372695472091,0.016051553189754486,0.007229669485241175,-0.9998450875282288,1.0,,,,,,,0,0
1754539196.4770687,0,leader,auto,0.76631098985672,0.9311521649360657,-0.07958143949508667,0,1,0,-0.76631098985672,0.06884783506393433,0.07958143949508667,0,0,0,0,0,100,0,-0.00012291372695472091,0.016051553189754486,0.007229669485241175,-0.9998450875282288,1.0,-0.0985946287316195,-0.04680587359783206,-0.13718916485069005,0.8156083042225297,0.9545551017349817,-0.01098685706974166,0,0
1754539196.5775414,1,follower,auto,-0.058512404561042786,0.8721103668212891,0.9959617853164673,0.0,1.0,1.0,0.058512404561042786,0.12788963317871094,0.004038214683532715,0,0,0,0,70,100,0,-0.00012291372695472091,0.016051553189754486,0.007229669485241175,-0.9998450875282288,1.0,-0.11777612359947082,-0.042867085533680016,-0.14010996441487356,0.0003756572386926227,0.893543909588129,1.066016767523904,0,0
1754539196.5800223,0,leader,auto,0.7212364077568054,0.9299899339675903,-0.08168798685073853,0,1,0,-0.7212364077568054,0.07001006603240967,0.08168798685073853,8,-20,7,0,130,100,0.0020339488983154297,-0.0012432306539267302,0.016039755195379257,0.006987776607275009,-0.9998462200164795,1.0,,,,,,,0,0
1754539196.682437,1,follower,auto,-0.06299573928117752,0.8747263550758362,0.9951680302619934,0.0,1.0,1.0,0.06299573928117752,0.12527364492416382,0.004831969738006592,0,6,12,0,70,100,0.10222697257995605,-0.0012432306539267302,0.016039755195379257,0.006987776607275009,-0.9998462200164795,1.0,,,,,,,0,0
1754539196.784052,0,leader,auto,0.7212364077568054,0.9299899339675903,-0.08168798685073853,0,1,0,-0.7212364077568054,0.07001006603240967,0.08168798685073853,0,0,0,0,0,100,0,-0.0012432306539267302,0.016039755195379257,0.006987776607275009,-0.9998462200164795,1.0,-0.09566359457084539,-0.047894073257598535,-0.13327767599717488,0.7690682050422282,0.9539369705963896,-0.015049148852151098,0,0
1754539196.8848817,1,follower,auto,-0.06299573928117752,0.8747263550758362,0.9951680302619934,0.0,1.0,1.0,0.06299573928117752,0.12527364492416382,0.004831969738006592,0,0,0,0,70,100,0,-0.0012432306539267302,0.016039755195379257,0.006987776607275009,-0.9998462200164795,1.0,-0.11494480000275722,-0.04705440448894305,-0.13862880590149862,-0.0055233392797989014,0.8982535573203076,1.0644824332127427,0,0
1754539196.8892035,0,leader,auto,0.6720669865608215,0.930203378200531,-0.07575497776269913,0,1,0,-0.6720669865608215,0.069796621799469,0.07575497776269913,7,-20,6,0,130,100,0.003558635711669922,-0.0018338530790060759,0.015184174291789532,0.007025046274065971,-0.9998584389686584,1.0,,,,,,,0,0
1754539196.9924023,1,follower,auto,-0.06471652537584305,0.8777133822441101,0.9946914315223694,0.0,1.0,1.0,0.06471652537584305,0.12228661775588989,0.005308568477630615,0,6,12,0,70,100,0.1029367446899414,-0.0018338530790060759,0.015184174291789532,0.007025046274065971,-0.9998584389686584,1.0,,,,,,,0,0
1754539197.1613529,0,leader,auto,0.6720669865608215,0.930203378200531,-0.07575497776269913,0,1,0,-0.6720669865608215,0.069796621799469,0.07575497776269913,0,0,0,0,0,100,0,-0.0018338530790060759,0.015184174291789532,0.007025046274065971,-0.9998584389686584,1.0,-0.09533579284848726,-0.04867015224300453,-0.12802008485109262,0.7197348829850652,0.9545384543220332,-0.011744935337152818,0,0
1754539197.2619696,1,follower,auto,-0.06471652537584305,0.8777133822441101,0.9946914315223694,0.0,1.0,1.0,0.06471652537584305,0.12228661775588989,0.005308568477630615,0,0,0,0,70,100,0,-0.0018338530790060759,0.015184174291789532,0.007025046274065971,-0.9998584389686584,1.0,-0.11058006128365216,-0.04947394831199248,-0.13629380811355873,-0.009426494734016973,0.9024503564001063,1.0628383355791486,0,0
1754539197.2663035,0,leader,auto,0.6054883599281311,0.9304412603378296,-0.06379497051239014,0,1,0,-0.6054883599281311,0.06955873966217041,0.06379497051239014,6,-20,6,0,120,100,0.003576517105102539,-0.0014253102708607912,0.015234636142849922,0.0064364043064415455,-0.9998621940612793,1.0,,,,,,,0,0
1754539197.3706489,1,follower,auto,-0.0638992190361023,0.8832452297210693,0.9956377148628235,0.0,1.0,1.0,0.0638992190361023,0.11675477027893066,0.004362285137176514,0,6,11,0,70,100,0.10409736633300781,-0.0014253102708607912,0.015234636142849922,0.0064364043064415455,-0.9998621940612793,1.0,,,,,,,0,0
1754539197.4951696,0,leader,auto,0.6054883599281311,0.9304412603378296,-0.06379497051239014,0,1,0,-0.6054883599281311,0.06955873966217041,0.06379497051239014,0,0,0,0,0,100,0,-0.0014253102708607912,0.015234636142849922,0.0064364043064415455,-0.9998621940612793,1.0,-0.10116457015873803,-0.04838635656174761,-0.1244324690879998,0.6560706450075001,0.9546344386187033,-0.0015787359683902338,0,0
1754539197.595792,1,follower,auto,-0.0638992190361023,0.8832452297210693,0.9956377148628235,0.0,1.0,1.0,0.0638992190361023,0.11675477027893066,0.004362285137176514,0,0,0,0,70,100,0,-0.0014253102708607912,0.015234636142849922,0.0064364043064415455,-0.9998621940612793,1.0,-0.10701707126117756,-0.04854654663800961,-0.13327099741627557,-0.010390683405513516,0.9075185030400741,1.0622732135709612,0,0
1754539197.5986621,0,leader,auto,0.5454151630401611,0.9334235787391663,-0.052469007670879364,0,1,0,-0.5454151630401611,0.06657642126083374,0.052469007670879364,5,-20,6,0,120,100,0.0022919178009033203,-0.0035218307748436928,0.015348917804658413,0.0052141002379357815,-0.9998624324798584,1.0,,,,,,,0,0
1754539197.7006874,1,follower,auto,-0.061586540192365646,0.889040470123291,0.9984780550003052,0.0,1.0,1.0,0.061586540192365646,0.11095952987670898,0.0015219449996948242,0,6,11,0,70,100,0.10185742378234863,-0.0035218307748436928,0.015348917804658413,0.0052141002379357815,-0.9998624324798584,1.0,,,,,,,0,0
1754539197.876732,0,leader,auto,0.5454151630401611,0.9334235787391663,-0.052469007670879364,0,1,0,-0.5454151630401611,0.06657642126083374,0.052469007670879364,0,0,0,0,0,100,0,-0.0035218307748436928,0.015348917804658413,0.0052141002379357815,-0.9998624324798584,1.0,-0.09583507249222545,-0.045227910066693466,-0.12385430534058271,0.5933326992862739,0.956037533772513,0.009458144999411992,0,0
1754539197.9771736,1,follower,auto,-0.061586540192365646,0.889040470123291,0.9984780550003052,0.0,1.0,1.0,0.061586540192365646,0.11095952987670898,0.0015219449996948242,0,0,0,0,70,100,0,-0.0035218307748436928,0.015348917804658413,0.0052141002379357815,-0.9998624324798584,1.0,-0.105011323706955,-0.04663176986958251,-0.12916320858298658,-0.009080878338888147,0.9123563550580822,1.0630596592917985,0,0
1754539197.9785192,0,leader,auto,0.48277974128723145,0.9378626346588135,-0.050190169364213943,0,1,0,-0.48277974128723145,0.06213736534118652,0.050190169364213943,5,-20,6,0,120,100,0.0010614395141601562,-4.9096375732915476e-05,0.014680101536214352,0.005369405262172222,-0.9998779296875,1.0,,,,,,,0,0
1754539198.080253,1,follower,auto,-0.05596361309289932,0.888148307800293,1.0057324171066284,0.0,1.0,1.0,0.05596361309289932,0.11185169219970703,-0.005732417106628418,0,5,11,0,70,100,0.10165762901306152,-4.9096375732915476e-05,0.014680101536214352,0.005369405262172222,-0.9998779296875,1.0,,,,,,,0,0
1754539198.1864526,0,leader,auto,0.48277974128723145,0.9378626346588135,-0.050190169364213943,0,1,0,-0.48277974128723145,0.06213736534118652,0.050190169364213943,0,0,0,0,0,100,0,-4.9096375732915476e-05,0.014680101536214352,0.005369405262172222,-0.9998779296875,1.0,-0.09316355761721662,-0.04224441924347122,-0.12772032732726418,0.5293615200958397,0.9589848442805491,0.013669994299418134,0,0
1754539198.2874324,1,follower,auto,-0.05596361309289932,0.888148307800293,1.0057324171066284,0.0,1.0,1.0,0.05596361309289932,0.11185169219970703,-0.005732417106628418,0,0,0,0,70,100,0,-4.9096375732915476e-05,0.014680101536214352,0.005369405262172222,-0.9998779296875,1.0,-0.1031305450952007,-0.047370149677224305,-0.1246756816573158,-0.00439834054529898,0.9118333826389051,1.0680702579352863,0,0
1754539198.296685,0,leader,auto,0.43524235486984253,0.9462462067604065,-0.055693093687295914,0,1,0,-0.43524235486984253,0.053753793239593506,0.055693093687295914,5,-20,5,0,120,100,0.0059854984283447266,-0.0006990520050749183,0.014305750839412212,0.004351937212049961,-0.999888002872467,1.0,,,,,,,0,0
1754539198.4009027,1,follower,auto,-0.048033684492111206,0.8878185153007507,1.0109055042266846,0.0,1.0,1.0,0.048033684492111206,0.11218148469924927,-0.01090550422668457,-1,4,11,0,70,100,0.1039741039276123,-0.0006990520050749183,0.014305750839412212,0.004351937212049961,-0.999888002872467,1.0,,,,,,,0,0
1754539198.5699174,0,leader,auto,0.43524235486984253,0.9462462067604065,-0.055693093687295914,0,1,0,-0.43524235486984253,0.053753793239593506,0.055693093687295914,0,0,0,0,0,100,0,-0.0006990520050749183,0.014305750839412212,0.004351937212049961,-0.999888002872467,1.0,-0.08536119851418555,-0.038948808106968436,-0.1297270703013706,0.4779229541269353,0.9657206108138907,0.009170441463389384,0,0
1754539198.6703572,1,follower,auto,-0.048033684492111206,0.8878185153007507,1.0109055042266846,0.0,1.0,1.0,0.048033684492111206,0.11218148469924927,-0.01090550422668457,0,0,0,0,70,100,0,-0.0006990520050749183,0.014305750839412212,0.004351937212049961,-0.999888002872467,1.0,-0.10375986989463071,-0.045034856543640256,-0.12311557120951999,0.0038462504552041407,0.9103359435725709,1.0724632898314446,0,0
1754539198.6715803,0,leader,auto,0.3741626739501953,0.9482091069221497,-0.06118341535329819,0,1,0,-0.3741626739501953,0.05179089307785034,0.06118341535329819,6,-20,5,0,130,100,0.0009853839874267578,-0.002032323507592082,0.015085997059941292,0.002245263895019889,-0.9998816251754761,1.0,,,,,,,0,0
1754539198.7726262,1,follower,auto,-0.0371120423078537,0.8901905417442322,1.0153452157974243,0.0,1.0,1.0,0.0371120423078537,0.10980945825576782,-0.015345215797424316,-1,3,10,0,70,100,0.10096430778503418,-0.002032323507592082,0.015085997059941292,0.002245263895019889,-0.9998816251754761,1.0,,,,,,,0,0
1754539198.8949268,0,leader,auto,0.3741626739501953,0.9482091069221497,-0.06118341535329819,0,1,0,-0.3741626739501953,0.05179089307785034,0.06118341535329819,0,0,0,0,0,100,0,-0.002032323507592082,0.015085997059941292,0.002245263895019889,-0.9998816251754761,1.0,-0.09267859650992227,-0.040554243761350306,-0.12646111008092611,0.42050197220515645,0.9684862288028249,0.00204713968716487,0,0
1754539198.9953032,1,follower,auto,-0.0371120423078537,0.8901905417442322,1.0153452157974243,0.0,1.0,1.0,0.0371120423078537,0.10980945825576782,-0.015345215797424316,0,0,0,0,70,100,0,-0.002032323507592082,0.015085997059941292,0.002245263895019889,-0.9998816251754761,1.0,-0.10618470994026277,-0.04109951656267541,-0.12138200752710859,0.015980312662277688,0.9107403000255698,1.0760362195609785,0,0
1754539198.996702,0,leader,auto,0.3186661899089813,0.9436841011047363,-0.06272120028734207,0,1,0,-0.3186661899089813,0.05631589889526367,0.06272120028734207,6,-20,5,0,130,100,0.001081228256225586,-0.0017153252847492695,0.015763118863105774,0.0016925949603319168,-0.9998729228973389,1.0,,,,,,,0,0
1754539199.0977695,1,follower,auto,-0.03127412497997284,0.8965376615524292,1.018713355064392,0.0,1.0,1.0,0.03127412497997284,0.1034623384475708,-0.01871335506439209,-1,3,10,0,70,100,0.10098052024841309,-0.0017153252847492695,0.015763118863105774,0.0016925949603319168,-0.9998729228973389,1.0,,,,,,,0,0
1754539199.2033327,0,leader,auto,0.3186661899089813,0.9436841011047363,-0.06272120028734207,0,1,0,-0.3186661899089813,0.05631589889526367,0.06272120028734207,0,0,0,0,0,100,0,-0.0017153252847492695,0.015763118863105774,0.0016925949603319168,-0.9998729228973389,1.0,-0.09453321354256977,-0.043135129861852195,-0.1194235330368548,0.36593279668026624,0.9652516660356625,-0.003009433768914681,0,0
1754539199.3036726,1,follower,auto,-0.03127412497997284,0.8965376615524292,1.018713355064392,0.0,1.0,1.0,0.03127412497997284,0.1034623384475708,-0.01871335506439209,0,0,0,0,70,100,0,-0.0017153252847492695,0.015763118863105774,0.0016925949603319168,-0.9998729228973389,1.0,-0.11367295258406288,-0.03771292242464552,-0.11862472276326952,0.025562351312058598,0.915394122764752,1.0780257164460267,0,0
1754539199.3073344,0,leader,auto,0.2656826376914978,0.9377939105033875,-0.056070685386657715,0,1,0,-0.2656826376914978,0.06220608949661255,0.056070685386657715,5,-20,6,0,130,100,0.00281524658203125,-0.0021260413341224194,0.016314515843987465,0.0018273115856572986,-0.9998630285263062,1.0,,,,,,,0,0
1754539199.4090786,1,follower,auto,-0.028826270252466202,0.904986560344696,1.0227572917938232,0.0,1.0,1.0,0.028826270252466202,0.09501343965530396,-0.022757291793823242,-2,2,9,0,70,100,0.1016077995300293,-0.0021260413341224194,0.016314515843987465,0.0018273115856572986,-0.9998630285263062,1.0,,,,,,,0,0
1754539199.587654,0,leader,auto,0.2656826376914978,0.9377939105033875,-0.056070685386657715,0,1,0,-0.2656826376914978,0.06220608949661255,0.056070685386657715,0,0,0,0,0,100,0,-0.0021260413341224194,0.016314515843987465,0.0018273115856572986,-0.9998630285263062,1.0,-0.09635279113606154,-0.04177361530218515,-0.11234175827566181,0.3138590332595286,0.9586807181544801,0.00010019375117319845,0,0
1754539199.6880937,1,follower,auto,-0.028826270252466202,0.904986560344696,1.0227572917938232,0.0,1.0,1.0,0.028826270252466202,0.09501343965530396,-0.022757291793823242,0,0,0,0,70,100,0,-0.0021260413341224194,0.016314515843987465,0.0018273115856572986,-0.9998630285263062,1.0,-0.11980707180113419,-0.03524188692426711,-0.11635064777339155,0.031077265648100892,0.9226075038068295,1.080932615680519,0,0
1754539199.689282,0,leader,auto,0.2013297975063324,0.9333792328834534,-0.04281024634838104,0,1,0,-0.2013297975063324,0.06662076711654663,0.04281024634838104,4,-20,6,0,120,100,0.0009121894836425781,0.000805670686531812,0.015587220899760723,0.0035883320961147547,-0.9998717904090881,1.0,,,,,,,0,0
1754539199.7904048,1,follower,auto,-0.031075257807970047,0.9154195785522461,1.0301103591918945,0.0,1.0,1.0,0.031075257807970047,0.0845804214477539,-0.03011035919189453,-3,3,8,0,70,100,0.10104537010192871,0.000805670686531812,0.015587220899760723,0.0035883320961147547,-0.9998717904090881,1.0,,,,,,,0,0
1754539199.8949602,0,leader,auto,0.2013297975063324,0.9333792328834534,-0.04281024634838104,0,1,0,-0.2013297975063324,0.06662076711654663,0.04281024634838104,0,0,0,0,0,100,0,0.000805670686531812,0.015587220899760723,0.0035883320961147547,-0.9998717904090881,1.0,-0.10536567324330764,-0.035458684239687344,-0.10702328862690855,0.25401263412798625,0.951108575003297,0.010701397965073231,0,0
1754539199.9952872,1,follower,auto,-0.031075257807970047,0.9154195785522461,1.0301103591918945,0.0,1.0,1.0,0.031075257807970047,0.0845804214477539,-0.03011035919189453,0,0,0,0,70,100,0,0.000805670686531812,0.015587220899760723,0.0035883320961147547,-0.9998717904090881,1.0,-0.12609916319160935,-0.03077426860789212,-0.11264876055114437,0.031974323787834644,0.9308067128561921,1.0864347394674667,0,0
1754539199.996674,0,leader,auto,0.1499132364988327,0.9324796199798584,-0.031109385192394257,0,1,0,-0.1499132364988327,0.0675203800201416,0.031109385192394257,3,-14,6,0,120,100,0.0011332035064697266,0.002197940368205309,0.015582037158310413,0.005550689063966274,-0.9998608231544495,1.0,,,,,,,0,0
1754539200.0978885,1,follower,auto,-0.03748913109302521,0.9224324226379395,1.037674069404602,0.0,1.0,1.0,0.03748913109302521,0.07756757736206055,-0.03767406940460205,-3,3,7,0,70,100,0.10112977027893066,0.002197940368205309,0.015582037158310413,0.005550689063966274,-0.9998608231544495,1.0,,,,,,,0,0
1754539200.2019475,0,leader,auto,0.1499132364988327,0.9324796199798584,-0.031109385192394257,0,1,0,-0.1499132364988327,0.0675203800201416,0.031109385192394257,0,0,0,0,0,100,0,0.002197940368205309,0.015582037158310413,0.005550689063966274,-0.9998608231544495,1.0,-0.0956510953285589,-0.025496870075081945,-0.10578204393940532,0.19773878416311214,0.9452280550173994,0.021781636777308405,0,0
1754539200.3023276,1,follower,auto,-0.03748913109302521,0.9224324226379395,1.037674069404602,0.0,1.0,1.0,0.03748913109302521,0.07756757736206055,-0.03767406940460205,0,0,0,0,70,100,0,0.002197940368205309,0.015582037158310413,0.005550689063966274,-0.9998608231544495,1.0,-0.12315271940345088,-0.026256547684246567,-0.10948316626411447,0.02408722860870023,0.9355606964800627,1.0924156525366593,0,0
1754539200.3045979,0,leader,auto,0.100248783826828,0.9331673383712769,-0.023693691939115524,0,1,0,-0.100248783826828,0.06683266162872314,0.023693691939115524,2,-10,6,0,120,100,0.0018072128295898438,0.004414152354001999,0.01457748282700777,0.006608051247894764,-0.9998622536659241,1.0,,,,,,,0,0
1754539200.406658,1,follower,auto,-0.044721536338329315,0.9285692572593689,1.0476632118225098,0.0,1.0,1.0,0.044721536338329315,0.0714307427406311,-0.047663211822509766,-4,4,7,0,70,100,0.10193371772766113,0.004414152354001999,0.01457748282700777,0.006608051247894764,-0.9998622536659241,1.0,,,,,,,0,0
1754539200.5121374,0,leader,auto,0.100248783826828,0.9331673383712769,-0.023693691939115524,0,1,0,-0.100248783826828,0.06683266162872314,0.023693691939115524,0,0,0,0,0,100,0,0.004414152354001999,0.01457748282700777,0.006608051247894764,-0.9998622536659241,1.0,-0.08196184534319645,-0.016241483121423816,-0.10544751803464103,0.14122970649842623,0.9412880799319887,0.02903006707820499,0,0
1754539200.6127756,1,follower,auto,-0.044721536338329315,0.9285692572593689,1.0476632118225098,0.0,1.0,1.0,0.044721536338329315,0.0714307427406311,-0.047663211822509766,0,0,0,0,70,100,0,0.004414152354001999,0.01457748282700777,0.006608051247894764,-0.9998622536659241,1.0,-0.10977048331971667,-0.01981948267892819,-0.10473329415824062,0.01016370532152902,0.938478998598833,1.10002985890163,0,0
1754539200.7201052,0,leader,auto,0.05636986717581749,0.9345899224281311,-0.021293386816978455,0,1,0,-0.05636986717581749,0.0654100775718689,0.021293386816978455,2,-5,6,0,120,100,0.10542607307434082,0.004123869352042675,0.014436702243983746,0.005852354224771261,-0.999870240688324,1.0,,,,,,,0,0
1754539204.5339074,1,follower,auto,-0.05086219310760498,0.9319968819618225,1.0568140745162964,0.0,1.0,1.0,0.05086219310760498,0.06800311803817749,-0.05681407451629639,-5,5,6,0,,100,3.8133063316345215,0.004123869352042675,0.014436702243983746,0.005852354224771261,-0.999870240688324,1.0,,,,,,,0,0
1754539204.7360394,0,leader,auto,0.05636986717581749,0.9345899224281311,-0.021293386816978455,0,1,0,-0.05636986717581749,0.0654100775718689,0.021293386816978455,0,0,0,0,0,100,0,0.004123869352042675,0.014436702243983746,0.005852354224771261,-0.999870240688324,1.0,-0.060044866190898424,-0.0076086562460671026,-0.1054223160336655,0.08639230027126671,0.9383942505511647,0.0314177711998543,0,0
1754539204.8364935,1,follower,auto,-0.05086219310760498,0.9319968819618225,1.0568140745162964,0.0,1.0,1.0,0.05086219310760498,0.06800311803817749,-0.05681407451629639,0,0,0,0,0,100,0,0.004123869352042675,0.014436702243983746,0.005852354224771261,-0.999870240688324,1.0,-0.0872152779580457,-0.013019779218810146,-0.10213472775054244,-0.0072545541285821274,0.9385067715712276,1.1078814383915676,0,0
1754539205.0105731,0,leader,auto,-0.07093732804059982,0.055077727884054184,0.017784764990210533,0,1,0,0.07093732804059982,0.9449222721159458,-0.017784764990210533,0,0,0,0,0,100,0,0.006713554263114929,0.015285801142454147,-0.0011721610790118575,-0.9998599886894226,1.0,-0.060044866190898424,-0.0076086562460671026,-0.1054223160336655,0.08639230027126671,0.9383942505511647,0.0314177711998543,0,0
1754539205.1109514,1,follower,auto,-0.07942049205303192,0.06008673831820488,1.071276068687439,0.0,1.0,1.0,0.07942049205303192,0.9399132616817951,-0.07127606868743896,0,0,0,0,0,100,0,0.006713554263114929,0.015285801142454147,-0.0011721610790118575,-0.9998599886894226,1.0,-0.0872152779580457,-0.013019779218810146,-0.10213472775054244,-0.0072545541285821274,0.9385067715712276,1.1078814383915676,0,0
1754539205.2290652,0,leader,auto,-0.07096768170595169,0.055065400898456573,0.017779579386115074,0,1,0,0.07096768170595169,0.9449345991015434,-0.017779579386115074,0,0,0,0,0,100,0,0.006705795880407095,0.015235151164233685,-0.0011492794146761298,-0.9998608231544495,1.0,-0.060044866190898424,-0.0076086562460671026,-0.1054223160336655,0.08639230027126671,0.9383942505511647,0.0314177711998543,0,0
1754539205.3295574,1,follower,auto,-0.07946757227182388,0.060069628059864044,1.0712642669677734,0.0,1.0,1.0,0.07946757227182388,0.939930371940136,-0.07126426696777344,0,0,0,0,0,100,0,0.006705795880407095,0.015235151164233685,-0.0011492794146761298,-0.9998608231544495,1.0,-0.0872152779580457,-0.013019779218810146,-0.10213472775054244,-0.0072545541285821274,0.9385067715712276,1.1078814383915676,0,0
1754539205.5095503,0,leader,auto,-0.07098978012800217,0.05506142973899841,0.01779545471072197,0,1,0,0.07098978012800217,0.9449385702610016,-0.01779545471072197,0,0,0,0,0,100,0,0.006635467056185007,0.015217243693768978,-0.0012007533805444837,-0.9998615384101868,1.0,-0.060044866190898424,-0.0076086562460671026,-0.1054223160336655,0.08639230027126671,0.9383942505511647,0.0314177711998543,0,0
1754539205.609858,1,follower,auto,-0.07944837212562561,0.06008993834257126,1.0712796449661255,0.0,1.0,1.0,0.07944837212562561,0.9399100616574287,-0.07127964496612549,0,0,0,0,0,100,0,0.006635467056185007,0.015217243693768978,-0.0012007533805444837,-0.9998615384101868,1.0,-0.0872152779580457,-0.013019779218810146,-0.10213472775054244,-0.0072545541285821274,0.9385067715712276,1.1078814383915676,0,0
1754539205.7147691,0,leader,auto,-0.07096502184867859,0.055036600679159164,0.017807601019740105,0,1,0,0.07096502184867859,0.9449633993208408,-0.017807601019740105,0,0,0,0,0,100,0,0.0067090061493217945,0.01519994717091322,-0.0011975483503192663,-0.9998613595962524,1.0,-0.060044866190898424,-0.0076086562460671026,-0.1054223160336655,0.08639230027126671,0.9383942505511647,0.0314177711998543,0,0
1754539205.8152633,1,follower,auto,-0.07945849001407623,0.06004804000258446,1.0712941884994507,0.0,1.0,1.0,0.07945849001407623,0.9399519599974155,-0.07129418849945068,0,0,0,0,0,100,0,0.0067090061493217945,0.01519994717091322,-0.0011975483503192663,-0.9998613595962524,1.0,-0.0872152779580457,-0.013019779218810146,-0.10213472775054244,-0.0072545541285821274,0.9385067715712276,1.1078814383915676,0,0
1754539205.9213622,0,leader,auto,-0.0709562823176384,0.05504091829061508,0.017796188592910767,0,1,0,0.0709562823176384,0.9449590817093849,-0.017796188592910767,0,0,0,0,0,100,0,0.006766903214156628,0.015244142152369022,-0.001253570313565433,-0.9998601675033569,1.0,-0.060044866190898424,-0.0076086562460671026,-0.1054223160336655,0.08639230027126671,0.9383942505511647,0.0314177711998543,0,0
1754539206.0218053,1,follower,auto,-0.07946550101041794,0.060048725455999374,1.0712846517562866,0.0,1.0,1.0,0.07946550101041794,0.9399512745440006,-0.07128465175628662,0,0,0,0,0,100,0,0.006766903214156628,0.015244142152369022,-0.001253570313565433,-0.9998601675033569,1.0,-0.0872152779580457,-0.013019779218810146,-0.10213472775054244,-0.0072545541285821274,0.9385067715712276,1.1078814383915676,0,0
1754539206.1430612,0,leader,auto,-0.07095643877983093,0.05504519119858742,0.017799969762563705,0,1,0,0.07095643877983093,0.9449548088014126,-0.017799969762563705,0,0,0,0,0,100,0,0.006733520422130823,0.015260391868650913,-0.0012803623685613275,-0.9998601078987122,1.0,-0.060044866190898424,-0.0076086562460671026,-0.1054223160336655,0.08639230027126671,0.9383942505511647,0.0314177711998543,0,0
1754539206.243473,1,follower,auto,-0.07945917546749115,0.060065362602472305,1.0712882280349731,0.0,1.0,1.0,0.07945917546749115,0.9399346373975277,-0.07128822803497314,0,0,0,0,0,100,0,0.006733520422130823,0.015260391868650913,-0.0012803623685613275,-0.9998601078987122,1.0,-0.0872152779580457,-0.013019779218810146,-0.10213472775054244,-0.0072545541285821274,0.9385067715712276,1.1078814383915676,0,0
1754539206.3490922,0,leader,auto,-0.0709662064909935,0.05503923445940018,0.017793314531445503,0,1,0,0.0709662064909935,0.9449607655405998,-0.017793314531445503,0,0,0,0,0,100,0,0.006772963795810938,0.015259058214724064,-0.0012411376228556037,-0.9998599290847778,1.0,-0.060044866190898424,-0.0076086562460671026,-0.1054223160336655,0.08639230027126671,0.9383942505511647,0.0314177711998543,0,0
1754539206.449467,1,follower,auto,-0.07947247475385666,0.06006365269422531,1.0712690353393555,0.0,1.0,1.0,0.07947247475385666,0.9399363473057747,-0.07126903533935547,0,0,0,0,0,100,0,0.006772963795810938,0.015259058214724064,-0.0012411376228556037,-0.9998599290847778,1.0,-0.0872152779580457,-0.013019779218810146,-0.10213472775054244,-0.0072545541285821274,0.9385067715712276,1.1078814383915676,0,0
1754539206.6015494,0,leader,auto,-0.07095623761415482,0.05502508580684662,0.017819514498114586,0,1,0,0.07095623761415482,0.9449749141931534,-0.017819514498114586,0,0,0,0,0,100,0,0.006762275006622076,0.015285932458937168,-0.001280410448089242,-0.9998595118522644,1.0,-0.060044866190898424,-0.0076086562460671026,-0.1054223160336655,0.08639230027126671,0.9383942505511647,0.0314177711998543,0,0
1754539206.702077,1,follower,auto,-0.07946387678384781,0.060071978718042374,1.0712651014328003,0.0,1.0,1.0,0.07946387678384781,0.9399280212819576,-0.07126510143280029,0,0,0,0,0,100,0,0.006762275006622076,0.015285932458937168,-0.001280410448089242,-0.9998595118522644,1.0,-0.0872152779580457,-0.013019779218810146,-0.10213472775054244,-0.0072545541285821274,0.9385067715712276,1.1078814383915676,0,0
1754539206.8056543,0,leader,auto,-0.07095810770988464,0.05505380034446716,0.017801042646169662,0,1,0,0.07095810770988464,0.9449461996555328,-0.017801042646169662,0,0,0,0,0,100,0,0.0068049258552491665,0.01529747899621725,-0.0012435258831828833,-0.999859094619751,1.0,-0.060044866190898424,-0.0076086562460671026,-0.1054223160336655,0.08639230027126671,0.9383942505511647,0.0314177711998543,0,0
1754539206.9060407,1,follower,auto,-0.07945562154054642,0.0600661002099514,1.0712794065475464,0.0,1.0,1.0,0.07945562154054642,0.9399338997900486,-0.07127940654754639,0,0,0,0,0,100,0,0.0068049258552491665,0.01529747899621725,-0.0012435258831828833,-0.999859094619751,1.0,-0.0872152779580457,-0.013019779218810146,-0.10213472775054244,-0.0072545541285821274,0.9385067715712276,1.1078814383915676,0,0
1754539207.0084324,0,leader,auto,-0.07095381617546082,0.05505938455462456,0.017793459817767143,0,1,0,0.07095381617546082,0.9449406154453754,-0.017793459817767143,0,0,0,0,0,100,0,0.006802801508456469,0.015282906591892242,-0.0012493800604715943,-0.9998593330383301,1.0,-0.060044866190898424,-0.0076086562460671026,-0.1054223160336655,0.08639230027126671,0.9383942505511647,0.0314177711998543,0,0
1754539207.108922,1,follower,auto,-0.07945216447114944,0.0600658655166626,1.0712860822677612,0.0,1.0,1.0,0.07945216447114944,0.9399341344833374,-0.07128608226776123,0,0,0,0,0,100,0,0.006802801508456469,0.015282906591892242,-0.0012493800604715943,-0.9998593330383301,1.0,-0.0872152779580457,-0.013019779218810146,-0.10213472775054244,-0.0072545541285821274,0.9385067715712276,1.1078814383915676,0,0
1754539207.2130501,0,leader,auto,-0.07094334065914154,0.05507286265492439,0.017806168645620346,0,1,0,0.07094334065914154,0.9449271373450756,-0.017806168645620346,0,0,0,0,0,100,0,0.0066988226026296616,0.01519871037453413,-0.0011961734853684902,-0.9998613595962524,1.0,-0.060044866190898424,-0.0076086562460671026,-0.1054223160336655,0.08639230027126671,0.9383942505511647,0.0314177711998543,0,0
1754539207.3134458,1,follower,auto,-0.07942783087491989,0.06006592512130737,1.0712895393371582,0.0,1.0,1.0,0.07942783087491989,0.9399340748786926,-0.0712895393371582,0,0,0,0,0,100,0,0.0066988226026296616,0.01519871037453413,-0.0011961734853684902,-0.9998613595962524,1.0,-0.0872152779580457,-0.013019779218810146,-0.10213472775054244,-0.0072545541285821274,0.9385067715712276,1.1078814383915676,0,0
1754539207.4161627,0,leader,auto,-0.07094784080982208,0.05505400151014328,0.017797598615288734,0,1,0,0.07094784080982208,0.9449459984898567,-0.017797598615288734,0,0,0,0,0,100,0,0.0067652249708771706,0.015271107666194439,-0.0012966449139639735,-0.9998596906661987,1.0,-0.060044866190898424,-0.0076086562460671026,-0.1054223160336655,0.08639230027126671,0.9383942505511647,0.0314177711998543,0,0
1754539207.5166466,1,follower,auto,-0.07944536954164505,0.06006849929690361,1.071281909942627,0.0,1.0,1.0,0.07944536954164505,0.9399315007030964,-0.07128190994262695,0,0,0,0,0,100,0,0.0067652249708771706,0.015271107666194439,-0.0012966449139639735,-0.9998596906661987,1.0,-0.0872152779580457,-0.013019779218810146,-0.10213472775054244,-0.0072545541285821274,0.9385067715712276,1.1078814383915676,0,0
1754539207.620151,0,leader,auto,-0.07094018906354904,0.05506907030940056,0.017801444977521896,0,1,0,0.07094018906354904,0.9449309296905994,-0.017801444977521896,0,0,0,0,0,100,0,0.006672118790447712,0.015241199173033237,-0.0012010801583528519,-0.999860942363739,1.0,-0.060044866190898424,-0.0076086562460671026,-0.1054223160336655,0.08639230027126671,0.9383942505511647,0.0314177711998543,0,0
1754539207.7204459,1,follower,auto,-0.07944559305906296,0.06006261333823204,1.071276307106018,0.0,1.0,1.0,0.07944559305906296,0.939937386661768,-0.07127630710601807,0,0,0,0,0,100,0,0.006672118790447712,0.015241199173033237,-0.0012010801583528519,-0.999860942363739,1.0,-0.0872152779580457,-0.013019779218810146,-0.10213472775054244,-0.0072545541285821274,0.9385067715712276,1.1078814383915676,0,0
1754539207.826711,0,leader,auto,-0.07094234973192215,0.055074114352464676,0.01780262216925621,0,1,0,0.07094234973192215,0.9449258856475353,-0.01780262216925621,0,0,0,0,0,100,0,0.006753930822014809,0.015190878883004189,-0.0012317225337028503,-0.9998610615730286,1.0,-0.060044866190898424,-0.0076086562460671026,-0.1054223160336655,0.08639230027126671,0.9383942505511647,0.0314177711998543,0,0
1754539207.9274917,1,follower,auto,-0.07943827658891678,0.060091473162174225,1.0712826251983643,0.0,1.0,1.0,0.07943827658891678,0.9399085268378258,-0.07128262519836426,0,0,0,0,0,100,0,0.006753930822014809,0.015190878883004189,-0.0012317225337028503,-0.9998610615730286,1.0,-0.0872152779580457,-0.013019779218810146,-0.10213472775054244,-0.0072545541285821274,0.9385067715712276,1.1078814383915676,0,0
1754539208.108203,0,leader,auto,-0.07095351815223694,0.05507360026240349,0.017793290317058563,0,1,0,0.07095351815223694,0.9449263997375965,-0.017793290317058563,0,0,0,0,0,100,0,0.006834529805928469,0.015272889286279678,-0.0012792418710887432,-0.9998592138290405,1.0,-0.060044866190898424,-0.0076086562460671026,-0.1054223160336655,0.08639230027126671,0.9383942505511647,0.0314177711998543,0,0
1754539208.2088122,1,follower,auto,-0.07946503907442093,0.06007423624396324,1.0712729692459106,0.0,1.0,1.0,0.07946503907442093,0.9399257637560368,-0.07127296924591064,0,0,0,0,0,100,0,0.006834529805928469,0.015272889286279678,-0.0012792418710887432,-0.9998592138290405,1.0,-0.0872152779580457,-0.013019779218810146,-0.10213472775054244,-0.0072545541285821274,0.9385067715712276,1.1078814383915676,0,0
