timestamp,drone_id,role,mode,x,y,z,target_x,target_y,target_z,error_x,error_y,error_z,rc_lr,rc_fb,rc_ud,rc_yaw,trust,obs_error_x,obs_error_y,obs_error_z,obs_state_x,obs_state_y,obs_state_z,cbf_fire_flag,rc_safe_x,rc_safe_z,rc_diff_norm,qp_status,active_constraint_id,rc_nom_x,rc_nom_z,h_x,HOh_x,h2_value,h2_satisfied,h3_value,h3_satisfied,velocity_diff_x,velocity_diff_y
1762914357.741195,0,leader,manual,0.8463688492774963,0.0332651324570179,0.8444370031356812,0.9,1,1,0.053631150722503684,0.9667348675429821,0.15556299686431885,0,0,0,0,1.0,0,0,0,0,0,0,False,,,,,,,,,,,,,,,
1762914357.8414943,1,follower,manual,0.1695665568113327,0.05681091547012329,0.8618080615997314,0.1,1,1,-0.0695665568113327,0.9431890845298767,0.13819193840026855,0,0,0,0,1.0,0,0,0,0,0,0,False,,,,,,,,,,,,,,,
1762914357.9437854,0,leader,manual,0.8463769555091858,0.03326743468642235,0.8444278836250305,0.9,1,1,0.05362304449081423,0.9667325653135777,0.15557211637496948,0,0,0,0,1.0,0,0,0,0,0,0,False,,,,,,,,,,,,,,,
1762914358.0443006,1,follower,manual,0.16956740617752075,0.056812915951013565,0.8618126511573792,0.1,1,1,-0.06956740617752075,0.9431870840489864,0.13818734884262085,0,0,0,0,1.0,0,0,0,0,0,0,False,,,,,,,,,,,,,,,
1762914358.1471224,0,leader,manual,0.8463994264602661,0.03322414308786392,0.8444223403930664,0.9,1,1,0.05360057353973391,0.9667758569121361,0.1555776596069336,0,0,0,0,1.0,0,0,0,0,0,0,False,,,,,,,,,,,,,,,
1762914358.247451,1,follower,manual,0.16956664621829987,0.05680609494447708,0.8618066906929016,0.1,1,1,-0.06956664621829986,0.9431939050555229,0.1381933093070984,0,0,0,0,1.0,0,0,0,0,0,0,False,,,,,,,,,,,,,,,
1762914358.3515658,0,leader,manual,0.8464086055755615,0.03322058543562889,0.8444166779518127,0.9,1,1,0.0535913944244385,0.9667794145643711,0.15558332204818726,0,0,0,0,1.0,0,0,0,0,0,0,False,,,,,,,,,,,,,,,
1762914358.5520828,1,follower,manual,0.1695714145898819,0.05680372193455696,0.8618071675300598,0.1,1,1,-0.06957141458988189,0.943196278065443,0.13819283246994019,0,0,0,0,1.0,0,0,0,0,0,0,False,,,,,,,,,,,,,,,
1762914358.6636066,0,leader,manual,0.8464064598083496,0.03323405608534813,0.8444170355796814,0.9,1,1,0.05359354019165041,0.9667659439146519,0.1555829644203186,0,0,0,0,1.0,0,0,0,0,0,0,False,,,,,,,,,,,,,,,
1762914358.7641776,1,follower,manual,0.16957060992717743,0.05682598426938057,0.8618027567863464,0.1,1,1,-0.06957060992717742,0.9431740157306194,0.13819724321365356,0,0,0,0,1.0,0,0,0,0,0,0,False,,,,,,,,,,,,,,,
1762914358.9563124,0,leader,manual,0.8463742733001709,0.03328497335314751,0.8444255590438843,0.9,1,1,0.053625726699829124,0.9667150266468525,0.15557444095611572,0,0,0,0,1.0,0,0,0,0,0,0,False,,,,,,,,,,,,,,,
1762914359.0567677,1,follower,manual,0.16956670582294464,0.05681449547410011,0.8618024587631226,0.1,1,1,-0.06956670582294464,0.9431855045258999,0.13819754123687744,0,0,0,0,1.0,0,0,0,0,0,0,False,,,,,,,,,,,,,,,
1762914359.160997,0,leader,manual,0.8463707566261292,0.03328447788953781,0.8444265723228455,0.9,1,1,0.05362924337387087,0.9667155221104622,0.15557342767715454,0,0,0,0,1.0,0,0,0,0,0,0,False,,,,,,,,,,,,,,,
1762914359.2614853,1,follower,manual,0.16956789791584015,0.056818604469299316,0.8618101477622986,0.1,1,1,-0.06956789791584014,0.9431813955307007,0.13818985223770142,0,0,0,0,1.0,0,0,0,0,0,0,False,,,,,,,,,,,,,,,
1762914359.3638983,0,leader,manual,0.8463768362998962,0.03328327462077141,0.8444305062294006,0.9,1,1,0.05362316370010378,0.9667167253792286,0.15556949377059937,0,0,0,0,1.0,0,0,0,0,0,0,False,,,,,,,,,,,,,,,
1762914359.4644117,1,follower,manual,0.1695675253868103,0.05681206285953522,0.8618010878562927,0.1,1,1,-0.0695675253868103,0.9431879371404648,0.13819891214370728,0,0,0,0,1.0,0,0,0,0,0,0,False,,,,,,,,,,,,,,,
1762914359.572137,0,leader,manual,0.8463766574859619,0.03327690809965134,0.8444185256958008,0.9,1,1,0.05362334251403811,0.9667230919003487,0.15558147430419922,0,0,0,0,1.0,0,0,0,0,0,0,False,,,,,,,,,,,,,,,
1762914359.6727188,1,follower,manual,0.16957230865955353,0.05681513622403145,0.8618017435073853,0.1,1,1,-0.06957230865955352,0.9431848637759686,0.13819825649261475,0,0,0,0,1.0,0,0,0,0,0,0,False,,,,,,,,,,,,,,,
1762914359.7876756,0,leader,manual,0.8463822603225708,0.0332837775349617,0.8444263935089111,0.9,1,1,0.05361773967742922,0.9667162224650383,0.15557360649108887,0,0,0,0,1.0,0,0,0,0,0,0,False,,,,,,,,,,,,,,,
1762914359.887971,1,follower,manual,0.16956721246242523,0.05680277571082115,0.8618056178092957,0.1,1,1,-0.06956721246242523,0.9431972242891788,0.13819438219070435,0,0,0,0,1.0,0,0,0,0,0,0,False,,,,,,,,,,,,,,,
1762914360.0402572,0,leader,manual,0.8463717699050903,0.033299293369054794,0.8444239497184753,0.9,1,1,0.05362823009490969,0.9667007066309452,0.15557605028152466,0,0,0,0,1.0,0,0,0,0,0,0,False,,,,,,,,,,,,,,,
1762914360.1405687,1,follower,manual,0.16957473754882812,0.05683515593409538,0.8618178367614746,0.1,1,1,-0.06957473754882812,0.9431648440659046,0.1381821632385254,0,0,0,0,1.0,0,0,0,0,0,0,False,,,,,,,,,,,,,,,
1762914360.2434115,0,leader,manual,0.8463543057441711,0.033250611275434494,0.8444122076034546,0.9,1,1,0.05364569425582888,0.9667493887245655,0.1555877923965454,0,0,0,0,1.0,0,0,0,0,0,0,False,,,,,,,,,,,,,,,
1762914360.343819,1,follower,manual,0.16955596208572388,0.05677856132388115,0.8617916107177734,0.1,1,1,-0.06955596208572387,0.9432214386761189,0.13820838928222656,0,0,0,0,1.0,0,0,0,0,0,0,False,,,,,,,,,,,,,,,
1762914360.446397,0,leader,manual,0.8464075326919556,0.03323297202587128,0.84442538022995,0.9,1,1,0.053592467308044456,0.9667670279741287,0.15557461977005005,0,0,0,0,1.0,0,0,0,0,0,0,False,,,,,,,,,,,,,,,
1762914360.5467176,1,follower,manual,0.16932490468025208,0.057455211877822876,0.8622944951057434,0.1,1,1,-0.06932490468025207,0.9425447881221771,0.1377055048942566,0,0,0,0,1.0,0,0,0,0,0,0,False,,,,,,,,,,,,,,,
1762914360.6515965,0,leader,manual,0.8464154005050659,0.033219315111637115,0.8444201350212097,0.9,1,1,0.053584599494934104,0.9667806848883629,0.15557986497879028,0,0,0,0,1.0,0,0,0,0,0,0,False,,,,,,,,,,,,,,,
1762914360.7518768,1,follower,manual,0.1693403273820877,0.05741635710000992,0.8622650504112244,0.1,1,1,-0.0693403273820877,0.9425836428999901,0.13773494958877563,0,0,0,0,1.0,0,0,0,0,0,0,False,,,,,,,,,,,,,,,
1762914360.94557,0,leader,manual,0.8463448882102966,0.033232755959033966,0.8444928526878357,0.9,1,1,0.05365511178970339,0.966767244040966,0.1555071473121643,0,0,0,0,1.0,0,0,0,0,0,0,False,,,,,,,,,,,,,,,
1762914361.0458038,1,follower,manual,0.16957034170627594,0.05681081861257553,0.8618113994598389,0.1,1,1,-0.06957034170627593,0.9431891813874245,0.13818860054016113,0,0,0,0,1.0,0,0,0,0,0,0,False,,,,,,,,,,,,,,,
1762914361.1618054,0,leader,manual,0.8463587164878845,0.03317176550626755,0.8444489240646362,0.9,1,1,0.0536412835121155,0.9668282344937325,0.15555107593536377,0,0,0,0,1.0,0,0,0,0,0,0,False,,,,,,,,,,,,,,,
1762914361.2622359,1,follower,manual,0.16956543922424316,0.056818488985300064,0.8618054389953613,0.1,1,1,-0.06956543922424316,0.9431815110146999,0.13819456100463867,0,0,0,0,1.0,0,0,0,0,0,0,False,,,,,,,,,,,,,,,
1762914361.4552279,0,leader,manual,0.8463760018348694,0.0332651324570179,0.84442138671875,0.9,1,1,0.05362399816513064,0.9667348675429821,0.15557861328125,0,0,0,0,1.0,0,0,0,0,0,0,False,,,,,,,,,,,,,,,
1762914361.5555775,1,follower,manual,0.16957096755504608,0.056786272674798965,0.8617917895317078,0.1,1,1,-0.06957096755504608,0.943213727325201,0.13820821046829224,0,0,0,0,1.0,0,0,0,0,0,0,False,,,,,,,,,,,,,,,
1762914361.658891,0,leader,manual,0.8463682532310486,0.033280692994594574,0.8444194793701172,0.9,1,1,0.05363174676895144,0.9667193070054054,0.1555805206298828,0,0,0,0,1.0,0,0,0,0,0,0,False,,,,,,,,,,,,,,,
1762914361.7592514,1,follower,manual,0.16949328780174255,0.056828346103429794,0.8617281913757324,0.1,1,1,-0.06949328780174255,0.9431716538965702,0.13827180862426758,0,0,0,0,1.0,0,0,0,0,0,0,False,,,,,,,,,,,,,,,
1762914361.862538,0,leader,manual,0.8465232849121094,0.033218495547771454,0.8446497917175293,0.9,1,1,0.05347671508789065,0.9667815044522285,0.1553502082824707,0,0,0,0,1.0,0,0,0,0,0,0,False,,,,,,,,,,,,,,,
1762914361.9629347,1,follower,manual,0.16957679390907288,0.05680929869413376,0.8617942929267883,0.1,1,1,-0.06957679390907287,0.9431907013058662,0.13820570707321167,0,0,0,0,1.0,0,0,0,0,0,0,False,,,,,,,,,,,,,,,
1762914362.0712733,0,leader,manual,0.8433535695075989,0.030138390138745308,0.8409701585769653,0.9,1,1,0.056646430492401145,0.9698616098612547,0.15902984142303467,0,0,0,0,1.0,0,0,0,0,0,0,False,,,,,,,,,,,,,,,
1762914362.1717362,1,follower,manual,0.169574573636055,0.05679645389318466,0.8617984056472778,0.1,1,1,-0.06957457363605499,0.9432035461068153,0.13820159435272217,0,0,0,0,1.0,0,0,0,0,0,0,False,,,,,,,,,,,,,,,
1762914362.286231,0,leader,manual,0.8463778495788574,0.03328625485301018,0.8444455862045288,0.9,1,1,0.0536221504211426,0.9667137451469898,0.1555544137954712,0,0,0,0,1.0,0,0,0,0,0,0,False,,,,,,,,,,,,,,,
1762914362.3865073,1,follower,manual,0.16957084834575653,0.05680910497903824,0.8618075847625732,0.1,1,1,-0.06957084834575653,0.9431908950209618,0.13819241523742676,0,0,0,0,1.0,0,0,0,0,0,0,False,,,,,,,,,,,,,,,
1762914362.4883566,0,leader,manual,0.8463694453239441,0.03325970098376274,0.8444181680679321,0.9,1,1,0.05363055467605593,0.9667402990162373,0.15558183193206787,0,0,0,0,1.0,0,0,0,0,0,0,False,,,,,,,,,,,,,,,
1762914362.6888564,1,follower,manual,0.1695663034915924,0.05679136514663696,0.8617876768112183,0.1,1,1,-0.0695663034915924,0.943208634853363,0.13821232318878174,0,0,0,0,1.0,0,0,0,0,0,0,False,,,,,,,,,,,,,,,
1762914362.7923281,0,leader,manual,0.8463791608810425,0.033291857689619064,0.8444230556488037,0.9,1,1,0.05362083911895754,0.9667081423103809,0.1555769443511963,0,0,0,0,1.0,0,0,0,0,0,0,False,,,,,,,,,,,,,,,
1762914362.8925805,1,follower,manual,0.16957221925258636,0.05683044716715813,0.8618158102035522,0.1,1,1,-0.06957221925258636,0.9431695528328419,0.13818418979644775,0,0,0,0,1.0,0,0,0,0,0,0,False,,,,,,,,,,,,,,,
1762914362.9959998,0,leader,manual,0.8463727235794067,0.033275701105594635,0.8444169163703918,0.9,1,1,0.053627276420593284,0.9667242988944054,0.15558308362960815,0,0,0,0,1.0,0,0,0,0,0,0,False,,,,,,,,,,,,,,,
1762914363.096265,1,follower,manual,0.16956207156181335,0.05681932345032692,0.8618065118789673,0.1,1,1,-0.06956207156181335,0.9431806765496731,0.13819348812103271,0,0,0,0,1.0,0,0,0,0,0,0,False,,,,,,,,,,,,,,,
1762914363.2422805,0,leader,manual,0.8464009165763855,0.03323224186897278,0.8444182872772217,0.9,1,1,0.053599083423614524,0.9667677581310272,0.15558171272277832,0,0,0,0,1.0,0,0,0,0,0,0,False,,,,,,,,,,,,,,,
1762914363.3425407,1,follower,manual,0.16956230998039246,0.05681420862674713,0.8617967367172241,0.1,1,1,-0.06956230998039245,0.9431857913732529,0.13820326328277588,0,0,0,0,1.0,0,0,0,0,0,0,False,,,,,,,,,,,,,,,
1762914363.4461398,0,leader,manual,0.8463516235351562,0.033271148800849915,0.8444184064865112,0.9,1,1,0.05364837646484377,0.9667288511991501,0.15558159351348877,0,0,0,0,1.0,0,0,0,0,0,0,False,,,,,,,,,,,,,,,
1762914363.5463624,1,follower,manual,0.16956569254398346,0.056816767901182175,0.8618099093437195,0.1,1,1,-0.06956569254398345,0.9431832320988178,0.13819009065628052,0,0,0,0,1.0,0,0,0,0,0,0,False,,,,,,,,,,,,,,,
1762914363.6515648,0,leader,manual,0.846379280090332,0.033285949379205704,0.8444340229034424,0.9,1,1,0.05362071990966799,0.9667140506207943,0.15556597709655762,0,0,0,0,1.0,0,0,0,0,0,0,False,,,,,,,,,,,,,,,
1762914363.7518911,1,follower,manual,0.16956160962581635,0.056824151426553726,0.8618136644363403,0.1,1,1,-0.06956160962581634,0.9431758485734463,0.13818633556365967,0,0,0,0,1.0,0,0,0,0,0,0,False,,,,,,,,,,,,,,,
1762914363.8645277,0,leader,manual,0.8463766574859619,0.03328153118491173,0.8444288969039917,0.9,1,1,0.05362334251403811,0.9667184688150883,0.1555711030960083,0,0,0,0,1.0,0,0,0,0,0,0,False,,,,,,,,,,,,,,,
1762914363.964872,1,follower,manual,0.16956734657287598,0.056815363466739655,0.8618190288543701,0.1,1,1,-0.06956734657287597,0.9431846365332603,0.13818097114562988,0,0,0,0,1.0,0,0,0,0,0,0,False,,,,,,,,,,,,,,,
1762914364.0701904,0,leader,manual,0.8463762998580933,0.033297281712293625,0.8444412350654602,0.9,1,1,0.05362370014190676,0.9667027182877064,0.1555587649345398,0,0,0,0,1.0,0,0,0,0,0,0,False,,,,,,,,,,,,,,,
1762914364.1706767,1,follower,manual,0.16957342624664307,0.0568227618932724,0.861810564994812,0.1,1,1,-0.06957342624664306,0.9431772381067276,0.138189435005188,0,0,0,0,1.0,0,0,0,0,0,0,False,,,,,,,,,,,,,,,
1762914364.2745576,0,leader,manual,0.8433706760406494,0.030153905972838402,0.8409844040870667,0.9,1,1,0.05662932395935061,0.9698460940271616,0.15901559591293335,0,0,0,0,1.0,0,0,0,0,0,0,False,,,,,,,,,,,,,,,
1762914364.3750372,1,follower,manual,0.16956917941570282,0.0568302720785141,0.8618114590644836,0.1,1,1,-0.06956917941570281,0.9431697279214859,0.13818854093551636,0,0,0,0,1.0,0,0,0,0,0,0,False,,,,,,,,,,,,,,,
1762914364.4806387,0,leader,manual,0.8426461815834045,0.03125350549817085,0.8417211174964905,0.9,1,1,0.05735381841659548,0.9687464945018291,0.15827888250350952,0,0,0,0,1.0,0,0,0,0,0,0,False,,,,,,,,,,,,,,,
1762914364.581043,1,follower,manual,0.16957128047943115,0.05682000517845154,0.8617952466011047,0.1,1,1,-0.06957128047943115,0.9431799948215485,0.13820475339889526,0,0,0,0,1.0,0,0,0,0,0,0,False,,,,,,,,,,,,,,,
1762914364.7779377,0,leader,manual,0.8463743329048157,0.03328041732311249,0.8444202542304993,0.9,1,1,0.05362566709518435,0.9667195826768875,0.15557974576950073,0,0,0,0,1.0,0,0,0,0,0,0,False,,,,,,,,,,,,,,,
1762914364.8783932,1,follower,manual,0.16949006915092468,0.05682871490716934,0.8617262244224548,0.1,1,1,-0.06949006915092468,0.9431712850928307,0.13827377557754517,0,0,0,0,1.0,0,0,0,0,0,0,False,,,,,,,,,,,,,,,
1762914364.9822714,0,leader,manual,0.8463848829269409,0.03324299678206444,0.8444811105728149,0.9,1,1,0.053615117073059104,0.9667570032179356,0.15551888942718506,0,0,0,0,1.0,0,0,0,0,0,0,False,,,,,,,,,,,,,,,
1762914365.0827186,1,follower,manual,0.16957318782806396,0.05682963877916336,0.8618022203445435,0.1,1,1,-0.06957318782806396,0.9431703612208366,0.13819777965545654,0,0,0,0,1.0,0,0,0,0,0,0,False,,,,,,,,,,,,,,,
1762914365.1928036,0,leader,manual,0.8463330864906311,0.03322974964976311,0.8444828987121582,0.9,1,1,0.05366691350936892,0.9667702503502369,0.1555171012878418,0,0,0,0,1.0,0,0,0,0,0,0,False,,,,,,,,,,,,,,,
1762914365.293073,1,follower,manual,0.16957050561904907,0.05681084841489792,0.8617978692054749,0.1,1,1,-0.06957050561904907,0.9431891515851021,0.13820213079452515,0,0,0,0,1.0,0,0,0,0,0,0,False,,,,,,,,,,,,,,,
1762914365.3953302,0,leader,manual,0.8463284969329834,0.033224646002054214,0.8444908857345581,0.9,1,1,0.053671503067016624,0.9667753539979458,0.1555091142654419,0,0,0,0,1.0,0,0,0,0,0,0,False,,,,,,,,,,,,,,,
1762914365.4959424,1,follower,manual,0.16956110298633575,0.05681535601615906,0.8618119955062866,0.1,1,1,-0.06956110298633575,0.9431846439838409,0.13818800449371338,0,0,0,0,1.0,0,0,0,0,0,0,False,,,,,,,,,,,,,,,
1762914365.599257,0,leader,manual,0.8463652729988098,0.033176179975271225,0.8444458842277527,0.9,1,1,0.05363472700119021,0.9668238200247288,0.15555411577224731,0,0,0,0,1.0,0,0,0,0,0,0,False,,,,,,,,,,,,,,,
1762914365.699535,1,follower,manual,0.16932183504104614,0.05744630843400955,0.8622776865959167,0.1,1,1,-0.06932183504104614,0.9425536915659904,0.13772231340408325,0,0,0,0,1.0,0,0,0,0,0,0,False,,,,,,,,,,,,,,,
1762914365.8058028,0,leader,manual,0.8463799357414246,0.03328397497534752,0.8444311618804932,0.9,1,1,0.05362006425857546,0.9667160250246525,0.15556883811950684,0,0,0,0,1.0,0,0,0,0,0,0,False,,,,,,,,,,,,,,,
1762914365.906068,1,follower,manual,0.1693267673254013,0.05745398625731468,0.8622890710830688,0.1,1,1,-0.0693267673254013,0.9425460137426853,0.13771092891693115,0,0,0,0,1.0,0,0,0,0,0,0,False,,,,,,,,,,,,,,,
1762914366.0487256,0,leader,manual,0.8463788628578186,0.03328121080994606,0.8444295525550842,0.9,1,1,0.05362113714218142,0.9667187891900539,0.15557044744491577,0,0,0,0,1.0,0,0,0,0,0,0,False,,,,,,,,,,,,,,,
1762914366.1489863,1,follower,manual,0.16932277381420135,0.05744519084692001,0.8622737526893616,0.1,1,1,-0.06932277381420135,0.94255480915308,0.13772624731063843,0,0,0,0,1.0,0,0,0,0,0,0,False,,,,,,,,,,,,,,,
1762914366.2513478,0,leader,manual,0.8463908433914185,0.03323374316096306,0.844420313835144,0.9,1,1,0.053609156608581565,0.9667662568390369,0.15557968616485596,0,0,0,0,1.0,0,0,0,0,0,0,False,,,,,,,,,,,,,,,
1762914366.3516843,1,follower,manual,0.16956347227096558,0.056822262704372406,0.8618044257164001,0.1,1,1,-0.06956347227096557,0.9431777372956276,0.13819557428359985,0,0,0,0,1.0,0,0,0,0,0,0,False,,,,,,,,,,,,,,,
1762914366.4562635,0,leader,manual,0.8463929891586304,0.033232249319553375,0.8444269299507141,0.9,1,1,0.05360701084136965,0.9667677506804466,0.1555730700492859,0,0,0,0,1.0,0,0,0,0,0,0,False,,,,,,,,,,,,,,,
1762914366.5565672,1,follower,manual,0.16955944895744324,0.0568227544426918,0.8618032336235046,0.1,1,1,-0.06955944895744323,0.9431772455573082,0.13819676637649536,0,0,0,0,1.0,0,0,0,0,0,0,False,,,,,,,,,,,,,,,
1762914366.6629968,0,leader,manual,0.8463652729988098,0.03328681364655495,0.8444309830665588,0.9,1,1,0.05363472700119021,0.966713186353445,0.15556901693344116,0,0,0,0,1.0,0,0,0,0,0,0,False,,,,,,,,,,,,,,,
1762914366.7632666,1,follower,manual,0.16956599056720734,0.05682332441210747,0.8618200421333313,0.1,1,1,-0.06956599056720733,0.9431766755878925,0.1381799578666687,0,0,0,0,1.0,0,0,0,0,0,0,False,,,,,,,,,,,,,,,
1762914366.8648214,0,leader,manual,0.8463777899742126,0.03328492492437363,0.8444184064865112,0.9,1,1,0.053622210025787376,0.9667150750756264,0.15558159351348877,0,0,0,0,1.0,0,0,0,0,0,0,False,,,,,,,,,,,,,,,
1762914366.965071,1,follower,manual,0.16956424713134766,0.0568247027695179,0.8618051409721375,0.1,1,1,-0.06956424713134765,0.9431752972304821,0.13819485902786255,0,0,0,0,1.0,0,0,0,0,0,0,False,,,,,,,,,,,,,,,
1762914367.0705383,0,leader,manual,0.8463745713233948,0.03327520191669464,0.8444269299507141,0.9,1,1,0.05362542867660525,0.9667247980833054,0.1555730700492859,0,0,0,0,1.0,0,0,0,0,0,0,False,,,,,,,,,,,,,,,
1762914367.1709077,1,follower,manual,0.1695764660835266,0.05681614950299263,0.8618098497390747,0.1,1,1,-0.0695764660835266,0.9431838504970074,0.1381901502609253,0,0,0,0,1.0,0,0,0,0,0,0,False,,,,,,,,,,,,,,,
1762914367.2747302,0,leader,manual,0.8463875651359558,0.03328881040215492,0.8444356918334961,0.9,1,1,0.05361243486404421,0.9667111895978451,0.1555643081665039,0,0,0,0,1.0,0,0,0,0,0,0,False,,,,,,,,,,,,,,,
1762914367.3751528,1,follower,manual,0.16956473886966705,0.056826863437891006,0.8618212342262268,0.1,1,1,-0.06956473886966705,0.943173136562109,0.1381787657737732,0,0,0,0,1.0,0,0,0,0,0,0,False,,,,,,,,,,,,,,,
1762914367.4810777,0,leader,manual,0.84638911485672,0.03329048305749893,0.8444339632987976,0.9,1,1,0.05361088514328005,0.9667095169425011,0.1555660367012024,0,0,0,0,1.0,0,0,0,0,0,0,False,,,,,,,,,,,,,,,
1762914367.5814679,1,follower,manual,0.16957196593284607,0.05682427063584328,0.8618215322494507,0.1,1,1,-0.06957196593284606,0.9431757293641567,0.13817846775054932,0,0,0,0,1.0,0,0,0,0,0,0,False,,,,,,,,,,,,,,,
1762914367.682601,0,leader,manual,0.8463884592056274,0.03329157829284668,0.8444249033927917,0.9,1,1,0.05361154079437258,0.9667084217071533,0.15557509660720825,0,0,0,0,1.0,0,0,0,0,0,0,False,,,,,,,,,,,,,,,
1762914367.7828956,1,follower,manual,0.1695726364850998,0.05681752786040306,0.861803412437439,0.1,1,1,-0.06957263648509979,0.9431824721395969,0.13819658756256104,0,0,0,0,1.0,0,0,0,0,0,0,False,,,,,,,,,,,,,,,
1762914367.9000056,0,leader,manual,0.8463780879974365,0.03328316658735275,0.844415009021759,0.9,1,1,0.0536219120025635,0.9667168334126472,0.15558499097824097,0,0,0,0,1.0,0,0,0,0,0,0,False,,,,,,,,,,,,,,,
1762914368.000212,1,follower,manual,0.16956879198551178,0.0568125881254673,0.8617987632751465,0.1,1,1,-0.06956879198551177,0.9431874118745327,0.13820123672485352,0,0,0,0,1.0,0,0,0,0,0,0,False,,,,,,,,,,,,,,,
1762914368.1026506,0,leader,manual,0.8463925123214722,0.03322892636060715,0.8444088101387024,0.9,1,1,0.053607487678527854,0.9667710736393929,0.1555911898612976,0,0,0,0,1.0,0,0,0,0,0,0,False,,,,,,,,,,,,,,,
1762914368.2028944,1,follower,manual,0.16956835985183716,0.05681489035487175,0.8617885708808899,0.1,1,1,-0.06956835985183715,0.9431851096451283,0.1382114291191101,0,0,0,0,1.0,0,0,0,0,0,0,False,,,,,,,,,,,,,,,
1762914368.306876,0,leader,manual,0.8464018106460571,0.03323804959654808,0.8444045186042786,0.9,1,1,0.05359818935394289,0.9667619504034519,0.15559548139572144,0,0,0,0,1.0,0,0,0,0,0,0,False,,,,,,,,,,,,,,,
1762914368.407214,1,follower,manual,0.16956758499145508,0.056797999888658524,0.8617937564849854,0.1,1,1,-0.06956758499145507,0.9432020001113415,0.13820624351501465,0,0,0,0,1.0,0,0,0,0,0,0,False,,,,,,,,,,,,,,,
1762914373.7178714,0,leader,manual,0.8463790416717529,0.033275194466114044,0.8444223999977112,0.9,1,1,0.05362095832824709,0.966724805533886,0.15557760000228882,0,0,0,0,1.0,0,0,0,0,0,0,False,,,,,,,,,,,,,,,
1762914373.818252,1,follower,manual,0.16956952214241028,0.056799113750457764,0.8617974519729614,0.1,1,1,-0.06956952214241027,0.9432008862495422,0.13820254802703857,0,0,0,0,1.0,0,0,0,0,0,0,False,,,,,,,,,,,,,,,
1762914373.818958,0,follower,manual,0.885305643081665,0.7343215942382812,0.8653504848480225,0.9,1,1,0.014694356918334983,0.26567840576171875,0.13464951515197754,0,0,0,0,,,,,,,,False,,,,,,,,,,,,,,,
1762914373.9193823,1,follower,manual,0.03644002601504326,0.8764454126358032,0.7761513590812683,0.1,1,1,0.06355997398495675,0.12355458736419678,0.2238486409187317,0,0,0,0,,,,,,,,False,,,,,,,,,,,,,,,
1762914374.1223457,0,leader,manual,0.885305643081665,0.7343215942382812,0.8653504848480225,0.9,1,1,0.014694356918334983,0.26567840576171875,0.13464951515197754,0,0,0,0,1.0,0,0,0,0,0,0,False,,,,,,,,,,,,,,,
1762914374.2227583,1,follower,manual,0.03644002601504326,0.8764454126358032,0.7761513590812683,0.1,1,1,0.06355997398495675,0.12355458736419678,0.2238486409187317,0,0,0,0,1.0,0,0,0,0,0,0,False,,,,,,,,,,,,,,,
1762914374.2234504,0,follower,manual,0.8875451683998108,0.7241746187210083,0.869140625,0.9,1,1,0.012454831600189231,0.2758253812789917,0.130859375,0,0,0,0,,,,,,,,False,,,,,,,,,,,,,,,
1762914374.3248107,1,follower,manual,0.03547355905175209,0.8828166723251343,0.7726501822471619,0.1,1,1,0.06452644094824792,0.11718332767486572,0.22734981775283813,0,0,0,0,,,,,,,,False,,,,,,,,,,,,,,,
1762914374.4507954,0,leader,manual,0.8875451683998108,0.7241746187210083,0.869140625,0.9,1,1,0.012454831600189231,0.2758253812789917,0.130859375,0,0,0,0,1.0,0,0,0,0,0,0,False,,,,,,,,,,,,,,,
1762914374.5511475,1,follower,manual,0.03547355905175209,0.8828166723251343,0.7726501822471619,0.1,1,1,0.06452644094824792,0.11718332767486572,0.22734981775283813,0,0,0,0,1.0,0,0,0,0,0,0,False,,,,,,,,,,,,,,,
1762914374.5518036,0,follower,manual,0.8885597586631775,0.7250205874443054,0.8669220805168152,0.9,1,1,0.011440241336822532,0.2749794125556946,0.13307791948318481,0,0,0,0,,,,,,,,False,,,,,,,,,,,,,,,
1762914374.652151,1,follower,manual,0.03164905309677124,0.8881810903549194,0.7754732370376587,0.1,1,1,0.06835094690322877,0.11181890964508057,0.2245267629623413,0,0,0,0,,,,,,,,False,,,,,,,,,,,,,,,
1762914374.8234496,0,leader,manual,0.8885597586631775,0.7250205874443054,0.8669220805168152,0.9,1,1,0.011440241336822532,0.2749794125556946,0.13307791948318481,0,0,0,0,1.0,0,0,0,0,0,0,False,,,,,,,,,,,,,,,
1762914374.9238198,1,follower,manual,0.03164905309677124,0.8881810903549194,0.7754732370376587,0.1,1,1,0.06835094690322877,0.11181890964508057,0.2245267629623413,0,0,0,0,1.0,0,0,0,0,0,0,False,,,,,,,,,,,,,,,
1762914374.926147,0,follower,auto,0.8894238471984863,0.7327210307121277,0.8705300092697144,0.9,1,1,0.010576152801513694,0.2672789692878723,0.12946999073028564,12.24102795124054,-0.29863599967211485,20,0,,,,,,,,True,1.0,12.0,0.0,optimal,0,1.0,12.0,3.065196825153594,3.325181916315322,0.0,True,0.0,True,0.0,0.0
1762914375.0275042,1,follower,auto,0.023666514083743095,0.893406331539154,0.7812920212745667,0.09999999999999998,1.0,1.0,0.07633348591625688,0.10659366846084595,0.21870797872543335,20,7.098635999672115,10.133856981992722,0,,,,,,,,True,7.0,21.0,0.0,optimal,0,7.0,21.0,1.6917359533042378,1.937724690308488,0.0,True,0.0,True,0.0,0.0
1762914375.1314137,0,leader,auto,0.8894238471984863,0.7327210307121277,0.8705300092697144,0.9,1,1,0.010576152801513694,0.2672789692878723,0.12946999073028564,0,0,0,0,1.0,0,0,0,0,0,0,False,,,,,,,,,,,,,,,
1762914375.2318811,1,follower,auto,0.023666514083743095,0.893406331539154,0.7812920212745667,0.09999999999999998,1.0,1.0,0.07633348591625688,0.10659366846084595,0.21870797872543335,0,0,0,0,1.0,0,0,0,0,0,0,False,,,,,,,,,,,,,,,
1762914375.2335613,0,follower,auto,0.8943504095077515,0.7531298995018005,0.872353732585907,0.9,1,1,0.005649590492248557,0.24687010049819946,0.12764626741409302,12.042517894506455,-1.3566227372735737,20,0,,,,,,,,True,0.0,12.0,0.0,optimal,0,0.0,12.0,3.0809575861322545,3.420564864363313,0.0,True,0.0,True,0.0,0.0
1762914375.3343163,1,follower,auto,0.017524000257253647,0.8957648277282715,0.7853257060050964,0.09999999999999998,1.0,1.0,0.08247599974274633,0.10423517227172852,0.21467429399490356,20,8.166836730018257,10.096659088134766,0,,,,,,,,True,8.0,21.0,0.0,optimal,0,8.0,21.0,1.6993788612054173,2.0179588409870597,0.0,True,0.0,True,0.0,0.0
1762914375.4585717,0,leader,auto,0.8943504095077515,0.7531298995018005,0.872353732585907,0.9,1,1,0.005649590492248557,0.24687010049819946,0.12764626741409302,0,0,0,0,1.0,0,0,0,0,0,0,False,,,,,,,,,,,,,,,
1762914375.5590546,1,follower,auto,0.017524000257253647,0.8957648277282715,0.7853257060050964,0.09999999999999998,1.0,1.0,0.08247599974274633,0.10423517227172852,0.21467429399490356,0,0,0,0,1.0,0,0,0,0,0,0,False,,,,,,,,,,,,,,,
1762914375.5609982,0,follower,auto,0.9017642140388489,0.7840750217437744,0.8860346674919128,0.9,1,1,-0.0017642140388488547,0.21592497825622559,0.11396533250808716,10.8658749294281,-1.415870083188638,20,0,,,,,,,,True,0.0,11.0,0.0,optimal,0,0.0,11.0,3.13497648282606,3.689181317986181,0.0,True,0.0,True,0.0,0.0
1762914375.661888,1,follower,auto,0.00764475530013442,0.9022378921508789,0.7955856323242188,0.09999999999999998,1.0,1.0,0.09235524469986556,0.0977621078491211,0.20441436767578125,19.762438542842865,9.239643980590627,9.039325286149978,0,,,,,,,,True,9.0,20.0,0.0,optimal,0,9.0,20.0,1.7216584750885984,2.147368857942208,0.0,True,0.0,True,0.0,0.0
1762914375.7912564,0,leader,auto,0.9017642140388489,0.7840750217437744,0.8860346674919128,0.9,1,1,-0.0017642140388488547,0.21592497825622559,0.11396533250808716,0,0,0,0,1.0,0,0,0,0,0,0,False,,,,,,,,,,,,,,,
1762914375.8915172,1,follower,auto,0.00764475530013442,0.9022378921508789,0.7955856323242188,0.09999999999999998,1.0,1.0,0.09235524469986556,0.0977621078491211,0.20441436767578125,0,0,0,0,1.0,0,0,0,0,0,0,False,,,,,,,,,,,,,,,
1762914375.8921618,0,follower,auto,0.914928138256073,0.8323826193809509,0.917133092880249,0.9,1,1,-0.014928138256072976,0.16761738061904907,0.08286690711975098,7.637606699228287,-2.5112306821634993,15.565247452735901,0,,,,,,,,True,-1.0,8.0,0.0,optimal,0,-1.0,8.0,3.2513309564114934,4.116142908778199,0.0,True,0.0,True,0.0,0.0
1762914375.9927652,1,follower,auto,-0.0039028285536915064,0.9235835075378418,0.8253523707389832,0.09999999999999998,1.0,1.0,0.10390282855369148,0.0764164924621582,0.17464762926101685,16.665800353050233,10.304785592331552,6.858726000547409,0,,,,,,,,True,10.0,17.0,0.0,optimal,0,10.0,17.0,1.795013007272686,2.5615904627326023,0.0,True,0.0,True,0.0,0.0
1762914376.0983539,0,leader,auto,0.914928138256073,0.8323826193809509,0.917133092880249,0.9,1,1,-0.014928138256072976,0.16761738061904907,0.08286690711975098,0,0,0,0,1.0,0,0,0,0,0,0,False,,,,,,,,,,,,,,,
1762914376.2001617,1,follower,auto,-0.0039028285536915064,0.9235835075378418,0.8253523707389832,0.09999999999999998,1.0,1.0,0.10390282855369148,0.0764164924621582,0.17464762926101685,0,0,0,0,1.0,0,0,0,0,0,0,False,,,,,,,,,,,,,,,
1762914376.2010338,0,follower,auto,0.9299636483192444,0.8778982758522034,0.9504148364067078,0.9,1,1,-0.029963648319244363,0.12210172414779663,0.049585163593292236,3.578658863592148,-3.5741422445818785,11.507443072342873,0,,,,,,,,True,-2.0,4.0,0.0,optimal,0,-2.0,4.0,3.380521044191634,4.283110689266323,0.0,True,0.0,True,0.0,0.0
1762914376.303465,1,follower,auto,-0.008668811991810799,0.9517307877540588,0.8678376078605652,0.09999999999999998,1.0,1.0,0.10866881199181078,0.04826921224594116,0.13216239213943481,12.593594583916664,10.285944693981856,3.683306326198578,0,,,,,,,,True,10.0,13.0,0.0,optimal,0,10.0,13.0,1.9075873449823384,2.9775768261519935,0.0,True,0.0,True,0.0,0.0
1762914376.4088843,0,leader,auto,0.9299636483192444,0.8778982758522034,0.9504148364067078,0.9,1,1,-0.029963648319244363,0.12210172414779663,0.049585163593292236,0,0,0,0,1.0,0,0,0,0,0,0,False,,,,,,,,,,,,,,,
1762914376.5092592,1,follower,auto,-0.008668811991810799,0.9517307877540588,0.8678376078605652,0.09999999999999998,1.0,1.0,0.10866881199181078,0.04826921224594116,0.13216239213943481,0,0,0,0,1.0,0,0,0,0,0,0,False,,,,,,,,,,,,,,,
1762914376.5144207,0,follower,auto,0.9390327334403992,0.9157339930534363,0.9739532470703125,0.9,1,1,-0.03903273344039915,0.08426600694656372,0.0260467529296875,1.604947872366905,-4.54497288924627,7.59586572108984,0,,,,,,,,True,-3.0,2.0,0.0,optimal,0,-3.0,2.0,3.469933742397825,4.025589611056179,0.0,True,0.0,True,0.0,0.0
1762914376.6154318,1,follower,auto,-0.0069236052222549915,0.9706639051437378,0.9100837111473083,0.09999999999999998,1.0,1.0,0.10692360522225497,0.029336094856262207,0.08991628885269165,7.669869951322079,10.227673572184294,1.608769181289673,0,,,,,,,,True,10.0,8.0,0.0,optimal,0,10.0,8.0,2.025614566663337,3.107784771661451,0.0,True,0.0,True,0.0,0.0
1762914376.7266045,0,leader,auto,0.9390327334403992,0.9157339930534363,0.9739532470703125,0.9,1,1,-0.03903273344039915,0.08426600694656372,0.0260467529296875,0,0,0,0,1.0,0,0,0,0,0,0,False,,,,,,,,,,,,,,,
1762914376.8290122,1,follower,auto,-0.0069236052222549915,0.9706639051437378,0.9100837111473083,0.09999999999999998,1.0,1.0,0.10692360522225497,0.029336094856262207,0.08991628885269165,0,0,0,0,1.0,0,0,0,0,0,0,False,,,,,,,,,,,,,,,
1762914376.83023,0,follower,auto,0.9538049101829529,0.9573836326599121,1.0054831504821777,0.9,1,1,-0.05380491018295286,0.04261636734008789,-0.005483150482177734,-0.45845132547426226,-6.595357931464866,3.5597168995687962,0,,,,,,,,True,-5.0,0.0,0.0,optimal,0,-5.0,0.0,3.5977452871480353,4.294871418620845,0.0,True,0.0,True,0.0,0.0
1762914376.9323828,1,follower,auto,-0.00183517811819911,0.9804767966270447,0.9501945376396179,0.09999999999999998,1.0,1.0,0.10183517811819909,0.019523203372955322,0.04980546236038208,3.8086114114267824,10.193339064034753,0.5998914399499893,0,,,,,,,,True,10.0,4.0,0.0,optimal,0,10.0,4.0,2.1423334936312313,3.1980897997155098,0.0,True,0.0,True,0.0,0.0
1762914377.0356476,0,leader,auto,0.9538049101829529,0.9573836326599121,1.0054831504821777,0.9,1,1,-0.05380491018295286,0.04261636734008789,-0.005483150482177734,0,0,0,0,1.0,0,0,0,0,0,0,False,,,,,,,,,,,,,,,
1762914377.1359978,1,follower,auto,-0.00183517811819911,0.9804767966270447,0.9501945376396179,0.09999999999999998,1.0,1.0,0.10183517811819909,0.019523203372955322,0.04980546236038208,0,0,0,0,1.0,0,0,0,0,0,0,False,,,,,,,,,,,,,,,
1762914377.1404738,0,follower,auto,0.9669766426086426,0.9816218018531799,1.025789737701416,0.9,1,1,-0.06697664260864256,0.01837819814682007,-0.025789737701416016,-2.3472143247062207,-7.606296297189952,0.6540953485295058,0,,,,,,,,True,-6.0,-2.0,0.0,optimal,0,-6.0,-2.0,3.6898688080690953,4.092751999834961,0.0,True,0.0,True,0.0,0.0
1762914377.2412808,1,follower,auto,0.002253705868497491,0.9844975471496582,0.9803735613822937,0.09999999999999998,1.0,1.0,0.09774629413150249,0.015502452850341797,0.0196264386177063,0.9148874248785734,9.200701459096873,0.6697080212460518,0,,,,,,,,True,9.0,1.0,0.0,optimal,0,9.0,1.0,2.2324124427772363,3.0834346446320664,0.0,True,0.0,True,0.0,0.0
1762914377.4248238,0,leader,auto,0.9669766426086426,0.9816218018531799,1.025789737701416,0.9,1,1,-0.06697664260864256,0.01837819814682007,-0.025789737701416016,0,0,0,0,1.0,0,0,0,0,0,0,False,,,,,,,,,,,,,,,
1762914377.5253193,1,follower,auto,0.002253705868497491,0.9844975471496582,0.9803735613822937,0.09999999999999998,1.0,1.0,0.09774629413150249,0.015502452850341797,0.0196264386177063,0,0,0,0,1.0,0,0,0,0,0,0,False,,,,,,,,,,,,,,,
1762914377.5267081,0,follower,auto,0.9791738986968994,0.9991385340690613,1.048604965209961,0.9,1,1,-0.07917389869689939,0.0008614659309387207,-0.04860496520996094,-4.263571939895577,-8.603843713944084,-0.33460270559415584,0,,,,,,,,True,-7.0,-4.0,0.0,optimal,0,-7.0,-4.0,3.78862842164099,4.032560680762042,0.0,True,0.0,True,0.0,0.0
1762914377.6276948,1,follower,auto,0.010091768577694893,0.9918231964111328,1.0088578462600708,0.09999999999999998,1.0,1.0,0.08990823142230508,0.008176803588867188,-0.0088578462600708,-0.07480213446250676,8.173868584617546,-0.29917218751828195,0,,,,,,,,True,8.0,0.0,0.0,optimal,0,8.0,0.0,2.3207905514446834,3.0118309696566525,0.0,True,0.0,True,0.0,0.0
1762914377.7321498,0,leader,auto,0.9791738986968994,0.9991385340690613,1.048604965209961,0.9,1,1,-0.07917389869689939,0.0008614659309387207,-0.04860496520996094,0,0,0,0,1.0,0,0,0,0,0,0,False,,,,,,,,,,,,,,,
1762914377.8325427,1,follower,auto,0.010091768577694893,0.9918231964111328,1.0088578462600708,0.09999999999999998,1.0,1.0,0.08990823142230508,0.008176803588867188,-0.0088578462600708,0,0,0,0,1.0,0,0,0,0,0,0,False,,,,,,,,,,,,,,,
1762914377.8336983,0,follower,auto,0.983762800693512,1.0043416023254395,1.0647549629211426,0.9,1,1,-0.08376280069351194,-0.004341602325439453,-0.06475496292114258,-6.129845128068336,-9.532927362757155,-0.27659330724366116,0,,,,,,,,True,-8.0,-6.0,0.0,optimal,0,-8.0,-6.0,3.8497524622920936,3.902451967526892,0.0,True,0.0,True,0.0,0.0
1762914377.9344394,1,follower,auto,0.0175531804561615,0.9974351525306702,1.025795817375183,0.09999999999999998,1.0,1.0,0.08244681954383848,0.002564847469329834,-0.025795817375183105,-2.06251329899678,8.162712187408527,-0.1914780988309393,0,,,,,,,,True,8.0,-2.0,0.0,optimal,0,8.0,-2.0,2.3753822626461942,2.95257597631641,0.0,True,0.0,True,0.0,0.0
1762914378.0411787,0,leader,auto,0.983762800693512,1.0043416023254395,1.0647549629211426,0.9,1,1,-0.08376280069351194,-0.004341602325439453,-0.06475496292114258,0,0,0,0,1.0,0,0,0,0,0,0,False,,,,,,,,,,,,,,,
1762914378.1416023,1,follower,auto,0.0175531804561615,0.9974351525306702,1.025795817375183,0.09999999999999998,1.0,1.0,0.08244681954383848,0.002564847469329834,-0.025795817375183105,0,0,0,0,1.0,0,0,0,0,0,0,False,,,,,,,,,,,,,,,
1762914378.142211,0,follower,auto,0.9868807792663574,1.0054433345794678,1.0818842649459839,0.9,1,1,-0.0868807792663574,-0.0054433345794677734,-0.08188426494598389,-8.059499536636176,-9.496251561086543,-0.283504176016711,0,,,,,,,,True,-8.0,-8.0,0.0,optimal,0,-8.0,-8.0,3.9110438118756115,3.9177588432355046,0.0,True,0.0,True,0.0,0.0
1762914378.2427564,1,follower,auto,0.023563005030155182,0.995843768119812,1.032436490058899,0.09999999999999998,1.0,1.0,0.0764369949698448,0.004156231880187988,-0.032436490058898926,-2.9940949133659878,7.168513462048507,-0.05658503335754902,0,,,,,,,,True,7.0,-3.0,0.0,optimal,0,7.0,-3.0,2.398342013282151,2.7304608851579855,0.0,True,0.0,True,0.0,0.0
1762914378.3443832,0,leader,auto,0.9868807792663574,1.0054433345794678,1.0818842649459839,0.9,1,1,-0.0868807792663574,-0.0054433345794677734,-0.08188426494598389,0,0,0,0,1.0,0,0,0,0,0,0,False,,,,,,,,,,,,,,,
1762914378.4446363,1,follower,auto,0.023563005030155182,0.995843768119812,1.032436490058899,0.09999999999999998,1.0,1.0,0.0764369949698448,0.004156231880187988,-0.032436490058898926,0,0,0,0,1.0,0,0,0,0,0,0,False,,,,,,,,,,,,,,,
1762914378.4452398,0,follower,auto,0.9854186773300171,1.0043644905090332,1.0960934162139893,0.9,1,1,-0.08541867733001707,-0.004364490509033203,-0.09609341621398926,-9.024289469326348,-9.444126217913976,-0.276127996407766,0,,,,,,,,True,-8.0,-9.0,0.0,optimal,0,-8.0,-9.0,3.95273163384449,3.811786394822334,0.0,True,0.0,True,0.0,0.0
1762914378.545737,1,follower,auto,0.02473507449030876,0.9911500215530396,1.0334458351135254,0.09999999999999998,1.0,1.0,0.07526492550969122,0.00884997844696045,-0.03344583511352539,-2.9432991043217624,7.208241061002534,0.04626586448538055,0,,,,,,,,True,7.0,-3.0,0.0,optimal,0,7.0,-3.0,2.401961982933182,2.607001150104491,0.0,True,0.0,True,0.0,0.0
1762914378.6574125,0,leader,auto,0.9854186773300171,1.0043644905090332,1.0960934162139893,0.9,1,1,-0.08541867733001707,-0.004364490509033203,-0.09609341621398926,0,0,0,0,1.0,0,0,0,0,0,0,False,,,,,,,,,,,,,,,
1762914378.7579165,1,follower,auto,0.02473507449030876,0.9911500215530396,1.0334458351135254,0.09999999999999998,1.0,1.0,0.07526492550969122,0.00884997844696045,-0.03344583511352539,0,0,0,0,1.0,0,0,0,0,0,0,False,,,,,,,,,,,,,,,
1762914378.7594483,0,follower,auto,0.9826703667640686,1.0010600090026855,1.1082532405853271,0.9,1,1,-0.08267036676406858,-0.0010600090026855469,-0.10825324058532715,-9.989152372004035,-9.417015611746118,-0.2728247351535615,0,,,,,,,,True,-8.0,-10.0,0.0,optimal,0,-8.0,-10.0,3.985187682275063,3.7516886278734605,0.0,True,0.0,True,0.0,0.0
1762914378.8605094,1,follower,auto,0.023222915828227997,0.9906802177429199,1.0308964252471924,0.09999999999999998,1.0,1.0,0.07677708417177198,0.009319782257080078,-0.030896425247192383,-2.9694202034320725,7.242038006188131,0.12313861373480484,0,,,,,,,,True,7.0,-3.0,0.0,optimal,0,7.0,-3.0,2.3934723349854887,2.520559171956279,0.0,True,0.0,True,0.0,0.0
1762914379.026743,0,leader,auto,0.9826703667640686,1.0010600090026855,1.1082532405853271,0.9,1,1,-0.08267036676406858,-0.0010600090026855469,-0.10825324058532715,0,0,0,0,1.0,0,0,0,0,0,0,False,,,,,,,,,,,,,,,
1762914379.12716,1,follower,auto,0.023222915828227997,0.9906802177429199,1.0308964252471924,0.09999999999999998,1.0,1.0,0.07677708417177198,0.009319782257080078,-0.030896425247192383,0,0,0,0,1.0,0,0,0,0,0,0,False,,,,,,,,,,,,,,,
1762914379.1286197,0,follower,auto,0.9785449504852295,0.9970861673355103,1.116052269935608,0.9,1,1,-0.07854495048522947,0.002913832664489746,-0.11605226993560791,-10.966744738853407,-8.398073287939491,-0.25076132139827184,0,,,,,,,,True,-7.0,-11.0,0.0,optimal,0,-7.0,-11.0,4.000593139478263,3.6486373666178356,0.0,True,0.0,True,0.0,0.0
1762914379.2296467,1,follower,auto,0.018962647765874863,0.9917193651199341,1.0239105224609375,0.09999999999999998,1.0,1.0,0.08103735223412512,0.008280634880065918,-0.0239105224609375,-1.996175601740071,8.27601975473811,0.19902522183482743,0,,,,,,,,True,8.0,-2.0,0.0,optimal,0,8.0,-2.0,2.37024792158381,2.4573330435328784,0.0,True,0.0,True,0.0,0.0
1762914379.3336864,0,leader,auto,0.9785449504852295,0.9970861673355103,1.116052269935608,0.9,1,1,-0.07854495048522947,0.002913832664489746,-0.11605226993560791,0,0,0,0,1.0,0,0,0,0,0,0,False,,,,,,,,,,,,,,,
1762914379.4339938,1,follower,auto,0.018962647765874863,0.9917193651199341,1.0239105224609375,0.09999999999999998,1.0,1.0,0.08103735223412512,0.008280634880065918,-0.0239105224609375,0,0,0,0,1.0,0,0,0,0,0,0,False,,,,,,,,,,,,,,,
1762914379.4352832,0,follower,auto,0.9739463925361633,0.990883469581604,1.1266014575958252,0.9,1,1,-0.07394639253616331,0.009116530418395996,-0.1266014575958252,-11.936977785240542,-8.389066239989686,-0.28870389199634006,0,,,,,,,,True,-7.0,-12.0,0.0,optimal,0,-7.0,-12.0,4.0239824344015345,3.721621084567908,0.0,True,0.0,True,0.0,0.0
1762914379.5366912,1,follower,auto,0.013890274800360203,0.9899020791053772,1.0157173871994019,0.09999999999999998,1.0,1.0,0.08610972519963978,0.010097920894622803,-0.015717387199401855,-0.9845304532824125,8.293685999711752,1.2533922219783808,0,,,,,,,,True,8.0,-1.0,0.0,optimal,0,8.0,-1.0,2.343148247512755,2.383336916594251,0.0,True,0.0,True,0.0,0.0
1762914379.640556,0,leader,auto,0.9739463925361633,0.990883469581604,1.1266014575958252,0.9,1,1,-0.07394639253616331,0.009116530418395996,-0.1266014575958252,0,0,0,0,1.0,0,0,0,0,0,0,False,,,,,,,,,,,,,,,
1762914379.7425973,1,follower,auto,0.013890274800360203,0.9899020791053772,1.0157173871994019,0.09999999999999998,1.0,1.0,0.08610972519963978,0.010097920894622803,-0.015717387199401855,0,0,0,0,1.0,0,0,0,0,0,0,False,,,,,,,,,,,,,,,
1762914379.7447047,0,follower,auto,0.9724037647247314,0.9876884818077087,1.1355053186416626,0.9,1,1,-0.07240376472473142,0.01231151819229126,-0.1355053186416626,-12.958906791034618,-8.421072017825212,0.6930842180956018,0,,,,,,,,True,-7.0,-13.0,0.0,optimal,0,-7.0,-13.0,4.04940823484589,3.735981204520032,0.0,True,0.0,True,0.0,0.0
1762914379.8456225,1,follower,auto,0.006180116441100836,0.9842931628227234,1.0052319765090942,0.09999999999999998,1.0,1.0,0.09381988355889914,0.01570683717727661,-0.005231976509094238,0.0564071135527442,9.33018134957564,1.3096072979125601,0,,,,,,,,True,9.0,0.0,0.0,optimal,0,9.0,0.0,2.3082335435211405,2.331078781848806,0.0,True,0.0,True,0.0,0.0
1762914379.9543529,0,leader,auto,0.9724037647247314,0.9876884818077087,1.1355053186416626,0.9,1,1,-0.07240376472473142,0.01231151819229126,-0.1355053186416626,0,0,0,0,1.0,0,0,0,0,0,0,False,,,,,,,,,,,,,,,
1762914380.0550623,1,follower,auto,0.006180116441100836,0.9842931628227234,1.0052319765090942,0.09999999999999998,1.0,1.0,0.09381988355889914,0.01570683717727661,-0.005231976509094238,0,0,0,0,1.0,0,0,0,0,0,0,False,,,,,,,,,,,,,,,
1762914380.056267,0,follower,auto,0.9714086055755615,0.9880132079124451,1.1382174491882324,0.9,1,1,-0.0714086055755615,0.011986792087554932,-0.13821744918823242,-13.000797748989845,-8.44406720137829,0.728888439533371,0,,,,,,,,True,-7.0,-13.0,0.0,optimal,0,-7.0,-13.0,4.05595453204128,3.6175785752542287,0.0,True,0.0,True,0.0,0.0
1762914380.1571662,1,follower,auto,-0.002528444165363908,0.9800626039505005,0.9949654936790466,0.09999999999999998,1.0,1.0,0.10252844416536389,0.01993739604949951,0.005034506320953369,0.06285684099216908,10.35831124685075,1.3353755744502909,0,,,,,,,,True,10.0,0.0,0.0,optimal,0,10.0,0.0,2.2739168426547876,2.327585988932495,0.0,True,0.0,True,0.0,0.0
1762914380.3347938,0,leader,auto,0.9714086055755615,0.9880132079124451,1.1382174491882324,0.9,1,1,-0.0714086055755615,0.011986792087554932,-0.13821744918823242,0,0,0,0,1.0,0,0,0,0,0,0,False,,,,,,,,,,,,,,,
1762914380.4351213,1,follower,auto,-0.002528444165363908,0.9800626039505005,0.9949654936790466,0.09999999999999998,1.0,1.0,0.10252844416536389,0.01993739604949951,0.005034506320953369,0,0,0,0,1.0,0,0,0,0,0,0,False,,,,,,,,,,,,,,,
1762914380.4355688,0,follower,auto,0.9686776995658875,0.9867385029792786,1.1320966482162476,0.9,1,1,-0.06867769956588743,0.013261497020721436,-0.13209664821624756,-12.99771596504062,-7.4402654926511,0.8131770126215393,0,,,,,,,,True,-6.0,-13.0,0.0,optimal,0,-6.0,-13.0,4.0295470345813245,3.441548686344605,0.0,True,0.0,True,0.0,0.0
1762914380.5359817,1,follower,auto,-0.010160043835639954,0.978897213935852,0.9845182299613953,0.09999999999999998,1.0,1.0,0.11016004383563993,0.02110278606414795,0.015481770038604736,1.0368304902029624,11.361583754004418,2.3452739349665035,0,,,,,,,,True,11.0,1.0,0.0,optimal,0,11.0,1.0,2.2398335840442,2.3605625935524763,0.0,True,0.0,True,0.0,0.0
1762914380.641433,0,leader,auto,0.9686776995658875,0.9867385029792786,1.1320966482162476,0.9,1,1,-0.06867769956588743,0.013261497020721436,-0.13209664821624756,0,0,0,0,1.0,0,0,0,0,0,0,False,,,,,,,,,,,,,,,
1762914380.7419746,1,follower,auto,-0.010160043835639954,0.978897213935852,0.9845182299613953,0.09999999999999998,1.0,1.0,0.11016004383563993,0.02110278606414795,0.015481770038604736,0,0,0,0,1.0,0,0,0,0,0,0,False,,,,,,,,,,,,,,,
1762914380.7434618,0,follower,auto,0.9642443060874939,0.9840265512466431,1.1189948320388794,0.8958820486068726,1.0,1.0205897569656373,-0.0683622574806213,0.015973448753356934,-0.09840507507324214,-8.987503512241869,-7.420200553570907,0.9036176601705485,0,,,,,,,,True,-6.0,-9.0,0.0,optimal,0,-6.0,-9.0,3.9766090704257495,3.274146468323038,0.0,True,0.0,True,0.0,0.0
1762914380.844457,1,follower,auto,-0.012981290929019451,0.9743614196777344,0.9744608402252197,0.09588204860687255,1.0,1.0205897569656373,0.108863339535892,0.025638580322265625,0.046128916740417525,4.060118936112898,10.317535012779796,2.3384549537796318,0,,,,,,,,True,10.0,4.0,0.0,optimal,0,10.0,4.0,2.209010766900237,2.290873361959022,0.0,True,0.0,True,0.0,0.0
1762914380.9461503,0,leader,auto,0.9642443060874939,0.9840265512466431,1.1189948320388794,0.8958820486068726,1.0,1.0205897569656373,-0.0683622574806213,0.015973448753356934,-0.09840507507324214,0,0,0,0,1.0,0,0,0,0,0,0,False,,,,,,,,,,,,,,,
1762914381.046556,1,follower,auto,-0.012981290929019451,0.9743614196777344,0.9744608402252197,0.09588204860687255,1.0,1.0205897569656373,0.108863339535892,0.025638580322265625,0.046128916740417525,0,0,0,0,1.0,0,0,0,0,0,0,False,,,,,,,,,,,,,,,
1762914381.0480666,0,follower,auto,0.9608550071716309,0.9813418984413147,1.107352614402771,0.9020489168167115,1.0,0.9897554159164429,-0.05880609035491935,0.018658101558685303,-0.1175971984863281,-10.995178992610702,-6.418571231235853,0.9167784154313068,0,,,,,,,,True,-5.0,-11.0,0.0,optimal,0,-5.0,-11.0,3.93116677470287,3.262399606482419,0.0,True,0.0,True,0.0,0.0
1762914381.1498685,1,follower,auto,-0.012966789305210114,0.964123010635376,0.9625914096832275,0.10204891681671147,1.0,0.9897554159164429,0.11501570612192158,0.03587698936462402,0.027164006233215354,2.1255173392925792,11.27611986625177,3.353341213449792,0,,,,,,,,True,11.0,2.0,0.0,optimal,0,11.0,2.0,2.1741550535819725,2.2456267505975163,0.0,True,0.0,True,0.0,0.0
1762914381.2685606,0,leader,auto,0.9608550071716309,0.9813418984413147,1.107352614402771,0.9020489168167115,1.0,0.9897554159164429,-0.05880609035491935,0.018658101558685303,-0.1175971984863281,0,0,0,0,1.0,0,0,0,0,0,0,False,,,,,,,,,,,,,,,
1762914381.3690479,1,follower,auto,-0.012966789305210114,0.964123010635376,0.9625914096832275,0.10204891681671147,1.0,0.9897554159164429,0.11501570612192158,0.03587698936462402,0.027164006233215354,0,0,0,0,1.0,0,0,0,0,0,0,False,,,,,,,,,,,,,,,
1762914381.37092,0,follower,auto,0.9586431980133057,0.9786794185638428,1.1002875566482544,0.9081571674346924,1.0,0.9592141628265382,-0.05048603057861323,0.021320581436157227,-0.14107339382171624,-14.017075254041412,-6.426965738823948,1.8671433836191076,0,,,,,,,,True,-5.0,-14.0,0.0,optimal,0,-5.0,-14.0,3.90337432426574,3.2963747132672787,0.0,True,0.0,True,0.0,0.0
1762914381.4723291,1,follower,auto,-0.01348571851849556,0.946256160736084,0.9453681111335754,0.10815716743469239,1.0,0.9592141628265382,0.12164288595318795,0.053743839263916016,0.013846051692962713,1.2286231281707922,12.267168531650253,5.4179146980002395,0,,,,,,,,True,12.0,1.0,0.0,optimal,0,12.0,1.0,2.1238765538784015,2.1355088465901813,0.0,True,0.0,True,0.0,0.0
1762914381.5870762,0,leader,auto,0.9586431980133057,0.9786794185638428,1.1002875566482544,0.9081571674346924,1.0,0.9592141628265382,-0.05048603057861323,0.021320581436157227,-0.14107339382171624,0,0,0,0,1.0,0,0,0,0,0,0,False,,,,,,,,,,,,,,,
1762914381.687382,1,follower,auto,-0.01348571851849556,0.946256160736084,0.9453681111335754,0.10815716743469239,1.0,0.9592141628265382,0.12164288595318795,0.053743839263916016,0.013846051692962713,0,0,0,0,1.0,0,0,0,0,0,0,False,,,,,,,,,,,,,,,
1762914381.68888,0,follower,auto,0.9584298729896545,0.9735376834869385,1.0923970937728882,0.9146089172363282,1.0,0.9269554138183594,-0.04382095575332634,0.026462316513061523,-0.16544167995452874,-16.002790306067006,-5.443614100066107,1.8529168012729043,0,,,,,,,,True,-4.0,-16.0,0.0,optimal,0,-4.0,-16.0,3.8776882748911676,3.26965829832246,0.0,True,0.0,True,0.0,0.0
1762914381.7901652,1,follower,auto,-0.011419674381613731,0.9365718364715576,0.9302505254745483,0.11460891723632816,1.0,0.9269554138183594,0.1260285916179419,0.06342816352844238,-0.0032951116561888982,0.19079356677383902,12.24011209736286,6.425868230901804,0,,,,,,,,True,12.0,0.0,0.0,optimal,0,12.0,0.0,2.081179104830558,2.1275542073505145,0.0,True,0.0,True,0.0,0.0
1762914381.9155738,0,leader,auto,0.9584298729896545,0.9735376834869385,1.0923970937728882,0.9146089172363282,1.0,0.9269554138183594,-0.04382095575332634,0.026462316513061523,-0.16544167995452874,0,0,0,0,1.0,0,0,0,0,0,0,False,,,,,,,,,,,,,,,
1762914382.0159583,1,follower,auto,-0.011419674381613731,0.9365718364715576,0.9302505254745483,0.11460891723632816,1.0,0.9269554138183594,0.1260285916179419,0.06342816352844238,-0.0032951116561888982,0,0,0,0,1.0,0,0,0,0,0,0,False,,,,,,,,,,,,,,,
1762914382.017434,0,follower,auto,0.9592215418815613,0.9688233733177185,1.0801358222961426,0.9209657907485963,1.0,0.8951710462570192,-0.03825575113296498,0.031176626682281494,-0.18496477603912342,-17.986406002657276,-4.444909990776451,2.888264722913228,0,,,,,,,,True,-3.0,-18.0,0.0,optimal,0,-3.0,-18.0,3.840623800065771,3.1578390413691193,0.0,True,0.0,True,0.0,0.0
1762914382.118374,1,follower,auto,-0.0018504837062209845,0.9409542083740234,0.9177551865577698,0.12096579074859626,1.0,0.8951710462570192,0.12281627445481724,0.05904579162597656,-0.02258414030075062,-1.95440473768994,12.156828169600162,5.403326314044787,0,,,,,,,,True,12.0,-2.0,0.0,optimal,0,12.0,-2.0,2.049292999818915,2.160381559984608,0.0,True,0.0,True,0.0,0.0
1762914382.2450144,0,leader,auto,0.9592215418815613,0.9688233733177185,1.0801358222961426,0.9209657907485963,1.0,0.8951710462570192,-0.03825575113296498,0.031176626682281494,-0.18496477603912342,0,0,0,0,1.0,0,0,0,0,0,0,False,,,,,,,,,,,,,,,
1762914382.3456469,1,follower,auto,-0.0018504837062209845,0.9409542083740234,0.9177551865577698,0.12096579074859626,1.0,0.8951710462570192,0.12281627445481724,0.05904579162597656,-0.02258414030075062,0,0,0,0,1.0,0,0,0,0,0,0,False,,,,,,,,,,,,,,,
1762914382.3479848,0,follower,auto,0.9632640480995178,0.9651071429252625,1.0632383823394775,0.9275298547744752,1.0,0.8623507261276246,-0.035734193325042574,0.03489285707473755,-0.2008876562118529,-19.967416454618174,-4.4690606075023664,2.93966525712303,0,,,,,,,,True,-3.0,-20.0,0.0,optimal,0,-3.0,-20.0,3.7968974856202236,3.0360508778188677,0.0,True,0.0,True,0.0,0.0
1762914382.4489462,1,follower,auto,0.007188735064119101,0.954939067363739,0.9020224213600159,0.1275298547744752,1.0,0.8623507261276246,0.1203411197103561,0.045060932636260986,-0.039671695232391224,-3.1010832477029706,12.132749571247787,4.421905777261494,0,,,,,,,,True,12.0,-3.0,0.0,optimal,0,12.0,-3.0,2.0085940419336716,2.062035989711737,0.0,True,0.0,True,0.0,0.0
1762914382.569311,0,leader,auto,0.9632640480995178,0.9651071429252625,1.0632383823394775,0.9275298547744752,1.0,0.8623507261276246,-0.035734193325042574,0.03489285707473755,-0.2008876562118529,0,0,0,0,1.0,0,0,0,0,0,0,False,,,,,,,,,,,,,,,
1762914382.669818,1,follower,auto,0.007188735064119101,0.954939067363739,0.9020224213600159,0.1275298547744752,1.0,0.8623507261276246,0.1203411197103561,0.045060932636260986,-0.039671695232391224,0,0,0,0,1.0,0,0,0,0,0,0,False,,,,,,,,,,,,,,,
1762914382.6712837,0,follower,auto,0.9690872430801392,0.9620543718338013,1.0402932167053223,0.9341415309906007,1.0,0.8292923450469972,-0.03494571208953845,0.03794562816619873,-0.21100087165832504,-20,-4.498595078340584,3.0074717668255917,0,,,,,,,,True,-3.0,-21.0,0.0,optimal,0,-3.0,-21.0,3.739268175361149,2.8725621307965317,0.0,True,0.0,True,0.0,0.0
1762914382.7752006,1,follower,auto,0.009623277001082897,0.9643409252166748,0.8804836273193359,0.13414153099060067,1.0,0.8292923450469972,0.12451825398951777,0.035659074783325195,-0.05119128227233871,-5.1173060443525475,12.188336777356495,3.4746648047583815,0,,,,,,,,True,12.0,-5.0,0.0,optimal,0,12.0,-5.0,1.949676963557424,1.8770649216771842,0.0,True,0.0,True,0.0,0.0
1762914382.936738,0,leader,auto,0.9690872430801392,0.9620543718338013,1.0402932167053223,0.9341415309906007,1.0,0.8292923450469972,-0.03494571208953845,0.03794562816619873,-0.21100087165832504,0,0,0,0,1.0,0,0,0,0,0,0,False,,,,,,,,,,,,,,,
1762914383.0371666,1,follower,auto,0.009623277001082897,0.9643409252166748,0.8804836273193359,0.13414153099060067,1.0,0.8292923450469972,0.12451825398951777,0.035659074783325195,-0.05119128227233871,0,0,0,0,1.0,0,0,0,0,0,0,False,,,,,,,,,,,,,,,
1762914383.0390918,0,follower,auto,0.9773209095001221,0.956849217414856,1.0119671821594238,0.9406667804718019,1.0,0.7966660976409914,-0.036654129028320215,0.04315078258514404,-0.21530108451843244,-20,-4.527552147029389,4.077774967776559,0,,,,,,,,True,-3.0,-21.0,0.0,optimal,0,-3.0,-21.0,3.6721292838733026,2.7974034801021768,0.0,True,0.0,True,0.0,0.0
1762914383.1404734,1,follower,auto,0.016941169276833534,0.958440899848938,0.8557541370391846,0.1406667804718018,1.0,0.7966660976409914,0.12372561119496828,0.04155910015106201,-0.05908803939819318,-4.986990174845605,12.163841563690001,4.512532412237451,0,,,,,,,,True,12.0,-5.0,0.0,optimal,0,12.0,-5.0,1.8851327510260638,1.820591114439084,0.0,True,0.0,True,0.0,0.0
1762914383.242482,0,leader,auto,0.9773209095001221,0.956849217414856,1.0119671821594238,0.9406667804718019,1.0,0.7966660976409914,-0.036654129028320215,0.04315078258514404,-0.21530108451843244,0,0,0,0,1.0,0,0,0,0,0,0,False,,,,,,,,,,,,,,,
1762914383.34289,1,follower,auto,0.016941169276833534,0.958440899848938,0.8557541370391846,0.1406667804718018,1.0,0.7966660976409914,0.12372561119496828,0.04155910015106201,-0.05908803939819318,0,0,0,0,1.0,0,0,0,0,0,0,False,,,,,,,,,,,,,,,
1762914383.3443332,0,follower,auto,0.991806149482727,0.9526383280754089,0.9848594665527344,0.9479721355438233,1.0,0.760139322280884,-0.04383401393890374,0.047361671924591064,-0.22472014427185039,-20,-5.5969326733443285,4.09713223756159,0,,,,,,,,True,-4.0,-22.0,0.0,optimal,0,-4.0,-22.0,3.625209533356115,2.7658359277357096,0.0,True,0.0,True,0.0,0.0
1762914383.4453657,1,follower,auto,0.025698218494653702,0.9490895867347717,0.83539217710495,0.14797213554382327,1.0,0.760139322280884,0.12227391704916957,0.05091041326522827,-0.07525285482406596,-6.911506653188392,12.152584269058941,5.478705250986375,0,,,,,,,,True,12.0,-7.0,0.0,optimal,0,12.0,-7.0,1.8342119525047584,1.7741597684098607,0.0,True,0.0,True,0.0,0.0
1762914383.561201,0,leader,auto,0.991806149482727,0.9526383280754089,0.9848594665527344,0.9479721355438233,1.0,0.760139322280884,-0.04383401393890374,0.047361671924591064,-0.22472014427185039,0,0,0,0,1.0,0,0,0,0,0,0,False,,,,,,,,,,,,,,,
1762914383.6614885,1,follower,auto,0.025698218494653702,0.9490895867347717,0.83539217710495,0.14797213554382327,1.0,0.760139322280884,0.12227391704916957,0.05091041326522827,-0.07525285482406596,0,0,0,0,1.0,0,0,0,0,0,0,False,,,,,,,,,,,,,,,
1762914383.6629717,0,follower,auto,1.011755347251892,0.9465983510017395,0.9506707191467285,0.9540695047378541,1.0,0.7296524763107302,-0.057685842514037966,0.0534016489982605,-0.22101824283599836,-20,-6.6755516549987535,5.181298143210425,0,,,,,,,,True,-5.0,-22.0,0.0,optimal,0,-5.0,-22.0,3.5727965569832403,2.6740899142087473,0.0,True,0.0,True,0.0,0.0
1762914383.7639713,1,follower,auto,0.03599057346582413,0.9495311975479126,0.8158125281333923,0.15406950473785408,1.0,0.7296524763107302,0.11807893127202995,0.0504688024520874,-0.08616005182266218,-7.983157730209447,11.14821809069432,5.443107632925498,0,,,,,,,,True,11.0,-8.0,0.0,optimal,0,11.0,-8.0,1.7870541599575178,1.730284076751246,0.0,True,0.0,True,0.0,0.0
1762914383.8760018,0,leader,auto,1.011755347251892,0.9465983510017395,0.9506707191467285,0.9540695047378541,1.0,0.7296524763107302,-0.057685842514037966,0.0534016489982605,-0.22101824283599836,0,0,0,0,1.0,0,0,0,0,0,0,False,,,,,,,,,,,,,,,
1762914383.9763904,1,follower,auto,0.03599057346582413,0.9495311975479126,0.8158125281333923,0.15406950473785408,1.0,0.7296524763107302,0.11807893127202995,0.0504688024520874,-0.08616005182266218,0,0,0,0,1.0,0,0,0,0,0,0,False,,,,,,,,,,,,,,,
1762914383.9778256,0,follower,auto,1.0318598747253418,0.9378535747528076,0.9145120978355408,0.9604419088363648,1.0,0.6977904558181764,-0.07141796588897698,0.06214642524719238,-0.21672164201736432,-20,-8.701661464081495,6.244782214326386,0,,,,,,,,True,-7.0,-21.0,0.0,optimal,0,-7.0,-21.0,3.518323225881437,2.5738409658999544,0.0,True,0.0,True,0.0,0.0
1762914384.078839,1,follower,auto,0.052385151386260986,0.9474011063575745,0.7984948754310608,0.16044190883636478,1.0,0.6977904558181764,0.10805675745010379,0.05259889364242554,-0.10070441961288434,-9.990056069525366,10.096868909481516,5.391740220227953,0,,,,,,,,True,10.0,-10.0,0.0,optimal,0,10.0,-10.0,1.749787206160992,1.7164567963954511,0.0,True,0.0,True,0.0,0.0
1762914384.2854674,0,leader,auto,1.0318598747253418,0.9378535747528076,0.9145120978355408,0.9604419088363648,1.0,0.6977904558181764,-0.07141796588897698,0.06214642524719238,-0.21672164201736432,0,0,0,0,1.0,0,0,0,0,0,0,False,,,,,,,,,,,,,,,
1762914384.3858662,1,follower,auto,0.052385151386260986,0.9474011063575745,0.7984948754310608,0.16044190883636478,1.0,0.6977904558181764,0.10805675745010379,0.05259889364242554,-0.10070441961288434,0,0,0,0,1.0,0,0,0,0,0,0,False,,,,,,,,,,,,,,,
1762914384.3874466,0,follower,auto,1.050083875656128,0.9382826685905457,0.8704937696456909,0.9667389011383057,1.0,0.6663054943084719,-0.08334497451782219,0.061717331409454346,-0.20418827533721906,-19.988906848402294,-9.688019855769362,6.349977190781452,0,,,,,,,,True,-8.0,-20.0,0.0,optimal,0,-8.0,-20.0,3.4409628688131013,2.4539449885828324,0.0,True,0.0,True,0.0,0.0
1762914384.4886377,1,follower,auto,0.07328158617019653,0.929408073425293,0.7735476493835449,0.1667389011383057,1.0,0.6663054943084719,0.09345731496810916,0.07059192657470703,-0.10724215507507306,-9.82826706225642,9.037970429385707,7.420290195178723,0,,,,,,,,True,9.0,-10.0,0.0,optimal,0,9.0,-10.0,1.6966064405900512,1.6118931872152715,0.0,True,0.0,True,0.0,0.0
1762914384.5922315,0,leader,auto,1.050083875656128,0.9382826685905457,0.8704937696456909,0.9667389011383057,1.0,0.6663054943084719,-0.08334497451782219,0.061717331409454346,-0.20418827533721906,0,0,0,0,1.0,0,0,0,0,0,0,False,,,,,,,,,,,,,,,
1762914384.6926527,1,follower,auto,0.07328158617019653,0.929408073425293,0.7735476493835449,0.1667389011383057,1.0,0.6663054943084719,0.09345731496810916,0.07059192657470703,-0.10724215507507306,0,0,0,0,1.0,0,0,0,0,0,0,False,,,,,,,,,,,,,,,
1762914384.6950037,0,follower,auto,1.061427354812622,0.9429559707641602,0.8310679793357849,0.9749500131607056,1.0,0.6252499341964723,-0.08647734165191645,0.057044029235839844,-0.20581804513931257,-20,-9.622807581410374,5.354530488100296,0,,,,,,,,True,-8.0,-20.0,0.0,optimal,0,-8.0,-20.0,3.362940937082618,2.2558041202378196,0.0,True,0.0,True,0.0,0.0
1762914384.796602,1,follower,auto,0.08764240145683289,0.9219370484352112,0.7475579380989075,0.17495001316070558,1.0,0.6252499341964723,0.08730761170387269,0.07806295156478882,-0.12230800390243513,-11.85818869309118,8.07187668017298,7.426039941081922,0,,,,,,,,True,8.0,-12.0,0.0,optimal,0,8.0,-12.0,1.6391389600294513,1.4076179320700193,0.0,True,0.0,True,0.0,0.0
1762914384.9075065,0,leader,auto,1.061427354812622,0.9429559707641602,0.8310679793357849,0.9749500131607056,1.0,0.6252499341964723,-0.08647734165191645,0.057044029235839844,-0.20581804513931257,0,0,0,0,1.0,0,0,0,0,0,0,False,,,,,,,,,,,,,,,
1762914385.0078726,1,follower,auto,0.08764240145683289,0.9219370484352112,0.7475579380989075,0.17495001316070558,1.0,0.6252499341964723,0.08730761170387269,0.07806295156478882,-0.12230800390243513,0,0,0,0,1.0,0,0,0,0,0,0,False,,,,,,,,,,,,,,,
1762914385.0092936,0,follower,auto,1.0678400993347168,0.9480023980140686,0.7928993701934814,0.9810974740982056,1.0,0.5945126295089723,-0.08674262523651122,0.051997601985931396,-0.19838674068450912,-19.077116055307222,-9.555743841584196,5.346023516251637,0,,,,,,,,True,-8.0,-19.0,0.0,optimal,0,-8.0,-19.0,3.279007298927765,2.1656279719925116,0.0,True,0.0,True,0.0,0.0
1762914385.1101382,1,follower,auto,0.09901493787765503,0.9312385320663452,0.7138783931732178,0.18109747409820554,1.0,0.5945126295089723,0.0820825362205505,0.06876146793365479,-0.11936576366424545,-11.019901786555321,8.101068211292477,6.49167210667417,0,,,,,,,,True,8.0,-11.0,0.0,optimal,0,8.0,-11.0,1.562910686486771,1.2265483581015948,0.0,True,0.0,True,0.0,0.0
1762914385.261257,0,leader,auto,1.0678400993347168,0.9480023980140686,0.7928993701934814,0.9810974740982056,1.0,0.5945126295089723,-0.08674262523651122,0.051997601985931396,-0.19838674068450912,0,0,0,0,1.0,0,0,0,0,0,0,False,,,,,,,,,,,,,,,
1762914385.3616574,1,follower,auto,0.09901493787765503,0.9312385320663452,0.7138783931732178,0.18109747409820554,1.0,0.5945126295089723,0.0820825362205505,0.06876146793365479,-0.11936576366424545,0,0,0,0,1.0,0,0,0,0,0,0,False,,,,,,,,,,,,,,,
1762914385.3631296,0,follower,auto,1.0693162679672241,0.9449515342712402,0.7476389408111572,0.9873651266098022,1.0,0.5631743669509889,-0.08195114135742188,0.055048465728759766,-0.18446457386016835,-18.00381841451449,-9.480243049042127,5.419326924203037,0,,,,,,,,True,-8.0,-18.0,0.0,optimal,0,-8.0,-18.0,3.1677667147546282,1.9924277844934002,0.0,True,0.0,True,0.0,0.0
1762914385.4640737,1,follower,auto,0.11125533282756805,0.9357151389122009,0.6808208227157593,0.1873651266098022,1.0,0.5631743669509889,0.07610979378223415,0.06428486108779907,-0.1176464557647704,-11.0372631801097,7.08862122586228,6.4898529613288805,0,,,,,,,,True,7.0,-11.0,0.0,optimal,0,7.0,-11.0,1.4912176975727227,1.2000124066195708,0.0,True,0.0,True,0.0,0.0
1762914385.643699,0,leader,auto,1.0693162679672241,0.9449515342712402,0.7476389408111572,0.9873651266098022,1.0,0.5631743669509889,-0.08195114135742188,0.055048465728759766,-0.18446457386016835,0,0,0,0,1.0,0,0,0,0,0,0,False,,,,,,,,,,,,,,,
1762914385.7441328,1,follower,auto,0.11125533282756805,0.9357151389122009,0.6808208227157593,0.1873651266098022,1.0,0.5631743669509889,0.07610979378223415,0.06428486108779907,-0.1176464557647704,0,0,0,0,1.0,0,0,0,0,0,0,False,,,,,,,,,,,,,,,
1762914385.7456522,0,follower,auto,1.0720129013061523,0.9412093162536621,0.6986432075500488,0.9944438648223877,1.0,0.5277806758880617,-0.07756903648376468,0.05879068374633789,-0.17086253166198717,-16.982710281582246,-8.454140269600362,5.4740217455977795,0,,,,,,,,True,-7.0,-17.0,0.0,optimal,0,-7.0,-17.0,3.0547623600951646,1.9691333692343505,0.0,True,0.0,True,0.0,0.0
1762914385.8466387,1,follower,auto,0.12631753087043762,0.929772138595581,0.6363707780838013,0.19444386482238762,1.0,0.5277806758880617,0.06812633395195,0.07022786140441895,-0.10859010219573961,-9.94825836279775,6.047479539039307,7.5836767543635535,0,,,,,,,,True,6.0,-10.0,0.0,optimal,0,6.0,-10.0,1.397821676236163,1.0151643551301668,0.0,True,0.0,True,0.0,0.0
1762914385.9499815,0,leader,auto,1.0720129013061523,0.9412093162536621,0.6986432075500488,0.9944438648223877,1.0,0.5277806758880617,-0.07756903648376468,0.05879068374633789,-0.17086253166198717,0,0,0,0,1.0,0,0,0,0,0,0,False,,,,,,,,,,,,,,,
1762914386.0503337,1,follower,auto,0.12631753087043762,0.929772138595581,0.6363707780838013,0.19444386482238762,1.0,0.5277806758880617,0.06812633395195,0.07022786140441895,-0.10859010219573961,0,0,0,0,1.0,0,0,0,0,0,0,False,,,,,,,,,,,,,,,
1762914386.0515382,0,follower,auto,1.0713365077972412,0.9343866109848022,0.6593316197395325,1.0020951080322265,1.0,0.48952445983886733,-0.06924139976501476,0.06561338901519775,-0.16980715990066514,-15.94860552536594,-7.4076521586903965,6.4104298212753115,0,,,,,,,,True,-6.0,-16.0,0.0,optimal,0,-6.0,-16.0,2.9603463205859724,1.8949385692840572,0.0,True,0.0,True,0.0,0.0
1762914386.152395,1,follower,auto,0.1362333744764328,0.9235533475875854,0.5993205308914185,0.2020951080322264,1.0,0.48952445983886733,0.06586173355579361,0.07644665241241455,-0.10979607105255113,-9.921136499222474,6.068042558706574,7.548319142737442,0,,,,,,,,True,6.0,-10.0,0.0,optimal,0,6.0,-10.0,1.3215585117511992,0.922073563408508,0.0,True,0.0,True,0.0,0.0
1762914386.272584,0,leader,auto,1.0713365077972412,0.9343866109848022,0.6593316197395325,1.0020951080322265,1.0,0.48952445983886733,-0.06924139976501476,0.06561338901519775,-0.16980715990066514,0,0,0,0,1.0,0,0,0,0,0,0,False,,,,,,,,,,,,,,,
1762914386.373008,1,follower,auto,0.1362333744764328,0.9235533475875854,0.5993205308914185,0.2020951080322264,1.0,0.48952445983886733,0.06586173355579361,0.07644665241241455,-0.10979607105255113,0,0,0,0,1.0,0,0,0,0,0,0,False,,,,,,,,,,,,,,,
1762914386.3738303,0,follower,auto,1.0743016004562378,0.9308788776397705,0.6245905756950378,1.00820969581604,1.0,0.45895152091979996,-0.06609190464019776,0.06912112236022949,-0.16563905477523788,-15.9821259522055,-7.421954828993351,6.346764157969545,0,,,,,,,,True,-6.0,-16.0,0.0,optimal,0,-6.0,-16.0,2.8885485318674258,1.9857286032121495,0.0,True,0.0,True,0.0,0.0
1762914386.474443,1,follower,auto,0.14393572509288788,0.9096227288246155,0.5611275434494019,0.20820969581603999,1.0,0.45895152091979996,0.06427397072315211,0.09037727117538452,-0.1021760225296019,-9.832314497463809,6.09046542548441,9.553506395720975,0,,,,,,,,True,6.0,-10.0,0.0,optimal,0,6.0,-10.0,1.2442834464621328,0.8558995266016842,0.0,True,0.0,True,0.0,0.0
1762914386.583682,0,leader,auto,1.0743016004562378,0.9308788776397705,0.6245905756950378,1.00820969581604,1.0,0.45895152091979996,-0.06609190464019776,0.06912112236022949,-0.16563905477523788,0,0,0,0,1.0,0,0,0,0,0,0,False,,,,,,,,,,,,,,,
1762914386.6840162,1,follower,auto,0.14393572509288788,0.9096227288246155,0.5611275434494019,0.20820969581603999,1.0,0.45895152091979996,0.06427397072315211,0.09037727117538452,-0.1021760225296019,0,0,0,0,1.0,0,0,0,0,0,0,False,,,,,,,,,,,,,,,
1762914386.6850178,0,follower,auto,1.0796446800231934,0.9233565330505371,0.5914201140403748,1.0146515417098998,1.0,0.42674229145050063,-0.06499313831329356,0.07664346694946289,-0.16467782258987412,-15.96299718748374,-7.454803757666311,7.303802561986086,0,,,,,,,,True,-6.0,-16.0,0.0,optimal,0,-6.0,-16.0,2.8286883724435654,1.9880834554049323,0.0,True,0.0,True,0.0,0.0
1762914386.7856646,1,follower,auto,0.14497795701026917,0.8959482908248901,0.519808828830719,0.21465154170989975,1.0,0.42674229145050063,0.06967358469963059,0.10405170917510986,-0.09306653738021836,-8.8032819736698,6.161720320145199,10.591987684817177,0,,,,,,,,True,6.0,-9.0,0.0,optimal,0,6.0,-9.0,1.159019838184062,0.7116275186419131,0.0,True,0.0,True,0.0,0.0
1762914386.9690752,0,leader,auto,1.0796446800231934,0.9233565330505371,0.5914201140403748,1.0146515417098998,1.0,0.42674229145050063,-0.06499313831329356,0.07664346694946289,-0.16467782258987412,0,0,0,0,1.0,0,0,0,0,0,0,False,,,,,,,,,,,,,,,
1762914387.0694635,1,follower,auto,0.14497795701026917,0.8959482908248901,0.519808828830719,0.21465154170989975,1.0,0.42674229145050063,0.06967358469963059,0.10405170917510986,-0.09306653738021836,0,0,0,0,1.0,0,0,0,0,0,0,False,,,,,,,,,,,,,,,
1762914387.0709114,0,follower,auto,1.0910519361495972,0.916111171245575,0.5563874244689941,1.0208725976943969,1.0,0.3956370115280153,-0.0701793384552003,0.08388882875442505,-0.16075041294097886,-15.959817090424428,-8.535418094038594,8.288372806378495,0,,,,,,,,True,-7.0,-16.0,0.0,optimal,0,-7.0,-16.0,2.782769492411858,2.0650133817977876,0.0,True,0.0,True,0.0,0.0
1762914387.1718695,1,follower,auto,0.14188124239444733,0.8867027163505554,0.470209002494812,0.22087259769439682,1.0,0.3956370115280153,0.0789913552999495,0.11329728364944458,-0.07457199096679673,-6.83154279317554,7.237684514093372,11.691277401283699,0,,,,,,,,True,7.0,-7.0,0.0,optimal,0,7.0,-7.0,1.058188292423149,0.6609051702191522,0.0,True,0.0,True,0.0,0.0
1762914387.2769685,0,leader,auto,1.0910519361495972,0.916111171245575,0.5563874244689941,1.0208725976943969,1.0,0.3956370115280153,-0.0701793384552003,0.08388882875442505,-0.16075041294097886,0,0,0,0,1.0,0,0,0,0,0,0,False,,,,,,,,,,,,,,,
1762914387.3773284,1,follower,auto,0.14188124239444733,0.8867027163505554,0.470209002494812,0.22087259769439682,1.0,0.3956370115280153,0.0789913552999495,0.11329728364944458,-0.07457199096679673,0,0,0,0,1.0,0,0,0,0,0,0,False,,,,,,,,,,,,,,,
1762914387.3787653,0,follower,auto,1.0981184244155884,0.9158326387405396,0.5261504054069519,1.0285993528366089,1.0,0.3570032358169557,-0.06951907157897952,0.08416736125946045,-0.1691471695899962,-16.015471529600777,-7.535881342989096,8.2392252003158,0,,,,,,,,True,-6.0,-16.0,0.0,optimal,0,-6.0,-16.0,2.7380960983240614,1.9898253292586832,0.0,True,0.0,True,0.0,0.0
1762914387.4799688,1,follower,auto,0.13610227406024933,0.8870993852615356,0.4327784776687622,0.22859935283660882,1.0,0.3570032358169557,0.09249707877635949,0.11290061473846436,-0.07577524185180651,-6.922928781289149,9.295746101578466,11.623077230642831,0,,,,,,,,True,9.0,-7.0,0.0,optimal,0,9.0,-7.0,0.9830404270305244,0.6431448998937148,0.0,True,0.0,True,0.0,0.0
1762914387.5814598,0,leader,auto,1.0981184244155884,0.9158326387405396,0.5261504054069519,1.0285993528366089,1.0,0.3570032358169557,-0.06951907157897952,0.08416736125946045,-0.1691471695899962,0,0,0,0,1.0,0,0,0,0,0,0,False,,,,,,,,,,,,,,,
1762914387.6825619,1,follower,auto,0.13610227406024933,0.8870993852615356,0.4327784776687622,0.22859935283660882,1.0,0.3570032358169557,0.09249707877635949,0.11290061473846436,-0.07577524185180651,0,0,0,0,1.0,0,0,0,0,0,0,False,,,,,,,,,,,,,,,
1762914387.6837006,0,follower,auto,1.1036394834518433,0.9239749908447266,0.5016340613365173,1.0347620582580566,1.0,0.3261897087097169,-0.0688774251937867,0.07602500915527344,-0.17544435262680041,-17.103791496645737,-7.538370326161948,7.171858025044348,0,,,,,,,,True,-6.0,-17.0,0.0,optimal,0,-6.0,-17.0,2.702746695644075,1.9817023808316592,0.0,True,0.0,True,0.0,0.0
1762914387.784265,1,follower,auto,0.12754862010478973,0.8948521614074707,0.40305793285369873,0.23476205825805652,1.0,0.3261897087097169,0.10721343815326678,0.1051478385925293,-0.07686822414398181,-7.011247673922267,10.351803551060078,10.542422570881424,0,,,,,,,,True,10.0,-7.0,0.0,optimal,0,10.0,-7.0,0.9228017286225473,0.6756978128187642,0.0,True,0.0,True,0.0,0.0
1762914387.8943713,0,leader,auto,1.1036394834518433,0.9239749908447266,0.5016340613365173,1.0347620582580566,1.0,0.3261897087097169,-0.0688774251937867,0.07602500915527344,-0.17544435262680041,0,0,0,0,1.0,0,0,0,0,0,0,False,,,,,,,,,,,,,,,
1762914387.994661,1,follower,auto,0.12754862010478973,0.8948521614074707,0.40305793285369873,0.23476205825805652,1.0,0.3261897087097169,0.10721343815326678,0.1051478385925293,-0.07686822414398181,0,0,0,0,1.0,0,0,0,0,0,0,False,,,,,,,,,,,,,,,
1762914387.9953284,0,follower,auto,1.1032121181488037,0.9277708530426025,0.47835221886634827,1.040844507217407,1.0,0.295777463912964,-0.062367610931396644,0.07222914695739746,-0.18257475495338427,-18.084701645818747,-7.486813585460355,7.142508933678313,0,,,,,,,,True,-6.0,-18.0,0.0,optimal,0,-6.0,-18.0,2.6555348890505988,1.83929109597077,0.0,True,0.0,True,0.0,0.0
1762914388.0958617,1,follower,auto,0.12445662170648575,0.9045813679695129,0.37903541326522827,0.24084450721740702,1.0,0.295777463912964,0.11638788551092127,0.09541863203048706,-0.08325794935226427,-8.063420682934966,11.32040620802108,9.469131886391992,0,,,,,,,,True,11.0,-8.0,0.0,optimal,0,11.0,-8.0,0.8779753571435562,0.7334088244466314,0.0,True,0.0,True,0.0,0.0
1762914388.2191715,0,leader,auto,1.1032121181488037,0.9277708530426025,0.47835221886634827,1.040844507217407,1.0,0.295777463912964,-0.062367610931396644,0.07222914695739746,-0.18257475495338427,0,0,0,0,1.0,0,0,0,0,0,0,False,,,,,,,,,,,,,,,
1762914388.3196537,1,follower,auto,0.12445662170648575,0.9045813679695129,0.37903541326522827,0.24084450721740702,1.0,0.295777463912964,0.11638788551092127,0.09541863203048706,-0.08325794935226427,0,0,0,0,1.0,0,0,0,0,0,0,False,,,,,,,,,,,,,,,
1762914388.3209147,0,follower,auto,1.1079035997390747,0.9334095120429993,0.4507122337818146,1.047079563140869,1.0,0.2646021842956544,-0.06082403659820579,0.06659048795700073,-0.18611004948616017,-18.090786933436213,-7.511393404528549,6.178494007806493,0,,,,,,,,True,-6.0,-18.0,0.0,optimal,0,-6.0,-18.0,2.6144655776728376,1.855266128239987,0.0,True,0.0,True,0.0,0.0
1762914388.4221745,1,follower,auto,0.130316361784935,0.9144448637962341,0.356627494096756,0.24707956314086887,1.0,0.2646021842956544,0.11676320135593388,0.08555513620376587,-0.09202530980110157,-9.083867865737691,11.232840929279517,8.425400633939848,0,,,,,,,,True,11.0,-9.0,0.0,optimal,0,11.0,-9.0,0.8429195625053237,0.7574677313249384,0.0,True,0.0,True,0.0,0.0
1762914388.5249627,0,leader,auto,1.1079035997390747,0.9334095120429993,0.4507122337818146,1.047079563140869,1.0,0.2646021842956544,-0.06082403659820579,0.06659048795700073,-0.18611004948616017,0,0,0,0,1.0,0,0,0,0,0,0,False,,,,,,,,,,,,,,,
1762914388.6253302,1,follower,auto,0.130316361784935,0.9144448637962341,0.356627494096756,0.24707956314086887,1.0,0.2646021842956544,0.11676320135593388,0.08555513620376587,-0.09202530980110157,0,0,0,0,1.0,0,0,0,0,0,0,False,,,,,,,,,,,,,,,
1762914388.6269374,0,follower,auto,1.117465853691101,0.9392216205596924,0.42106443643569946,1.0536074542999265,1.0,0.2319627285003663,-0.06385839939117455,0.06077837944030762,-0.18910170793533315,-18.095356356958813,-7.557910912938431,6.218245715326224,0,,,,,,,,True,-6.0,-18.0,0.0,optimal,0,-6.0,-18.0,2.5840759717086343,1.8861562846236495,0.0,True,0.0,True,0.0,0.0
1762914388.7282119,1,follower,auto,0.1414097100496292,0.920666515827179,0.33660969138145447,0.2536074542999265,1.0,0.2319627285003663,0.11219774425029727,0.07933348417282104,-0.10464696288108816,-10.058123671393517,11.160838111743269,7.380113717713578,0,,,,,,,,True,11.0,-10.0,0.0,optimal,0,11.0,-10.0,0.8164763658295444,0.7622591538497152,0.0,True,0.0,True,0.0,0.0
1762914388.8800986,0,leader,auto,1.117465853691101,0.9392216205596924,0.42106443643569946,1.0536074542999265,1.0,0.2319627285003663,-0.06385839939117455,0.06077837944030762,-0.18910170793533315,0,0,0,0,1.0,0,0,0,0,0,0,False,,,,,,,,,,,,,,,
1762914388.980471,1,follower,auto,0.1414097100496292,0.920666515827179,0.33660969138145447,0.2536074542999265,1.0,0.2319627285003663,0.11219774425029727,0.07933348417282104,-0.10464696288108816,0,0,0,0,1.0,0,0,0,0,0,0,False,,,,,,,,,,,,,,,
1762914388.9821484,0,follower,auto,1.1272166967391968,0.9371652603149414,0.38448566198349,1.0597246360778807,1.0,0.2013768196105958,-0.06749206066131608,0.0628347396850586,-0.18310884237289418,-18.028454208928427,-7.56951126641259,6.303957112260507,0,,,,,,,,True,-6.0,-18.0,0.0,optimal,0,-6.0,-18.0,2.5438190463576777,1.822244072514016,0.0,True,0.0,True,0.0,0.0
1762914389.0830839,1,follower,auto,0.15424591302871704,0.9201849102973938,0.3132970333099365,0.25972463607788066,1.0,0.2013768196105958,0.10547872304916361,0.0798150897026062,-0.11192021369934071,-10.99627088707117,10.1206582394257,7.378638750850744,0,,,,,,,,True,10.0,-11.0,0.0,optimal,0,10.0,-11.0,0.7869422312882933,0.7121030862776103,0.0,True,0.0,True,0.0,0.0
1762914389.1926448,0,leader,auto,1.1272166967391968,0.9371652603149414,0.38448566198349,1.0597246360778807,1.0,0.2013768196105958,-0.06749206066131608,0.0628347396850586,-0.18310884237289418,0,0,0,0,1.0,0,0,0,0,0,0,False,,,,,,,,,,,,,,,
1762914389.293056,1,follower,auto,0.15424591302871704,0.9201849102973938,0.3132970333099365,0.25972463607788066,1.0,0.2013768196105958,0.10547872304916361,0.0798150897026062,-0.11192021369934071,0,0,0,0,1.0,0,0,0,0,0,0,False,,,,,,,,,,,,,,,
1762914389.2945771,0,follower,auto,1.1376433372497559,0.9337114691734314,0.35338452458381653,1.0668241691589353,1.0,0.16587915420532237,-0.07081916809082056,0.0662885308265686,-0.18750537037849416,-17.99761816101017,-8.579089546758608,6.285195370801642,0,,,,,,,,True,-7.0,-18.0,0.0,optimal,0,-7.0,-18.0,2.517554844487811,1.8375400099425012,0.0,True,0.0,True,0.0,0.0
1762914389.39558,1,follower,auto,0.16531717777252197,0.916554868221283,0.287200391292572,0.26682416915893525,1.0,0.16587915420532237,0.10150699138641328,0.08344513177871704,-0.12132123708724965,-11.950295168761693,10.123851234525883,8.400044735234852,0,,,,,,,,True,10.0,-12.0,0.0,optimal,0,10.0,-12.0,0.7531410964268589,0.6211958377766147,0.0,True,0.0,True,0.0,0.0
1762914389.5718026,0,leader,auto,1.1376433372497559,0.9337114691734314,0.35338452458381653,1.0668241691589353,1.0,0.16587915420532237,-0.07081916809082056,0.0662885308265686,-0.18750537037849416,0,0,0,0,1.0,0,0,0,0,0,0,False,,,,,,,,,,,,,,,
1762914389.6722877,1,follower,auto,0.16531717777252197,0.916554868221283,0.287200391292572,0.26682416915893525,1.0,0.16587915420532237,0.10150699138641328,0.08344513177871704,-0.12132123708724965,0,0,0,0,1.0,0,0,0,0,0,0,False,,,,,,,,,,,,,,,
1762914389.6737332,0,follower,auto,1.1457854509353638,0.9308738112449646,0.31796297430992126,1.0730745649337765,1.0,0.13462717533111582,-0.07271088600158726,0.0691261887550354,-0.18333579897880545,-17.99296206902487,-8.551282042133414,6.310623319532977,0,,,,,,,,True,-7.0,-18.0,0.0,optimal,0,-7.0,-18.0,2.4802019072912334,1.7694312764630264,0.0,True,0.0,True,0.0,0.0
1762914389.7755833,1,follower,auto,0.18131332099437714,0.9140515327453613,0.24979019165039062,0.27307456493377646,1.0,0.13462717533111582,0.09176124393939933,0.08594846725463867,-0.11516301631927481,-10.946547585309828,9.071949190440906,8.506735411573015,0,,,,,,,,True,9.0,-11.0,0.0,optimal,0,9.0,-11.0,0.7075851802628904,0.5454138387280549,0.0,True,0.0,True,0.0,0.0
1762914389.882784,0,leader,auto,1.1457854509353638,0.9308738112449646,0.31796297430992126,1.0730745649337765,1.0,0.13462717533111582,-0.07271088600158726,0.0691261887550354,-0.18333579897880545,0,0,0,0,1.0,0,0,0,0,0,0,False,,,,,,,,,,,,,,,
1762914389.9830937,1,follower,auto,0.18131332099437714,0.9140515327453613,0.24979019165039062,0.27307456493377646,1.0,0.13462717533111582,0.09176124393939933,0.08594846725463867,-0.11516301631927481,0,0,0,0,1.0,0,0,0,0,0,0,False,,,,,,,,,,,,,,,
1762914389.9841092,0,follower,auto,1.1508020162582397,0.9349097013473511,0.29542794823646545,1.080681400299072,1.0,0.09659299850463876,-0.07012061595916785,0.06509029865264893,-0.1988349497318267,-19.059146546337075,-8.511207722535016,6.2004740019400435,0,,,,,,,,True,-7.0,-19.0,0.0,optimal,0,-7.0,-19.0,2.4573717079629986,1.7626290926875954,0.0,True,0.0,True,0.0,0.0
1762914390.1861632,1,follower,auto,0.1923377364873886,0.9116253852844238,0.22030463814735413,0.28068140029907185,1.0,0.09659299850463876,0.08834366381168324,0.08837461471557617,-0.12371163964271537,-11.936228188151505,8.092663628173808,8.48170648583429,0,,,,,,,,True,8.0,-12.0,0.0,optimal,0,8.0,-12.0,0.6727676712086383,0.4937848016552986,0.0,True,0.0,True,0.0,0.0
1762914390.296413,0,leader,auto,1.1508020162582397,0.9349097013473511,0.29542794823646545,1.080681400299072,1.0,0.09659299850463876,-0.07012061595916785,0.06509029865264893,-0.1988349497318267,0,0,0,0,1.0,0,0,0,0,0,0,False,,,,,,,,,,,,,,,
1762914390.3968122,1,follower,auto,0.1923377364873886,0.9116253852844238,0.22030463814735413,0.28068140029907185,1.0,0.09659299850463876,0.08834366381168324,0.08837461471557617,-0.12371163964271537,0,0,0,0,1.0,0,0,0,0,0,0,False,,,,,,,,,,,,,,,
1762914390.3987145,0,follower,auto,1.1566613912582397,0.9426595568656921,0.24859333038330078,1.0888863420486445,1.0,0.05556828975677499,-0.0677750492095952,0.05734044313430786,-0.19302504062652578,-19.117517919246275,-7.502058318379605,5.3724454262781,0,,,,,,,,True,-6.0,-19.0,0.0,optimal,0,-6.0,-19.0,2.400922104825104,1.620190947826793,0.0,True,0.0,True,0.0,0.0
1762914390.5032039,1,follower,auto,0.20280393958091736,0.9125574827194214,0.17198462784290314,0.2888863420486445,1.0,0.05556828975677499,0.08608240246772714,0.08744251728057861,-0.11641633808612814,-10.954022905908342,8.099360234085601,8.631507596578171,0,,,,,,,,True,8.0,-11.0,0.0,optimal,0,8.0,-11.0,0.6138143537990723,0.388520192914535,0.0,True,0.0,True,0.0,0.0
1762914390.6138718,0,leader,auto,1.1566613912582397,0.9426595568656921,0.24859333038330078,1.0888863420486445,1.0,0.05556828975677499,-0.0677750492095952,0.05734044313430786,-0.19302504062652578,0,0,0,0,1.0,0,0,0,0,0,0,False,,,,,,,,,,,,,,,
1762914390.7142403,1,follower,auto,0.20280393958091736,0.9125574827194214,0.17198462784290314,0.2888863420486445,1.0,0.05556828975677499,0.08608240246772714,0.08744251728057861,-0.11641633808612814,0,0,0,0,1.0,0,0,0,0,0,0,False,,,,,,,,,,,,,,,
1762914390.718915,0,follower,auto,1.1566662788391113,0.9426477551460266,0.24635860323905945,1.0952256679534906,1.0,0.02387166023254403,-0.061440610885620695,0.05735224485397339,-0.22248694300651542,-20,-7.452022037244762,5.050561691639658,0,,,,,,,,True,-6.0,-22.0,0.0,optimal,0,-6.0,-22.0,2.397594556768121,1.7590922211230011,0.0,True,0.0,True,0.0,0.0
1762914390.8227158,1,follower,auto,0.2029333859682083,0.9125173091888428,0.17008022964000702,0.2952256679534906,1.0,0.02387166023254403,0.09229228198528228,0.08748269081115723,-0.146208569407463,-13.95421967854569,9.190084206623997,8.28539286813318,0,,,,,,,,True,9.0,-14.0,0.0,optimal,0,9.0,-14.0,0.6113628276822096,0.6030016038792467,0.0,True,0.0,True,0.0,0.0
1762914391.0034509,0,leader,auto,1.1566662788391113,0.9426477551460266,0.24635860323905945,1.0952256679534906,1.0,0.02387166023254403,-0.061440610885620695,0.05735224485397339,-0.22248694300651542,0,0,0,0,1.0,0,0,0,0,0,0,False,,,,,,,,,,,,,,,
1762914391.103945,1,follower,auto,0.2029333859682083,0.9125173091888428,0.17008022964000702,0.2952256679534906,1.0,0.02387166023254403,0.09229228198528228,0.08748269081115723,-0.146208569407463,0,0,0,0,1.0,0,0,0,0,0,0,False,,,,,,,,,,,,,,,
1762914391.1057644,0,follower,auto,1.1566662788391113,0.9426477551460266,0.24635860323905945,1.101617288589477,1.0,-0.008086442947387612,-0.05504899024963428,0.05735224485397339,-0.25444504618644703,-20,-6.437026148687877,4.935076215212892,0,,,,,,,,True,-5.0,-25.0,0.0,optimal,0,-5.0,-25.0,2.397594556768121,1.7199224569990055,0.0,True,0.0,True,0.0,0.0
1762914391.20711,1,follower,auto,0.2029333859682083,0.9125173091888428,0.17008022964000702,0.301617288589477,1.0,-0.008086442947387612,0.0986839026212687,0.08748269081115723,-0.17816667258739463,-16.954628935308662,9.218444799501647,8.165710152718958,0,,,,,,,,True,9.0,-17.0,0.0,optimal,0,9.0,-17.0,0.6113628276822096,0.5966182087776191,0.0,True,0.0,True,0.0,0.0
1762914391.3326697,0,leader,auto,1.1566662788391113,0.9426477551460266,0.24635860323905945,1.101617288589477,1.0,-0.008086442947387612,-0.05504899024963428,0.05735224485397339,-0.25444504618644703,0,0,0,0,1.0,0,0,0,0,0,0,False,,,,,,,,,,,,,,,
1762914391.4332008,1,follower,auto,0.2029333859682083,0.9125173091888428,0.17008022964000702,0.301617288589477,1.0,-0.008086442947387612,0.0986839026212687,0.08748269081115723,-0.17816667258739463,0,0,0,0,1.0,0,0,0,0,0,0,False,,,,,,,,,,,,,,,
1762914391.4346917,0,follower,auto,1.1566662788391113,0.9426477551460266,0.24635860323905945,1.109304971694946,1.0,-0.04652485847473137,-0.04736130714416542,0.05735224485397339,-0.2928834617137908,-20,-5.432527382120811,4.900430572284862,0,,,,,,,,True,-4.0,-29.0,0.0,optimal,0,-4.0,-29.0,2.397594556768121,1.6356769397808926,0.0,True,0.0,True,0.0,0.0
1762914391.535727,1,follower,auto,0.2029333859682083,0.9125173091888428,0.17008022964000702,0.30930497169494586,1.0,-0.04652485847473137,0.10637158572673755,0.08748269081115723,-0.2166050881147384,-20,10.226952977364942,8.129805338094693,0,,,,,,,,True,10.0,-21.0,0.0,optimal,0,10.0,-21.0,0.6113628276822096,0.5796684491214281,0.0,True,0.0,True,0.0,0.0
1762914391.8450174,0,leader,auto,1.1566662788391113,0.9426477551460266,0.24635860323905945,1.109304971694946,1.0,-0.04652485847473137,-0.04736130714416542,0.05735224485397339,-0.2928834617137908,0,0,0,0,1.0,0,0,0,0,0,0,False,,,,,,,,,,,,,,,
1762914391.8452551,1,follower,auto,0.2029333859682083,0.9125173091888428,0.17008022964000702,0.30930497169494586,1.0,-0.04652485847473137,0.10637158572673755,0.08748269081115723,-0.2166050881147384,0,0,0,0,1.0,0,0,0,0,0,0,False,,,,,,,,,,,,,,,
1762914391.9469018,0,follower,auto,1.1566662788391113,0.9426477551460266,0.24635860323905945,1.1158770751953122,1.0,-0.07938537597656242,-0.04078920364379912,0.05735224485397339,-0.32574397921562187,-20,-5.431177752150692,4.890036879406454,0,,,,,,,,True,-4.0,-30.0,0.0,optimal,0,-4.0,-30.0,2.397594556768121,1.6112569467617885,0.0,True,0.0,True,0.0,0.0
1762914391.9472804,1,follower,auto,0.2029333859682083,0.9125173091888428,0.17008022964000702,0.31587707519531216,1.0,-0.07938537597656242,0.11294368922710385,0.08748269081115723,-0.24946560561656944,-20,11.22950543072393,8.119033893707412,0,,,,,,,,True,11.0,-24.0,0.0,optimal,0,11.0,-24.0,0.6113628276822096,0.5699714904126651,0.0,True,0.0,True,0.0,0.0
1762914392.0996375,0,leader,auto,1.1566662788391113,0.9426477551460266,0.24635860323905945,1.1158770751953122,1.0,-0.07938537597656242,-0.04078920364379912,0.05735224485397339,-0.32574397921562187,0,0,0,0,1.0,0,0,0,0,0,0,False,,,,,,,,,,,,,,,
1762914392.099781,1,follower,auto,0.2029333859682083,0.9125173091888428,0.17008022964000702,0.31587707519531216,1.0,-0.07938537597656242,0.11294368922710385,0.08748269081115723,-0.24946560561656944,0,0,0,0,1.0,0,0,0,0,0,0,False,,,,,,,,,,,,,,,
1762914392.2012863,0,follower,auto,1.1566662788391113,0.9426477551460266,0.24635860323905945,1.1241037368774411,1.0,-0.12051868438720695,-0.03256254196167019,0.05735224485397339,-0.36687728762626637,-20,-4.430772863159656,4.886918771542931,0,,,,,,,,True,-3.0,-30.0,0.0,optimal,0,-3.0,-30.0,2.397594556768121,1.6246914016200917,0.0,True,0.0,True,0.0,0.0
1762914392.2023125,1,follower,auto,0.2029333859682083,0.9125173091888428,0.17008022964000702,0.3241037368774411,1.0,-0.12051868438720695,0.12117035090923278,0.08748269081115723,-0.29059891402721394,-20,12.230271166731628,8.11580246039123,0,,,,,,,,True,12.0,-29.0,0.0,optimal,0,12.0,-29.0,0.6113628276822096,0.5457689298090465,0.0,True,0.0,True,0.0,0.0
1762914392.411601,0,leader,auto,1.1566662788391113,0.9426477551460266,0.24635860323905945,1.1241037368774411,1.0,-0.12051868438720695,-0.03256254196167019,0.05735224485397339,-0.36687728762626637,0,0,0,0,1.0,0,0,0,0,0,0,False,,,,,,,,,,,,,,,
1762914392.4117992,1,follower,auto,0.2029333859682083,0.9125173091888428,0.17008022964000702,0.3241037368774411,1.0,-0.12051868438720695,0.12117035090923278,0.08748269081115723,-0.29059891402721394,0,0,0,0,1.0,0,0,0,0,0,0,False,,,,,,,,,,,,,,,
1762914392.5132992,0,follower,auto,1.1566662788391113,0.9426477551460266,0.24635860323905945,1.1292063570022581,1.0,-0.14603178501129144,-0.027459921836853196,0.05735224485397339,-0.3923903882503509,-20,-3.430651396462345,4.885983339183874,0,,,,,,,,True,-2.0,-30.0,0.0,optimal,0,-2.0,-30.0,2.397594556768121,1.638125856478395,0.0,True,0.0,True,0.0,0.0
1762914392.514497,1,follower,auto,0.2029333859682083,0.9125173091888428,0.17008022964000702,0.3292063570022581,1.0,-0.14603178501129144,0.12627297103404977,0.08748269081115723,-0.31611201465129846,-20,12.230500887533937,8.114833030396374,0,,,,,,,,True,12.0,-30.0,0.0,optimal,0,12.0,-30.0,0.6113628276822096,0.5385161288616187,0.0,True,0.0,True,0.0,0.0
1762914392.7187598,0,leader,auto,1.1566662788391113,0.9426477551460266,0.24635860323905945,1.1292063570022581,1.0,-0.14603178501129144,-0.027459921836853196,0.05735224485397339,-0.3923903882503509,0,0,0,0,1.0,0,0,0,0,0,0,False,,,,,,,,,,,,,,,
1762914392.7189834,1,follower,auto,0.2029333859682083,0.9125173091888428,0.17008022964000702,0.3292063570022581,1.0,-0.14603178501129144,0.12627297103404977,0.08748269081115723,-0.31611201465129846,0,0,0,0,1.0,0,0,0,0,0,0,False,,,,,,,,,,,,,,,
1762914392.8205314,0,follower,auto,1.1566662788391113,0.9426477551460266,0.24635860323905945,1.135450253486633,1.0,-0.17725126743316644,-0.02121602535247824,0.05735224485397339,-0.4236098706722259,-20,-3.4306149564531516,4.885702709476157,0,,,,,,,,True,-2.0,-30.0,0.0,optimal,0,-2.0,-30.0,2.397594556768121,1.638125856478395,0.0,True,0.0,True,0.0,0.0
1762914392.8216796,1,follower,auto,0.2029333859682083,0.9125173091888428,0.17008022964000702,0.33545025348663304,1.0,-0.17725126743316644,0.13251686751842473,0.08748269081115723,-0.34733149707317346,-20,13.230569803774628,8.114542201397917,0,,,,,,,,True,13.0,-30.0,0.0,optimal,0,13.0,-30.0,0.6113628276822096,0.5505775729951388,0.0,True,0.0,True,0.0,0.0
1762914393.0304837,0,leader,auto,1.1566662788391113,0.9426477551460266,0.24635860323905945,1.135450253486633,1.0,-0.17725126743316644,-0.02121602535247824,0.05735224485397339,-0.4236098706722259,0,0,0,0,1.0,0,0,0,0,0,0,False,,,,,,,,,,,,,,,
1762914393.0307364,1,follower,auto,0.2029333859682083,0.9125173091888428,0.17008022964000702,0.33545025348663304,1.0,-0.17725126743316644,0.13251686751842473,0.08748269081115723,-0.34733149707317346,0,0,0,0,1.0,0,0,0,0,0,0,False,,,,,,,,,,,,,,,
1762914393.1323016,0,follower,auto,1.1566662788391113,0.9426477551460266,0.24635860323905945,1.1415940952301022,1.0,-0.20797047615051262,-0.015072183609009082,0.05735224485397339,-0.45432907938957207,-20,-2.4306040244503935,4.885618520563842,0,,,,,,,,True,-1.0,-30.0,0.0,optimal,0,-1.0,-30.0,2.397594556768121,1.651560311336698,0.0,True,0.0,True,0.0,0.0
1762914393.1334622,1,follower,auto,0.2029333859682083,0.9125173091888428,0.17008022964000702,0.3415940952301022,1.0,-0.20797047615051262,0.1386607092618939,0.08748269081115723,-0.37805070579051964,-20,13.230590478646837,8.114454952698381,0,,,,,,,,True,13.0,-30.0,0.0,optimal,0,13.0,-30.0,0.6113628276822096,0.5505775729951388,0.0,True,0.0,True,0.0,0.0
1762914393.2978573,0,leader,auto,1.1566662788391113,0.9426477551460266,0.24635860323905945,1.1415940952301022,1.0,-0.20797047615051262,-0.015072183609009082,0.05735224485397339,-0.45432907938957207,0,0,0,0,1.0,0,0,0,0,0,0,False,,,,,,,,,,,,,,,
1762914393.2980661,1,follower,auto,0.2029333859682083,0.9125173091888428,0.17008022964000702,0.3415940952301022,1.0,-0.20797047615051262,0.1386607092618939,0.08748269081115723,-0.37805070579051964,0,0,0,0,1.0,0,0,0,0,0,0,False,,,,,,,,,,,,,,,
1762914393.3996866,0,follower,auto,1.1566662788391113,0.9426477551460266,0.24635860323905945,1.1478295898437496,1.0,-0.23914794921874993,-0.008836688995361719,0.05735224485397339,-0.4855065524578094,-20,-1.4306007448495661,4.885593263890147,0,,,,,,,,True,0.0,-30.0,0.0,optimal,0,0.0,-30.0,2.397594556768121,1.6649947661950009,0.0,True,0.0,True,0.0,0.0
1762914393.4008274,1,follower,auto,0.2029333859682083,0.9125173091888428,0.17008022964000702,0.34782958984374956,1.0,-0.23914794921874993,0.14489620387554125,0.08748269081115723,-0.40922817885875695,-20,14.2305966811085,8.114428778088518,0,,,,,,,,True,14.0,-30.0,0.0,optimal,0,14.0,-30.0,0.6113628276822096,0.5626390171286589,0.0,True,0.0,True,0.0,0.0
1762914393.6198537,0,leader,auto,1.1566662788391113,0.9426477551460266,0.24635860323905945,1.1478295898437496,1.0,-0.23914794921874993,-0.008836688995361719,0.05735224485397339,-0.4855065524578094,0,0,0,0,1.0,0,0,0,0,0,0,False,,,,,,,,,,,,,,,
1762914393.6199577,1,follower,auto,0.2029333859682083,0.9125173091888428,0.17008022964000702,0.34782958984374956,1.0,-0.23914794921874993,0.14489620387554125,0.08748269081115723,-0.40922817885875695,0,0,0,0,1.0,0,0,0,0,0,0,False,,,,,,,,,,,,,,,
1762914393.7207334,0,follower,auto,1.1566662788391113,0.9426477551460266,0.24635860323905945,1.15317681312561,1.0,-0.26588406562805167,-0.003489465713501394,0.05735224485397339,-0.5122426688671111,-20,-1.430599760969318,4.88558568688804,0,,,,,,,,True,0.0,-30.0,0.0,optimal,0,0.0,-30.0,2.397594556768121,1.6649947661950009,0.0,True,0.0,True,0.0,0.0
1762914393.7219331,1,follower,auto,0.2029333859682083,0.9125173091888428,0.17008022964000702,0.3531768131256099,1.0,-0.26588406562805167,0.15024342715740158,0.08748269081115723,-0.4359642952680587,-20,15.230598541846998,8.114420925705561,0,,,,,,,,True,15.0,-30.0,0.0,optimal,0,15.0,-30.0,0.6113628276822096,0.5747004612621791,0.0,True,0.0,True,0.0,0.0
1762914393.9337022,0,leader,auto,1.1566662788391113,0.9426477551460266,0.24635860323905945,1.15317681312561,1.0,-0.26588406562805167,-0.003489465713501394,0.05735224485397339,-0.5122426688671111,0,0,0,0,1.0,0,0,0,0,0,0,False,,,,,,,,,,,,,,,
1762914393.933846,1,follower,auto,0.2029333859682083,0.9125173091888428,0.17008022964000702,0.3531768131256099,1.0,-0.26588406562805167,0.15024342715740158,0.08748269081115723,-0.4359642952680587,0,0,0,0,1.0,0,0,0,0,0,0,False,,,,,,,,,,,,,,,
1762914394.0348341,0,follower,auto,1.1566662788391113,0.9426477551460266,0.24635860323905945,1.159599547386169,1.0,-0.2979977369308471,0.002933268547057777,0.05735224485397339,-0.5443563401699065,-20,-1.4305994658052434,4.885583413787407,0,,,,,,,,True,0.0,-30.0,0.0,optimal,0,0.0,-30.0,2.397594556768121,1.6649947661950009,0.0,True,0.0,True,0.0,0.0
1762914394.0354488,1,follower,auto,0.2029333859682083,0.9125173091888428,0.17008022964000702,0.35959954738616906,1.0,-0.2979977369308471,0.15666616141796075,0.08748269081115723,-0.4680779665708541,-20,15.230599100068547,8.114418569990674,0,,,,,,,,True,15.0,-30.0,0.0,optimal,0,15.0,-30.0,0.6113628276822096,0.5747004612621791,0.0,True,0.0,True,0.0,0.0
1762914394.2409,0,leader,auto,1.1566662788391113,0.9426477551460266,0.24635860323905945,1.159599547386169,1.0,-0.2979977369308471,0.002933268547057777,0.05735224485397339,-0.5443563401699065,0,0,0,0,1.0,0,0,0,0,0,0,False,,,,,,,,,,,,,,,
1762914394.2411184,1,follower,auto,0.2029333859682083,0.9125173091888428,0.17008022964000702,0.35959954738616906,1.0,-0.2979977369308471,0.15666616141796075,0.08748269081115723,-0.4680779665708541,0,0,0,0,1.0,0,0,0,0,0,0,False,,,,,,,,,,,,,,,
1762914394.342648,0,follower,auto,1.1566662788391113,0.9426477551460266,0.24635860323905945,1.165867710113525,1.0,-0.32933855056762684,0.009201431274413752,0.05735224485397339,-0.5756971538066863,-20,-1.430599377256021,4.885582731857217,0,,,,,,,,True,0.0,-30.0,0.0,optimal,0,0.0,-30.0,2.397594556768121,1.6649947661950009,0.0,True,0.0,True,0.0,0.0
1762914394.3444736,1,follower,auto,0.2029333859682083,0.9125173091888428,0.17008022964000702,0.36586771011352504,1.0,-0.32933855056762684,0.16293432414531672,0.08748269081115723,-0.49941878020763386,-20,16.230599267535013,8.114417863276207,0,,,,,,,,True,16.0,-30.0,0.0,optimal,0,16.0,-30.0,0.6113628276822096,0.5867619053956992,0.0,True,0.0,True,0.0,0.0
1762914394.6515737,0,leader,auto,1.1566662788391113,0.9426477551460266,0.24635860323905945,1.165867710113525,1.0,-0.32933855056762684,0.009201431274413752,0.05735224485397339,-0.5756971538066863,0,0,0,0,1.0,0,0,0,0,0,0,False,,,,,,,,,,,,,,,
1762914394.6518018,1,follower,auto,0.2029333859682083,0.9125173091888428,0.17008022964000702,0.36586771011352504,1.0,-0.32933855056762684,0.16293432414531672,0.08748269081115723,-0.49941878020763386,0,0,0,0,1.0,0,0,0,0,0,0,False,,,,,,,,,,,,,,,
1762914394.752686,0,follower,auto,1.1566662788391113,0.9426477551460266,0.24635860323905945,1.1720522356033323,1.0,-0.36026117801666246,0.015385956764220943,0.05735224485397339,-0.6066197812557219,-20,-0.43059935069125443,4.88558252727816,0,,,,,,,,True,1.0,-30.0,0.0,optimal,0,1.0,-30.0,2.397594556768121,1.678429221053304,0.0,True,0.0,True,0.0,0.0
1762914394.7534528,1,follower,auto,0.2029333859682083,0.9125173091888428,0.17008022964000702,0.3720522356033322,1.0,-0.36026117801666246,0.1691188496351239,0.08748269081115723,-0.5303414076566695,-20,16.230599317774953,8.114417651261867,0,,,,,,,,True,16.0,-30.0,0.0,optimal,0,16.0,-30.0,0.6113628276822096,0.5867619053956992,0.0,True,0.0,True,0.0,0.0
1762914394.9577332,0,leader,auto,1.1566662788391113,0.9426477551460266,0.24635860323905945,1.1720522356033323,1.0,-0.36026117801666246,0.015385956764220943,0.05735224485397339,-0.6066197812557219,0,0,0,0,1.0,0,0,0,0,0,0,False,,,,,,,,,,,,,,,
1762914394.9579394,1,follower,auto,0.2029333859682083,0.9125173091888428,0.17008022964000702,0.3720522356033322,1.0,-0.36026117801666246,0.1691188496351239,0.08748269081115723,-0.5303414076566695,0,0,0,0,1.0,0,0,0,0,0,0,False,,,,,,,,,,,,,,,
1762914395.059174,0,follower,auto,1.1566662788391113,0.9426477551460266,0.24635860323905945,1.1802281856536863,1.0,-0.4011409282684325,0.02356190681457493,0.05735224485397339,-0.647499531507492,-20,0.5694006572781756,4.885582465904443,0,,,,,,,,True,2.0,-30.0,0.0,optimal,0,2.0,-30.0,2.397594556768121,1.6918636759116072,0.0,True,0.0,True,0.0,0.0
1762914395.0607228,1,follower,auto,0.2029333859682083,0.9125173091888428,0.17008022964000702,0.3802281856536862,1.0,-0.4011409282684325,0.1772947996854779,0.08748269081115723,-0.5712211579084395,-20,17.230599332846932,8.114417587657565,0,,,,,,,,True,17.0,-30.0,0.0,optimal,0,17.0,-30.0,0.6113628276822096,0.5988233495292192,0.0,True,0.0,True,0.0,0.0
1762914395.2142026,0,leader,auto,1.1566662788391113,0.9426477551460266,0.24635860323905945,1.1802281856536863,1.0,-0.4011409282684325,0.02356190681457493,0.05735224485397339,-0.647499531507492,0,0,0,0,1.0,0,0,0,0,0,0,False,,,,,,,,,,,,,,,
1762914395.2144048,1,follower,auto,0.2029333859682083,0.9125173091888428,0.17008022964000702,0.3802281856536862,1.0,-0.4011409282684325,0.1772947996854779,0.08748269081115723,-0.5712211579084395,0,0,0,0,1.0,0,0,0,0,0,0,False,,,,,,,,,,,,,,,
1762914395.3180299,0,follower,auto,1.1566662788391113,0.9426477551460266,0.24635860323905945,1.1863759088516233,1.0,-0.4318795442581176,0.029709630012511923,0.05735224485397339,-0.678238147497177,-20,0.5694006596690047,4.885582447492328,0,,,,,,,,True,2.0,-30.0,0.0,optimal,0,2.0,-30.0,2.397594556768121,1.6918636759116072,0.0,True,0.0,True,0.0,0.0
1762914395.31933,1,follower,auto,0.2029333859682083,0.9125173091888428,0.17008022964000702,0.3863759088516232,1.0,-0.4318795442581176,0.1834425228834149,0.08748269081115723,-0.6019597738981246,-20,18.230599337368528,8.114417568576275,0,,,,,,,,True,18.0,-30.0,0.0,optimal,0,18.0,-30.0,0.6113628276822096,0.6108847936627395,0.0,True,0.0,True,0.0,0.0
1762914399.5304537,0,leader,auto,1.1566662788391113,0.9426477551460266,0.24635860323905945,1.1863759088516233,1.0,-0.4318795442581176,0.029709630012511923,0.05735224485397339,-0.678238147497177,0,0,0,0,1.0,0,0,0,0,0,0,False,,,,,,,,,,,,,,,
1762914399.6308527,1,follower,auto,0.2029333859682083,0.9125173091888428,0.17008022964000702,0.3863759088516232,1.0,-0.4318795442581176,0.1834425228834149,0.08748269081115723,-0.6019597738981246,0,0,0,0,1.0,0,0,0,0,0,0,False,,,,,,,,,,,,,,,
1762914399.7512422,0,leader,auto,1.3418004512786865,0.02742689661681652,-0.697105348110199,1.1915469837188717,1.0,-0.4577349185943603,-0.15025346755981484,0.9725731033831835,0.2393704295158387,0,0,0,0,1.0,0,0,0,0,0,0,False,,,,,,,,,,,,,,,
1762914399.851589,1,follower,auto,0.8225265741348267,0.05131800100207329,-1.2978456020355225,0.39154698371887203,1.0,-0.4577349185943603,-0.4309795904159546,0.9486819989979267,0.8401106834411622,0,0,0,0,1.0,0,0,0,0,0,0,False,,,,,,,,,,,,,,,
1762914399.9555438,0,leader,auto,1.3417996168136597,0.027463523671030998,-0.6970861554145813,1.2777792549133298,1.0,-0.8888962745666503,-0.06402036190032989,0.972536476328969,-0.19181011915206903,0,0,0,0,1.0,0,0,0,0,0,0,False,,,,,,,,,,,,,,,
1762914400.0558374,1,follower,auto,0.8224360942840576,0.05129743739962578,-1.2978812456130981,0.47777925491333006,1.0,-0.8888962745666503,-0.34465683937072755,0.9487025626003742,0.4089849710464478,0,0,0,0,1.0,0,0,0,0,0,0,False,,,,,,,,,,,,,,,
1762914400.159486,0,leader,auto,1.341808795928955,0.02744710072875023,-0.6970535516738892,1.2821972560882566,1.0,-0.9109862804412842,-0.059611539840698446,0.9725528992712498,-0.213932728767395,0,0,0,0,1.0,0,0,0,0,0,0,False,,,,,,,,,,,,,,,
1762914400.259865,1,follower,auto,0.8223897218704224,0.051294367760419846,-1.297888159751892,0.4821972560882568,1.0,-0.9109862804412842,-0.34019246578216555,0.9487056322395802,0.38690187931060793,0,0,0,0,1.0,0,0,0,0,0,0,False,,,,,,,,,,,,,,,
1762914400.3633902,0,leader,auto,1.3417689800262451,0.027444016188383102,-0.6970605850219727,1.2862799882888791,1.0,-0.931399941444397,-0.05548899173736599,0.9725559838116169,-0.23433935642242432,0,0,0,0,1.0,0,0,0,0,0,0,False,,,,,,,,,,,,,,,
1762914400.4637465,1,follower,auto,0.8224069476127625,0.05129024013876915,-1.2979013919830322,0.48627998828887936,1.0,-0.931399941444397,-0.3361269593238831,0.9487097598612309,0.36650145053863525,0,0,0,0,1.0,0,0,0,0,0,0,False,,,,,,,,,,,,,,,
1762914400.5733588,0,leader,auto,1.3418049812316895,0.02740783430635929,-0.697114109992981,1.2903587484359738,1.0,-0.9517937421798706,-0.051446232795715696,0.9725921656936407,-0.2546796321868896,0,0,0,0,1.0,0,0,0,0,0,0,False,,,,,,,,,,,,,,,
1762914400.6740117,1,follower,auto,0.822478175163269,0.051283080130815506,-1.2979782819747925,0.4903587484359741,1.0,-0.9517937421798706,-0.33211942672729494,0.9487169198691845,0.3461845397949219,0,0,0,0,1.0,0,0,0,0,0,0,False,,,,,,,,,,,,,,,
1762914400.848529,0,leader,auto,1.3417717218399048,0.027311094105243683,-0.6969828009605408,1.2944459390640255,1.0,-0.9722296953201294,-0.04732578277587929,0.9726889058947563,-0.2752468943595886,0,0,0,0,1.0,0,0,0,0,0,0,False,,,,,,,,,,,,,,,
1762914400.9488041,1,follower,auto,0.8223986625671387,0.05127285048365593,-1.2979013919830322,0.49444593906402584,1.0,-0.9722296953201294,-0.32795272350311283,0.9487271495163441,0.32567169666290285,0,0,0,0,1.0,0,0,0,0,0,0,False,,,,,,,,,,,,,,,
1762914401.071713,0,leader,auto,1.3417768478393555,0.027309812605381012,-0.696996808052063,1.2986508274078365,1.0,-0.9932541370391845,-0.04312602043151892,0.972690187394619,-0.29625732898712154,0,0,0,0,1.0,0,0,0,0,0,0,False,,,,,,,,,,,,,,,
1762914401.172105,1,follower,auto,0.8224205374717712,0.05125827342271805,-1.297954797744751,0.4986508274078369,1.0,-0.9932541370391845,-0.32376971006393435,0.948741726577282,0.30470066070556645,0,0,0,0,1.0,0,0,0,0,0,0,False,,,,,,,,,,,,,,,
1762914401.2853382,0,leader,auto,1.3417816162109375,0.027324100956320763,-0.6969659328460693,1.3041443777084347,1.0,-1.0207218885421752,-0.03763723850250278,0.9726758990436792,-0.3237559556961058,0,0,0,0,1.0,0,0,0,0,0,0,False,,,,,,,,,,,,,,,
1762914401.385731,1,follower,auto,0.8224702477455139,0.051309216767549515,-1.2979533672332764,0.504144377708435,1.0,-1.0207218885421752,-0.3183258700370789,0.9486907832324505,0.2772314786911012,0,0,0,0,1.0,0,0,0,0,0,0,False,,,,,,,,,,,,,,,
1762914401.5453458,0,leader,auto,1.3417742252349854,0.027338022366166115,-0.6969747543334961,1.3086119747161862,1.0,-1.0430598735809324,-0.033162250518799175,0.9726619776338339,-0.34608511924743635,0,0,0,0,1.0,0,0,0,0,0,0,False,,,,,,,,,,,,,,,
1762914401.6459408,1,follower,auto,0.8224188685417175,0.05128636583685875,-1.2979145050048828,0.5086119747161865,1.0,-1.0430598735809324,-0.31380689382553106,0.9487136341631413,0.2548546314239504,0,0,0,0,1.0,0,0,0,0,0,0,False,,,,,,,,,,,,,,,
1762914401.765512,0,leader,auto,1.3417664766311646,0.02732497826218605,-0.6969866752624512,1.3128820466995237,1.0,-1.0644102334976195,-0.028884429931640865,0.972675021737814,-0.36742355823516837,0,0,0,0,1.0,0,0,0,0,0,0,False,,,,,,,,,,,,,,,
1762914401.8660128,1,follower,auto,0.8223986625671387,0.05131547898054123,-1.2978721857070923,0.5128820466995239,1.0,-1.0644102334976195,-0.3095166158676148,0.9486845210194588,0.23346195220947275,0,0,0,0,1.0,0,0,0,0,0,0,False,,,,,,,,,,,,,,,
1762914401.9681983,0,leader,auto,1.3417725563049316,0.02732139080762863,-0.6969779133796692,1.3180825519561765,1.0,-1.0904127597808837,-0.023690004348755123,0.9726786091923714,-0.3934348464012145,0,0,0,0,1.0,0,0,0,0,0,0,False,,,,,,,,,,,,,,,
1762914402.068629,1,follower,auto,0.822401225566864,0.0512906052172184,-1.2978992462158203,0.5180825519561767,1.0,-1.0904127597808837,-0.3043186736106873,0.9487093947827816,0.2074864864349366,0,0,0,0,1.0,0,0,0,0,0,0,False,,,,,,,,,,,,,,,
1762914402.1701155,0,leader,auto,1.341774344444275,0.027315976098179817,-0.6969900727272034,1.3224933767318723,1.0,-1.1124668836593627,-0.01928096771240262,0.9726840239018202,-0.4154768109321594,0,0,0,0,1.0,0,0,0,0,0,0,False,,,,,,,,,,,,,,,
1762914402.2704396,1,follower,auto,0.8224067091941833,0.051237449049949646,-1.2979096174240112,0.5224933767318725,1.0,-1.1124668836593627,-0.2999133324623109,0.9487625509500504,0.18544273376464848,0,0,0,0,1.0,0,0,0,0,0,0,False,,,,,,,,,,,,,,,
