timestamp,drone_id,role,mode,x,y,z,target_x,target_y,target_z,error_x,error_y,error_z,rc_lr,rc_fb,rc_ud,rc_yaw,trust,obs_error_x,obs_error_y,obs_error_z,obs_state_x,obs_state_y,obs_state_z
1754558952.3233087,0,leader,manual,0.08096940070390701,0.05552946776151657,0.08433440327644348,0,1,0,-0.08096940070390701,0.9444705322384834,-0.08433440327644348,0,0,0,0,1.0,0.0,0.0,0.0,0.0,0.0,0.0
1754558952.3234115,1,follower,manual,0.06225252524018288,0.05809745192527771,0.8604485988616943,0,1,1,-0.06225252524018288,0.9419025480747223,0.13955140113830566,0,0,0,0,1.0,0.0,0.0,0.0,0.0,0.0,0.0
1754558952.5281546,0,leader,manual,0.0809732973575592,0.05553172528743744,0.08433341234922409,0,1,0,-0.0809732973575592,0.9444682747125626,-0.08433341234922409,0,0,0,0,1.0,0.0,0.0,0.0,0.0,0.0,0.0
1754558952.528252,1,follower,manual,0.06225287914276123,0.058079350739717484,0.8604682087898254,0,1,1,-0.06225287914276123,0.9419206492602825,0.13953179121017456,0,0,0,0,1.0,0.0,0.0,0.0,0.0,0.0,0.0
1754558952.7321112,0,leader,manual,0.08097334206104279,0.055528923869132996,0.08432931452989578,0,1,0,-0.08097334206104279,0.944471076130867,-0.08432931452989578,0,0,0,0,1.0,0.0,0.0,0.0,0.0,0.0,0.0
1754558952.7321997,1,follower,manual,0.06225074082612991,0.05807369202375412,0.8604640960693359,0,1,1,-0.06225074082612991,0.9419263079762459,0.13953590393066406,0,0,0,0,1.0,0.0,0.0,0.0,0.0,0.0,0.0
1754558952.9359913,0,leader,manual,0.08096721023321152,0.05553024262189865,0.0843273475766182,0,1,0,-0.08096721023321152,0.9444697573781013,-0.0843273475766182,0,0,0,0,1.0,0.0,0.0,0.0,0.0,0.0,0.0
1754558952.9361093,1,follower,manual,0.06224970519542694,0.058072250336408615,0.8604625463485718,0,1,1,-0.06224970519542694,0.9419277496635914,0.13953745365142822,0,0,0,0,1.0,0.0,0.0,0.0,0.0,0.0,0.0
1754558953.1397722,0,leader,manual,0.08096776157617569,0.05553214251995087,0.084326833486557,0,1,0,-0.08096776157617569,0.9444678574800491,-0.084326833486557,0,0,0,0,1.0,0.0,0.0,0.0,0.0,0.0,0.0
1754558953.139884,1,follower,manual,0.06224502995610237,0.058076709508895874,0.8604612350463867,0,1,1,-0.06224502995610237,0.9419232904911041,0.13953876495361328,0,0,0,0,1.0,0.0,0.0,0.0,0.0,0.0,0.0
1754558953.34466,0,leader,manual,0.08096742630004883,0.055532004684209824,0.08432719856500626,0,1,0,-0.08096742630004883,0.9444679953157902,-0.08432719856500626,0,0,0,0,1.0,0.0,0.0,0.0,0.0,0.0,0.0
1754558953.344748,1,follower,manual,0.06224382296204567,0.05809010565280914,0.860450029373169,0,1,1,-0.06224382296204567,0.9419098943471909,0.13954997062683105,0,0,0,0,1.0,0.0,0.0,0.0,0.0,0.0,0.0
1754558953.5505385,0,leader,manual,0.0809716135263443,0.05553741753101349,0.08432799577713013,0,1,0,-0.0809716135263443,0.9444625824689865,-0.08432799577713013,0,0,0,0,1.0,0.0,0.0,0.0,0.0,0.0,0.0
1754558953.5506299,1,follower,manual,0.06224018707871437,0.05807897821068764,0.860462486743927,0,1,1,-0.06224018707871437,0.9419210217893124,0.139537513256073,0,0,0,0,1.0,0.0,0.0,0.0,0.0,0.0,0.0
1754558953.7531517,0,leader,manual,0.08097445219755173,0.0555296391248703,0.08433151245117188,0,1,0,-0.08097445219755173,0.9444703608751297,-0.08433151245117188,0,0,0,0,1.0,0.0,0.0,0.0,0.0,0.0,0.0
1754558953.7532554,1,follower,manual,0.06225988268852234,0.058074675500392914,0.8604670763015747,0,1,1,-0.06225988268852234,0.9419253244996071,0.1395329236984253,0,0,0,0,1.0,0.0,0.0,0.0,0.0,0.0,0.0
1754558953.9592018,0,leader,manual,0.0809687077999115,0.055534303188323975,0.08432839810848236,0,1,0,-0.0809687077999115,0.944465696811676,-0.08432839810848236,0,0,0,0,1.0,0.0,0.0,0.0,0.0,0.0,0.0
1754558953.9593525,1,follower,manual,0.06224878877401352,0.05808402970433235,0.8604641556739807,0,1,1,-0.06224878877401352,0.9419159702956676,0.1395358443260193,0,0,0,0,1.0,0.0,0.0,0.0,0.0,0.0,0.0
1754558954.1498232,0,leader,manual,0.08096783608198166,0.05553613603115082,0.08432596176862717,0,1,0,-0.08096783608198166,0.9444638639688492,-0.08432596176862717,0,0,0,0,1.0,0.0,0.0,0.0,0.0,0.0,0.0
1754558954.1498878,1,follower,manual,0.06224050372838974,0.05807814002037048,0.8604655861854553,0,1,1,-0.06224050372838974,0.9419218599796295,0.13953441381454468,0,0,0,0,1.0,0.0,0.0,0.0,0.0,0.0,0.0
1754558954.3514109,0,leader,manual,0.08096487820148468,0.05553372949361801,0.08432207256555557,0,1,0,-0.08096487820148468,0.944466270506382,-0.08432207256555557,0,0,0,0,1.0,0.0,0.0,0.0,0.0,0.0,0.0
1754558954.3515067,1,follower,manual,0.06224662810564041,0.05808824300765991,0.8604474067687988,0,1,1,-0.06224662810564041,0.9419117569923401,0.13955259323120117,0,0,0,0,1.0,0.0,0.0,0.0,0.0,0.0,0.0
1754558954.556166,0,leader,manual,0.08096633106470108,0.05554179102182388,0.08432969450950623,0,1,0,-0.08096633106470108,0.9444582089781761,-0.08432969450950623,0,0,0,0,1.0,0.0,0.0,0.0,0.0,0.0,0.0
1754558954.5563622,1,follower,manual,0.06224581599235535,0.05808761715888977,0.8604626655578613,0,1,1,-0.06224581599235535,0.9419123828411102,0.13953733444213867,0,0,0,0,1.0,0.0,0.0,0.0,0.0,0.0,0.0
1754558954.7601204,0,leader,manual,0.08096775412559509,0.05553223565220833,0.08432543277740479,0,1,0,-0.08096775412559509,0.9444677643477917,-0.08432543277740479,0,0,0,0,1.0,0.0,0.0,0.0,0.0,0.0,0.0
1754558954.7602067,1,follower,manual,0.062241196632385254,0.05807727947831154,0.8604673147201538,0,1,1,-0.062241196632385254,0.9419227205216885,0.1395326852798462,0,0,0,0,1.0,0.0,0.0,0.0,0.0,0.0,0.0
1754558954.91577,0,leader,manual,0.08096521347761154,0.05554411560297012,0.08433084189891815,0,1,0,-0.08096521347761154,0.9444558843970299,-0.08433084189891815,0,0,0,0,1.0,0.0,0.0,0.0,0.0,0.0,0.0
1754558954.9159524,1,follower,manual,0.062240589410066605,0.05809078365564346,0.8604558110237122,0,1,1,-0.062240589410066605,0.9419092163443565,0.13954418897628784,0,0,0,0,1.0,0.0,0.0,0.0,0.0,0.0,0.0
1754558955.1297467,0,leader,manual,0.08096853643655777,0.055540233850479126,0.08433067798614502,0,1,0,-0.08096853643655777,0.9444597661495209,-0.08433067798614502,0,0,0,0,1.0,0.0,0.0,0.0,0.0,0.0,0.0
1754558955.1298757,1,follower,manual,0.06224561110138893,0.058090876787900925,0.8604668378829956,0,1,1,-0.06224561110138893,0.9419091232120991,0.1395331621170044,0,0,0,0,1.0,0.0,0.0,0.0,0.0,0.0,0.0
1754558955.4541924,0,leader,manual,0.08096925914287567,0.05553930252790451,0.08433203399181366,0,1,0,-0.08096925914287567,0.9444606974720955,-0.08433203399181366,0,0,0,0,1.0,0.0,0.0,0.0,0.0,0.0,0.0
1754558955.4542851,1,follower,manual,0.062252555042505264,0.05808992311358452,0.8604711890220642,0,1,1,-0.062252555042505264,0.9419100768864155,0.1395288109779358,0,0,0,0,1.0,0.0,0.0,0.0,0.0,0.0,0.0
1754558955.6298656,0,leader,manual,0.08096759766340256,0.05553547665476799,0.08432503789663315,0,1,0,-0.08096759766340256,0.944464523345232,-0.08432503789663315,0,0,0,0,1.0,0.0,0.0,0.0,0.0,0.0,0.0
1754558955.6299453,1,follower,manual,0.06224285066127777,0.0580909363925457,0.8604442477226257,0,1,1,-0.06224285066127777,0.9419090636074543,0.13955575227737427,0,0,0,0,1.0,0.0,0.0,0.0,0.0,0.0,0.0
1754558955.8321846,0,leader,manual,0.08096752315759659,0.0555410161614418,0.08433433622121811,0,1,0,-0.08096752315759659,0.9444589838385582,-0.08433433622121811,0,0,0,0,1.0,0.0,0.0,0.0,0.0,0.0,0.0
1754558955.832373,1,follower,manual,0.062250006943941116,0.0581042543053627,0.8604528903961182,0,1,1,-0.062250006943941116,0.9418957456946373,0.13954710960388184,0,0,0,0,1.0,0.0,0.0,0.0,0.0,0.0,0.0
1754558956.0371916,0,leader,manual,0.0809691846370697,0.05553935095667839,0.08433461934328079,0,1,0,-0.0809691846370697,0.9444606490433216,-0.08433461934328079,0,0,0,0,1.0,0.0,0.0,0.0,0.0,0.0,0.0
1754558956.037273,1,follower,manual,0.06225134804844856,0.05809851363301277,0.8604469299316406,0,1,1,-0.06225134804844856,0.9419014863669872,0.13955307006835938,0,0,0,0,1.0,0.0,0.0,0.0,0.0,0.0,0.0
1754558956.2420783,0,leader,manual,0.08098068088293076,0.05553758516907692,0.08433027565479279,0,1,0,-0.08098068088293076,0.9444624148309231,-0.08433027565479279,0,0,0,0,1.0,0.0,0.0,0.0,0.0,0.0,0.0
1754558956.242195,1,follower,manual,0.062259431928396225,0.05808504670858383,0.8604540228843689,0,1,1,-0.062259431928396225,0.9419149532914162,0.1395459771156311,0,0,0,0,1.0,0.0,0.0,0.0,0.0,0.0,0.0
1754558956.4480522,0,leader,manual,0.08096916973590851,0.05553190037608147,0.08433442562818527,0,1,0,-0.08096916973590851,0.9444680996239185,-0.08433442562818527,0,0,0,0,1.0,0.0,0.0,0.0,0.0,0.0,0.0
1754558956.4481578,1,follower,manual,0.062252700328826904,0.05808253958821297,0.8604666590690613,0,1,1,-0.062252700328826904,0.941917460411787,0.13953334093093872,0,0,0,0,1.0,0.0,0.0,0.0,0.0,0.0,0.0
1754558956.6497886,0,leader,manual,0.08096662163734436,0.05553494393825531,0.08432917296886444,0,1,0,-0.08096662163734436,0.9444650560617447,-0.08432917296886444,0,0,0,0,1.0,0.0,0.0,0.0,0.0,0.0,0.0
1754558956.6498797,1,follower,manual,0.062246281653642654,0.05808981880545616,0.860453724861145,0,1,1,-0.062246281653642654,0.9419101811945438,0.13954627513885498,0,0,0,0,1.0,0.0,0.0,0.0,0.0,0.0,0.0
1754558956.855299,0,leader,manual,0.08097655326128006,0.05553634464740753,0.08433093875646591,0,1,0,-0.08097655326128006,0.9444636553525925,-0.08433093875646591,0,0,0,0,1.0,0.0,0.0,0.0,0.0,0.0,0.0
1754558956.8554165,1,follower,manual,0.062245823442935944,0.05809149146080017,0.86045902967453,0,1,1,-0.062245823442935944,0.9419085085391998,0.13954097032546997,0,0,0,0,1.0,0.0,0.0,0.0,0.0,0.0,0.0
1754558957.0207107,0,leader,manual,0.08097578585147858,0.05553542822599411,0.08433610200881958,0,1,0,-0.08097578585147858,0.9444645717740059,-0.08433610200881958,0,0,0,0,1.0,0.0,0.0,0.0,0.0,0.0,0.0
1754558957.0207875,1,follower,manual,0.06225575506687164,0.05809234827756882,0.8604674935340881,0,1,1,-0.06225575506687164,0.9419076517224312,0.13953250646591187,0,0,0,0,1.0,0.0,0.0,0.0,0.0,0.0,0.0
1754558957.2238016,0,leader,manual,0.0809742659330368,0.055535729974508286,0.08433067053556442,0,1,0,-0.0809742659330368,0.9444642700254917,-0.08433067053556442,0,0,0,0,1.0,0.0,0.0,0.0,0.0,0.0,0.0
1754558957.2248287,1,follower,manual,0.062248848378658295,0.058097414672374725,0.860464870929718,0,1,1,-0.062248848378658295,0.9419025853276253,0.13953512907028198,0,0,0,0,1.0,0.0,0.0,0.0,0.0,0.0,0.0
1754558957.4181018,0,leader,manual,0.08097222447395325,0.05554278939962387,0.08432959020137787,0,1,0,-0.08097222447395325,0.9444572106003761,-0.08432959020137787,0,0,0,0,1.0,0.0,0.0,0.0,0.0,0.0,0.0
1754558957.4181974,1,follower,manual,0.062247294932603836,0.058091431856155396,0.8604647517204285,0,1,1,-0.062247294932603836,0.9419085681438446,0.13953524827957153,0,0,0,0,1.0,0.0,0.0,0.0,0.0,0.0,0.0
1754558957.621131,0,leader,manual,0.08097394555807114,0.0555315837264061,0.08433562517166138,0,1,0,-0.08097394555807114,0.9444684162735939,-0.08433562517166138,0,0,0,0,1.0,0.0,0.0,0.0,0.0,0.0,0.0
1754558957.6212597,1,follower,manual,0.062243398278951645,0.05807982385158539,0.8604794144630432,0,1,1,-0.062243398278951645,0.9419201761484146,0.1395205855369568,0,0,0,0,1.0,0.0,0.0,0.0,0.0,0.0,0.0
1754558957.8275745,0,leader,manual,0.08097182959318161,0.05552748590707779,0.08434029668569565,0,1,0,-0.08097182959318161,0.9444725140929222,-0.08434029668569565,0,0,0,0,1.0,0.0,0.0,0.0,0.0,0.0,0.0
1754558957.8277032,1,follower,manual,0.06224530562758446,0.058096833527088165,0.8604402542114258,0,1,1,-0.06224530562758446,0.9419031664729118,0.13955974578857422,0,0,0,0,1.0,0.0,0.0,0.0,0.0,0.0,0.0
1754558958.0440023,0,leader,manual,0.08097123354673386,0.05553736537694931,0.08432984352111816,0,1,0,-0.08097123354673386,0.9444626346230507,-0.08432984352111816,0,0,0,0,1.0,0.0,0.0,0.0,0.0,0.0,0.0
1754558958.0441527,1,follower,manual,0.0622505322098732,0.05810122564435005,0.8604452610015869,0,1,1,-0.0622505322098732,0.94189877435565,0.13955473899841309,0,0,0,0,1.0,0.0,0.0,0.0,0.0,0.0,0.0
1754558958.23685,0,leader,manual,0.08097393810749054,0.05554015561938286,0.08432985842227936,0,1,0,-0.08097393810749054,0.9444598443806171,-0.08432985842227936,0,0,0,0,1.0,0.0,0.0,0.0,0.0,0.0,0.0
1754558958.2369668,1,follower,manual,0.062246959656476974,0.05807596445083618,0.8604719042778015,0,1,1,-0.062246959656476974,0.9419240355491638,0.1395280957221985,0,0,0,0,1.0,0.0,0.0,0.0,0.0,0.0,0.0
1754558958.446205,0,leader,manual,0.08097675442695618,0.05553079769015312,0.08433596789836884,0,1,0,-0.08097675442695618,0.9444692023098469,-0.08433596789836884,0,0,0,0,1.0,0.0,0.0,0.0,0.0,0.0,0.0
1754558958.4462972,1,follower,manual,0.0622529461979866,0.05808114632964134,0.8604799509048462,0,1,1,-0.0622529461979866,0.9419188536703587,0.1395200490951538,0,0,0,0,1.0,0.0,0.0,0.0,0.0,0.0,0.0
1754558958.650946,0,leader,manual,0.08097276836633682,0.05553663149476051,0.08433356136083603,0,1,0,-0.08097276836633682,0.9444633685052395,-0.08433356136083603,0,0,0,0,1.0,0.0,0.0,0.0,0.0,0.0,0.0
1754558958.6510677,1,follower,manual,0.06225220859050751,0.05808365345001221,0.8604666590690613,0,1,1,-0.06225220859050751,0.9419163465499878,0.13953334093093872,0,0,0,0,1.0,0.0,0.0,0.0,0.0,0.0,0.0
1754558958.8540282,0,leader,manual,0.08096905052661896,0.05553459748625755,0.08433545380830765,0,1,0,-0.08096905052661896,0.9444654025137424,-0.08433545380830765,0,0,0,0,1.0,0.0,0.0,0.0,0.0,0.0,0.0
1754558958.854119,1,follower,manual,0.06224648654460907,0.0580824539065361,0.8604745864868164,0,1,1,-0.06224648654460907,0.9419175460934639,0.1395254135131836,0,0,0,0,1.0,0.0,0.0,0.0,0.0,0.0,0.0
1754558959.059372,0,leader,manual,0.08097419887781143,0.05553242564201355,0.08433552831411362,0,1,0,-0.08097419887781143,0.9444675743579865,-0.08433552831411362,0,0,0,0,1.0,0.0,0.0,0.0,0.0,0.0,0.0
1754558959.0594997,1,follower,manual,0.062245264649391174,0.05808281898498535,0.8604709506034851,0,1,1,-0.062245264649391174,0.9419171810150146,0.1395290493965149,0,0,0,0,1.0,0.0,0.0,0.0,0.0,0.0,0.0
1754558959.2166615,0,leader,manual,0.08097540587186813,0.05553276836872101,0.08433424681425095,0,1,0,-0.08097540587186813,0.944467231631279,-0.08433424681425095,0,0,0,0,1.0,0.0,0.0,0.0,0.0,0.0,0.0
1754558959.216729,1,follower,manual,0.06225379928946495,0.05808834359049797,0.8604618906974792,0,1,1,-0.06225379928946495,0.941911656409502,0.13953810930252075,0,0,0,0,1.0,0.0,0.0,0.0,0.0,0.0,0.0
1754558959.456974,0,leader,manual,0.08097825944423676,0.055538076907396317,0.08432746678590775,0,1,0,-0.08097825944423676,0.9444619230926037,-0.08432746678590775,0,0,0,0,1.0,0.0,0.0,0.0,0.0,0.0,0.0
1754558959.4571118,1,follower,manual,0.06225169450044632,0.05807628110051155,0.8604665994644165,0,1,1,-0.06225169450044632,0.9419237188994884,0.1395334005355835,0,0,0,0,1.0,0.0,0.0,0.0,0.0,0.0,0.0
1754558959.6607785,0,leader,manual,0.08097250014543533,0.05552934110164642,0.08433779329061508,0,1,0,-0.08097250014543533,0.9444706588983536,-0.08433779329061508,0,0,0,0,1.0,0.0,0.0,0.0,0.0,0.0,0.0
1754558959.6609063,1,follower,manual,0.06224486604332924,0.05806957557797432,0.8604854345321655,0,1,1,-0.06224486604332924,0.9419304244220257,0.13951456546783447,0,0,0,0,1.0,0.0,0.0,0.0,0.0,0.0,0.0
1754558959.86504,0,leader,manual,0.08097182214260101,0.05552872642874718,0.08433834463357925,0,1,0,-0.08097182214260101,0.9444712735712528,-0.08433834463357925,0,0,0,0,1.0,0.0,0.0,0.0,0.0,0.0,0.0
1754558959.8653374,1,follower,manual,0.06224491819739342,0.05808667466044426,0.8604704141616821,0,1,1,-0.06224491819739342,0.9419133253395557,0.13952958583831787,0,0,0,0,1.0,0.0,0.0,0.0,0.0,0.0,0.0
1754558964.67792,0,leader,manual,0.08096972852945328,0.05553087592124939,0.0843329057097435,0,1,0,-0.08096972852945328,0.9444691240787506,-0.0843329057097435,0,0,0,0,1.0,0.0,0.0,0.0,0.0,0.0,0.0
1754558964.778207,1,follower,manual,0.062246616929769516,0.058098312467336655,0.8604492545127869,0,1,1,-0.062246616929769516,0.9419016875326633,0.13955074548721313,0,0,0,0,1.0,0.0,0.0,0.0,0.0,0.0,0.0
1754558964.7784305,0,follower,manual,0.06044047325849533,0.8038085103034973,0.0430295467376709,0,1,0,-0.06044047325849533,0.19619148969650269,-0.0430295467376709,0,0,0,0,,,,,,,
1754558964.878691,1,follower,manual,0.00722323264926672,0.8518357872962952,0.7734771966934204,0,1,1,-0.00722323264926672,0.14816421270370483,0.2265228033065796,0,0,0,0,,,,,,,
1754558965.1310825,0,leader,manual,0.06044047325849533,0.8038085103034973,0.0430295467376709,0,1,0,-0.06044047325849533,0.19619148969650269,-0.0430295467376709,0,0,0,0,1.0,0.0,0.0,0.0,0.0,0.0,0.0
1754558965.231329,1,follower,manual,0.00722323264926672,0.8518357872962952,0.7734771966934204,0,1,1,-0.00722323264926672,0.14816421270370483,0.2265228033065796,0,0,0,0,1.0,0.0,0.0,0.0,0.0,0.0,0.0
1754558965.2315857,0,follower,manual,0.060689203441143036,0.8133602738380432,0.02931312285363674,0,1,0,-0.060689203441143036,0.1866397261619568,-0.02931312285363674,0,0,0,0,,,,,,,
1754558965.3318233,1,follower,manual,-0.018571358174085617,0.8543417453765869,0.7675572633743286,0,1,1,0.018571358174085617,0.14565825462341309,0.2324427366256714,0,0,0,0,,,,,,,
1754558965.4354599,0,leader,manual,0.060689203441143036,0.8133602738380432,0.02931312285363674,0,1,0,-0.060689203441143036,0.1866397261619568,-0.02931312285363674,0,0,0,0,1.0,0.0,0.0,0.0,0.0,0.0,0.0
1754558965.5357943,1,follower,manual,-0.018571358174085617,0.8543417453765869,0.7675572633743286,0,1,1,0.018571358174085617,0.14565825462341309,0.2324427366256714,0,0,0,0,1.0,0.0,0.0,0.0,0.0,0.0,0.0
1754558965.5360656,0,follower,manual,0.06353776901960373,0.8294503092765808,0.013156281784176826,0,1,0,-0.06353776901960373,0.1705496907234192,-0.013156281784176826,0,0,0,0,,,,,,,
1754558965.6362774,1,follower,manual,-0.03565674647688866,0.8545676469802856,0.7629181742668152,0,1,1,0.03565674647688866,0.14543235301971436,0.23708182573318481,0,0,0,0,,,,,,,
1754558965.7430608,0,leader,manual,0.06353776901960373,0.8294503092765808,0.013156281784176826,0,1,0,-0.06353776901960373,0.1705496907234192,-0.013156281784176826,0,0,0,0,1.0,0.0,0.0,0.0,0.0,0.0,0.0
1754558965.843308,1,follower,manual,-0.03565674647688866,0.8545676469802856,0.7629181742668152,0,1,1,0.03565674647688866,0.14543235301971436,0.23708182573318481,0,0,0,0,1.0,0.0,0.0,0.0,0.0,0.0,0.0
1754558965.8436654,0,follower,manual,0.06516903638839722,0.846572756767273,-0.002472915221005678,0,1,0,-0.06516903638839722,0.15342724323272705,0.002472915221005678,0,0,0,0,,,,,,,
1754558965.9438832,1,follower,manual,-0.0504823699593544,0.8563413619995117,0.7593826055526733,0,1,1,0.0504823699593544,0.14365863800048828,0.24061739444732666,0,0,0,0,,,,,,,
1754558966.0537274,0,leader,manual,0.06516903638839722,0.846572756767273,-0.002472915221005678,0,1,0,-0.06516903638839722,0.15342724323272705,0.002472915221005678,0,0,0,0,1.0,0.0,0.0,0.0,0.0,0.0,0.0
1754558966.1540315,1,follower,manual,-0.0504823699593544,0.8563413619995117,0.7593826055526733,0,1,1,0.0504823699593544,0.14365863800048828,0.24061739444732666,0,0,0,0,1.0,0.0,0.0,0.0,0.0,0.0,0.0
1754558966.1544611,0,follower,manual,0.06243237480521202,0.8563443422317505,-0.01174381747841835,0,1,0,-0.06243237480521202,0.1436556577682495,0.01174381747841835,0,0,0,0,,,,,,,
1754558966.2546544,1,follower,manual,-0.06145564839243889,0.8615530729293823,0.7570945024490356,0,1,1,0.06145564839243889,0.13844692707061768,0.24290549755096436,0,0,0,0,,,,,,,
1754558966.360115,0,leader,manual,0.06243237480521202,0.8563443422317505,-0.01174381747841835,0,1,0,-0.06243237480521202,0.1436556577682495,0.01174381747841835,0,0,0,0,1.0,0.0,0.0,0.0,0.0,0.0,0.0
1754558966.460455,1,follower,manual,-0.06145564839243889,0.8615530729293823,0.7570945024490356,0,1,1,0.06145564839243889,0.13844692707061768,0.24290549755096436,0,0,0,0,1.0,0.0,0.0,0.0,0.0,0.0,0.0
1754558966.4611933,0,follower,manual,0.05537261813879013,0.8581054210662842,-0.018202366307377815,0,1,0,-0.05537261813879013,0.14189457893371582,0.018202366307377815,0,0,0,0,,,,,,,
1754558966.5615008,1,follower,manual,-0.07091224193572998,0.8706867694854736,0.7541726231575012,0,1,1,0.07091224193572998,0.12931323051452637,0.24582737684249878,0,0,0,0,,,,,,,
1754558966.6627388,0,leader,manual,0.05537261813879013,0.8581054210662842,-0.018202366307377815,0,1,0,-0.05537261813879013,0.14189457893371582,0.018202366307377815,0,0,0,0,1.0,0.0,0.0,0.0,0.0,0.0,0.0
1754558966.7630932,1,follower,manual,-0.07091224193572998,0.8706867694854736,0.7541726231575012,0,1,1,0.07091224193572998,0.12931323051452637,0.24582737684249878,0,0,0,0,1.0,0.0,0.0,0.0,0.0,0.0,0.0
1754558966.7641592,0,follower,auto,0.047084320336580276,0.8552200794219971,-0.023242855444550514,0,1,0,-0.047084320336580276,0.14477992057800293,0.023242855444550514,2.012897527217865,-4.075984806567431,14.462636187300086,0,,,,,,,
1754558966.8646264,1,follower,auto,-0.07955702394247055,0.8767159581184387,0.7478174567222595,0.0,1.0,1.0,0.07955702394247055,0.12328404188156128,0.2521825432777405,19.987102472782134,7.075984806567431,12.137363812699913,0,,,,,,,
1754558967.0074072,0,leader,auto,0.047084320336580276,0.8552200794219971,-0.023242855444550514,0,1,0,-0.047084320336580276,0.14477992057800293,0.023242855444550514,0,0,0,0,0.8,0.047084320336580276,0.8552200794219971,-0.023242855444550514,0.023542160168290138,0.42761003971099854,-0.011621427722275257
1754558967.1077638,1,follower,auto,-0.07955702394247055,0.8767159581184387,0.7478174567222595,0.0,1.0,1.0,0.07955702394247055,0.12328404188156128,0.2521825432777405,0,0,0,0,0.8,-0.07955702394247055,0.8767159581184387,0.7478174567222595,-0.039778511971235275,0.43835797905921936,0.37390872836112976
1754558967.1082654,0,follower,auto,0.03886428847908974,0.8519061803817749,-0.030019525438547134,0,1,0,-0.03886428847908974,0.1480938196182251,0.030019525438547134,3.0288575649261475,-3.042929772287607,14.49118641577661,0,,,,,,,
1754558967.2085464,1,follower,auto,-0.09022555500268936,0.8768048286437988,0.7411878108978271,0.0,1.0,1.0,0.09022555500268936,0.12319517135620117,0.25881218910217285,19.984687554836274,9.122261736541986,12.16512011066079,0,,,,,,,
1754558967.3238792,0,leader,auto,0.03886428847908974,0.8519061803817749,-0.030019525438547134,0,1,0,-0.03886428847908974,0.1480938196182251,0.030019525438547134,0,0,0,0,0.95,0.00795024108067155,0.3624178375840187,-0.03123373402245343,0.03488916793875396,0.6706972615897655,-0.014402658427320419
1754558967.4242175,1,follower,auto,-0.09022555500268936,0.8768048286437988,0.7411878108978271,0.0,1.0,1.0,0.09022555500268936,0.12319517135620117,0.25881218910217285,0,0,0,0,0.9048374180359595,-0.037802066548913715,0.3570896300435066,0.3027944967534393,-0.0713245217282325,0.6982600136220456,0.5897905625211075
1754558967.4245691,0,follower,auto,0.0325368195772171,0.8624972105026245,-0.04421116039156914,0,1,0,-0.0325368195772171,0.1375027894973755,0.04421116039156914,3.9726072359085083,-3.0431791220605375,13.540836754105985,0,,,,,,,
1754558967.524918,1,follower,auto,-0.10098273307085037,0.8840206265449524,0.7436109781265259,0.0,1.0,1.0,0.10098273307085037,0.11597937345504761,0.2563890218734741,19.956667622327803,10.138734228610993,11.125482768267393,0,,,,,,,
1754558967.62945,0,leader,auto,0.0325368195772171,0.8624972105026245,-0.04421116039156914,0,1,0,-0.0325368195772171,0.1375027894973755,0.04421116039156914,0,0,0,0,1.0,-0.013323682239599524,0.10152353963029392,-0.05494896330463515,0.039198660697016864,0.8117354406874775,-0.01673667873925156
1754558967.7297928,1,follower,auto,-0.10098273307085037,0.8840206265449524,0.7436109781265259,0.0,1.0,1.0,0.10098273307085037,0.11597937345504761,0.2563890218734741,0,0,0,0,0.75,-0.005244828465111553,0.05942243172395223,0.05597509493875874,-0.0983603188382946,0.8543094106829763,0.7156234306571465
1754558967.730173,0,follower,auto,0.027593538165092468,0.878244936466217,-0.0662885308265686,0,1,0,-0.027593538165092468,0.12175506353378296,0.0662885308265686,5.932150659799576,-2.0513666027635336,12.607432671312242,0,,,,,,,
1754558967.8304822,1,follower,auto,-0.11108674108982086,0.8955501914024353,0.7574859261512756,0.0,1.0,1.0,0.11108674108982086,0.1044498085975647,0.24251407384872437,19.9320671762228,11.14323175033927,10.04691335952282,0,,,,,,,
1754558967.9350052,0,leader,auto,0.027593538165092468,0.878244936466217,-0.0662885308265686,0,1,0,-0.027593538165092468,0.12175506353378296,0.0662885308265686,0,0,0,0,1.0,-0.024686977775275634,-0.03484616851385469,-0.08438672275048499,0.039937027052730285,0.8956680207231444,-0.024095169451326108
1754558968.0353377,1,follower,auto,-0.11108674108982086,0.8955501914024353,0.7574859261512756,0.0,1.0,1.0,0.11108674108982086,0.1044498085975647,0.24251407384872437,0,0,0,0,0.9,0.022192832847148847,-0.10921363832249997,-0.07102656458651102,-0.12218315751339529,0.9501570105636853,0.7929992084445312
1754558968.0359366,0,follower,auto,0.02617919258773327,0.8933293223381042,-0.09739871323108673,0,1,0,-0.02617919258773327,0.10667067766189575,0.09739871323108673,8.9219214063406,-2.0740483779862524,10.692483137823269,0,,,,,,,
1754558968.136214,1,follower,auto,-0.12305597215890884,0.9079052805900574,0.7823845744132996,0.0,1.0,1.0,0.12305597215890884,0.09209471940994263,0.21761542558670044,19.922098149216175,12.157818944174052,8.949909114825726,0,,,,,,,
1754558968.240649,0,leader,auto,0.02617919258773327,0.8933293223381042,-0.09739871323108673,0,1,0,-0.02617919258773327,0.10667067766189575,0.09739871323108673,0,0,0,0,1.0,-0.027162967866842497,-0.10718728154146406,-0.11483877652170688,0.03976067652115452,0.9469229631088363,-0.03997932497023329
1754558968.34093,1,follower,auto,-0.12305597215890884,0.9079052805900574,0.7823845744132996,0.0,1.0,1.0,0.12305597215890884,0.09209471940994263,0.21761542558670044,0,0,0,0,1.0,0.04363617390420041,-0.2049932615092347,-0.12857874795033886,-0.14487405911100903,1.0104019113446747,0.846673948388469
1754558968.341306,0,follower,auto,0.02445085160434246,0.9045183658599854,-0.12987248599529266,0,1,0,-0.02445085160434246,0.09548163414001465,0.12987248599529266,11.935039868996144,-2.0839751222105325,9.749233051472045,0,,,,,,,
1754558968.4416718,1,follower,auto,-0.13535243272781372,0.9179868698120117,0.8092262744903564,0.0,1.0,1.0,0.13535243272781372,0.08201313018798828,0.19077372550964355,18.92882934014678,13.168010458586513,7.8871393296086785,0,,,,,,,
1754558968.5465608,0,leader,auto,0.02445085160434246,0.9045183658599854,-0.12987248599529266,0,1,0,-0.02445085160434246,0.09548163414001465,0.12987248599529266,0,0,0,0,1.0,-0.028887598945964814,-0.14867199210371296,-0.1340821625483094,0.03889465107732487,0.9788543619118418,-0.06283140472113796
1754558968.6468303,1,follower,auto,-0.13535243272781372,0.9179868698120117,0.8092262744903564,0.0,1.0,1.0,0.13535243272781372,0.08201313018798828,0.19077372550964355,0,0,0,0,1.0,0.0631339017037893,-0.2607291429118397,-0.15536118457552173,-0.16691938357970837,1.0483514412679316,0.8869068667781173
1754558968.6472695,0,follower,auto,0.022976187989115715,0.9174214601516724,-0.15658897161483765,0,1,0,-0.022976187989115715,0.08257853984832764,0.15658897161483765,14.928457429124594,-2.091772991482064,8.76370549062882,0,,,,,,,
1754558968.7475944,1,follower,auto,-0.14625486731529236,0.9250261187553406,0.836351215839386,0.0,1.0,1.0,0.14625486731529236,0.07497388124465942,0.163648784160614,15.946945492031217,14.16896740484622,6.845490709631562,0,,,,,,,
1754558968.8532646,0,leader,auto,0.022976187989115715,0.9174214601516724,-0.15658897161483765,0,1,0,-0.022976187989115715,0.08257853984832764,0.15658897161483765,0,0,0,0,1.0,-0.029558080313354905,-0.16922829703676778,-0.1383100500900401,0.03775522814579317,1.0020356086700564,-0.08743394656981758
1754558968.9536602,1,follower,auto,-0.14625486731529236,0.9250261187553406,0.836351215839386,0.0,1.0,1.0,0.14625486731529236,0.07497388124465942,0.163648784160614,0,0,0,0,1.0,0.08302542892433126,-0.29231721322808557,-0.16548101802546267,-0.187767581777458,1.0711847253693834,0.9190917248521173
1754558968.9541228,0,follower,auto,0.0181462150067091,0.92855304479599,-0.1743401288986206,0,1,0,-0.0181462150067091,0.07144695520401001,0.1743401288986206,16.932280370626952,-1.0791987506862417,7.74743145900963,0,,,,,,,
1754558969.0544345,1,follower,auto,-0.15254433453083038,0.9316607713699341,0.8631501793861389,0.0,1.0,1.0,0.15254433453083038,0.06833922863006592,0.13684982061386108,12.955722309232366,15.149058723526856,5.817326614764011,0,,,,,,,
1754558969.1587198,0,leader,auto,0.0181462150067091,0.92855304479599,-0.1743401288986206,0,1,0,-0.0181462150067091,0.07144695520401001,0.1743401288986206,0,0,0,0,1.0,-0.033271337733777044,-0.1843604357872155,-0.13054066750946947,0.034781883873597624,1.0207332626895977,-0.10906979514388586
1754558969.2589998,1,follower,auto,-0.15254433453083038,0.9316607713699341,0.8631501793861389,0.0,1.0,1.0,0.15254433453083038,0.06833922863006592,0.13684982061386108,0,0,0,0,1.0,0.10594134728668592,-0.30400058528100926,-0.1661287320005589,-0.20551500817417334,1.0836610640104387,0.9462145453864184
1754558969.2594016,0,follower,auto,0.014334476552903652,0.9351675510406494,-0.1792782098054886,0,1,0,-0.014334476552903652,0.06483244895935059,0.1792782098054886,16.95430956632915,-1.0791898233314137,6.700142877691979,0,,,,,,,
1754558969.3597648,1,follower,auto,-0.155938521027565,0.9401105046272278,0.8905913829803467,0.0,1.0,1.0,0.155938521027565,0.05988949537277222,0.10940861701965332,9.94882143172044,15.130412699975867,4.794771429153286,0,,,,,,,
1754558969.4657292,0,leader,auto,0.014334476552903652,0.9351675510406494,-0.1792782098054886,0,1,0,-0.014334476552903652,0.06483244895935059,0.1792782098054886,0,0,0,0,1.0,-0.032859937024708796,-0.2004706334276194,-0.11245248457561595,0.03076444506525805,1.035402867754459,-0.1230519675176806
1754558969.5663972,1,follower,auto,-0.155938521027565,0.9401105046272278,0.8905913829803467,0.0,1.0,1.0,0.155938521027565,0.05988949537277222,0.10940861701965332,0,0,0,0,1.0,0.12802775160012547,-0.29970287200433243,-0.15999866431537701,-0.21995239682762774,1.089961940629394,0.9705907151380352
1754558969.5673416,0,follower,auto,0.009889825247228146,0.9398278594017029,-0.18023882806301117,0,1,0,-0.009889825247228146,0.06017214059829712,0.18023882806301117,17.97274186000533,-0.07616237772985637,6.677237621067165,0,,,,,,,
1754558969.6677394,1,follower,auto,-0.15964701771736145,0.9513478875160217,0.9126556515693665,0.0,1.0,1.0,0.15964701771736145,0.04865211248397827,0.08734434843063354,7.93142713616019,15.125772462304175,3.8026013395941267,0,,,,,,,
1754558969.7719185,0,leader,auto,0.009889825247228146,0.9398278594017029,-0.18023882806301117,0,1,0,-0.009889825247228146,0.06017214059829712,0.18023882806301117,0,0,0,0,1.0,-0.032066143753646525,-0.21340129535782304,-0.09825939941674265,0.02592289712405141,1.0465285070806143,-0.13110912835463984
1754558969.8722706,1,follower,auto,-0.15964701771736145,0.9513478875160217,0.9126556515693665,0.0,1.0,1.0,0.15964701771736145,0.04865211248397827,0.08734434843063354,0,0,0,0,1.0,0.14492511365175054,-0.2837359861259112,-0.1559054304050509,-0.23210957454323672,1.0932158805789773,0.9906083667718919
1754558969.8726845,0,follower,auto,0.007850456982851028,0.9486131072044373,-0.18145506083965302,0,1,0,-0.007850456982851028,0.051386892795562744,0.18145506083965302,17.959110901908,-0.08468979550073844,5.67454959098047,0,,,,,,,
1754558969.9729507,1,follower,auto,-0.1603546440601349,0.9590464234352112,0.9235301613807678,0.0,1.0,1.0,0.1603546440601349,0.04095357656478882,0.07646983861923218,6.942907905309574,16.111110198223066,3.848837333671928,0,,,,,,,
1754558970.1293166,0,leader,auto,0.007850456982851028,0.9486131072044373,-0.18145506083965302,0,1,0,-0.007850456982851028,0.051386892795562744,0.18145506083965302,0,0,0,0,1.0,-0.027095496391791596,-0.21877633806620156,-0.09121755101832044,0.021398205178746826,1.0580012762375381,-0.1358462853304928
1754558970.229635,1,follower,auto,-0.1603546440601349,0.9590464234352112,0.9235301613807678,0.0,1.0,1.0,0.1603546440601349,0.04095357656478882,0.07646983861923218,0,0,0,0,1.0,0.16135567953126767,-0.2673612982636513,-0.15793779343874692,-0.24103248382576872,1.0927270725670368,1.0024990581001414
1754558970.2300591,0,follower,auto,0.0021530857775360346,0.9533302783966064,-0.17611822485923767,0,1,0,-0.0021530857775360346,0.046669721603393555,0.17611822485923767,16.969853178905225,-0.07017360971173733,4.6405157370673,0,,,,,,,
1754558970.3303702,1,follower,auto,-0.16280116140842438,0.9596803188323975,0.922986626625061,0.0,1.0,1.0,0.16280116140842438,0.04031968116760254,0.07701337337493896,6.978277983584754,16.112304062453575,3.9163684751846435,0,,,,,,,
1754558970.4347682,0,leader,auto,0.0021530857775360346,0.9533302783966064,-0.17611822485923767,0,1,0,-0.0021530857775360346,0.046669721603393555,0.17611822485923767,0,0,0,0,1.0,-0.026456180699877336,-0.22817670326823003,-0.08043287908175017,0.015381176127474703,1.0674186300307213,-0.13590178531836258
1754558970.5350556,1,follower,auto,-0.16280116140842438,0.9596803188323975,0.922986626625061,0.0,1.0,1.0,0.16280116140842438,0.04031968116760254,0.07701337337493896,0,0,0,0,1.0,0.17264828409654454,-0.2544662118813785,-0.16316521131566275,-0.24912530345669665,1.0869134247730867,1.0045692322828925
1754558970.535446,0,follower,auto,-0.0032775902654975653,0.9546098113059998,-0.17021113634109497,0,1,0,0.0032775902654975653,0.045390188694000244,0.17021113634109497,16.98655395515167,-0.06604364914033888,4.620037213066411,0,,,,,,,
1754558970.6358101,1,follower,auto,-0.16576454043388367,0.9581348896026611,0.9140074253082275,0.0,1.0,1.0,0.16576454043388367,0.04186511039733887,0.08599257469177246,7.999002158140764,16.11393781625056,3.979930924363674,0,,,,,,,
1754558970.7409885,0,leader,auto,-0.0032775902654975653,0.9546098113059998,-0.17021113634109497,0,1,0,0.0032775902654975653,0.045390188694000244,0.17021113634109497,0,0,0,0,1.0,-0.024088068652359136,-0.23731200810214914,-0.07348050477708248,0.008766444060682003,1.0732658153570744,-0.13347088395255374
1754558970.8413286,1,follower,auto,-0.16576454043388367,0.9581348896026611,0.9140074253082275,0.0,1.0,1.0,0.16576454043388367,0.04186511039733887,0.08599257469177246,0,0,0,0,1.0,0.18180464887770864,-0.239363636469053,-0.16670939049833566,-0.256666864872738,1.0778167078371876,0.9973621205573954
1754558970.8417108,0,follower,auto,-0.008588386699557304,0.9536117911338806,-0.16168856620788574,0,1,0,0.008588386699557304,0.046388208866119385,0.16168856620788574,16.001668123028885,-0.06454162231876426,4.591523126095292,0,,,,,,,
1754558970.9419875,1,follower,auto,-0.16905759274959564,0.9571864008903503,0.8990882635116577,0.0,1.0,1.0,0.16905759274959564,0.04281359910964966,0.10091173648834229,10.002174048273451,16.115046037200873,4.035333000119848,0,,,,,,,
1754558971.0465217,0,leader,auto,-0.008588386699557304,0.9536117911338806,-0.16168856620788574,0,1,0,0.008588386699557304,0.046388208866119385,0.16168856620788574,0,0,0,0,1.0,-0.02116401186310138,-0.24453192698862258,-0.06686523788835273,0.001993619231993383,1.075877754628192,-0.12825594726370937
1754558971.1467924,1,follower,auto,-0.16905759274959564,0.9571864008903503,0.8990882635116577,0.0,1.0,1.0,0.16905759274959564,0.04281359910964966,0.10091173648834229,0,0,0,0,1.0,0.18944077037284895,-0.2224589558507717,-0.16673171415888843,-0.2637779779360201,1.068415878815736,0.9824541205911019
1754558971.147159,0,follower,auto,-0.013533024117350578,0.9486099481582642,-0.15046371519565582,0,1,0,0.013533024117350578,0.05139005184173584,0.15046371519565582,15.025456009990636,0.935589577870685,5.557072068253087,0,,,,,,,
1754558971.347563,1,follower,auto,-0.1713661402463913,0.9562620520591736,0.8790351748466492,0.0,1.0,1.0,0.1713661402463913,0.043737947940826416,0.12096482515335083,12.000586646988596,17.11002512323522,4.088063367753125,0,,,,,,,
1754558971.4644248,0,leader,auto,-0.013533024117350578,0.9486099481582642,-0.15046371519565582,0,1,0,0.013533024117350578,0.05139005184173584,0.15046371519565582,0,0,0,0,1.0,-0.0179188852441077,-0.25103014246918187,-0.060766280038877796,-0.004573581495296729,1.074125019392855,-0.12008057517621692
1754558971.5647204,1,follower,auto,-0.1713661402463913,0.9562620520591736,0.8790351748466492,0.0,1.0,1.0,0.1713661402463913,0.043737947940826416,0.12096482515335083,0,0,0,0,1.0,0.19709752805043684,-0.2084125227992164,-0.1642409158666014,-0.2699149042716097,1.0604683134587818,0.9611556327799499
1754558971.5651402,0,follower,auto,-0.01725565455853939,0.9408876299858093,-0.13579148054122925,0,1,0,0.01725565455853939,0.059112370014190674,0.13579148054122925,13.046752912606795,0.9335136271989698,5.515472503304162,0,,,,,,,
1754558971.6654816,1,follower,auto,-0.1692694127559662,0.9543205499649048,0.8563486337661743,0.0,1.0,1.0,0.1692694127559662,0.045679450035095215,0.14365136623382568,14.001647929607214,16.086999575526008,4.131728214487104,0,,,,,,,
1754558971.8120456,0,leader,auto,-0.01725565455853939,0.9408876299858093,-0.13579148054122925,0,1,0,0.01725565455853939,0.059112370014190674,0.13579148054122925,0,0,0,0,1.0,-0.012884403413048175,-0.25445307144344764,-0.0555728499374753,-0.010813452852015303,1.068114165707533,-0.1080050555724916
1754558971.9123247,1,follower,auto,-0.1692694127559662,0.9543205499649048,0.8563486337661743,0.0,1.0,1.0,0.1692694127559662,0.045679450035095215,0.14365136623382568,0,0,0,0,1.0,0.2086443800361562,-0.19981816958757426,-0.15822016839301511,-0.27359160277404426,1.054229634758692,0.9354587179626819
1754558971.9126844,0,follower,auto,-0.015423833392560482,0.9386753439903259,-0.1336866021156311,0,1,0,0.015423833392560482,0.06132465600967407,0.1336866021156311,13.030687108876108,0.9093441389866577,6.558982231557273,0,,,,,,,
1754558972.012936,1,follower,auto,-0.1660551279783249,0.9549879431724548,0.8525903820991516,0.0,1.0,1.0,0.1660551279783249,0.045012056827545166,0.1474096179008484,13.990321693497414,16.07561617686763,4.06212215139409,0,,,,,,,
1754558972.118783,0,leader,auto,-0.015423833392560482,0.9386753439903259,-0.1336866021156311,0,1,0,0.015423833392560482,0.06132465600967407,0.1336866021156311,0,0,0,0,1.0,-0.00297728902423835,-0.24588954166517452,-0.06716886412328338,-0.013935188880441308,1.0616201148229132,-0.10010217005398941
1754558972.2191727,1,follower,auto,-0.1660551279783249,0.9549879431724548,0.8525903820991516,0.0,1.0,1.0,0.1660551279783249,0.045012056827545166,0.1474096179008484,0,0,0,0,1.0,0.21701725628922713,-0.19292647373841154,-0.12933782166974583,-0.2745637561229385,1.0514511800416606,0.9172592929340245
1754558972.2197173,0,follower,auto,-0.011831688694655895,0.9347398281097412,-0.1362934410572052,0,1,0,0.011831688694655895,0.06526017189025879,0.1362934410572052,13.037321440947592,0.8946419942302378,6.59908519576189,0,,,,,,,
1754558972.3200958,1,follower,auto,-0.16214480996131897,0.9589438438415527,0.8603259921073914,0.0,1.0,1.0,0.16214480996131897,0.041056156158447266,0.13967400789260864,12.96889558365271,16.069335757123426,3.985705280643523,0,,,,,,,
1754558972.4242785,0,leader,auto,-0.011831688694655895,0.9347398281097412,-0.1362934410572052,0,1,0,0.011831688694655895,0.06526017189025879,0.1362934410572052,0,0,0,0,1.0,0.004854346072775583,-0.23914942585345322,-0.0795357503262871,-0.014258861731043687,1.0543145410364678,-0.09652556589406167
1754558972.5245578,1,follower,auto,-0.16214480996131897,0.9589438438415527,0.8603259921073914,0.0,1.0,1.0,0.16214480996131897,0.041056156158447266,0.13967400789260864,0,0,0,0,1.0,0.22278413589174906,-0.18667758688409086,-0.09841126126736066,-0.2735368779071935,1.0522826372835983,0.9095316227410717
1754558972.5249374,0,follower,auto,-0.01117652002722025,0.9320581555366516,-0.13864831626415253,0,1,0,0.01117652002722025,0.06794184446334839,0.13864831626415253,13.034702925852699,0.9040080844550691,6.617199200958601,0,,,,,,,
1754558972.6252112,1,follower,auto,-0.15899179875850677,0.9597251415252686,0.8729761242866516,0.0,1.0,1.0,0.15899179875850677,0.040274858474731445,0.1270238757133484,11.975143756062762,15.069190885495988,3.9349978626793085,0,,,,,,,
1754558972.731454,0,leader,auto,-0.01117652002722025,0.9320581555366516,-0.13864831626415253,0,1,0,0.01117652002722025,0.06794184446334839,0.13864831626415253,0,0,0,0,1.0,0.006388025359949555,-0.23082238627130347,-0.08649881236608395,-0.014370532707195027,1.0474693486723035,-0.09539891008111054
1754558972.8317497,1,follower,auto,-0.15899179875850677,0.9597251415252686,0.8729761242866516,0.0,1.0,1.0,0.15899179875850677,0.040274858474731445,0.1270238757133484,0,0,0,0,1.0,0.2253847151235172,-0.18662921094407903,-0.07513037588707583,-0.2716841563202654,1.053039746997308,0.9105413122301895
1754558972.8321083,0,follower,auto,-0.013430138118565083,0.9293144941329956,-0.14403800666332245,0,1,0,0.013430138118565083,0.0706855058670044,0.14403800666332245,14.033534148029018,0.9215936838780153,7.644521464577493,0,,,,,,,
1754558972.9323974,1,follower,auto,-0.15623128414154053,0.9569477438926697,0.887324333190918,0.0,1.0,1.0,0.15623128414154053,0.04305225610733032,0.11267566680908203,10.99260830449789,15.068237041699692,3.9035118767924746,0,,,,,,,
1754558973.0383117,0,leader,auto,-0.013430138118565083,0.9293144941329956,-0.14403800666332245,0,1,0,0.013430138118565083,0.0706855058670044,0.14403800666332245,0,0,0,0,1.0,0.004702924554014661,-0.22359799119765644,-0.09357744091353773,-0.015781600395572415,1.0411134897318237,-0.09724928620655358
1754558973.138654,1,follower,auto,-0.15623128414154053,0.9569477438926697,0.887324333190918,0.0,1.0,1.0,0.15623128414154053,0.04305225610733032,0.11267566680908203,0,0,0,0,1.0,0.22558476898040514,-0.1890748172803649,-0.060467728022511325,-0.2690236686317431,1.0514851525328521,0.9175581972021736
1754558973.1389909,0,follower,auto,-0.010270172730088234,0.9288787841796875,-0.15632107853889465,0,1,0,0.010270172730088234,0.0711212158203125,0.15632107853889465,15.020855681506255,0.9035452534204516,7.69440642734503,0,,,,,,,
1754558973.239244,1,follower,auto,-0.1525455117225647,0.9521111845970154,0.9021894335746765,0.0,1.0,1.0,0.1525455117225647,0.04788881540298462,0.09781056642532349,9.00913058509746,15.06465186546156,3.879159055331577,0,,,,,,,
1754558973.341931,0,leader,auto,-0.010270172730088234,0.9288787841796875,-0.15632107853889465,0,1,0,0.010270172730088234,0.0711212158203125,0.15632107853889465,0,0,0,0,1.0,0.00986634659596589,-0.21605951697467796,-0.10510423726429674,-0.015203346028071179,1.0369085426670264,-0.10376895990674628
1754558973.4422233,1,follower,auto,-0.1525455117225647,0.9521111845970154,0.9021894335746765,0.0,1.0,1.0,0.1525455117225647,0.04788881540298462,0.09781056642532349,0,0,0,0,1.0,0.22588735692393003,-0.19011415320643565,-0.05229028352595355,-0.2654891901845297,1.047168261200233,0.9283345753376533
1754558973.4426136,0,follower,auto,-0.008971652016043663,0.9325111508369446,-0.1649463027715683,0,1,0,0.008971652016043663,0.06748884916305542,0.1649463027715683,15.995747970464068,-0.0932780626208844,6.703811966002391,0,,,,,,,
1754558973.5429637,1,follower,auto,-0.14980067312717438,0.9473928809165955,0.9180470108985901,0.0,1.0,1.0,0.14980067312717438,0.05260711908340454,0.08195298910140991,8.01780884501433,14.066755089185861,4.857881795817383,0,,,,,,,
1754558973.6521347,0,leader,auto,-0.008971652016043663,0.9325111508369446,-0.1649463027715683,0,1,0,0.008971652016043663,0.06748884916305542,0.1649463027715683,0,0,0,0,1.0,0.010799513934212062,-0.20811889274590234,-0.10754689761562194,-0.014371408983149694,1.0365705972098957,-0.11117285396375733
1754558973.752578,1,follower,auto,-0.14980067312717438,0.9473928809165955,0.9180470108985901,0.0,1.0,1.0,0.14980067312717438,0.05260711908340454,0.08195298910140991,0,0,0,0,1.0,0.22435025395289343,-0.18621670541488355,-0.04742792354603442,-0.2619758001036211,1.0405012336240373,0.9417609726716073
1754558973.7539597,0,follower,auto,-0.011079851537942886,0.9394809603691101,-0.16938480734825134,0,1,0,0.011079851537942886,0.06051903963088989,0.16938480734825134,15.96894782272644,0.9254847257125002,6.696118698603036,0,,,,,,,
1754558973.8551967,1,follower,auto,-0.14563904702663422,0.9431065320968628,0.9327355027198792,0.0,1.0,1.0,0.14563904702663422,0.05689346790313721,0.06726449728012085,6.023848686924862,14.057933990626701,4.849339483515552,0,,,,,,,
1754558973.9588842,0,leader,auto,-0.011079851537942886,0.9394809603691101,-0.16938480734825134,0,1,0,0.011079851537942886,0.06051903963088989,0.16938480734825134,0,0,0,0,1.0,0.007010133329375626,-0.20223856323485712,-0.1037570372682028,-0.0145849182026307,1.0406002419865388,-0.11750628871414995
1754558974.0592463,1,follower,auto,-0.14563904702663422,0.9431065320968628,0.9327355027198792,0.0,1.0,1.0,0.14563904702663422,0.05689346790313721,0.06726449728012085,0,0,0,0,1.0,0.22336072728500833,-0.1788186661243929,-0.04770375620629441,-0.2573194106691384,1.0325158651590591,0.9565873808230263
1754558974.0600567,0,follower,auto,-0.010478556156158447,0.9441638588905334,-0.17360621690750122,0,1,0,0.010478556156158447,0.05583614110946655,0.17360621690750122,16.964038921259842,0.9215719488646872,5.697720929409898,0,,,,,,,
1754558974.1603885,1,follower,auto,-0.14009302854537964,0.9336227774620056,0.942288875579834,0.0,1.0,1.0,0.14009302854537964,0.06637722253799438,0.057711124420166016,5.053963627311971,14.047634947812309,5.8635222793627175,0,,,,,,,
1754558974.2629163,0,leader,auto,-0.010478556156158447,0.9441638588905334,-0.17360621690750122,0,1,0,0.010478556156158447,0.05583614110946655,0.17360621690750122,0,0,0,0,1.0,0.008259713323297276,-0.20339755788636316,-0.1010781381668889,-0.014608412817807085,1.045862637833715,-0.12306714782405677
1754558974.3631964,1,follower,auto,-0.14009302854537964,0.9336227774620056,0.942288875579834,0.0,1.0,1.0,0.14009302854537964,0.06637722253799438,0.057711124420166016,0,0,0,0,1.0,0.2226730394124563,-0.17382359435248929,-0.05448686804683356,-0.2514295482516078,1.0205345746382504,0.9695323096032508
1754558974.3635771,0,follower,auto,-0.009378492832183838,0.9440611004829407,-0.1744644045829773,0,1,0,0.009378492832183838,0.055938899517059326,0.1744644045829773,16.97590284134835,-0.07814805247228483,5.685442285664629,0,,,,,,,
1754558974.4639134,1,follower,auto,-0.13159511983394623,0.9179980754852295,0.94784015417099,0.0,1.0,1.0,0.13159511983394623,0.08200192451477051,0.05215984582901001,5.095553256837543,13.02859863892667,7.8832196951213,0,,,,,,,
1754558974.5694866,0,leader,auto,-0.009378492832183838,0.9440611004829407,-0.1744644045829773,0,1,0,0.009378492832183838,0.055938899517059326,0.1744644045829773,0,0,0,0,1.0,0.00972666327868215,-0.21148892201034664,-0.09499771799018583,-0.014241824471524913,1.0498055614881139,-0.12696554558788437
1754558974.669788,1,follower,auto,-0.13159511983394623,0.9179980754852295,0.94784015417099,0.0,1.0,1.0,0.13159511983394623,0.08200192451477051,0.05215984582901001,0,0,0,0,1.0,0.22374160789529945,-0.1703533178310943,-0.06392995975198623,-0.24346592378159596,1.0031747344007766,0.9798051340469831
1754558974.6701562,0,follower,auto,-0.011473473161458969,0.9432117342948914,-0.17452502250671387,0,1,0,0.011473473161458969,0.05678826570510864,0.17452502250671387,16.975526125985056,0.940081526524302,5.6766869964980335,0,,,,,,,
1754558974.7704766,1,follower,auto,-0.12359341979026794,0.9007060527801514,0.946832537651062,0.0,1.0,1.0,0.12359341979026794,0.09929394721984863,0.05316746234893799,5.122104536821847,12.02024542661152,8.918398182401136,0,,,,,,,
1754558974.8793976,0,leader,auto,-0.011473473161458969,0.9432117342948914,-0.17452502250671387,0,1,0,0.011473473161458969,0.05678826570510864,0.17452502250671387,0,0,0,0,1.0,0.00650608012114481,-0.21845289015341884,-0.09019554017644643,-0.014726513222031374,1.0524381793716007,-0.12942725241849065
1754558974.9797482,1,follower,auto,-0.12359341979026794,0.9007060527801514,0.946832537651062,0.0,1.0,1.0,0.12359341979026794,0.09929394721984863,0.05316746234893799,0,0,0,0,1.0,0.2211463695552216,-0.16345632130735965,-0.0786185232281289,-0.23416660456787874,0.9824342134338312,0.9861417992651265
1754558974.9801283,0,follower,auto,-0.011651198379695415,0.9389426112174988,-0.17738376557826996,0,1,0,0.011651198379695415,0.06105738878250122,0.17738376557826996,16.986298395323058,0.9388180620779027,6.685821088039376,0,,,,,,,
1754558975.0804143,1,follower,auto,-0.11854191869497299,0.8857079744338989,0.9437039494514465,0.0,1.0,1.0,0.11854191869497299,0.11429202556610107,0.05629605054855347,5.123913049498321,11.028810165179198,10.937851256969296,0,,,,,,,
1754558975.2894838,0,leader,auto,-0.011651198379695415,0.9389426112174988,-0.17738376557826996,0,1,0,0.011651198379695415,0.06105738878250122,0.17738376557826996,0,0,0,0,1.0,0.0072976995714589925,-0.2270384549295439,-0.08995557560154302,-0.015300048165424912,1.0524618386822708,-0.13240597777749846
1754558975.3897252,1,follower,auto,-0.11854191869497299,0.8857079744338989,0.9437039494514465,0.0,1.0,1.0,0.11854191869497299,0.11429202556610107,0.05629605054855347,0,0,0,0,1.0,0.2134385509945454,-0.15139404073197316,-0.09149887820231983,-0.2252611941922457,0.9614049947998855,0.9894533885526064
1754558975.3900993,0,follower,auto,-0.006805100478231907,0.9288022518157959,-0.18331944942474365,0,1,0,0.006805100478231907,0.0711977481842041,0.18331944942474365,18.01380888138035,-0.08814345488892704,7.7002351805220535,0,,,,,,,
1754558975.4903896,1,follower,auto,-0.12126442044973373,0.8717149496078491,0.9356051683425903,0.0,1.0,1.0,0.12126442044973373,0.12828505039215088,0.06439483165740967,6.1206147658226255,12.069512819249905,11.965811275792934,0,,,,,,,
1754558975.6499088,0,leader,auto,-0.006805100478231907,0.9288022518157959,-0.18331944942474365,0,1,0,0.006805100478231907,0.0711977481842041,0.18331944942474365,0,0,0,0,1.0,0.013145311508391811,-0.23829608019217208,-0.09330146488494026,-0.013377756232427812,1.047950291911882,-0.1366687169822735
1754558975.7502418,1,follower,auto,-0.12126442044973373,0.8717149496078491,0.9356051683425903,0.0,1.0,1.0,0.12126442044973373,0.12828505039215088,0.06439483165740967,0,0,0,0,1.0,0.1978987504597126,-0.1388841771223377,-0.10744217838146297,-0.22021379567959004,0.941157038169018,0.9893262575333218
1754558975.7506993,0,follower,auto,0.0007799562299624085,0.9244682788848877,-0.18141600489616394,0,1,0,-0.0007799562299624085,0.0755317211151123,0.18141600489616394,17.999486664276777,-0.11523930280267213,7.6654493845895075,0,,,,,,,
1754558975.8510003,1,follower,auto,-0.1284562200307846,0.8692442774772644,0.9265502095222473,0.0,1.0,1.0,0.1284562200307846,0.1307557225227356,0.07344979047775269,7.069419939142387,12.107998432176963,12.984400912330393,0,,,,,,,
1754558975.9522524,0,leader,auto,0.0007799562299624085,0.9244682788848877,-0.18141600489616394,0,1,0,-0.0007799562299624085,0.0755317211151123,0.18141600489616394,0,0,0,0,1.0,0.017799761023112672,-0.23945158962061974,-0.08830441379016174,-0.008119924281593928,1.0441940736951976,-0.13726379800108307
1754558976.0525324,1,follower,auto,-0.1284562200307846,0.8692442774772644,0.9265502095222473,0.0,1.0,1.0,0.1284562200307846,0.1307557225227356,0.07344979047775269,0,0,0,0,1.0,0.1838761526530761,-0.11750561498931378,-0.12081486497161187,-0.22039429635732266,0.9279970849719212,0.9869576420080532
1754558976.052874,0,follower,auto,0.006123581901192665,0.9272761940956116,-0.17643073201179504,0,1,0,-0.006123581901192665,0.07272380590438843,0.17643073201179504,16.965049505037502,-0.11915188390654402,7.634116553586577,0,,,,,,,
1754558976.1531637,1,follower,auto,-0.13620871305465698,0.8723702430725098,0.9149922728538513,0.0,1.0,1.0,0.13620871305465698,0.12762975692749023,0.08500772714614868,8.030700176603174,13.127096865599928,12.008443723382308,0,,,,,,,
1754558976.2545228,0,leader,auto,0.006123581901192665,0.9272761940956116,-0.17643073201179504,0,1,0,-0.006123581901192665,0.07272380590438843,0.17643073201179504,0,0,0,0,1.0,0.016524332169088485,-0.2341253315840448,-0.08420820030626147,-0.0021385841833515776,1.044338859887634,-0.1343266318586643
1754558976.3547902,1,follower,auto,-0.13620871305465698,0.8723702430725098,0.9149922728538513,0.0,1.0,1.0,0.13620871305465698,0.12762975692749023,0.08500772714614868,0,0,0,0,1.0,0.175540828053398,-0.10006372308686207,-0.13453154647905685,-0.22397912708135598,0.9224021046159407,0.9822580460933797
1754558976.3551373,0,follower,auto,0.011545933783054352,0.9316472411155701,-0.16951212286949158,0,1,0,-0.011545933783054352,0.06835275888442993,0.16951212286949158,15.949360312164556,-1.1244662179682914,6.609600049651222,0,,,,,,,
1754558976.4553597,1,follower,auto,-0.14106504619121552,0.8788485527038574,0.9052868485450745,0.0,1.0,1.0,0.14106504619121552,0.12115144729614258,0.09471315145492554,9.003797294392161,14.124472433746034,12.014872657138632,0,,,,,,,
1754558976.5618982,0,leader,auto,0.011545933783054352,0.9316472411155701,-0.16951212286949158,0,1,0,-0.011545933783054352,0.06835275888442993,0.16951212286949158,0,0,0,0,1.0,0.014689488816965085,-0.23047534705067707,-0.08196629983852503,0.0042011893745718095,1.0468849146409087,-0.12852897295022905
1754558976.6621845,1,follower,auto,-0.14106504619121552,0.8788485527038574,0.9052868485450745,0.0,1.0,1.0,0.14106504619121552,0.12115144729614258,0.09471315145492554,0,0,0,0,1.0,0.17510856454273482,-0.08901667266005675,-0.1421286103430086,-0.22861932846258293,0.9233568890338858,0.9763511537165788
1754558976.6625266,0,follower,auto,0.02184334769845009,0.9361579418182373,-0.1727583110332489,0,1,0,-0.02184334769845009,0.0638420581817627,0.1727583110332489,16.947223747116546,-2.1533731361965613,6.64383012068169,0,,,,,,,
1754558976.7628665,1,follower,auto,-0.14524683356285095,0.8892526626586914,0.8952082395553589,0.0,1.0,1.0,0.14524683356285095,0.1107473373413086,0.10479176044464111,9.976081330088965,14.127689369446092,11.019475839399853,0,,,,,,,
1754558976.8683307,0,leader,auto,0.02184334769845009,0.9361579418182373,-0.1727583110332489,0,1,0,-0.02184334769845009,0.0638420581817627,0.1727583110332489,0,0,0,0,1.0,0.016494398739281588,-0.22832678711990173,-0.09188210597167208,0.013596148328809295,1.0503213353781882,-0.12681725804741287
1754558976.9690166,1,follower,auto,-0.14524683356285095,0.8892526626586914,0.8952082395553589,0.0,1.0,1.0,0.14524683356285095,0.1107473373413086,0.10479176044464111,0,0,0,0,1.0,0.17743385146808094,-0.082339977331356,-0.14836619688905128,-0.23396375929689142,0.9304226513243694,0.9693913379998845
1754558976.9702811,0,follower,auto,0.03584078326821327,0.9421579837799072,-0.18045593798160553,0,1,0,-0.03584078326821327,0.05784201622009277,0.18045593798160553,17.941192914349504,-3.1862659249675356,5.672555196916749,0,,,,,,,
1754558977.071004,1,follower,auto,-0.15006086230278015,0.8984630107879639,0.8850609064102173,0.0,1.0,1.0,0.15006086230278015,0.10153698921203613,0.11493909358978271,10.971914970430193,15.139990486257092,10.021385423500407,0,,,,,,,
1754558977.1756012,0,leader,auto,0.03584078326821327,0.9421579837799072,-0.18045593798160553,0,1,0,-0.03584078326821327,0.05784201622009277,0.18045593798160553,0,0,0,0,1.0,0.017788894306861012,-0.22672751454423468,-0.10150353052550953,0.026946336114782768,1.0555217410520246,-0.12970417271885076
1754558977.2759192,1,follower,auto,-0.15006086230278015,0.8984630107879639,0.8850609064102173,0.0,1.0,1.0,0.15006086230278015,0.10153698921203613,0.11493909358978271,0,0,0,0,1.0,0.17967157332914063,-0.08440767440946118,-0.15218755637466486,-0.23989664896735047,0.9406668479926945,0.9611546845975497
1754558977.276253,0,follower,auto,0.045301999896764755,0.9440554976463318,-0.18934766948223114,0,1,0,-0.045301999896764755,0.05594450235366821,0.18934766948223114,17.958592894465525,-4.179269499375584,5.685843573104051,0,,,,,,,
1754558977.3765209,1,follower,auto,-0.1498895138502121,0.9046213030815125,0.8748602867126465,0.0,1.0,1.0,0.1498895138502121,0.09537869691848755,0.12513971328735352,11.981505085096495,14.12493009442175,9.02252648805352,0,,,,,,,
1754558977.480384,0,leader,auto,0.045301999896764755,0.9440554976463318,-0.18934766948223114,0,1,0,-0.045301999896764755,0.05594450235366821,0.18934766948223114,0,0,0,0,1.0,0.009468434622991212,-0.23210067324789962,-0.10607565541482834,0.04056778258526915,1.0601058342702816,-0.13630984177481698
1754558977.5807137,1,follower,auto,-0.1498895138502121,0.9046213030815125,0.8748602867126465,0.0,1.0,1.0,0.1498895138502121,0.09537869691848755,0.12513971328735352,0,0,0,0,1.0,0.18833879180538504,-0.09355695654600571,-0.15351977914717474,-0.24405890975290462,0.9513997813545153,0.9516201762862339
1754558977.5813067,0,follower,auto,0.04995185136795044,0.9389600157737732,-0.1955607682466507,0,1,0,-0.04995185136795044,0.06103998422622681,0.1955607682466507,19.001756590244412,-4.154032725853968,6.6807666996391735,0,,,,,,,
1754558977.6817088,1,follower,auto,-0.14314310252666473,0.9150925874710083,0.8718993067741394,0.0,1.0,1.0,0.14314310252666473,0.0849074125289917,0.1281006932258606,11.957694433053058,14.08986660062994,7.99027544926039,0,,,,,,,
1754558977.7858202,0,leader,auto,0.04995185136795044,0.9389600157737732,-0.1955607682466507,0,1,0,-0.04995185136795044,0.06103998422622681,0.1955607682466507,0,0,0,0,1.0,-0.004345220299294447,-0.24349179410582789,-0.10394363281734775,0.05212446151759766,1.0607059128266871,-0.14358895183797682
1754558977.8861618,1,follower,auto,-0.14314310252666473,0.9150925874710083,0.8718993067741394,0.0,1.0,1.0,0.14314310252666473,0.0849074125289917,0.1281006932258606,0,0,0,0,1.0,0.2001886785825313,-0.09925112364520672,-0.14522239272211723,-0.2432374418179304,0.9647181492936117,0.944510503135198
1754558977.88669,0,follower,auto,0.05638689547777176,0.9328072667121887,-0.20240873098373413,0,1,0,-0.05638689547777176,0.06719273328781128,0.20240873098373413,20,-5.152798381973281,6.68811678019977,0,,,,,,,
1754558977.987033,1,follower,auto,-0.1341438889503479,0.926450788974762,0.8763715028762817,0.0,1.0,1.0,0.1341438889503479,0.07354921102523804,0.12362849712371826,11.93912163314811,13.068724662124293,6.943174084336852,0,,,,,,,
1754558978.0963116,0,leader,auto,0.05638689547777176,0.9328072667121887,-0.20240873098373413,0,1,0,-0.05638689547777176,0.06719273328781128,0.20240873098373413,0,0,0,0,1.0,-0.013316722426705008,-0.25220195272665435,-0.10291719789369619,0.06304525669112426,1.058908243075516,-0.15095013203688604
1754558978.1966681,1,follower,auto,-0.1341438889503479,0.926450788974762,0.8763715028762817,0.0,1.0,1.0,0.1341438889503479,0.07354921102523804,0.12362849712371826,0,0,0,0,1.0,0.20844308332372669,-0.10622140585843809,-0.1314652314276512,-0.23836543061221124,0.979561491903981,0.9421041185901073
1754558978.1971288,0,follower,auto,0.06572835147380829,0.9224879145622253,-0.20208698511123657,0,1,0,-0.06572835147380829,0.07751208543777466,0.20208698511123657,20,-6.164982699462466,7.665226145767618,0,,,,,,,
1754558978.2974863,1,follower,auto,-0.12461266666650772,0.9310160279273987,0.8884511590003967,0.0,1.0,1.0,0.12461266666650772,0.06898397207260132,0.11154884099960327,10.956301452331518,12.060495334732288,5.892075225207596,0,,,,,,,
1754558978.4015808,0,leader,auto,0.06572835147380829,0.9224879145622253,-0.20208698511123657,0,1,0,-0.06572835147380829,0.07751208543777466,0.20208698511123657,0,0,0,0,1.0,-0.019116689416299,-0.2630694984345805,-0.09471818474993043,0.0752866961819578,1.0540226637795156,-0.15472789273627136
1754558978.5020373,1,follower,auto,-0.12461266666650772,0.9310160279273987,0.8884511590003967,0.0,1.0,1.0,0.12461266666650772,0.06898397207260132,0.11154884099960327,0,0,0,0,1.0,0.21158000323131115,-0.12100313273922803,-0.11471979864284676,-0.2304026682821633,0.9915175942970127,0.9458110583218201
1754558978.503273,0,follower,auto,0.07696043699979782,0.9213182926177979,-0.19389966130256653,0,1,0,-0.07696043699979782,0.07868170738220215,0.19389966130256653,19.027495544346376,-7.178808712246624,7.627528268153503,0,,,,,,,
1754558978.6044009,1,follower,auto,-0.11704044044017792,0.9326865077018738,0.9038404226303101,0.0,1.0,1.0,0.11704044044017792,0.06731349229812622,0.09615957736968994,8.974588552001945,11.068484393467829,5.860640475897011,0,,,,,,,
1754558978.7630591,0,leader,auto,0.07696043699979782,0.9213182926177979,-0.19389966130256653,0,1,0,-0.07696043699979782,0.07868170738220215,0.19389966130256653,0,0,0,0,1.0,-0.02495285782146453,-0.26093867619258715,-0.08378805345514757,0.08943686591053009,1.0517876307140914,-0.15200563457499275
1754558978.8634152,1,follower,auto,-0.11704044044017792,0.9326865077018738,0.9038404226303101,0.0,1.0,1.0,0.11704044044017792,0.06731349229812622,0.09615957736968994,0,0,0,0,1.0,0.20843936223613346,-0.13377483751837027,-0.10089916406485466,-0.22126012155824465,0.9995739264610589,0.9542900046627374
1754558978.8638008,0,follower,auto,0.09272848069667816,0.9226692914962769,-0.18122170865535736,0,1,0,-0.09272848069667816,0.07733070850372314,0.18122170865535736,18.008190330622256,-9.207091580862585,7.599402096287917,0,,,,,,,
1754558978.9641762,1,follower,auto,-0.11084375530481339,0.9354395270347595,0.9220853447914124,0.0,1.0,1.0,0.11084375530481339,0.06456047296524048,0.07791465520858765,6.975198021794507,11.081742424133518,5.83717245273233,0,,,,,,,
1754558979.1154318,0,leader,auto,0.09272848069667816,0.9226692914962769,-0.18122170865535736,0,1,0,-0.09272848069667816,0.07733070850372314,0.18122170865535736,0,0,0,0,1.0,-0.028767092517900605,-0.25811443245954924,-0.07559472349551019,0.10711202695562846,1.0517265077260514,-0.14342434690760225
1754558979.2157743,1,follower,auto,-0.11084375530481339,0.9354395270347595,0.9220853447914124,0.0,1.0,1.0,0.11084375530481339,0.06456047296524048,0.07791465520858765,0,0,0,0,1.0,0.20197122968451786,-0.1386885002752467,-0.08993088723602671,-0.21182937014707232,1.0047837771723829,0.9670507884094257
1754558979.2161546,0,follower,auto,0.10553456097841263,0.9312585592269897,-0.1769915521144867,0,1,0,-0.10553456097841263,0.06874144077301025,0.1769915521144867,16.969947234617965,-10.207605024437541,6.631857088034305,0,,,,,,,
1754558979.3164213,1,follower,auto,-0.10835713148117065,0.9410313963890076,0.9370057582855225,0.0,1.0,1.0,0.10835713148117065,0.05896860361099243,0.06299424171447754,5.965508495350226,10.105770920176237,4.838682882524849,0,,,,,,,
1754558979.4194012,0,leader,auto,0.10553456097841263,0.9312585592269897,-0.1769915521144867,0,1,0,-0.10553456097841263,0.06874144077301025,0.1769915521144867,0,0,0,0,1.0,-0.040829568385874065,-0.24940422179925004,-0.08225362607363222,0.12594934517134965,1.0559606701266149,-0.13586473907767058
1754558979.519901,1,follower,auto,-0.10835713148117065,0.9410313963890076,0.9370057582855225,0.0,1.0,1.0,0.10835713148117065,0.05896860361099243,0.06299424171447754,0,0,0,0,1.0,0.19197085844320555,-0.13557348463484997,-0.08731326783481541,-0.20434256070277343,1.0088181387064326,0.9806623922029302
1754558979.5202649,0,follower,auto,0.10884873569011688,0.9286383986473083,-0.171157106757164,0,1,0,-0.10884873569011688,0.07136160135269165,0.171157106757164,17.011128407665282,-10.167172929275166,7.633950002439306,0,,,,,,,
1754558979.6206183,1,follower,auto,-0.10693858563899994,0.9468028545379639,0.9445379972457886,0.0,1.0,1.0,0.10693858563899994,0.05319714546203613,0.055462002754211426,4.956272861534221,10.1167452716705,4.871071914594567,0,,,,,,,
1754558979.7220175,0,leader,auto,0.10884873569011688,0.9286383986473083,-0.171157106757164,0,1,0,-0.10884873569011688,0.07136160135269165,0.171157106757164,0,0,0,0,1.0,-0.06370224712731734,-0.25577019648816557,-0.08485289180912126,0.14069985925377554,1.056523496891391,-0.12873066085260337
1754558979.8223462,1,follower,auto,-0.10693858563899994,0.9468028545379639,0.9445379972457886,0.0,1.0,1.0,0.10693858563899994,0.05319714546203613,0.055462002754211426,0,0,0,0,1.0,0.1825704056702292,-0.13031175259085392,-0.09211938680214149,-0.19822378847411454,1.0119587308333908,0.9905976906468593
1754558979.8228168,0,follower,auto,0.1029125303030014,0.9276570081710815,-0.16408953070640564,0,1,0,-0.1029125303030014,0.07234299182891846,0.16408953070640564,16.020811765774546,-10.113595249542037,7.6278088028572455,0,,,,,,,
1754558979.923112,1,follower,auto,-0.10911605507135391,0.9553586840629578,0.9494650363922119,0.0,1.0,1.0,0.10911605507135391,0.044641315937042236,0.050534963607788086,4.937595970980484,10.132544386502408,3.893320388424753,0,,,,,,,
1754558980.028699,0,leader,auto,0.1029125303030014,0.9276570081710815,-0.16408953070640564,0,1,0,-0.1029125303030014,0.07234299182891846,0.16408953070640564,0,0,0,0,1.0,-0.09009698222722168,-0.25642162838266214,-0.08661364155923092,0.14796102141661224,1.0558678223624125,-0.12078270992679019
1754558980.1289535,1,follower,auto,-0.10911605507135391,0.9553586840629578,0.9494650363922119,0.0,1.0,1.0,0.10911605507135391,0.044641315937042236,0.050534963607788086,0,0,0,0,1.0,0.1716109808839708,-0.12073096537299288,-0.0955503609380921,-0.19492154551333932,1.0157241667494543,0.997240216861258
1754558980.1293511,0,follower,auto,0.08595744520425797,0.9294782876968384,-0.15448269248008728,0,1,0,-0.08595744520425797,0.07052171230316162,0.15448269248008728,15.015415322001116,-8.044317234989535,7.611798708300068,0,,,,,,,
1754558980.2296622,1,follower,auto,-0.11340115964412689,0.9658240675926208,0.9525916576385498,0.0,1.0,1.0,0.11340115964412689,0.03417593240737915,0.047408342361450195,3.9205030141926285,11.139210772698016,2.911059519299376,0,,,,,,,
1754558980.3376558,0,leader,auto,0.08595744520425797,0.9294782876968384,-0.15448269248008728,0,1,0,-0.08595744520425797,0.07052171230316162,0.15448269248008728,0,0,0,0,1.0,-0.11812003598243834,-0.25201597210691506,-0.08651960815243682,0.14501746319547715,1.055486273750296,-0.11122288840386887
1754558980.4379435,1,follower,auto,-0.11340115964412689,0.9658240675926208,0.9525916576385498,0.0,1.0,1.0,0.11340115964412689,0.03417593240737915,0.047408342361450195,0,0,0,0,1.0,0.1621434090750471,-0.11051744615426418,-0.09627106102891103,-0.19447286418165044,1.021082790669753,1.0007271881530053
1754558980.438417,0,follower,auto,0.06914345920085907,0.9240655303001404,-0.13826633989810944,0,1,0,-0.06914345920085907,0.07593446969985962,0.13826633989810944,13.048730544810098,-6.0182010885883965,7.5730677028478,0,,,,,,,
1754558980.5387452,1,follower,auto,-0.11653855443000793,0.9705898761749268,0.9565839171409607,0.0,1.0,1.0,0.11653855443000793,0.029410123825073242,0.04341608285903931,3.9347621410684726,11.130464949215916,1.9189135946775995,0,,,,,,,
1754558980.752875,0,leader,auto,0.06914345920085907,0.9240655303001404,-0.13826633989810944,0,1,0,-0.06914345920085907,0.07593446969985962,0.13826633989810944,0,0,0,0,1.0,-0.131766378480921,-0.25442147816601346,-0.08141850323100978,0.13502664844131956,1.051276269383147,-0.09755708828260454
1754558980.9533093,1,follower,auto,-0.11653855443000793,0.9705898761749268,0.9565839171409607,0.0,1.0,1.0,0.11653855443000793,0.029410123825073242,0.04341608285903931,0,0,0,0,1.0,0.15834650509492187,-0.10729454327565113,-0.09193785806552324,-0.19571180697746887,1.0242371478127523,1.0025528461737223
1754558980.9538343,0,follower,auto,0.0635109543800354,0.9231228232383728,-0.11222745478153229,0,1,0,-0.0635109543800354,0.0768771767616272,0.11222745478153229,11.032245543171346,-6.057817232513714,7.507002799212361,0,,,,,,,
1754558981.0541863,1,follower,auto,-0.1188826933503151,0.9598584771156311,0.9569706320762634,0.0,1.0,1.0,0.1188826933503151,0.040141522884368896,0.04302936792373657,4.01183350830069,11.12499829441472,3.949604069827364,0,,,,,,,
1754558981.2068763,0,leader,auto,0.0635109543800354,0.9231228232383728,-0.11222745478153229,0,1,0,-0.0635109543800354,0.0768771767616272,0.11222745478153229,0,0,0,0,1.0,-0.12420262314251101,-0.24639340793382125,-0.0709191907123741,0.1256122659512909,1.0463195272052834,-0.07676785942534525
1754558981.3071523,1,follower,auto,-0.1188826933503151,0.9598584771156311,0.9569706320762634,0.0,1.0,1.0,0.1188826933503151,0.040141522884368896,0.04302936792373657,0,0,0,0,1.0,0.1572875185630045,-0.117604443589719,-0.08886006468102847,-0.19752645263181734,1.0186606989104905,1.0014006644167777
1754558981.307532,0,follower,auto,0.06822963058948517,0.9313783645629883,-0.10180515795946121,0,1,0,-0.06822963058948517,0.06862163543701172,0.10180515795946121,9.978040884306843,-6.1143043197406195,6.5494374923406316,0,,,,,,,
1754558981.4078224,1,follower,auto,-0.11505631357431412,0.9474665522575378,0.9541381001472473,0.0,1.0,1.0,0.11505631357431412,0.05253344774246216,0.045861899852752686,4.052555641975376,11.098569403172029,4.975667555820455,0,,,,,,,
1754558981.5141523,0,leader,auto,0.06822963058948517,0.9313783645629883,-0.10180515795946121,0,1,0,-0.06822963058948517,0.06862163543701172,0.10180515795946121,0,0,0,0,1.0,-0.10743319805557053,-0.22696583141914606,-0.08382878219690848,0.12194622961727043,1.0448612802725612,-0.05989076686100698
1754558981.6144402,1,follower,auto,-0.11505631357431412,0.9474665522575378,0.9541381001472473,0.0,1.0,1.0,0.11505631357431412,0.05253344774246216,0.045861899852752686,0,0,0,0,1.0,0.16304341598835836,-0.12019944200257071,-0.08826981439525516,-0.1965780215684933,1.0075662732588233,0.9982730073448749
1754558981.6148164,0,follower,auto,0.0743148922920227,0.9343439340591431,-0.09822195023298264,0,1,0,-0.0743148922920227,0.06565606594085693,0.09822195023298264,8.981883612385635,-7.135144134527828,6.592257443591901,0,,,,,,,
1754558981.7150748,1,follower,auto,-0.10616212338209152,0.940714955329895,0.9560204744338989,0.0,1.0,1.0,0.10616212338209152,0.05928504467010498,0.043979525566101074,4.04319666071128,10.067509961599258,4.962318626401278,0,,,,,,,
1754558981.8712094,0,leader,auto,0.0743148922920227,0.9343439340591431,-0.09822195023298264,0,1,0,-0.0743148922920227,0.06565606594085693,0.09822195023298264,0,0,0,0,1.0,-0.09627588047486318,-0.2166324476752357,-0.09780408977332522,0.1224528325294543,1.042660157896761,-0.04931990534632003
1754558981.9716928,1,follower,auto,-0.10616212338209152,0.940714955329895,0.9560204744338989,0.0,1.0,1.0,0.10616212338209152,0.05928504467010498,0.043979525566101074,0,0,0,0,1.0,0.17067470540124385,-0.11149520798034174,-0.08205656358485336,-0.19149947608271345,0.9964625593200659,0.9970487562263256
1754558981.9728136,0,follower,auto,0.08031004667282104,0.9350094795227051,-0.10183855146169662,0,1,0,-0.08031004667282104,0.06499052047729492,0.10183855146169662,9.994842982027306,-8.135747518440004,6.642308683700844,0,,,,,,,
1754558982.0734348,1,follower,auto,-0.09054077416658401,0.9420427680015564,0.9635037183761597,0.0,1.0,1.0,0.09054077416658401,0.057957231998443604,0.03649628162384033,3.004308995733831,9.024667951456948,4.9278242379002135,0,,,,,,,
1754558982.1771746,0,leader,auto,0.08031004667282104,0.9350094795227051,-0.10183855146169662,0,1,0,-0.08031004667282104,0.06499052047729492,0.10183855146169662,0,0,0,0,1.0,-0.09118316150753614,-0.20758339211099264,-0.11173752367618528,0.1259016274265891,1.0388011755782014,-0.04596978962360398
1754558982.2775867,1,follower,auto,-0.09054077416658401,0.9420427680015564,0.9635037183761597,0.0,1.0,1.0,0.09054077416658401,0.057957231998443604,0.03649628162384033,0,0,0,0,1.0,0.17933778971448372,-0.09530221347201051,-0.07256742769950497,-0.18020966902382587,0.9896938747375617,0.9997874322259122
1754558982.278415,0,follower,auto,0.08136621862649918,0.9355671405792236,-0.10785504430532455,0,1,0,-0.08136621862649918,0.06443285942077637,0.10785504430532455,10.003815249125175,-8.10784589374063,6.675113436879958,0,,,,,,,
1754558982.3787003,1,follower,auto,-0.07436522096395493,0.950518012046814,0.9736669063568115,0.0,1.0,1.0,0.07436522096395493,0.049481987953186035,0.026333093643188477,1.9579921427757065,7.0021487779892215,3.8985103200248585,0,,,,,,,
1754558982.4824138,0,leader,auto,0.08136621862649918,0.9355671405792236,-0.10785504430532455,0,1,0,-0.08136621862649918,0.06443285942077637,0.10785504430532455,0,0,0,0,1.0,-0.0953287106639053,-0.19863075427017218,-0.11992481426889715,0.12903057395845183,1.0348825177143097,-0.047892637170875975
1754558982.5827835,1,follower,auto,-0.07436522096395493,0.950518012046814,0.9736669063568115,0.0,1.0,1.0,0.07436522096395493,0.049481987953186035,0.026333093643188477,0,0,0,0,1.0,0.18069455852966831,-0.07639143889694178,-0.06499102001737445,-0.16471250022878908,0.9887137314952849,1.0061624163654987
1754558982.5831327,0,follower,auto,0.08009397983551025,0.9381985068321228,-0.11538217216730118,0,1,0,-0.08009397983551025,0.0618014931678772,0.11538217216730118,11.001295164680485,-8.0850973699212,6.697099154234602,0,,,,,,,
1754558982.6834064,1,follower,auto,-0.06343712657690048,0.9613543152809143,0.9806597232818604,0.0,1.0,1.0,0.06343712657690048,0.03864568471908569,0.01934027671813965,0.9306828410443819,6.0128336416923025,2.89723207877194,0,,,,,,,
1754558982.8367605,0,leader,auto,0.08009397983551025,0.9381985068321228,-0.11538217216730118,0,1,0,-0.08009397983551025,0.0618014931678772,0.11538217216730118,0,0,0,0,1.0,-0.10116473213402419,-0.18818039260359454,-0.12380947102165893,0.13067634590252236,1.03228870313392,-0.05347743665647171
1754558982.9371753,1,follower,auto,-0.06343712657690048,0.9613543152809143,0.9806597232818604,0.0,1.0,1.0,0.06343712657690048,0.03864568471908569,0.01934027671813965,0,0,0,0,1.0,0.17047901380259842,-0.06118558384055439,-0.06372232615072093,-0.1486766334781997,0.9919471072011915,1.0125208863572208
1754558982.9378185,0,follower,auto,0.07345879822969437,0.9465256333351135,-0.12521149218082428,0,1,0,-0.07345879822969437,0.053474366664886475,0.12521149218082428,11.974672459201814,-7.048883208445308,5.718806112271748,0,,,,,,,
1754558991.2554207,1,follower,auto,-0.05497013404965401,0.9689021110534668,0.9842564463615417,0.0,1.0,1.0,0.05497013404965401,0.031097888946533203,0.015743553638458252,0.9382462689583646,5.019510484106631,2.9056701647523497,0,,,,,,,
1754558991.5633225,0,leader,auto,0.07345879822969437,0.9465256333351135,-0.12521149218082428,0,1,0,-0.07345879822969437,0.053474366664886475,0.12521149218082428,0,0,0,0,1.0,-0.11044925180445012,-0.175088119202643,-0.12608442773230477,0.1286834241319194,1.034069692936435,-0.06216927831467189
1754558991.6637347,1,follower,auto,-0.05497013404965401,0.9689021110534668,0.9842564463615417,0.0,1.0,1.0,0.05497013404965401,0.031097888946533203,0.015743553638458252,0,0,0,0,1.0,0.1569894422547659,-0.05351885574611415,-0.06492074231098299,-0.13346485517703696,0.9956615389265239,1.0167168175170334
1754558991.6646516,0,follower,auto,0.03496720269322395,0.9164184331893921,-0.14292536675930023,0,1,0,-0.03496720269322395,0.08358156681060791,0.14292536675930023,14.103479040454864,-2.714581837076425,8.759306477744044,0,,,,,,,
1754558991.7650795,1,follower,auto,0.22713589668273926,0.8975098133087158,0.9720256328582764,0.0,1.0,1.0,-0.22713589668273926,0.10249018669128418,0.027974367141723633,2.2966944691331728,-20,9.9738040953065,0,,,,,,,
1754558991.8766892,0,leader,auto,0.03496720269322395,0.9164184331893921,-0.14292536675930023,0,1,0,-0.03496720269322395,0.08358156681060791,0.14292536675930023,0,0,0,0,1.0,-0.1462653611524514,-0.20669481326589612,-0.13199935682359096,0.10809988326944965,1.0197658398223401,-0.07692568834750474
1754558991.9770236,1,follower,auto,0.22713589668273926,0.8975098133087158,0.9720256328582764,0.0,1.0,1.0,-0.22713589668273926,0.10249018669128418,0.027974367141723633,0,0,0,0,0.8,0.41791394421226946,-0.12581751158292787,-0.07970870517704443,0.018178924576604527,0.9604185691001798,1.0118799854467986
1754558991.9776127,0,follower,auto,0.03556390106678009,0.9116150736808777,-0.12842831015586853,0,1,0,-0.03556390106678009,0.08838492631912231,0.12842831015586853,12.036965857979965,-2.825232309719467,8.62785749502142,0,,,,,,,
1754558992.0781963,1,follower,auto,0.24596180021762848,0.8821892142295837,0.9743123054504395,0.0,1.0,1.0,-0.24596180021762848,0.11781078577041626,0.025687694549560547,2.1676068209645614,-20,10.941584014272244,0,,,,,,,
1754558992.2279785,0,leader,auto,0.03556390106678009,0.9116150736808777,-0.12842831015586853,0,1,0,-0.03556390106678009,0.08838492631912231,0.12842831015586853,0,0,0,0,1.0,-0.11756112847283032,-0.1968291617721578,-0.10226524168741909,0.09434446530319525,1.0100296545669565,-0.077295689312159
1754558992.3282208,1,follower,auto,0.24596180021762848,0.8821892142295837,0.9743123054504395,0.0,1.0,1.0,-0.24596180021762848,0.11781078577041626,0.025687694549560547,0,0,0,0,0.95,0.23584209189865832,-0.09938460949404393,-0.07697939524756015,0.1280407542682993,0.9318815189766056,1.0128020030742195
1754558992.328548,0,follower,auto,0.042699847370386124,0.9078026413917542,-0.11015330255031586,0,1,0,-0.042699847370386124,0.09219735860824585,0.11015330255031586,11.008261178445014,-3.8885742213191223,9.566002702317117,0,,,,,,,
1754558992.4288285,1,follower,auto,0.2540966272354126,0.8675735592842102,0.9780030250549316,0.0,1.0,1.0,-0.2540966272354126,0.1324264407157898,0.02199697494506836,2.1305085916232307,-20,12.932573696188793,0,,,,,,,
1754558992.533658,0,leader,auto,0.042699847370386124,0.9078026413917542,-0.11015330255031586,0,1,0,-0.042699847370386124,0.09219735860824585,0.11015330255031586,0,0,0,0,1.0,-0.09126571751959123,-0.18916433333982674,-0.08508952369411424,0.08833270613018174,1.0023848080616675,-0.06760854070325874
1754558992.6340716,1,follower,auto,0.2540966272354126,0.8675735592842102,0.9780030250549316,0.0,1.0,1.0,-0.2540966272354126,0.1324264407157898,0.02199697494506836,0,0,0,0,1.0,0.0976061427918416,-0.08067389847222484,-0.0797637196174319,0.2052935558394918,0.9079105085203226,1.0178848848636477
1754558992.6357455,0,follower,auto,0.0534384548664093,0.9076944589614868,-0.09211859852075577,0,1,0,-0.0534384548664093,0.09230554103851318,0.09211859852075577,8.982107390913724,-4.936414657782365,9.543830874741518,0,,,,,,,
1754558992.736028,1,follower,auto,0.2422904223203659,0.8609168529510498,0.983954668045044,0.0,1.0,1.0,-0.2422904223203659,0.1390831470489502,0.016045331954956055,1.087936072913147,-20,12.924999387327631,0,,,,,,,
1754558992.838955,0,leader,auto,0.0534384548664093,0.9076944589614868,-0.09211859852075577,0,1,0,-0.0534384548664093,0.09230554103851318,0.09211859852075577,0,0,0,0,1.0,-0.07201532484550227,-0.17939442710946207,-0.08035170431718354,0.08944611728916044,0.9973916725162179,-0.051942746362164
1754558992.9392986,1,follower,auto,0.2422904223203659,0.8609168529510498,0.983954668045044,0.0,1.0,1.0,-0.2422904223203659,0.1390831470489502,0.016045331954956055,0,0,0,0,1.0,-0.01828529368982651,-0.05984293004766972,-0.08624407173971615,0.2514330691652792,0.8908383179748847,1.027076703914902
1754558992.9396665,0,follower,auto,0.06467627733945847,0.9102721214294434,-0.07737568020820618,0,1,0,-0.06467627733945847,0.08972787857055664,0.07737568020820618,6.9618815654377215,-5.970845758244648,8.54827283253683,0,,,,,,,
1754558993.0400152,1,follower,auto,0.21679435670375824,0.8596980571746826,0.9905193448066711,0.0,1.0,1.0,-0.21679435670375824,0.14030194282531738,0.009480655193328857,0.053424233605664125,-19.98425846198185,13.922884346772372,0,,,,,,,
1754558993.145256,0,leader,auto,0.06467627733945847,0.9102721214294434,-0.07737568020820618,0,1,0,-0.06467627733945847,0.08972787857055664,0.07737568020820618,0,0,0,0,1.0,-0.061786255450029026,-0.1682481265893072,-0.08519379191826736,0.09556940506447298,0.994396184724097,-0.0347787842490725
1754558993.2455528,1,follower,auto,0.21679435670375824,0.8596980571746826,0.9905193448066711,0.0,1.0,1.0,-0.21679435670375824,0.14030194282531738,0.009480655193328857,0,0,0,0,1.0,-0.10864090207393373,-0.040888466248175215,-0.09575912839489087,0.2711148077407251,0.8801422902987702,1.0383989090041166
1754558993.2459524,0,follower,auto,0.07124772667884827,0.9145095348358154,-0.06548876315355301,0,1,0,-0.07124772667884827,0.08549046516418457,0.06548876315355301,5.947138738449218,-6.98224077159919,8.5597920674992,0,,,,,,,
1754558993.346213,1,follower,auto,0.1779048889875412,0.8599563241004944,0.9969385266304016,0.0,1.0,1.0,-0.1779048889875412,0.14004367589950562,0.0030614733695983887,0.03857114386862551,-16.868554817286086,13.924669471004348,0,,,,,,,
1754558993.5093336,0,leader,auto,0.07124772667884827,0.9145095348358154,-0.06548876315355301,0,1,0,-0.07124772667884827,0.08549046516418457,0.06548876315355301,0,0,0,0,1.0,-0.06298390176269439,-0.15619973809500065,-0.0930555443749638,0.10273967756019546,0.9926094038833158,-0.01896099096607111
1754558993.609666,1,follower,auto,0.1779048889875412,0.8599563241004944,0.9969385266304016,0.0,1.0,1.0,-0.1779048889875412,0.14004367589950562,0.0030614733695983887,0,0,0,0,1.0,-0.17959150368240318,-0.02712540324248247,-0.10788189701950501,0.2677006408287428,0.8735190257217356,1.050879475140154
1754558993.7102487,0,follower,auto,0.07497449219226837,0.9190977215766907,-0.061248790472745895,0,1,0,-0.07497449219226837,0.08090227842330933,0.061248790472745895,5.940102013294638,30,8.59985016119219,0,,,,,,,
1754558993.8107736,1,follower,auto,0.12584975361824036,0.8614497184753418,1.0070134401321411,0.0,1.0,1.0,-0.12584975361824036,0.1385502815246582,-0.007013440132141113,0.030068310714680056,-11.75326174427478,12.905365778392179,0,,,,,,,
1754558994.0120964,0,leader,auto,0.07497449219226837,0.9190977215766907,-0.061248790472745895,0,1,0,-0.07497449219226837,0.08090227842330933,0.061248790472745895,0,0,0,0,1.0,-0.06900077639320734,-0.14483792758514324,-0.10667926893840982,0.10947488038887204,0.9915166853692623,-0.007909156003540987
1754558994.1123745,1,follower,auto,0.12584975361824036,0.8614497184753418,1.0070134401321411,0.0,1.0,1.0,-0.12584975361824036,0.1385502815246582,-0.007013440132141113,0,0,0,0,1.0,-0.23252962169923957,-0.017148537207495207,-0.11666048633344195,0.24211456446786014,0.8700239870790893,1.065343683298862
1754558994.1128404,0,follower,auto,0.08561362326145172,0.9197950959205627,-0.06457000225782394,0,1,0,-0.08561362326145172,0.08020490407943726,0.06457000225782394,5.953491503103,30,8.65669752450805,0,,,,,,,
1754558994.213154,1,follower,auto,0.05892544984817505,0.8598171472549438,1.027230978012085,0.0,1.0,1.0,-0.05892544984817505,0.14018285274505615,-0.02723097801208496,-1.958512579018796,-4.619725996343519,13.843902687768823,0,,,,,,,
1754558994.3272116,0,leader,auto,0.08561362326145172,0.9197950959205627,-0.06457000225782394,0,1,0,-0.08561362326145172,0.08020490407943726,0.06457000225782394,0,0,0,0,1.0,-0.06726579158417217,-0.13884928180955236,-0.12218461702152149,0.11924651905353781,0.9892197368253389,-0.0034776937470632
1754558994.427637,1,follower,auto,0.05892544984817505,0.8598171472549438,1.027230978012085,0.0,1.0,1.0,-0.05892544984817505,0.14018285274505615,-0.02723097801208496,0,0,0,0,1.0,-0.26934403733375023,-0.014115740491436934,-0.11564628834725732,0.19359746851505016,0.8668750175006623,1.0850541221857135
1754558994.4280612,0,follower,auto,0.1312963366508484,0.920756459236145,-0.06994675099849701,0,1,0,-0.1312963366508484,0.07924354076385498,0.06994675099849701,5.95441926780445,30,7.6878911156714596,0,,,,,,,
1754558994.5283737,1,follower,auto,0.02554956078529358,0.8567789793014526,1.0380927324295044,0.0,1.0,1.0,-0.02554956078529358,0.14322102069854736,-0.038092732429504395,-2.9472030110999716,-1.6870948705340103,13.859251924169268,0,,,,,,,
1754558994.6747499,0,leader,auto,0.1312963366508484,0.920756459236145,-0.06994675099849701,0,1,0,-0.1312963366508484,0.07924354076385498,0.06994675099849701,0,0,0,0,1.0,-0.03471566558384326,-0.1318250117264812,-0.1320966023516739,0.14865416944277002,0.9866689650993856,-0.0038984498226600564
1754558994.7751594,1,follower,auto,0.02554956078529358,0.8567789793014526,1.0380927324295044,0.0,1.0,1.0,-0.02554956078529358,0.14322102069854736,-0.038092732429504395,0,0,0,0,1.0,-0.23996847382680275,-0.011058324453081747,-0.13024363532015015,0.14553379769869496,0.8623081415279935,1.1032145500895796
1754558994.7755537,0,follower,auto,0.22564545273780823,0.9211843609809875,-0.0803588330745697,0,1,0,-0.22564545273780823,0.07881563901901245,0.0803588330745697,7.9504229893180804,30,7.727762460984606,0,,,,,,,
1754558994.8759215,1,follower,auto,0.0018904333701357245,0.8451484441757202,1.0481603145599365,0.0,1.0,1.0,-0.0018904333701357245,0.15485155582427979,-0.04816031455993652,-3.9012070521069995,0.30845846594826354,14.857827350739303,0,,,,,,,
1754558994.980119,0,leader,auto,0.22564545273780823,0.9211843609809875,-0.0803588330745697,0,1,0,-0.22564545273780823,0.07881563901901245,0.0803588330745697,0,0,0,0,1.0,0.019384518873624773,-0.12557300670263594,-0.14052905730320403,0.21595319330099583,0.9839708643323055,-0.010094304422967694
1754558995.0804384,1,follower,auto,0.0018904333701357245,0.8451484441757202,1.0481603145599365,0.0,1.0,1.0,-0.0018904333701357245,0.15485155582427979,-0.04816031455993652,0,0,0,0,1.0,-0.2004532321282632,-0.01440069788332965,-0.14307867854534284,0.10211704943426732,0.852348793117385,1.1196996538326078
1754558995.0807972,0,follower,auto,0.3250269293785095,0.9236304759979248,-0.09332520514726639,0,1,0,-0.3250269293785095,0.0763695240020752,0.09332520514726639,8.93502435177246,30,7.757705580674952,0,,,,,,,
1754558995.1811426,1,follower,auto,-0.004530343227088451,0.8344382643699646,1.0534273386001587,0.0,1.0,1.0,0.004530343227088451,0.1655617356300354,-0.05342733860015869,-4.885550498496098,0.27696326156999834,15.870308624578614,0,,,,,,,
1754558995.2866364,0,leader,auto,0.3250269293785095,0.9236304759979248,-0.09332520514726639,0,1,0,-0.3250269293785095,0.0763695240020752,0.09332520514726639,0,0,0,0,1.0,0.03011005533494654,-0.11958910343875218,-0.1451903032253534,0.3099719017110363,0.9834250277173009,-0.020730053534589683
1754558995.3870525,1,follower,auto,-0.004530343227088451,0.8344382643699646,1.0534273386001587,0.0,1.0,1.0,0.004530343227088451,0.1655617356300354,-0.05342733860015869,0,0,0,0,1.0,-0.14911707574613306,-0.010242273374536648,-0.15913907810071426,0.07002819464597808,0.8395594010572329,1.1329968776505157
1754558995.3874536,0,follower,auto,0.4386616051197052,0.9264302849769592,-0.10970248281955719,0,1,0,-0.4386616051197052,0.07356971502304077,0.10970248281955719,9.924728197722672,30,7.792581630344196,0,,,,,,,
1754558995.487846,1,follower,auto,-0.003850212786346674,0.8263061046600342,1.0617989301681519,0.0,1.0,1.0,0.003850212786346674,0.17369389533996582,-0.061798930168151855,-5.887490168669999,0.2864192122945075,16.849446512869925,0,,,,,,,
1754558995.596879,0,leader,auto,0.4386616051197052,0.9264302849769592,-0.10970248281955719,0,1,0,-0.4386616051197052,0.07356971502304077,0.10970248281955719,0,0,0,0,1.0,0.027618318792655527,-0.11680724495577288,-0.14852621614092243,0.42485244572337744,0.9848339074548457,-0.03543937474909597
1754558995.697249,1,follower,auto,-0.003850212786346674,0.8263061046600342,1.0617989301681519,0.0,1.0,1.0,0.003850212786346674,0.17369389533996582,-0.061798930168151855,0,0,0,0,1.0,-0.10563293195330273,1.7468610398641005e-05,-0.16879528350815765,0.04896625319030469,0.8262973703548349,1.1461965719222307
1754558995.6976542,0,follower,auto,0.5587528347969055,0.9282010793685913,-0.12264321744441986,0,1,0,-0.5587528347969055,0.07179892063140869,0.12264321744441986,11.924638325831006,30,7.79711701321453,0,,,,,,,
1754558995.7979786,1,follower,auto,0.0018749955343082547,0.8225924968719482,1.0704596042633057,0.0,1.0,1.0,-0.0018749955343082547,0.17740750312805176,-0.07045960426330566,-6.9053071008500995,0.3163544650760706,16.833467683974483,0,,,,,,,
1754558995.9007475,0,leader,auto,0.5587528347969055,0.9282010793685913,-0.12264321744441986,0,1,0,-0.5587528347969055,0.07179892063140869,0.12264321744441986,0,0,0,0,1.0,0.010895722142028719,-0.11819355135250431,-0.14415337605175846,0.5533049737258912,0.9872978550448435,-0.05056652941854064
1754558996.0012298,1,follower,auto,0.0018749955343082547,0.8225924968719482,1.0704596042633057,0.0,1.0,1.0,-0.0018749955343082547,0.17740750312805176,-0.07045960426330566,0,0,0,0,1.0,-0.0711650577279487,0.015452158890652878,-0.1783680803520178,0.03745752439828261,0.8148664174266218,1.1596436444393146
1754558996.0016327,0,follower,auto,0.6823664307594299,0.9310289025306702,-0.12976767122745514,0,1,0,-0.6823664307594299,0.06897109746932983,0.12976767122745514,11.921392531055425,30,6.779726270877868,0,,,,,,,
1754558996.1019864,1,follower,auto,0.00933091901242733,0.8258094787597656,1.0792772769927979,0.0,1.0,1.0,-0.00933091901242733,0.17419052124023438,-0.07927727699279785,-6.940981344770716,0.3671747568956551,16.822337618703717,0,,,,,,,
1754558996.2646978,0,leader,auto,0.6823664307594299,0.9310289025306702,-0.12976767122745514,0,1,0,-0.6823664307594299,0.06897109746932983,0.12976767122745514,0,0,0,0,1.0,-0.014705910447902593,-0.12148076551157883,-0.13385705585494048,0.6897193859833812,0.9917692852864596,-0.06283914329998488
1754558996.3650637,1,follower,auto,0.00933091901242733,0.8258094787597656,1.0792772769927979,0.0,1.0,1.0,-0.00933091901242733,0.17419052124023438,-0.07927727699279785,0,0,0,0,1.0,-0.04690249695177507,0.035923749685187634,-0.1873451821989427,0.03278216748831486,0.8078476039171718,1.1729498680922692
1754558996.3654962,0,follower,auto,0.8285494446754456,0.9343397617340088,-0.13226212561130524,0,1,0,-0.8285494446754456,0.06566023826599121,0.13226212561130524,12.924011747496788,30,6.758629982782468,0,,,,,,,
1754558996.4658186,1,follower,auto,0.02100994810461998,0.838606595993042,1.087510347366333,0.0,1.0,1.0,-0.02100994810461998,0.161393404006958,-0.08751034736633301,-7.997541892645159,-1.5755221892904778,15.81788699693533,0,,,,,,,
1754558996.6120403,0,leader,auto,0.8285494446754456,0.9343397617340088,-0.13226212561130524,0,1,0,-0.8285494446754456,0.06566023826599121,0.13226212561130524,0,0,0,0,1.0,-0.02390789505802382,-0.1260590754951012,-0.12148862871837839,0.8405033922044575,0.9973692994815594,-0.07151781125211604
1754558996.7124872,1,follower,auto,0.02100994810461998,0.838606595993042,1.087510347366333,0.0,1.0,1.0,-0.02100994810461998,0.161393404006958,-0.08751034736633301,0,0,0,0,1.0,-0.02689776140609476,0.06016599929472166,-0.19612651034313977,0.03445882880766736,0.8085235963456812,1.185573602537903
1754558996.7131429,0,follower,auto,0.9727578163146973,0.9345265030860901,-0.12860903143882751,0,1,0,-0.9727578163146973,0.06547349691390991,0.12860903143882751,11.947305040495833,30,6.725385901365597,0,,,,,,,
1754558996.8135765,1,follower,auto,0.036732856184244156,0.8572829365730286,1.0925558805465698,0.0,1.0,1.0,-0.036732856184244156,0.14271706342697144,-0.09255588054656982,-9.048589028155028,-2.5224350040260415,13.83103495766834,0,,,,,,,
1754558996.918959,0,leader,auto,0.9727578163146973,0.9345265030860901,-0.12860903143882751,0,1,0,-0.9727578163146973,0.06547349691390991,0.12860903143882751,0,0,0,0,1.0,-0.048809976985786596,-0.13557222480095943,-0.1074112925662655,0.9971628048075906,1.0023126154865698,-0.07490338515569477
1754558997.0193853,1,follower,auto,0.036732856184244156,0.8572829365730286,1.0925558805465698,0.0,1.0,1.0,-0.036732856184244156,0.14271706342697144,-0.09255588054656982,0,0,0,0,1.0,-0.012544193536686926,0.08195226938821343,-0.20579374288145225,0.04300495295258762,0.8163068018789219,1.195452751987296
1754558997.0206792,0,follower,auto,1.0989452600479126,0.9330624341964722,-0.12057042866945267,0,1,0,-1.0989452600479126,0.06693756580352783,0.12057042866945267,11.96783595947541,-20,6.692615040252781,0,,,,,,,
1754558997.1214845,1,follower,auto,0.052447304129600525,0.8723816275596619,1.093714714050293,0.0,1.0,1.0,-0.052447304129600525,0.12761837244033813,-0.09371471405029297,-9.055486568580633,-4.463316901850804,11.855681985110389,0,,,,,,,
1754558997.2313545,0,leader,auto,1.0989452600479126,0.9330624341964722,-0.12057042866945267,0,1,0,-1.0989452600479126,0.06693756580352783,0.12057042866945267,0,0,0,0,1.0,-0.09586524746669944,-0.14443685900001646,-0.09519371131503894,1.1468778837812623,1.0052808636964805,-0.07297357301193319
1754558997.33197,1,follower,auto,0.052447304129600525,0.8723816275596619,1.093714714050293,0.0,1.0,1.0,-0.052447304129600525,0.12761837244033813,-0.09371471405029297,0,0,0,0,1.0,-0.007020211192708778,0.09257968501258618,-0.21393953178308878,0.055957409725954914,0.8260917850533688,1.2006844799418372
1754558997.3330274,0,follower,auto,1.2140648365020752,0.9332107901573181,-0.11128003150224686,0,1,0,-1.2140648365020752,0.06678920984268188,0.11128003150224686,10.972421347105852,-20,6.670646415534668,0,,,,,,,
1754558997.4336157,1,follower,auto,0.07148343324661255,0.8861626386642456,1.0894747972488403,0.0,1.0,1.0,-0.07148343324661255,0.1138373613357544,-0.08947479724884033,-8.057219871512224,-6.4217676029587105,10.89263067453812,0,,,,,,,
1754558997.536987,0,leader,auto,1.2140648365020752,0.9332107901573181,-0.11128003150224686,0,1,0,-1.2140648365020752,0.06678920984268188,0.11128003150224686,0,0,0,0,1.0,-0.14375018266353967,-0.1491140070785555,-0.08786218153979475,1.285939927833845,1.0077677936965959,-0.06734894073234948
1754558997.6373725,1,follower,auto,0.07148343324661255,0.8861626386642456,1.0894747972488403,0.0,1.0,1.0,-0.07148343324661255,0.1138373613357544,-0.08947479724884033,0,0,0,0,1.0,-0.004908440967425237,0.09915062156042254,-0.22029109129937696,0.07393765373032517,0.8365873278840343,1.1996203428985288
1754558997.6381888,0,follower,auto,1.2849352359771729,0.934397280216217,-0.09718190133571625,0,1,0,-1.2849352359771729,0.06560271978378296,0.09718190133571625,8.975248274506436,-20,6.632993998790697,0,,,,,,,
1754558997.7387524,1,follower,auto,0.09241548180580139,0.9011247158050537,1.0813982486724854,0.0,1.0,1.0,-0.09241548180580139,0.09887528419494629,-0.08139824867248535,-8.068511814067117,-8.404597684919366,8.930698485552401,0,,,,,,,
1754558997.847038,0,leader,auto,1.2849352359771729,0.934397280216217,-0.09718190133571625,0,1,0,-1.2849352359771729,0.06560271978378296,0.09718190133571625,0,0,0,0,1.0,-0.22187931445457698,-0.15094888787137895,-0.07990897736059689,1.3958748932044613,1.0098717241519064,-0.0572274126554178
1754558997.947601,1,follower,auto,0.09241548180580139,0.9011247158050537,1.0813982486724854,0.0,1.0,1.0,-0.09241548180580139,0.09887528419494629,-0.08139824867248535,0,0,0,0,1.0,-0.008034813147845599,0.10473383223284782,-0.22277575711600517,0.09643288837972419,0.8487577996886297,1.1927861272304878
1754558997.9487586,0,follower,auto,1.309304118156433,0.9357373714447021,-0.07932014763355255,0,1,0,-1.309304118156433,0.06426262855529785,0.07932014763355255,6.981199316174181,-20,6.594042211075102,0,,,,,,,
1754558998.0493312,1,follower,auto,0.11229978501796722,0.9161776304244995,1.072859525680542,0.0,1.0,1.0,-0.11229978501796722,0.08382236957550049,-0.07285952568054199,-7.078029002603695,-10.401344334834674,7.955908805244902,0,,,,,,,
1754558998.196973,0,leader,auto,1.309304118156433,0.9357373714447021,-0.07932014763355255,0,1,0,-1.309304118156433,0.06426262855529785,0.07932014763355255,0,0,0,0,1.0,-0.3119138456341126,-0.15012155322171417,-0.07320811731891379,1.4652610409734894,1.0107981480555592,-0.04271608897409566
1754558998.297269,1,follower,auto,0.11229978501796722,0.9161776304244995,1.072859525680542,0.0,1.0,1.0,-0.11229978501796722,0.08382236957550049,-0.07285952568054199,0,0,0,0,1.0,-0.018487905349648948,0.10835341860546599,-0.21781665992733967,0.1215437376927917,0.8620009211217665,1.1817678556442117
1754558998.2976367,0,follower,auto,1.3041765689849854,0.9394295811653137,-0.061264120042324066,0,1,0,-1.3041765689849854,0.06057041883468628,0.061264120042324066,5.9782901585073445,-20,6.570057868450723,0,,,,,,,
1754558998.397906,1,follower,auto,0.13213056325912476,0.9326243996620178,1.0638573169708252,0.0,1.0,1.0,-0.13213056325912476,0.06737560033798218,-0.0638573169708252,-6.091922776060344,-12.415925745592672,5.976901397142929,0,,,,,,,
1754558998.503505,0,leader,auto,1.3041765689849854,0.9394295811653137,-0.061264120042324066,0,1,0,-1.3041765689849854,0.06057041883468628,0.061264120042324066,0,0,0,0,0.8,-0.3845935733802004,-0.14382845799540966,-0.07113288740775858,1.4964733556750855,1.0113438101630186,-0.025697676338444775
1754558998.6037526,1,follower,auto,0.13213056325912476,0.9326243996620178,1.0638573169708252,0.0,1.0,1.0,-0.13213056325912476,0.06737560033798218,-0.0638573169708252,0,0,0,0,1.0,-0.032875167381918174,0.11105035611006853,-0.20850933966111151,0.14856814695008386,0.8770992216069835,1.168111986801381
1754558998.6041448,0,follower,auto,1.287673830986023,0.9417526721954346,-0.05037153139710426,0,1,0,-1.287673830986023,0.05824732780456543,0.05037153139710426,4.988881930708026,-20,5.58756940096314,0,,,,,,,
1754558998.704439,1,follower,auto,0.14487570524215698,0.9482975602149963,1.0576664209365845,0.0,1.0,1.0,-0.14487570524215698,0.05170243978500366,-0.05766642093658447,-5.098555972622943,-13.403596725590871,4.976771269748843,0,,,,,,,
1754558998.819503,0,leader,auto,1.287673830986023,0.9417526721954346,-0.05037153139710426,0,1,0,-1.287673830986023,0.05824732780456543,0.05037153139710426,0,0,0,0,0.9048374180359595,-0.42538707594414493,-0.13796132717157694,-0.07884946714809728,1.5003673689580954,1.010733335781223,-0.010946797823055625
1754558998.9198973,1,follower,auto,0.14487570524215698,0.9482975602149963,1.0576664209365845,0.0,1.0,1.0,-0.14487570524215698,0.05170243978500366,-0.05766642093658447,0,0,0,0,1.0,-0.05726909868503652,0.10994361402618558,-0.19242561447338646,0.17351025458467523,0.8933257532019035,1.1538792281732777
1754558998.9212399,0,follower,auto,1.264165997505188,0.9449926614761353,-0.0451027937233448,0,1,0,-1.264165997505188,0.055007338523864746,0.0451027937233448,3.9906340613958644,-20,5.61380128221123,0,,,,,,,
1754558999.0217912,1,follower,auto,0.15293627977371216,0.9595851898193359,1.0534071922302246,0.0,1.0,1.0,-0.15293627977371216,0.04041481018066406,-0.05340719223022461,-5.084552273287509,-14.393899262704803,3.9712609813392867,0,,,,,,,
1754558999.1693182,0,leader,auto,1.264165997505188,0.9449926614761353,-0.0451027937233448,0,1,0,-1.264165997505188,0.055007338523864746,0.0451027937233448,0,0,0,0,0.7408182206817179,-0.4430118273918997,-0.1294424525377782,-0.0883997146903233,1.4856719112011378,1.0097138877450242,-0.0009029363781831515
1754558999.2696097,1,follower,auto,0.15293627977371216,0.9595851898193359,1.0534071922302246,0.0,1.0,1.0,-0.15293627977371216,0.04041481018066406,-0.05340719223022461,0,0,0,0,1.0,-0.08354539160571103,0.10240721502639516,-0.17395906280825502,0.1947089755765677,0.9083815823061383,1.1403867236343521
1754558999.2699676,0,follower,auto,1.2295405864715576,0.9510520100593567,-0.04467323049902916,0,1,0,-1.2295405864715576,0.04894798994064331,0.04467323049902916,3.978164036720914,-20,4.642289454881574,0,,,,,,,
1754558999.3702555,1,follower,auto,0.15511129796504974,0.9661349058151245,1.0514684915542603,0.0,1.0,1.0,-0.15511129796504974,0.03386509418487549,-0.051468491554260254,-5.059297571520249,-14.38266863130282,2.9595676014805052,0,,,,,,,
1754558999.4750948,0,leader,auto,1.2295405864715576,0.9510520100593567,-0.04467323049902916,0,1,0,-1.2295405864715576,0.04894798994064331,0.04467323049902916,0,0,0,0,0.6065306597126334,-0.4519309527511395,-0.11729331830210943,-0.09743983416476873,1.4555060628471272,1.0096986692104113,0.004046686583355212
1754558999.575448,1,follower,auto,0.15511129796504974,0.9661349058151245,1.0514684915542603,0.0,1.0,1.0,-0.15511129796504974,0.03386509418487549,-0.051468491554260254,0,0,0,0,1.0,-0.11111481625657094,0.09181714913938877,-0.1541993855300552,0.2106687060933352,0.9202263312454302,1.1285681843192878
1754558999.57602,0,follower,auto,1.1962008476257324,0.9566561579704285,-0.04847779497504234,0,1,0,-1.1962008476257324,0.04334384202957153,0.04847779497504234,3.9741633879095084,-20,4.671261464325853,0,,,,,,,
1754558999.6763978,1,follower,auto,0.1519182324409485,0.968267023563385,1.0513571500778198,0.0,1.0,1.0,-0.1519182324409485,0.03173297643661499,-0.051357150077819824,-5.030995764118504,-14.368217417009921,2.945742457583076,0,,,,,,,
1754558999.8320043,0,follower,auto,1.1962008476257324,0.9566561579704285,-0.04847779497504234,0,1,0,-1.1962008476257324,0.04334384202957153,0.04847779497504234,0,0,0,0,0.4965853037914095,-0.4434696765503743,-0.10744158361199796,-0.10401552266566805,1.4179356859009196,1.0103769497764274,0.0035299663577916876
1754558999.932363,1,leader,auto,0.1519182324409485,0.968267023563385,1.0513571500778198,0,1,0,-0.1519182324409485,0.03173297643661499,-1.0513571500778198,0,0,0,0,1.0,-0.13687224379078256,0.08073661508012042,-0.13465779830580793,0.22035435433633976,0.9278987160233247,1.1186860492307238
1754558999.9327736,0,follower,auto,1.1527070999145508,0.9571756720542908,-0.05505922809243202,0.0,1.0,-1.0,-1.1527070999145508,0.04282432794570923,-0.944940771907568,-20,-20,3.495407612180194,0,,,,,,,
1754559000.0330656,1,follower,auto,0.1424005925655365,0.9705705642700195,1.0522031784057617,0,1,0,-0.1424005925655365,0.02942943572998047,-1.0522031784057617,-20,-13.352278103950098,1.3337822645081658,0,,,,,,,
1754559000.1376798,0,follower,auto,1.1527070999145508,0.9571756720542908,-0.05505922809243202,0.0,1.0,-1.0,-1.1527070999145508,0.04282432794570923,-0.944940771907568,0,0,0,0,0.4065696597405991,-0.4383501699568222,-0.10405360262922159,-0.10747041043522329,1.3718821848929619,1.0092024733689016,-0.00132402287482037
1754559000.238004,1,leader,auto,0.1424005925655365,0.9705705642700195,1.0522031784057617,0,1,0,-0.1424005925655365,0.02942943572998047,-1.0522031784057617,0,0,0,0,1.0,-0.16086269226085426,0.07474720371737054,-0.11744933146547853,0.22283193869596363,0.9331969624113343,1.110927844138501
1754559000.2383485,0,follower,auto,1.1105420589447021,0.955098569393158,-0.06859612464904785,0.0,1.0,-1.0,-1.1105420589447021,0.04490143060684204,-0.9314038753509521,-19.98288927256808,-20,3.539080181808913,0,,,,,,,
1754559000.338635,1,follower,auto,0.12970109283924103,0.9750881791114807,1.0529208183288574,0,1,0,-0.12970109283924103,0.024911820888519287,-1.0529208183288574,-20,-11.345696123994134,1.3235176590583795,0,,,,,,,
1754559000.4454527,0,follower,auto,1.1105420589447021,0.955098569393158,-0.06859612464904785,0.0,1.0,-1.0,-1.1105420589447021,0.04490143060684204,-0.9314038753509521,0,0,0,0,0.33287108369807955,-0.4237771980217355,-0.07767247669878286,-0.11212579664094163,1.3224306579555698,0.9939348077425494,-0.012533226328577042
1754559000.5457566,1,leader,auto,0.12970109283924103,0.9750881791114807,1.0529208183288574,0,1,0,-0.12970109283924103,0.024911820888519287,-1.0529208183288574,0,0,0,0,1.0,-0.17813166599246388,0.08873426791060612,-0.10208581551208473,0.21876692583547297,0.9307210451561776,1.1039637260848998
1754559000.546112,0,follower,auto,1.0649908781051636,0.9502936601638794,-0.10368651151657104,0.0,1.0,-1.0,-1.0649908781051636,0.049706339836120605,-0.896313488483429,-19.962843173085883,-20,3.656443941322459,0,,,,,,,
1754559000.646397,1,follower,auto,0.11374782025814056,0.9760288596153259,1.0450023412704468,0,1,0,-0.11374782025814056,0.023971140384674072,-1.0450023412704468,-20,-10.342510631548388,1.3429726394266508,0,,,,,,,
1754559000.7530448,0,follower,auto,1.0649908781051636,0.9502936601638794,-0.10368651151657104,0.0,1.0,-1.0,-1.0649908781051636,0.049706339836120605,-0.896313488483429,0,0,0,0,0.2725317930340126,-0.41021244806236057,-0.04178975766022641,-0.13169725447165115,1.2700971021363439,0.9711885389939926,-0.03783788428074547
1754559000.853436,1,leader,auto,0.11374782025814056,0.9760288596153259,1.0450023412704468,0,1,0,-0.11374782025814056,0.023971140384674072,-1.0450023412704468,0,0,0,0,1.0,-0.18889640521759538,0.10593946691586564,-0.09721768509010653,0.20819602286693825,0.923059126157393,1.0936111838155
1754559000.8537846,0,follower,auto,1.016634225845337,0.9435837864875793,-0.15349523723125458,0.0,1.0,-1.0,-1.016634225845337,0.056416213512420654,-0.8465047627687454,-19.9503040472684,-20,4.763709874071924,0,,,,,,,
1754559000.9540646,1,follower,auto,0.09735766798257828,0.9685834050178528,1.020411491394043,0,1,0,-0.09735766798257828,0.03141659498214722,-1.020411491394043,-19.987077636052405,-8.353572365601964,2.408593317635376,0,,,,,,,
1754559001.064255,0,follower,auto,1.016634225845337,0.9435837864875793,-0.15349523723125458,0.0,1.0,-1.0,-1.016634225845337,0.056416213512420654,-0.8465047627687454,0,0,0,0,0.22313016014842982,-0.39752067313859607,-0.002865236378667979,-0.15063895836247312,1.215394562414635,0.9450164046769134,-0.078175758050018
1754559001.1645746,1,leader,auto,0.09735766798257828,0.9685834050178528,1.020411491394043,0,1,0,-0.09735766798257828,0.03141659498214722,-1.020411491394043,0,0,0,0,1.0,-0.19183541679093963,0.11874016863306647,-0.10599372738022983,0.1932753763780481,0.9092133207013195,1.0734083550841578
1754559001.1649768,0,follower,auto,0.9688804745674133,0.9413235187530518,-0.20808084309101105,0.0,1.0,-1.0,-0.9688804745674133,0.05867648124694824,-0.791919156908989,-19.97295626401954,-20,4.8232258350009465,0,,,,,,,
1754559001.265253,1,follower,auto,0.08778606355190277,0.9532264471054077,0.9855133891105652,0,1,0,-0.08778606355190277,0.046773552894592285,-0.9855133891105652,-19.934265893259415,-7.402684104877742,3.464296696712827,0,,,,,,,
1754559001.4701896,0,follower,auto,0.9688804745674133,0.9413235187530518,-0.20808084309101105,0.0,1.0,-1.0,-0.9688804745674133,0.05867648124694824,-0.791919156908989,0,0,0,0,0.18268352405273466,-0.3827454375751089,0.041197500797658826,-0.15910567324165587,1.1602531933549678,0.9207247683542223,-0.1285280064701831
1754559001.5705907,1,leader,auto,0.08778606355190277,0.9532264471054077,0.9855133891105652,0,1,0,-0.08778606355190277,0.046773552894592285,-0.9855133891105652,0,0,0,0,1.0,-0.1814114679229612,0.12890428200843274,-0.11567803333338467,0.17849179751338337,0.8887743061011913,1.0433524057772576
1754559001.5710897,0,follower,auto,0.9077810645103455,0.9439717531204224,-0.28268250823020935,0.0,1.0,-1.0,-0.9077810645103455,0.05602824687957764,-0.7173174917697906,-20,-20,4.933264787207685,0,,,,,,,
1754559001.6714983,1,follower,auto,0.08815429359674454,0.9295140504837036,0.9303458333015442,0,1,0,-0.08815429359674454,0.07048594951629639,-0.9303458333015442,-19.869870553481213,-7.489172729086289,6.5580227002889675,0,,,,,,,
1754559001.7759705,0,follower,auto,0.9077810645103455,0.9439717531204224,-0.28268250823020935,0.0,1.0,-1.0,-0.9077810645103455,0.05602824687957764,-0.7173174917697906,0,0,0,0,0.14956861922263506,-0.3819112979422521,0.08522650269590393,-0.17704091866877414,1.0987367134814714,0.9013585017724703,-0.19416204889582228
1754559001.8764029,1,leader,auto,0.08815429359674454,0.9295140504837036,0.9303458333015442,0,1,0,-0.08815429359674454,0.07048594951629639,-0.9303458333015442,0,0,0,0,1.0,-0.16096354036372518,0.1365418661395259,-0.13615647419888144,0.16863606377860713,0.8612431174139407,0.9984240704009849
1754559001.8767993,0,follower,auto,0.8613282442092896,0.949737012386322,-0.3391863703727722,0.0,1.0,-1.0,-0.8613282442092896,0.05026298761367798,-0.6608136296272278,-20,-20,4.89440461433251,0,,,,,,,
1754559001.9771562,1,follower,auto,0.0956735610961914,0.9137722849845886,0.886570394039154,0,1,0,-0.0956735610961914,0.08622771501541138,-0.886570394039154,-19.875869300981652,-8.566472751120154,7.534154697817289,0,,,,,,,
1754559002.0786355,0,follower,auto,0.8613282442092896,0.949737012386322,-0.3391863703727722,0.0,1.0,-1.0,-0.8613282442092896,0.05026298761367798,-0.6608136296272278,0,0,0,0,0.1224564282529819,-0.3601138475138539,0.12439217335484232,-0.1604511388660913,1.0413851679662165,0.8875409257089009,-0.25896080093972657
1754559002.178905,1,leader,auto,0.0956735610961914,0.9137722849845886,0.886570394039154,0,1,0,-0.0956735610961914,0.08622771501541138,-0.886570394039154,0,0,0,0,1.0,-0.13981026403312757,0.15864322925137597,-0.13203064759136618,0.1655786931127552,0.8344506703589006,0.9525857178348371
1754559002.1792674,0,follower,auto,0.8125979900360107,0.9555627703666687,-0.39878374338150024,0.0,1.0,-1.0,-0.8125979900360107,0.0444372296333313,-0.6012162566184998,-20,-20,3.9008030594477634,0,,,,,,,
1754559002.279574,1,follower,auto,0.10685831308364868,0.9047483205795288,0.8392311334609985,0,1,0,-0.10685831308364868,0.09525167942047119,-0.8392311334609985,-19.900845120853273,-9.631291820472306,8.536898595262087,0,,,,,,,
1754559002.3850622,0,follower,auto,0.8125979900360107,0.9555627703666687,-0.39878374338150024,0.0,1.0,-1.0,-0.8125979900360107,0.0444372296333313,-0.6012162566184998,0,0,0,0,0.10025884372280375,-0.3462845868459081,0.15532805526391957,-0.14891258472462116,0.9857402834589648,0.8778987427347089,-0.3243274510191897
1754559002.4853785,1,leader,auto,0.10685831308364868,0.9047483205795288,0.8392311334609985,0,1,0,-0.10685831308364868,0.09525167942047119,-0.8392311334609985,0,0,0,0,1.0,-0.12434789564861959,0.18518255515474158,-0.13182356496979553,0.16903226090795848,0.8121570430021581,0.9051429159458964
1754559002.4857237,0,follower,auto,0.7646675109863281,0.9596523642539978,-0.4585631191730499,0.0,1.0,-1.0,-0.7646675109863281,0.0403476357460022,-0.5414368808269501,-20,-20,3.9078795832720274,0,,,,,,,
1754559002.5859785,1,follower,auto,0.1191634014248848,0.9056833386421204,0.7904501557350159,0,1,0,-0.1191634014248848,0.09431666135787964,-0.7904501557350159,-19.950945797713423,-10.680799593289443,8.539384397914564,0,,,,,,,
1754559002.7409258,0,follower,auto,0.7646675109863281,0.9596523642539978,-0.4585631191730499,0.0,1.0,-1.0,-0.7646675109863281,0.0403476357460022,-0.5414368808269501,0,0,0,0,0.1,-0.3343302603091254,0.17818686825696617,-0.136802232565432,0.9318326411408908,0.8705589301255148,-0.3901620028903339
1754559002.8411908,1,leader,auto,0.1191634014248848,0.9056833386421204,0.7904501557350159,0,1,0,-0.1191634014248848,0.09431666135787964,-0.7904501557350159,0,0,0,0,1.0,-0.1164233142276557,0.21534926683409705,-0.1324709898542138,0.17737505853871266,0.7980087052250718,0.8566856506621228
1754559002.8417635,0,follower,auto,0.7086108326911926,0.960126519203186,-0.526831865310669,0.0,1.0,-1.0,-0.7086108326911926,0.039873480796813965,-0.47316813468933105,-20,-20,2.948712350795474,0,,,,,,,
1754559002.942072,1,follower,auto,0.13069483637809753,0.9145110249519348,0.7305716872215271,0,1,0,-0.13069483637809753,0.08548897504806519,-0.7305716872215271,-20,-12.722113046723528,7.583685145095156,0,,,,,,,
1754559003.0469193,0,follower,auto,0.7086108326911926,0.960126519203186,-0.526831865310669,0.0,1.0,-1.0,-0.7086108326911926,0.039873480796813965,-0.47316813468933105,0,0,0,0,0.1,-0.33307617806454815,0.19352775503736097,-0.13356815013559858,0.8751489217234667,0.8633626416845055,-0.4600477902428697
1754559003.147258,1,leader,auto,0.13069483637809753,0.9145110249519348,0.7305716872215271,0,1,0,-0.13069483637809753,0.08548897504806519,-0.7305716872215271,0,0,0,0,1.0,-0.11576584450255067,0.24320178804032433,-0.14315860819204862,0.18857775862937287,0.7929101309317726,0.8021509913175514
1754559003.1480865,0,follower,auto,0.6639232039451599,0.9618618488311768,-0.5872289538383484,0.0,1.0,-1.0,-0.6639232039451599,0.03813815116882324,-0.4127710461616516,-20,-20,2.929919969400706,0,,,,,,,
1754559003.2485476,1,follower,auto,0.13665974140167236,0.9262384176254272,0.6760562658309937,0,1,0,-0.13665974140167236,0.07376158237457275,-0.6760562658309937,-20,-12.729353316926337,6.5724318210229775,0,,,,,,,
1754559003.3532705,0,follower,auto,0.6639232039451599,0.9618618488311768,-0.5872289538383484,0.0,1.0,-1.0,-0.6639232039451599,0.03813815116882324,-0.4127710461616516,0,0,0,0,0.1,-0.3177647549286383,0.20891243025374573,-0.11767839315204581,0.822805581409479,0.8574056337043039,-0.5283897572623255
1754559003.4536357,1,leader,auto,0.13665974140167236,0.9262384176254272,0.6760562658309937,0,1,0,-0.13665974140167236,0.07376158237457275,-0.6760562658309937,0,0,0,0,1.0,-0.12562214350118106,0.26300362984429326,-0.14070195280966247,0.1994708131522629,0.7947366027032806,0.7464072422358249
1754559003.4541686,0,follower,auto,0.6189767122268677,0.9621843099594116,-0.6543310880661011,0.0,1.0,-1.0,-0.6189767122268677,0.03781569004058838,-0.3456689119338989,-20,-20,2.9566380498888916,0,,,,,,,
1754559003.554564,1,follower,auto,0.14287307858467102,0.9399273991584778,0.6177096366882324,0,1,0,-0.14287307858467102,0.06007260084152222,-0.6177096366882324,-20,-13.754147254319005,5.580952293394372,0,,,,,,,
1754559003.6619003,0,follower,auto,0.6189767122268677,0.9621843099594116,-0.6543310880661011,0.0,1.0,-1.0,-0.6189767122268677,0.03781569004058838,-0.3456689119338989,0,0,0,0,0.1,-0.3081243734879382,0.22056802924441987,-0.11113099280910022,0.7730388989708368,0.8519002953372017,-0.598765591661551
1754559003.7621593,1,leader,auto,0.14287307858467102,0.9399273991584778,0.6177096366882324,0,1,0,-0.14287307858467102,0.06007260084152222,-0.6177096366882324,0,0,0,0,1.0,-0.1342376641129161,0.2764558855167353,-0.14002812799504372,0.20999191064112907,0.8016994564001101,0.6877237006857543
1754559003.7625608,0,follower,auto,0.5719558596611023,0.9596576690673828,-0.7200811505317688,0.0,1.0,-1.0,-0.5719558596611023,0.04034233093261719,-0.2799188494682312,-19.996621677866656,-19.9770685602289,3.9604207014466173,0,,,,,,,
1754559003.8628588,1,follower,auto,0.14398504793643951,0.9498240351676941,0.5569961071014404,0,1,0,-0.14398504793643951,0.05017596483230591,-0.5569961071014404,-20,-13.759830614593927,4.592003488158692,0,,,,,,,
1754559003.967908,0,follower,auto,0.5719558596611023,0.9596576690673828,-0.7200811505317688,0.0,1.0,-1.0,-0.5719558596611023,0.04034233093261719,-0.2799188494682312,0,0,0,0,0.10539922456186433,-0.30380983747090573,0.2281069646723839,-0.10168268942879433,0.7238607783965552,0.8456041867311909,-0.6692398058173716
1754559004.0681832,1,leader,auto,0.14398504793643951,0.9498240351676941,0.5569961071014404,0,1,0,-0.14398504793643951,0.05017596483230591,-0.5569961071014404,0,0,0,0,1.0,-0.14800430301642864,0.28003775584295065,-0.13783709936550648,0.21798719944465383,0.8098051572462188,0.6259146567841937
1754559004.0685773,0,follower,auto,0.5217493176460266,0.9586435556411743,-0.7819967269897461,0.0,1.0,-1.0,-0.5217493176460266,0.041356444358825684,-0.2180032730102539,-19.99639873313638,-19.93481262979095,3.9441106884308113,0,,,,,,,
1754559004.1688921,1,follower,auto,0.13909217715263367,0.9529076218605042,0.49435821175575256,0,1,0,-0.13909217715263367,0.04709237813949585,-0.49435821175575256,-20,-12.754839588900596,3.6047411500261752,0,,,,,,,
1754559004.2744794,0,follower,auto,0.5217493176460266,0.9586435556411743,-0.7819967269897461,0.0,1.0,-1.0,-0.5217493176460266,0.041356444358825684,-0.2180032730102539,0,0,0,0,0.1224564282529819,-0.3035486388489652,0.23741809400298608,-0.08996668417238196,0.6735236370705092,0.8399345086396812,-0.7370133849035552
1754559004.374863,1,leader,auto,0.13909217715263367,0.9529076218605042,0.49435821175575256,0,1,0,-0.13909217715263367,0.04709237813949585,-0.49435821175575256,0,0,0,0,1.0,-0.16429199200720318,0.2754129987806454,-0.1336093573422069,0.22123817315623526,0.8152011224701814,0.561162890426856
1754559004.3753278,0,follower,auto,0.4733167886734009,0.9537378549575806,-0.8400652408599854,0.0,1.0,-1.0,-0.4733167886734009,0.046262145042419434,-0.15993475914001465,-14.978821581029095,-19.91469719725008,3.919310938973053,0,,,,,,,
1754559004.4756093,1,follower,auto,0.12906959652900696,0.9511739015579224,0.4298245310783386,0,1,0,-0.12906959652900696,0.04882609844207764,-0.4298245310783386,-20,-11.74668700805312,3.6202738296641863,0,,,,,,,
1754559004.581074,0,follower,auto,0.4733167886734009,0.9537378549575806,-0.8400652408599854,0.0,1.0,-1.0,-0.4733167886734009,0.046262145042419434,-0.15993475914001465,0,0,0,0,0.1422740715865136,-0.30033043440590845,0.24155920356382932,-0.07790806175280174,0.623482005876355,0.8329582531756659,-0.8011112099835844
1754559004.681405,1,leader,auto,0.12906959652900696,0.9511739015579224,0.4298245310783386,0,1,0,-0.12906959652900696,0.04882609844207764,-0.4298245310783386,0,0,0,0,1.0,-0.17881994649080768,0.26900440333945586,-0.1276433577983549,0.2184795697744108,0.8166716998881944,0.49364620997751607
1754559004.6817737,0,follower,auto,0.425714373588562,0.9454419016838074,-0.8881691098213196,0.0,1.0,-1.0,-0.425714373588562,0.05455809831619263,-0.11183089017868042,-10.95959737581706,-19.896451644650565,4.8626847814496825,0,,,,,,,
1754559004.7820563,1,follower,auto,0.1191525012254715,0.9433495402336121,0.3675565719604492,0,1,0,-0.1191525012254715,0.05665045976638794,-0.3675565719604492,-19.966594423472678,-10.760381673309224,4.622752327074228,0,,,,,,,
1754559004.8867288,0,follower,auto,0.425714373588562,0.9454419016838074,-0.8881691098213196,0.0,1.0,-1.0,-0.425714373588562,0.05455809831619263,-0.11183089017868042,0,0,0,0,0.16529888822158653,-0.29678278508542966,0.23830918308563254,-0.06037985225038367,0.5741057661312768,0.8262873101409911,-0.8579791836961277
1754559004.987097,1,leader,auto,0.1191525012254715,0.9433495402336121,0.3675565719604492,0,1,0,-0.1191525012254715,0.05665045976638794,-0.3675565719604492,0,0,0,0,1.0,-0.1852077291662153,0.26087915636337067,-0.1170798752506837,0.21175636580857915,0.8129099620519267,0.42609650958579104
1754559004.9874706,0,follower,auto,0.3774409890174866,0.9422349333763123,-0.9315299391746521,0.0,1.0,-1.0,-0.3774409890174866,0.057765066623687744,-0.0684700608253479,-5.978608239539551,-19.871604957148868,4.818315163581862,0,,,,,,,
1754559005.0877454,1,follower,auto,0.10977629572153091,0.9346100687980652,0.30751150846481323,0,1,0,-0.10977629572153091,0.06538993120193481,-0.30751150846481323,-19.949074253326593,-9.783316759924,5.621620718940979,0,,,,,,,
1754559005.1935513,0,follower,auto,0.3774409890174866,0.9422349333763123,-0.9315299391746521,0.0,1.0,-1.0,-0.3774409890174866,0.057765066623687744,-0.0684700608253479,0,0,0,0,0.19204990862075413,-0.29480158660009737,0.23605111237263499,-0.047508803015095746,0.5248417823175353,0.8242093771899948,-0.9077755376671042
1754559005.2938879,1,leader,auto,0.10977629572153091,0.9346100687980652,0.30751150846481323,0,1,0,-0.10977629572153091,0.06538993120193481,-0.30751150846481323,0,0,0,0,1.0,-0.1856565713359984,0.2576064762421283,-0.10600239941412104,0.2026045813895301,0.805806830677001,0.36051270817187375
1754559005.294258,0,follower,auto,0.3277381956577301,0.9384808540344238,-0.9662346839904785,0.0,1.0,-1.0,-0.3277381956577301,0.06151914596557617,-0.033765316009521484,-2.9812797083997986,-19.8383378867702,5.75863787869492,0,,,,,,,
1754559005.394609,1,follower,auto,0.10475856810808182,0.9304194450378418,0.2511167526245117,0,1,0,-0.10475856810808182,0.0695805549621582,-0.2511167526245117,-19.963657286431175,-9.828312440264197,5.615960788817669,0,,,,,,,
1754559005.4991035,0,follower,auto,0.3277381956577301,0.9384808540344238,-0.9662346839904785,0.0,1.0,-1.0,-0.3277381956577301,0.06151914596557617,-0.033765316009521484,0,0,0,0,0.22313016014842982,-0.2944758900412543,0.22382999635519796,-0.03390989281247081,0.47497614067835725,0.8265658558568248,-0.9492797375842431
1754559005.5994585,1,leader,auto,0.10475856810808182,0.9304194450378418,0.2511167526245117,0,1,0,-0.10475856810808182,0.0695805549621582,-0.2511167526245117,0,0,0,0,1.0,-0.17830987129680254,0.26243560477320815,-0.09501480660045775,0.19391350375648309,0.7992016426512377,0.29862415592474056
1754559005.5998137,0,follower,auto,0.2768482565879822,0.9371820688247681,-0.9879694581031799,0.0,1.0,-1.0,-0.2768482565879822,0.06281793117523193,-0.012030541896820068,-0.9950408963723261,-19.803113227468618,5.669970371544,0,,,,,,,
1754559005.7001667,1,follower,auto,0.101038359105587,0.9245771765708923,0.1957242339849472,0,1,0,-0.101038359105587,0.07542282342910767,-0.1957242339849472,-18.958447776635225,-9.867519248738281,6.626343858269294,0,,,,,,,
1754559005.8055542,0,follower,auto,0.2768482565879822,0.9371820688247681,-0.9879694581031799,0.0,1.0,-1.0,-0.2768482565879822,0.06281793117523193,-0.012030541896820068,0,0,0,0,0.2592402606458915,-0.29472521305570654,0.20748791244224807,-0.017525412389855277,0.42421086311583545,0.8334381126036441,-0.9792067519082523
1754559005.9059541,1,leader,auto,0.101038359105587,0.9245771765708923,0.1957242339849472,0,1,0,-0.101038359105587,0.07542282342910767,-0.1957242339849472,0,0,0,0,1.0,-0.17068562411573834,0.2647916892843285,-0.0874836973196747,0.18638117116345618,0.7921813319287281,0.23946608264478456
1754559005.9063168,0,follower,auto,0.2241109013557434,0.9395288228988647,-0.9962173104286194,0.0,1.0,-1.0,-0.2241109013557434,0.060471177101135254,-0.0037826895713806152,-0.02369526113162276,-19.76476358112153,5.561997422343384,0,,,,,,,
1754559006.0065882,1,follower,auto,0.0958237573504448,0.9102029800415039,0.13616634905338287,0,1,0,-0.0958237573504448,0.0897970199584961,-0.13616634905338287,-12.911836082458416,-8.89302794239354,7.67168094308002,0,,,,,,,
1754559006.163404,0,follower,auto,0.2241109013557434,0.9395288228988647,-0.9962173104286194,0.0,1.0,-1.0,-0.2241109013557434,0.060471177101135254,-0.0037826895713806152,0,0,0,0,0.30119421191220214,-0.29586963903899277,0.18943329679494048,-0.00028944189553969935,0.3720457208752398,0.8448121745013946,-0.9960725894808495
1754559006.2637482,1,leader,auto,0.0958237573504448,0.9102029800415039,0.13616634905338287,0,1,0,-0.0958237573504448,0.0897970199584961,-0.13616634905338287,0,0,0,0,1.0,-0.16628741883849024,0.25786083300418206,-0.08838599401717512,0.17896746676968991,0.7812725635394129,0.18035934606197043
1754559006.264095,0,follower,auto,0.16782619059085846,0.9443570971488953,-0.9958584308624268,0.0,1.0,-1.0,-0.16782619059085846,0.055642902851104736,-0.004141569137573242,-0.0505328699502046,-15.716579884846379,4.459293050100175,0,,,,,,,
1754559006.3644536,1,follower,auto,0.09009572118520737,0.8969834446907043,0.06419186294078827,0,1,0,-0.09009572118520737,0.10301655530929565,-0.06419186294078827,-5.894883236503578,-8.920304035101628,9.771596007021735,0,,,,,,,
1754559006.468793,0,follower,auto,0.16782619059085846,0.9443570971488953,-0.9958584308624268,0.0,1.0,-1.0,-0.16782619059085846,0.055642902851104736,-0.004141569137573242,0,0,0,0,0.3499377491111553,-0.2990430964116741,0.16965087363270626,0.011393538753594612,0.31734773879669553,0.8595316603325421,-1.001555200239224
1754559006.56907,1,leader,auto,0.09009572118520737,0.8969834446907043,0.06419186294078827,0,1,0,-0.09009572118520737,0.10301655530929565,-0.06419186294078827,0,0,0,0,1.0,-0.1618546592336606,0.25041164381486336,-0.10273840490883335,0.17102305080203767,0.7717776227832727,0.11556106539520494
1754559006.5694563,0,follower,auto,0.12701386213302612,0.9464592933654785,-0.991496741771698,0.0,1.0,-1.0,-0.12701386213302612,0.053540706634521484,-0.008503258228302002,-0.043630923168441506,-11.752046343403867,4.385522099881922,0,,,,,,,
1754559006.6697352,1,follower,auto,0.08955445885658264,0.8995108008384705,0.003273811424151063,0,1,0,-0.08955445885658264,0.10048919916152954,-0.003273811424151063,0.0405619713020396,-7.965333751277416,9.781281339443465,0,,,,,,,
1754559006.7746787,0,follower,auto,0.12701386213302612,0.9464592933654785,-0.991496741771698,0.0,1.0,-1.0,-0.12701386213302612,0.053540706634521484,-0.008503258228302002,0,0,0,0,0.4065696597405991,-0.27994100592699134,0.14520855573380276,0.015980997839845967,0.2669843650965218,0.8738550154985771,-0.999487240691621
1754559006.87514,1,leader,auto,0.08955445885658264,0.8995108008384705,0.003273811424151063,0,1,0,-0.08955445885658264,0.10048919916152954,-0.003273811424151063,0,0,0,0,1.0,-0.1520419834833785,0.25080000888823284,-0.10143808342210847,0.1655754505982719,0.7741107963943541,0.0539928531352053
1754559006.8754852,0,follower,auto,0.09237708151340485,0.9459037184715271,-0.9845072627067566,0.0,1.0,-1.0,-0.09237708151340485,0.0540962815284729,-0.015492737293243408,-1.024964614312822,-8.77255164823467,4.330092924433628,0,,,,,,,
1754559006.9758005,1,follower,auto,0.09378555417060852,0.9081379175186157,-0.04642258584499359,0,1,0,-0.09378555417060852,0.09186208248138428,0.04642258584499359,3.9901434532508873,-9.014958501886216,8.759317163821642,0,,,,,,,
1754559007.0814407,0,follower,auto,0.09237708151340485,0.9459037184715271,-0.9845072627067566,0.0,1.0,-1.0,-0.09237708151340485,0.0540962815284729,-0.015492737293243408,0,0,0,0,0.4723665527410147,-0.25637058877495333,0.12020865769561861,0.01539832540851327,0.2205623759008815,0.8857993896237177,-0.9922064254110132
1754559007.1817234,1,leader,auto,0.09378555417060852,0.9081379175186157,-0.04642258584499359,0,1,0,-0.09378555417060852,0.09186208248138428,0.04642258584499359,0,0,0,0,1.0,-0.13968568287302777,0.23949738936381826,-0.09224688393114935,0.1636283956071224,0.7883892228367066,-0.00029914387941892134
1754559007.1936605,0,follower,auto,0.061876989901065826,0.9428439736366272,-0.9782892465591431,0.0,1.0,-1.0,-0.061876989901065826,0.0571560263633728,-0.021710753440856934,-2.0066165040734334,-5.781344363515181,4.303116146206164,0,,,,,,,
1754559007.2940304,1,follower,auto,0.09950077533721924,0.9115508198738098,-0.07985728234052658,0,1,0,-0.09950077533721924,0.08844918012619019,0.07985728234052658,6.994686894169617,-9.050812225649025,7.698016937731679,0,,,,,,,
1754559007.4414117,0,follower,auto,0.061876989901065826,0.9428439736366272,-0.9782892465591431,0.0,1.0,-1.0,-0.061876989901065826,0.0571560263633728,-0.021710753440856934,0,0,0,0,0.5488116360940264,-0.23127530162564003,0.09781489731119763,0.008927550572489396,0.17751464071388584,0.8939365249810284,-0.9827530218453877
1754559007.5419798,1,leader,auto,0.09950077533721924,0.9115508198738098,-0.07985728234052658,0,1,0,-0.09950077533721924,0.08844918012619019,0.07985728234052658,0,0,0,0,1.0,-0.1312603674160418,0.2078769045679416,-0.0736916187006993,0.16513095904524014,0.807612367589839,-0.04301147299017693
1754559007.54352,0,follower,auto,0.03730296343564987,0.9365676641464233,-0.9747847318649292,0.0,1.0,-1.0,-0.03730296343564987,0.06343233585357666,-0.0252152681350708,-1.9830306884885704,-2.7956027328743347,5.3013991978702855,0,,,,,,,
1754559007.6444774,1,follower,auto,0.10790620744228363,0.9148359894752502,-0.09661628305912018,0,1,0,-0.10790620744228363,0.08516401052474976,0.09661628305912018,8.992014593050232,-10.08613614756145,7.614609568613463,0,,,,,,,
1754559007.7983294,0,follower,auto,0.03730296343564987,0.9365676641464233,-0.9747847318649292,0.0,1.0,-1.0,-0.03730296343564987,0.06343233585357666,-0.0252152681350708,0,0,0,0,0.6376281516217733,-0.2023936661537807,0.07856102615597271,-0.0019493829852026412,0.13849979651254024,0.897287151068437,-0.9738100403723279
1754559007.8987844,1,leader,auto,0.10790620744228363,0.9148359894752502,-0.09661628305912018,0,1,0,-0.10790620744228363,0.08516401052474976,0.09661628305912018,0,0,0,0,1.0,-0.12422008525562128,0.17039285920232417,-0.05027789393721762,0.17001625007009427,0.8296395598740882,-0.07147733609051136
1754559007.8996735,0,follower,auto,0.02585841715335846,0.93565833568573,-0.9743178486824036,0.0,1.0,-1.0,-0.02585841715335846,0.06434166431427002,-0.025682151317596436,-1.997490096009996,-1.8485866399041953,5.318130976168451,0,,,,,,,
1754559008.000198,1,follower,auto,0.11708453297615051,0.9184720516204834,-0.09474710375070572,0,1,0,-0.11708453297615051,0.0815279483795166,0.09474710375070572,8.988732985903427,-11.106416897083157,7.506860191314725,0,,,,,,,
1754559008.1022432,0,follower,auto,0.02585841715335846,0.93565833568573,-0.9743178486824036,0.0,1.0,-1.0,-0.02585841715335846,0.06434166431427002,-0.025682151317596436,0,0,0,0,0.7408182206817179,-0.1634514143368362,0.07078483046544115,-0.015590423664642916,0.10758412432177655,0.9002659204530095,-0.9665226368500821
1754559008.2026472,1,leader,auto,0.11708453297615051,0.9184720516204834,-0.09474710375070572,0,1,0,-0.11708453297615051,0.0815279483795166,0.09474710375070572,0,0,0,0,1.0,-0.12131778092627649,0.13108221432609524,-0.02403800852147696,0.17774342343928876,0.8529309444574358,-0.08272809948996723
1754559008.2039666,0,follower,auto,0.02200743369758129,0.9368799328804016,-0.9718384146690369,0.0,1.0,-1.0,-0.02200743369758129,0.06312006711959839,-0.028161585330963135,-2.009380507444509,-1.8948361546227974,5.321087770673078,0,,,,,,,
1754559008.3047247,1,follower,auto,0.12198477983474731,0.9233860969543457,-0.08119702339172363,0,1,0,-0.12198477983474731,0.0766139030456543,0.08119702339172363,7.980983675792696,-12.096071812765251,6.41908561920801,0,,,,,,,
1754559008.4089952,0,follower,auto,0.02200743369758129,0.9368799328804016,-0.9718384146690369,0.0,1.0,-1.0,-0.02200743369758129,0.06312006711959839,-0.028161585330963135,0,0,0,0,0.8607079764250578,-0.12679371323817534,0.06607021023896942,-0.02462519449316547,0.08540429031666896,0.9038448277609169,-0.9595258174224541
1754559008.5093386,1,leader,auto,0.12198477983474731,0.9233860969543457,-0.08119702339172363,0,1,0,-0.12198477983474731,0.0766139030456543,0.08119702339172363,0,0,0,0,1.0,-0.12675887966911797,0.09454038708787982,-0.005061364357850345,0.1853642196693063,0.8761159034104058,-0.07866634121279846
1754559008.5097442,0,follower,auto,0.025337981060147285,0.9381859302520752,-0.9695588946342468,0.0,1.0,-1.0,-0.025337981060147285,0.061814069747924805,-0.030441105365753174,-3.0128786694929506,-1.9415524716430796,5.32976592839135,0,,,,,,,
1754559008.610023,1,follower,auto,0.12347564101219177,0.9265055656433105,-0.06401050835847855,0,1,0,-0.12347564101219177,0.07349443435668945,0.06401050835847855,5.985772662542725,-12.075969834441379,6.370528741287229,0,,,,,,,
1754559008.714793,0,follower,auto,0.025337981060147285,0.9381859302520752,-0.9695588946342468,0.0,1.0,-1.0,-0.025337981060147285,0.061814069747924805,-0.030441105365753174,0,0,0,0,1.0,-0.09430260809845228,0.06118176609345227,-0.032939818042154845,0.07248928510937343,0.9075950472053491,-0.9530889856131695
1754559008.8152602,1,leader,auto,0.12347564101219177,0.9265055656433105,-0.06401050835847855,0,1,0,-0.12347564101219177,0.07349443435668945,0.06401050835847855,0,0,0,0,1.0,-0.13611176495761806,0.0598760860519304,0.00199860228406748,0.1915315234910008,0.8965675226173453,-0.06500980950051229
1754559008.8159783,0,follower,auto,0.028719771653413773,0.9407078623771667,-0.9721943736076355,0.0,1.0,-1.0,-0.028719771653413773,0.05929213762283325,-0.027805626392364502,-2.0210440007425996,-1.9584012634010284,4.363343619735161,0,,,,,,,
1754559008.917149,1,follower,auto,0.12194106727838516,0.9262232780456543,-0.044955141842365265,0,1,0,-0.12194106727838516,0.0737767219543457,0.044955141842365265,4.003505691642304,-12.054613739234041,6.337781253488969,0,,,,,,,
1754559009.0205898,0,follower,auto,0.028719771653413773,0.9407078623771667,-0.9721943736076355,0.0,1.0,-1.0,-0.028719771653413773,0.05929213762283325,-0.027805626392364502,0,0,0,0,0.867,-0.07334618220264168,0.058683633817062875,-0.04503610749026876,0.0653928627547346,0.9113660454686353,-0.9496763198625011
1754559009.1209185,1,leader,auto,0.12194106727838516,0.9262232780456543,-0.044955141842365265,0,1,0,-0.12194106727838516,0.0737767219543457,0.044955141842365265,0,0,0,0,1.0,-0.1463617888005273,0.028965080561156764,0.00088700618672264,0.19512196167864881,0.9117407377650759,-0.04539864493572658
1754559009.1212528,0,follower,auto,0.03061368316411972,0.9440146088600159,-0.9744176268577576,0.0,1.0,-1.0,-0.03061368316411972,0.05598539113998413,-0.02558237314224243,-2.0313599433773057,-2.960628965614771,4.379659746045208,0,,,,,,,
1754559009.2215867,1,follower,auto,0.11665647476911545,0.9210718870162964,-0.027380863204598427,0,1,0,-0.11665647476911545,0.07892811298370361,0.027380863204598427,2.0338459577425536,-11.029034674981782,6.326203409293923,0,,,,,,,
1754559009.3814564,0,follower,auto,0.03061368316411972,0.9440146088600159,-0.9744176268577576,0.0,1.0,-1.0,-0.03061368316411972,0.05598539113998413,-0.02558237314224243,0,0,0,0,1.0,-0.061180016846513016,0.05613257167017405,-0.051882842586475464,0.06120369158737623,0.9159483230249288,-0.9484762055645198
1754559009.481798,1,leader,auto,0.11665647476911545,0.9210718870162964,-0.027380863204598427,0,1,0,-0.11665647476911545,0.07892811298370361,0.027380863204598427,0,0,0,0,1.0,-0.15704610802064212,0.0026094130531449933,-0.00754975142685578,0.1951795287794365,0.9197671804897238,-0.023605987491170537
1754559009.4821458,0,follower,auto,0.030794810503721237,0.9478928446769714,-0.9753812551498413,0.0,1.0,-1.0,-0.030794810503721237,0.052107155323028564,-0.02461874485015869,-2.0424448050938038,-2.9606188327427314,4.387552840770583,0,,,,,,,
1754559009.5824664,1,follower,auto,0.10382530093193054,0.9130963087081909,-0.008590762503445148,0,1,0,-0.10382530093193054,0.08690369129180908,0.008590762503445148,0.06039944786620789,-9.983150064146384,7.309334921713064,0,,,,,,,
1754559009.6881142,0,follower,auto,0.030794810503721237,0.9478928446769714,-0.9753812551498413,0.0,1.0,-1.0,-0.030794810503721237,0.052107155323028564,-0.02461874485015869,0,0,0,0,1.0,-0.05548774612591198,0.05353060985730118,-0.05479444594153238,0.05853868356667723,0.9211275397483208,-0.9479840321790751
1754559009.788382,1,leader,auto,0.10382530093193054,0.9130963087081909,-0.008590762503445148,0,1,0,-0.10382530093193054,0.08690369129180908,0.008590762503445148,0,0,0,0,1.0,-0.16997065607215156,-0.015609112851071139,-0.016350028979672568,0.18881062896800632,0.9209008651337265,-0.00041574801360886454
1754559009.8891017,0,follower,auto,0.034439705312252045,0.9481114149093628,-0.9751738905906677,0.0,1.0,-1.0,-0.034439705312252045,0.05188858509063721,-0.024826109409332275,-2.0310877012575266,-2.9831899213151813,4.390362695254028,0,,,,,,,
1754559013.7961228,1,follower,auto,0.09018933027982712,0.9086120128631592,0.006476214155554771,0,1,0,-0.09018933027982712,0.09138798713684082,-0.006476214155554771,0.05439014166233735,-8.957978229208548,8.314551400374738,0,,,,,,,
1754559013.9989324,0,follower,auto,0.034439705312252045,0.9481114149093628,-0.9751738905906677,0.0,1.0,-1.0,-0.034439705312252045,0.05188858509063721,-0.024826109409332275,0,0,0,0,1.0,-0.048254319900611076,0.046865265481383256,-0.05563119639266689,0.05856686526255758,0.9246787821686712,-0.9473582923943342
1754559014.099257,1,leader,auto,0.09018933027982712,0.9086120128631592,0.006476214155554771,0,1,0,-0.09018933027982712,0.09138798713684082,-0.006476214155554771,0,0,0,0,1.0,-0.1753229310519206,-0.020194854888396674,-0.030638124691370304,0.17785079580578741,0.9187094403073575,0.021795276501239923
1754559014.222361,0,follower,auto,0.11229579895734787,0.051765576004981995,-0.922146201133728,0.0,1.0,-1.0,-0.11229579895734787,0.948234423995018,-0.07785379886627197,0,0,0,0,0.8,0.029968204520331998,-0.8542812967257871,-0.003725425668235416,0.09731169669718187,0.47890622436787555,-0.9202834882996103
1754559014.3227181,1,leader,auto,-0.018514364957809448,0.05446184426546097,0.0843222364783287,0,1,0,0.018514364957809448,0.945538155734539,-0.0843222364783287,0,0,0,0,0.8,-0.26975216618291237,-0.8707943489592005,0.018826990444576017,0.11636171813364674,0.4898590187450612,0.07490874125604069
1754559014.428111,0,follower,auto,0.11228162050247192,0.05177753418684006,-0.9221783876419067,0.0,1.0,-1.0,-0.11228162050247192,0.9482224658131599,-0.07782161235809326,0,0,0,0,0.95,-0.01387176960690667,-0.34666600227107086,-0.03496199916961562,0.11921750530592526,0.2251105353223755,-0.904697388057099
1754559014.5284178,1,leader,auto,-0.018512612208724022,0.05448518693447113,0.0843094065785408,0,1,0,0.018512612208724022,0.9455148130655289,-0.0843094065785408,0,0,0,0,0.9048374180359595,-0.19833666235809094,-0.38101937044241235,-0.0439317449415077,0.08065571897032145,0.2449948721556773,0.10627527904929465
1754559014.6313286,0,follower,auto,0.11228416115045547,0.051771290600299835,-0.9221675992012024,0.0,1.0,-1.0,-0.11228416115045547,0.9482287093997002,-0.07783240079879761,0,0,0,0,1.0,-0.037787203616498205,-0.06657884895187853,-0.05248033372480354,0.1311777629587046,0.08506071507623911,-0.8959274323388007
1754559014.73168,1,leader,auto,-0.018521113321185112,0.05446208640933037,0.08432457596063614,0,1,0,0.018521113321185112,0.9455379135906696,-0.08432457596063614,0,0,0,0,0.75,-0.15771357617136894,-0.1095613585888627,-0.08052244260713554,0.06033567476449936,0.10924276570376172,0.1245857972642039
1754559014.8383214,0,follower,auto,0.1122918501496315,0.0517985038459301,-0.9221382141113281,0.0,1.0,-1.0,-0.1122918501496315,0.9482014961540699,-0.07786178588867188,0,0,0,0,1.0,-0.05007785793826183,0.08018979166777715,-0.06193764368774535,0.1373307791187624,0.011703608012041525,-0.8911693922674555
1754559014.9392564,1,leader,auto,-0.018513653427362442,0.054461900144815445,0.08430767059326172,0,1,0,0.018513653427362442,0.9455380998551846,-0.08430767059326172,0,0,0,0,0.9,-0.1353040999689369,0.033805466558096006,-0.10152784660729447,0.049138396557106,0.03755916686576744,0.13507159389690895
