timestamp,drone_id,role,mode,x,y,z,target_x,target_y,target_z,error_x,error_y,error_z,rc_lr,rc_fb,rc_ud,rc_yaw,trust,obs_error_x,obs_error_y,obs_error_z,obs_state_x,obs_state_y,obs_state_z,cbf_fire_flag,rc_safe_x,rc_safe_z,rc_diff_norm,qp_status,active_constraint_id,rc_nom_x,rc_nom_z,h_x,HOh_x,h2_value,h2_satisfied,h3_value,h3_satisfied,velocity_diff_x,velocity_diff_y
1761029178.4430842,0,leader,manual,0.6128341555595398,0.05192512273788452,0.8372464776039124,0.55,1,1,-0.06283415555953975,0.9480748772621155,0.16275352239608765,0,0,0,0,1.0,0,0,0,0,0,0,False,,,,,,,,,,,,,,,
1761029178.5439694,1,follower,manual,0.038314249366521835,0.055952250957489014,0.8173360228538513,0.1,1,1,0.06168575063347817,0.944047749042511,0.18266397714614868,0,0,0,0,1.0,0,0,0,0,0,0,False,,,,,,,,,,,,,,,
1761029178.6475194,0,leader,manual,0.6128354668617249,0.05193179473280907,0.8372500538825989,0.55,1,1,-0.06283546686172481,0.9480682052671909,0.16274994611740112,0,0,0,0,1.0,0,0,0,0,0,0,False,,,,,,,,,,,,,,,
1761029178.7488348,1,follower,manual,0.03816375136375427,0.05636261776089668,0.8176028728485107,0.1,1,1,0.06183624863624573,0.9436373822391033,0.18239712715148926,0,0,0,0,1.0,0,0,0,0,0,0,False,,,,,,,,,,,,,,,
1761029178.8521457,0,leader,manual,0.6128307580947876,0.0519343763589859,0.8372484445571899,0.55,1,1,-0.06283075809478755,0.9480656236410141,0.16275155544281006,0,0,0,0,1.0,0,0,0,0,0,0,False,,,,,,,,,,,,,,,
1761029178.952487,1,follower,manual,0.03815935179591179,0.05636860057711601,0.8176038265228271,0.1,1,1,0.06184064820408822,0.943631399422884,0.18239617347717285,0,0,0,0,1.0,0,0,0,0,0,0,False,,,,,,,,,,,,,,,
1761029179.0594275,0,leader,manual,0.6128354668617249,0.051932476460933685,0.8372433185577393,0.55,1,1,-0.06283546686172481,0.9480675235390663,0.16275668144226074,0,0,0,0,1.0,0,0,0,0,0,0,False,,,,,,,,,,,,,,,
1761029179.1598082,1,follower,manual,0.03831666707992554,0.055960509926080704,0.8173327445983887,0.1,1,1,0.06168333292007447,0.9440394900739193,0.18266725540161133,0,0,0,0,1.0,0,0,0,0,0,0,False,,,,,,,,,,,,,,,
1761029179.2706175,0,leader,manual,0.6128324866294861,0.051927756518125534,0.8372542858123779,0.55,1,1,-0.06283248662948604,0.9480722434818745,0.16274571418762207,0,0,0,0,1.0,0,0,0,0,0,0,False,,,,,,,,,,,,,,,
1761029179.37239,1,follower,manual,0.038327429443597794,0.05596081167459488,0.8173346519470215,0.1,1,1,0.06167257055640221,0.9440391883254051,0.18266534805297852,0,0,0,0,1.0,0,0,0,0,0,0,False,,,,,,,,,,,,,,,
1761029179.5675712,0,leader,manual,0.6128356456756592,0.051929548382759094,0.8372477293014526,0.55,1,1,-0.06283564567565914,0.9480704516172409,0.16275227069854736,0,0,0,0,1.0,0,0,0,0,0,0,False,,,,,,,,,,,,,,,
1761029179.6681285,1,follower,manual,0.03816276043653488,0.05635765939950943,0.8175949454307556,0.1,1,1,0.061837239563465124,0.9436423406004906,0.18240505456924438,0,0,0,0,1.0,0,0,0,0,0,0,False,,,,,,,,,,,,,,,
1761029179.7734938,0,leader,manual,0.6128284931182861,0.05192537233233452,0.8372555375099182,0.55,1,1,-0.06282849311828609,0.9480746276676655,0.1627444624900818,0,0,0,0,1.0,0,0,0,0,0,0,False,,,,,,,,,,,,,,,
1761029179.873805,1,follower,manual,0.03830692172050476,0.05594627559185028,0.8173398971557617,0.1,1,1,0.061693078279495245,0.9440537244081497,0.18266010284423828,0,0,0,0,1.0,0,0,0,0,0,0,False,,,,,,,,,,,,,,,
1761029179.9855075,0,leader,manual,0.6128289103507996,0.051930781453847885,0.8372582197189331,0.55,1,1,-0.06282891035079952,0.9480692185461521,0.1627417802810669,0,0,0,0,1.0,0,0,0,0,0,0,False,,,,,,,,,,,,,,,
1761029180.0858293,1,follower,manual,0.03815916180610657,0.056358374655246735,0.8176087737083435,0.1,1,1,0.06184083819389344,0.9436416253447533,0.1823912262916565,0,0,0,0,1.0,0,0,0,0,0,0,False,,,,,,,,,,,,,,,
1761029188.501782,0,leader,manual,0.6128301024436951,0.05192934721708298,0.837261974811554,0.55,1,1,-0.06283010244369502,0.948070652782917,0.16273802518844604,0,0,0,0,1.0,0,0,0,0,0,0,False,,,,,,,,,,,,,,,
1761029188.6020594,1,follower,manual,0.03815396502614021,0.05636097490787506,0.8176097869873047,0.1,1,1,0.06184603497385979,0.9436390250921249,0.1823902130126953,0,0,0,0,1.0,0,0,0,0,0,0,False,,,,,,,,,,,,,,,
1761029188.6034079,0,follower,auto,0.6041821837425232,0.8870370388031006,0.7452622056007385,0.55,1,1,-0.05418218374252315,0.11296296119689941,0.2547377943992615,20,-5.844528712332249,10.953838557004929,0,,,,,,,,True,-5.0,25.0,0.0,optimal,0,-5.0,25.0,1.7073869453465094,1.9571953295265783,0.0,True,0.0,True,0.0,0.0
1761029188.7039042,1,follower,auto,0.041163042187690735,0.8673991560935974,0.7144879102706909,0.10000000000000003,1.0,1.0,0.0588369578123093,0.1326008439064026,0.2855120897293091,20,5.169528712332249,13.046161442995071,0,,,,,,,,True,5.0,28.0,0.0,optimal,0,5.0,28.0,1.0431404971108917,1.2739905822978501,0.0,True,0.0,True,0.0,0.0
1761029188.915086,0,leader,auto,0.6041821837425232,0.8870370388031006,0.7452622056007385,0.55,1,1,-0.05418218374252315,0.11296296119689941,0.2547377943992615,0,0,0,0,1.0,0,0,0,0,0,0,False,,,,,,,,,,,,,,,
1761029189.015421,1,follower,auto,0.041163042187690735,0.8673991560935974,0.7144879102706909,0.10000000000000003,1.0,1.0,0.0588369578123093,0.1326008439064026,0.2855120897293091,0,0,0,0,1.0,0,0,0,0,0,0,False,,,,,,,,,,,,,,,
1761029189.016301,0,follower,auto,0.6041513085365295,0.8993884921073914,0.7437790036201477,0.55,1,1,-0.0541513085365295,0.10061150789260864,0.2562209963798523,20,-5.856621458381414,9.968120551109314,0,,,,,,,,True,-5.0,25.0,0.0,optimal,0,-5.0,25.0,1.70364553686734,1.9354910323739916,0.0,True,0.0,True,0.0,0.0
1761029189.1168191,1,follower,auto,0.03289743512868881,0.8827695250511169,0.7142201066017151,0.10000000000000003,1.0,1.0,0.06710256487131122,0.11723047494888306,0.2857798933982849,20,6.251311909407377,11.046587896347045,0,,,,,,,,True,6.0,28.0,0.0,optimal,0,6.0,28.0,1.038571682565402,1.2660905989414744,0.0,True,0.0,True,0.0,0.0
1761029189.254446,0,leader,auto,0.6041513085365295,0.8993884921073914,0.7437790036201477,0.55,1,1,-0.0541513085365295,0.10061150789260864,0.2562209963798523,0,0,0,0,1.0,0,0,0,0,0,0,False,,,,,,,,,,,,,,,
1761029189.3547063,1,follower,auto,0.03289743512868881,0.8827695250511169,0.7142201066017151,0.10000000000000003,1.0,1.0,0.06710256487131122,0.11723047494888306,0.2857798933982849,0,0,0,0,1.0,0,0,0,0,0,0,False,,,,,,,,,,,,,,,
1761029189.3553133,0,follower,auto,0.6032122373580933,0.9137217402458191,0.7575215697288513,0.55,1,1,-0.05321223735809322,0.08627825975418091,0.24247843027114868,20,-5.855408940427005,7.844689004421234,0,,,,,,,,True,-5.0,24.0,0.0,optimal,0,-5.0,24.0,1.736510396575108,2.168586014909658,0.0,True,0.0,True,0.0,0.0
1761029189.4557104,1,follower,auto,0.0276289414614439,0.901501476764679,0.7284474968910217,0.10000000000000003,1.0,1.0,0.07237105853855613,0.09849852323532104,0.27155250310897827,20,7.253459620438516,8.924775896072388,0,,,,,,,,True,7.0,27.0,0.0,optimal,0,7.0,27.0,1.0708981876086743,1.5324142272492545,0.0,True,0.0,True,0.0,0.0
1761029189.561184,0,leader,auto,0.6032122373580933,0.9137217402458191,0.7575215697288513,0.55,1,1,-0.05321223735809322,0.08627825975418091,0.24247843027114868,0,0,0,0,1.0,0,0,0,0,0,0,False,,,,,,,,,,,,,,,
1761029189.6614666,1,follower,auto,0.0276289414614439,0.901501476764679,0.7284474968910217,0.10000000000000003,1.0,1.0,0.07237105853855613,0.09849852323532104,0.27155250310897827,0,0,0,0,1.0,0,0,0,0,0,0,False,,,,,,,,,,,,,,,
1761029189.6625166,0,follower,auto,0.6018348336219788,0.9260249137878418,0.7789504528045654,0.55,1,1,-0.051834833621978715,0.0739750862121582,0.22104954719543457,20,-5.853555318236351,6.74925191783905,0,,,,,,,,True,-5.0,22.0,0.0,optimal,0,-5.0,22.0,1.788653361138589,2.3434063849069235,0.0,True,0.0,True,0.0,0.0
1761029189.7630143,1,follower,auto,0.02349129319190979,0.9187408685684204,0.754126787185669,0.10000000000000003,1.0,1.0,0.07650870680809024,0.08125913143157959,0.24587321281433105,20,7.246796959087253,7.785878895998001,0,,,,,,,,True,7.0,24.0,0.0,optimal,0,7.0,24.0,1.1327823564692403,1.808875236125022,0.0,True,0.0,True,0.0,0.0
1761029189.866715,0,leader,auto,0.6018348336219788,0.9260249137878418,0.7789504528045654,0.55,1,1,-0.051834833621978715,0.0739750862121582,0.22104954719543457,0,0,0,0,1.0,0,0,0,0,0,0,False,,,,,,,,,,,,,,,
1761029189.9671109,1,follower,auto,0.02349129319190979,0.9187408685684204,0.754126787185669,0.10000000000000003,1.0,1.0,0.07650870680809024,0.08125913143157959,0.24587321281433105,0,0,0,0,1.0,0,0,0,0,0,0,False,,,,,,,,,,,,,,,
1761029189.968627,0,follower,auto,0.5998239517211914,0.9344913363456726,0.8056105375289917,0.55,1,1,-0.04982395172119136,0.06550866365432739,0.1943894624710083,18.879826964831352,-4.848059018595516,5.685285549116134,0,,,,,,,,True,-4.0,19.0,0.0,optimal,0,-4.0,19.0,1.8543372294536453,2.4831005749416004,0.0,True,0.0,True,0.0,0.0
1761029190.0697093,1,follower,auto,0.02039833553135395,0.9315487742424011,0.7877998948097229,0.10000000000000003,1.0,1.0,0.07960166446864608,0.06845122575759888,0.2122001051902771,20,7.23640376316607,5.668454879307747,0,,,,,,,,True,7.0,21.0,0.0,optimal,0,7.0,21.0,1.2170039953769247,2.0446941669581724,0.0,True,0.0,True,0.0,0.0
1761029190.1766293,0,leader,auto,0.5998239517211914,0.9344913363456726,0.8056105375289917,0.55,1,1,-0.04982395172119136,0.06550866365432739,0.1943894624710083,0,0,0,0,1.0,0,0,0,0,0,0,False,,,,,,,,,,,,,,,
1761029190.2769608,1,follower,auto,0.02039833553135395,0.9315487742424011,0.7877998948097229,0.10000000000000003,1.0,1.0,0.07960166446864608,0.06845122575759888,0.2122001051902771,0,0,0,0,1.0,0,0,0,0,0,0,False,,,,,,,,,,,,,,,
1761029190.2787852,0,follower,auto,0.6001051664352417,0.9406490325927734,0.8363749384880066,0.55,1,1,-0.050105166435241655,0.05935096740722656,0.1636250615119934,15.91765253600359,-5.869407474012971,4.645202562437057,0,,,,,,,,True,-5.0,16.0,0.0,optimal,0,-5.0,16.0,1.936066253575189,2.599047289913312,0.0,True,0.0,True,0.0,0.0
1761029190.3794768,1,follower,auto,0.01785910502076149,0.943385660648346,0.8297236561775208,0.10000000000000003,1.0,1.0,0.08214089497923854,0.05661433935165405,0.17027634382247925,16.845862103052138,8.23237823007509,4.55033900254488,0,,,,,,,,True,8.0,17.0,0.0,optimal,0,8.0,17.0,1.3256275914385607,2.331964960803045,0.0,True,0.0,True,0.0,0.0
1761029190.4802454,0,leader,auto,0.6001051664352417,0.9406490325927734,0.8363749384880066,0.55,1,1,-0.050105166435241655,0.05935096740722656,0.1636250615119934,0,0,0,0,1.0,0,0,0,0,0,0,False,,,,,,,,,,,,,,,
1761029190.580674,1,follower,auto,0.01785910502076149,0.943385660648346,0.8297236561775208,0.10000000000000003,1.0,1.0,0.08214089497923854,0.05661433935165405,0.17027634382247925,0,0,0,0,1.0,0,0,0,0,0,0,False,,,,,,,,,,,,,,,
1761029190.5826797,0,follower,auto,0.6040807366371155,0.9441969394683838,0.8628259897232056,0.55,1,1,-0.054080736637115434,0.05580306053161621,0.13717401027679443,12.959357511570692,-5.912095628570556,4.685475529797554,0,,,,,,,,True,-5.0,13.0,0.0,optimal,0,-5.0,13.0,2.013840509295921,2.612036872293785,0.0,True,0.0,True,0.0,0.0
1761029190.6840029,1,follower,auto,0.01748785376548767,0.9542607069015503,0.8702329993247986,0.10000000000000003,1.0,1.0,0.08251214623451236,0.04573929309844971,0.12976700067520142,11.848544073863984,8.218210576237754,3.5107196268842222,0,,,,,,,,True,8.0,12.0,0.0,optimal,0,8.0,12.0,1.4348394389741517,2.443361052097585,0.0,True,0.0,True,0.0,0.0
1761029190.7855911,0,leader,auto,0.6040807366371155,0.9441969394683838,0.8628259897232056,0.55,1,1,-0.054080736637115434,0.05580306053161621,0.13717401027679443,0,0,0,0,1.0,0,0,0,0,0,0,False,,,,,,,,,,,,,,,
1761029190.8861015,1,follower,auto,0.01748785376548767,0.9542607069015503,0.8702329993247986,0.10000000000000003,1.0,1.0,0.08251214623451236,0.04573929309844971,0.12976700067520142,0,0,0,0,1.0,0,0,0,0,0,0,False,,,,,,,,,,,,,,,
1761029190.8869417,0,follower,auto,0.6075822710990906,0.9440184831619263,0.887880265712738,0.55,1,1,-0.05758227109909053,0.05598151683807373,0.11211973428726196,11.019936433902574,-5.922885896978093,4.729535672535801,0,,,,,,,,True,-5.0,11.0,0.0,optimal,0,-5.0,11.0,2.0884007565484253,2.6307929268841863,0.0,True,0.0,True,0.0,0.0
1761029190.987359,1,follower,auto,0.018374860286712646,0.9674577116966248,0.9130016565322876,0.10000000000000003,1.0,1.0,0.08162513971328739,0.032542288303375244,0.0869983434677124,7.813078234423447,8.20535663701937,2.4596102356137513,0,,,,,,,,True,8.0,8.0,0.0,optimal,0,8.0,8.0,1.5542612609682303,2.6272117765974583,0.0,True,0.0,True,0.0,0.0
1761029191.0899916,0,leader,auto,0.6075822710990906,0.9440184831619263,0.887880265712738,0.55,1,1,-0.05758227109909053,0.05598151683807373,0.11211973428726196,0,0,0,0,1.0,0,0,0,0,0,0,False,,,,,,,,,,,,,,,
1761029191.190353,1,follower,auto,0.018374860286712646,0.9674577116966248,0.9130016565322876,0.10000000000000003,1.0,1.0,0.08162513971328739,0.032542288303375244,0.0869983434677124,0,0,0,0,1.0,0,0,0,0,0,0,False,,,,,,,,,,,,,,,
1761029191.1911254,0,follower,auto,0.6098025441169739,0.9413961172103882,0.9047799110412598,0.55,1,1,-0.05980254411697383,0.058603882789611816,0.09522008895874023,9.06664079471564,-5.912025690925811,4.825992567381354,0,,,,,,,,True,-5.0,9.0,0.0,optimal,0,-5.0,9.0,2.139186758923413,2.4859600417775245,0.0,True,0.0,True,0.0,0.0
1761029191.2915666,1,follower,auto,0.022033901885151863,0.9741825461387634,0.9450422525405884,0.10000000000000003,1.0,1.0,0.07796609811484817,0.025817453861236572,0.05495774745941162,4.848802870461121,7.174880670161085,1.5196531778342033,0,,,,,,,,True,7.0,5.0,0.0,optimal,0,7.0,5.0,1.6474461652139227,2.491457636571792,0.0,True,0.0,True,0.0,0.0
1761029191.4481847,0,leader,auto,0.6098025441169739,0.9413961172103882,0.9047799110412598,0.55,1,1,-0.05980254411697383,0.058603882789611816,0.09522008895874023,0,0,0,0,1.0,0,0,0,0,0,0,False,,,,,,,,,,,,,,,
1761029191.5485375,1,follower,auto,0.022033901885151863,0.9741825461387634,0.9450422525405884,0.10000000000000003,1.0,1.0,0.07796609811484817,0.025817453861236572,0.05495774745941162,0,0,0,0,1.0,0,0,0,0,0,0,False,,,,,,,,,,,,,,,
1761029191.5491364,0,follower,auto,0.6120911240577698,0.9348256587982178,0.9176719188690186,0.55,1,1,-0.06209112405776973,0.06517434120178223,0.08232808113098145,8.119426366818356,-6.910313512173353,5.903629280042973,0,,,,,,,,True,-6.0,8.0,0.0,optimal,0,-6.0,8.0,2.1792856633231774,2.370750971576965,0.0,True,0.0,True,0.0,0.0
1761029191.6494987,1,follower,auto,0.024106042459607124,0.9741564393043518,0.972500205039978,0.10000000000000003,1.0,1.0,0.07589395754039291,0.025843560695648193,0.027499794960021973,1.9106178808059615,7.180039953615825,1.5611247767736467,0,,,,,,,,True,7.0,2.0,0.0,optimal,0,7.0,2.0,1.7284803721096844,2.3908986487469117,0.0,True,0.0,True,0.0,0.0
1761029191.7538068,0,leader,auto,0.6120911240577698,0.9348256587982178,0.9176719188690186,0.55,1,1,-0.06209112405776973,0.06517434120178223,0.08232808113098145,0,0,0,0,1.0,0,0,0,0,0,0,False,,,,,,,,,,,,,,,
1761029191.854106,1,follower,auto,0.024106042459607124,0.9741564393043518,0.972500205039978,0.10000000000000003,1.0,1.0,0.07589395754039291,0.025843560695648193,0.027499794960021973,0,0,0,0,1.0,0,0,0,0,0,0,False,,,,,,,,,,,,,,,
1761029191.854552,0,follower,auto,0.6159293055534363,0.9255508780479431,0.9218523502349854,0.55,1,1,-0.06592930555343623,0.07444912195205688,0.07814764976501465,7.154832490424039,-6.928516929402815,7.007132541213133,0,,,,,,,,True,-6.0,7.0,0.0,optimal,0,-6.0,7.0,2.197404737529664,2.266202913393007,0.0,True,0.0,True,0.0,0.0
1761029191.954891,1,follower,auto,0.024079013615846634,0.9647477269172668,0.9857404232025146,0.10000000000000003,1.0,1.0,0.0759209863841534,0.035252273082733154,0.014259576797485352,1.0111221262170769,7.204921179559547,2.685960219792424,0,,,,,,,,True,7.0,1.0,0.0,optimal,0,7.0,1.0,1.767636009481038,2.2201936562442306,0.0,True,0.0,True,0.0,0.0
1761029192.066045,0,leader,auto,0.6159293055534363,0.9255508780479431,0.9218523502349854,0.55,1,1,-0.06592930555343623,0.07444912195205688,0.07814764976501465,0,0,0,0,1.0,0,0,0,0,0,0,False,,,,,,,,,,,,,,,
1761029192.1662998,1,follower,auto,0.024079013615846634,0.9647477269172668,0.9857404232025146,0.10000000000000003,1.0,1.0,0.0759209863841534,0.035252273082733154,0.014259576797485352,0,0,0,0,1.0,0,0,0,0,0,0,False,,,,,,,,,,,,,,,
1761029192.1668577,0,follower,auto,0.6184068322181702,0.9153790473937988,0.919831395149231,0.55,1,1,-0.06840683221817012,0.08462095260620117,0.08016860485076904,8.169847437184966,-6.924843632259925,8.094328037224322,0,,,,,,,,True,-6.0,8.0,0.0,optimal,0,-6.0,8.0,2.195710933672792,2.149645936603528,0.0,True,0.0,True,0.0,0.0
1761029192.2674348,1,follower,auto,0.023866858333349228,0.9524409770965576,0.9891393184661865,0.10000000000000003,1.0,1.0,0.0761331416666508,0.04755902290344238,0.010860681533813477,1.068759023796138,7.216235787696158,3.8020250935828384,0,,,,,,,,True,7.0,1.0,0.0,optimal,0,7.0,1.0,1.7776522800619825,2.0337491455343115,0.0,True,0.0,True,0.0,0.0
1761029192.4295814,0,leader,auto,0.6184068322181702,0.9153790473937988,0.919831395149231,0.55,1,1,-0.06840683221817012,0.08462095260620117,0.08016860485076904,0,0,0,0,1.0,0,0,0,0,0,0,False,,,,,,,,,,,,,,,
1761029192.5298314,1,follower,auto,0.023866858333349228,0.9524409770965576,0.9891393184661865,0.10000000000000003,1.0,1.0,0.0761331416666508,0.04755902290344238,0.010860681533813477,0,0,0,0,1.0,0,0,0,0,0,0,False,,,,,,,,,,,,,,,
1761029192.5303395,0,follower,auto,0.6205580234527588,0.9074539542198181,0.9131858944892883,0.55,1,1,-0.07055802345275874,0.09254604578018188,0.08681410551071167,8.148553987873171,-7.924937820048321,9.157838699615631,0,,,,,,,,True,-7.0,8.0,0.0,optimal,0,-7.0,8.0,2.1804098422361884,2.037331535347441,0.0,True,0.0,True,0.0,0.0
1761029192.630802,1,follower,auto,0.022586215287446976,0.9392585158348083,0.9831236600875854,0.10000000000000003,1.0,1.0,0.07741378471255306,0.06074148416519165,0.01687633991241455,1.1003314076812913,7.232542861894225,5.917420975550285,0,,,,,,,,True,7.0,1.0,0.0,optimal,0,7.0,1.0,1.7592004143475852,1.8493158807363652,0.0,True,0.0,True,0.0,0.0
1761029192.7366834,0,leader,auto,0.6205580234527588,0.9074539542198181,0.9131858944892883,0.55,1,1,-0.07055802345275874,0.09254604578018188,0.08681410551071167,0,0,0,0,1.0,0,0,0,0,0,0,False,,,,,,,,,,,,,,,
1761029192.8369737,1,follower,auto,0.022586215287446976,0.9392585158348083,0.9831236600875854,0.10000000000000003,1.0,1.0,0.07741378471255306,0.06074148416519165,0.01687633991241455,0,0,0,0,1.0,0,0,0,0,0,0,False,,,,,,,,,,,,,,,
1761029192.8374615,0,follower,auto,0.6224820613861084,0.9051761627197266,0.9053514003753662,0.55,1,1,-0.07248206138610835,0.09482383728027344,0.09464859962463379,9.084413755098753,-7.9269514508504235,9.181536027013252,0,,,,,,,,True,-7.0,9.0,0.0,optimal,0,-7.0,9.0,2.161489299838945,1.9962543844679994,0.0,True,0.0,True,0.0,0.0
1761029192.9377325,1,follower,auto,0.020885061472654343,0.9285269379615784,0.9719158411026001,0.10000000000000003,1.0,1.0,0.07911493852734569,0.07147306203842163,0.028084158897399902,2.0995305663034873,7.244860736808317,7.000997305567346,0,,,,,,,,True,7.0,2.0,0.0,optimal,0,7.0,2.0,1.7253264536705528,1.7016888460585087,0.0,True,0.0,True,0.0,0.0
1761029193.0412536,0,leader,auto,0.6224820613861084,0.9051761627197266,0.9053514003753662,0.55,1,1,-0.07248206138610835,0.09482383728027344,0.09464859962463379,0,0,0,0,1.0,0,0,0,0,0,0,False,,,,,,,,,,,,,,,
1761029193.1414244,1,follower,auto,0.020885061472654343,0.9285269379615784,0.9719158411026001,0.10000000000000003,1.0,1.0,0.07911493852734569,0.07147306203842163,0.028084158897399902,0,0,0,0,1.0,0,0,0,0,0,0,False,,,,,,,,,,,,,,,
1761029193.1418962,0,follower,auto,0.6233671307563782,0.905137300491333,0.8950492143630981,0.55,1,1,-0.07336713075637813,0.09486269950866699,0.10495078563690186,10.040304791378906,-7.924594886487977,9.204776665037569,0,,,,,,,,True,-7.0,10.0,0.0,optimal,0,-7.0,10.0,2.1340957425050884,1.9295822799795925,0.0,True,0.0,True,0.0,0.0
1761029193.2422726,1,follower,auto,0.01683811843395233,0.9219120144844055,0.9575368762016296,0.10000000000000003,1.0,1.0,0.0831618815660477,0.07808798551559448,0.04246312379837036,4.070770304968523,8.274027411090175,7.057305002407814,0,,,,,,,,True,8.0,4.0,0.0,optimal,0,8.0,4.0,1.6814325150935814,1.6248489401054076,0.0,True,0.0,True,0.0,0.0
1761029193.3474898,0,leader,auto,0.6233671307563782,0.905137300491333,0.8950492143630981,0.55,1,1,-0.07336713075637813,0.09486269950866699,0.10495078563690186,0,0,0,0,1.0,0,0,0,0,0,0,False,,,,,,,,,,,,,,,
1761029193.447798,1,follower,auto,0.01683811843395233,0.9219120144844055,0.9575368762016296,0.10000000000000003,1.0,1.0,0.0831618815660477,0.07808798551559448,0.04246312379837036,0,0,0,0,1.0,0,0,0,0,0,0,False,,,,,,,,,,,,,,,
1761029193.4487586,0,follower,auto,0.6245128512382507,0.905498743057251,0.8843165040016174,0.55,1,1,-0.07451285123825069,0.09450125694274902,0.11568349599838257,11.01521841926811,-7.92790546227582,9.212084928293734,0,,,,,,,,True,-7.0,11.0,0.0,optimal,0,-7.0,11.0,2.10615362510829,1.9159645174860385,0.0,True,0.0,True,0.0,0.0
1761029193.549236,1,follower,auto,0.015285518020391464,0.9146398901939392,0.9433942437171936,0.10000000000000003,1.0,1.0,0.08471448197960857,0.08536010980606079,0.056605756282806396,5.076153836122324,8.263653011082662,8.075492451845582,0,,,,,,,,True,8.0,5.0,0.0,optimal,0,8.0,5.0,1.6397347970652374,1.6008514453015625,0.0,True,0.0,True,0.0,0.0
1761029193.6535935,0,leader,auto,0.6245128512382507,0.905498743057251,0.8843165040016174,0.55,1,1,-0.07451285123825069,0.09450125694274902,0.11568349599838257,0,0,0,0,1.0,0,0,0,0,0,0,False,,,,,,,,,,,,,,,
1761029193.7538996,1,follower,auto,0.015285518020391464,0.9146398901939392,0.9433942437171936,0.10000000000000003,1.0,1.0,0.08471448197960857,0.08536010980606079,0.056605756282806396,0,0,0,0,1.0,0,0,0,0,0,0,False,,,,,,,,,,,,,,,
1761029193.754334,0,follower,auto,0.6257270574569702,0.9063037037849426,0.8754497766494751,0.55,1,1,-0.07572705745697017,0.09369629621505737,0.1245502233505249,11.994528440366501,-7.933663817652576,9.191313415509375,0,,,,,,,,True,-7.0,12.0,0.0,optimal,0,-7.0,12.0,2.0836872615016375,1.9440514404352693,0.0,True,0.0,True,0.0,0.0
1761029193.8546631,1,follower,auto,0.01289695966988802,0.9068624377250671,0.9286447167396545,0.10000000000000003,1.0,1.0,0.08710304033011201,0.09313756227493286,0.07135528326034546,7.091452166876546,8.271752640201614,9.093336334901743,0,,,,,,,,True,8.0,7.0,0.0,optimal,0,8.0,7.0,1.5963508421048098,1.5511413840035366,0.0,True,0.0,True,0.0,0.0
1761029193.959734,0,leader,auto,0.6257270574569702,0.9063037037849426,0.8754497766494751,0.55,1,1,-0.07572705745697017,0.09369629621505737,0.1245502233505249,0,0,0,0,1.0,0,0,0,0,0,0,False,,,,,,,,,,,,,,,
1761029194.060018,1,follower,auto,0.01289695966988802,0.9068624377250671,0.9286447167396545,0.10000000000000003,1.0,1.0,0.08710304033011201,0.09313756227493286,0.07135528326034546,0,0,0,0,1.0,0,0,0,0,0,0,False,,,,,,,,,,,,,,,
1761029194.0604496,0,follower,auto,0.6285809874534607,0.9085434079170227,0.8675847053527832,0.55,1,1,-0.07858098745346065,0.0914565920829773,0.1324152946472168,12.973233672300074,-7.956386733446944,9.173489284438466,0,,,,,,,,True,-7.0,13.0,0.0,optimal,0,-7.0,13.0,2.0668343790842107,1.9802499404258527,0.0,True,0.0,True,0.0,0.0
1761029194.160795,1,follower,auto,0.009855573996901512,0.9045034646987915,0.9168956279754639,0.10000000000000003,1.0,1.0,0.09014442600309852,0.0954965353012085,0.08310437202453613,8.053562368584082,9.286888007894223,9.076664585196283,0,,,,,,,,True,9.0,8.0,0.0,optimal,0,9.0,8.0,1.561632582513553,1.598667947098211,0.0,True,0.0,True,0.0,0.0
1761029194.265649,0,leader,auto,0.6285809874534607,0.9085434079170227,0.8675847053527832,0.55,1,1,-0.07858098745346065,0.0914565920829773,0.1324152946472168,0,0,0,0,1.0,0,0,0,0,0,0,False,,,,,,,,,,,,,,,
1761029194.3660452,1,follower,auto,0.009855573996901512,0.9045034646987915,0.9168956279754639,0.10000000000000003,1.0,1.0,0.09014442600309852,0.0954965353012085,0.08310437202453613,0,0,0,0,1.0,0,0,0,0,0,0,False,,,,,,,,,,,,,,,
1761029194.3672252,0,follower,auto,0.6336430907249451,0.9125608801841736,0.8576549887657166,0.55,1,1,-0.08364309072494502,0.08743911981582642,0.14234501123428345,13.952407026982037,-8.99339809379188,8.187167248702817,0,,,,,,,,True,-8.0,14.0,0.0,optimal,0,-8.0,14.0,2.048187871233877,1.9445375468612933,0.0,True,0.0,True,0.0,0.0
1761029194.468367,1,follower,auto,0.005385195836424828,0.9074713587760925,0.9069221615791321,0.10000000000000003,1.0,1.0,0.0946148041635752,0.09252864122390747,0.09307783842086792,8.996954707989813,9.3150779851936,9.055065649248155,0,,,,,,,,True,9.0,9.0,0.0,optimal,0,9.0,9.0,1.5316130474112641,1.6006203143233975,0.0,True,0.0,True,0.0,0.0
1761029194.575972,0,leader,auto,0.6336430907249451,0.9125608801841736,0.8576549887657166,0.55,1,1,-0.08364309072494502,0.08743911981582642,0.14234501123428345,0,0,0,0,1.0,0,0,0,0,0,0,False,,,,,,,,,,,,,,,
1761029194.6762397,1,follower,auto,0.005385195836424828,0.9074713587760925,0.9069221615791321,0.10000000000000003,1.0,1.0,0.0946148041635752,0.09252864122390747,0.09307783842086792,0,0,0,0,1.0,0,0,0,0,0,0,False,,,,,,,,,,,,,,,
1761029194.6766746,0,follower,auto,0.640254557132721,0.9187052249908447,0.8486981987953186,0.55,1,1,-0.0902545571327209,0.08129477500915527,0.1513018012046814,14.93170281192533,-10.029122439695863,8.187037879698506,0,,,,,,,,True,-9.0,15.0,0.0,optimal,0,-9.0,15.0,2.0350145522160417,1.9617185005340307,0.0,True,0.0,True,0.0,0.0
1761029194.777042,1,follower,auto,0.0013993928441777825,0.9155738353729248,0.9005787968635559,0.10000000000000003,1.0,1.0,0.09860060715582225,0.0844261646270752,0.09942120313644409,8.933432408776797,9.331070834425935,8.014153289048968,0,,,,,,,,True,9.0,9.0,0.0,optimal,0,9.0,9.0,1.5121826816617692,1.64752708893972,0.0,True,0.0,True,0.0,0.0
1761029194.9702728,0,leader,auto,0.640254557132721,0.9187052249908447,0.8486981987953186,0.55,1,1,-0.0902545571327209,0.08129477500915527,0.1513018012046814,0,0,0,0,1.0,0,0,0,0,0,0,False,,,,,,,,,,,,,,,
1761029195.0704875,1,follower,auto,0.0013993928441777825,0.9155738353729248,0.9005787968635559,0.10000000000000003,1.0,1.0,0.09860060715582225,0.0844261646270752,0.09942120313644409,0,0,0,0,1.0,0,0,0,0,0,0,False,,,,,,,,,,,,,,,
1761029195.0709076,0,follower,auto,0.6483830809593201,0.9297991991043091,0.8397845029830933,0.55,1,1,-0.09838308095932002,0.07020080089569092,0.16021549701690674,15.88265539986155,-10.062425689554258,7.198475651285956,0,,,,,,,,True,-9.0,16.0,0.0,optimal,0,-9.0,16.0,2.0247763664916825,2.0027378114557948,0.0,True,0.0,True,0.0,0.0
1761029195.171301,1,follower,auto,-0.00021303999528754503,0.926415741443634,0.9003415107727051,0.10000000000000003,1.0,1.0,0.10021303999528758,0.07358425855636597,0.09965848922729492,8.89262377280203,10.325775043681357,6.938749947324126,0,,,,,,,,True,10.0,9.0,0.0,optimal,0,10.0,9.0,1.5108711761811067,1.7886921958790973,0.0,True,0.0,True,0.0,0.0
1761029195.2758486,0,leader,auto,0.6483830809593201,0.9297991991043091,0.8397845029830933,0.55,1,1,-0.09838308095932002,0.07020080089569092,0.16021549701690674,0,0,0,0,1.0,0,0,0,0,0,0,False,,,,,,,,,,,,,,,
1761029195.3762548,1,follower,auto,-0.00021303999528754503,0.926415741443634,0.9003415107727051,0.10000000000000003,1.0,1.0,0.10021303999528758,0.07358425855636597,0.09965848922729492,0,0,0,0,1.0,0,0,0,0,0,0,False,,,,,,,,,,,,,,,
1761029195.3776104,0,follower,auto,0.6512671113014221,0.9378286600112915,0.8354800343513489,0.55,1,1,-0.10126711130142207,0.062171339988708496,0.16451996564865112,15.891100093073433,-11.027497480569084,6.1677163458889455,0,,,,,,,,True,-10.0,16.0,0.0,optimal,0,-10.0,16.0,2.0181626169345477,1.980491020628609,0.0,True,0.0,True,0.0,0.0
1761029195.4782615,1,follower,auto,0.0003256624622736126,0.9326475858688354,0.9016578793525696,0.10000000000000003,1.0,1.0,0.09967433753772642,0.06735241413116455,0.09834212064743042,8.921688693935298,9.305251331290043,5.8985513741298705,0,,,,,,,,True,9.0,9.0,0.0,optimal,0,9.0,9.0,1.5147751817920911,1.7997968620371736,0.0,True,0.0,True,0.0,0.0
1761029195.5815804,0,leader,auto,0.6512671113014221,0.9378286600112915,0.8354800343513489,0.55,1,1,-0.10126711130142207,0.062171339988708496,0.16451996564865112,0,0,0,0,1.0,0,0,0,0,0,0,False,,,,,,,,,,,,,,,
1761029195.6819587,1,follower,auto,0.0003256624622736126,0.9326475858688354,0.9016578793525696,0.10000000000000003,1.0,1.0,0.09967433753772642,0.06735241413116455,0.09834212064743042,0,0,0,0,1.0,0,0,0,0,0,0,False,,,,,,,,,,,,,,,
1761029195.6825898,0,follower,auto,0.6516897082328796,0.9430584907531738,0.8327727913856506,0.55,1,1,-0.1016897082328796,0.05694150924682617,0.16722720861434937,15.915159721477862,-10.992026882656205,5.146079779178671,0,,,,,,,,True,-10.0,16.0,0.0,optimal,0,-10.0,16.0,2.0116586725677066,1.974669589291546,0.0,True,0.0,True,0.0,0.0
1761029195.7830682,1,follower,auto,0.002922057406976819,0.936011016368866,0.9013088345527649,0.10000000000000003,1.0,1.0,0.09707794259302321,0.06398898363113403,0.09869116544723511,8.956493520192689,9.277493506112743,5.899473354057198,0,,,,,,,,True,9.0,9.0,0.0,optimal,0,9.0,9.0,1.5148438111779086,1.775372234688896,0.0,True,0.0,True,0.0,0.0
1761029195.8882005,0,leader,auto,0.6516897082328796,0.9430584907531738,0.8327727913856506,0.55,1,1,-0.1016897082328796,0.05694150924682617,0.16722720861434937,0,0,0,0,1.0,0,0,0,0,0,0,False,,,,,,,,,,,,,,,
1761029195.9886582,1,follower,auto,0.002922057406976819,0.936011016368866,0.9013088345527649,0.10000000000000003,1.0,1.0,0.09707794259302321,0.06398898363113403,0.09869116544723511,0,0,0,0,1.0,0,0,0,0,0,0,False,,,,,,,,,,,,,,,
1761029195.989934,0,follower,auto,0.6490638852119446,0.9437569379806519,0.8337981104850769,0.5458928346633911,1.0,1.0205358266830444,-0.10317105054855347,0.056243062019348145,0.18673771619796753,17.96168040314437,-10.945590843068988,5.106261342916123,0,,,,,,,,True,-10.0,18.0,0.0,optimal,0,-10.0,18.0,2.009926880704764,2.033886752564766,0.0,True,0.0,True,0.0,0.0
1761029196.0905046,1,follower,auto,0.007740462198853493,0.9369756579399109,0.9017256498336792,0.0958928346633911,1.0,1.0205358266830444,0.08815237246453761,0.06302434206008911,0.11881017684936523,10.985845623449203,8.24031314323004,5.895290668259777,0,,,,,,,,True,8.0,11.0,0.0,optimal,0,8.0,11.0,1.5179908970362435,1.7820919005489901,0.0,True,0.0,True,0.0,0.0
1761029196.1951706,0,leader,auto,0.6490638852119446,0.9437569379806519,0.8337981104850769,0.5458928346633911,1.0,1.0205358266830444,-0.10317105054855347,0.056243062019348145,0.18673771619796753,0,0,0,0,1.0,0,0,0,0,0,0,False,,,,,,,,,,,,,,,
1761029196.295471,1,follower,auto,0.007740462198853493,0.9369756579399109,0.9017256498336792,0.0958928346633911,1.0,1.0205358266830444,0.08815237246453761,0.06302434206008911,0.11881017684936523,0,0,0,0,1.0,0,0,0,0,0,0,False,,,,,,,,,,,,,,,
1761029196.2966034,0,follower,auto,0.6470681428909302,0.9431796073913574,0.8366531729698181,0.5520368766784668,1.0,0.989815616607666,-0.09503126621246338,0.05682039260864258,0.15316244363784792,14.987105697629216,-9.925018208360651,5.073774641797909,0,,,,,,,,True,-9.0,15.0,0.0,optimal,0,-9.0,15.0,2.014166143510972,2.0543311547151344,0.0,True,0.0,True,0.0,0.0
1761029196.3974955,1,follower,auto,0.015934322029352188,0.9369798898696899,0.9009506106376648,0.10203687667846678,1.0,0.989815616607666,0.0861025546491146,0.06302011013031006,0.08886500597000124,8.001966139088784,8.1888707113293,5.909218765929555,0,,,,,,,,True,8.0,8.0,0.0,optimal,0,8.0,8.0,1.519290244876322,1.762474268002202,0.0,True,0.0,True,0.0,0.0
1761029196.4995074,0,leader,auto,0.6470681428909302,0.9431796073913574,0.8366531729698181,0.5520368766784668,1.0,0.989815616607666,-0.09503126621246338,0.05682039260864258,0.15316244363784792,0,0,0,0,1.0,0,0,0,0,0,0,False,,,,,,,,,,,,,,,
1761029196.599973,1,follower,auto,0.015934322029352188,0.9369798898696899,0.9009506106376648,0.10203687667846678,1.0,0.989815616607666,0.0861025546491146,0.06302011013031006,0.08886500597000124,0,0,0,0,1.0,0,0,0,0,0,0,False,,,,,,,,,,,,,,,
1761029196.6012747,0,follower,auto,0.6478068232536316,0.9433098435401917,0.8389015197753906,0.558177785873413,1.0,0.9591110706329345,-0.08962903738021855,0.05669015645980835,0.12020955085754392,11.984128752421547,-8.935336816388661,5.070105292214742,0,,,,,,,,True,-8.0,12.0,0.0,optimal,0,-8.0,12.0,2.0214336892122655,2.0596409551417296,0.0,True,0.0,True,0.0,0.0
1761029196.7023277,1,follower,auto,0.024049051105976105,0.9341772794723511,0.9027634263038635,0.10817778587341303,1.0,0.9591110706329345,0.08412873476743693,0.06582272052764893,0.05634764432907102,5.035040742281292,8.167623927988922,5.890678965340619,0,,,,,,,,True,8.0,5.0,0.0,optimal,0,8.0,5.0,1.5279432074772432,1.8088319427128228,0.0,True,0.0,True,0.0,0.0
1761029196.8055804,0,leader,auto,0.6478068232536316,0.9433098435401917,0.8389015197753906,0.558177785873413,1.0,0.9591110706329345,-0.08962903738021855,0.05669015645980835,0.12020955085754392,0,0,0,0,1.0,0,0,0,0,0,0,False,,,,,,,,,,,,,,,
1761029196.905927,1,follower,auto,0.024049051105976105,0.9341772794723511,0.9027634263038635,0.10817778587341303,1.0,0.9591110706329345,0.08412873476743693,0.06582272052764893,0.05634764432907102,0,0,0,0,1.0,0,0,0,0,0,0,False,,,,,,,,,,,,,,,
1761029196.9090204,0,follower,auto,0.6508111953735352,0.9423867464065552,0.838410496711731,0.564276738166809,1.0,0.9286163091659546,-0.08653445720672615,0.057613253593444824,0.09020581245422366,8.98744036229587,-8.960432520308583,5.101294752303896,0,,,,,,,,True,-8.0,9.0,0.0,optimal,0,-8.0,9.0,2.0252223478810865,1.9951883014548792,0.0,True,0.0,True,0.0,0.0
1761029197.0114844,1,follower,auto,0.02728736400604248,0.9292787909507751,0.908328115940094,0.114276738166809,1.0,0.9286163091659546,0.08698937416076652,0.07072120904922485,0.020288193225860618,2.067211805618767,8.205180099620913,6.844321725753118,0,,,,,,,,True,8.0,2.0,0.0,optimal,0,8.0,2.0,1.54504762798419,1.8683794935894171,0.0,True,0.0,True,0.0,0.0
1761029197.11664,0,leader,auto,0.6508111953735352,0.9423867464065552,0.838410496711731,0.564276738166809,1.0,0.9286163091659546,-0.08653445720672615,0.057613253593444824,0.09020581245422366,0,0,0,0,1.0,0,0,0,0,0,0,False,,,,,,,,,,,,,,,
1761029197.2170577,1,follower,auto,0.02728736400604248,0.9292787909507751,0.908328115940094,0.114276738166809,1.0,0.9286163091659546,0.08698937416076652,0.07072120904922485,0.020288193225860618,0,0,0,0,1.0,0,0,0,0,0,0,False,,,,,,,,,,,,,,,
1761029197.2190087,0,follower,auto,0.6572107076644897,0.9409643411636353,0.834541380405426,0.5704619693756103,1.0,0.8976901531219482,-0.08674873828887941,0.059035658836364746,0.0631487727165222,5.992802448487688,-9.002970443345156,5.153587998850386,0,,,,,,,,True,-8.0,6.0,0.0,optimal,0,-8.0,6.0,2.0258108933490755,1.9315492678347,0.0,True,0.0,True,0.0,0.0
1761029197.323123,1,follower,auto,0.029430368915200233,0.9267800450325012,0.9159826636314392,0.12046196937561032,1.0,0.8976901531219482,0.09103160046041009,0.07321995496749878,-0.01829251050949099,-0.9434691283592688,9.232137572657912,6.798299320932379,0,,,,,,,,True,9.0,-1.0,0.0,optimal,0,9.0,-1.0,1.5676451978853503,1.9390745969946337,0.0,True,0.0,True,0.0,0.0
1761029197.480266,0,leader,auto,0.6572107076644897,0.9409643411636353,0.834541380405426,0.5704619693756103,1.0,0.8976901531219482,-0.08674873828887941,0.059035658836364746,0.0631487727165222,0,0,0,0,1.0,0,0,0,0,0,0,False,,,,,,,,,,,,,,,
1761029197.5806992,1,follower,auto,0.029430368915200233,0.9267800450325012,0.9159826636314392,0.12046196937561032,1.0,0.8976901531219482,0.09103160046041009,0.07321995496749878,-0.01829251050949099,0,0,0,0,1.0,0,0,0,0,0,0,False,,,,,,,,,,,,,,,
1761029197.5823116,0,follower,auto,0.6659697890281677,0.9399687051773071,0.8223894834518433,0.576690011024475,1.0,0.8665499448776245,-0.08927977800369269,0.06003129482269287,0.04416046142578123,3.9900111250330235,-9.050201452408595,6.258880234331858,0,,,,,,,,True,-8.0,4.0,0.0,optimal,0,-8.0,4.0,2.008617621453522,1.7906151370090264,0.0,True,0.0,True,0.0,0.0
1761029197.6833775,1,follower,auto,0.02714633010327816,0.9249181151390076,0.9206404685974121,0.12669001102447502,1.0,0.8665499448776245,0.09954368092119686,0.07508188486099243,-0.05409052371978762,-4.951207575603995,9.292061233767672,6.789636334298894,0,,,,,,,,True,9.0,-5.0,0.0,optimal,0,9.0,-5.0,1.579814796296062,1.8575681690237997,0.0,True,0.0,True,0.0,0.0
1761029197.7881467,0,leader,auto,0.6659697890281677,0.9399687051773071,0.8223894834518433,0.576690011024475,1.0,0.8665499448776245,-0.08927977800369269,0.06003129482269287,0.04416046142578123,0,0,0,0,1.0,0,0,0,0,0,0,False,,,,,,,,,,,,,,,
1761029197.8883746,1,follower,auto,0.02714633010327816,0.9249181151390076,0.9206404685974121,0.12669001102447502,1.0,0.8665499448776245,0.09954368092119686,0.07508188486099243,-0.05409052371978762,0,0,0,0,1.0,0,0,0,0,0,0,False,,,,,,,,,,,,,,,
1761029197.8889933,0,follower,auto,0.6705628037452698,0.9375714063644409,0.8054980039596558,0.5838936662673949,1.0,0.8305316686630249,-0.08666913747787486,0.06242859363555908,0.025033664703369096,2.010897546775616,-9.031256401001473,6.345680301359586,0,,,,,,,,True,-8.0,2.0,0.0,optimal,0,-8.0,2.0,1.9722046336074703,1.5868369273711622,0.0,True,0.0,True,0.0,0.0
1761029197.9894145,1,follower,auto,0.027172671630978584,0.9288941621780396,0.9190585017204285,0.1338936662673949,1.0,0.8305316686630249,0.10672099463641632,0.07110583782196045,-0.08852683305740361,-8.0125179670467,10.292511742952854,6.824051618730678,0,,,,,,,,True,10.0,-8.0,0.0,optimal,0,10.0,-8.0,1.575334454040984,1.7688735910196256,0.0,True,0.0,True,0.0,0.0
1761029198.090765,0,leader,auto,0.6705628037452698,0.9375714063644409,0.8054980039596558,0.5838936662673949,1.0,0.8305316686630249,-0.08666913747787486,0.06242859363555908,0.025033664703369096,0,0,0,0,1.0,0,0,0,0,0,0,False,,,,,,,,,,,,,,,
1761029198.1910129,1,follower,auto,0.027172671630978584,0.9288941621780396,0.9190585017204285,0.1338936662673949,1.0,0.8305316686630249,0.10672099463641632,0.07110583782196045,-0.08852683305740361,0,0,0,0,1.0,0,0,0,0,0,0,False,,,,,,,,,,,,,,,
1761029198.1917827,0,follower,auto,0.674428403377533,0.9352096319198608,0.7827573418617249,0.5900148582458495,1.0,0.7999257087707519,-0.08441354513168342,0.06479036808013916,0.01716836690902701,1.0285058467887274,-9.017689792259501,6.439120165995148,0,,,,,,,,True,-8.0,1.0,0.0,optimal,0,-8.0,1.0,1.9200914307335395,1.4219652809007624,0.0,True,0.0,True,0.0,0.0
1761029198.2922268,1,follower,auto,0.030850140377879143,0.9362049102783203,0.9130885004997253,0.14001485824584953,1.0,0.7999257087707519,0.10916471786797038,0.06379508972167969,-0.11316279172897348,-11.070563351577938,10.260204620459941,5.8529689819084565,0,,,,,,,,True,10.0,-11.0,0.0,optimal,0,10.0,-11.0,1.5601108975570488,1.6696028316864406,0.0,True,0.0,True,0.0,0.0
1761029198.3943262,0,leader,auto,0.674428403377533,0.9352096319198608,0.7827573418617249,0.5900148582458495,1.0,0.7999257087707519,-0.08441354513168342,0.06479036808013916,0.01716836690902701,0,0,0,0,1.0,0,0,0,0,0,0,False,,,,,,,,,,,,,,,
1761029198.494555,1,follower,auto,0.030850140377879143,0.9362049102783203,0.9130885004997253,0.14001485824584953,1.0,0.7999257087707519,0.10916471786797038,0.06379508972167969,-0.11316279172897348,0,0,0,0,1.0,0,0,0,0,0,0,False,,,,,,,,,,,,,,,
1761029198.4950287,0,follower,auto,0.6789302825927734,0.932079553604126,0.7554839253425598,0.5960724687576293,1.0,0.769637656211853,-0.08285781383514412,0.06792044639587402,0.014153730869293168,1.0512973144442568,-9.012116354370555,6.516624728587683,0,,,,,,,,True,-8.0,1.0,0.0,optimal,0,-8.0,1.0,1.858758328452175,1.3110702191244246,0.0,True,0.0,True,0.0,0.0
1761029198.595544,1,follower,auto,0.039861049503088,0.9433467388153076,0.8984445929527283,0.1460724687576293,1.0,0.769637656211853,0.1062114192545413,0.05665326118469238,-0.1288069367408753,-12.09761326773954,10.198863380770913,4.92310753793916,0,,,,,,,,True,10.0,-12.0,0.0,optimal,0,10.0,-12.0,1.5231806026274446,1.4878912254032928,0.0,True,0.0,True,0.0,0.0
1761029198.702337,0,leader,auto,0.6789302825927734,0.932079553604126,0.7554839253425598,0.5960724687576293,1.0,0.769637656211853,-0.08285781383514412,0.06792044639587402,0.014153730869293168,0,0,0,0,1.0,0,0,0,0,0,0,False,,,,,,,,,,,,,,,
1761029198.8027172,1,follower,auto,0.039861049503088,0.9433467388153076,0.8984445929527283,0.1460724687576293,1.0,0.769637656211853,0.1062114192545413,0.05665326118469238,-0.1288069367408753,0,0,0,0,1.0,0,0,0,0,0,0,False,,,,,,,,,,,,,,,
1761029198.8041034,0,follower,auto,0.6842256188392639,0.928360104560852,0.72355055809021,0.6021397352218627,1.0,0.739301323890686,-0.08208588361740121,0.07163989543914795,0.015750765800476074,1.0695257030365088,-9.014535173711014,7.585326057597225,0,,,,,,,,True,-8.0,1.0,0.0,optimal,0,-8.0,1.0,1.7889309132145434,1.2053810506963394,0.0,True,0.0,True,0.0,0.0
1761029198.9047136,1,follower,auto,0.048225220292806625,0.9470023512840271,0.8745043277740479,0.1521397352218627,1.0,0.739301323890686,0.10391451492905607,0.0529976487159729,-0.13520300388336182,-13.082884261798837,10.183319422526965,5.015932134781482,0,,,,,,,,True,10.0,-13.0,0.0,optimal,0,10.0,-13.0,1.4608779070589997,1.264814118748009,0.0,True,0.0,True,0.0,0.0
1761029199.1125891,0,leader,auto,0.6842256188392639,0.928360104560852,0.72355055809021,0.6021397352218627,1.0,0.739301323890686,-0.08208588361740121,0.07163989543914795,0.015750765800476074,0,0,0,0,1.0,0,0,0,0,0,0,False,,,,,,,,,,,,,,,
1761029199.2129102,1,follower,auto,0.048225220292806625,0.9470023512840271,0.8745043277740479,0.1521397352218627,1.0,0.739301323890686,0.10391451492905607,0.0529976487159729,-0.13520300388336182,0,0,0,0,1.0,0,0,0,0,0,0,False,,,,,,,,,,,,,,,
1761029199.2139182,0,follower,auto,0.6923757791519165,0.9237328767776489,0.6768847107887268,0.6083215713500976,1.0,0.7083921432495117,-0.08405420780181894,0.07626712322235107,0.03150743246078491,3.0856863183509473,-9.038401928711483,7.724149221755333,0,,,,,,,,True,-8.0,3.0,0.0,optimal,0,-8.0,3.0,1.691392153705255,1.131683275596705,0.0,True,0.0,True,0.0,0.0
1761029199.3146636,1,follower,auto,0.05785563960671425,0.9466321468353271,0.8265430331230164,0.15832157135009756,1.0,0.7083921432495117,0.10046593174338331,0.05336785316467285,-0.11815088987350464,-11.04771545523166,10.167180334493162,5.251096228359402,0,,,,,,,,True,10.0,-11.0,0.0,optimal,0,10.0,-11.0,1.3362059496041998,0.9557315380327647,0.0,True,0.0,True,0.0,0.0
1761029199.42129,0,leader,auto,0.6923757791519165,0.9237328767776489,0.6768847107887268,0.6083215713500976,1.0,0.7083921432495117,-0.08405420780181894,0.07626712322235107,0.03150743246078491,0,0,0,0,1.0,0,0,0,0,0,0,False,,,,,,,,,,,,,,,
1761029199.5217226,1,follower,auto,0.05785563960671425,0.9466321468353271,0.8265430331230164,0.15832157135009756,1.0,0.7083921432495117,0.10046593174338331,0.05336785316467285,-0.11815088987350464,0,0,0,0,1.0,0,0,0,0,0,0,False,,,,,,,,,,,,,,,
1761029199.522487,0,follower,auto,0.7012887001037598,0.9221422672271729,0.6394069194793701,0.6165266609191894,1.0,0.6673666954040527,-0.08476203918457037,0.07785773277282715,0.027959775924682573,2.0658506787637223,-9.05920970187889,7.674178098016163,0,,,,,,,,True,-8.0,2.0,0.0,optimal,0,-8.0,2.0,1.6205694490921927,1.0708182987630126,0.0,True,0.0,True,0.0,0.0
1761029199.6231008,1,follower,auto,0.06238560006022453,0.946867823600769,0.7790510058403015,0.16652666091918938,1.0,0.6673666954040527,0.10414106085896485,0.05313217639923096,-0.11168431043624882,-11.04307798443365,10.212423019808424,5.332142013191659,0,,,,,,,,True,10.0,-11.0,0.0,optimal,0,10.0,-11.0,1.214817678660051,0.6686496874642389,0.0,True,0.0,True,0.0,0.0
1761029199.776029,0,leader,auto,0.7012887001037598,0.9221422672271729,0.6394069194793701,0.6165266609191894,1.0,0.6673666954040527,-0.08476203918457037,0.07785773277282715,0.027959775924682573,0,0,0,0,1.0,0,0,0,0,0,0,False,,,,,,,,,,,,,,,
1761029199.8762927,1,follower,auto,0.06238560006022453,0.946867823600769,0.7790510058403015,0.16652666091918938,1.0,0.6673666954040527,0.10414106085896485,0.05313217639923096,-0.11168431043624882,0,0,0,0,1.0,0,0,0,0,0,0,False,,,,,,,,,,,,,,,
1761029199.876829,0,follower,auto,0.7135078310966492,0.9238712191581726,0.5982806086540222,0.6226888370513916,1.0,0.6365558147430419,-0.09081899404525762,0.07612878084182739,0.03827520608901969,3.0278835486417814,-10.102312955063004,7.673653299919718,0,,,,,,,,True,-9.0,3.0,0.0,optimal,0,-9.0,3.0,1.5507168528203537,1.0676418902721672,0.0,True,0.0,True,0.0,0.0
1761029199.9772677,1,follower,auto,0.06723067164421082,0.94638991355896,0.7241330742835999,0.17268883705139154,1.0,0.6365558147430419,0.10545816540718073,0.05361008644104004,-0.08757725954055795,-8.03156049221196,10.23243764879611,5.435014369451844,0,,,,,,,,True,10.0,-8.0,0.0,optimal,0,10.0,-8.0,1.0799140154224334,0.5658237814802571,0.0,True,0.0,True,0.0,0.0
1761029200.1780872,0,leader,auto,0.7135078310966492,0.9238712191581726,0.5982806086540222,0.6226888370513916,1.0,0.6365558147430419,-0.09081899404525762,0.07612878084182739,0.03827520608901969,0,0,0,0,1.0,0,0,0,0,0,0,False,,,,,,,,,,,,,,,
1761029200.378481,1,follower,auto,0.06723067164421082,0.94638991355896,0.7241330742835999,0.17268883705139154,1.0,0.6365558147430419,0.10545816540718073,0.05361008644104004,-0.08757725954055795,0,0,0,0,1.0,0,0,0,0,0,0,False,,,,,,,,,,,,,,,
1761029200.379046,0,follower,auto,0.7352771162986755,0.9324791431427002,0.5338293313980103,0.6297722053527831,1.0,0.6011389732360839,-0.10550491094589243,0.0675208568572998,0.06730964183807364,5.938148006529981,-11.214829368979162,6.85759207466601,0,,,,,,,,True,-10.0,6.0,0.0,optimal,0,-10.0,6.0,1.453546370730823,1.0366256702741221,0.0,True,0.0,True,0.0,0.0
1761029200.4794672,1,follower,auto,0.07387831062078476,0.9406277537345886,0.6476553082466125,0.1797722053527831,1.0,0.6011389732360839,0.10589389473199834,0.05937224626541138,-0.04651633501052865,-3.9631555085463472,10.242664613998851,5.658812189806653,0,,,,,,,,True,10.0,-4.0,0.0,optimal,0,10.0,-4.0,0.9021220355751223,0.4511339700638131,0.0,True,0.0,True,0.0,0.0
1761029200.593947,0,leader,auto,0.7352771162986755,0.9324791431427002,0.5338293313980103,0.6297722053527831,1.0,0.6011389732360839,-0.10550491094589243,0.0675208568572998,0.06730964183807364,0,0,0,0,1.0,0,0,0,0,0,0,False,,,,,,,,,,,,,,,
1761029200.694357,1,follower,auto,0.07387831062078476,0.9406277537345886,0.6476553082466125,0.1797722053527831,1.0,0.6011389732360839,0.10589389473199834,0.05937224626541138,-0.04651633501052865,0,0,0,0,1.0,0,0,0,0,0,0,False,,,,,,,,,,,,,,,
1761029200.6954746,0,follower,auto,0.7481529712677002,0.937933087348938,0.49244052171707153,0.639817600250244,1.0,0.5509119987487792,-0.10833537101745616,0.06206691265106201,0.05847147703170763,4.934565512755923,-11.181280790221818,6.723145544109817,0,,,,,,,,True,-10.0,5.0,0.0,optimal,0,-10.0,5.0,1.3939322460698214,0.9730297614712071,0.0,True,0.0,True,0.0,0.0
1761029200.7962134,1,follower,auto,0.07728346437215805,0.9396671652793884,0.6053895950317383,0.18981760025024402,1.0,0.5509119987487792,0.11253413587808597,0.06033283472061157,-0.05447759628295912,-4.979811951669548,11.280370890476382,6.434473727556811,0,,,,,,,,True,11.0,-5.0,0.0,optimal,0,11.0,-5.0,0.8087722764186562,0.4602378848609335,0.0,True,0.0,True,0.0,0.0
1761029200.902103,0,leader,auto,0.7481529712677002,0.937933087348938,0.49244052171707153,0.639817600250244,1.0,0.5509119987487792,-0.10833537101745616,0.06206691265106201,0.05847147703170763,0,0,0,0,1.0,0,0,0,0,0,0,False,,,,,,,,,,,,,,,
1761029201.0024748,1,follower,auto,0.07728346437215805,0.9396671652793884,0.6053895950317383,0.18981760025024402,1.0,0.5509119987487792,0.11253413587808597,0.06033283472061157,-0.05447759628295912,0,0,0,0,1.0,0,0,0,0,0,0,False,,,,,,,,,,,,,,,
1761029201.003614,0,follower,auto,0.7591013312339783,0.9423460364341736,0.45469987392425537,0.646150403022766,1.0,0.5192479848861693,-0.11295092821121222,0.057653963565826416,0.06454811096191393,5.937284785038058,-12.162615465284027,5.656887408965253,0,,,,,,,,True,-11.0,6.0,0.0,optimal,0,-11.0,6.0,1.3413272128457783,0.9569669578626019,0.0,True,0.0,True,0.0,0.0
1761029201.1043088,1,follower,auto,0.08033047616481781,0.9388555288314819,0.5705327987670898,0.19615040302276604,1.0,0.5192479848861693,0.11581992685794823,0.061144471168518066,-0.05128481388092054,-4.981109742865709,11.30228137258532,6.300216902617438,0,,,,,,,,True,11.0,-5.0,0.0,optimal,0,11.0,-5.0,0.734625649102892,0.4737637099463659,0.0,True,0.0,True,0.0,0.0
1761029201.2394044,0,leader,auto,0.7591013312339783,0.9423460364341736,0.45469987392425537,0.646150403022766,1.0,0.5192479848861693,-0.11295092821121222,0.057653963565826416,0.06454811096191393,0,0,0,0,1.0,0,0,0,0,0,0,False,,,,,,,,,,,,,,,
1761029201.3397768,1,follower,auto,0.08033047616481781,0.9388555288314819,0.5705327987670898,0.19615040302276604,1.0,0.5192479848861693,0.11581992685794823,0.061144471168518066,-0.05128481388092054,0,0,0,0,1.0,0,0,0,0,0,0,False,,,,,,,,,,,,,,,
1761029201.3423023,0,follower,auto,0.769260585308075,0.9455899000167847,0.4128590524196625,0.6523155736923217,1.0,0.488422131538391,-0.11694501161575321,0.05441009998321533,0.0755630791187285,6.93783141598875,-12.153931020099115,5.681719692609734,0,,,,,,,,True,-11.0,7.0,0.0,optimal,0,-11.0,7.0,1.282777731816276,0.9204420021626583,0.0,True,0.0,True,0.0,0.0
1761029201.4429176,1,follower,auto,0.08575689792633057,0.9338057041168213,0.5364026427268982,0.20231557369232173,1.0,0.488422131538391,0.11655867576599116,0.06619429588317871,-0.04798051118850721,-3.9358088298278298,11.292411115270383,6.243567812241263,0,,,,,,,,True,11.0,-4.0,0.0,optimal,0,11.0,-4.0,0.665787442563778,0.4717873517545152,0.0,True,0.0,True,0.0,0.0
1761029201.606425,0,leader,auto,0.769260585308075,0.9455899000167847,0.4128590524196625,0.6523155736923217,1.0,0.488422131538391,-0.11694501161575321,0.05441009998321533,0.0755630791187285,0,0,0,0,1.0,0,0,0,0,0,0,False,,,,,,,,,,,,,,,
1761029201.7067142,1,follower,auto,0.08575689792633057,0.9338057041168213,0.5364026427268982,0.20231557369232173,1.0,0.488422131538391,0.11655867576599116,0.06619429588317871,-0.04798051118850721,0,0,0,0,1.0,0,0,0,0,0,0,False,,,,,,,,,,,,,,,
1761029201.7074678,0,follower,auto,0.7797128558158875,0.9494001269340515,0.36902546882629395,0.659091567993164,1.0,0.4545421600341796,-0.12062128782272341,0.050599873065948486,0.08551669120788563,7.920820532517954,-13.159979440539537,5.722481184322246,0,,,,,,,,True,-12.0,8.0,0.0,optimal,0,-12.0,8.0,1.2250425453196818,0.904920804864007,0.0,True,0.0,True,0.0,0.0
1761029201.8080316,1,follower,auto,0.09066104143857956,0.9268495440483093,0.5059306621551514,0.20909156799316403,1.0,0.4545421600341796,0.11843052655458447,0.07315045595169067,-0.05138850212097179,-4.8937879181992185,11.3000295913224,7.179271806120022,0,,,,,,,,True,11.0,-5.0,0.0,optimal,0,11.0,-5.0,0.6063803380740609,0.4734969277514573,0.0,True,0.0,True,0.0,0.0
1761029201.91336,0,leader,auto,0.7797128558158875,0.9494001269340515,0.36902546882629395,0.659091567993164,1.0,0.4545421600341796,-0.12062128782272341,0.050599873065948486,0.08551669120788563,0,0,0,0,1.0,0,0,0,0,0,0,False,,,,,,,,,,,,,,,
1761029202.0135946,1,follower,auto,0.09066104143857956,0.9268495440483093,0.5059306621551514,0.20909156799316403,1.0,0.4545421600341796,0.11843052655458447,0.07315045595169067,-0.05138850212097179,0,0,0,0,1.0,0,0,0,0,0,0,False,,,,,,,,,,,,,,,
1761029202.0141227,0,follower,auto,0.788101077079773,0.9529975056648254,0.33500683307647705,0.6663878345489501,1.0,0.4180608272552489,-0.12171324253082283,0.04700249433517456,0.08305399417877185,7.907249319039978,-13.137832829063969,4.66719157788712,0,,,,,,,,True,-12.0,8.0,0.0,optimal,0,-12.0,8.0,1.1835801498106149,0.9092711256007153,0.0,True,0.0,True,0.0,0.0
1761029202.1146007,1,follower,auto,0.10180024057626724,0.9203797578811646,0.48587217926979065,0.2163878345489501,1.0,0.4180608272552489,0.11458759397268287,0.07962024211883545,-0.06781135201454175,-5.8750113122788425,11.243317542925613,7.057582115781052,0,,,,,,,,True,11.0,-6.0,0.0,optimal,0,11.0,-6.0,0.5730273390700591,0.5326849610787976,0.0,True,0.0,True,0.0,0.0
1761029202.2214015,0,leader,auto,0.788101077079773,0.9529975056648254,0.33500683307647705,0.6663878345489501,1.0,0.4180608272552489,-0.12171324253082283,0.04700249433517456,0.08305399417877185,0,0,0,0,1.0,0,0,0,0,0,0,False,,,,,,,,,,,,,,,
1761029202.321695,1,follower,auto,0.10180024057626724,0.9203797578811646,0.48587217926979065,0.2163878345489501,1.0,0.4180608272552489,0.11458759397268287,0.07962024211883545,-0.06781135201454175,0,0,0,0,1.0,0,0,0,0,0,0,False,,,,,,,,,,,,,,,
1761029202.3226998,0,follower,auto,0.7940242886543274,0.9561231732368469,0.30568358302116394,0.6725226068496704,1.0,0.3873869657516478,-0.12150168180465704,0.043876826763153076,0.08170338273048389,7.900000261510371,-13.09704120902891,4.620863329748983,0,,,,,,,,True,-12.0,8.0,0.0,optimal,0,-12.0,8.0,1.1472103223845622,0.9051148795088639,0.0,True,0.0,True,0.0,0.0
1761029202.4232948,1,follower,auto,0.11750978231430054,0.9157252311706543,0.4672035574913025,0.22252260684967035,1.0,0.3873869657516478,0.10501282453536981,0.0842747688293457,-0.07981659173965466,-6.877486442718725,10.174471495361667,7.9997005017554,0,,,,,,,,True,10.0,-7.0,0.0,optimal,0,10.0,-7.0,0.5462951834891059,0.5235324296160901,0.0,True,0.0,True,0.0,0.0
1761029202.5268338,0,leader,auto,0.7940242886543274,0.9561231732368469,0.30568358302116394,0.6725226068496704,1.0,0.3873869657516478,-0.12150168180465704,0.043876826763153076,0.08170338273048389,0,0,0,0,1.0,0,0,0,0,0,0,False,,,,,,,,,,,,,,,
1761029202.6271632,1,follower,auto,0.11750978231430054,0.9157252311706543,0.4672035574913025,0.22252260684967035,1.0,0.3873869657516478,0.10501282453536981,0.0842747688293457,-0.07981659173965466,0,0,0,0,1.0,0,0,0,0,0,0,False,,,,,,,,,,,,,,,
1761029202.628385,0,follower,auto,0.7976111173629761,0.9572018980979919,0.2826137840747833,0.6786922216415405,1.0,0.35653889179229725,-0.11891889572143555,0.04279810190200806,0.07392510771751393,6.911221318615961,-12.047435916807279,4.557057814711533,0,,,,,,,,True,-11.0,7.0,0.0,optimal,0,-11.0,7.0,1.1177122765100571,0.9106451697846749,0.0,True,0.0,True,0.0,0.0
1761029202.7292166,1,follower,auto,0.1358606368303299,0.9119375348091125,0.44907811284065247,0.22869222164154052,1.0,0.35653889179229725,0.09283158481121062,0.08806246519088745,-0.09253922104835521,-8.881711812375134,9.11388846361981,7.975151380954839,0,,,,,,,,True,9.0,-9.0,0.0,optimal,0,9.0,-9.0,0.5235516316452491,0.4927398036280291,0.0,True,0.0,True,0.0,0.0
1761029202.9027026,0,leader,auto,0.7976111173629761,0.9572018980979919,0.2826137840747833,0.6786922216415405,1.0,0.35653889179229725,-0.11891889572143555,0.04279810190200806,0.07392510771751393,0,0,0,0,1.0,0,0,0,0,0,0,False,,,,,,,,,,,,,,,
1761029203.0030565,1,follower,auto,0.1358606368303299,0.9119375348091125,0.44907811284065247,0.22869222164154052,1.0,0.35653889179229725,0.09283158481121062,0.08806246519088745,-0.09253922104835521,0,0,0,0,1.0,0,0,0,0,0,0,False,,,,,,,,,,,,,,,
1761029203.0045023,0,follower,auto,0.8006214499473572,0.9539881348609924,0.25745299458503723,0.6848135089874268,1.0,0.3259324550628661,-0.11580794095993041,0.04601186513900757,0.06847946047782888,5.951484827152934,-12.005600392772562,4.558470406208695,0,,,,,,,,True,-11.0,6.0,0.0,optimal,0,-11.0,6.0,1.0849783251005918,0.8814134102137701,0.0,True,0.0,True,0.0,0.0
1761029203.1055663,1,follower,auto,0.1580410897731781,0.9078240394592285,0.42739391326904297,0.23481350898742676,1.0,0.3259324550628661,0.07677241921424866,0.09217596054077148,-0.10146145820617686,-9.881083003150865,7.041433558387596,8.994690260606603,0,,,,,,,,True,7.0,-10.0,0.0,optimal,0,7.0,-10.0,0.4982528923344342,0.43490674511382493,0.0,True,0.0,True,0.0,0.0
1761029203.2348704,0,leader,auto,0.8006214499473572,0.9539881348609924,0.25745299458503723,0.6848135089874268,1.0,0.3259324550628661,-0.11580794095993041,0.04601186513900757,0.06847946047782888,0,0,0,0,1.0,0,0,0,0,0,0,False,,,,,,,,,,,,,,,
1761029203.335177,1,follower,auto,0.1580410897731781,0.9078240394592285,0.42739391326904297,0.23481350898742676,1.0,0.3259324550628661,0.07677241921424866,0.09217596054077148,-0.10146145820617686,0,0,0,0,1.0,0,0,0,0,0,0,False,,,,,,,,,,,,,,,
1761029203.3369184,0,follower,auto,0.8028441667556763,0.9520996809005737,0.23318733274936676,0.6923401689529419,1.0,0.2882991552352904,-0.11050399780273434,0.04790031909942627,0.05511182248592367,4.95588735280992,-11.977489121244492,4.555808087609488,0,,,,,,,,True,-11.0,5.0,0.0,optimal,0,-11.0,5.0,1.0532600877000171,0.8217093226243781,0.0,True,0.0,True,0.0,0.0
1761029203.4379275,1,follower,auto,0.1719779372215271,0.9079697132110596,0.4071265459060669,0.24234016895294191,1.0,0.2882991552352904,0.07036223173141481,0.09203028678894043,-0.11882739067077647,-10.920127451857162,7.07999873117299,8.984217557703733,0,,,,,,,,True,7.0,-11.0,0.0,optimal,0,7.0,-11.0,0.47124615606705406,0.36394583550949516,0.0,True,0.0,True,0.0,0.0
1761029203.540525,0,leader,auto,0.8028441667556763,0.9520996809005737,0.23318733274936676,0.6923401689529419,1.0,0.2882991552352904,-0.11050399780273434,0.04790031909942627,0.05511182248592367,0,0,0,0,1.0,0,0,0,0,0,0,False,,,,,,,,,,,,,,,
1761029203.6408222,1,follower,auto,0.1719779372215271,0.9079697132110596,0.4071265459060669,0.24234016895294191,1.0,0.2882991552352904,0.07036223173141481,0.09203028678894043,-0.11882739067077647,0,0,0,0,1.0,0,0,0,0,0,0,False,,,,,,,,,,,,,,,
1761029203.6415465,0,follower,auto,0.8053029775619507,0.9517136216163635,0.2078476995229721,0.6989861297607423,1.0,0.255069351196289,-0.10631684780120843,0.048286378383636475,0.04722165167331688,3.9546877549247785,-10.967228395487709,4.567349799848282,0,,,,,,,,True,-10.0,4.0,0.0,optimal,0,-10.0,4.0,1.0216824424148876,0.777890103193843,0.0,True,0.0,True,0.0,0.0
1761029203.7420568,1,follower,auto,0.1804913431406021,0.914927065372467,0.38519909977912903,0.24898612976074225,1.0,0.255069351196289,0.06849478662014014,0.08507293462753296,-0.13012974858284004,-12.999158644807409,6.133314657973322,7.9917013603136775,0,,,,,,,,True,6.0,-13.0,0.0,optimal,0,6.0,-13.0,0.43835110845471986,0.24433852753103086,0.0,True,0.0,True,0.0,0.0
1761029203.8463209,0,leader,auto,0.8053029775619507,0.9517136216163635,0.2078476995229721,0.6989861297607423,1.0,0.255069351196289,-0.10631684780120843,0.048286378383636475,0.04722165167331688,0,0,0,0,1.0,0,0,0,0,0,0,False,,,,,,,,,,,,,,,
1761029203.9468517,1,follower,auto,0.1804913431406021,0.914927065372467,0.38519909977912903,0.24898612976074225,1.0,0.255069351196289,0.06849478662014014,0.08507293462753296,-0.13012974858284004,0,0,0,0,1.0,0,0,0,0,0,0,False,,,,,,,,,,,,,,,
1761029203.9491441,0,follower,auto,0.8082161545753479,0.9506574273109436,0.1802767813205719,0.7050687789916993,1.0,0.22465610504150382,-0.10314737558364862,0.049342572689056396,0.044379323720931924,3.968908828680421,-10.9668797344702,4.588895386718716,0,,,,,,,,True,-10.0,4.0,0.0,optimal,0,-10.0,4.0,0.9892763135505789,0.7496516626715242,0.0,True,0.0,True,0.0,0.0
1761029204.0507586,1,follower,auto,0.18594564497470856,0.9220417737960815,0.35821202397346497,0.2550687789916993,1.0,0.22465610504150382,0.06912313401699072,0.07795822620391846,-0.13355591893196114,-13.033141614238044,6.173918790896855,7.037107110997613,0,,,,,,,,True,6.0,-13.0,0.0,optimal,0,6.0,-13.0,0.39548191896757506,0.14052149213075388,0.0,True,0.0,True,0.0,0.0
1761029204.153195,0,leader,auto,0.8082161545753479,0.9506574273109436,0.1802767813205719,0.7050687789916993,1.0,0.22465610504150382,-0.10314737558364862,0.049342572689056396,0.044379323720931924,0,0,0,0,1.0,0,0,0,0,0,0,False,,,,,,,,,,,,,,,
1761029204.2536957,1,follower,auto,0.18594564497470856,0.9220417737960815,0.35821202397346497,0.2550687789916993,1.0,0.22465610504150382,0.06912313401699072,0.07795822620391846,-0.13355591893196114,0,0,0,0,1.0,0,0,0,0,0,0,False,,,,,,,,,,,,,,,
1761029204.2557445,0,follower,auto,0.8106619119644165,0.945735514163971,0.152227520942688,0.7112437009811402,1.0,0.19378149509429923,-0.0994182109832763,0.05426448583602905,0.041553974151611245,4.006432852800103,-9.962199685446546,5.597000961382093,0,,,,,,,,True,-9.0,4.0,0.0,optimal,0,-9.0,4.0,0.9568382393706143,0.7345542455299263,0.0,True,0.0,True,0.0,0.0
1761029204.3567529,1,follower,auto,0.18958649039268494,0.920094907283783,0.328753799200058,0.2612437009811402,1.0,0.19378149509429923,0.07165721058845526,0.07990509271621704,-0.13497230410575875,-12.96800493932951,7.200683938795365,7.073862663203649,0,,,,,,,,True,7.0,-13.0,0.0,optimal,0,7.0,-13.0,0.34861049318501963,0.08029715907672724,0.0,True,0.0,True,0.0,0.0
1761029204.4644573,0,leader,auto,0.8106619119644165,0.945735514163971,0.152227520942688,0.7112437009811402,1.0,0.19378149509429923,-0.0994182109832763,0.05426448583602905,0.041553974151611245,0,0,0,0,1.0,0,0,0,0,0,0,False,,,,,,,,,,,,,,,
1761029204.5649796,1,follower,auto,0.18958649039268494,0.920094907283783,0.328753799200058,0.2612437009811402,1.0,0.19378149509429923,0.07165721058845526,0.07990509271621704,-0.13497230410575875,0,0,0,0,1.0,0,0,0,0,0,0,False,,,,,,,,,,,,,,,
1761029204.5667324,0,follower,auto,0.8162304162979126,0.938814640045166,0.1222614198923111,0.7173624897003175,1.0,0.163187551498413,-0.09886792659759513,0.061185359954833984,0.040926131606101895,4.034714246289555,-9.993688464901485,6.609851862454087,0,,,,,,,,True,-9.0,4.0,0.0,optimal,0,-9.0,4.0,0.9299335336954238,0.754387576662509,0.0,True,0.0,True,0.0,0.0
1761029204.6679628,1,follower,auto,0.19107237458229065,0.9142218232154846,0.29457685351371765,0.26736248970031745,1.0,0.163187551498413,0.0762901151180268,0.08577817678451538,-0.13138930201530466,-11.91571662347671,7.233476877312075,8.130208817510061,0,,,,,,,,True,7.8228498433592035,-12.595012312850372,0.9171133471164132,optimal,0,7.0,-13.0,0.29428997830119147,-0.014619544846934562,0.0,True,0.0,True,0.0,0.0
1761029204.8159544,0,leader,auto,0.8162304162979126,0.938814640045166,0.1222614198923111,0.7173624897003175,1.0,0.163187551498413,-0.09886792659759513,0.061185359954833984,0.040926131606101895,0,0,0,0,1.0,0,0,0,0,0,0,False,,,,,,,,,,,,,,,
1761029204.916513,1,follower,auto,0.19107237458229065,0.9142218232154846,0.29457685351371765,0.26736248970031745,1.0,0.163187551498413,0.0762901151180268,0.08577817678451538,-0.13138930201530466,0,0,0,0,1.0,0,0,0,0,0,0,False,,,,,,,,,,,,,,,
1761029204.9180005,0,follower,auto,0.8274449110031128,0.9332692623138428,0.08585040271282196,0.7235898160934449,1.0,0.13205091953277578,-0.10385509490966793,0.06673073768615723,0.046200516819953824,4.026074199228472,-11.071541902643931,6.664693492044112,0,,,,,,,,True,-10.0,4.0,0.0,optimal,0,-10.0,4.0,0.9088637395049699,0.7892234790241683,0.0,True,0.0,True,0.0,0.0
1761029205.0191972,1,follower,auto,0.18707509338855743,0.9052772521972656,0.2548019587993622,0.27358981609344485,1.0,0.13205091953277578,0.08651472270488741,0.09472274780273438,-0.1227510392665864,-8.868659342888463,12.310353832870785,9.197286371853426,0,,,,,,,,True,12.60252588806736,-9.639747595805481,5.172430372835989,infeasible,0,8.0,-12.0,0.22955312492911456,-0.07897662855921922,0.0,True,0.0,True,0.0,0.0
1761029205.2216423,0,leader,auto,0.8274449110031128,0.9332692623138428,0.08585040271282196,0.7235898160934449,1.0,0.13205091953277578,-0.10385509490966793,0.06673073768615723,0.046200516819953824,0,0,0,0,1.0,0,0,0,0,0,0,False,,,,,,,,,,,,,,,
1761029205.322023,1,follower,auto,0.18707509338855743,0.9052772521972656,0.2548019587993622,0.27358981609344485,1.0,0.13205091953277578,0.08651472270488741,0.09472274780273438,-0.1227510392665864,0,0,0,0,1.0,0,0,0,0,0,0,False,,,,,,,,,,,,,,,
1761029205.3225746,0,follower,auto,0.8380271792411804,0.9303605556488037,0.045822612941265106,0.7306135559082032,1.0,0.09693222045898428,-0.10741362333297721,0.06963944435119629,0.051109607517719174,4.988060584172304,-11.106237167037275,6.6941741473642296,0,,,,,,,,True,-10.0,5.0,0.0,optimal,0,-10.0,5.0,0.8854227496414317,0.7942110237100553,0.0,True,0.0,True,0.0,0.0
1761029205.4229894,1,follower,auto,0.18199387192726135,0.8924997448921204,0.20219652354717255,0.2806135559082032,1.0,0.09693222045898428,0.09861968398094184,0.10750025510787964,-0.10526430308818827,-3.8090719299207536,18.35917195318045,10.342538902004502,0,,,,,,,,True,18.55807530214284,-4.8004211493470965,10.88082826376696,optimal,0,9.0,-10.0,0.14899927587171585,-0.15656138111733825,0.0,True,0.0,True,0.0,0.0
1761029205.5291762,0,leader,auto,0.8380271792411804,0.9303605556488037,0.045822612941265106,0.7306135559082032,1.0,0.09693222045898428,-0.10741362333297721,0.06963944435119629,0.051109607517719174,0,0,0,0,1.0,0,0,0,0,0,0,False,,,,,,,,,,,,,,,
1761029205.6294508,1,follower,auto,0.18199387192726135,0.8924997448921204,0.20219652354717255,0.2806135559082032,1.0,0.09693222045898428,0.09861968398094184,0.10750025510787964,-0.10526430308818827,0,0,0,0,1.0,0,0,0,0,0,0,False,,,,,,,,,,,,,,,
1761029205.6302674,0,follower,auto,0.8419620394706726,0.934214174747467,0.015305262058973312,0.7386873102188111,1.0,0.056563448905944724,-0.10327472925186154,0.06578582525253296,0.04125818684697141,3.911540734918325,-11.059440359150393,6.614960206066588,0,,,,,,,,True,-10.0,4.0,0.0,optimal,0,-10.0,4.0,0.8612244048035504,0.7123116349747709,0.0,True,0.0,True,0.0,0.0
1761029205.7308776,1,follower,auto,0.18214112520217896,0.8878512382507324,0.16245891153812408,0.28868731021881106,1.0,0.056563448905944724,0.1065461850166321,0.11214876174926758,-0.10589546263217936,-3.851167083283973,20,11.28619539703129,0,,,,,,,,True,20.23768274004892,-4.094366407326873,11.818910948848243,optimal,0,10.0,-10.0,0.09488364904706353,-0.1626989333540641,0.0,True,0.0,True,0.0,0.0
1761029205.8353934,0,leader,auto,0.8419620394706726,0.934214174747467,0.015305262058973312,0.7386873102188111,1.0,0.056563448905944724,-0.10327472925186154,0.06578582525253296,0.04125818684697141,0,0,0,0,1.0,0,0,0,0,0,0,False,,,,,,,,,,,,,,,
1761029205.935695,1,follower,auto,0.18214112520217896,0.8878512382507324,0.16245891153812408,0.28868731021881106,1.0,0.056563448905944724,0.1065461850166321,0.11214876174926758,-0.10589546263217936,0,0,0,0,1.0,0,0,0,0,0,0,False,,,,,,,,,,,,,,,
1761029205.936754,0,follower,auto,0.8437812924385071,0.9418660998344421,-0.015928704291582108,0.744844799041748,1.0,0.025776004791259664,-0.09893649339675903,0.05813390016555786,0.04170470908284177,3.8481705600474503,-10.01477251937241,5.596683205854898,0,,,,,,,,True,-9.0,4.0,0.0,optimal,0,-9.0,4.0,0.8338044057734268,0.6788169833388027,0.0,True,0.0,True,0.0,0.0
1761029206.037315,1,follower,auto,0.19139589369297028,0.8872802257537842,0.12810394167900085,0.29484479904174804,1.0,0.025776004791259664,0.10344890534877776,0.11271977424621582,-0.1023279368877412,-4.889538130313371,16.229977943841728,11.224610539235766,0,,,,,,,,True,16.824102497328646,-5.74763742374446,8.040582216107595,optimal,0,10.0,-10.0,0.057705307152416674,-0.10711085270100684,0.0,True,0.0,True,0.0,0.0
1761029206.1422825,0,leader,auto,0.8437812924385071,0.9418660998344421,-0.015928704291582108,0.744844799041748,1.0,0.025776004791259664,-0.09893649339675903,0.05813390016555786,0.04170470908284177,0,0,0,0,1.0,0,0,0,0,0,0,False,,,,,,,,,,,,,,,
1761029206.2425706,1,follower,auto,0.19139589369297028,0.8872802257537842,0.12810394167900085,0.29484479904174804,1.0,0.025776004791259664,0.10344890534877776,0.11271977424621582,-0.1023279368877412,0,0,0,0,1.0,0,0,0,0,0,0,False,,,,,,,,,,,,,,,
1761029206.2435527,0,follower,auto,0.8450021147727966,0.9482085108757019,-0.0450216606259346,0.7509740781784058,1.0,-0.004870390892028911,-0.09402803659439085,0.051791489124298096,0.04015126973390569,3.8400743459002444,-9.974959330976757,5.583296019156875,0,,,,,,,,True,-9.0,4.0,0.0,optimal,0,-9.0,4.0,0.8090347091791994,0.6725721338518391,0.0,True,0.0,True,0.0,0.0
1761029206.3445423,1,follower,auto,0.2091047167778015,0.8910990357398987,0.1047949492931366,0.30097407817840577,1.0,-0.004870390892028911,0.09186936140060425,0.10890096426010132,-0.10966534018516551,-8.937838873609964,9.108011936796936,10.103268473620146,0,,,,,,,,True,9.228978353376139,-9.845110934680129,0.2764447664010139,optimal,0,9.0,-10.0,0.04314359998033296,-0.003633314378742203,0.0,True,0.0,True,0.0,0.0
1761029206.4485815,0,leader,auto,0.8450021147727966,0.9482085108757019,-0.0450216606259346,0.7509740781784058,1.0,-0.004870390892028911,-0.09402803659439085,0.051791489124298096,0.04015126973390569,0,0,0,0,1.0,0,0,0,0,0,0,False,,,,,,,,,,,,,,,
1761029206.5489452,1,follower,auto,0.2091047167778015,0.8910990357398987,0.1047949492931366,0.30097407817840577,1.0,-0.004870390892028911,0.09186936140060425,0.10890096426010132,-0.10966534018516551,0,0,0,0,1.0,0,0,0,0,0,0,False,,,,,,,,,,,,,,,
1761029206.5506263,0,follower,auto,0.8494641184806824,0.9521063566207886,-0.07979721575975418,0.7571169519424439,1.0,-0.035584759712219347,-0.09234716653823849,0.047893643379211426,0.044212456047534834,3.862190510461815,-9.96470227158688,4.649973791709573,0,,,,,,,,True,-9.0,4.0,0.0,optimal,0,-9.0,4.0,0.7879453158616903,0.6921332843235255,0.0,True,0.0,True,0.0,0.0
1761029206.6517384,1,follower,auto,0.23553913831710815,0.8969135880470276,0.0870613157749176,0.30711695194244387,1.0,-0.035584759712219347,0.07157781362533572,0.10308641195297241,-0.12264607548713695,-11.973104012413343,6.972588081256519,9.997072740800657,0,,,,,,,,True,7.0,-12.0,0.0,optimal,0,7.0,-12.0,0.0443353294853866,0.060044106734737646,0.0,True,0.0,True,0.0,0.0
1761029206.763268,0,leader,auto,0.8494641184806824,0.9521063566207886,-0.07979721575975418,0.7571169519424439,1.0,-0.035584759712219347,-0.09234716653823849,0.047893643379211426,0.044212456047534834,0,0,0,0,1.0,0,0,0,0,0,0,False,,,,,,,,,,,,,,,
1761029206.8636541,1,follower,auto,0.23553913831710815,0.8969135880470276,0.0870613157749176,0.30711695194244387,1.0,-0.035584759712219347,0.07157781362533572,0.10308641195297241,-0.12264607548713695,0,0,0,0,1.0,0,0,0,0,0,0,False,,,,,,,,,,,,,,,
1761029206.8644714,0,follower,auto,0.8565241694450378,0.9515697360038757,-0.11403334885835648,0.763264684677124,1.0,-0.06632342338562022,-0.09325948476791379,0.04843026399612427,0.04770992547273625,3.916350232252505,-9.973183784832425,4.681522978282282,0,,,,,,,,True,-9.0,4.0,0.0,optimal,0,-9.0,4.0,0.7752135764150221,0.7402439276689943,0.0,True,0.0,True,0.0,0.0
1761029206.9652214,1,follower,auto,0.2560342252254486,0.903802216053009,0.06865575909614563,0.31326468467712404,1.0,-0.06632342338562022,0.05723045945167543,0.09619778394699097,-0.13497918248176585,-12.002981144906139,4.971586369602671,8.954781175600731,0,,,,,,,,True,5.775918925536318,-12.3777508090182,0.994607578235224,optimal,0,5.0,-13.0,0.04133658693018888,-0.013049958479480428,0.0,True,0.0,True,0.0,0.0
1761029207.123277,0,leader,auto,0.8565241694450378,0.9515697360038757,-0.11403334885835648,0.763264684677124,1.0,-0.06632342338562022,-0.09325948476791379,0.04843026399612427,0.04770992547273625,0,0,0,0,1.0,0,0,0,0,0,0,False,,,,,,,,,,,,,,,
1761029207.2235262,1,follower,auto,0.2560342252254486,0.903802216053009,0.06865575909614563,0.31326468467712404,1.0,-0.06632342338562022,0.05723045945167543,0.09619778394699097,-0.13497918248176585,0,0,0,0,1.0,0,0,0,0,0,0,False,,,,,,,,,,,,,,,
1761029207.224365,0,follower,auto,0.8665618300437927,0.9501866698265076,-0.1504376232624054,0.7695341062545776,1.0,-0.0976705312728883,-0.09702772378921509,0.04981333017349243,0.052767091989517095,4.945041908827134,-10.00157077281173,4.7163417631197895,0,,,,,,,,True,-9.0,5.0,0.0,optimal,0,-9.0,5.0,0.7697479925368,0.8086817893324971,0.0,True,0.0,True,0.0,0.0
1761029207.32499,1,follower,auto,0.2695486545562744,0.9082024693489075,0.04176175221800804,0.3195341062545776,1.0,-0.0976705312728883,0.04998545169830321,0.09179753065109253,-0.13943228349089634,-5.996375554418878,11.030753992834327,9.00625504581548,0,,,,,,,,True,11.27928176653754,-6.6909961886007965,9.63283302714708,infeasible,0,4.0,-13.0,0.02398173516193386,-0.12430837252729576,0.0,True,0.0,True,0.0,0.0
1761029207.4294605,0,leader,auto,0.8665618300437927,0.9501866698265076,-0.1504376232624054,0.7695341062545776,1.0,-0.0976705312728883,-0.09702772378921509,0.04981333017349243,0.052767091989517095,0,0,0,0,1.0,0,0,0,0,0,0,False,,,,,,,,,,,,,,,
1761029207.5296938,1,follower,auto,0.2695486545562744,0.9082024693489075,0.04176175221800804,0.3195341062545776,1.0,-0.0976705312728883,0.04998545169830321,0.09179753065109253,-0.13943228349089634,0,0,0,0,1.0,0,0,0,0,0,0,False,,,,,,,,,,,,,,,
1761029207.530151,0,follower,auto,0.8749819397926331,0.9498856067657471,-0.17883867025375366,0.7767271232604981,1.0,-0.13363561630249035,-0.09825481653213497,0.05011439323425293,0.04520305395126331,3.944663367869469,-10.002045995499182,5.654312924111156,0,,,,,,,,True,-9.0,4.0,0.0,optimal,0,-9.0,4.0,0.7687307706047093,0.8119382467322303,0.0,True,0.0,True,0.0,0.0
1761029207.630663,1,follower,auto,0.2753140926361084,0.9097049236297607,0.012715542688965797,0.3267271232604981,1.0,-0.13363561630249035,0.05141303062438968,0.09029507637023926,-0.14635115899145615,-1.9701551477957715,17.119142359745098,9.045023073340706,0,,,,,,,,True,17.533510408503176,-2.380781093314969,17.09079082902615,optimal,0,5.0,-14.0,-0.001199285626672153,-0.2150802734879667,0.0,True,0.0,True,0.0,0.0
1761029207.7351665,0,leader,auto,0.8749819397926331,0.9498856067657471,-0.17883867025375366,0.7767271232604981,1.0,-0.13363561630249035,-0.09825481653213497,0.05011439323425293,0.04520305395126331,0,0,0,0,1.0,0,0,0,0,0,0,False,,,,,,,,,,,,,,,
1761029207.8355718,1,follower,auto,0.2753140926361084,0.9097049236297607,0.012715542688965797,0.3267271232604981,1.0,-0.13363561630249035,0.05141303062438968,0.09029507637023926,-0.14635115899145615,0,0,0,0,1.0,0,0,0,0,0,0,False,,,,,,,,,,,,,,,
1761029207.8363361,0,follower,auto,0.879141092300415,0.9491404891014099,-0.2042035460472107,0.7828425359725952,1.0,-0.1642126798629762,-0.0962985563278198,0.05085951089859009,0.0399908661842345,2.9462640590077678,-9.963203897030796,5.608293431792935,0,,,,,,,,True,-9.0,3.0,0.0,optimal,0,-9.0,3.0,0.7620410392623773,0.7471056776025353,0.0,True,0.0,True,0.0,0.0
1761029207.9369428,1,follower,auto,0.2808052599430084,0.9081569910049438,-0.014114216901361942,0.3328425359725952,1.0,-0.1642126798629762,0.0520372760295868,0.09184300899505615,-0.15009846296161425,-0.9346499705567644,18.144770119861242,9.039942304666415,0,,,,,,,,True,18.20794593729696,-1.9301591020083784,18.581457880946093,optimal,0,5.0,-15.0,-0.02274130779375927,-0.22862882529433137,0.0,True,0.0,True,0.0,0.0
1761029208.0422738,0,leader,auto,0.879141092300415,0.9491404891014099,-0.2042035460472107,0.7828425359725952,1.0,-0.1642126798629762,-0.0962985563278198,0.05085951089859009,0.0399908661842345,0,0,0,0,1.0,0,0,0,0,0,0,False,,,,,,,,,,,,,,,
1761029208.1425765,1,follower,auto,0.2808052599430084,0.9081569910049438,-0.014114216901361942,0.3328425359725952,1.0,-0.1642126798629762,0.0520372760295868,0.09184300899505615,-0.15009846296161425,0,0,0,0,1.0,0,0,0,0,0,0,False,,,,,,,,,,,,,,,
1761029208.1434631,0,follower,auto,0.8826372027397156,0.9468066692352295,-0.23308584094047546,0.7889689683914185,1.0,-0.1948448419570924,-0.09366823434829707,0.05319333076477051,0.03824099898338307,2.964965504604758,-9.935027728960408,5.6342249368728785,0,,,,,,,,True,-9.0,3.0,0.0,optimal,0,-9.0,3.0,0.753346481062529,0.7353965686246831,0.0,True,0.0,True,0.0,0.0
1761029208.2445385,1,follower,auto,0.2920036315917969,0.9088330864906311,-0.03664195537567139,0.3389689683914185,1.0,-0.1948448419570924,0.046965336799621615,0.0911669135093689,-0.158202886581421,-3.9475563932733144,14.093563946269596,8.99209006435255,0,,,,,,,,True,14.338549967923768,-4.02230318729924,15.079636691606234,infeasible,0,4.0,-15.0,-0.033231748982402054,-0.18344730592350972,0.0,True,0.0,True,0.0,0.0
1761029208.348233,0,leader,auto,0.8826372027397156,0.9468066692352295,-0.23308584094047546,0.7889689683914185,1.0,-0.1948448419570924,-0.09366823434829707,0.05319333076477051,0.03824099898338307,0,0,0,0,1.0,0,0,0,0,0,0,False,,,,,,,,,,,,,,,
1761029208.4484673,1,follower,auto,0.2920036315917969,0.9088330864906311,-0.03664195537567139,0.3389689683914185,1.0,-0.1948448419570924,0.046965336799621615,0.0911669135093689,-0.158202886581421,0,0,0,0,1.0,0,0,0,0,0,0,False,,,,,,,,,,,,,,,
1761029208.4490416,0,follower,auto,0.8856632113456726,0.944257378578186,-0.26097622513771057,0.7951169872283936,1.0,-0.2255849361419679,-0.09054622411727897,0.055742621421813965,0.035391288995742676,2.980163995086605,-9.904560697223394,5.645209539461184,0,,,,,,,,True,-9.0,3.0,0.0,optimal,0,-9.0,3.0,0.745796973418817,0.7383066033948797,0.0,True,0.0,True,0.0,0.0
1761029208.5495255,1,follower,auto,0.3093838691711426,0.9123721718788147,-0.05493450537323952,0.3451169872283936,1.0,-0.2255849361419679,0.035733118057251045,0.0876278281211853,-0.17065043076872838,-7.983255537428748,10.008209094459605,7.9306216081427925,0,,,,,,,,True,10.635211410848662,-8.261390565315912,11.604298692308095,optimal,0,3.0,-17.0,-0.03244477932087325,-0.1412905649069533,0.0,True,0.0,True,0.0,0.0
1761029208.654377,0,leader,auto,0.8856632113456726,0.944257378578186,-0.26097622513771057,0.7951169872283936,1.0,-0.2255849361419679,-0.09054622411727897,0.055742621421813965,0.035391288995742676,0,0,0,0,1.0,0,0,0,0,0,0,False,,,,,,,,,,,,,,,
1761029208.7546825,1,follower,auto,0.3093838691711426,0.9123721718788147,-0.05493450537323952,0.3451169872283936,1.0,-0.2255849361419679,0.035733118057251045,0.0876278281211853,-0.17065043076872838,0,0,0,0,1.0,0,0,0,0,0,0,False,,,,,,,,,,,,,,,
1761029208.7553732,0,follower,auto,0.8905495405197144,0.9441667199134827,-0.2858502268791199,0.8012197971343995,1.0,-0.2560989856719972,-0.08932974338531485,0.055833280086517334,0.02975124120712269,1.9652030329881471,-8.892790395660892,5.634725791708544,0,,,,,,,,True,-8.0,2.0,0.0,optimal,0,-8.0,2.0,0.7451584256554844,0.767318280612542,0.0,True,0.0,True,0.0,0.0
1761029208.8559122,1,follower,auto,0.33074772357940674,0.9148626923561096,-0.06922350078821182,0.3512197971343995,1.0,-0.2560989856719972,0.020472073554992753,0.08513730764389038,-0.18687548488378536,-10.98628933491656,5.930883372740386,7.866992728686255,0,,,,,,,,True,6.990299239083091,-11.851591333395287,7.918713003207858,optimal,0,2.0,-18.0,-0.022738461642113905,-0.09743323571402057,0.0,True,0.0,True,0.0,0.0
1761029209.012063,0,leader,auto,0.8905495405197144,0.9441667199134827,-0.2858502268791199,0.8012197971343995,1.0,-0.2560989856719972,-0.08932974338531485,0.055833280086517334,0.02975124120712269,0,0,0,0,1.0,0,0,0,0,0,0,False,,,,,,,,,,,,,,,
1761029209.1125166,1,follower,auto,0.33074772357940674,0.9148626923561096,-0.06922350078821182,0.3512197971343995,1.0,-0.2560989856719972,0.020472073554992753,0.08513730764389038,-0.18687548488378536,0,0,0,0,1.0,0,0,0,0,0,0,False,,,,,,,,,,,,,,,
1761029209.1138086,0,follower,auto,0.8973882794380188,0.9447815418243408,-0.3194214999675751,0.8073447275161744,1.0,-0.2867236375808717,-0.09004355192184443,0.05521845817565918,0.03269786238670336,2.9488783258491265,-9.8857018645536,5.724736436827754,0,,,,,,,,True,-9.0,3.0,0.0,optimal,0,-9.0,3.0,0.7468696305218956,0.8112585805974999,0.0,True,0.0,True,0.0,0.0
1761029209.2148426,1,follower,auto,0.35583484172821045,0.9123116135597229,-0.0862201452255249,0.35734472751617435,1.0,-0.2867236375808717,0.001509885787963905,0.0876883864402771,-0.2005034923553468,-11.938939658589211,4.856452558313738,7.8505496265071395,0,,,,,,,,True,5.676602807657768,-12.374559595541216,9.506374745288584,infeasible,0,0.0,-20.0,-0.009833860503789538,-0.11857228822233462,0.0,True,0.0,True,0.0,0.0
1761029209.4190502,0,leader,auto,0.8973882794380188,0.9447815418243408,-0.3194214999675751,0.8073447275161744,1.0,-0.2867236375808717,-0.09004355192184443,0.05521845817565918,0.03269786238670336,0,0,0,0,1.0,0,0,0,0,0,0,False,,,,,,,,,,,,,,,
1761029209.5197036,1,follower,auto,0.35583484172821045,0.9123116135597229,-0.0862201452255249,0.35734472751617435,1.0,-0.2867236375808717,0.001509885787963905,0.0876883864402771,-0.2005034923553468,0,0,0,0,1.0,0,0,0,0,0,0,False,,,,,,,,,,,,,,,
1761029209.5211813,0,follower,auto,0.9034000635147095,0.9425510764122009,-0.3565741777420044,0.81452627658844,1.0,-0.32263138294219984,-0.08887378692626946,0.05744892358779907,0.033942794799804554,2.9632120930639956,-8.872108209011884,5.791610757894449,0,,,,,,,,True,-8.0,3.0,0.0,optimal,0,-8.0,3.0,0.748062666654647,0.8168700669256159,0.0,True,0.0,True,0.0,0.0
1761029209.6221695,1,follower,auto,0.3703349232673645,0.9060185551643372,-0.11187554895877838,0.36452627658844,1.0,-0.32263138294219984,-0.005808646678924501,0.09398144483566284,-0.21075583398342146,-4.888632892902805,9.918533745966831,8.908562945770555,0,,,,,,,,True,10.681886628826165,-5.303351735613235,18.98650754317316,infeasible,0,0.0,-21.0,-0.014077485805559786,-0.23576846521178801,0.0,True,0.0,True,0.0,0.0
1761029209.7250583,0,leader,auto,0.9034000635147095,0.9425510764122009,-0.3565741777420044,0.81452627658844,1.0,-0.32263138294219984,-0.08887378692626946,0.05744892358779907,0.033942794799804554,0,0,0,0,1.0,0,0,0,0,0,0,False,,,,,,,,,,,,,,,
1761029209.8253493,1,follower,auto,0.3703349232673645,0.9060185551643372,-0.11187554895877838,0.36452627658844,1.0,-0.32263138294219984,-0.005808646678924501,0.09398144483566284,-0.21075583398342146,0,0,0,0,1.0,0,0,0,0,0,0,False,,,,,,,,,,,,,,,
1761029209.8258743,0,follower,auto,0.9077863693237305,0.9365226626396179,-0.3822386860847473,0.8226720237731935,1.0,-0.3633601188659669,-0.08511434555053699,0.06347733736038208,0.018878567218780395,1.0030795754041688,-8.862722011768202,6.7138683700225155,0,,,,,,,,True,-8.0,1.0,0.0,optimal,0,-8.0,1.0,0.7510583671144992,0.7927158593599273,0.0,True,0.0,True,0.0,0.0
1761029209.92631,1,follower,auto,0.37170377373695374,0.9012144207954407,-0.13496024906635284,0.3726720237731935,1.0,-0.3633601188659669,0.0009682500362397373,0.09878557920455933,-0.22839986979961407,1.110287589032616,15.05580636011436,8.905677092059651,0,,,,,,,,True,15.215109926654451,1.829009691802188,28.27227038941481,optimal,0,0.0,-22.0,-0.029900775333226826,-0.3451905846588916,0.0,True,0.0,True,0.0,0.0
1761029210.0316525,0,leader,auto,0.9077863693237305,0.9365226626396179,-0.3822386860847473,0.8226720237731935,1.0,-0.3633601188659669,-0.08511434555053699,0.06347733736038208,0.018878567218780395,0,0,0,0,1.0,0,0,0,0,0,0,False,,,,,,,,,,,,,,,
1761029210.1319308,1,follower,auto,0.37170377373695374,0.9012144207954407,-0.13496024906635284,0.3726720237731935,1.0,-0.3633601188659669,0.0009682500362397373,0.09878557920455933,-0.22839986979961407,0,0,0,0,1.0,0,0,0,0,0,0,False,,,,,,,,,,,,,,,
1761029210.1327217,0,follower,auto,0.9120953679084778,0.9281448721885681,-0.4080076515674591,0.8287531232833864,1.0,-0.39376561641693125,-0.08334224462509143,0.07185512781143188,0.014242035150527854,1.0483381575657849,-8.866423468996102,7.692977447171849,0,,,,,,,,True,-8.0,1.0,0.0,optimal,0,-8.0,1.0,0.7552186994936265,0.8080779799132805,0.0,True,0.0,True,0.0,0.0
1761029210.2333632,1,follower,auto,0.37032973766326904,0.9022462964057922,-0.15891903638839722,0.37875312328338634,1.0,-0.39376561641693125,0.008423385620117296,0.09775370359420776,-0.23484658002853404,4.047377676427116,16.127195088407024,8.910599315012753,0,,,,,,,,True,16.691078842474763,4.909557064537804,32.51977073203931,optimal,0,0.0,-23.0,-0.04838776659872718,-0.3889918730560393,0.0,True,0.0,True,0.0,0.0
1761029210.3374782,0,leader,auto,0.9120953679084778,0.9281448721885681,-0.4080076515674591,0.8287531232833864,1.0,-0.39376561641693125,-0.08334224462509143,0.07185512781143188,0.014242035150527854,0,0,0,0,1.0,0,0,0,0,0,0,False,,,,,,,,,,,,,,,
1761029210.4377813,1,follower,auto,0.37032973766326904,0.9022462964057922,-0.15891903638839722,0.37875312328338634,1.0,-0.39376561641693125,0.008423385620117296,0.09775370359420776,-0.23484658002853404,0,0,0,0,1.0,0,0,0,0,0,0,False,,,,,,,,,,,,,,,
1761029210.4389706,0,follower,auto,0.9173305630683899,0.9196401834487915,-0.4319233298301697,0.8348991155624391,1.0,-0.42449557781219494,-0.08243144750595077,0.0803598165512085,0.0074277520179747425,0.08242560107451452,-8.881157404544656,8.674321764367772,0,,,,,,,,True,-8.0,0.0,0.0,optimal,0,-8.0,0.0,0.7630620201881371,0.821207972282082,0.0,True,0.0,True,0.0,0.0
1761029210.5395453,1,follower,auto,0.3699643909931183,0.9095271229743958,-0.18017219007015228,0.3848991155624391,1.0,-0.42449557781219494,0.014934724569320823,0.09047287702560425,-0.24432338774204265,3.95656959136121,17.145982163053937,8.88616945262112,0,,,,,,,,True,17.022623928119696,4.553880575005735,32.742152852762196,infeasible,0,1.0,-24.0,-0.062850764995321,-0.3851851657083024,0.0,True,0.0,True,0.0,0.0
1761029210.642996,0,leader,auto,0.9173305630683899,0.9196401834487915,-0.4319233298301697,0.8348991155624391,1.0,-0.42449557781219494,-0.08243144750595077,0.0803598165512085,0.0074277520179747425,0,0,0,0,1.0,0,0,0,0,0,0,False,,,,,,,,,,,,,,,
1761029210.743282,1,follower,auto,0.3699643909931183,0.9095271229743958,-0.18017219007015228,0.3848991155624391,1.0,-0.42449557781219494,0.014934724569320823,0.09047287702560425,-0.24432338774204265,0,0,0,0,1.0,0,0,0,0,0,0,False,,,,,,,,,,,,,,,
1761029210.7440078,0,follower,auto,0.9242455959320068,0.910783588886261,-0.4533000588417053,0.8410170936584475,1.0,-0.45508546829223645,-0.08322850227355938,0.08921641111373901,-0.001785409450531128,0.12367947601956657,-8.895833579111905,8.653784880387173,0,,,,,,,,True,-8.0,0.0,0.0,optimal,0,-8.0,0.0,0.7761090444767014,0.869026439671823,0.0,True,0.0,True,0.0,0.0
1761029210.8445961,1,follower,auto,0.37776902318000793,0.9241206049919128,-0.19649216532707214,0.39101709365844745,1.0,-0.45508546829223645,0.013248070478439511,0.07587939500808716,-0.2585933029651643,-1.1601707729107364,13.079135820240435,6.831014800564521,0,,,,,,,,True,13.564452280809482,-1.081832190928175,27.0174797577357,optimal,0,1.0,-25.0,-0.06406595014577016,-0.3173865508242495,0.0,True,0.0,True,0.0,0.0
1761029210.9494143,0,leader,auto,0.9242455959320068,0.910783588886261,-0.4533000588417053,0.8410170936584475,1.0,-0.45508546829223645,-0.08322850227355938,0.08921641111373901,-0.001785409450531128,0,0,0,0,1.0,0,0,0,0,0,0,False,,,,,,,,,,,,,,,
1761029211.0500138,1,follower,auto,0.37776902318000793,0.9241206049919128,-0.19649216532707214,0.39101709365844745,1.0,-0.45508546829223645,0.013248070478439511,0.07587939500808716,-0.2585933029651643,0,0,0,0,1.0,0,0,0,0,0,0,False,,,,,,,,,,,,,,,
1761029211.0519602,0,follower,auto,0.9317415952682495,0.9051921367645264,-0.47362688183784485,0.8471200942993166,1.0,-0.48560047149658214,-0.08462150096893295,0.09480786323547363,-0.011973589658737294,-0.8649929353485032,-8.889899841668848,9.64729784409624,0,,,,,,,,True,-8.0,-1.0,0.0,optimal,0,-8.0,-1.0,0.7915345798219171,0.8806830085518835,0.0,True,0.0,True,0.0,0.0
1761029211.155092,1,follower,auto,0.3956763744354248,0.9431499242782593,-0.2096398025751114,0.39712009429931655,1.0,-0.48560047149658214,0.0014437198638917459,0.05685007572174072,-0.27596066892147075,-8.258832537901586,7.959002369037466,4.779327526240371,0,,,,,,,,True,8.857374515677186,-8.829022072213736,20.2147847419423,optimal,0,0.0,-27.0,-0.050860612690847296,-0.24112532277014498,0.0,True,0.0,True,0.0,0.0
1761029211.2999325,0,leader,auto,0.9317415952682495,0.9051921367645264,-0.47362688183784485,0.8471200942993166,1.0,-0.48560047149658214,-0.08462150096893295,0.09480786323547363,-0.011973589658737294,0,0,0,0,1.0,0,0,0,0,0,0,False,,,,,,,,,,,,,,,
1761029211.4002914,1,follower,auto,0.3956763744354248,0.9431499242782593,-0.2096398025751114,0.39712009429931655,1.0,-0.48560047149658214,0.0014437198638917459,0.05685007572174072,-0.27596066892147075,0,0,0,0,1.0,0,0,0,0,0,0,False,,,,,,,,,,,,,,,
1761029211.4019656,0,follower,auto,0.9385096430778503,0.900361955165863,-0.4965479373931885,0.853341956138611,1.0,-0.5167097806930543,-0.08516768693923937,0.09963804483413696,-0.02016184329986581,-1.837768202688978,-8.855580881751372,9.678780025930468,0,,,,,,,,True,-8.0,-2.0,0.0,optimal,0,-8.0,-2.0,0.8062161241174954,0.8612052340786847,0.0,True,0.0,True,0.0,0.0
1761029211.5032132,1,follower,auto,0.4231838583946228,0.9658533930778503,-0.22264927625656128,0.40334195613861096,1.0,-0.5167097806930543,-0.019841902256011845,0.03414660692214966,-0.294060504436493,-15.349515051773842,4.815897173104047,2.7510240307595795,0,,,,,,,,True,5.131457442803835,-15.223128408622678,15.07968703979675,optimal,0,-1.0,-29.0,-0.02471845467538142,-0.18514958677713944,0.0,True,0.0,True,0.0,0.0
1761029211.6565921,0,leader,auto,0.9385096430778503,0.900361955165863,-0.4965479373931885,0.853341956138611,1.0,-0.5167097806930543,-0.08516768693923937,0.09963804483413696,-0.02016184329986581,0,0,0,0,1.0,0,0,0,0,0,0,False,,,,,,,,,,,,,,,
1761029211.7569563,1,follower,auto,0.4231838583946228,0.9658533930778503,-0.22264927625656128,0.40334195613861096,1.0,-0.5167097806930543,-0.019841902256011845,0.03414660692214966,-0.294060504436493,0,0,0,0,1.0,0,0,0,0,0,0,False,,,,,,,,,,,,,,,
1761029211.7578895,0,follower,auto,0.9490616321563721,0.9028258919715881,-0.5226245522499084,0.8602932691574098,1.0,-0.5514663457870485,-0.08876836299896229,0.09717410802841187,-0.028841793537140004,-1.8744269685943977,-8.868682272886273,9.723525146153946,0,,,,,,,,True,-8.0,-2.0,0.0,optimal,0,-8.0,-2.0,0.8308545048583744,0.9479463568019599,0.0,True,0.0,True,0.0,0.0
1761029211.8584616,1,follower,auto,0.44554969668388367,0.9875403642654419,-0.23988990485668182,0.41029326915740977,1.0,-0.5514663457870485,-0.0352564275264739,0.012459635734558105,-0.3115764409303666,-11.384625634888309,3.807767410402703,0.7692809158905287,0,,,,,,,,True,4.269870262088693,-11.957399461805938,19.452157921640524,infeasible,0,-3.0,-30.0,-0.005608327515879752,-0.24369051510668022,0.0,True,0.0,True,0.0,0.0
1761029211.962417,0,leader,auto,0.9490616321563721,0.9028258919715881,-0.5226245522499084,0.8602932691574098,1.0,-0.5514663457870485,-0.08876836299896229,0.09717410802841187,-0.028841793537140004,0,0,0,0,1.0,0,0,0,0,0,0,False,,,,,,,,,,,,,,,
1761029212.0628083,1,follower,auto,0.44554969668388367,0.9875403642654419,-0.23988990485668182,0.41029326915740977,1.0,-0.5514663457870485,-0.0352564275264739,0.012459635734558105,-0.3115764409303666,0,0,0,0,1.0,0,0,0,0,0,0,False,,,,,,,,,,,,,,,
1761029212.0634634,0,follower,auto,0.9588598608970642,0.9049248099327087,-0.5478295087814331,0.8673965215682985,1.0,-0.5869826078414918,-0.09146333932876571,0.09507519006729126,-0.039153099060058705,-2.8761463277637977,-9.868605331377696,9.730046453180128,0,,,,,,,,True,-9.0,-3.0,0.0,optimal,0,-9.0,-3.0,0.8552438391086361,0.9804521501399714,0.0,True,0.0,True,0.0,0.0
1761029212.1641188,1,follower,auto,0.45734259486198425,0.9995476007461548,-0.26216426491737366,0.4173965215682985,1.0,-0.5869826078414918,-0.03994607329368577,0.00045239925384521484,-0.32481834292411815,-5.320061150592416,4.896465406514766,-0.18337837519216718,0,,,,,,,,True,5.74473040740895,-5.830865889948424,25.702477575671985,infeasible,0,-3.0,-30.0,-0.0013348760978200147,-0.3234097928882538,0.0,True,0.0,True,0.0,0.0
1761029212.2734044,0,leader,auto,0.9588598608970642,0.9049248099327087,-0.5478295087814331,0.8673965215682985,1.0,-0.5869826078414918,-0.09146333932876571,0.09507519006729126,-0.039153099060058705,0,0,0,0,1.0,0,0,0,0,0,0,False,,,,,,,,,,,,,,,
1761029212.3737948,1,follower,auto,0.45734259486198425,0.9995476007461548,-0.26216426491737366,0.4173965215682985,1.0,-0.5869826078414918,-0.03994607329368577,0.00045239925384521484,-0.32481834292411815,0,0,0,0,1.0,0,0,0,0,0,0,False,,,,,,,,,,,,,,,
1761029212.3745794,0,follower,auto,0.9644796252250671,0.9098330736160278,-0.5727196931838989,0.8735117101669313,1.0,-0.6175585508346558,-0.09096791505813584,0.09016692638397217,-0.0448388576507569,-3.9112424258321528,-9.837045657872114,9.718926872939532,0,,,,,,,,True,-9.0,-4.0,0.0,optimal,0,-9.0,-4.0,0.8713009513410732,0.9201073643403941,0.0,True,0.0,True,0.0,0.0
1761029212.4750316,1,follower,auto,0.4611857533454895,1.0001071691513062,-0.2931298613548279,0.4235117101669313,1.0,-0.6175585508346558,-0.037674043178558214,-0.00010716915130615234,-0.32442868947982795,0.8064503927821371,5.993415128796566,-0.08573789048781448,0,,,,,,,,True,6.765387117025279,1.2115362805234042,32.703559172294874,infeasible,0,-3.0,-30.0,-0.010038145309884783,-0.4078222220795533,0.0,True,0.0,True,0.0,0.0
1761029212.6338954,0,leader,auto,0.9644796252250671,0.9098330736160278,-0.5727196931838989,0.8735117101669313,1.0,-0.6175585508346558,-0.09096791505813584,0.09016692638397217,-0.0448388576507569,0,0,0,0,1.0,0,0,0,0,0,0,False,,,,,,,,,,,,,,,
1761029212.7343376,1,follower,auto,0.4611857533454895,1.0001071691513062,-0.2931298613548279,0.4235117101669313,1.0,-0.6175585508346558,-0.037674043178558214,-0.00010716915130615234,-0.32442868947982795,0,0,0,0,1.0,0,0,0,0,0,0,False,,,,,,,,,,,,,,,
1761029212.7359912,0,follower,auto,0.9690163731575012,0.9170922636985779,-0.5989410281181335,0.8797276258468629,1.0,-0.6486381292343141,-0.0892887473106383,0.08290773630142212,-0.04969710111618053,-3.9694237829425933,-8.828468656015085,8.713947908917268,0,,,,,,,,True,-8.0,-4.0,0.0,optimal,0,-8.0,-4.0,0.8863886077553913,0.9148244688400615,0.0,True,0.0,True,0.0,0.0
1761029212.8376718,1,follower,auto,0.4585306942462921,0.9874585866928101,-0.32972365617752075,0.4297276258468629,1.0,-0.6486381292343141,-0.0288030683994292,0.012541413307189941,-0.3189144730567933,5.9832570689855356,7.087073311093231,1.0036558757764384,0,,,,,,,,True,7.338748966271419,6.116895054794334,37.30472276607967,optimal,0,-2.0,-30.0,-0.027343291469945352,-0.4567365360775231,0.0,True,0.0,True,0.0,0.0
1761029212.939685,0,leader,auto,0.9690163731575012,0.9170922636985779,-0.5989410281181335,0.8797276258468629,1.0,-0.6486381292343141,-0.0892887473106383,0.08290773630142212,-0.04969710111618053,0,0,0,0,1.0,0,0,0,0,0,0,False,,,,,,,,,,,,,,,
1761029213.040012,1,follower,auto,0.4585306942462921,0.9874585866928101,-0.32972365617752075,0.4297276258468629,1.0,-0.6486381292343141,-0.0288030683994292,0.012541413307189941,-0.3189144730567933,0,0,0,0,1.0,0,0,0,0,0,0,False,,,,,,,,,,,,,,,
1761029213.040577,0,follower,auto,0.9725436568260193,0.9214147925376892,-0.6229918599128723,0.8869862127304079,1.0,-0.6849310636520387,-0.08555744409561139,0.07858520746231079,-0.06193920373916639,-5.9864496177786295,-8.82697007968178,7.6957773884651655,0,,,,,,,,True,-8.0,-6.0,0.0,optimal,0,-8.0,-6.0,0.8999856247677611,0.8968103474415932,0.0,True,0.0,True,0.0,0.0
1761029213.1411028,1,follower,auto,0.45353108644485474,0.9696491956710815,-0.3558492958545685,0.4369862127304079,1.0,-0.6849310636520387,-0.01654487371444685,0.030350804328918457,-0.3290817677974702,8.103889245925496,7.144418998921746,2.9409861073059527,0,,,,,,,,True,7.4897890753546825,8.489864555268241,39.415050323790105,optimal,0,-1.0,-30.0,-0.042117693544584056,-0.47480637731720987,0.0,True,0.0,True,0.0,0.0
1761029213.2459586,0,leader,auto,0.9725436568260193,0.9214147925376892,-0.6229918599128723,0.8869862127304079,1.0,-0.6849310636520387,-0.08555744409561139,0.07858520746231079,-0.06193920373916639,0,0,0,0,1.0,0,0,0,0,0,0,False,,,,,,,,,,,,,,,
1761029213.3462617,1,follower,auto,0.45353108644485474,0.9696491956710815,-0.3558492958545685,0.4369862127304079,1.0,-0.6849310636520387,-0.01654487371444685,0.030350804328918457,-0.3290817677974702,0,0,0,0,1.0,0,0,0,0,0,0,False,,,,,,,,,,,,,,,
1761029213.3472369,0,follower,auto,0.9747114181518555,0.9224252104759216,-0.6469021439552307,0.8930528068542483,1.0,-0.7152640342712404,-0.08165861129760721,0.07757478952407837,-0.0683618903160097,-5.986104312132409,-8.81742396031067,7.699781425908732,0,,,,,,,,True,-8.0,-6.0,0.0,optimal,0,-8.0,-6.0,0.9115271558349867,0.8971555505613293,0.0,True,0.0,True,0.0,0.0
1761029213.4483588,1,follower,auto,0.451591819524765,0.9491075873374939,-0.3732914924621582,0.44305280685424825,1.0,-0.7152640342712404,-0.008539012670516766,0.050892412662506104,-0.3419725418090822,6.185398199897453,7.138239283074389,4.838608460282168,0,,,,,,,,True,7.028835998857885,6.145418540812436,36.82249064076665,optimal,0,0.0,-30.0,-0.049373054845938735,-0.4399681023654423,0.0,True,0.0,True,0.0,0.0
1761029213.5530448,0,leader,auto,0.9747114181518555,0.9224252104759216,-0.6469021439552307,0.8930528068542483,1.0,-0.7152640342712404,-0.08165861129760721,0.07757478952407837,-0.0683618903160097,0,0,0,0,1.0,0,0,0,0,0,0,False,,,,,,,,,,,,,,,
1761029213.6535902,1,follower,auto,0.451591819524765,0.9491075873374939,-0.3732914924621582,0.44305280685424825,1.0,-0.7152640342712404,-0.008539012670516766,0.050892412662506104,-0.3419725418090822,0,0,0,0,1.0,0,0,0,0,0,0,False,,,,,,,,,,,,,,,
1761029213.6558309,0,follower,auto,0.9757153391838074,0.9207711219787598,-0.6696923971176147,0.8991957807540896,1.0,-0.745978903770447,-0.0765195584297178,0.07922887802124023,-0.07628650665283221,-6.982031882581297,-7.801134421152607,7.707557755147078,0,,,,,,,,True,-7.0,-7.0,0.0,optimal,0,-7.0,-7.0,0.9211020684316173,0.8707526039440296,0.0,True,0.0,True,0.0,0.0
1761029213.7568731,1,follower,auto,0.4537965953350067,0.9287125468254089,-0.38348573446273804,0.44919578075408956,1.0,-0.745978903770447,-0.004600814580917156,0.07128745317459106,-0.3624931693077089,2.2270327325884836,5.097925964507297,6.731028970079088,0,,,,,,,,True,5.818792723460987,2.650996459676122,33.165432585274466,optimal,0,0.0,-30.0,-0.048974437854665875,-0.396451488242146,0.0,True,0.0,True,0.0,0.0
1761029213.8582587,0,leader,auto,0.9757153391838074,0.9207711219787598,-0.6696923971176147,0.8991957807540896,1.0,-0.745978903770447,-0.0765195584297178,0.07922887802124023,-0.07628650665283221,0,0,0,0,1.0,0,0,0,0,0,0,False,,,,,,,,,,,,,,,
1761029213.9585085,1,follower,auto,0.4537965953350067,0.9287125468254089,-0.38348573446273804,0.44919578075408956,1.0,-0.745978903770447,-0.004600814580917156,0.07128745317459106,-0.3624931693077089,0,0,0,0,1.0,0,0,0,0,0,0,False,,,,,,,,,,,,,,,
1761029213.959029,0,follower,auto,0.9780856966972351,0.9177250266075134,-0.6923521161079407,0.9053641128540041,1.0,-0.7768205642700197,-0.07272158384323102,0.08227497339248657,-0.08446844816207899,-7.9807863982847875,-7.804715704537253,8.729922168682414,0,,,,,,,,True,-7.0,-8.0,0.0,optimal,0,-7.0,-8.0,0.9348852453338123,0.8949759212490314,0.0,True,0.0,True,0.0,0.0
1761029214.059579,1,follower,auto,0.4585338234901428,0.9122647643089294,-0.38828131556510925,0.4553641128540041,1.0,-0.7768205642700197,-0.003169710636138745,0.08773523569107056,-0.3885392487049104,0.21803522754384083,5.061549447927724,7.632278369664093,0,,,,,,,,True,5.068728900291241,-0.12201280539505177,30.304886263862215,optimal,0,0.0,-30.0,-0.043852138867590706,-0.3643548636591066,0.0,True,0.0,True,0.0,0.0
1761029214.1667616,0,leader,auto,0.9780856966972351,0.9177250266075134,-0.6923521161079407,0.9053641128540041,1.0,-0.7768205642700197,-0.07272158384323102,0.08227497339248657,-0.08446844816207899,0,0,0,0,1.0,0,0,0,0,0,0,False,,,,,,,,,,,,,,,
1761029214.2672076,1,follower,auto,0.4585338234901428,0.9122647643089294,-0.38828131556510925,0.4553641128540041,1.0,-0.7768205642700197,-0.003169710636138745,0.08773523569107056,-0.3885392487049104,0,0,0,0,1.0,0,0,0,0,0,0,False,,,,,,,,,,,,,,,
1761029214.2689323,0,follower,auto,0.9823675751686096,0.9137792587280273,-0.7182182669639587,0.9114187335968019,1.0,-0.807093667984009,-0.0709488415718077,0.08622074127197266,-0.0888754010200502,-7.9780176029304135,-7.8171470855524605,8.789764207074164,0,,,,,,,,True,-7.0,-8.0,0.0,optimal,0,-7.0,-8.0,0.9556122948468513,0.9656054079585992,0.0,True,0.0,True,0.0,0.0
1761029214.3708115,1,follower,auto,0.46665894985198975,0.9008570909500122,-0.39132243394851685,0.4614187335968019,1.0,-0.807093667984009,-0.005240216255187835,0.09914290904998779,-0.4157712340354921,-2.8218388418892832,4.017478367970542,8.561717016040962,0,,,,,,,,True,4.322213826639711,-3.4863170441416464,26.863672798911345,optimal,0,0.0,-30.0,-0.03375503121936774,-0.3266156108644992,0.0,True,0.0,True,0.0,0.0
1761029214.473064,0,leader,auto,0.9823675751686096,0.9137792587280273,-0.7182182669639587,0.9114187335968019,1.0,-0.807093667984009,-0.0709488415718077,0.08622074127197266,-0.0888754010200502,0,0,0,0,1.0,0,0,0,0,0,0,False,,,,,,,,,,,,,,,
1761029214.5733662,1,follower,auto,0.46665894985198975,0.9008570909500122,-0.39132243394851685,0.4614187335968019,1.0,-0.807093667984009,-0.005240216255187835,0.09914290904998779,-0.4157712340354921,0,0,0,0,1.0,0,0,0,0,0,0,False,,,,,,,,,,,,,,,
1761029214.5742028,0,follower,auto,0.9887385964393616,0.9091200232505798,-0.7460187077522278,0.9176446962356569,1.0,-0.8382234811782838,-0.07109390020370465,0.09087997674942017,-0.09220477342605604,-8.96930654483138,-7.838363805259778,9.85050485177908,0,,,,,,,,True,-7.0,-9.0,0.0,optimal,0,-7.0,-9.0,0.9836246552286994,1.0281530721172587,0.0,True,0.0,True,0.0,0.0
1761029214.6761267,1,follower,auto,0.47422394156455994,0.8952174782752991,-0.39458203315734863,0.4676446962356569,1.0,-0.8382234811782838,-0.006579245328903027,0.10478252172470093,-0.4436414480209352,-2.88414006413638,4.008900680925296,9.515843851131105,0,,,,,,,,True,4.08158387600112,-3.895326848682597,26.42183353353707,optimal,0,0.0,-30.0,-0.024309128887910536,-0.32455202218274776,0.0,True,0.0,True,0.0,0.0
1761029214.7820487,0,leader,auto,0.9887385964393616,0.9091200232505798,-0.7460187077522278,0.9176446962356569,1.0,-0.8382234811782838,-0.07109390020370465,0.09087997674942017,-0.09220477342605604,0,0,0,0,1.0,0,0,0,0,0,0,False,,,,,,,,,,,,,,,
1761029214.882471,1,follower,auto,0.47422394156455994,0.8952174782752991,-0.39458203315734863,0.4676446962356569,1.0,-0.8382234811782838,-0.006579245328903027,0.10478252172470093,-0.4436414480209352,0,0,0,0,1.0,0,0,0,0,0,0,False,,,,,,,,,,,,,,,
1761029214.8901906,0,follower,auto,0.9988781809806824,0.9067332744598389,-0.7764280438423157,0.9237514114379884,1.0,-0.8687570571899416,-0.07512676954269393,0.09326672554016113,-0.09232901334762589,-8.981675796619351,-7.882651506020282,9.918306060564737,0,,,,,,,,True,-7.0,-9.0,0.0,optimal,0,-7.0,-9.0,1.0237213562540388,1.145687848424493,0.0,True,0.0,True,0.0,0.0
1761029214.9918976,1,follower,auto,0.4805438816547394,0.8952741622924805,-0.39918625354766846,0.47375141143798843,1.0,-0.8687570571899416,-0.006792470216750945,0.10472583770751953,-0.4695708036422731,-2.9547856419730767,3.0230525618153354,9.485712424743744,0,,,,,,,,True,3.9578769234206823,-3.2823248876082687,27.009238292707597,infeasible,0,0.0,-30.0,-0.01669661366854508,-0.3344680571476421,0.0,True,0.0,True,0.0,0.0
1761029215.1776032,0,leader,auto,0.9988781809806824,0.9067332744598389,-0.7764280438423157,0.9237514114379884,1.0,-0.8687570571899416,-0.07512676954269393,0.09326672554016113,-0.09232901334762589,0,0,0,0,1.0,0,0,0,0,0,0,False,,,,,,,,,,,,,,,
1761029215.2780883,1,follower,auto,0.4805438816547394,0.8952741622924805,-0.39918625354766846,0.47375141143798843,1.0,-0.8687570571899416,-0.006792470216750945,0.10472583770751953,-0.4695708036422731,0,0,0,0,1.0,0,0,0,0,0,0,False,,,,,,,,,,,,,,,
1761029215.278744,0,follower,auto,1.0131877660751343,0.9038336277008057,-0.8150763511657715,0.9300689172744753,1.0,-0.9003445863723757,-0.083118848800659,0.09616637229919434,-0.0852682352066042,-7.965969453129558,-8.94129711781551,10.04047562120325,0,,,,,,,,True,-8.0,-8.0,0.0,optimal,0,-8.0,-8.0,1.081097662818311,1.2777724265587247,0.0,True,0.0,True,0.0,0.0
1761029215.379247,1,follower,auto,0.4868200421333313,0.9031800627708435,-0.40834513306617737,0.48006891727447526,1.0,-0.9003445863723757,-0.006751124858856039,0.0968199372291565,-0.4919994533061983,-2.0570215096905407,3.0379971717404586,8.482310293861797,0,,,,,,,,True,3.6412838313267075,-2.7138689071803306,27.528020233115598,optimal,0,0.0,-30.0,-0.009877615091312297,-0.3433392556533816,0.0,True,0.0,True,0.0,0.0
1761029215.4874012,0,leader,auto,1.0131877660751343,0.9038336277008057,-0.8150763511657715,0.9300689172744753,1.0,-0.9003445863723757,-0.083118848800659,0.09616637229919434,-0.0852682352066042,0,0,0,0,1.0,0,0,0,0,0,0,False,,,,,,,,,,,,,,,
1761029215.5876453,1,follower,auto,0.4868200421333313,0.9031800627708435,-0.40834513306617737,0.48006891727447526,1.0,-0.9003445863723757,-0.006751124858856039,0.0968199372291565,-0.4919994533061983,0,0,0,0,1.0,0,0,0,0,0,0,False,,,,,,,,,,,,,,,
1761029215.5881083,0,follower,auto,1.0224299430847168,0.9021716713905334,-0.8442929983139038,0.9378116035461428,1.0,-0.9390580177307131,-0.084618339538574,0.09782832860946655,-0.09476501941680926,-8.96294797655147,-8.920254496915966,10.013370260411401,0,,,,,,,,True,-8.0,-9.0,0.0,optimal,0,-8.0,-9.0,1.1228726344380817,1.2701168894319548,0.0,True,0.0,True,0.0,0.0
1761029215.688505,1,follower,auto,0.4910322427749634,0.9105638861656189,-0.4184018075466156,0.4878116035461428,1.0,-0.9390580177307131,-0.0032206392288205987,0.0894361138343811,-0.5206562101840975,-2.0920129958043865,3.063747740823247,7.473361415788106,0,,,,,,,,True,3.2718679493545078,-2.29146652485451,27.90103846134175,infeasible,0,0.0,-30.0,-0.005816174433744492,-0.3494604337550717,0.0,True,0.0,True,0.0,0.0
1761029215.7907526,0,leader,auto,1.0224299430847168,0.9021716713905334,-0.8442929983139038,0.9378116035461428,1.0,-0.9390580177307131,-0.084618339538574,0.09782832860946655,-0.09476501941680926,0,0,0,0,1.0,0,0,0,0,0,0,False,,,,,,,,,,,,,,,
1761029215.8910878,1,follower,auto,0.4910322427749634,0.9105638861656189,-0.4184018075466156,0.4878116035461428,1.0,-0.9390580177307131,-0.0032206392288205987,0.0894361138343811,-0.5206562101840975,0,0,0,0,1.0,0,0,0,0,0,0,False,,,,,,,,,,,,,,,
1761029215.891769,0,follower,auto,1.0274622440338135,0.9020330309867859,-0.871735155582428,0.9439962625503542,1.0,-0.9699813127517702,-0.0834659814834593,0.09796696901321411,-0.09824615716934226,-8.963957891452914,-8.88541072254891,10.008700498883098,0,,,,,,,,True,-8.0,-9.0,0.0,optimal,0,-8.0,-9.0,1.154850586424417,1.2422350657196999,0.0,True,0.0,True,0.0,0.0
1761029215.9923375,1,follower,auto,0.4900009036064148,0.9203919768333435,-0.4278509318828583,0.49399626255035417,1.0,-0.9699813127517702,0.0039953589439393755,0.0796080231666565,-0.542130380868912,0.8660782175287494,3.122350616764491,6.4472057694567955,0,,,,,,,,True,3.3118914901101393,1.673425318704215,31.846106460002254,infeasible,0,0.0,-30.0,-0.008693264992159111,-0.39768555554878937,0.0,True,0.0,True,0.0,0.0
1761029216.0970366,0,leader,auto,1.0274622440338135,0.9020330309867859,-0.871735155582428,0.9439962625503542,1.0,-0.9699813127517702,-0.0834659814834593,0.09796696901321411,-0.09824615716934226,0,0,0,0,1.0,0,0,0,0,0,0,False,,,,,,,,,,,,,,,
1761029216.1973352,1,follower,auto,0.4900009036064148,0.9203919768333435,-0.4278509318828583,0.49399626255035417,1.0,-0.9699813127517702,0.0039953589439393755,0.0796080231666565,-0.542130380868912,0,0,0,0,1.0,0,0,0,0,0,0,False,,,,,,,,,,,,,,,
1761029216.1978106,0,follower,auto,1.0292420387268066,0.9015975594520569,-0.8995332717895508,0.9500732707977296,1.0,-1.0003663539886476,-0.07916876792907701,0.09840244054794312,-0.10083308219909681,-9.950821496721687,-7.850236286656603,10.026246677024416,0,,,,,,,,True,-7.0,-10.0,0.0,optimal,0,-7.0,-10.0,1.180662825040099,1.1999997296886002,0.0,True,0.0,True,0.0,0.0
1761029216.2982159,1,follower,auto,0.488228440284729,0.9302438497543335,-0.43961310386657715,0.5000732707977296,1.0,-1.0003663539886476,0.01184483051300056,0.0697561502456665,-0.5607532501220704,1.8423598228998448,3.148756671402295,5.442831624280623,0,,,,,,,,True,3.8498602457276943,2.479809321762069,32.60459656242048,optimal,0,1.0,-30.0,-0.012695036758620382,-0.40546120904847427,0.0,True,0.0,True,0.0,0.0
1761029216.4031801,0,leader,auto,1.0292420387268066,0.9015975594520569,-0.8995332717895508,0.9500732707977296,1.0,-1.0003663539886476,-0.07916876792907701,0.09840244054794312,-0.10083308219909681,0,0,0,0,1.0,0,0,0,0,0,0,False,,,,,,,,,,,,,,,
1761029216.5035613,1,follower,auto,0.488228440284729,0.9302438497543335,-0.43961310386657715,0.5000732707977296,1.0,-1.0003663539886476,0.01184483051300056,0.0697561502456665,-0.5607532501220704,0,0,0,0,1.0,0,0,0,0,0,0,False,,,,,,,,,,,,,,,
1761029216.5044901,0,follower,auto,1.0284907817840576,0.9024410247802734,-0.926843523979187,0.9561904287338259,1.0,-1.0309521436691285,-0.07230035305023175,0.09755897521972656,-0.10410861968994145,-9.951156743668491,-7.812045177798433,10.040734463984743,0,,,,,,,,True,-7.0,-10.0,0.0,optimal,0,-7.0,-10.0,1.2013849948913757,1.1900233323322407,0.0,True,0.0,True,0.0,0.0
1761029216.6050885,1,follower,auto,0.49066346883773804,0.938484787940979,-0.45323124527931213,0.5061904287338259,1.0,-1.0309521436691285,0.015526959896087877,0.061515212059020996,-0.5777208983898163,-0.15769074800290267,2.114957611695957,5.443787532666686,0,,,,,,,,True,2.980240251791029,-0.7565529678487835,29.31041701813618,optimal,0,1.0,-30.0,-0.010796656394899018,-0.3652198908952006,0.0,True,0.0,True,0.0,0.0
1761029216.7088025,0,leader,auto,1.0284907817840576,0.9024410247802734,-0.926843523979187,0.9561904287338259,1.0,-1.0309521436691285,-0.07230035305023175,0.09755897521972656,-0.10410861968994145,0,0,0,0,1.0,0,0,0,0,0,0,False,,,,,,,,,,,,,,,
1761029216.8092177,1,follower,auto,0.49066346883773804,0.938484787940979,-0.45323124527931213,0.5061904287338259,1.0,-1.0309521436691285,0.015526959896087877,0.061515212059020996,-0.5777208983898163,0,0,0,0,1.0,0,0,0,0,0,0,False,,,,,,,,,,,,,,,
1761029216.8101883,0,follower,auto,1.0264908075332642,0.9063599705696106,-0.9536426663398743,0.96232967376709,1.0,-1.0616483688354492,-0.06416113376617416,0.0936400294303894,-0.10800570249557495,-9.983382716269187,-6.777667126351882,10.063335409478835,0,,,,,,,,True,-6.0,-10.0,0.0,optimal,0,-6.0,-10.0,1.220071369687549,1.1907286522268434,0.0,True,0.0,True,0.0,0.0
1761029216.9106758,1,follower,auto,0.49790704250335693,0.9404287338256836,-0.4608907997608185,0.5123296737670899,1.0,-1.0616483688354492,0.014422631263732999,0.059571266174316406,-0.6007575690746307,-5.098519821294182,2.0519946214366054,4.371474242991019,0,,,,,,,,True,2.3916297781693627,-5.166246898376652,24.87271449906252,optimal,0,1.0,-30.0,-0.0013962304808691206,-0.3129493807631834,0.0,True,0.0,True,0.0,0.0
1761029217.014745,0,leader,auto,1.0264908075332642,0.9063599705696106,-0.9536426663398743,0.96232967376709,1.0,-1.0616483688354492,-0.06416113376617416,0.0936400294303894,-0.10800570249557495,0,0,0,0,1.0,0,0,0,0,0,0,False,,,,,,,,,,,,,,,
1761029217.115061,1,follower,auto,0.49790704250335693,0.9404287338256836,-0.4608907997608185,0.5123296737670899,1.0,-1.0616483688354492,0.014422631263732999,0.059571266174316406,-0.6007575690746307,0,0,0,0,1.0,0,0,0,0,0,0,False,,,,,,,,,,,,,,,
1761029217.1155245,0,follower,auto,1.0258640050888062,0.9158700704574585,-0.9798502922058105,0.96843976020813,1.0,-1.0921988010406494,-0.0574242448806761,0.0841299295425415,-0.11234850883483882,-11.05624548926678,-5.775436020283189,9.089597730552105,0,,,,,,,,True,-5.0,-11.0,0.0,optimal,0,-5.0,-11.0,1.2429988619023702,1.212782234642372,0.0,True,0.0,True,0.0,0.0
1761029217.2160072,1,follower,auto,0.5023548603057861,0.9385268092155457,-0.46505603194236755,0.5184397602081301,1.0,-1.0921988010406494,0.016084899902343963,0.061473190784454346,-0.6271427690982818,-3.0322339443349935,2.053137739801648,5.295977172787729,0,,,,,,,,True,2.3123404422521068,-3.6226668227425733,26.409959162793417,infeasible,0,1.0,-30.0,0.004523430698773201,-0.3342979177460391,0.0,True,0.0,True,0.0,0.0
1761029217.3215673,0,leader,auto,1.0258640050888062,0.9158700704574585,-0.9798502922058105,0.96843976020813,1.0,-1.0921988010406494,-0.0574242448806761,0.0841299295425415,-0.11234850883483882,0,0,0,0,1.0,0,0,0,0,0,0,False,,,,,,,,,,,,,,,
1761029217.4221048,1,follower,auto,0.5023548603057861,0.9385268092155457,-0.46505603194236755,0.5184397602081301,1.0,-1.0921988010406494,0.016084899902343963,0.061473190784454346,-0.6271427690982818,0,0,0,0,1.0,0,0,0,0,0,0,False,,,,,,,,,,,,,,,
1761029217.4234047,0,follower,auto,1.0277472734451294,0.929407000541687,-1.0027979612350464,0.9745503759384156,1.0,-1.1227518796920777,-0.05319689750671375,0.07059299945831299,-0.1199539184570313,-11.134874240561505,-5.793295263167705,8.088454700623437,0,,,,,,,,True,-5.0,-11.0,0.0,optimal,0,-5.0,-11.0,1.2701691572740685,1.2635573216086367,0.0,True,0.0,True,0.0,0.0
1761029217.5241013,1,follower,auto,0.5074645280838013,0.933343768119812,-0.46914970874786377,0.5245503759384156,1.0,-1.1227518796920777,0.01708584785461431,0.06665623188018799,-0.6536021709442139,-3.9618422570223837,2.0453651154948003,5.254365075390262,0,,,,,,,,True,2.1067319600465075,-4.62022003518862,25.40389904509994,optimal,0,1.0,-30.0,0.011457798967177302,-0.3238098670616666,0.0,True,0.0,True,0.0,0.0
1761029217.6266916,0,leader,auto,1.0277472734451294,0.929407000541687,-1.0027979612350464,0.9745503759384156,1.0,-1.1227518796920777,-0.05319689750671375,0.07059299945831299,-0.1199539184570313,0,0,0,0,1.0,0,0,0,0,0,0,False,,,,,,,,,,,,,,,
1761029217.7269669,1,follower,auto,0.5074645280838013,0.933343768119812,-0.46914970874786377,0.5245503759384156,1.0,-1.1227518796920777,0.01708584785461431,0.06665623188018799,-0.6536021709442139,0,0,0,0,1.0,0,0,0,0,0,0,False,,,,,,,,,,,,,,,
1761029217.7278032,0,follower,auto,1.0302075147628784,0.9391431212425232,-1.022101640701294,0.9807096815109254,1.0,-1.1535484075546265,-0.049497833251953005,0.06085687875747681,-0.13144676685333256,-13.149119668008144,-4.800673722897913,7.069334240887906,0,,,,,,,,True,-4.0,-13.0,0.0,optimal,0,-4.0,-13.0,1.2960006526020407,1.226096632490503,0.0,True,0.0,True,0.0,0.0
1761029217.8283956,1,follower,auto,0.5127766132354736,0.9224081635475159,-0.4749092161655426,0.5307096815109253,1.0,-1.1535484075546265,0.017933068275451713,0.07759183645248413,-0.6786391913890839,-4.86981961674676,1.0385071362529017,6.244042461741186,0,,,,,,,,True,1.8675273573826316,-5.355364911512947,24.65989947993492,optimal,0,1.0,-30.0,0.0186800478088594,-0.3165819565354287,0.0,True,0.0,True,0.0,0.0
1761029217.9331872,0,leader,auto,1.0302075147628784,0.9391431212425232,-1.022101640701294,0.9807096815109254,1.0,-1.1535484075546265,-0.049497833251953005,0.06085687875747681,-0.13144676685333256,0,0,0,0,1.0,0,0,0,0,0,0,False,,,,,,,,,,,,,,,
1761029218.0335078,1,follower,auto,0.5127766132354736,0.9224081635475159,-0.4749092161655426,0.5307096815109253,1.0,-1.1535484075546265,0.017933068275451713,0.07759183645248413,-0.6786391913890839,0,0,0,0,1.0,0,0,0,0,0,0,False,,,,,,,,,,,,,,,
1761029218.0351331,0,follower,auto,1.0312234163284302,0.9403650760650635,-1.0444594621658325,0.9867940092086793,1.0,-1.183970046043396,-0.04442940711975085,0.05963492393493652,-0.13951058387756343,-13.090849671602623,-4.786274337671681,6.103884252051814,0,,,,,,,,True,-4.0,-13.0,0.0,optimal,0,-4.0,-13.0,1.3223472068573585,1.2589470977013453,0.0,True,0.0,True,0.0,0.0
1761029218.136309,1,follower,auto,0.5176350474357605,0.9114450216293335,-0.4834495484828949,0.5367940092086794,1.0,-1.183970046043396,0.01915896177291887,0.0885549783706665,-0.700520497560501,-4.833006142220454,1.0357799412451332,7.249673250504797,0,,,,,,,,True,1.5646018292789423,-5.518609862809228,24.48789983389688,optimal,0,1.0,-30.0,0.025273978753546256,-0.3164048637767677,0.0,True,0.0,True,0.0,0.0
1761029218.239372,0,leader,auto,1.0312234163284302,0.9403650760650635,-1.0444594621658325,0.9867940092086793,1.0,-1.183970046043396,-0.04442940711975085,0.05963492393493652,-0.13951058387756343,0,0,0,0,1.0,0,0,0,0,0,0,False,,,,,,,,,,,,,,,
1761029218.339906,1,follower,auto,0.5176350474357605,0.9114450216293335,-0.4834495484828949,0.5367940092086794,1.0,-1.183970046043396,0.01915896177291887,0.0885549783706665,-0.700520497560501,0,0,0,0,1.0,0,0,0,0,0,0,False,,,,,,,,,,,,,,,
1761029218.3409476,0,follower,auto,1.0266492366790771,0.9268689155578613,-1.0725739002227783,0.9929545879364015,1.0,-1.2147729396820068,-0.03369464874267569,0.07313108444213867,-0.14219903945922852,-13.930529866767042,-3.7250856560178054,8.180535741788239,0,,,,,,,,True,-3.0,-14.0,0.0,optimal,0,-3.0,-14.0,1.3425092210616867,1.218695451717822,0.0,True,0.0,True,0.0,0.0
1761029218.441764,1,follower,auto,0.520821750164032,0.9070977568626404,-0.4954648017883301,0.5429545879364015,1.0,-1.2147729396820068,0.022132837772369518,0.09290224313735962,-0.7193081378936768,-3.896742105079161,2.039092143226926,8.262620916422744,0,,,,,,,,True,2.158474411067005,-4.812169830285967,25.18832870194685,optimal,0,2.0,-30.0,0.029604563532357242,-0.32681978169540005,0.0,True,0.0,True,0.0,0.0
1761029218.5442994,0,leader,auto,1.0266492366790771,0.9268689155578613,-1.0725739002227783,0.9929545879364015,1.0,-1.2147729396820068,-0.03369464874267569,0.07313108444213867,-0.14219903945922852,0,0,0,0,1.0,0,0,0,0,0,0,False,,,,,,,,,,,,,,,
1761029218.644654,1,follower,auto,0.520821750164032,0.9070977568626404,-0.4954648017883301,0.5429545879364015,1.0,-1.2147729396820068,0.022132837772369518,0.09290224313735962,-0.7193081378936768,0,0,0,0,1.0,0,0,0,0,0,0,False,,,,,,,,,,,,,,,
1761029218.6454296,0,follower,auto,1.015526533126831,0.9103410840034485,-1.1054699420928955,0.9990627002716065,1.0,-1.2453135013580323,-0.01646383285522457,0.08965891599655151,-0.1398435592651368,-12.847874743983779,-1.6303071231158808,9.268288328689959,0,,,,,,,,True,-1.0,-13.0,0.0,optimal,0,-1.0,-13.0,1.3540986035133074,1.1905890120757325,0.0,True,0.0,True,0.0,0.0
1761029218.746051,1,follower,auto,0.5263035297393799,0.8993766903877258,-0.5071366429328918,0.5490627002716064,1.0,-1.2453135013580323,0.022759170532226536,0.10062330961227417,-0.7381768584251405,-6.896616104123732,0.9993928306845619,9.239028886096639,0,,,,,,,,True,1.7761296705795442,-7.216485118990192,22.784614726994842,optimal,0,2.0,-30.0,0.03756774898423382,-0.2978882092899261,0.0,True,0.0,True,0.0,0.0
1761029218.91314,0,leader,auto,1.015526533126831,0.9103410840034485,-1.1054699420928955,0.9990627002716065,1.0,-1.2453135013580323,-0.01646383285522457,0.08965891599655151,-0.1398435592651368,0,0,0,0,1.0,0,0,0,0,0,0,False,,,,,,,,,,,,,,,
1761029219.0134604,1,follower,auto,0.5263035297393799,0.8993766903877258,-0.5071366429328918,0.5490627002716064,1.0,-1.2453135013580323,0.022759170532226536,0.10062330961227417,-0.7381768584251405,0,0,0,0,1.0,0,0,0,0,0,0,False,,,,,,,,,,,,,,,
1761029219.0167215,0,follower,auto,1.0016453266143799,0.885259747505188,-1.1443935632705688,1.0051490449905396,1.0,-1.275745224952698,0.0035037183761597035,0.11474025249481201,-0.13135166168212908,-12.728666372074375,-0.5621277943406174,12.37020847333748,0,,,,,,,,True,0.0,-13.0,0.0,optimal,0,0.0,-13.0,1.3691945553587201,1.2040549291940716,0.0,True,0.0,True,0.0,0.0
1761029219.1175356,1,follower,auto,0.5284532308578491,0.8919789791107178,-0.5230512022972107,0.5551490449905396,1.0,-1.275745224952698,0.02669581413269051,0.10802102088928223,-0.7526940226554872,-3.921856881045622,0.9988981519206701,9.242627407651234,0,,,,,,,,True,1.2081127305959056,-4.975151732436338,25.03737438834249,optimal,0,2.0,-30.0,0.041175467474585725,-0.3284583394658006,0.0,True,0.0,True,0.0,0.0
1761029219.3111885,0,leader,auto,1.0016453266143799,0.885259747505188,-1.1443935632705688,1.0051490449905396,1.0,-1.275745224952698,0.0035037183761597035,0.11474025249481201,-0.13135166168212908,0,0,0,0,1.0,0,0,0,0,0,0,False,,,,,,,,,,,,,,,
1761029219.4114225,1,follower,auto,0.5284532308578491,0.8919789791107178,-0.5230512022972107,0.5551490449905396,1.0,-1.275745224952698,0.02669581413269051,0.10802102088928223,-0.7526940226554872,0,0,0,0,1.0,0,0,0,0,0,0,False,,,,,,,,,,,,,,,
1761029219.412148,0,follower,auto,0.9930889010429382,0.8432198762893677,-1.189998984336853,1.0126861333847046,1.0,-1.3134306669235232,0.019597232341766357,0.15678012371063232,-0.12343168258667014,-11.493374814681319,0.4235076053394774,16.484034455219742,0,,,,,,,,True,1.0,-12.0,0.0,optimal,0,1.0,-12.0,1.4095597241777347,1.3806521629338293,0.0,True,0.0,True,0.0,0.0
1761029219.5127468,1,follower,auto,0.5313125848770142,0.8932957649230957,-0.5436720252037048,0.5626861333847046,1.0,-1.3134306669235232,0.031373548507690474,0.1067042350769043,-0.7697586417198183,-6.059708243865765,0.982878902973662,9.25611675844821,0,,,,,,,,True,1.577291433206383,-6.175946165641797,23.86649619798486,infeasible,0,3.0,-30.0,0.04672534258489308,-0.31472933321232316,0.0,True,0.0,True,0.0,0.0
1761029219.7182682,0,leader,auto,0.9930889010429382,0.8432198762893677,-1.189998984336853,1.0126861333847046,1.0,-1.3134306669235232,0.019597232341766357,0.15678012371063232,-0.12343168258667014,0,0,0,0,1.0,0,0,0,0,0,0,False,,,,,,,,,,,,,,,
1761029219.8187876,1,follower,auto,0.5313125848770142,0.8932957649230957,-0.5436720252037048,0.5626861333847046,1.0,-1.3134306669235232,0.031373548507690474,0.1067042350769043,-0.7697586417198183,0,0,0,0,1.0,0,0,0,0,0,0,False,,,,,,,,,,,,,,,
1761029219.8217416,0,follower,auto,0.9875845909118652,0.8321855068206787,-1.2284482717514038,1.020482153892517,1.0,-1.3524107694625858,0.03289756298065183,0.1678144931793213,-0.12396249771118195,-11.667164734033378,2.408870728118834,17.46399531555171,0,,,,,,,,True,3.0,-12.0,0.0,optimal,0,3.0,-12.0,1.4509940451889092,1.3835740089455635,0.0,True,0.0,True,0.0,0.0
1761029219.923445,1,follower,auto,0.539439857006073,0.9059809446334839,-0.5706762075424194,0.5704821538925171,1.0,-1.3524107694625858,0.03104229688644411,0.09401905536651611,-0.7817345619201663,-11.21262698956102,0.9185123435920268,8.307859194476105,0,,,,,,,,True,1.187821704595543,-11.040340077399843,19.046067692701968,optimal,0,3.0,-30.0,0.061766428441740795,-0.25465691000449986,0.0,True,0.0,True,0.0,0.0
1761029220.024534,0,leader,auto,0.9875845909118652,0.8321855068206787,-1.2284482717514038,1.020482153892517,1.0,-1.3524107694625858,0.03289756298065183,0.1678144931793213,-0.12396249771118195,0,0,0,0,1.0,0,0,0,0,0,0,False,,,,,,,,,,,,,,,
1761029220.1248024,1,follower,auto,0.539439857006073,0.9059809446334839,-0.5706762075424194,0.5704821538925171,1.0,-1.3524107694625858,0.03104229688644411,0.09401905536651611,-0.7817345619201663,0,0,0,0,1.0,0,0,0,0,0,0,False,,,,,,,,,,,,,,,
1761029220.225706,0,follower,auto,0.9860909581184387,0.8551201224327087,-1.2517385482788086,1.0287006521224975,1.0,-1.3935032606124882,0.042609694004058785,0.14487987756729126,-0.1417647123336796,-14.021978751131186,3.3810093704770856,15.320420342063889,0,,,,,,,,True,4.0,-14.0,0.0,optimal,0,4.0,-14.0,1.4819226058986465,1.3469188257353488,0.0,True,0.0,True,0.0,0.0
1761029224.5336602,1,follower,auto,0.5488486289978027,0.9244730472564697,-0.5973513126373291,0.5787006521224975,1.0,-1.3935032606124882,0.029852023124694815,0.07552695274353027,-0.7961519479751591,-13.289943199121266,-0.12178161822957424,6.3308452165718965,0,,,,,,,,True,-0.10834205811427955,-13.782149239640699,16.354320209635752,optimal,0,2.0,-30.0,0.08025154722409983,-0.22229937313257503,0.0,True,0.0,True,0.0,0.0
1761029224.7355564,0,leader,auto,0.9860909581184387,0.8551201224327087,-1.2517385482788086,1.0287006521224975,1.0,-1.3935032606124882,0.042609694004058785,0.14487987756729126,-0.1417647123336796,0,0,0,0,1.0,0,0,0,0,0,0,False,,,,,,,,,,,,,,,
1761029224.8358574,1,follower,auto,0.5488486289978027,0.9244730472564697,-0.5973513126373291,0.5787006521224975,1.0,-1.3935032606124882,0.029852023124694815,0.07552695274353027,-0.7961519479751591,0,0,0,0,1.0,0,0,0,0,0,0,False,,,,,,,,,,,,,,,
1761029224.9731846,0,leader,auto,1.0401378870010376,0.046610765159130096,-1.5389803647994995,1.120904803276062,1.0,-1.8545240163803105,0.08076691627502441,0.9533892348408699,-0.315543651580811,0,0,0,0,1.0,0,0,0,0,0,0,False,,,,,,,,,,,,,,,
1761029225.0735214,1,follower,auto,0.5775033831596375,0.050191279500722885,-0.8898797035217285,0.6709048032760618,1.0,-1.8545240163803105,0.09340142011642438,0.9498087204992771,-0.964644312858582,0,0,0,0,1.0,0,0,0,0,0,0,False,,,,,,,,,,,,,,,
1761029225.1765776,0,leader,auto,1.040154218673706,0.04659909009933472,-1.5389853715896606,1.1269481897354126,1.0,-1.8847409486770634,0.0867939710617065,0.9534009099006653,-0.3457555770874028,0,0,0,0,1.0,0,0,0,0,0,0,False,,,,,,,,,,,,,,,
1761029225.2768757,1,follower,auto,0.5775130391120911,0.05017542466521263,-0.889887273311615,0.6769481897354124,1.0,-1.8847409486770634,0.09943515062332131,0.9498245753347874,-0.9948536753654484,0,0,0,0,1.0,0,0,0,0,0,0,False,,,,,,,,,,,,,,,
1761029225.381542,0,leader,auto,1.040143609046936,0.04660787060856819,-1.5389642715454102,1.1317011737823486,1.0,-1.9085058689117436,0.09155756473541254,0.9533921293914318,-0.3695415973663334,0,0,0,0,1.0,0,0,0,0,0,0,False,,,,,,,,,,,,,,,
1761029225.4817894,1,follower,auto,0.5775095820426941,0.050194643437862396,-0.8898781538009644,0.6817011737823484,1.0,-1.9085058689117436,0.10419159173965431,0.9498053565621376,-1.0186277151107792,0,0,0,0,1.0,0,0,0,0,0,0,False,,,,,,,,,,,,,,,
1761029233.8010828,0,leader,auto,1.0401420593261719,0.04659599810838699,-1.538979411125183,1.1357687854766845,1.0,-1.9288439273834233,0.0956267261505126,0.953404001891613,-0.38986451625824015,0,0,0,0,1.0,0,0,0,0,0,0,False,,,,,,,,,,,,,,,
1761029233.901514,1,follower,auto,0.5775128602981567,0.050179168581962585,-0.8898882269859314,0.6857687854766843,1.0,-1.9288439273834233,0.10825592517852756,0.9498208314180374,-1.0389557003974919,0,0,0,0,1.0,0,0,0,0,0,0,False,,,,,,,,,,,,,,,
1761029234.0602531,0,leader,auto,1.0405254364013672,0.046446457505226135,-1.539042592048645,1.1398647451400756,1.0,-1.9493237257003788,0.09933930873870844,0.9535535424947739,-0.4102811336517338,0,0,0,0,1.0,0,0,0,0,0,0,False,,,,,,,,,,,,,,,
1761029234.1606143,1,follower,auto,0.5775325298309326,0.04973690211772919,-0.8910073637962341,0.6898647451400755,1.0,-1.9493237257003788,0.11233221530914284,0.9502630978822708,-1.0583163619041447,0,0,0,0,1.0,0,0,0,0,0,0,False,,,,,,,,,,,,,,,
