timestamp,drone_id,role,mode,x,y,z,target_x,target_y,target_z,error_x,error_y,error_z,rc_lr,rc_fb,rc_ud,rc_yaw,trust,obs_error_x,obs_error_y,obs_error_z,obs_state_x,obs_state_y,obs_state_z,cbf_fire_flag,rc_safe_x,rc_safe_z,rc_diff_norm,qp_status,active_constraint_id,rc_nom_x,rc_nom_z,h_x,HOh_x
1760670317.141359,0,leader,manual,0.8072391152381897,0.05111910402774811,0.9625616073608398,0.9,1,1,0.09276088476181032,0.9488808959722519,0.037438392639160156,0,0,0,0,1.0,0,0,0,0,0,0,False,,,,,,,,,
1760670317.2415743,1,follower,manual,0.0753629058599472,0.05846121162176132,0.9948490858078003,0.1,1,1,0.0246370941400528,0.9415387883782387,0.005150914192199707,0,0,0,0,1.0,0,0,0,0,0,0,False,,,,,,,,,
1760670317.3462422,0,leader,manual,0.8072324395179749,0.05112502723932266,0.9625592231750488,0.9,1,1,0.09276756048202517,0.9488749727606773,0.03744077682495117,0,0,0,0,1.0,0,0,0,0,0,0,False,,,,,,,,,
1760670317.4465005,1,follower,manual,0.07536136358976364,0.05846250802278519,0.9948396682739258,0.1,1,1,0.024638636410236364,0.9415374919772148,0.005160331726074219,0,0,0,0,1.0,0,0,0,0,0,0,False,,,,,,,,,
1760670317.549592,0,leader,manual,0.8072354197502136,0.0511210672557354,0.9625591039657593,0.9,1,1,0.0927645802497864,0.9488789327442646,0.03744089603424072,0,0,0,0,1.0,0,0,0,0,0,0,False,,,,,,,,,
1760670317.6499836,1,follower,manual,0.07536003738641739,0.058456506580114365,0.9948462843894958,0.1,1,1,0.024639962613582617,0.9415434934198856,0.00515371561050415,0,0,0,0,1.0,0,0,0,0,0,0,False,,,,,,,,,
1760670317.7547512,0,leader,manual,0.8072372078895569,0.05113416910171509,0.96256023645401,0.9,1,1,0.09276279211044314,0.9488658308982849,0.03743976354598999,0,0,0,0,1.0,0,0,0,0,0,0,False,,,,,,,,,
1760670317.8550515,1,follower,manual,0.0753626748919487,0.05845135450363159,0.9948351979255676,0.1,1,1,0.024637325108051306,0.9415486454963684,0.005164802074432373,0,0,0,0,1.0,0,0,0,0,0,0,False,,,,,,,,,
1760670317.957744,0,leader,manual,0.8072335124015808,0.05111625790596008,0.9625728726387024,0.9,1,1,0.09276648759841921,0.9488837420940399,0.03742712736129761,0,0,0,0,1.0,0,0,0,0,0,0,False,,,,,,,,,
1760670318.0580142,1,follower,manual,0.07536546885967255,0.058460768312215805,0.9948479533195496,0.1,1,1,0.02463453114032746,0.9415392316877842,0.0051520466804504395,0,0,0,0,1.0,0,0,0,0,0,0,False,,,,,,,,,
1760670318.1668744,0,leader,manual,0.8072305917739868,0.05111737921833992,0.9625625610351562,0.9,1,1,0.0927694082260132,0.9488826207816601,0.03743743896484375,0,0,0,0,1.0,0,0,0,0,0,0,False,,,,,,,,,
1760670318.2672184,1,follower,manual,0.07537031918764114,0.05843012034893036,0.9948346018791199,0.1,1,1,0.024629680812358862,0.9415698796510696,0.005165398120880127,0,0,0,0,1.0,0,0,0,0,0,0,False,,,,,,,,,
1760670318.4187436,0,leader,manual,0.8072296380996704,0.0511244498193264,0.9625652432441711,0.9,1,1,0.09277036190032961,0.9488755501806736,0.03743475675582886,0,0,0,0,1.0,0,0,0,0,0,0,False,,,,,,,,,
1760670318.519214,1,follower,manual,0.0753612294793129,0.05845457687973976,0.9948405027389526,0.1,1,1,0.02463877052068711,0.9415454231202602,0.005159497261047363,0,0,0,0,1.0,0,0,0,0,0,0,False,,,,,,,,,
1760670318.6302252,0,leader,manual,0.8072327971458435,0.05113394185900688,0.962559700012207,0.9,1,1,0.09276720285415652,0.9488660581409931,0.03744029998779297,0,0,0,0,1.0,0,0,0,0,0,0,False,,,,,,,,,
1760670318.7305684,1,follower,manual,0.07537653297185898,0.058472659438848495,0.9948298931121826,0.1,1,1,0.024623467028141027,0.9415273405611515,0.005170106887817383,0,0,0,0,1.0,0,0,0,0,0,0,False,,,,,,,,,
1760670318.8569536,0,leader,manual,0.8072274327278137,0.05113930627703667,0.9625594019889832,0.9,1,1,0.0927725672721863,0.9488606937229633,0.037440598011016846,0,0,0,0,1.0,0,0,0,0,0,0,False,,,,,,,,,
1760670318.9571779,1,follower,manual,0.0753561332821846,0.05848926678299904,0.9948325753211975,0.1,1,1,0.024643866717815405,0.941510733217001,0.00516742467880249,0,0,0,0,1.0,0,0,0,0,0,0,False,,,,,,,,,
1760670319.0604746,0,leader,manual,0.8072299361228943,0.051130589097738266,0.9625629782676697,0.9,1,1,0.09277006387710574,0.9488694109022617,0.03743702173233032,0,0,0,0,1.0,0,0,0,0,0,0,False,,,,,,,,,
1760670319.1607509,1,follower,manual,0.07536830753087997,0.05847359448671341,0.9948281049728394,0.1,1,1,0.02463169246912003,0.9415264055132866,0.0051718950271606445,0,0,0,0,1.0,0,0,0,0,0,0,False,,,,,,,,,
1760670319.2650785,0,leader,manual,0.8072232007980347,0.05112196132540703,0.9625598192214966,0.9,1,1,0.09277679920196535,0.948878038674593,0.03744018077850342,0,0,0,0,1.0,0,0,0,0,0,0,False,,,,,,,,,
1760670319.3654587,1,follower,manual,0.07535137236118317,0.05846874415874481,0.9948387145996094,0.1,1,1,0.02464862763881684,0.9415312558412552,0.005161285400390625,0,0,0,0,1.0,0,0,0,0,0,0,False,,,,,,,,,
1760670319.5352232,0,leader,manual,0.8072181344032288,0.051120687276124954,0.9625613689422607,0.9,1,1,0.09278186559677126,0.948879312723875,0.03743863105773926,0,0,0,0,1.0,0,0,0,0,0,0,False,,,,,,,,,
1760670319.6355917,1,follower,manual,0.07535378634929657,0.05845975875854492,0.9948332905769348,0.1,1,1,0.024646213650703436,0.9415402412414551,0.0051667094230651855,0,0,0,0,1.0,0,0,0,0,0,0,False,,,,,,,,,
1760670319.7401109,0,leader,manual,0.8072256445884705,0.05113184079527855,0.9625634551048279,0.9,1,1,0.09277435541152956,0.9488681592047215,0.03743654489517212,0,0,0,0,1.0,0,0,0,0,0,0,False,,,,,,,,,
1760670319.8403935,1,follower,manual,0.07536790519952774,0.05845872685313225,0.9948306679725647,0.1,1,1,0.024632094800472265,0.9415412731468678,0.005169332027435303,0,0,0,0,1.0,0,0,0,0,0,0,False,,,,,,,,,
1760670319.943834,0,leader,manual,0.8072367906570435,0.05111914128065109,0.9625628590583801,0.9,1,1,0.09276320934295657,0.9488808587193489,0.03743714094161987,0,0,0,0,1.0,0,0,0,0,0,0,False,,,,,,,,,
1760670320.0441368,1,follower,manual,0.07537119090557098,0.05846180021762848,0.9948430061340332,0.1,1,1,0.02462880909442902,0.9415381997823715,0.005156993865966797,0,0,0,0,1.0,0,0,0,0,0,0,False,,,,,,,,,
1760670320.1478755,0,leader,manual,0.8072287440299988,0.05112318694591522,0.9625652432441711,0.9,1,1,0.09277125597000124,0.9488768130540848,0.03743475675582886,0,0,0,0,1.0,0,0,0,0,0,0,False,,,,,,,,,
1760670320.2483022,1,follower,manual,0.07536333799362183,0.05846668779850006,0.9948479533195496,0.1,1,1,0.02463666200637818,0.9415333122014999,0.0051520466804504395,0,0,0,0,1.0,0,0,0,0,0,0,False,,,,,,,,,
1760670320.3562021,0,leader,manual,0.8072316646575928,0.05111337825655937,0.9625639319419861,0.9,1,1,0.09276833534240725,0.9488866217434406,0.037436068058013916,0,0,0,0,1.0,0,0,0,0,0,0,False,,,,,,,,,
1760670320.456453,1,follower,manual,0.07536152005195618,0.05847373604774475,0.9948464632034302,0.1,1,1,0.02463847994804383,0.9415262639522552,0.005153536796569824,0,0,0,0,1.0,0,0,0,0,0,0,False,,,,,,,,,
1760670320.5599186,0,leader,manual,0.8072283864021301,0.05111517012119293,0.962561309337616,0.9,1,1,0.0927716135978699,0.9488848298788071,0.03743869066238403,0,0,0,0,1.0,0,0,0,0,0,0,False,,,,,,,,,
1760670320.660157,1,follower,manual,0.07536882162094116,0.05844254046678543,0.9948365092277527,0.1,1,1,0.024631178379058843,0.9415574595332146,0.0051634907722473145,0,0,0,0,1.0,0,0,0,0,0,0,False,,,,,,,,,
1760670320.7700038,0,leader,manual,0.8072249293327332,0.05110253393650055,0.9625750184059143,0.9,1,1,0.09277507066726687,0.9488974660634995,0.03742498159408569,0,0,0,0,1.0,0,0,0,0,0,0,False,,,,,,,,,
1760670320.870328,1,follower,manual,0.0753629058599472,0.0584440715610981,0.9948433637619019,0.1,1,1,0.0246370941400528,0.9415559284389019,0.0051566362380981445,0,0,0,0,1.0,0,0,0,0,0,0,False,,,,,,,,,
1760670321.0505543,0,leader,manual,0.8072298765182495,0.05110691487789154,0.9625714421272278,0.9,1,1,0.09277012348175051,0.9488930851221085,0.03742855787277222,0,0,0,0,1.0,0,0,0,0,0,0,False,,,,,,,,,
1760670321.1512246,1,follower,manual,0.07536338269710541,0.05844683200120926,0.9948333501815796,0.1,1,1,0.024636617302894598,0.9415531679987907,0.00516664981842041,0,0,0,0,1.0,0,0,0,0,0,0,False,,,,,,,,,
1760670321.2550068,0,leader,manual,0.8072211742401123,0.051131196320056915,0.9625508785247803,0.9,1,1,0.09277882575988772,0.9488688036799431,0.03744912147521973,0,0,0,0,1.0,0,0,0,0,0,0,False,,,,,,,,,
1760670321.355461,1,follower,manual,0.07535794377326965,0.058481644839048386,0.9948292970657349,0.1,1,1,0.024642056226730352,0.9415183551609516,0.005170702934265137,0,0,0,0,1.0,0,0,0,0,0,0,False,,,,,,,,,
1760670321.4587274,0,leader,manual,0.8072218894958496,0.05112671107053757,0.9625585675239563,0.9,1,1,0.09277811050415041,0.9488732889294624,0.0374414324760437,0,0,0,0,1.0,0,0,0,0,0,0,False,,,,,,,,,
1760670321.5592,1,follower,manual,0.07536786794662476,0.0584615021944046,0.9948160648345947,0.1,1,1,0.02463213205337525,0.9415384978055954,0.0051839351654052734,0,0,0,0,1.0,0,0,0,0,0,0,False,,,,,,,,,
1760670321.6806073,0,leader,manual,0.807222306728363,0.051124125719070435,0.9625574946403503,0.9,1,1,0.09277769327163699,0.9488758742809296,0.03744250535964966,0,0,0,0,1.0,0,0,0,0,0,0,False,,,,,,,,,
1760670321.7808557,1,follower,manual,0.07535415887832642,0.058469947427511215,0.9948351383209229,0.1,1,1,0.02464584112167359,0.9415300525724888,0.0051648616790771484,0,0,0,0,1.0,0,0,0,0,0,0,False,,,,,,,,,
1760670321.9365652,0,leader,manual,0.8072286248207092,0.05111558362841606,0.9625568389892578,0.9,1,1,0.0927713751792908,0.9488844163715839,0.03744316101074219,0,0,0,0,1.0,0,0,0,0,0,0,False,,,,,,,,,
1760670322.0368094,1,follower,manual,0.07536010444164276,0.05844550579786301,0.9948267340660095,0.1,1,1,0.024639895558357244,0.941554494202137,0.0051732659339904785,0,0,0,0,1.0,0,0,0,0,0,0,False,,,,,,,,,
1760670322.1402717,0,leader,manual,0.807229220867157,0.05111439526081085,0.9625598788261414,0.9,1,1,0.09277077913284304,0.9488856047391891,0.03744012117385864,0,0,0,0,1.0,0,0,0,0,0,0,False,,,,,,,,,
1760670322.2405417,1,follower,manual,0.07536603510379791,0.058426372706890106,0.9948302507400513,0.1,1,1,0.024633964896202093,0.9415736272931099,0.0051697492599487305,0,0,0,0,1.0,0,0,0,0,0,0,False,,,,,,,,,
1760670322.3465126,0,leader,manual,0.8072268962860107,0.05110890418291092,0.962554931640625,0.9,1,1,0.09277310371398928,0.9488910958170891,0.037445068359375,0,0,0,0,1.0,0,0,0,0,0,0,False,,,,,,,,,
1760670322.4468665,1,follower,manual,0.07536467164754868,0.0584426112473011,0.9948340654373169,0.1,1,1,0.02463532835245133,0.9415573887526989,0.0051659345626831055,0,0,0,0,1.0,0,0,0,0,0,0,False,,,,,,,,,
1760670322.5492787,0,leader,manual,0.8072246313095093,0.05111421272158623,0.9625524878501892,0.9,1,1,0.09277536869049074,0.9488857872784138,0.03744751214981079,0,0,0,0,1.0,0,0,0,0,0,0,False,,,,,,,,,
1760670322.6497867,1,follower,manual,0.0753604844212532,0.05843423679471016,0.9948335289955139,0.1,1,1,0.0246395155787468,0.9415657632052898,0.005166471004486084,0,0,0,0,1.0,0,0,0,0,0,0,False,,,,,,,,,
1760670322.752369,0,leader,manual,0.8072247505187988,0.05111955851316452,0.9625527858734131,0.9,1,1,0.0927752494812012,0.9488804414868355,0.037447214126586914,0,0,0,0,1.0,0,0,0,0,0,0,False,,,,,,,,,
1760670322.8535748,1,follower,manual,0.07536542415618896,0.05845848098397255,0.9948399662971497,0.1,1,1,0.02463457584381104,0.9415415190160275,0.005160033702850342,0,0,0,0,1.0,0,0,0,0,0,0,False,,,,,,,,,
1760670329.166283,0,leader,manual,0.8072254061698914,0.051124464720487595,0.962563157081604,0.9,1,1,0.09277459383010866,0.9488755352795124,0.037436842918395996,0,0,0,0,1.0,0,0,0,0,0,0,False,,,,,,,,,
1760670329.2665706,1,follower,manual,0.0753648653626442,0.058453429490327835,0.9948347210884094,0.1,1,1,0.02463513463735581,0.9415465705096722,0.005165278911590576,0,0,0,0,1.0,0,0,0,0,0,0,False,,,,,,,,,
1760670329.266948,0,follower,manual,0.9193844199180603,0.8176364302635193,1.1979551315307617,0.9,1,1,-0.01938441991806028,0.1823635697364807,-0.19795513153076172,0,0,0,0,,,,,,,,False,,,,,,,,,
1760670329.3672223,1,follower,manual,0.09089135378599167,0.8473048210144043,0.964184045791626,0.1,1,1,0.009108646214008337,0.1526951789855957,0.03581595420837402,0,0,0,0,,,,,,,,False,,,,,,,,,
1760670329.5704317,0,leader,manual,0.9193844199180603,0.8176364302635193,1.1979551315307617,0.9,1,1,-0.01938441991806028,0.1823635697364807,-0.19795513153076172,0,0,0,0,1.0,0,0,0,0,0,0,False,,,,,,,,,
1760670329.670634,1,follower,manual,0.09089135378599167,0.8473048210144043,0.964184045791626,0.1,1,1,0.009108646214008337,0.1526951789855957,0.03581595420837402,0,0,0,0,1.0,0,0,0,0,0,0,False,,,,,,,,,
1760670329.6709237,0,follower,manual,0.9267774820327759,0.825446605682373,1.2018135786056519,0.9,1,1,-0.026777482032775857,0.17455339431762695,-0.20181357860565186,0,0,0,0,,,,,,,,False,,,,,,,,,
1760670329.7711782,1,follower,manual,0.07550104707479477,0.850063681602478,0.954011857509613,0.1,1,1,0.024498952925205236,0.14993631839752197,0.04598814249038696,0,0,0,0,,,,,,,,False,,,,,,,,,
1760670329.8749297,0,leader,manual,0.9267774820327759,0.825446605682373,1.2018135786056519,0.9,1,1,-0.026777482032775857,0.17455339431762695,-0.20181357860565186,0,0,0,0,1.0,0,0,0,0,0,0,False,,,,,,,,,
1760670329.9751701,1,follower,manual,0.07550104707479477,0.850063681602478,0.954011857509613,0.1,1,1,0.024498952925205236,0.14993631839752197,0.04598814249038696,0,0,0,0,1.0,0,0,0,0,0,0,False,,,,,,,,,
1760670329.9754496,0,follower,manual,0.9340146780014038,0.8346583843231201,1.2082462310791016,0.9,1,1,-0.034014678001403786,0.16534161567687988,-0.20824623107910156,0,0,0,0,,,,,,,,False,,,,,,,,,
1760670330.075685,1,follower,manual,0.07121682167053223,0.8519049286842346,0.9456840753555298,0.1,1,1,0.02878317832946778,0.14809507131576538,0.054315924644470215,0,0,0,0,,,,,,,,False,,,,,,,,,
1760670330.1839204,0,leader,manual,0.9340146780014038,0.8346583843231201,1.2082462310791016,0.9,1,1,-0.034014678001403786,0.16534161567687988,-0.20824623107910156,0,0,0,0,1.0,0,0,0,0,0,0,False,,,,,,,,,
1760670330.3844116,1,follower,manual,0.07121682167053223,0.8519049286842346,0.9456840753555298,0.1,1,1,0.02878317832946778,0.14809507131576538,0.054315924644470215,0,0,0,0,1.0,0,0,0,0,0,0,False,,,,,,,,,
1760670330.3849978,0,follower,manual,0.9479131102561951,0.8404688239097595,1.2114646434783936,0.9,1,1,-0.047913110256195046,0.15953117609024048,-0.21146464347839355,0,0,0,0,,,,,,,,False,,,,,,,,,
1760670330.4854286,1,follower,manual,0.06981963664293289,0.8554208278656006,0.9444007277488708,0.1,1,1,0.030180363357067114,0.14457917213439941,0.05559927225112915,0,0,0,0,,,,,,,,False,,,,,,,,,
1760670330.5951207,0,leader,manual,0.9479131102561951,0.8404688239097595,1.2114646434783936,0.9,1,1,-0.047913110256195046,0.15953117609024048,-0.21146464347839355,0,0,0,0,1.0,0,0,0,0,0,0,False,,,,,,,,,
1760670330.6955273,1,follower,manual,0.06981963664293289,0.8554208278656006,0.9444007277488708,0.1,1,1,0.030180363357067114,0.14457917213439941,0.05559927225112915,0,0,0,0,1.0,0,0,0,0,0,0,False,,,,,,,,,
1760670330.6961136,0,follower,manual,0.9558721780776978,0.8394193053245544,1.208133578300476,0.9,1,1,-0.05587217807769773,0.16058069467544556,-0.20813357830047607,0,0,0,0,,,,,,,,False,,,,,,,,,
1760670330.796509,1,follower,manual,0.07667987793684006,0.8478900194168091,0.955843448638916,0.1,1,1,0.023320122063159948,0.15210998058319092,0.044156551361083984,0,0,0,0,,,,,,,,False,,,,,,,,,
1760670330.9083369,0,leader,manual,0.9558721780776978,0.8394193053245544,1.208133578300476,0.9,1,1,-0.05587217807769773,0.16058069467544556,-0.20813357830047607,0,0,0,0,1.0,0,0,0,0,0,0,False,,,,,,,,,
1760670331.0086045,1,follower,manual,0.07667987793684006,0.8478900194168091,0.955843448638916,0.1,1,1,0.023320122063159948,0.15210998058319092,0.044156551361083984,0,0,0,0,1.0,0,0,0,0,0,0,False,,,,,,,,,
1760670331.0089207,0,follower,manual,0.966158390045166,0.8368916511535645,1.2002387046813965,0.9,1,1,-0.066158390045166,0.16310834884643555,-0.20023870468139648,0,0,0,0,,,,,,,,False,,,,,,,,,
1760670331.1091607,1,follower,manual,0.0824122205376625,0.8450179696083069,0.9696478247642517,0.1,1,1,0.0175877794623375,0.15498203039169312,0.03035217523574829,0,0,0,0,,,,,,,,False,,,,,,,,,
1760670331.2190492,0,leader,manual,0.966158390045166,0.8368916511535645,1.2002387046813965,0.9,1,1,-0.066158390045166,0.16310834884643555,-0.20023870468139648,0,0,0,0,1.0,0,0,0,0,0,0,False,,,,,,,,,
1760670331.3196094,1,follower,manual,0.0824122205376625,0.8450179696083069,0.9696478247642517,0.1,1,1,0.0175877794623375,0.15498203039169312,0.03035217523574829,0,0,0,0,1.0,0,0,0,0,0,0,False,,,,,,,,,
1760670331.3202152,0,follower,manual,0.9767460227012634,0.8427411913871765,1.2015492916107178,0.9,1,1,-0.0767460227012634,0.1572588086128235,-0.20154929161071777,0,0,0,0,,,,,,,,False,,,,,,,,,
1760670331.4204836,1,follower,manual,0.08586841821670532,0.8498936295509338,0.9824241399765015,0.1,1,1,0.014131581783294683,0.15010637044906616,0.017575860023498535,0,0,0,0,,,,,,,,False,,,,,,,,,
1760670331.5251334,0,leader,manual,0.9767460227012634,0.8427411913871765,1.2015492916107178,0.9,1,1,-0.0767460227012634,0.1572588086128235,-0.20154929161071777,0,0,0,0,1.0,0,0,0,0,0,0,False,,,,,,,,,
1760670331.6256065,1,follower,manual,0.08586841821670532,0.8498936295509338,0.9824241399765015,0.1,1,1,0.014131581783294683,0.15010637044906616,0.017575860023498535,0,0,0,0,1.0,0,0,0,0,0,0,False,,,,,,,,,
1760670331.6269445,0,follower,auto,0.9916764497756958,0.8563078045845032,1.2129273414611816,0.9,1,1,-0.09167644977569578,0.14369219541549683,-0.21292734146118164,-20,-10.355223264545202,13.670852720737457,0,,,,,,,,True,-9.0,-21.0,0.0,optimal,0,-9.0,-21.0,6.255157075784323,5.019609148452398
1760670331.727595,1,follower,auto,0.08819427341222763,0.8518317937850952,0.9934958219528198,0.09999999999999998,1.0,1.0,0.011805726587772347,0.14816820621490479,0.006504178047180176,0.0067140161991119385,1.1552232645452023,14.329147279262543,0,,,,,,,,True,1.0,0.0,0.0,optimal,0,1.0,0.0,1.821589984680486,1.8502729094756365
1760670331.8835042,0,leader,auto,0.9916764497756958,0.8563078045845032,1.2129273414611816,0.9,1,1,-0.09167644977569578,0.14369219541549683,-0.21292734146118164,0,0,0,0,1.0,0,0,0,0,0,0,False,,,,,,,,,
1760670331.9837842,1,follower,auto,0.08819427341222763,0.8518317937850952,0.9934958219528198,0.09999999999999998,1.0,1.0,0.011805726587772347,0.14816820621490479,0.006504178047180176,0,0,0,0,1.0,0,0,0,0,0,0,False,,,,,,,,,
1760670331.9845026,0,follower,auto,1.0014158487319946,0.8703473210334778,1.2273368835449219,0.9,1,1,-0.1014158487319946,0.12965267896652222,-0.22733688354492188,-20,-11.411771584302187,11.599761700630188,0,,,,,,,,True,-10.0,-22.0,0.0,optimal,0,-10.0,-22.0,6.356241334251273,5.608565962270649
1760670332.0849874,1,follower,auto,0.08750510960817337,0.8570656180381775,1.0008580684661865,0.09999999999999998,1.0,1.0,0.012494890391826607,0.1429343819618225,-0.0008580684661865234,-0.002059507369995117,1.1737605966627598,14.308796787261963,0,,,,,,,,True,1.0,0.0,0.0,optimal,0,1.0,0.0,1.8429190284053476,1.9922022187948203
1760670332.1877198,0,leader,auto,1.0014158487319946,0.8703473210334778,1.2273368835449219,0.9,1,1,-0.1014158487319946,0.12965267896652222,-0.22733688354492188,0,0,0,0,1.0,0,0,0,0,0,0,False,,,,,,,,,
1760670332.2880049,1,follower,auto,0.08750510960817337,0.8570656180381775,1.0008580684661865,0.09999999999999998,1.0,1.0,0.012494890391826607,0.1429343819618225,-0.0008580684661865234,0,0,0,0,1.0,0,0,0,0,0,0,False,,,,,,,,,
1760670332.288693,0,follower,auto,0.9960550665855408,0.8818038702011108,1.2274699211120605,0.9,1,1,-0.09605506658554075,0.11819612979888916,-0.22746992111206055,-20,-10.35342604368925,10.644961779117585,0,,,,,,,,True,-9.0,-22.0,0.0,optimal,0,-9.0,-22.0,6.32993720799667,4.8733769414599415
1760670332.3891957,1,follower,auto,0.08694194257259369,0.8707829713821411,1.0032542943954468,0.09999999999999998,1.0,1.0,0.013058057427406289,0.1292170286178589,-0.0032542943954467773,-0.04767615437507629,1.1669033339619637,12.316982860565185,0,,,,,,,,True,1.0,0.0,0.0,optimal,0,1.0,0.0,1.8488090615935189,1.916570367558501
1760670332.4940784,0,leader,auto,0.9960550665855408,0.8818038702011108,1.2274699211120605,0.9,1,1,-0.09605506658554075,0.11819612979888916,-0.22746992111206055,0,0,0,0,1.0,0,0,0,0,0,0,False,,,,,,,,,
1760670332.594408,1,follower,auto,0.08694194257259369,0.8707829713821411,1.0032542943954468,0.09999999999999998,1.0,1.0,0.013058057427406289,0.1292170286178589,-0.0032542943954467773,0,0,0,0,1.0,0,0,0,0,0,0,False,,,,,,,,,
1760670332.5951068,0,follower,auto,0.9844980835914612,0.8933526873588562,1.2167775630950928,0.9,1,1,-0.08449808359146116,0.1066473126411438,-0.21677756309509277,-20,-9.298349466770887,9.720786334514617,0,,,,,,,,True,-8.0,-21.0,0.0,optimal,0,-8.0,-21.0,6.233411441135386,4.409433381228862
1760670332.6957436,1,follower,auto,0.08452349156141281,0.8893448710441589,1.0044394731521606,0.09999999999999998,1.0,1.0,0.015476508438587167,0.11065512895584106,-0.0044394731521606445,-0.09121050488948823,1.1610894766747952,11.307727210283279,0,,,,,,,,True,1.0,0.0,0.0,optimal,0,1.0,0.0,1.8449407183187532,1.8487792738006972
1760670332.8008883,0,leader,auto,0.9844980835914612,0.8933526873588562,1.2167775630950928,0.9,1,1,-0.08449808359146116,0.1066473126411438,-0.21677756309509277,0,0,0,0,1.0,0,0,0,0,0,0,False,,,,,,,,,
1760670332.901387,1,follower,auto,0.08452349156141281,0.8893448710441589,1.0044394731521606,0.09999999999999998,1.0,1.0,0.015476508438587167,0.11065512895584106,-0.0044394731521606445,0,0,0,0,1.0,0,0,0,0,0,0,False,,,,,,,,,
1760670332.9027767,0,follower,auto,0.9717643857002258,0.8998144865036011,1.1971216201782227,0.9,1,1,-0.07176438570022581,0.10018551349639893,-0.19712162017822266,-19.041301859116555,-8.266115354925393,9.810741240215302,0,,,,,,,,True,-7.0,-19.0,0.0,optimal,0,-7.0,-19.0,6.099265296128015,4.169124751251049
1760670333.0036676,1,follower,auto,0.08171064406633377,0.9040223956108093,1.0080537796020508,0.09999999999999998,1.0,1.0,0.018289355933666207,0.09597760438919067,-0.008053779602050781,-0.09712413564920426,1.150232848519087,9.265187696385384,0,,,,,,,,True,1.0,0.0,0.0,optimal,0,1.0,0.0,1.8476455196451775,1.894740220440882
1760670333.106587,0,leader,auto,0.9717643857002258,0.8998144865036011,1.1971216201782227,0.9,1,1,-0.07176438570022581,0.10018551349639893,-0.19712162017822266,0,0,0,0,1.0,0,0,0,0,0,0,False,,,,,,,,,
1760670333.2069561,1,follower,auto,0.08171064406633377,0.9040223956108093,1.0080537796020508,0.09999999999999998,1.0,1.0,0.018289355933666207,0.09597760438919067,-0.008053779602050781,0,0,0,0,1.0,0,0,0,0,0,0,False,,,,,,,,,
1760670333.2077148,0,follower,auto,0.9621416330337524,0.9057969450950623,1.1729588508605957,0.9,1,1,-0.06214163303375242,0.09420305490493774,-0.1729588508605957,-17.021960438101292,-7.2716216008901595,8.885378460416794,0,,,,,,,,True,-6.0,-17.0,0.0,optimal,0,-6.0,-17.0,5.965524507963037,4.163903577454178
1760670333.3082442,1,follower,auto,0.07365714013576508,0.9174302816390991,1.010020136833191,0.09999999999999998,1.0,1.0,0.026342859864234902,0.08256971836090088,-0.010020136833190918,-1.10100680773139,2.171097126675844,8.230625151326656,0,,,,,,,,True,2.0,-1.0,0.0,optimal,0,2.0,-1.0,1.8285616357086418,1.734878752094728
1760670333.412344,0,leader,auto,0.9621416330337524,0.9057969450950623,1.1729588508605957,0.9,1,1,-0.06214163303375242,0.09420305490493774,-0.1729588508605957,0,0,0,0,1.0,0,0,0,0,0,0,False,,,,,,,,,
1760670333.5126524,1,follower,auto,0.07365714013576508,0.9174302816390991,1.010020136833191,0.09999999999999998,1.0,1.0,0.026342859864234902,0.08256971836090088,-0.010020136833190918,0,0,0,0,1.0,0,0,0,0,0,0,False,,,,,,,,,
1760670333.5133657,0,follower,auto,0.9598098993301392,0.9118824601173401,1.149495005607605,0.9,1,1,-0.05980989933013914,0.08811753988265991,-0.14949500560760498,-14.015404454114675,-6.309123628915549,7.93561873445797,0,,,,,,,,True,-5.0,-14.0,0.0,optimal,0,-5.0,-14.0,5.871397515488503,4.4937247362656
1760670333.6140084,1,follower,auto,0.0683109313249588,0.9265343546867371,1.0149180889129639,0.09999999999999998,1.0,1.0,0.031689068675041177,0.07346564531326294,-0.014918088912963867,-1.0852819895287753,3.171213645211816,7.17715910039258,0,,,,,,,,True,3.0,-1.0,0.0,optimal,0,3.0,-1.0,1.827559611211659,1.8814485329722306
1760670333.723184,0,leader,auto,0.9598098993301392,0.9118824601173401,1.149495005607605,0.9,1,1,-0.05980989933013914,0.08811753988265991,-0.14949500560760498,0,0,0,0,1.0,0,0,0,0,0,0,False,,,,,,,,,
1760670333.823438,1,follower,auto,0.0683109313249588,0.9265343546867371,1.0149180889129639,0.09999999999999998,1.0,1.0,0.031689068675041177,0.07346564531326294,-0.014918088912963867,0,0,0,0,1.0,0,0,0,0,0,0,False,,,,,,,,,
1760670333.823899,0,follower,auto,0.967018187046051,0.9147534966468811,1.1284801959991455,0.9,1,1,-0.067018187046051,0.0852465033531189,-0.1284801959991455,-12.000991842521024,-7.375227179700493,7.9631942022141455,0,,,,,,,,True,-6.0,-12.0,0.0,optimal,0,-6.0,-12.0,5.833822523177229,4.88575556451643
1760670333.9242847,1,follower,auto,0.0647583082318306,0.929607629776001,1.0176047086715698,0.09999999999999998,1.0,1.0,0.03524169176816938,0.07039237022399902,-0.017604708671569824,-1.0541801993709923,3.1785003931736826,7.147617545610404,0,,,,,,,,True,3.0,-1.0,0.0,optimal,0,3.0,-1.0,1.8251135566969747,1.8690799274326704
1760670334.107534,0,leader,auto,0.967018187046051,0.9147534966468811,1.1284801959991455,0.9,1,1,-0.067018187046051,0.0852465033531189,-0.1284801959991455,0,0,0,0,1.0,0,0,0,0,0,0,False,,,,,,,,,
1760670334.2077913,1,follower,auto,0.0647583082318306,0.929607629776001,1.0176047086715698,0.09999999999999998,1.0,1.0,0.03524169176816938,0.07039237022399902,-0.017604708671569824,0,0,0,0,1.0,0,0,0,0,0,0,False,,,,,,,,,
1760670334.2084823,0,follower,auto,0.9819581508636475,0.9119438529014587,1.114621639251709,0.9,1,1,-0.08195815086364744,0.08805614709854126,-0.11462163925170898,-10.976917800716398,-9.446249935127604,7.957094601043958,0,,,,,,,,True,-8.0,-11.0,0.0,optimal,0,-8.0,-11.0,5.8600436284287145,5.265880913747344
1760670334.3089678,1,follower,auto,0.06399089843034744,0.9241195917129517,1.0213125944137573,0.09999999999999998,1.0,1.0,0.036009101569652535,0.07588040828704834,-0.021312594413757324,-2.004783548255626,3.187707172301885,7.118781741525452,0,,,,,,,,True,3.0,-2.0,0.0,optimal,0,3.0,-2.0,1.8347220591776345,1.916198619223704
1760670334.4140825,0,leader,auto,0.9819581508636475,0.9119438529014587,1.114621639251709,0.9,1,1,-0.08195815086364744,0.08805614709854126,-0.11462163925170898,0,0,0,0,1.0,0,0,0,0,0,0,False,,,,,,,,,
1760670334.5143945,1,follower,auto,0.06399089843034744,0.9241195917129517,1.0213125944137573,0.09999999999999998,1.0,1.0,0.036009101569652535,0.07588040828704834,-0.021312594413757324,0,0,0,0,1.0,0,0,0,0,0,0,False,,,,,,,,,
1760670334.5153782,0,follower,auto,0.9982470273971558,0.9168546199798584,1.1100893020629883,0.9,1,1,-0.09824702739715574,0.0831453800201416,-0.11008930206298828,-11.016386123720359,-10.48872686754087,7.920381769910127,0,,,,,,,,True,-9.0,-11.0,0.0,optimal,0,-9.0,-11.0,5.925643630929004,5.589604686525391
1760670334.6160376,1,follower,auto,0.06523111462593079,0.9187169671058655,1.0249083042144775,0.09999999999999998,1.0,1.0,0.03476888537406919,0.08128303289413452,-0.02490830421447754,-1.9760584793507647,3.197541849230968,8.106314967890299,0,,,,,,,,True,3.0,-2.0,0.0,optimal,0,3.0,-2.0,1.8502754392983025,1.9834170204939525
1760670334.7213807,0,leader,auto,0.9982470273971558,0.9168546199798584,1.1100893020629883,0.9,1,1,-0.09824702739715574,0.0831453800201416,-0.11008930206298828,0,0,0,0,1.0,0,0,0,0,0,0,False,,,,,,,,,
1760670334.821634,1,follower,auto,0.06523111462593079,0.9187169671058655,1.0249083042144775,0.09999999999999998,1.0,1.0,0.03476888537406919,0.08128303289413452,-0.02490830421447754,0,0,0,0,1.0,0,0,0,0,0,0,False,,,,,,,,,
1760670334.822327,0,follower,auto,1.012506365776062,0.914872407913208,1.1073923110961914,0.9,1,1,-0.11250636577606199,0.08512759208679199,-0.1073923110961914,-9.998761928744182,-12.507725673408565,7.904719884805283,0,,,,,,,,True,-11.0,-10.0,0.0,optimal,0,-11.0,-10.0,5.987876742055628,5.608721105388449
1760670334.9229164,1,follower,auto,0.06512266397476196,0.9139835238456726,1.0266900062561035,0.09999999999999998,1.0,1.0,0.034877336025238015,0.08601647615432739,-0.026690006256103516,-1.970765699804413,3.2209364394590985,8.107133350020563,0,,,,,,,,True,3.0,-2.0,0.0,optimal,0,3.0,-2.0,1.8557293297409378,1.9228547641208902
1760670335.0243282,0,leader,auto,1.012506365776062,0.914872407913208,1.1073923110961914,0.9,1,1,-0.11250636577606199,0.08512759208679199,-0.1073923110961914,0,0,0,0,1.0,0,0,0,0,0,0,False,,,,,,,,,
1760670335.1245806,1,follower,auto,0.06512266397476196,0.9139835238456726,1.0266900062561035,0.09999999999999998,1.0,1.0,0.034877336025238015,0.08601647615432739,-0.026690006256103516,0,0,0,0,1.0,0,0,0,0,0,0,False,,,,,,,,,
1760670335.1252716,0,follower,auto,1.0228838920593262,0.9097453951835632,1.1097835302352905,0.9,1,1,-0.12288389205932615,0.09025460481643677,-0.10978353023529053,-9.971670349439105,-13.506597405669467,8.875091009024501,0,,,,,,,,True,-12.0,-10.0,0.0,optimal,0,-12.0,-10.0,6.048302853076267,5.62700847563055
1760670335.2258008,1,follower,auto,0.06487271934747696,0.9137619137763977,1.0280516147613525,0.09999999999999998,1.0,1.0,0.03512728065252302,0.0862380862236023,-0.02805161476135254,-1.996723723370012,3.238024792529515,8.11270308531699,0,,,,,,,,True,3.0,-2.0,0.0,optimal,0,3.0,-2.0,1.8593786880850143,1.9151029346822979
1760670335.3320465,0,leader,auto,1.0228838920593262,0.9097453951835632,1.1097835302352905,0.9,1,1,-0.12288389205932615,0.09025460481643677,-0.10978353023529053,0,0,0,0,1.0,0,0,0,0,0,0,False,,,,,,,,,
1760670335.4324646,1,follower,auto,0.06487271934747696,0.9137619137763977,1.0280516147613525,0.09999999999999998,1.0,1.0,0.03512728065252302,0.0862380862236023,-0.02805161476135254,0,0,0,0,1.0,0,0,0,0,0,0,False,,,,,,,,,
1760670335.4335032,0,follower,auto,1.0289843082427979,0.9118035435676575,1.1246452331542969,0.9,1,1,-0.12898430824279783,0.08819645643234253,-0.12464523315429688,-11.99268000721935,-13.48803337432366,7.794416437352813,0,,,,,,,,True,-12.0,-12.0,0.0,optimal,0,-12.0,-12.0,6.130162811580142,5.749848426575481
1760670335.5339658,1,follower,auto,0.06795935332775116,0.9179853796958923,1.0296645164489746,0.09999999999999998,1.0,1.0,0.03204064667224882,0.08201462030410767,-0.02966451644897461,-2.024220994698458,3.228875979693941,8.132728451601796,0,,,,,,,,True,3.0,-2.0,0.0,optimal,0,3.0,-2.0,1.8743029698608495,2.0030476314480357
1760670335.637376,0,leader,auto,1.0289843082427979,0.9118035435676575,1.1246452331542969,0.9,1,1,-0.12898430824279783,0.08819645643234253,-0.12464523315429688,0,0,0,0,1.0,0,0,0,0,0,0,False,,,,,,,,,
1760670335.7375677,1,follower,auto,0.06795935332775116,0.9179853796958923,1.0296645164489746,0.09999999999999998,1.0,1.0,0.03204064667224882,0.08201462030410767,-0.02966451644897461,0,0,0,0,1.0,0,0,0,0,0,0,False,,,,,,,,,
1760670335.7380059,0,follower,auto,1.0290378332138062,0.919307291507721,1.145554542541504,0.9,1,1,-0.12903783321380613,0.08069270849227905,-0.1455545425415039,-14.026656327843677,-13.451997825555269,7.7213286429062835,0,,,,,,,,True,-12.0,-14.0,0.0,optimal,0,-12.0,-14.0,6.202993022814063,5.678949205872561
1760670335.838376,1,follower,auto,0.070488341152668,0.9229374527931213,1.0309422016143799,0.09999999999999998,1.0,1.0,0.02951165884733198,0.07706254720687866,-0.030942201614379883,-3.030728421088294,2.223404053423468,7.163629446659128,0,,,,,,,,True,2.0,-3.0,0.0,optimal,0,2.0,-3.0,1.8864060947032195,1.9400471048939583
1760670335.9434142,0,leader,auto,1.0290378332138062,0.919307291507721,1.145554542541504,0.9,1,1,-0.12903783321380613,0.08069270849227905,-0.1455545425415039,0,0,0,0,1.0,0,0,0,0,0,0,False,,,,,,,,,
1760670336.0436482,1,follower,auto,0.070488341152668,0.9229374527931213,1.0309422016143799,0.09999999999999998,1.0,1.0,0.02951165884733198,0.07706254720687866,-0.030942201614379883,0,0,0,0,1.0,0,0,0,0,0,0,False,,,,,,,,,
1760670336.0440967,0,follower,auto,1.0224791765213013,0.9266253113746643,1.1648445129394531,0.9,1,1,-0.12247917652130125,0.0733746886253357,-0.16484451293945312,-16.03714035099745,-13.401751722485502,6.692800637168149,0,,,,,,,,True,-12.0,-16.0,0.0,optimal,0,-12.0,-16.0,6.237577350836078,5.367447108295762
1760670336.1445725,1,follower,auto,0.07244850695133209,0.9287758469581604,1.0354074239730835,0.09999999999999998,1.0,1.0,0.027551493048667886,0.0712241530418396,-0.035407423973083496,-3.0353320126164665,2.2124872526000927,7.172914980123532,0,,,,,,,,True,2.0,-3.0,0.0,optimal,0,2.0,-3.0,1.90715174939975,2.017326294540273
1760670336.2999077,0,leader,auto,1.0224791765213013,0.9266253113746643,1.1648445129394531,0.9,1,1,-0.12247917652130125,0.0733746886253357,-0.16484451293945312,0,0,0,0,1.0,0,0,0,0,0,0,False,,,,,,,,,
1760670336.400134,1,follower,auto,0.07244850695133209,0.9287758469581604,1.0354074239730835,0.09999999999999998,1.0,1.0,0.027551493048667886,0.0712241530418396,-0.035407423973083496,0,0,0,0,1.0,0,0,0,0,0,0,False,,,,,,,,,
1760670336.4007869,0,follower,auto,1.0080302953720093,0.9287848472595215,1.1784459352493286,0.9,1,1,-0.10803029537200926,0.07121515274047852,-0.1784459352493286,-17.01615880175233,-11.337224815961921,6.702650218034524,0,,,,,,,,True,-10.0,-17.0,0.0,optimal,0,-10.0,-17.0,6.213085907108667,4.996558274023018
1760670336.5012403,1,follower,auto,0.07143136113882065,0.9321322441101074,1.040905475616455,0.09999999999999998,1.0,1.0,0.02856863886117933,0.06786775588989258,-0.04090547561645508,-4.028749826086423,2.205402788235873,6.176846676549343,0,,,,,,,,True,2.0,-4.0,0.0,optimal,0,2.0,-4.0,1.9219673026786719,1.9516304105803997
1760670336.6060324,0,leader,auto,1.0080302953720093,0.9287848472595215,1.1784459352493286,0.9,1,1,-0.10803029537200926,0.07121515274047852,-0.1784459352493286,0,0,0,0,1.0,0,0,0,0,0,0,False,,,,,,,,,
1760670336.7063026,1,follower,auto,0.07143136113882065,0.9321322441101074,1.040905475616455,0.09999999999999998,1.0,1.0,0.02856863886117933,0.06786775588989258,-0.04090547561645508,0,0,0,0,1.0,0,0,0,0,0,0,False,,,,,,,,,
1760670336.7070136,0,follower,auto,0.9949153661727905,0.9287213683128357,1.181774377822876,0.9,1,1,-0.0949153661727905,0.0712786316871643,-0.18177437782287598,-18.00054233742893,-10.314890733637572,6.7499056365563685,0,,,,,,,,True,-9.0,-18.0,0.0,optimal,0,-9.0,-18.0,6.159322617831206,4.716227024939824
1760670336.8080368,1,follower,auto,0.06806502491235733,0.9324180483818054,1.042572259902954,0.09999999999999998,1.0,1.0,0.03193497508764265,0.06758195161819458,-0.0425722599029541,-4.01386401728775,3.2045654401076225,6.192963479006597,0,,,,,,,,True,3.0,-4.0,0.0,optimal,0,3.0,-4.0,1.91687155135609,1.8598121799170286
1760670336.9128084,0,leader,auto,0.9949153661727905,0.9287213683128357,1.181774377822876,0.9,1,1,-0.0949153661727905,0.0712786316871643,-0.18177437782287598,0,0,0,0,1.0,0,0,0,0,0,0,False,,,,,,,,,
1760670337.0130126,1,follower,auto,0.06806502491235733,0.9324180483818054,1.042572259902954,0.09999999999999998,1.0,1.0,0.03193497508764265,0.06758195161819458,-0.0425722599029541,0,0,0,0,1.0,0,0,0,0,0,0,False,,,,,,,,,
1760670337.0134654,0,follower,auto,0.9870505928993225,0.9349587559700012,1.1813545227050781,0.9,1,1,-0.08705059289932249,0.06504124402999878,-0.18135452270507812,-18.035994850019037,-9.328578207650233,5.783929017379111,0,,,,,,,,True,-8.0,-18.0,0.0,optimal,0,-8.0,-18.0,6.1186445872027075,4.792674318925743
1760670337.113853,1,follower,auto,0.06423346698284149,0.9296443462371826,1.0443898439407349,0.09999999999999998,1.0,1.0,0.035766533017158486,0.07035565376281738,-0.04438984394073486,-3.982874535548645,3.2046052106437797,7.1930612558258495,0,,,,,,,,True,3.0,-4.0,0.0,optimal,0,3.0,-4.0,1.9108442980845943,1.8481422516217796
1760670337.2290535,0,leader,auto,0.9870505928993225,0.9349587559700012,1.1813545227050781,0.9,1,1,-0.08705059289932249,0.06504124402999878,-0.18135452270507812,0,0,0,0,1.0,0,0,0,0,0,0,False,,,,,,,,,
1760670337.3293648,1,follower,auto,0.06423346698284149,0.9296443462371826,1.0443898439407349,0.09999999999999998,1.0,1.0,0.035766533017158486,0.07035565376281738,-0.04438984394073486,0,0,0,0,1.0,0,0,0,0,0,0,False,,,,,,,,,
1760670337.3298063,0,follower,auto,0.9841352701187134,0.9413080215454102,1.1746745109558105,0.9,1,1,-0.08413527011871336,0.058691978454589844,-0.17467451095581055,-17.0630751646815,-9.357509701329008,4.8339542291147195,0,,,,,,,,True,-8.0,-17.0,0.0,optimal,0,-8.0,-17.0,6.080397660084019,4.8242961395158535
1760670337.4302201,1,follower,auto,0.05983640253543854,0.9226405024528503,1.0473980903625488,0.09999999999999998,1.0,1.0,0.04016359746456144,0.07735949754714966,-0.04739809036254883,-3.9398364225113265,4.2110298285847225,7.174564267222074,0,,,,,,,,True,4.0,-4.0,0.0,optimal,0,4.0,-4.0,1.907010070804871,1.889819587022866
1760670337.5570614,0,leader,auto,0.9841352701187134,0.9413080215454102,1.1746745109558105,0.9,1,1,-0.08413527011871336,0.058691978454589844,-0.17467451095581055,0,0,0,0,1.0,0,0,0,0,0,0,False,,,,,,,,,
1760670337.6573489,1,follower,auto,0.05983640253543854,0.9226405024528503,1.0473980903625488,0.09999999999999998,1.0,1.0,0.04016359746456144,0.07735949754714966,-0.04739809036254883,0,0,0,0,1.0,0,0,0,0,0,0,False,,,,,,,,,
1760670337.6581087,0,follower,auto,0.982796311378479,0.943116307258606,1.1603347063064575,0.9,1,1,-0.08279631137847898,0.05688369274139404,-0.16033470630645752,-16.05619163803036,-9.370719299875955,4.909741489338359,0,,,,,,,,True,-8.0,-16.0,0.0,optimal,0,-8.0,-16.0,6.023055802021624,4.710194649614866
1760670337.7586923,1,follower,auto,0.05944664031267166,0.9177331924438477,1.0550371408462524,0.09999999999999998,1.0,1.0,0.040553359687328316,0.08226680755615234,-0.05503714084625244,-4.931665936085101,4.194035966097275,8.120957227058407,0,,,,,,,,True,4.0,-5.0,0.0,optimal,0,4.0,-5.0,1.9310217615630174,2.0575012713725673
1760670337.9594831,0,leader,auto,0.982796311378479,0.943116307258606,1.1603347063064575,0.9,1,1,-0.08279631137847898,0.05688369274139404,-0.16033470630645752,0,0,0,0,1.0,0,0,0,0,0,0,False,,,,,,,,,
1760670338.0604131,1,follower,auto,0.05944664031267166,0.9177331924438477,1.0550371408462524,0.09999999999999998,1.0,1.0,0.040553359687328316,0.08226680755615234,-0.05503714084625244,0,0,0,0,1.0,0,0,0,0,0,0,False,,,,,,,,,
1760670338.0610476,0,follower,auto,0.979812741279602,0.9408714771270752,1.1443016529083252,0.9,1,1,-0.07981274127960203,0.059128522872924805,-0.1443016529083252,-14.035997466718479,-8.35641617846884,4.977369012906396,0,,,,,,,,True,-7.0,-14.0,0.0,optimal,0,-7.0,-14.0,5.95205948815137,4.759609222609296
1760670338.1615577,1,follower,auto,0.06432025134563446,0.9142110347747803,1.0707842111587524,0.09999999999999998,1.0,1.0,0.03567974865436552,0.08578896522521973,-0.07078421115875244,-6.936138456753646,3.155473006412077,8.03304173097229,0,,,,,,,,True,3.0,-7.0,0.0,optimal,0,3.0,-7.0,1.998617729027444,2.2320057348129883
1760670338.2740326,0,leader,auto,0.979812741279602,0.9408714771270752,1.1443016529083252,0.9,1,1,-0.07981274127960203,0.059128522872924805,-0.1443016529083252,0,0,0,0,1.0,0,0,0,0,0,0,False,,,,,,,,,
1760670338.374283,1,follower,auto,0.06432025134563446,0.9142110347747803,1.0707842111587524,0.09999999999999998,1.0,1.0,0.03567974865436552,0.08578896522521973,-0.07078421115875244,0,0,0,0,1.0,0,0,0,0,0,0,False,,,,,,,,,
1760670338.374753,0,follower,auto,0.9768698215484619,0.9369727373123169,1.139652132987976,0.9,1,1,-0.07686982154846189,0.0630272626876831,-0.13965213298797607,-13.018260036848583,-8.34438493109464,5.963780272744371,0,,,,,,,,True,-7.0,-13.0,0.0,optimal,0,-7.0,-13.0,5.921273656707124,4.927056627553933
1760670338.4751346,1,follower,auto,0.06900851428508759,0.9130842685699463,1.0849579572677612,0.09999999999999998,1.0,1.0,0.030991485714912392,0.08691573143005371,-0.08495795726776123,-7.952273614910768,3.136771538002696,7.999341200426865,0,,,,,,,,True,3.0,-8.0,0.0,optimal,0,3.0,-8.0,2.0608710356590443,2.3288116560247065
1760670338.6394925,0,leader,auto,0.9768698215484619,0.9369727373123169,1.139652132987976,0.9,1,1,-0.07686982154846189,0.0630272626876831,-0.13965213298797607,0,0,0,0,1.0,0,0,0,0,0,0,False,,,,,,,,,
1760670338.7398007,1,follower,auto,0.06900851428508759,0.9130842685699463,1.0849579572677612,0.09999999999999998,1.0,1.0,0.030991485714912392,0.08691573143005371,-0.08495795726776123,0,0,0,0,1.0,0,0,0,0,0,0,False,,,,,,,,,
1760670338.740261,0,follower,auto,0.969245970249176,0.9280896782875061,1.1393877267837524,0.9,1,1,-0.069245970249176,0.0719103217124939,-0.13938772678375244,-12.981199370307504,-7.307432656755207,6.956390532476387,0,,,,,,,,True,-6.0,-13.0,0.0,optimal,0,-6.0,-13.0,5.8826453256777445,4.9068074462739535
1760670338.8406546,1,follower,auto,0.07279600948095322,0.9122363328933716,1.1004101037979126,0.09999999999999998,1.0,1.0,0.02720399051904676,0.08776366710662842,-0.1004101037979126,-9.969090547474481,2.121261334461989,7.968757400106087,0,,,,,,,,True,2.0,-10.0,0.0,optimal,0,2.0,-10.0,2.1250818085372387,2.259711014224436
1760670338.9552658,0,leader,auto,0.969245970249176,0.9280896782875061,1.1393877267837524,0.9,1,1,-0.069245970249176,0.0719103217124939,-0.13938772678375244,0,0,0,0,1.0,0,0,0,0,0,0,False,,,,,,,,,
1760670339.0556457,1,follower,auto,0.07279600948095322,0.9122363328933716,1.1004101037979126,0.09999999999999998,1.0,1.0,0.02720399051904676,0.08776366710662842,-0.1004101037979126,0,0,0,0,1.0,0,0,0,0,0,0,False,,,,,,,,,
1760670339.0569577,0,follower,auto,0.9666119813919067,0.9220121502876282,1.1414045095443726,0.9,1,1,-0.06661198139190672,0.07798784971237183,-0.14140450954437256,-13.980776237393254,-7.3261497800112245,6.952179691977108,0,,,,,,,,True,-6.0,-14.0,0.0,optimal,0,-6.0,-14.0,5.876664332607584,5.029486664431781
1760670339.15791,1,follower,auto,0.06768850237131119,0.9092947840690613,1.1121999025344849,0.09999999999999998,1.0,1.0,0.03231149762868879,0.09070521593093872,-0.11219990253448486,-10.966430615279751,3.162812666384286,8.967377045509426,0,,,,,,,,True,3.0,-11.0,0.0,optimal,0,3.0,-11.0,2.149275746706304,2.08830839577149
1760670339.259055,0,leader,auto,0.9666119813919067,0.9220121502876282,1.1414045095443726,0.9,1,1,-0.06661198139190672,0.07798784971237183,-0.14140450954437256,0,0,0,0,1.0,0,0,0,0,0,0,False,,,,,,,,,
1760670339.3592937,1,follower,auto,0.06768850237131119,0.9092947840690613,1.1121999025344849,0.09999999999999998,1.0,1.0,0.03231149762868879,0.09070521593093872,-0.11219990253448486,0,0,0,0,1.0,0,0,0,0,0,0,False,,,,,,,,,
1760670339.3597605,0,follower,auto,0.968988299369812,0.9285830855369568,1.1477007865905762,0.9,1,1,-0.06898829936981199,0.07141691446304321,-0.14770078659057617,-14.048661240024815,-7.369076820375337,6.933604246910455,0,,,,,,,,True,-6.0,-14.0,0.0,optimal,0,-6.0,-14.0,5.910361261874355,5.323038588184859
1760670339.4601696,1,follower,auto,0.058477021753787994,0.9068809151649475,1.1218692064285278,0.09999999999999998,1.0,1.0,0.04152297824621198,0.09311908483505249,-0.12186920642852783,-11.95296049442699,4.208783369373651,8.97520733438647,0,,,,,,,,True,4.0,-12.0,0.0,optimal,0,4.0,-12.0,2.153684191381365,1.9752492516845592
1760670339.6613147,0,leader,auto,0.968988299369812,0.9285830855369568,1.1477007865905762,0.9,1,1,-0.06898829936981199,0.07141691446304321,-0.14770078659057617,0,0,0,0,1.0,0,0,0,0,0,0,False,,,,,,,,,
1760670339.7616425,1,follower,auto,0.058477021753787994,0.9068809151649475,1.1218692064285278,0.09999999999999998,1.0,1.0,0.04152297824621198,0.09311908483505249,-0.12186920642852783,0,0,0,0,1.0,0,0,0,0,0,0,False,,,,,,,,,
1760670339.76211,0,follower,auto,0.9699130058288574,0.9425980448722839,1.1594178676605225,0.9,1,1,-0.0699130058288574,0.057401955127716064,-0.15941786766052246,-15.12941542508705,-7.377128230307047,4.888312407295716,0,,,,,,,,True,-6.0,-15.0,0.0,optimal,0,-6.0,-15.0,5.956021489405641,5.328488423983993
1760670339.8624866,1,follower,auto,0.05507867783308029,0.8987845778465271,1.1232969760894775,0.09999999999999998,1.0,1.0,0.044921322166919686,0.1012154221534729,-0.12329697608947754,-11.8959293077195,4.199429472345523,10.029122694023599,0,,,,,,,,True,4.0,-12.0,0.0,optimal,0,4.0,-12.0,2.1480221620502187,1.9082919525466728
1760670340.0367095,0,leader,auto,0.9699130058288574,0.9425980448722839,1.1594178676605225,0.9,1,1,-0.0699130058288574,0.057401955127716064,-0.15941786766052246,0,0,0,0,1.0,0,0,0,0,0,0,False,,,,,,,,,
1760670340.13713,1,follower,auto,0.05507867783308029,0.8987845778465271,1.1232969760894775,0.09999999999999998,1.0,1.0,0.044921322166919686,0.1012154221534729,-0.12329697608947754,0,0,0,0,1.0,0,0,0,0,0,0,False,,,,,,,,,
1760670340.138668,0,follower,auto,0.9723262190818787,0.948839545249939,1.1713776588439941,0.9,1,1,-0.07232621908187864,0.051160454750061035,-0.17137765884399414,-17.122785333521673,-8.393900609544977,4.8487310492875615,0,,,,,,,,True,-7.0,-17.0,0.0,optimal,0,-7.0,-17.0,6.0101757438113275,5.321106717934425
1760670340.239516,1,follower,auto,0.05079149082303047,0.8971979022026062,1.1155203580856323,0.09999999999999998,1.0,1.0,0.049208509176969506,0.1028020977973938,-0.11552035808563232,-10.904368350201974,4.208461671936039,10.108930153753802,0,,,,,,,,True,4.0,-11.0,0.0,optimal,0,4.0,-11.0,2.1079643470153737,1.7132806416283355
1760670340.3539221,0,leader,auto,0.9723262190818787,0.948839545249939,1.1713776588439941,0.9,1,1,-0.07232621908187864,0.051160454750061035,-0.17137765884399414,0,0,0,0,1.0,0,0,0,0,0,0,False,,,,,,,,,
1760670340.4544356,1,follower,auto,0.05079149082303047,0.8971979022026062,1.1155203580856323,0.09999999999999998,1.0,1.0,0.049208509176969506,0.1028020977973938,-0.11552035808563232,0,0,0,0,1.0,0,0,0,0,0,0,False,,,,,,,,,
1760670340.4552228,0,follower,auto,0.9752839803695679,0.9482777714729309,1.1780128479003906,0.9,1,1,-0.07528398036956785,0.05172222852706909,-0.17801284790039062,-17.08021265081391,-8.410267295586188,4.842351611968351,0,,,,,,,,True,-7.0,-17.0,0.0,optimal,0,-7.0,-17.0,6.048360470773069,5.30948912612587
1760670340.5558236,1,follower,auto,0.04570721834897995,0.9022942781448364,1.1049890518188477,0.09999999999999998,1.0,1.0,0.05429278165102003,0.09770572185516357,-0.10498905181884766,-9.946978783397117,5.223566961286224,9.161310441227688,0,,,,,,,,True,5.0,-10.0,0.0,optimal,0,5.0,-10.0,2.0561984716782744,1.6079050842971618
1760670340.6585703,0,leader,auto,0.9752839803695679,0.9482777714729309,1.1780128479003906,0.9,1,1,-0.07528398036956785,0.05172222852706909,-0.17801284790039062,0,0,0,0,1.0,0,0,0,0,0,0,False,,,,,,,,,
1760670340.75889,1,follower,auto,0.04570721834897995,0.9022942781448364,1.1049890518188477,0.09999999999999998,1.0,1.0,0.05429278165102003,0.09770572185516357,-0.10498905181884766,0,0,0,0,1.0,0,0,0,0,0,0,False,,,,,,,,,
1760670340.7597618,0,follower,auto,0.9787577390670776,0.9456033706665039,1.1788257360458374,0.9,1,1,-0.07875773906707761,0.054396629333496094,-0.1788257360458374,-17.048905994927363,-8.423399241535996,4.8579209019292815,0,,,,,,,,True,-7.0,-17.0,0.0,optimal,0,-7.0,-17.0,6.068460928203946,5.21820130442242
1760670340.860522,1,follower,auto,0.042731866240501404,0.9077585339546204,1.0960049629211426,0.09999999999999998,1.0,1.0,0.057268133759498574,0.09224146604537964,-0.09600496292114258,-8.970968826350045,5.225295833572077,9.177496757189015,0,,,,,,,,True,5.0,-9.0,0.0,optimal,0,5.0,-9.0,2.016454445367046,1.660701599613219
1760670340.9648097,0,leader,auto,0.9787577390670776,0.9456033706665039,1.1788257360458374,0.9,1,1,-0.07875773906707761,0.054396629333496094,-0.1788257360458374,0,0,0,0,1.0,0,0,0,0,0,0,False,,,,,,,,,
1760670341.0652344,1,follower,auto,0.042731866240501404,0.9077585339546204,1.0960049629211426,0.09999999999999998,1.0,1.0,0.057268133759498574,0.09224146604537964,-0.09600496292114258,0,0,0,0,1.0,0,0,0,0,0,0,False,,,,,,,,,
1760670341.066151,0,follower,auto,0.9833061099052429,0.9419472217559814,1.1773523092269897,0.9,1,1,-0.0833061099052429,0.058052778244018555,-0.17735230922698975,-17.026027171741568,-9.43731599018548,4.867557012127323,0,,,,,,,,True,-8.0,-17.0,0.0,optimal,0,-8.0,-17.0,6.085790466607223,5.183689316272552
1760670341.1667573,1,follower,auto,0.04170297458767891,0.9127863049507141,1.0885009765625,0.09999999999999998,1.0,1.0,0.05829702541232107,0.08721369504928589,-0.0885009765625,-7.985696087401053,5.223103155217864,8.180773420953626,0,,,,,,,,True,5.0,-8.0,0.0,optimal,0,5.0,-8.0,1.9878836097050137,1.7329225492315317
1760670341.2740045,0,leader,auto,0.9833061099052429,0.9419472217559814,1.1773523092269897,0.9,1,1,-0.0833061099052429,0.058052778244018555,-0.17735230922698975,0,0,0,0,1.0,0,0,0,0,0,0,False,,,,,,,,,
1760670341.3742468,1,follower,auto,0.04170297458767891,0.9127863049507141,1.0885009765625,0.09999999999999998,1.0,1.0,0.05829702541232107,0.08721369504928589,-0.0885009765625,0,0,0,0,1.0,0,0,0,0,0,0,False,,,,,,,,,
1760670341.374702,0,follower,auto,0.988789439201355,0.933481752872467,1.1766507625579834,0.9,1,1,-0.08878943920135496,0.06651824712753296,-0.1766507625579834,-16.98273939458449,-9.451379348793846,5.862785381998563,0,,,,,,,,True,-8.0,-17.0,0.0,optimal,0,-8.0,-17.0,6.110560804778059,5.254513352944548
1760670341.475047,1,follower,auto,0.0415387861430645,0.9177426695823669,1.0830432176589966,0.09999999999999998,1.0,1.0,0.05846121385693548,0.08225733041763306,-0.08304321765899658,-8.006039345300477,5.224775106727272,8.177582831330263,0,,,,,,,,True,5.0,-8.0,0.0,optimal,0,5.0,-8.0,1.9689763016913808,1.7766979998467054
1760670341.590794,0,leader,auto,0.988789439201355,0.933481752872467,1.1766507625579834,0.9,1,1,-0.08878943920135496,0.06651824712753296,-0.1766507625579834,0,0,0,0,1.0,0,0,0,0,0,0,False,,,,,,,,,
1760670341.691088,1,follower,auto,0.0415387861430645,0.9177426695823669,1.0830432176589966,0.09999999999999998,1.0,1.0,0.05846121385693548,0.08225733041763306,-0.08304321765899658,0,0,0,0,1.0,0,0,0,0,0,0,False,,,,,,,,,
1760670341.691519,0,follower,auto,0.9955446720123291,0.9268160462379456,1.177924394607544,0.9,1,1,-0.09554467201232908,0.07318395376205444,-0.17792439460754395,-16.962261857294795,-10.46849154512114,6.847205633797033,0,,,,,,,,True,-9.0,-17.0,0.0,optimal,0,-9.0,-17.0,6.148758362949724,5.3394690603936805
1760670341.791877,1,follower,auto,0.041565634310245514,0.9251369833946228,1.0789883136749268,0.09999999999999998,1.0,1.0,0.058434365689754464,0.0748630166053772,-0.07898831367492676,-7.037431914817179,5.232025532392916,7.176586172326553,0,,,,,,,,True,5.0,-7.0,0.0,optimal,0,5.0,-7.0,1.9554263623433243,1.8271893654764533
1760670341.9353592,0,leader,auto,0.9955446720123291,0.9268160462379456,1.177924394607544,0.9,1,1,-0.09554467201232908,0.07318395376205444,-0.17792439460754395,0,0,0,0,1.0,0,0,0,0,0,0,False,,,,,,,,,
1760670342.0356631,1,follower,auto,0.041565634310245514,0.9251369833946228,1.0789883136749268,0.09999999999999998,1.0,1.0,0.058434365689754464,0.0748630166053772,-0.07898831367492676,0,0,0,0,1.0,0,0,0,0,0,0,False,,,,,,,,,
1760670342.037289,0,follower,auto,1.0047698020935059,0.9241911768913269,1.1842048168182373,0.9,1,1,-0.10476980209350584,0.0758088231086731,-0.1842048168182373,-17.96205929568522,-11.48739727051564,6.807730172538097,0,,,,,,,,True,-10.0,-18.0,0.0,optimal,0,-10.0,-18.0,6.2172585898369395,5.484224507084177
1760670342.137927,1,follower,auto,0.04650658369064331,0.9340839982032776,1.0744881629943848,0.09999999999999998,1.0,1.0,0.05349341630935667,0.06591600179672241,-0.07448816299438477,-7.064401846888925,5.21695993295856,6.1919302288723435,0,,,,,,,,True,5.0,-7.0,0.0,optimal,0,5.0,-7.0,1.9555932214068141,1.9134065943252825
1760670342.247235,0,leader,auto,1.0047698020935059,0.9241911768913269,1.1842048168182373,0.9,1,1,-0.10476980209350584,0.0758088231086731,-0.1842048168182373,0,0,0,0,1.0,0,0,0,0,0,0,False,,,,,,,,,
1760670342.3477268,1,follower,auto,0.04650658369064331,0.9340839982032776,1.0744881629943848,0.09999999999999998,1.0,1.0,0.05349341630935667,0.06591600179672241,-0.07448816299438477,0,0,0,0,1.0,0,0,0,0,0,0,False,,,,,,,,,
1760670342.3498757,0,follower,auto,1.0110366344451904,0.9202088713645935,1.1884002685546875,0.9,1,1,-0.11103663444519041,0.0797911286354065,-0.1884002685546875,-17.943454806956986,-12.47968512054237,6.799328665275375,0,,,,,,,,True,-11.0,-18.0,0.0,optimal,0,-11.0,-18.0,6.263680500092308,5.394646872148034
1760670342.4517953,1,follower,auto,0.05212750658392906,0.9421349167823792,1.0719056129455566,0.09999999999999998,1.0,1.0,0.047872493416070916,0.05786508321762085,-0.07190561294555664,-7.081571710635204,4.208625347246372,5.193795268059744,0,,,,,,,,True,4.0,-7.0,0.0,optimal,0,4.0,-7.0,1.964368175293302,1.9462201555358494
1760670342.5753412,0,leader,auto,1.0110366344451904,0.9202088713645935,1.1884002685546875,0.9,1,1,-0.11103663444519041,0.0797911286354065,-0.1884002685546875,0,0,0,0,1.0,0,0,0,0,0,0,False,,,,,,,,,
1760670342.6756089,1,follower,auto,0.05212750658392906,0.9421349167823792,1.0719056129455566,0.09999999999999998,1.0,1.0,0.047872493416070916,0.05786508321762085,-0.07190561294555664,0,0,0,0,1.0,0,0,0,0,0,0,False,,,,,,,,,
1760670342.6763568,0,follower,auto,1.0149614810943604,0.9134309887886047,1.1853210926055908,0.9,1,1,-0.11496148109436033,0.08656901121139526,-0.18532109260559082,-17.912655027196806,-12.462634183730042,7.836209613185823,0,,,,,,,,True,-11.0,-18.0,0.0,optimal,0,-11.0,-18.0,6.27240265509076,5.158011078689997
1760670342.7768416,1,follower,auto,0.059125881642103195,0.9479516744613647,1.0726916790008545,0.09999999999999998,1.0,1.0,0.04087411835789678,0.052048325538635254,-0.07269167900085449,-7.090816203513437,4.195438720570398,5.171358628368668,0,,,,,,,,True,4.0,-7.0,0.0,optimal,0,4.0,-7.0,1.9887709678049639,2.06387425989619
1760670342.959263,0,leader,auto,1.0149614810943604,0.9134309887886047,1.1853210926055908,0.9,1,1,-0.11496148109436033,0.08656901121139526,-0.18532109260559082,0,0,0,0,1.0,0,0,0,0,0,0,False,,,,,,,,,
1760670343.0595896,1,follower,auto,0.059125881642103195,0.9479516744613647,1.0726916790008545,0.09999999999999998,1.0,1.0,0.04087411835789678,0.052048325538635254,-0.07269167900085449,0,0,0,0,1.0,0,0,0,0,0,0,False,,,,,,,,,
1760670343.060037,0,follower,auto,1.0184025764465332,0.9107399582862854,1.173086404800415,0.9,1,1,-0.11840257644653318,0.0892600417137146,-0.17308640480041504,-16.922146630730033,-12.451664654058325,7.906890713602811,0,,,,,,,,True,-11.0,-17.0,0.0,optimal,0,-11.0,-17.0,6.246186935940598,4.990884104171636
1760670343.160665,1,follower,auto,0.0660373643040657,0.9479945302009583,1.0757256746292114,0.09999999999999998,1.0,1.0,0.03396263569593427,0.05200546979904175,-0.07572567462921143,-7.067772404479591,3.1880251874510623,5.134022666006175,0,,,,,,,,True,3.0,-7.0,0.0,optimal,0,3.0,-7.0,2.020529563007951,2.080326422769784
1760670343.2613904,0,leader,auto,1.0184025764465332,0.9107399582862854,1.173086404800415,0.9,1,1,-0.11840257644653318,0.0892600417137146,-0.17308640480041504,0,0,0,0,1.0,0,0,0,0,0,0,False,,,,,,,,,
1760670343.361627,1,follower,auto,0.0660373643040657,0.9479945302009583,1.0757256746292114,0.09999999999999998,1.0,1.0,0.03396263569593427,0.05200546979904175,-0.07572567462921143,0,0,0,0,1.0,0,0,0,0,0,0,False,,,,,,,,,
1760670343.3621714,0,follower,auto,1.0194522142410278,0.9102531671524048,1.1583731174468994,0.9,1,1,-0.11945221424102781,0.08974683284759521,-0.15837311744689941,-14.9286976076501,-12.44410756793383,7.963761932680163,0,,,,,,,,True,-11.0,-15.0,0.0,optimal,0,-11.0,-15.0,6.199515480003946,4.868332271291486
1760670343.4625986,1,follower,auto,0.06427618861198425,0.9520307779312134,1.0824308395385742,0.09999999999999998,1.0,1.0,0.035723811388015725,0.04796922206878662,-0.08243083953857422,-8.083185820617558,3.228004187121516,4.082146195467975,0,,,,,,,,True,3.0,-8.0,0.0,optimal,0,3.0,-8.0,2.037533524088908,2.017051675377771
1760670343.5689695,0,leader,auto,1.0194522142410278,0.9102531671524048,1.1583731174468994,0.9,1,1,-0.11945221424102781,0.08974683284759521,-0.15837311744689941,0,0,0,0,1.0,0,0,0,0,0,0,False,,,,,,,,,
1760670343.6694286,1,follower,auto,0.06427618861198425,0.9520307779312134,1.0824308395385742,0.09999999999999998,1.0,1.0,0.035723811388015725,0.04796922206878662,-0.08243083953857422,0,0,0,0,1.0,0,0,0,0,0,0,False,,,,,,,,,
1760670343.6700826,0,follower,auto,1.0160529613494873,0.9105523824691772,1.1485687494277954,0.9,1,1,-0.11605296134948728,0.08944761753082275,-0.1485687494277954,-13.93717519692592,-12.416497352173218,7.973898281761752,0,,,,,,,,True,-11.0,-14.0,0.0,optimal,0,-11.0,-14.0,6.148015175791009,4.836226683766483
1760670343.7704744,1,follower,auto,0.06447219103574753,0.9515461921691895,1.0881803035736084,0.09999999999999998,1.0,1.0,0.03552780896425245,0.04845380783081055,-0.0881803035736084,-8.065611275684322,3.225119989894189,4.056904753415783,0,,,,,,,,True,3.0,-8.0,0.0,optimal,0,3.0,-8.0,2.0575259738980733,2.0541823957241254
1760670343.8730373,0,leader,auto,1.0160529613494873,0.9105523824691772,1.1485687494277954,0.9,1,1,-0.11605296134948728,0.08944761753082275,-0.1485687494277954,0,0,0,0,1.0,0,0,0,0,0,0,False,,,,,,,,,
1760670343.973283,1,follower,auto,0.06447219103574753,0.9515461921691895,1.0881803035736084,0.09999999999999998,1.0,1.0,0.03552780896425245,0.04845380783081055,-0.0881803035736084,0,0,0,0,1.0,0,0,0,0,0,0,False,,,,,,,,,
1760670343.973782,0,follower,auto,1.0108224153518677,0.9104522466659546,1.1491403579711914,0.9,1,1,-0.11082241535186765,0.08954775333404541,-0.1491403579711914,-13.940817106521166,-12.397496046111074,7.925563350352271,0,,,,,,,,True,-11.0,-14.0,0.0,optimal,0,-11.0,-14.0,6.123721193316975,4.985462690082747
1760670344.0741634,1,follower,auto,0.06233809515833855,0.9493603110313416,1.088220238685608,0.09999999999999998,1.0,1.0,0.03766190484166143,0.05063968896865845,-0.08822023868560791,-8.050417564109411,3.231014333302485,5.081109076848328,0,,,,,,,,True,3.0,-8.0,0.0,optimal,0,3.0,-8.0,2.0509878978906766,1.874248420453033
1760670344.1798887,0,leader,auto,1.0108224153518677,0.9104522466659546,1.1491403579711914,0.9,1,1,-0.11082241535186765,0.08954775333404541,-0.1491403579711914,0,0,0,0,1.0,0,0,0,0,0,0,False,,,,,,,,,
1760670344.280144,1,follower,auto,0.06233809515833855,0.9493603110313416,1.088220238685608,0.09999999999999998,1.0,1.0,0.03766190484166143,0.05063968896865845,-0.08822023868560791,0,0,0,0,1.0,0,0,0,0,0,0,False,,,,,,,,,
1760670344.2807803,0,follower,auto,1.0058623552322388,0.9189529418945312,1.1606999635696411,0.9,1,1,-0.10586235523223875,0.08104705810546875,-0.1606999635696411,-15.999660992251645,-11.387870238605167,7.840696690986342,0,,,,,,,,True,-10.0,-16.0,0.0,optimal,0,-10.0,-16.0,6.139410505084198,5.20742782066718
1760670344.3812943,1,follower,auto,0.06168127432465553,0.9428167343139648,1.083475947380066,0.09999999999999998,1.0,1.0,0.038318725675344445,0.057183265686035156,-0.08347594738006592,-8.005929306684568,3.221516624766501,5.132680717143625,0,,,,,,,,True,3.0,-8.0,0.0,optimal,0,3.0,-8.0,2.0329396679834906,1.7820439511615849
1760670344.4886823,0,leader,auto,1.0058623552322388,0.9189529418945312,1.1606999635696411,0.9,1,1,-0.10586235523223875,0.08104705810546875,-0.1606999635696411,0,0,0,0,1.0,0,0,0,0,0,0,False,,,,,,,,,
1760670344.5889618,1,follower,auto,0.06168127432465553,0.9428167343139648,1.083475947380066,0.09999999999999998,1.0,1.0,0.038318725675344445,0.057183265686035156,-0.08347594738006592,0,0,0,0,1.0,0,0,0,0,0,0,False,,,,,,,,,
1760670344.5894353,0,follower,auto,0.9989548921585083,0.9230091571807861,1.1730220317840576,0.9,1,1,-0.09895489215850828,0.07699084281921387,-0.17302203178405762,-17.00618387568796,-10.369213124590523,6.797071575674352,0,,,,,,,,True,-9.0,-17.0,0.0,optimal,0,-9.0,-17.0,6.14838267823461,5.16007471069498
1760670344.6898434,1,follower,auto,0.06112496927380562,0.9373353123664856,1.0809316635131836,0.09999999999999998,1.0,1.0,0.03887503072619436,0.0626646876335144,-0.0809316635131836,-7.9895073460157615,3.2106548665621615,6.153874952504996,0,,,,,,,,True,3.0,-8.0,0.0,optimal,0,3.0,-8.0,2.0226424270913395,1.8220607070898822
1760670344.795643,0,leader,auto,0.9989548921585083,0.9230091571807861,1.1730220317840576,0.9,1,1,-0.09895489215850828,0.07699084281921387,-0.17302203178405762,0,0,0,0,1.0,0,0,0,0,0,0,False,,,,,,,,,
1760670344.8960059,1,follower,auto,0.06112496927380562,0.9373353123664856,1.0809316635131836,0.09999999999999998,1.0,1.0,0.03887503072619436,0.0626646876335144,-0.0809316635131836,0,0,0,0,1.0,0,0,0,0,0,0,False,,,,,,,,,
1760670344.8976367,0,follower,auto,0.9989887475967407,0.9261627793312073,1.1852853298187256,0.9,1,1,-0.0989887475967407,0.07383722066879272,-0.18528532981872559,-18.019705272641193,-10.397489080534102,6.770594060287754,0,,,,,,,,True,-9.0,-18.0,0.0,optimal,0,-9.0,-18.0,6.192188469481083,5.382133236372049
1760670344.9985375,1,follower,auto,0.05991780385375023,0.9273906946182251,1.0796438455581665,0.09999999999999998,1.0,1.0,0.04008219614624975,0.0726093053817749,-0.0796438455581665,-6.950479912358996,4.2148495050492505,7.168592881831516,0,,,,,,,,True,4.0,-7.0,0.0,optimal,0,4.0,-7.0,2.014547002701333,1.8865237834073838
1760670345.1028757,0,leader,auto,0.9989887475967407,0.9261627793312073,1.1852853298187256,0.9,1,1,-0.0989887475967407,0.07383722066879272,-0.18528532981872559,0,0,0,0,1.0,0,0,0,0,0,0,False,,,,,,,,,
1760670345.203341,1,follower,auto,0.05991780385375023,0.9273906946182251,1.0796438455581665,0.09999999999999998,1.0,1.0,0.04008219614624975,0.0726093053817749,-0.0796438455581665,0,0,0,0,1.0,0,0,0,0,0,0,False,,,,,,,,,
1760670345.2048178,0,follower,auto,0.9999035000801086,0.9294356107711792,1.1946253776550293,0.9,1,1,-0.09990350008010862,0.0705643892288208,-0.1946253776550293,-19.035515435614112,-10.406258327239968,6.7687108277874835,0,,,,,,,,True,-9.0,-19.0,0.0,optimal,0,-9.0,-19.0,6.230197755836235,5.3343660355993165
1760670345.3057473,1,follower,auto,0.06273578852415085,0.9192320108413696,1.0807734727859497,0.09999999999999998,1.0,1.0,0.03726421147584913,0.08076798915863037,-0.08077347278594971,-7.935019540071034,3.1957889585486834,8.169072619579133,0,,,,,,,,True,3.0,-8.0,0.0,optimal,0,3.0,-8.0,2.027142611555141,1.9751211478034527
1760670345.4566538,0,leader,auto,0.9999035000801086,0.9294356107711792,1.1946253776550293,0.9,1,1,-0.09990350008010862,0.0705643892288208,-0.1946253776550293,0,0,0,0,1.0,0,0,0,0,0,0,False,,,,,,,,,
1760670345.5570211,1,follower,auto,0.06273578852415085,0.9192320108413696,1.0807734727859497,0.09999999999999998,1.0,1.0,0.03726421147584913,0.08076798915863037,-0.08077347278594971,0,0,0,0,1.0,0,0,0,0,0,0,False,,,,,,,,,
1760670345.5577517,0,follower,auto,1.0036600828170776,0.9302645325660706,1.1962145566940308,0.9,1,1,-0.10366008281707761,0.06973546743392944,-0.19621455669403076,-19.040176650308943,-11.418698458738392,5.807841371285845,0,,,,,,,,True,-10.0,-19.0,0.0,optimal,0,-10.0,-19.0,6.254700543971149,5.214221020359069
1760670345.6582646,1,follower,auto,0.06848089396953583,0.9098430871963501,1.0846607685089111,0.09999999999999998,1.0,1.0,0.03151910603046415,0.0901569128036499,-0.08466076850891113,-7.9150318346260615,3.17565055776512,9.150492468923895,0,,,,,,,,True,3.0,-8.0,0.0,optimal,0,3.0,-8.0,2.0582142197005098,2.100553248681222
1760670345.7623427,0,leader,auto,1.0036600828170776,0.9302645325660706,1.1962145566940308,0.9,1,1,-0.10366008281707761,0.06973546743392944,-0.19621455669403076,0,0,0,0,1.0,0,0,0,0,0,0,False,,,,,,,,,
1760670345.8626509,1,follower,auto,0.06848089396953583,0.9098430871963501,1.0846607685089111,0.09999999999999998,1.0,1.0,0.03151910603046415,0.0901569128036499,-0.08466076850891113,0,0,0,0,1.0,0,0,0,0,0,0,False,,,,,,,,,
1760670345.863053,0,follower,auto,1.0054031610488892,0.9312780499458313,1.1910825967788696,0.9,1,1,-0.10540316104888914,0.0687219500541687,-0.19108259677886963,-19.040974065787605,-11.411038095911522,5.858697763320187,0,,,,,,,,True,-10.0,-19.0,0.0,optimal,0,-10.0,-19.0,6.245021867877904,5.003220673759651
1760670345.963401,1,follower,auto,0.0727776512503624,0.9087087512016296,1.087477207183838,0.09999999999999998,1.0,1.0,0.02722234874963758,0.09129124879837036,-0.08747720718383789,-7.945081041510064,2.1727564164664606,9.13852757795172,0,,,,,,,,True,2.0,-8.0,0.0,optimal,0,2.0,-8.0,2.0812088650375724,2.066892530910236
1760670346.0685158,0,leader,auto,1.0054031610488892,0.9312780499458313,1.1910825967788696,0.9,1,1,-0.10540316104888914,0.0687219500541687,-0.19108259677886963,0,0,0,0,1.0,0,0,0,0,0,0,False,,,,,,,,,
1760670346.1687346,1,follower,auto,0.0727776512503624,0.9087087512016296,1.087477207183838,0.09999999999999998,1.0,1.0,0.02722234874963758,0.09129124879837036,-0.08747720718383789,0,0,0,0,1.0,0,0,0,0,0,0,False,,,,,,,,,
1760670346.1691685,0,follower,auto,1.005618929862976,0.9327267408370972,1.1791985034942627,0.9,1,1,-0.10561892986297605,0.06727325916290283,-0.1791985034942627,-17.039596481659117,-11.393287826749736,5.921323386203164,0,,,,,,,,True,-10.0,-17.0,0.0,optimal,0,-10.0,-17.0,6.20367353652391,4.850481356063412
1760670346.2695138,1,follower,auto,0.07978449761867523,0.9118094444274902,1.0906507968902588,0.09999999999999998,1.0,1.0,0.020215502381324746,0.08819055557250977,-0.09065079689025879,-8.975327463822115,2.1514683391501386,8.11442833120679,0,,,,,,,,True,2.0,-9.0,0.0,optimal,0,2.0,-9.0,2.114019175941957,2.1349683232279943
1760670346.3745239,0,leader,auto,1.005618929862976,0.9327267408370972,1.1791985034942627,0.9,1,1,-0.10561892986297605,0.06727325916290283,-0.1791985034942627,0,0,0,0,1.0,0,0,0,0,0,0,False,,,,,,,,,
1760670346.4747787,1,follower,auto,0.07978449761867523,0.9118094444274902,1.0906507968902588,0.09999999999999998,1.0,1.0,0.020215502381324746,0.08819055557250977,-0.09065079689025879,0,0,0,0,1.0,0,0,0,0,0,0,False,,,,,,,,,
1760670346.4753141,0,follower,auto,1.0009403228759766,0.933390200138092,1.1636097431182861,0.9,1,1,-0.10094032287597654,0.06660979986190796,-0.16360974311828613,-16.02307391272131,-11.360491497568207,5.974269487670337,0,,,,,,,,True,-10.0,-16.0,0.0,optimal,0,-10.0,-16.0,6.125021824608741,4.580851941803158
1760670346.5757492,1,follower,auto,0.08175312727689743,0.9215093851089478,1.0919785499572754,0.09999999999999998,1.0,1.0,0.018246872723102547,0.07849061489105225,-0.09197854995727539,-9.024929550849363,1.1593275560691916,7.096352258250281,0,,,,,,,,True,1.0,-9.0,0.0,optimal,0,1.0,-9.0,2.124734369165769,1.9690975653495828
1760670346.6769817,0,leader,auto,1.0009403228759766,0.933390200138092,1.1636097431182861,0.9,1,1,-0.10094032287597654,0.06660979986190796,-0.16360974311828613,0,0,0,0,1.0,0,0,0,0,0,0,False,,,,,,,,,
1760670346.7771876,1,follower,auto,0.08175312727689743,0.9215093851089478,1.0919785499572754,0.09999999999999998,1.0,1.0,0.018246872723102547,0.07849061489105225,-0.09197854995727539,0,0,0,0,1.0,0,0,0,0,0,0,False,,,,,,,,,
1760670346.7778516,0,follower,auto,0.9901160001754761,0.9359687566757202,1.1540882587432861,0.9,1,1,-0.09011600017547605,0.06403124332427979,-0.15408825874328613,-15.024528971630762,-10.313040785343025,5.973665850821517,0,,,,,,,,True,-9.0,-15.0,0.0,optimal,0,-9.0,-15.0,6.037503313790966,4.508185579505389
1760670346.8786259,1,follower,auto,0.08078951388597488,0.9278866052627563,1.0935287475585938,0.09999999999999998,1.0,1.0,0.019210486114025094,0.07211339473724365,-0.09352874755859375,-9.027486329544473,1.1622009344772983,7.0810000774041315,0,,,,,,,,True,1.0,-9.0,0.0,optimal,0,1.0,-9.0,2.1269351060192356,1.915974641153345
1760670346.9863267,0,leader,auto,0.9901160001754761,0.9359687566757202,1.1540882587432861,0.9,1,1,-0.09011600017547605,0.06403124332427979,-0.15408825874328613,0,0,0,0,1.0,0,0,0,0,0,0,False,,,,,,,,,
1760670347.0866525,1,follower,auto,0.08078951388597488,0.9278866052627563,1.0935287475585938,0.09999999999999998,1.0,1.0,0.019210486114025094,0.07211339473724365,-0.09352874755859375,0,0,0,0,1.0,0,0,0,0,0,0,False,,,,,,,,,
1760670347.087831,0,follower,auto,0.9761707186698914,0.9399833083152771,1.1478458642959595,0.9,1,1,-0.07617071866989134,0.0600166916847229,-0.14784586429595947,-14.036176935231218,-8.272713882804089,5.965965204675014,0,,,,,,,,True,-7.0,-14.0,0.0,optimal,0,-7.0,-14.0,5.9463865933346565,4.520316597387523
1760670347.1885574,1,follower,auto,0.07845821976661682,0.9295872449874878,1.0947762727737427,0.09999999999999998,1.0,1.0,0.021541780233383157,0.07041275501251221,-0.09477627277374268,-9.003431458851365,2.1558235451691297,7.0714130245678275,0,,,,,,,,True,2.0,-9.0,0.0,optimal,0,2.0,-9.0,2.1237969663056564,1.909054574053469
1760670347.293605,0,leader,auto,0.9761707186698914,0.9399833083152771,1.1478458642959595,0.9,1,1,-0.07617071866989134,0.0600166916847229,-0.14784586429595947,0,0,0,0,1.0,0,0,0,0,0,0,False,,,,,,,,,
1760670347.3938916,1,follower,auto,0.07845821976661682,0.9295872449874878,1.0947762727737427,0.09999999999999998,1.0,1.0,0.021541780233383157,0.07041275501251221,-0.09477627277374268,0,0,0,0,1.0,0,0,0,0,0,0,False,,,,,,,,,
1760670347.3949962,0,follower,auto,0.9632513523101807,0.9412084221839905,1.146850347518921,0.9,1,1,-0.06325135231018064,0.05879157781600952,-0.1468503475189209,-14.029377140222648,-7.250862905556015,4.939495603215401,0,,,,,,,,True,-6.0,-14.0,0.0,optimal,0,-6.0,-14.0,5.879093361284909,4.636209838915824
1760670347.4964466,1,follower,auto,0.07839754968881607,0.929170548915863,1.094612717628479,0.09999999999999998,1.0,1.0,0.021602450311183907,0.07082945108413696,-0.094612717628479,-8.985900732749899,2.1303119573030753,7.076585967631121,0,,,,,,,,True,2.0,-9.0,0.0,optimal,0,2.0,-9.0,2.123051087611838,1.923501430330405
1760670347.602902,0,leader,auto,0.9632513523101807,0.9412084221839905,1.146850347518921,0.9,1,1,-0.06325135231018064,0.05879157781600952,-0.1468503475189209,0,0,0,0,1.0,0,0,0,0,0,0,False,,,,,,,,,
1760670347.7033412,1,follower,auto,0.07839754968881607,0.929170548915863,1.094612717628479,0.09999999999999998,1.0,1.0,0.021602450311183907,0.07082945108413696,-0.094612717628479,0,0,0,0,1.0,0,0,0,0,0,0,False,,,,,,,,,
1760670347.7076578,0,follower,auto,0.9524170160293579,0.9362241625785828,1.1511918306350708,0.9,1,1,-0.05241701602935789,0.06377583742141724,-0.1511918306350708,-14.996478360181648,-6.240724224723593,5.90079895853153,0,,,,,,,,True,-5.0,-15.0,0.0,optimal,0,-5.0,-15.0,5.84102204819335,4.781391404654638
1760670347.808961,1,follower,auto,0.07964783161878586,0.9268800616264343,1.0936435461044312,0.09999999999999998,1.0,1.0,0.02035216838121412,0.07311993837356567,-0.09364354610443115,-8.977551064751804,2.1048119685212936,7.089861804035598,0,,,,,,,,True,2.0,-9.0,0.0,optimal,0,2.0,-9.0,2.1237157331991243,1.933099929898134
1760670348.002618,0,leader,auto,0.9524170160293579,0.9362241625785828,1.1511918306350708,0.9,1,1,-0.05241701602935789,0.06377583742141724,-0.1511918306350708,0,0,0,0,1.0,0,0,0,0,0,0,False,,,,,,,,,
1760670348.10315,1,follower,auto,0.07964783161878586,0.9268800616264343,1.0936435461044312,0.09999999999999998,1.0,1.0,0.02035216838121412,0.07311993837356567,-0.09364354610443115,0,0,0,0,1.0,0,0,0,0,0,0,False,,,,,,,,,
1760670348.1060746,0,follower,auto,0.9581596851348877,0.9281593561172485,1.1597174406051636,0.9,1,1,-0.05815968513488767,0.07184064388275146,-0.15971744060516357,-14.97203161754775,-6.32478047836638,6.860897040960643,0,,,,,,,,True,-5.0,-15.0,0.0,optimal,0,-5.0,-15.0,5.899154508392437,5.371577519211593
1760670348.2074015,1,follower,auto,0.07736626267433167,0.9207159280776978,1.0934295654296875,0.09999999999999998,1.0,1.0,0.022633737325668313,0.07928407192230225,-0.0934295654296875,-8.960415661889988,2.1294701808291725,7.101392344769029,0,,,,,,,,True,2.0,-9.0,0.0,optimal,0,2.0,-9.0,2.115788019694569,1.881520566899658
1760670348.3133893,0,leader,auto,0.9581596851348877,0.9281593561172485,1.1597174406051636,0.9,1,1,-0.05815968513488767,0.07184064388275146,-0.15971744060516357,0,0,0,0,1.0,0,0,0,0,0,0,False,,,,,,,,,
1760670348.4136193,1,follower,auto,0.07736626267433167,0.9207159280776978,1.0934295654296875,0.09999999999999998,1.0,1.0,0.022633737325668313,0.07928407192230225,-0.0934295654296875,0,0,0,0,1.0,0,0,0,0,0,0,False,,,,,,,,,
1760670348.414079,0,follower,auto,0.9688541293144226,0.9180021286010742,1.1695564985275269,0.9,1,1,-0.06885412931442259,0.08199787139892578,-0.16955649852752686,-15.945920647497678,-7.394703579481889,7.83464164632483,0,,,,,,,,True,-6.0,-16.0,0.0,optimal,0,-6.0,-16.0,5.9865709133138765,5.655381351254032
1760670348.5144699,1,follower,auto,0.06971425563097,0.9177880883216858,1.0948011875152588,0.09999999999999998,1.0,1.0,0.030285744369029977,0.08221191167831421,-0.09480118751525879,-8.978856253790461,3.1833322542487994,8.106960313360748,0,,,,,,,,True,3.0,-9.0,0.0,optimal,0,3.0,-9.0,2.096353909534222,1.8088539738044496
1760670348.6717987,0,leader,auto,0.9688541293144226,0.9180021286010742,1.1695564985275269,0.9,1,1,-0.06885412931442259,0.08199787139892578,-0.16955649852752686,0,0,0,0,1.0,0,0,0,0,0,0,False,,,,,,,,,
1760670348.7721353,1,follower,auto,0.06971425563097,0.9177880883216858,1.0948011875152588,0.09999999999999998,1.0,1.0,0.030285744369029977,0.08221191167831421,-0.09480118751525879,0,0,0,0,1.0,0,0,0,0,0,0,False,,,,,,,,,
1760670348.7731292,0,follower,auto,0.9747094511985779,0.9069719314575195,1.1800665855407715,0.9,1,1,-0.07470945119857786,0.09302806854248047,-0.18006658554077148,-17.92248744109741,-8.415265169750587,8.807590595179569,0,,,,,,,,True,-7.0,-18.0,0.0,optimal,0,-7.0,-18.0,6.052823916810347,5.399033781002542
1760670348.8739126,1,follower,auto,0.05679299309849739,0.916882336139679,1.0918669700622559,0.09999999999999998,1.0,1.0,0.04320700690150259,0.08311766386032104,-0.09186697006225586,-9.004814642121673,4.241530722903592,8.143071340573089,0,,,,,,,,True,4.0,-9.0,0.0,optimal,0,4.0,-9.0,2.0460182677482166,1.6391141469728803
1760670348.9768312,0,leader,auto,0.9747094511985779,0.9069719314575195,1.1800665855407715,0.9,1,1,-0.07470945119857786,0.09302806854248047,-0.18006658554077148,0,0,0,0,1.0,0,0,0,0,0,0,False,,,,,,,,,
1760670349.0771203,1,follower,auto,0.05679299309849739,0.916882336139679,1.0918669700622559,0.09999999999999998,1.0,1.0,0.04320700690150259,0.08311766386032104,-0.09186697006225586,0,0,0,0,1.0,0,0,0,0,0,0,False,,,,,,,,,
1760670349.0778651,0,follower,auto,0.9831617474555969,0.9055896401405334,1.1837466955184937,0.9,1,1,-0.0831617474555969,0.09441035985946655,-0.18374669551849365,-17.943007610259865,-9.442770528461317,8.818768033770851,0,,,,,,,,True,-8.0,-18.0,0.0,optimal,0,-8.0,-18.0,6.107844537799879,5.409781741418351
1760670349.1784792,1,follower,auto,0.052659254521131516,0.9271847605705261,1.0852516889572144,0.09999999999999998,1.0,1.0,0.04734074547886846,0.07281523942947388,-0.08525168895721436,-8.072647573784078,4.232512252152676,7.178758265689688,0,,,,,,,,True,4.0,-8.0,0.0,optimal,0,4.0,-8.0,2.0108240157832595,1.6792282313644833
1760670349.284389,0,leader,auto,0.9831617474555969,0.9055896401405334,1.1837466955184937,0.9,1,1,-0.0831617474555969,0.09441035985946655,-0.18374669551849365,0,0,0,0,1.0,0,0,0,0,0,0,False,,,,,,,,,
1760670349.3847528,1,follower,auto,0.052659254521131516,0.9271847605705261,1.0852516889572144,0.09999999999999998,1.0,1.0,0.04734074547886846,0.07281523942947388,-0.08525168895721436,0,0,0,0,1.0,0,0,0,0,0,0,False,,,,,,,,,
1760670349.385968,0,follower,auto,1.000359296798706,0.9099957942962646,1.1811957359313965,0.9,1,1,-0.10035929679870603,0.09000420570373535,-0.18119573593139648,-17.964221698647265,-11.50919307717406,8.845394292291441,0,,,,,,,,True,-10.0,-18.0,0.0,optimal,0,-10.0,-18.0,6.184454862787909,5.559359179314784
1760670349.486346,1,follower,auto,0.05178707465529442,0.9412652850151062,1.0776804685592651,0.09999999999999998,1.0,1.0,0.04821292534470556,0.0587347149848938,-0.07768046855926514,-7.118118906687225,4.237549042476926,5.196376753483914,0,,,,,,,,True,4.0,-7.0,0.0,optimal,0,4.0,-7.0,1.982654879652472,1.7266133272008393
1760670349.7755256,0,leader,auto,1.000359296798706,0.9099957942962646,1.1811957359313965,0.9,1,1,-0.10035929679870603,0.09000420570373535,-0.18119573593139648,0,0,0,0,1.0,0,0,0,0,0,0,False,,,,,,,,,
1760670349.8757808,1,follower,auto,0.05178707465529442,0.9412652850151062,1.0776804685592651,0.09999999999999998,1.0,1.0,0.04821292534470556,0.0587347149848938,-0.07768046855926514,0,0,0,0,1.0,0,0,0,0,0,0,False,,,,,,,,,
1760670349.8762753,0,follower,auto,1.0225722789764404,0.911465585231781,1.1724122762680054,0.9,1,1,-0.12257227897644041,0.088534414768219,-0.17241227626800537,-16.941151765765404,-13.564527516473005,7.886719613914621,0,,,,,,,,True,-12.0,-17.0,0.0,optimal,0,-12.0,-17.0,6.2648161797259245,5.444878376962222
1760670349.976818,1,follower,auto,0.05901723355054855,0.9570383429527283,1.0721648931503296,0.09999999999999998,1.0,1.0,0.040982766449451424,0.04296165704727173,-0.07216489315032959,-7.155970381102122,4.219373113557313,4.185867647121758,0,,,,,,,,True,4.0,-7.0,0.0,optimal,0,4.0,-7.0,1.9866701643920592,1.928027018910777
1760670350.082477,0,leader,auto,1.0225722789764404,0.911465585231781,1.1724122762680054,0.9,1,1,-0.12257227897644041,0.088534414768219,-0.17241227626800537,0,0,0,0,1.0,0,0,0,0,0,0,False,,,,,,,,,
1760670350.182794,1,follower,auto,0.05901723355054855,0.9570383429527283,1.0721648931503296,0.09999999999999998,1.0,1.0,0.040982766449451424,0.04296165704727173,-0.07216489315032959,0,0,0,0,1.0,0,0,0,0,0,0,False,,,,,,,,,
1760670350.1834805,0,follower,auto,1.024477243423462,0.9136077761650085,1.1702944040298462,0.9,1,1,-0.12447724342346189,0.08639222383499146,-0.1702944040298462,-16.95471316211869,-13.493037410425744,7.870985504879037,0,,,,,,,,True,-12.0,-17.0,0.0,optimal,0,-12.0,-17.0,6.266927629502309,5.1260281990330725
1760670350.2838664,1,follower,auto,0.05829185992479324,0.9516993165016174,1.0709365606307983,0.09999999999999998,1.0,1.0,0.041708140075206734,0.04830068349838257,-0.07093656063079834,-7.060996772766458,4.244536808101718,4.164844733414176,0,,,,,,,,True,4.0,-7.0,0.0,optimal,0,4.0,-7.0,1.980302510360553,1.862841048399904
1760670350.4066439,0,leader,auto,1.024477243423462,0.9136077761650085,1.1702944040298462,0.9,1,1,-0.12447724342346189,0.08639222383499146,-0.1702944040298462,0,0,0,0,1.0,0,0,0,0,0,0,False,,,,,,,,,
1760670350.5069351,1,follower,auto,0.05829185992479324,0.9516993165016174,1.0709365606307983,0.09999999999999998,1.0,1.0,0.041708140075206734,0.04830068349838257,-0.07093656063079834,0,0,0,0,1.0,0,0,0,0,0,0,False,,,,,,,,,
1760670350.5075707,0,follower,auto,1.0170319080352783,0.9214780330657959,1.1766667366027832,0.9,1,1,-0.1170319080352783,0.0785219669342041,-0.1766667366027832,-17.00857165942624,-12.422667135401845,6.8182720771114464,0,,,,,,,,True,-11.0,-17.0,0.0,optimal,0,-11.0,-17.0,6.251994319018497,5.040271911414232
1760670350.6080499,1,follower,auto,0.05649207904934883,0.940170407295227,1.0693528652191162,0.09999999999999998,1.0,1.0,0.04350792095065115,0.05982959270477295,-0.06935286521911621,-5.98077498135577,4.2469464430118755,5.172364718299247,0,,,,,,,,True,4.0,-6.0,0.0,optimal,0,4.0,-6.0,1.969406580758637,1.854411237716631
1760670350.712985,0,leader,auto,1.0170319080352783,0.9214780330657959,1.1766667366027832,0.9,1,1,-0.1170319080352783,0.0785219669342041,-0.1766667366027832,0,0,0,0,1.0,0,0,0,0,0,0,False,,,,,,,,,
1760670350.8132792,1,follower,auto,0.05649207904934883,0.940170407295227,1.0693528652191162,0.09999999999999998,1.0,1.0,0.04350792095065115,0.05982959270477295,-0.06935286521911621,0,0,0,0,1.0,0,0,0,0,0,0,False,,,,,,,,,
1760670350.8140004,0,follower,auto,1.005530595779419,0.9317847490310669,1.182264804840088,0.9,1,1,-0.10553059577941892,0.0682152509689331,-0.1822648048400879,-18.046939097315178,-11.368611718410039,5.801283062418713,0,,,,,,,,True,-10.0,-18.0,0.0,optimal,0,-10.0,-18.0,6.214151400958446,4.839076268546492
1760670350.9145453,1,follower,auto,0.057290587574243546,0.9366728663444519,1.0696128606796265,0.09999999999999998,1.0,1.0,0.04270941242575643,0.0633271336555481,-0.06961286067962646,-5.978463429980309,4.2208472863630995,6.171304108673673,0,,,,,,,,True,4.0,-6.0,0.0,optimal,0,4.0,-6.0,1.9727610786941394,1.9466957925397406
1760670351.0204854,0,leader,auto,1.005530595779419,0.9317847490310669,1.182264804840088,0.9,1,1,-0.10553059577941892,0.0682152509689331,-0.1822648048400879,0,0,0,0,1.0,0,0,0,0,0,0,False,,,,,,,,,
1760670351.1207302,1,follower,auto,0.057290587574243546,0.9366728663444519,1.0696128606796265,0.09999999999999998,1.0,1.0,0.04270941242575643,0.0633271336555481,-0.06961286067962646,0,0,0,0,1.0,0,0,0,0,0,0,False,,,,,,,,,
1760670351.1211796,0,follower,auto,0.9952629804611206,0.9378455281257629,1.1851842403411865,0.9,1,1,-0.09526298046112058,0.06215447187423706,-0.18518424034118652,-18.038931957623394,-10.34452117705905,5.8077650430561345,0,,,,,,,,True,-9.0,-18.0,0.0,optimal,0,-9.0,-18.0,6.1732201136222535,4.812306073491312
1760670351.2215867,1,follower,auto,0.059416547417640686,0.9397153258323669,1.0711498260498047,0.09999999999999998,1.0,1.0,0.04058345258235929,0.06028467416763306,-0.07114982604980469,-7.0069224026122185,4.194386800439553,6.165294224612219,0,,,,,,,,True,4.0,-7.0,0.0,optimal,0,4.0,-7.0,1.9845217094662475,1.9851385663003054
1760670351.326543,0,leader,auto,0.9952629804611206,0.9378455281257629,1.1851842403411865,0.9,1,1,-0.09526298046112058,0.06215447187423706,-0.18518424034118652,0,0,0,0,1.0,0,0,0,0,0,0,False,,,,,,,,,
1760670351.4267895,1,follower,auto,0.059416547417640686,0.9397153258323669,1.0711498260498047,0.09999999999999998,1.0,1.0,0.04058345258235929,0.06028467416763306,-0.07114982604980469,0,0,0,0,1.0,0,0,0,0,0,0,False,,,,,,,,,
1760670351.4274263,0,follower,auto,0.9889717698097229,0.9423894882202148,1.186122179031372,0.9,1,1,-0.08897176980972288,0.057610511779785156,-0.18612217903137207,-18.0267566417876,-9.349206922500025,4.824587975822724,0,,,,,,,,True,-8.0,-18.0,0.0,optimal,0,-8.0,-18.0,6.145212909337522,4.899805344969963
1760670351.5277946,1,follower,auto,0.060035403817892075,0.9456221461296082,1.076043725013733,0.09999999999999998,1.0,1.0,0.0399645961821079,0.054377853870391846,-0.07604372501373291,-7.030892943928197,3.18799049736899,5.142836086330504,0,,,,,,,,True,3.0,-7.0,0.0,optimal,0,3.0,-7.0,2.0028330293231633,2.0170491443169993
1760670351.686258,0,leader,auto,0.9889717698097229,0.9423894882202148,1.186122179031372,0.9,1,1,-0.08897176980972288,0.057610511779785156,-0.18612217903137207,0,0,0,0,1.0,0,0,0,0,0,0,False,,,,,,,,,
1760670351.7869036,1,follower,auto,0.060035403817892075,0.9456221461296082,1.076043725013733,0.09999999999999998,1.0,1.0,0.0399645961821079,0.054377853870391846,-0.07604372501373291,0,0,0,0,1.0,0,0,0,0,0,0,False,,,,,,,,,
1760670351.7881093,0,follower,auto,0.9847214818000793,0.9456043243408203,1.1834218502044678,0.9,1,1,-0.08472148180007932,0.05439567565917969,-0.18342185020446777,-18.023118736601564,-9.362389504514244,4.845266680384528,0,,,,,,,,True,-8.0,-18.0,0.0,optimal,0,-8.0,-18.0,6.114434337905509,4.882383020375421
1760670351.888744,1,follower,auto,0.055721480399370193,0.9455145001411438,1.0747642517089844,0.09999999999999998,1.0,1.0,0.044278519600629784,0.0544854998588562,-0.07476425170898438,-7.007226337668167,4.209994264973229,5.161675707214383,0,,,,,,,,True,4.0,-7.0,0.0,optimal,0,4.0,-7.0,1.985104623378362,1.8118094940247325
1760670351.9986887,0,leader,auto,0.9847214818000793,0.9456043243408203,1.1834218502044678,0.9,1,1,-0.08472148180007932,0.05439567565917969,-0.18342185020446777,0,0,0,0,1.0,0,0,0,0,0,0,False,,,,,,,,,
1760670352.0991945,1,follower,auto,0.055721480399370193,0.9455145001411438,1.0747642517089844,0.09999999999999998,1.0,1.0,0.044278519600629784,0.0544854998588562,-0.07476425170898438,0,0,0,0,1.0,0,0,0,0,0,0,False,,,,,,,,,
1760670352.1007264,0,follower,auto,0.9843602776527405,0.9440450072288513,1.1802116632461548,0.9,1,1,-0.08436027765274046,0.05595499277114868,-0.18021166324615479,-18.011648897009103,-9.391578265719744,4.850390058894411,0,,,,,,,,True,-8.0,-18.0,0.0,optimal,0,-8.0,-18.0,6.101199555136443,4.955431884863087
1760670352.2017756,1,follower,auto,0.0494079627096653,0.9365097880363464,1.0698325634002686,0.09999999999999998,1.0,1.0,0.05059203729033468,0.06349021196365356,-0.06983256340026855,-5.953085702561398,5.233893525573023,6.185888533506783,0,,,,,,,,True,5.0,-6.0,0.0,optimal,0,5.0,-6.0,1.949005824700027,1.7029045732837274
1760670352.322316,0,leader,auto,0.9843602776527405,0.9440450072288513,1.1802116632461548,0.9,1,1,-0.08436027765274046,0.05595499277114868,-0.18021166324615479,0,0,0,0,1.0,0,0,0,0,0,0,False,,,,,,,,,
1760670352.4226162,1,follower,auto,0.0494079627096653,0.9365097880363464,1.0698325634002686,0.09999999999999998,1.0,1.0,0.05059203729033468,0.06349021196365356,-0.06983256340026855,0,0,0,0,1.0,0,0,0,0,0,0,False,,,,,,,,,
1760670352.4232588,0,follower,auto,0.9846073985099792,0.9341087341308594,1.1740756034851074,0.9,1,1,-0.08460739850997923,0.06589126586914062,-0.17407560348510742,-16.98292200078875,-9.402939336916248,5.875798464459018,0,,,,,,,,True,-8.0,-17.0,0.0,optimal,0,-8.0,-17.0,6.080618171611574,4.938358996682885
1760670352.523549,1,follower,auto,0.04783640429377556,0.9177417159080505,1.070901870727539,0.09999999999999998,1.0,1.0,0.05216359570622442,0.08225828409194946,-0.07090187072753906,-6.885940129131991,5.221196552618565,8.156365473483202,0,,,,,,,,True,5.0,-7.0,0.0,optimal,0,5.0,-7.0,1.947710596057874,1.8951168217875578
1760670352.680133,0,leader,auto,0.9846073985099792,0.9341087341308594,1.1740756034851074,0.9,1,1,-0.08460739850997923,0.06589126586914062,-0.17407560348510742,0,0,0,0,1.0,0,0,0,0,0,0,False,,,,,,,,,
1760670352.7804186,1,follower,auto,0.04783640429377556,0.9177417159080505,1.070901870727539,0.09999999999999998,1.0,1.0,0.05216359570622442,0.08225828409194946,-0.07090187072753906,0,0,0,0,1.0,0,0,0,0,0,0,False,,,,,,,,,
1760670352.7808902,0,follower,auto,0.9714934825897217,0.9231905341148376,1.168300986289978,0.9,1,1,-0.07149348258972166,0.07680946588516235,-0.16830098628997803,-15.987752250761718,-8.323200731141997,6.886448931885313,0,,,,,,,,True,-7.0,-16.0,0.0,optimal,0,-7.0,-16.0,5.995168412597581,4.587088898139014
1760670352.8812623,1,follower,auto,0.05219726637005806,0.8924590349197388,1.0703195333480835,0.09999999999999998,1.0,1.0,0.04780273362994192,0.10754096508026123,-0.0703195333480835,-6.8208626879963035,4.165440721997387,10.14989945871061,0,,,,,,,,True,4.0,-7.0,0.0,optimal,0,4.0,-7.0,1.9592836972108403,1.9491021207993153
1760670352.9880602,0,leader,auto,0.9714934825897217,0.9231905341148376,1.168300986289978,0.9,1,1,-0.07149348258972166,0.07680946588516235,-0.16830098628997803,0,0,0,0,1.0,0,0,0,0,0,0,False,,,,,,,,,
1760670353.0885537,1,follower,auto,0.05219726637005806,0.8924590349197388,1.0703195333480835,0.09999999999999998,1.0,1.0,0.04780273362994192,0.10754096508026123,-0.0703195333480835,0,0,0,0,1.0,0,0,0,0,0,0,False,,,,,,,,,
1760670353.0893753,0,follower,auto,0.9569538235664368,0.9171116352081299,1.1626652479171753,0.9,1,1,-0.056953823566436745,0.08288836479187012,-0.1626652479171753,-16.035167342999856,-6.267493480604479,7.9028023100473135,0,,,,,,,,True,-5.0,-16.0,0.0,optimal,0,-5.0,-16.0,5.903610867352651,4.4500816619260135
1760670353.1898947,1,follower,auto,0.06009840592741966,0.8649768233299255,1.0754024982452393,0.09999999999999998,1.0,1.0,0.039901594072580315,0.13502317667007446,-0.07540249824523926,-6.766460474542163,3.1080472596179742,13.11042385572918,0,,,,,,,,True,3.0,-7.0,0.0,optimal,0,3.0,-7.0,2.000880567303665,2.1668282996390182
1760670353.2940998,0,leader,auto,0.9569538235664368,0.9171116352081299,1.1626652479171753,0.9,1,1,-0.056953823566436745,0.08288836479187012,-0.1626652479171753,0,0,0,0,1.0,0,0,0,0,0,0,False,,,,,,,,,
1760670353.3944294,1,follower,auto,0.06009840592741966,0.8649768233299255,1.0754024982452393,0.09999999999999998,1.0,1.0,0.039901594072580315,0.13502317667007446,-0.07540249824523926,0,0,0,0,1.0,0,0,0,0,0,0,False,,,,,,,,,
1760670353.3953426,0,follower,auto,0.9477965831756592,0.9018869400024414,1.1611121892929077,0.9,1,1,-0.04779658317565916,0.0981130599975586,-0.16111218929290771,-16.026670413189912,-5.25204135359424,8.900361234443714,0,,,,,,,,True,-4.0,-16.0,0.0,optimal,0,-4.0,-16.0,5.853224255882489,4.694546004849542
1760670353.4961276,1,follower,auto,0.07190414518117905,0.8328705430030823,1.0835984945297241,0.09999999999999998,1.0,1.0,0.02809585481882093,0.16712945699691772,-0.08359849452972412,-7.715027834836061,2.0530837920737652,16.07570627711632,0,,,,,,,,True,2.0,-8.0,0.0,optimal,0,2.0,-8.0,2.0653865324205274,2.3269554261274656
1760670353.601362,0,leader,auto,0.9477965831756592,0.9018869400024414,1.1611121892929077,0.9,1,1,-0.04779658317565916,0.0981130599975586,-0.16111218929290771,0,0,0,0,1.0,0,0,0,0,0,0,False,,,,,,,,,
1760670353.7019103,1,follower,auto,0.07190414518117905,0.8328705430030823,1.0835984945297241,0.09999999999999998,1.0,1.0,0.02809585481882093,0.16712945699691772,-0.08359849452972412,0,0,0,0,1.0,0,0,0,0,0,0,False,,,,,,,,,
1760670353.7032926,0,follower,auto,0.9474053978919983,0.8860000371932983,1.1669297218322754,0.9,1,1,-0.04740539789199827,0.11399996280670166,-0.1669297218322754,-16.050531544379528,-5.273748517799668,10.867796902208724,0,,,,,,,,True,-4.0,-16.0,0.0,optimal,0,-4.0,-16.0,5.871833823525172,5.161676978424747
1760670353.8039694,1,follower,auto,0.08478493988513947,0.792458176612854,1.09175705909729,0.09999999999999998,1.0,1.0,0.015215060114860512,0.207541823387146,-0.09175705909729004,-8.635520999390904,1.0216048897782681,20,0,,,,,,,,True,1.0,-9.0,0.0,optimal,0,1.0,-9.0,2.1335852526922565,2.356559175124766
1760670353.9059808,0,leader,auto,0.9474053978919983,0.8860000371932983,1.1669297218322754,0.9,1,1,-0.04740539789199827,0.11399996280670166,-0.1669297218322754,0,0,0,0,1.0,0,0,0,0,0,0,False,,,,,,,,,
1760670354.0063887,1,follower,auto,0.08478493988513947,0.792458176612854,1.09175705909729,0.09999999999999998,1.0,1.0,0.015215060114860512,0.207541823387146,-0.09175705909729004,0,0,0,0,1.0,0,0,0,0,0,0,False,,,,,,,,,
1760670354.0069685,0,follower,auto,0.9513237476348877,0.8778913021087646,1.1701929569244385,0.9,1,1,-0.05132374763488767,0.12210869789123535,-0.17019295692443848,-17.12833641710643,-6.296230207612602,11.867249788149952,0,,,,,,,,True,-5.0,-17.0,0.0,optimal,0,-5.0,-17.0,5.902571220463637,5.196035023643054
1760670354.10738,1,follower,auto,0.09410522133111954,0.7516729831695557,1.0947186946868896,0.09999999999999998,1.0,1.0,0.0058947786688804404,0.24832701683044434,-0.09471869468688965,-8.572124846207805,0.024984868212929872,20,0,,,,,,,,True,0.0,-9.0,0.0,optimal,0,0.0,-9.0,2.1732429107963727,2.1790431340537193
1760670354.2125165,0,leader,auto,0.9513237476348877,0.8778913021087646,1.1701929569244385,0.9,1,1,-0.05132374763488767,0.12210869789123535,-0.17019295692443848,0,0,0,0,1.0,0,0,0,0,0,0,False,,,,,,,,,
1760670354.3127756,1,follower,auto,0.09410522133111954,0.7516729831695557,1.0947186946868896,0.09999999999999998,1.0,1.0,0.0058947786688804404,0.24832701683044434,-0.09471869468688965,0,0,0,0,1.0,0,0,0,0,0,0,False,,,,,,,,,
1760670354.3132155,0,follower,auto,0.9544584155082703,0.8783456683158875,1.1739829778671265,0.9,1,1,-0.05445841550827024,0.12165433168411255,-0.17398297786712646,-17.211221399136676,-6.2989992259384655,11.855594677121866,0,,,,,,,,True,-5.0,-17.0,0.0,optimal,0,-5.0,-17.0,5.931381719221687,5.209449631008869
1760670354.413571,1,follower,auto,0.09931648522615433,0.7266054153442383,1.092232584953308,0.09999999999999998,1.0,1.0,0.0006835147738456504,0.2733945846557617,-0.0922325849533081,-8.595541533061178,0.042572710691211074,20,0,,,,,,,,True,0.0,-9.0,0.0,optimal,0,0.0,-9.0,2.1814643414938946,1.9769965573859292
1760670354.5200393,0,leader,auto,0.9544584155082703,0.8783456683158875,1.1739829778671265,0.9,1,1,-0.05445841550827024,0.12165433168411255,-0.17398297786712646,0,0,0,0,1.0,0,0,0,0,0,0,False,,,,,,,,,
1760670354.6204967,1,follower,auto,0.09931648522615433,0.7266054153442383,1.092232584953308,0.09999999999999998,1.0,1.0,0.0006835147738456504,0.2733945846557617,-0.0922325849533081,0,0,0,0,1.0,0,0,0,0,0,0,False,,,,,,,,,
1760670354.6218941,0,follower,auto,0.9578114748001099,0.8822442889213562,1.1787065267562866,0.9,1,1,-0.05781147480010984,0.1177557110786438,-0.17870652675628662,-17.25713900692114,-6.306294629601879,10.831397855994531,0,,,,,,,,True,-5.0,-17.0,0.0,optimal,0,-5.0,-17.0,5.964634153984504,5.269186201458718
1760670354.722613,1,follower,auto,0.09959422051906586,0.7184566259384155,1.083886981010437,0.09999999999999998,1.0,1.0,0.00040577948093412086,0.2815433740615845,-0.08388698101043701,-7.667039163776729,0.07411733777174873,20,0,,,,,,,,True,0.0,-8.0,0.0,optimal,0,0.0,-8.0,2.154177035134442,1.7490662486203261
1760670354.823917,0,leader,auto,0.9578114748001099,0.8822442889213562,1.1787065267562866,0.9,1,1,-0.05781147480010984,0.1177557110786438,-0.17870652675628662,0,0,0,0,1.0,0,0,0,0,0,0,False,,,,,,,,,
1760670354.9241595,1,follower,auto,0.09959422051906586,0.7184566259384155,1.083886981010437,0.09999999999999998,1.0,1.0,0.00040577948093412086,0.2815433740615845,-0.08388698101043701,0,0,0,0,1.0,0,0,0,0,0,0,False,,,,,,,,,
1760670354.9246285,0,follower,auto,0.9656550884246826,0.8824500441551208,1.1868085861206055,0.9,1,1,-0.0656550884246826,0.11754995584487915,-0.18680858612060547,-18.237269070645716,-7.335046023764683,10.793758465265462,0,,,,,,,,True,-6.0,-18.0,0.0,optimal,0,-6.0,-18.0,6.0321399385088466,5.489159570249621
1760670355.0250087,1,follower,auto,0.10138027369976044,0.7271382808685303,1.0772745609283447,0.09999999999999998,1.0,1.0,-0.0013802736997604592,0.2728617191314697,-0.07727456092834473,-6.777311503251938,0.08494823563352084,20,0,,,,,,,,True,0.0,-7.0,0.0,optimal,0,0.0,-7.0,2.1376687337320917,1.8280935831910403
1760670355.1298652,0,leader,auto,0.9656550884246826,0.8824500441551208,1.1868085861206055,0.9,1,1,-0.0656550884246826,0.11754995584487915,-0.18680858612060547,0,0,0,0,1.0,0,0,0,0,0,0,False,,,,,,,,,
1760670355.2301545,1,follower,auto,0.10138027369976044,0.7271382808685303,1.0772745609283447,0.09999999999999998,1.0,1.0,-0.0013802736997604592,0.2728617191314697,-0.07727456092834473,0,0,0,0,1.0,0,0,0,0,0,0,False,,,,,,,,,
1760670355.2307844,0,follower,auto,0.9747069478034973,0.8928900361061096,1.1955019235610962,0.9,1,1,-0.07470694780349729,0.10710996389389038,-0.1955019235610962,-19.279591893226073,-8.358457977515004,9.766415629808673,0,,,,,,,,True,-7.0,-19.0,0.0,optimal,0,-7.0,-19.0,6.108001635018498,5.535491049605165
1760670355.3312285,1,follower,auto,0.10214026272296906,0.7365877032279968,1.072508454322815,0.09999999999999998,1.0,1.0,-0.0021402627229690774,0.2634122967720032,-0.07250845432281494,-6.808317819047137,0.10221887778715746,20,0,,,,,,,,True,0.0,-7.0,0.0,optimal,0,0.0,-7.0,2.124137951219316,1.834531387304187
1760670355.4361513,0,leader,auto,0.9747069478034973,0.8928900361061096,1.1955019235610962,0.9,1,1,-0.07470694780349729,0.10710996389389038,-0.1955019235610962,0,0,0,0,1.0,0,0,0,0,0,0,False,,,,,,,,,
1760670355.5365167,1,follower,auto,0.10214026272296906,0.7365877032279968,1.072508454322815,0.09999999999999998,1.0,1.0,-0.0021402627229690774,0.2634122967720032,-0.07250845432281494,0,0,0,0,1.0,0,0,0,0,0,0,False,,,,,,,,,
1760670355.5372522,0,follower,auto,0.9882829785346985,0.8990715146064758,1.20333993434906,0.9,1,1,-0.08828297853469846,0.10092848539352417,-0.20333993434906006,-20,-9.39788537992285,9.749403653748205,0,,,,,,,,True,-8.0,-20.0,0.0,optimal,0,-8.0,-20.0,6.203587100083583,5.678673736789861
1760670355.637734,1,follower,auto,0.10429386794567108,0.7398512959480286,1.0680409669876099,0.09999999999999998,1.0,1.0,-0.004293867945671104,0.26014870405197144,-0.06804096698760986,-5.7877081569457545,0.11494917899810211,20,0,,,,,,,,True,0.0,-6.0,0.0,optimal,0,0.0,-6.0,2.1161194822770426,1.8912108050863816
1760670355.7425303,0,leader,auto,0.9882829785346985,0.8990715146064758,1.20333993434906,0.9,1,1,-0.08828297853469846,0.10092848539352417,-0.20333993434906006,0,0,0,0,1.0,0,0,0,0,0,0,False,,,,,,,,,
1760670355.8427796,1,follower,auto,0.10429386794567108,0.7398512959480286,1.0680409669876099,0.09999999999999998,1.0,1.0,-0.004293867945671104,0.26014870405197144,-0.06804096698760986,0,0,0,0,1.0,0,0,0,0,0,0,False,,,,,,,,,
1760670355.8431728,0,follower,auto,0.9978221654891968,0.9084717631340027,1.2067230939865112,0.9,1,1,-0.09782216548919676,0.09152823686599731,-0.20672309398651123,-20,-10.39894537634625,8.756775873365214,0,,,,,,,,True,-9.0,-20.0,0.0,optimal,0,-9.0,-20.0,6.263363908753332,5.465047528217633
1760670355.9434972,1,follower,auto,0.10628198087215424,0.7531933188438416,1.063576102256775,0.09999999999999998,1.0,1.0,-0.006281980872154258,0.24680668115615845,-0.0635761022567749,-5.8310803752072005,0.12564985656870287,20,0,,,,,,,,True,0.0,-6.0,0.0,optimal,0,0.0,-6.0,2.1076272500744153,1.8792906701079861
1760670356.048279,0,leader,auto,0.9978221654891968,0.9084717631340027,1.2067230939865112,0.9,1,1,-0.09782216548919676,0.09152823686599731,-0.20672309398651123,0,0,0,0,1.0,0,0,0,0,0,0,False,,,,,,,,,
1760670356.1487174,1,follower,auto,0.10628198087215424,0.7531933188438416,1.063576102256775,0.09999999999999998,1.0,1.0,-0.006281980872154258,0.24680668115615845,-0.0635761022567749,0,0,0,0,1.0,0,0,0,0,0,0,False,,,,,,,,,
1760670356.1493483,0,follower,auto,0.9977903962135315,0.9132183790206909,1.20993971824646,0.9,1,1,-0.09779039621353147,0.08678162097930908,-0.20993971824645996,-20,-10.351525486281437,7.752615290123884,0,,,,,,,,True,-9.0,-20.0,0.0,optimal,0,-9.0,-20.0,6.274838647102625,5.157686875683089
1760670356.2497485,1,follower,auto,0.10901147127151489,0.7752608060836792,1.0597238540649414,0.09999999999999998,1.0,1.0,-0.009011471271514915,0.2247391939163208,-0.059723854064941406,-4.9049464994945335,0.11820640162865186,20,0,,,,,,,,True,0.0,-5.0,0.0,optimal,0,0.0,-5.0,2.103601186435508,1.9331146613071244
1760670356.407871,0,leader,auto,0.9977903962135315,0.9132183790206909,1.20993971824646,0.9,1,1,-0.09779039621353147,0.08678162097930908,-0.20993971824645996,0,0,0,0,1.0,0,0,0,0,0,0,False,,,,,,,,,
1760670356.5081172,1,follower,auto,0.10901147127151489,0.7752608060836792,1.0597238540649414,0.09999999999999998,1.0,1.0,-0.009011471271514915,0.2247391939163208,-0.059723854064941406,0,0,0,0,1.0,0,0,0,0,0,0,False,,,,,,,,,
1760670356.5087025,0,follower,auto,0.983884871006012,0.916292130947113,1.2112542390823364,0.9,1,1,-0.08388487100601194,0.08370786905288696,-0.21125423908233643,-20,-9.254942043355381,7.759272693764765,0,,,,,,,,True,-8.0,-21.0,0.0,optimal,0,-8.0,-21.0,6.210325971006286,4.655672024068084
1760670356.6091452,1,follower,auto,0.11199279129505157,0.8163539171218872,1.0588622093200684,0.09999999999999998,1.0,1.0,-0.011992791295051597,0.1836460828781128,-0.05886220932006836,-5.05624860329265,-0.9091720202677254,18.239510852593845,0,,,,,,,,True,-1.0,-5.0,0.0,optimal,0,-1.0,-5.0,2.11034458869747,1.973136425782121
1760670356.711569,0,leader,auto,0.983884871006012,0.916292130947113,1.2112542390823364,0.9,1,1,-0.08388487100601194,0.08370786905288696,-0.21125423908233643,0,0,0,0,1.0,0,0,0,0,0,0,False,,,,,,,,,
1760670356.811862,1,follower,auto,0.11199279129505157,0.8163539171218872,1.0588622093200684,0.09999999999999998,1.0,1.0,-0.011992791295051597,0.1836460828781128,-0.05886220932006836,0,0,0,0,1.0,0,0,0,0,0,0,False,,,,,,,,,
1760670356.8123758,0,follower,auto,0.9648029208183289,0.9161950349807739,1.2087267637252808,0.9,1,1,-0.06480292081832884,0.08380496501922607,-0.20872676372528076,-20,-7.177670627454304,7.784598642340779,0,,,,,,,,True,-6.0,-20.0,0.0,optimal,0,-6.0,-20.0,6.106745944290692,4.352384506373936
1760670356.9127553,1,follower,auto,0.11568049341440201,0.8566817045211792,1.0604767799377441,0.09999999999999998,1.0,1.0,-0.01568049341440203,0.1433182954788208,-0.06047677993774414,-6.141953488596781,-0.9469077497456313,14.2188706214722,0,,,,,,,,True,-1.0,-6.0,0.0,optimal,0,-1.0,-6.0,2.1276065935122253,2.037386558587877
1760670357.0186841,0,leader,auto,0.9648029208183289,0.9161950349807739,1.2087267637252808,0.9,1,1,-0.06480292081832884,0.08380496501922607,-0.20872676372528076,0,0,0,0,1.0,0,0,0,0,0,0,False,,,,,,,,,
1760670357.1191661,1,follower,auto,0.11568049341440201,0.8566817045211792,1.0604767799377441,0.09999999999999998,1.0,1.0,-0.01568049341440203,0.1433182954788208,-0.06047677993774414,0,0,0,0,1.0,0,0,0,0,0,0,False,,,,,,,,,
1760670357.120025,0,follower,auto,0.9423178434371948,0.9146696329116821,1.2015414237976074,0.9,1,1,-0.0423178434371948,0.08533036708831787,-0.20154142379760742,-20,-5.109467500707323,7.8246845226739286,0,,,,,,,,True,-4.0,-20.0,0.0,optimal,0,-4.0,-20.0,5.97046795003042,4.090854166151264
1760670357.22044,1,follower,auto,0.12051202356815338,0.8928292393684387,1.0631507635116577,0.09999999999999998,1.0,1.0,-0.020512023568153404,0.10717076063156128,-0.06315076351165771,-6.188426101329477,-1.9937611140976501,10.195303953155756,0,,,,,,,,True,-2.0,-6.0,0.0,optimal,0,-2.0,-6.0,2.152129680698362,2.07750923392336
1760670357.3326502,0,leader,auto,0.9423178434371948,0.9146696329116821,1.2015414237976074,0.9,1,1,-0.0423178434371948,0.08533036708831787,-0.20154142379760742,0,0,0,0,1.0,0,0,0,0,0,0,False,,,,,,,,,
1760670357.432946,1,follower,auto,0.12051202356815338,0.8928292393684387,1.0631507635116577,0.09999999999999998,1.0,1.0,-0.020512023568153404,0.10717076063156128,-0.06315076351165771,0,0,0,0,1.0,0,0,0,0,0,0,False,,,,,,,,,
1760670357.4336476,0,follower,auto,0.9216018319129944,0.91335129737854,1.1931401491165161,0.9,1,1,-0.021601831912994363,0.08664870262145996,-0.1931401491165161,-18.975471083371485,-3.0738878098907514,7.85116653505726,0,,,,,,,,True,-2.0,-19.0,0.0,optimal,0,-2.0,-19.0,5.839507026697971,4.125069204964912
1760670357.5340354,1,follower,auto,0.12302354723215103,0.9251299500465393,1.063940167427063,0.09999999999999998,1.0,1.0,-0.023023547232151054,0.0748700499534607,-0.06394016742706299,-6.219686971343324,-2.0206219255378888,7.186799864907527,0,,,,,,,,True,-2.0,-6.0,0.0,optimal,0,-2.0,-6.0,2.162902315647237,1.9965944335377612
1760670357.6529982,0,leader,auto,0.9216018319129944,0.91335129737854,1.1931401491165161,0.9,1,1,-0.021601831912994363,0.08664870262145996,-0.1931401491165161,0,0,0,0,1.0,0,0,0,0,0,0,False,,,,,,,,,
1760670357.7534423,1,follower,auto,0.12302354723215103,0.9251299500465393,1.063940167427063,0.09999999999999998,1.0,1.0,-0.023023547232151054,0.0748700499534607,-0.06394016742706299,0,0,0,0,1.0,0,0,0,0,0,0,False,,,,,,,,,
1760670357.7549138,0,follower,auto,0.9078714847564697,0.9136459231376648,1.1831737756729126,0.9,1,1,-0.007871484756469704,0.0863540768623352,-0.1831737756729126,-17.947358689918712,-1.0816873166049255,7.87609937448431,0,,,,,,,,True,0.0,-18.0,0.0,optimal,0,0.0,-18.0,5.737553801350916,4.329170847609427
1760670357.8560383,1,follower,auto,0.12350571155548096,0.9481928944587708,1.0636742115020752,0.09999999999999998,1.0,1.0,-0.02350571155548098,0.05180710554122925,-0.0636742115020752,-6.209290521215428,-2.031023236124249,5.178266328853209,0,,,,,,,,True,-2.0,-6.0,0.0,optimal,0,-2.0,-6.0,2.1635826774703197,1.9325895779431104
1760670357.9587162,0,leader,auto,0.9078714847564697,0.9136459231376648,1.1831737756729126,0.9,1,1,-0.007871484756469704,0.0863540768623352,-0.1831737756729126,0,0,0,0,1.0,0,0,0,0,0,0,False,,,,,,,,,
1760670358.0589736,1,follower,auto,0.12350571155548096,0.9481928944587708,1.0636742115020752,0.09999999999999998,1.0,1.0,-0.02350571155548098,0.05180710554122925,-0.0636742115020752,0,0,0,0,1.0,0,0,0,0,0,0,False,,,,,,,,,
1760670358.0595272,0,follower,auto,0.8991613388061523,0.9131211638450623,1.1765674352645874,0.9,1,1,0.0008386611938476785,0.08687883615493774,-0.1765674352645874,-16.924161923591672,-1.1001379274751166,7.876306559619692,0,,,,,,,,True,0.0,-17.0,0.0,optimal,0,0.0,-17.0,5.6721669816647236,4.512733367108193
1760670358.1599445,1,follower,auto,0.12237537652254105,0.9620463848114014,1.0645376443862915,0.09999999999999998,1.0,1.0,-0.02237537652254107,0.03795361518859863,-0.0645376443862915,-6.178813510200688,-2.0323452182139548,3.164123362982821,0,,,,,,,,True,-2.0,-6.0,0.0,optimal,0,-2.0,-6.0,2.1627874319257216,1.922476546179209
1760670358.2659247,0,leader,auto,0.8991613388061523,0.9131211638450623,1.1765674352645874,0.9,1,1,0.0008386611938476785,0.08687883615493774,-0.1765674352645874,0,0,0,0,1.0,0,0,0,0,0,0,False,,,,,,,,,
1760670358.366244,1,follower,auto,0.12237537652254105,0.9620463848114014,1.0645376443862915,0.09999999999999998,1.0,1.0,-0.02237537652254107,0.03795361518859863,-0.0645376443862915,0,0,0,0,1.0,0,0,0,0,0,0,False,,,,,,,,,
1760670358.3669314,0,follower,auto,0.8995463848114014,0.9144724607467651,1.1756943464279175,0.9,1,1,0.000453615188598655,0.08552753925323486,-0.17569434642791748,-16.921017897923104,-1.1500941163577265,7.854063196771558,0,,,,,,,,True,0.0,-17.0,0.0,optimal,0,0.0,-17.0,5.6709132647975355,4.928520049734212
1760670358.4673116,1,follower,auto,0.1208868995308876,0.970420777797699,1.06708824634552,0.09999999999999998,1.0,1.0,-0.020886899530887626,0.029579222202301025,-0.06708824634552002,-6.150722629744204,-2.0250164172060963,2.1510202248944497,0,,,,,,,,True,-2.0,-6.0,0.0,optimal,0,-2.0,-6.0,2.1664575621742355,1.9555076457267244
1760670358.6215663,0,leader,auto,0.8995463848114014,0.9144724607467651,1.1756943464279175,0.9,1,1,0.000453615188598655,0.08552753925323486,-0.17569434642791748,0,0,0,0,1.0,0,0,0,0,0,0,False,,,,,,,,,
1760670358.7217975,1,follower,auto,0.1208868995308876,0.970420777797699,1.06708824634552,0.09999999999999998,1.0,1.0,-0.020886899530887626,0.029579222202301025,-0.06708824634552002,0,0,0,0,1.0,0,0,0,0,0,0,False,,,,,,,,,
1760670358.7222452,0,follower,auto,0.9098763465881348,0.9165898561477661,1.1796875,0.9,1,1,-0.009876346588134743,0.08341014385223389,-0.1796875,-16.91976273143271,-1.220266688131619,7.823761929211979,0,,,,,,,,True,0.0,-17.0,0.0,optimal,0,0.0,-17.0,5.734791603501225,5.359493914038845
1760670358.8225749,1,follower,auto,0.12171009182929993,0.9769981503486633,1.0699818134307861,0.09999999999999998,1.0,1.0,-0.02171009182929995,0.02300184965133667,-0.06998181343078613,-6.138277452265737,-2.0191097190531395,2.148838870526959,0,,,,,,,,True,-2.0,-6.0,0.0,optimal,0,-2.0,-6.0,2.1787828791305737,2.0130938480902216
1760670358.927978,0,leader,auto,0.9098763465881348,0.9165898561477661,1.1796875,0.9,1,1,-0.009876346588134743,0.08341014385223389,-0.1796875,0,0,0,0,1.0,0,0,0,0,0,0,False,,,,,,,,,
1760670359.028224,1,follower,auto,0.12171009182929993,0.9769981503486633,1.0699818134307861,0.09999999999999998,1.0,1.0,-0.02171009182929995,0.02300184965133667,-0.06998181343078613,0,0,0,0,1.0,0,0,0,0,0,0,False,,,,,,,,,
1760670359.028714,0,follower,auto,0.9209845066070557,0.919537365436554,1.1880311965942383,0.9,1,1,-0.020984506607055642,0.08046263456344604,-0.18803119659423828,-17.928175011527475,-3.2544574650416758,7.78870565567552,0,,,,,,,,True,-2.0,-18.0,0.0,optimal,0,-2.0,-18.0,5.818221541225633,5.519299884148829
1760670359.129095,1,follower,auto,0.12338583916425705,0.9777487516403198,1.0728665590286255,0.09999999999999998,1.0,1.0,-0.023385839164257072,0.022251248359680176,-0.07286655902862549,-7.104769108019924,-2.0110478680000394,2.155915127039435,0,,,,,,,,True,-2.0,-7.0,0.0,optimal,0,-2.0,-7.0,2.1938641071153127,2.0278205943408656
1760670359.2342114,0,leader,auto,0.9209845066070557,0.919537365436554,1.1880311965942383,0.9,1,1,-0.020984506607055642,0.08046263456344604,-0.18803119659423828,0,0,0,0,1.0,0,0,0,0,0,0,False,,,,,,,,,
1760670359.334901,1,follower,auto,0.12338583916425705,0.9777487516403198,1.0728665590286255,0.09999999999999998,1.0,1.0,-0.023385839164257072,0.022251248359680176,-0.07286655902862549,0,0,0,0,1.0,0,0,0,0,0,0,False,,,,,,,,,
1760670359.3355591,0,follower,auto,0.9292263388633728,0.9202804565429688,1.1947979927062988,0.9,1,1,-0.02922633886337278,0.07971954345703125,-0.19479799270629883,-18.925536015406827,-3.260524409258067,6.779993238670048,0,,,,,,,,True,-2.0,-19.0,0.0,optimal,0,-2.0,-19.0,5.882440440050106,5.408852318219967
1760670359.4360082,1,follower,auto,0.12356575578451157,0.9751021862030029,1.0747833251953125,0.09999999999999998,1.0,1.0,-0.02356575578451159,0.02489781379699707,-0.0747833251953125,-7.076352628267602,-1.9944985359360483,2.166922034573699,0,,,,,,,,True,-2.0,-7.0,0.0,optimal,0,-2.0,-7.0,2.2008649497084,1.98173553594102
1760670359.541011,0,leader,auto,0.9292263388633728,0.9202804565429688,1.1947979927062988,0.9,1,1,-0.02922633886337278,0.07971954345703125,-0.19479799270629883,0,0,0,0,1.0,0,0,0,0,0,0,False,,,,,,,,,
1760670359.6412663,1,follower,auto,0.12356575578451157,0.9751021862030029,1.0747833251953125,0.09999999999999998,1.0,1.0,-0.02356575578451159,0.02489781379699707,-0.0747833251953125,0,0,0,0,1.0,0,0,0,0,0,0,False,,,,,,,,,
1760670359.6419108,0,follower,auto,0.937890350818634,0.9170125722885132,1.2038432359695435,0.9,1,1,-0.03789035081863401,0.08298742771148682,-0.20384323596954346,-19.91439509355294,-4.2766286033373175,7.758457977361207,0,,,,,,,,True,-3.0,-20.0,0.0,optimal,0,-3.0,-20.0,5.957159782567677,5.47430066984014
1760670359.7424061,1,follower,auto,0.12147055566310883,0.9664861559867859,1.0761388540267944,0.09999999999999998,1.0,1.0,-0.021470555663108848,0.03351384401321411,-0.07613885402679443,-7.036259058772563,-1.9674672899231227,3.1819333618140653,0,,,,,,,,True,-2.0,-7.0,0.0,optimal,0,-2.0,-7.0,2.1986082208606863,1.9194050903879702
1760670359.9498682,0,leader,auto,0.937890350818634,0.9170125722885132,1.2038432359695435,0.9,1,1,-0.03789035081863401,0.08298742771148682,-0.20384323596954346,0,0,0,0,1.0,0,0,0,0,0,0,False,,,,,,,,,
1760670360.0502334,1,follower,auto,0.12147055566310883,0.9664861559867859,1.0761388540267944,0.09999999999999998,1.0,1.0,-0.021470555663108848,0.03351384401321411,-0.07613885402679443,0,0,0,0,1.0,0,0,0,0,0,0,False,,,,,,,,,
1760670360.0510666,0,follower,auto,0.9492589831352234,0.9127495288848877,1.2126798629760742,0.9,1,1,-0.049258983135223366,0.0872504711151123,-0.21267986297607422,-20,-5.311644204645786,7.74455584251485,0,,,,,,,,True,-4.0,-21.0,0.0,optimal,0,-4.0,-21.0,6.044677852107547,5.419712763573667
1760670360.151848,1,follower,auto,0.11706146597862244,0.9539707899093628,1.0771234035491943,0.09999999999999998,1.0,1.0,-0.01706146597862246,0.04602921009063721,-0.07712340354919434,-6.9978819589790815,-0.9308146423871789,4.196312617816223,0,,,,,,,,True,-1.0,-7.0,0.0,optimal,0,-1.0,-7.0,2.1876306954853657,1.9003799050416958
1760670360.2547154,0,leader,auto,0.9492589831352234,0.9127495288848877,1.2126798629760742,0.9,1,1,-0.049258983135223366,0.0872504711151123,-0.21267986297607422,0,0,0,0,1.0,0,0,0,0,0,0,False,,,,,,,,,
1760670360.3552332,1,follower,auto,0.11706146597862244,0.9539707899093628,1.0771234035491943,0.09999999999999998,1.0,1.0,-0.01706146597862246,0.04602921009063721,-0.07712340354919434,0,0,0,0,1.0,0,0,0,0,0,0,False,,,,,,,,,
1760670360.356791,0,follower,auto,0.9598484635353088,0.9172344207763672,1.2166658639907837,0.9,1,1,-0.059848463535308816,0.08276557922363281,-0.2166658639907837,-20,-6.332733275201748,7.754886547218566,0,,,,,,,,True,-5.0,-21.0,0.0,optimal,0,-5.0,-21.0,6.1111293249464005,5.456408330191154
1760670360.4581962,1,follower,auto,0.11367974430322647,0.954275369644165,1.0748395919799805,0.09999999999999998,1.0,1.0,-0.013679744303226493,0.04572463035583496,-0.07483959197998047,-7.037655678420577,-0.9102769655518375,4.220224795209674,0,,,,,,,,True,-1.0,-7.0,0.0,optimal,0,-1.0,-7.0,2.1690499760381936,1.8144875665122662
1760670360.5605803,0,leader,auto,0.9598484635353088,0.9172344207763672,1.2166658639907837,0.9,1,1,-0.059848463535308816,0.08276557922363281,-0.2166658639907837,0,0,0,0,1.0,0,0,0,0,0,0,False,,,,,,,,,
1760670360.6608899,1,follower,auto,0.11367974430322647,0.954275369644165,1.0748395919799805,0.09999999999999998,1.0,1.0,-0.013679744303226493,0.04572463035583496,-0.07483959197998047,0,0,0,0,1.0,0,0,0,0,0,0,False,,,,,,,,,
1760670360.6626825,0,follower,auto,0.9677980542182922,0.9257265329360962,1.2191162109375,0.9,1,1,-0.06779805421829221,0.07427346706390381,-0.2191162109375,-20,-7.338557418571958,6.758199816790463,0,,,,,,,,True,-6.0,-21.0,0.0,optimal,0,-6.0,-21.0,6.1592110252991965,5.345912251784741
1760670360.763077,1,follower,auto,0.11038133502006531,0.9708884358406067,1.0712518692016602,0.09999999999999998,1.0,1.0,-0.01038133502006533,0.02911156415939331,-0.07125186920166016,-7.132146008917485,-0.8938806155333711,2.239110564430746,0,,,,,,,,True,-1.0,-7.0,0.0,optimal,0,-1.0,-7.0,2.1464108544910507,1.7660236020069906
1760670360.8724105,0,leader,auto,0.9677980542182922,0.9257265329360962,1.2191162109375,0.9,1,1,-0.06779805421829221,0.07427346706390381,-0.2191162109375,0,0,0,0,1.0,0,0,0,0,0,0,False,,,,,,,,,
1760670360.972639,1,follower,auto,0.11038133502006531,0.9708884358406067,1.0712518692016602,0.09999999999999998,1.0,1.0,-0.01038133502006533,0.02911156415939331,-0.07125186920166016,0,0,0,0,1.0,0,0,0,0,0,0,False,,,,,,,,,
1760670360.9730916,0,follower,auto,0.9706012606620789,0.9307518601417542,1.2228503227233887,0.9,1,1,-0.07060126066207884,0.06924813985824585,-0.22285032272338867,-20,-8.321992347802832,5.749418236567748,0,,,,,,,,True,-7.0,-22.0,0.0,optimal,0,-7.0,-22.0,6.1866538882378155,5.155989903054532
1760670361.073682,1,follower,auto,0.10760847479104996,0.9932109117507935,1.0702520608901978,0.09999999999999998,1.0,1.0,-0.0076084747910499795,0.006789088249206543,-0.07025206089019775,-7.2067639226045594,0.11213348346919438,0.23829080320602428,0,,,,,,,,True,0.0,-7.0,0.0,optimal,0,0.0,-7.0,2.1341469551279584,1.8528060435114124
1760670361.2537205,0,leader,auto,0.9706012606620789,0.9307518601417542,1.2228503227233887,0.9,1,1,-0.07060126066207884,0.06924813985824585,-0.22285032272338867,0,0,0,0,1.0,0,0,0,0,0,0,False,,,,,,,,,
1760670361.3541996,1,follower,auto,0.10760847479104996,0.9932109117507935,1.0702520608901978,0.09999999999999998,1.0,1.0,-0.0076084747910499795,0.006789088249206543,-0.07025206089019775,0,0,0,0,1.0,0,0,0,0,0,0,False,,,,,,,,,
1760670361.3556697,0,follower,auto,0.9587231278419495,0.9396540522575378,1.2181001901626587,0.9,1,1,-0.05872312784194944,0.06034594774246216,-0.2181001901626587,-20,-6.241265152816807,5.78886674575632,0,,,,,,,,True,-5.0,-21.0,0.0,optimal,0,-5.0,-21.0,6.110807720854394,4.623937227326865
1760670361.4564576,1,follower,auto,0.10345488786697388,1.0180350542068481,1.0683811902999878,0.09999999999999998,1.0,1.0,-0.003454887866973899,-0.018035054206848145,-0.06838119029998779,-6.255755504796695,0.10564071644237823,-0.7647458205902404,0,,,,,,,,True,0.0,-6.0,0.0,optimal,0,0.0,-6.0,2.1145633735712934,1.839494942338976
1760670361.5580373,0,leader,auto,0.9587231278419495,0.9396540522575378,1.2181001901626587,0.9,1,1,-0.05872312784194944,0.06034594774246216,-0.2181001901626587,0,0,0,0,1.0,0,0,0,0,0,0,False,,,,,,,,,
1760670361.658462,1,follower,auto,0.10345488786697388,1.0180350542068481,1.0683811902999878,0.09999999999999998,1.0,1.0,-0.003454887866973899,-0.018035054206848145,-0.06838119029998779,0,0,0,0,1.0,0,0,0,0,0,0,False,,,,,,,,,
1760670361.6604211,0,follower,auto,0.945013701915741,0.945741593837738,1.2111581563949585,0.9,1,1,-0.045013701915740945,0.05425840616226196,-0.2111581563949585,-20,-5.193062532670746,4.815825863875822,0,,,,,,,,True,-4.0,-21.0,0.0,optimal,0,-4.0,-21.0,6.0183858700317,4.364223351300307
1760670361.7611623,1,follower,auto,0.10292484611272812,1.028275966644287,1.0662486553192139,0.09999999999999998,1.0,1.0,-0.002924846112728141,-0.02827596664428711,-0.06624865531921387,-6.208268592008886,0.07218096601632591,-1.7704763975824065,0,,,,,,,,True,0.0,-6.0,0.0,optimal,0,0.0,-6.0,2.105752643638601,1.8749268141981181
1760670361.8643367,0,leader,auto,0.945013701915741,0.945741593837738,1.2111581563949585,0.9,1,1,-0.045013701915740945,0.05425840616226196,-0.2111581563949585,0,0,0,0,1.0,0,0,0,0,0,0,False,,,,,,,,,
1760670361.964581,1,follower,auto,0.10292484611272812,1.028275966644287,1.0662486553192139,0.09999999999999998,1.0,1.0,-0.002924846112728141,-0.02827596664428711,-0.06624865531921387,0,0,0,0,1.0,0,0,0,0,0,0,False,,,,,,,,,
1760670361.9652798,0,follower,auto,0.9350541830062866,0.9479816555976868,1.2037229537963867,0.9,1,1,-0.0350541830062866,0.05201834440231323,-0.20372295379638672,-19.90070372882677,-4.1872267171673325,4.831027550756298,0,,,,,,,,True,-3.0,-20.0,0.0,optimal,0,-3.0,-20.0,5.9429053682283755,4.478226423358241
1760670362.0660255,1,follower,auto,0.10166890174150467,1.0284008979797363,1.0636180639266968,0.09999999999999998,1.0,1.0,-0.0016689017415046914,-0.028400897979736328,-0.06361806392669678,-6.14649368502168,0.05806719294985341,-1.7751463761057005,0,,,,,,,,True,0.0,-6.0,0.0,optimal,0,0.0,-6.0,2.0929683334290488,1.836323718267419
1760670362.1723719,0,leader,auto,0.9350541830062866,0.9479816555976868,1.2037229537963867,0.9,1,1,-0.0350541830062866,0.05201834440231323,-0.20372295379638672,0,0,0,0,1.0,0,0,0,0,0,0,False,,,,,,,,,
1760670362.2726712,1,follower,auto,0.10166890174150467,1.0284008979797363,1.0636180639266968,0.09999999999999998,1.0,1.0,-0.0016689017415046914,-0.028400897979736328,-0.06361806392669678,0,0,0,0,1.0,0,0,0,0,0,0,False,,,,,,,,,
1760670362.27348,0,follower,auto,0.9279650449752808,0.9424384236335754,1.1951260566711426,0.9,1,1,-0.02796504497528074,0.05756157636642456,-0.19512605667114258,-18.85825431067703,-3.1904618190953835,4.849264247196722,0,,,,,,,,True,-2.0,-19.0,0.0,optimal,0,-2.0,-19.0,5.877491818961504,4.561411480409947
1760670362.3738904,1,follower,auto,0.1019040048122406,1.0256810188293457,1.062327265739441,0.09999999999999998,1.0,1.0,-0.0019040048122406228,-0.025681018829345703,-0.06232726573944092,-6.121199846796596,0.04050090866327347,-1.7909715744890435,0,,,,,,,,True,0.0,-6.0,0.0,optimal,0,0.0,-6.0,2.0894283790542607,1.8934946177439702
1760670362.4776213,0,leader,auto,0.9279650449752808,0.9424384236335754,1.1951260566711426,0.9,1,1,-0.02796504497528074,0.05756157636642456,-0.19512605667114258,0,0,0,0,1.0,0,0,0,0,0,0,False,,,,,,,,,
1760670362.577879,1,follower,auto,0.1019040048122406,1.0256810188293457,1.062327265739441,0.09999999999999998,1.0,1.0,-0.0019040048122406228,-0.025681018829345703,-0.06232726573944092,0,0,0,0,1.0,0,0,0,0,0,0,False,,,,,,,,,
1760670362.578329,0,follower,auto,0.9304243326187134,0.9348035454750061,1.1838299036026,0.9,1,1,-0.030424332618713357,0.0651964545249939,-0.1838299036026001,-17.82968343710589,-4.237154416657379,5.88021212904984,0,,,,,,,,True,-3.0,-18.0,0.0,optimal,0,-3.0,-18.0,5.849011561571979,4.782220518802358
1760670362.6787174,1,follower,auto,0.10281477868556976,1.0235939025878906,1.0626496076583862,0.09999999999999998,1.0,1.0,-0.0028147786855697854,-0.023593902587890625,-0.06264960765838623,-6.123320433656097,0.03801188515734691,-1.8166343204092283,0,,,,,,,,True,0.0,-6.0,0.0,optimal,0,0.0,-6.0,2.093418932619458,1.9465259489823463
1760670362.8501499,0,leader,auto,0.9304243326187134,0.9348035454750061,1.1838299036026,0.9,1,1,-0.030424332618713357,0.0651964545249939,-0.1838299036026001,0,0,0,0,1.0,0,0,0,0,0,0,False,,,,,,,,,
1760670362.9504895,1,follower,auto,0.10281477868556976,1.0235939025878906,1.0626496076583862,0.09999999999999998,1.0,1.0,-0.0028147786855697854,-0.023593902587890625,-0.06264960765838623,0,0,0,0,1.0,0,0,0,0,0,0,False,,,,,,,,,
1760670362.9525692,0,follower,auto,0.9362263679504395,0.9258062243461609,1.1683378219604492,0.9,1,1,-0.03622636795043943,0.07419377565383911,-0.16833782196044922,-15.812919850396177,-4.275373249476221,6.925628799466295,0,,,,,,,,True,-3.0,-16.0,0.0,optimal,0,-3.0,-16.0,5.822217568472816,4.88714632278519
1760670363.0537386,1,follower,auto,0.10137125104665756,1.0179076194763184,1.0629826784133911,0.09999999999999998,1.0,1.0,-0.0013712510466575845,-0.01790761947631836,-0.06298267841339111,-6.111310173022664,0.057324757716393525,-0.8428876111480981,0,,,,,,,,True,0.0,-6.0,0.0,optimal,0,0.0,-6.0,2.089901272381713,1.898215296244187
1760670363.1564229,0,leader,auto,0.9362263679504395,0.9258062243461609,1.1683378219604492,0.9,1,1,-0.03622636795043943,0.07419377565383911,-0.16833782196044922,0,0,0,0,1.0,0,0,0,0,0,0,False,,,,,,,,,
1760670363.2568378,1,follower,auto,0.10137125104665756,1.0179076194763184,1.0629826784133911,0.09999999999999998,1.0,1.0,-0.0013712510466575845,-0.01790761947631836,-0.06298267841339111,0,0,0,0,1.0,0,0,0,0,0,0,False,,,,,,,,,
1760670363.258188,0,follower,auto,0.9380760192871094,0.9160638451576233,1.159907341003418,0.9,1,1,-0.03807601928710935,0.08393615484237671,-0.15990734100341797,-14.798570723905284,-4.2721792088374695,7.911649417361022,0,,,,,,,,True,-3.0,-15.0,0.0,optimal,0,-3.0,-15.0,5.8014885247405985,4.9146258266548895
1760670363.3590977,1,follower,auto,0.09975368529558182,1.013285756111145,1.0606693029403687,0.09999999999999998,1.0,1.0,0.00024631470441816017,-0.01328575611114502,-0.06066930294036865,-6.118368464394783,0.06578990185002566,-0.8417028638593372,0,,,,,,,,True,0.0,-6.0,0.0,optimal,0,0.0,-6.0,2.077034387345245,1.820250625333749
1760670363.472594,0,leader,auto,0.9380760192871094,0.9160638451576233,1.159907341003418,0.9,1,1,-0.03807601928710935,0.08393615484237671,-0.15990734100341797,0,0,0,0,1.0,0,0,0,0,0,0,False,,,,,,,,,
1760670363.572941,1,follower,auto,0.09975368529558182,1.013285756111145,1.0606693029403687,0.09999999999999998,1.0,1.0,0.00024631470441816017,-0.01328575611114502,-0.06066930294036865,0,0,0,0,1.0,0,0,0,0,0,0,False,,,,,,,,,
1760670363.573682,0,follower,auto,0.9437744617462158,0.908050537109375,1.1617382764816284,0.9,1,1,-0.0437744617462158,0.091949462890625,-0.16173827648162842,-15.79990279125396,-5.295040680138028,8.8527043138386,0,,,,,,,,True,-4.0,-16.0,0.0,optimal,0,-4.0,-16.0,5.835755374703465,5.223145103255527
1760670363.674265,1,follower,auto,0.0993087887763977,1.00789213180542,1.0565664768218994,0.09999999999999998,1.0,1.0,0.0006912112236022727,-0.007892131805419922,-0.056566476821899414,-5.118869849349372,0.07105899509412075,0.17782159290099095,0,,,,,,,,True,0.0,-5.0,0.0,optimal,0,0.0,-5.0,2.062001093987549,1.82316180314327
1760670363.7798672,0,leader,auto,0.9437744617462158,0.908050537109375,1.1617382764816284,0.9,1,1,-0.0437744617462158,0.091949462890625,-0.16173827648162842,0,0,0,0,1.0,0,0,0,0,0,0,False,,,,,,,,,
1760670363.8801613,1,follower,auto,0.0993087887763977,1.00789213180542,1.0565664768218994,0.09999999999999998,1.0,1.0,0.0006912112236022727,-0.007892131805419922,-0.056566476821899414,0,0,0,0,1.0,0,0,0,0,0,0,False,,,,,,,,,
1760670363.8808498,0,follower,auto,0.9520063996315002,0.9082604646682739,1.1663275957107544,0.9,1,1,-0.05200639963150022,0.09173953533172607,-0.1663275957107544,-15.849036423704694,-6.321873247077392,8.814464261366165,0,,,,,,,,True,-5.0,-16.0,0.0,optimal,0,-5.0,-16.0,5.892248559203166,5.397371545536286
1760670363.9815862,1,follower,auto,0.0994754284620285,0.9994236826896667,1.0533947944641113,0.09999999999999998,1.0,1.0,0.0005245715379714744,0.000576317310333252,-0.05339479446411133,-5.091909577937518,0.07940471576637632,0.18873943579609379,0,,,,,,,,True,0.0,-5.0,0.0,optimal,0,0.0,-5.0,2.05203599261481,1.8434864334001695
1760670364.085322,0,leader,auto,0.9520063996315002,0.9082604646682739,1.1663275957107544,0.9,1,1,-0.05200639963150022,0.09173953533172607,-0.1663275957107544,0,0,0,0,1.0,0,0,0,0,0,0,False,,,,,,,,,
1760670364.1858096,1,follower,auto,0.0994754284620285,0.9994236826896667,1.0533947944641113,0.09999999999999998,1.0,1.0,0.0005245715379714744,0.000576317310333252,-0.05339479446411133,0,0,0,0,1.0,0,0,0,0,0,0,False,,,,,,,,,
1760670364.18751,0,follower,auto,0.9599599838256836,0.920882523059845,1.1669528484344482,0.9,1,1,-0.05995998382568357,0.07911747694015503,-0.16695284843444824,-15.941255169612667,-6.337473314836719,6.816669115493666,0,,,,,,,,True,-5.0,-16.0,0.0,optimal,0,-5.0,-16.0,5.933525490614267,5.337356331189731
1760670364.2883623,1,follower,auto,0.09919650107622147,0.9925437569618225,1.0497102737426758,0.09999999999999998,1.0,1.0,0.0008034989237785117,0.00745624303817749,-0.04971027374267578,-4.065145588067649,0.09249919684823336,0.19714091924552674,0,,,,,,,,True,0.0,-4.0,0.0,optimal,0,0.0,-4.0,2.0389734363465637,1.839074535473693
1760670364.4040115,0,leader,auto,0.9599599838256836,0.920882523059845,1.1669528484344482,0.9,1,1,-0.05995998382568357,0.07911747694015503,-0.16695284843444824,0,0,0,0,1.0,0,0,0,0,0,0,False,,,,,,,,,
1760670364.504371,1,follower,auto,0.09919650107622147,0.9925437569618225,1.0497102737426758,0.09999999999999998,1.0,1.0,0.0008034989237785117,0.00745624303817749,-0.04971027374267578,0,0,0,0,1.0,0,0,0,0,0,0,False,,,,,,,,,
1760670364.5053625,0,follower,auto,0.9582842588424683,0.9325627088546753,1.1720170974731445,0.9,1,1,-0.05828425884246824,0.06743729114532471,-0.17201709747314453,-16.98030960485414,-6.294401186879009,5.788490441164366,0,,,,,,,,True,-5.0,-17.0,0.0,optimal,0,-5.0,-17.0,5.943206091009811,5.09310922066536
1760670364.6064198,1,follower,auto,0.09992372244596481,0.9881435632705688,1.0466840267181396,0.09999999999999998,1.0,1.0,7.627755403516456e-05,0.011856436729431152,-0.04668402671813965,-4.05218658928498,0.08489266665904517,1.2070929607979195,0,,,,,,,,True,0.0,-4.0,0.0,optimal,0,0.0,-4.0,2.0313242014940194,1.8682507607407244
1760670364.7742887,0,leader,auto,0.9582842588424683,0.9325627088546753,1.1720170974731445,0.9,1,1,-0.05828425884246824,0.06743729114532471,-0.17201709747314453,0,0,0,0,1.0,0,0,0,0,0,0,False,,,,,,,,,
1760670364.8745508,1,follower,auto,0.09992372244596481,0.9881435632705688,1.0466840267181396,0.09999999999999998,1.0,1.0,7.627755403516456e-05,0.011856436729431152,-0.04668402671813965,0,0,0,0,1.0,0,0,0,0,0,0,False,,,,,,,,,
1760670364.8750892,0,follower,auto,0.9549551606178284,0.9361865520477295,1.1829826831817627,0.9,1,1,-0.05495516061782835,0.06381344795227051,-0.1829826831817627,-17.964200556054934,-6.2702878279762055,5.740218408918676,0,,,,,,,,True,-5.0,-18.0,0.0,optimal,0,-5.0,-18.0,5.965832089170146,5.134887403817471
1760670364.975451,1,follower,auto,0.10014721006155014,0.9829357862472534,1.0452005863189697,0.09999999999999998,1.0,1.0,-0.00014721006155016259,0.017064213752746582,-0.04520058631896973,-4.038895780099703,0.08047883646824597,1.2186316013703267,0,,,,,,,,True,0.0,-4.0,0.0,optimal,0,0.0,-4.0,2.027156063092045,1.8894253188819867
1760670365.079691,0,leader,auto,0.9549551606178284,0.9361865520477295,1.1829826831817627,0.9,1,1,-0.05495516061782835,0.06381344795227051,-0.1829826831817627,0,0,0,0,1.0,0,0,0,0,0,0,False,,,,,,,,,
1760670365.1798923,1,follower,auto,0.10014721006155014,0.9829357862472534,1.0452005863189697,0.09999999999999998,1.0,1.0,-0.00014721006155016259,0.017064213752746582,-0.04520058631896973,0,0,0,0,1.0,0,0,0,0,0,0,False,,,,,,,,,
1760670365.18073,0,follower,auto,0.9550376534461975,0.9310047626495361,1.1943769454956055,0.9,1,1,-0.05503765344619749,0.06899523735046387,-0.19437694549560547,-18.91888837211586,-6.28002008649041,5.711729981904118,0,,,,,,,,True,-5.0,-19.0,0.0,optimal,0,-5.0,-19.0,6.00699850236475,5.278993879567871
1760670365.2813478,1,follower,auto,0.09953708946704865,0.9774350523948669,1.044722557067871,0.09999999999999998,1.0,1.0,0.0004629105329513328,0.022564947605133057,-0.044722557067871094,-4.037173931078098,0.08529342565577816,2.230076842319057,0,,,,,,,,True,0.0,-4.0,0.0,optimal,0,0.0,-4.0,2.0236311903085937,1.8854246291873569
1760670365.3844483,0,leader,auto,0.9550376534461975,0.9310047626495361,1.1943769454956055,0.9,1,1,-0.05503765344619749,0.06899523735046387,-0.19437694549560547,0,0,0,0,1.0,0,0,0,0,0,0,False,,,,,,,,,
1760670365.4848096,1,follower,auto,0.09953708946704865,0.9774350523948669,1.044722557067871,0.09999999999999998,1.0,1.0,0.0004629105329513328,0.022564947605133057,-0.044722557067871094,0,0,0,0,1.0,0,0,0,0,0,0,False,,,,,,,,,
1760670365.4855998,0,follower,auto,0.9602259993553162,0.9248482584953308,1.2032428979873657,0.9,1,1,-0.06022599935531614,0.07515174150466919,-0.20324289798736572,-19.895417151431015,-7.312736206061631,6.706924384357002,0,,,,,,,,True,-6.0,-20.0,0.0,optimal,0,-6.0,-20.0,6.0643969170457375,5.363389533128474
1760670365.5860355,1,follower,auto,0.09894974529743195,0.9750387072563171,1.0454415082931519,0.09999999999999998,1.0,1.0,0.001050254702568032,0.02496129274368286,-0.045441508293151855,-4.0554795724976005,0.09499400050533291,2.235361067298378,0,,,,,,,,True,0.0,-4.0,0.0,optimal,0,0.0,-4.0,2.0241180452007654,1.9122127142021634
1760670365.6905434,0,leader,auto,0.9602259993553162,0.9248482584953308,1.2032428979873657,0.9,1,1,-0.06022599935531614,0.07515174150466919,-0.20324289798736572,0,0,0,0,1.0,0,0,0,0,0,0,False,,,,,,,,,
1760670365.790766,1,follower,auto,0.09894974529743195,0.9750387072563171,1.0454415082931519,0.09999999999999998,1.0,1.0,0.001050254702568032,0.02496129274368286,-0.045441508293151855,0,0,0,0,1.0,0,0,0,0,0,0,False,,,,,,,,,
1760670365.7914336,0,follower,auto,0.9656397104263306,0.9179339408874512,1.2062801122665405,0.9,1,1,-0.06563971042633054,0.08206605911254883,-0.20628011226654053,-19.878674262040786,-7.328426726998981,7.72961893842264,0,,,,,,,,True,-6.0,-20.0,0.0,optimal,0,-6.0,-20.0,6.102027025600865,5.266508168713045
1760670365.8919053,1,follower,auto,0.0993446484208107,0.9735982418060303,1.0458049774169922,0.09999999999999998,1.0,1.0,0.0006553515791892783,0.026401758193969727,-0.04580497741699219,-4.0715046662935,0.09870788571564101,2.2387838267813103,0,,,,,,,,True,0.0,-4.0,0.0,optimal,0,0.0,-4.0,2.0265773281228334,1.9275143075415322
1760670365.996611,0,leader,auto,0.9656397104263306,0.9179339408874512,1.2062801122665405,0.9,1,1,-0.06563971042633054,0.08206605911254883,-0.20628011226654053,0,0,0,0,1.0,0,0,0,0,0,0,False,,,,,,,,,
1760670366.096963,1,follower,auto,0.0993446484208107,0.9735982418060303,1.0458049774169922,0.09999999999999998,1.0,1.0,0.0006553515791892783,0.026401758193969727,-0.04580497741699219,0,0,0,0,1.0,0,0,0,0,0,0,False,,,,,,,,,
1760670366.098274,0,follower,auto,0.9715184569358826,0.9202010035514832,1.2099531888961792,0.9,1,1,-0.07151845693588255,0.07979899644851685,-0.2099531888961792,-19.926133392236807,-8.342130167660741,6.729726699488294,0,,,,,,,,True,-7.0,-20.0,0.0,optimal,0,-7.0,-20.0,6.144334028970174,5.303814121337025
1760670366.299438,1,follower,auto,0.09902232885360718,0.9682273268699646,1.0459892749786377,0.09999999999999998,1.0,1.0,0.0009776711463928,0.0317726731300354,-0.045989274978637695,-4.045884106720936,0.10987752211787623,3.2445931584694976,0,,,,,,,,True,0.0,-4.0,0.0,optimal,0,0.0,-4.0,2.0261531015171155,1.9082646954397946
1760670366.456788,0,leader,auto,0.9715184569358826,0.9202010035514832,1.2099531888961792,0.9,1,1,-0.07151845693588255,0.07979899644851685,-0.2099531888961792,0,0,0,0,1.0,0,0,0,0,0,0,False,,,,,,,,,
1760670366.5570571,1,follower,auto,0.09902232885360718,0.9682273268699646,1.0459892749786377,0.09999999999999998,1.0,1.0,0.0009776711463928,0.0317726731300354,-0.045989274978637695,0,0,0,0,1.0,0,0,0,0,0,0,False,,,,,,,,,
1760670366.5577528,0,follower,auto,0.983522891998291,0.9259721040725708,1.208345651626587,0.9,1,1,-0.083522891998291,0.0740278959274292,-0.20834565162658691,-19.960978650445394,-9.391843881719598,6.757064702360908,0,,,,,,,,True,-8.0,-20.0,0.0,optimal,0,-8.0,-20.0,6.197999950836341,5.279028428275504
1760670366.6582441,1,follower,auto,0.09591658413410187,0.9677799940109253,1.046753168106079,0.09999999999999998,1.0,1.0,0.00408341586589811,0.03222000598907471,-0.0467531681060791,-4.052986423422531,0.14479358861654495,3.2387745604234635,0,,,,,,,,True,0.0,-4.0,0.0,optimal,0,0.0,-4.0,2.018745740181668,1.8717207161491833
1760670366.8612943,0,leader,auto,0.983522891998291,0.9259721040725708,1.208345651626587,0.9,1,1,-0.083522891998291,0.0740278959274292,-0.20834565162658691,0,0,0,0,1.0,0,0,0,0,0,0,False,,,,,,,,,
1760670366.9615586,1,follower,auto,0.09591658413410187,0.9677799940109253,1.046753168106079,0.09999999999999998,1.0,1.0,0.00408341586589811,0.03222000598907471,-0.0467531681060791,0,0,0,0,1.0,0,0,0,0,0,0,False,,,,,,,,,
1760670366.962142,0,follower,auto,0.9908238649368286,0.9275510907173157,1.2024000883102417,0.9,1,1,-0.09082386493682859,0.07244890928268433,-0.2024000883102417,-19.94419430595477,-10.393579894010212,6.798133731558645,0,,,,,,,,True,-9.0,-20.0,0.0,optimal,0,-9.0,-20.0,6.212849604479608,5.099114418610574
1760670367.0625324,1,follower,auto,0.09430021047592163,0.9739141464233398,1.0512843132019043,0.09999999999999998,1.0,1.0,0.005699789524078347,0.026085853576660156,-0.0512843132019043,-5.0923904002456775,0.15558948910179585,2.2065586038028506,0,,,,,,,,True,0.0,-5.0,0.0,optimal,0,0.0,-5.0,2.0285330441502527,1.933856297638866
1760670367.1772764,0,leader,auto,0.9908238649368286,0.9275510907173157,1.2024000883102417,0.9,1,1,-0.09082386493682859,0.07244890928268433,-0.2024000883102417,0,0,0,0,1.0,0,0,0,0,0,0,False,,,,,,,,,
1760670367.277511,1,follower,auto,0.09430021047592163,0.9739141464233398,1.0512843132019043,0.09999999999999998,1.0,1.0,0.005699789524078347,0.026085853576660156,-0.0512843132019043,0,0,0,0,1.0,0,0,0,0,0,0,False,,,,,,,,,
1760670367.2779076,0,follower,auto,0.9913909435272217,0.9335501194000244,1.1965605020523071,0.9,1,1,-0.09139094352722166,0.06644988059997559,-0.19656050205230713,-18.967376082843064,-10.364061820865865,5.8248609962090026,0,,,,,,,,True,-9.0,-19.0,0.0,optimal,0,-9.0,-19.0,6.194658471023898,4.937259018914402
1760670367.3782709,1,follower,auto,0.09336309880018234,0.9748444557189941,1.0584888458251953,0.09999999999999998,1.0,1.0,0.006636901199817635,0.02515554428100586,-0.05848884582519531,-5.072702548526195,0.15421883835179465,2.170813929664949,0,,,,,,,,True,0.0,-5.0,0.0,optimal,0,0.0,-5.0,2.0493912163447083,2.039490206967068
1760670367.4996874,0,leader,auto,0.9913909435272217,0.9335501194000244,1.1965605020523071,0.9,1,1,-0.09139094352722166,0.06644988059997559,-0.19656050205230713,0,0,0,0,1.0,0,0,0,0,0,0,False,,,,,,,,,
1760670367.5999987,1,follower,auto,0.09336309880018234,0.9748444557189941,1.0584888458251953,0.09999999999999998,1.0,1.0,0.006636901199817635,0.02515554428100586,-0.05848884582519531,0,0,0,0,1.0,0,0,0,0,0,0,False,,,,,,,,,
1760670367.6006753,0,follower,auto,0.9862539172172546,0.9431320428848267,1.1969428062438965,0.9,1,1,-0.08625391721725462,0.05686795711517334,-0.19694280624389648,-19.003541222126938,-9.324263996515034,4.8119933504469445,0,,,,,,,,True,-8.0,-19.0,0.0,optimal,0,-8.0,-19.0,6.170461989789834,4.912105771978897
1760670367.701052,1,follower,auto,0.09243158996105194,0.9734641313552856,1.066281795501709,0.09999999999999998,1.0,1.0,0.007568410038948037,0.026535868644714355,-0.06628179550170898,-6.042929083592435,0.14679894938702243,2.1523730610692082,0,,,,,,,,True,0.0,-6.0,0.0,optimal,0,0.0,-6.0,2.0723333907262838,2.0440758528060687
1760670367.8055782,0,leader,auto,0.9862539172172546,0.9431320428848267,1.1969428062438965,0.9,1,1,-0.08625391721725462,0.05686795711517334,-0.19694280624389648,0,0,0,0,1.0,0,0,0,0,0,0,False,,,,,,,,,
1760670367.9060223,1,follower,auto,0.09243158996105194,0.9734641313552856,1.066281795501709,0.09999999999999998,1.0,1.0,0.007568410038948037,0.026535868644714355,-0.06628179550170898,0,0,0,0,1.0,0,0,0,0,0,0,False,,,,,,,,,
1760670367.9083154,0,follower,auto,0.9783898591995239,0.9515390396118164,1.1977869272232056,0.9,1,1,-0.0783898591995239,0.048460960388183594,-0.19778692722320557,-19.018884143504994,-8.29315182466309,3.8119270056071057,0,,,,,,,,True,-7.0,-19.0,0.0,optimal,0,-7.0,-19.0,6.134454129877691,4.827540441890969
1760670368.0092204,1,follower,auto,0.09097538143396378,0.9722970724105835,1.0731714963912964,0.09999999999999998,1.0,1.0,0.009024618566036202,0.027702927589416504,-0.07317149639129639,-7.0254646868964254,0.13905743001292603,2.1449008659983746,0,,,,,,,,True,0.0,-7.0,0.0,optimal,0,0.0,-7.0,2.090705520665237,2.010931463971721
1760670368.111815,0,leader,auto,0.9783898591995239,0.9515390396118164,1.1977869272232056,0.9,1,1,-0.0783898591995239,0.048460960388183594,-0.19778692722320557,0,0,0,0,1.0,0,0,0,0,0,0,False,,,,,,,,,
1760670368.2120986,1,follower,auto,0.09097538143396378,0.9722970724105835,1.0731714963912964,0.09999999999999998,1.0,1.0,0.009024618566036202,0.027702927589416504,-0.07317149639129639,0,0,0,0,1.0,0,0,0,0,0,0,False,,,,,,,,,
1760670368.2127995,0,follower,auto,0.9741544723510742,0.9544080495834351,1.1891380548477173,0.9,1,1,-0.0741544723510742,0.04559195041656494,-0.18913805484771729,-18.004351926229447,-8.298478364270927,3.8718191042417938,0,,,,,,,,True,-7.0,-18.0,0.0,optimal,0,-7.0,-18.0,6.082455332359096,4.717047949978298
1760670368.3133323,1,follower,auto,0.08904916793107986,0.9695442318916321,1.0796972513198853,0.09999999999999998,1.0,1.0,0.010950832068920113,0.03045576810836792,-0.07969725131988525,-7.009440634592182,1.1381287673514797,3.124146350516828,0,,,,,,,,True,1.0,-7.0,0.0,optimal,0,1.0,-7.0,2.106460114194035,2.041343685625759
1760670368.418108,0,leader,auto,0.9741544723510742,0.9544080495834351,1.1891380548477173,0.9,1,1,-0.0741544723510742,0.04559195041656494,-0.18913805484771729,0,0,0,0,1.0,0,0,0,0,0,0,False,,,,,,,,,
1760670368.5183394,1,follower,auto,0.08904916793107986,0.9695442318916321,1.0796972513198853,0.09999999999999998,1.0,1.0,0.010950832068920113,0.03045576810836792,-0.07969725131988525,0,0,0,0,1.0,0,0,0,0,0,0,False,,,,,,,,,
1760670368.5189178,0,follower,auto,0.9779959321022034,0.9445998072624207,1.17770254611969,0.9,1,1,-0.07799593210220335,0.055400192737579346,-0.17770254611968994,-16.932874012703316,-8.344846310636997,4.918314637389024,0,,,,,,,,True,-7.0,-17.0,0.0,optimal,0,-7.0,-17.0,6.060690181995495,4.940294835804906
1760670368.6195617,1,follower,auto,0.0863518938422203,0.9672986268997192,1.0840301513671875,0.09999999999999998,1.0,1.0,0.013648106157779671,0.03270137310028076,-0.0840301513671875,-8.02063759682888,1.1519358517796312,3.1103059554976085,0,,,,,,,,True,1.0,-8.0,0.0,optimal,0,1.0,-8.0,2.1124698818105916,1.9543269282955436
1760670368.785729,0,leader,auto,0.9779959321022034,0.9445998072624207,1.17770254611969,0.9,1,1,-0.07799593210220335,0.055400192737579346,-0.17770254611968994,0,0,0,0,1.0,0,0,0,0,0,0,False,,,,,,,,,
1760670368.8860471,1,follower,auto,0.0863518938422203,0.9672986268997192,1.0840301513671875,0.09999999999999998,1.0,1.0,0.013648106157779671,0.03270137310028076,-0.0840301513671875,0,0,0,0,1.0,0,0,0,0,0,0,False,,,,,,,,,
1760670368.8866422,0,follower,auto,0.9860624670982361,0.9391095042228699,1.16978120803833,0.9,1,1,-0.08606246709823606,0.06089049577713013,-0.16978120803833008,-15.924829470728223,-9.392999828956007,5.921231961740923,0,,,,,,,,True,-8.0,-16.0,0.0,optimal,0,-8.0,-16.0,6.072632114640179,5.169327567357968
1760670368.987139,1,follower,auto,0.08145826309919357,0.9672347903251648,1.0833247900009155,0.09999999999999998,1.0,1.0,0.018541736900806405,0.032765209674835205,-0.08332479000091553,-8.037896625752193,1.181800493436173,3.1235863538051203,0,,,,,,,,True,1.0,-8.0,0.0,optimal,0,1.0,-8.0,2.0945925865563444,1.8003854201299427
1760670369.1000106,0,leader,auto,0.9860624670982361,0.9391095042228699,1.16978120803833,0.9,1,1,-0.08606246709823606,0.06089049577713013,-0.16978120803833008,0,0,0,0,1.0,0,0,0,0,0,0,False,,,,,,,,,
1760670369.200799,1,follower,auto,0.08145826309919357,0.9672347903251648,1.0833247900009155,0.09999999999999998,1.0,1.0,0.018541736900806405,0.032765209674835205,-0.08332479000091553,0,0,0,0,1.0,0,0,0,0,0,0,False,,,,,,,,,
1760670369.2032716,0,follower,auto,0.9912704229354858,0.9373318552970886,1.1660773754119873,0.9,1,1,-0.09127042293548582,0.06266814470291138,-0.1660773754119873,-15.937493493442053,-10.406372544870221,5.899704669861159,0,,,,,,,,True,-9.0,-16.0,0.0,optimal,0,-9.0,-16.0,6.085457616135248,5.1640598832875995
1760670369.3043494,1,follower,auto,0.07548970729112625,0.9674289226531982,1.0786597728729248,0.09999999999999998,1.0,1.0,0.024510292708873727,0.03257107734680176,-0.0786597728729248,-7.0446735657915305,2.206207264091705,3.1488899937708545,0,,,,,,,,True,2.0,-7.0,0.0,optimal,0,2.0,-7.0,2.060066450842058,1.7056562393469594
1760670369.415117,0,leader,auto,0.9912704229354858,0.9373318552970886,1.1660773754119873,0.9,1,1,-0.09127042293548582,0.06266814470291138,-0.1660773754119873,0,0,0,0,1.0,0,0,0,0,0,0,False,,,,,,,,,
1760670369.515559,1,follower,auto,0.07548970729112625,0.9674289226531982,1.0786597728729248,0.09999999999999998,1.0,1.0,0.024510292708873727,0.03257107734680176,-0.0786597728729248,0,0,0,0,1.0,0,0,0,0,0,0,False,,,,,,,,,
1760670369.5169384,0,follower,auto,0.995171308517456,0.9296934604644775,1.1618149280548096,0.9,1,1,-0.09517130851745603,0.07030653953552246,-0.16181492805480957,-15.904262185181473,-10.416241115020348,6.892597155257512,0,,,,,,,,True,-9.0,-16.0,0.0,optimal,0,-9.0,-16.0,6.089871699565487,5.11487392051291
1760670369.6183565,1,follower,auto,0.06847333908081055,0.968658983707428,1.072111964225769,0.09999999999999998,1.0,1.0,0.03152666091918943,0.03134101629257202,-0.07211196422576904,-7.0634729307194,3.2292765578258438,3.167384319050293,0,,,,,,,,True,3.0,-7.0,0.0,optimal,0,3.0,-7.0,2.0160670363142668,1.630539016846492
1760670369.7711556,0,leader,auto,0.995171308517456,0.9296934604644775,1.1618149280548096,0.9,1,1,-0.09517130851745603,0.07030653953552246,-0.16181492805480957,0,0,0,0,1.0,0,0,0,0,0,0,False,,,,,,,,,
1760670369.8714151,1,follower,auto,0.06847333908081055,0.968658983707428,1.072111964225769,0.09999999999999998,1.0,1.0,0.03152666091918943,0.03134101629257202,-0.07211196422576904,0,0,0,0,1.0,0,0,0,0,0,0,False,,,,,,,,,
1760670369.8718817,0,follower,auto,1.0007715225219727,0.928378164768219,1.1582194566726685,0.9,1,1,-0.10077152252197263,0.071621835231781,-0.15821945667266846,-14.92172934117475,-11.441362290288994,6.884426586772337,0,,,,,,,,True,-10.0,-15.0,0.0,optimal,0,-10.0,-15.0,6.105193865679199,5.200716737818727
1760670369.9723163,1,follower,auto,0.06078276038169861,0.9694178700447083,1.0656728744506836,0.09999999999999998,1.0,1.0,0.03921723961830137,0.030582129955291748,-0.0656728744506836,-6.066254274287804,3.254052454847944,3.175713012380356,0,,,,,,,,True,3.0,-6.0,0.0,optimal,0,3.0,-6.0,1.9705089497855175,1.6371677324467182
1760670370.179408,0,leader,auto,1.0007715225219727,0.928378164768219,1.1582194566726685,0.9,1,1,-0.10077152252197263,0.071621835231781,-0.15821945667266846,0,0,0,0,1.0,0,0,0,0,0,0,False,,,,,,,,,
1760670370.2798586,1,follower,auto,0.06078276038169861,0.9694178700447083,1.0656728744506836,0.09999999999999998,1.0,1.0,0.03921723961830137,0.030582129955291748,-0.0656728744506836,0,0,0,0,1.0,0,0,0,0,0,0,False,,,,,,,,,
1760670370.2818983,0,follower,auto,0.9946580529212952,0.9290830492973328,1.1611757278442383,0.9,1,1,-0.09465805292129514,0.07091695070266724,-0.16117572784423828,-15.936932562299248,-10.396253354089257,6.842873314900796,0,,,,,,,,True,-9.0,-16.0,0.0,optimal,0,-9.0,-16.0,6.08505874535275,4.9836858666641906
1760670370.3831124,1,follower,auto,0.05298059806227684,0.969759464263916,1.0600528717041016,0.09999999999999998,1.0,1.0,0.04701940193772314,0.030240535736083984,-0.06005287170410156,-6.063857733082468,4.258506057521359,3.186356237460063,0,,,,,,,,True,4.0,-6.0,0.0,optimal,0,4.0,-6.0,1.9275242748109012,1.6714325899508111
1760670370.4854248,0,leader,auto,0.9946580529212952,0.9290830492973328,1.1611757278442383,0.9,1,1,-0.09465805292129514,0.07091695070266724,-0.16117572784423828,0,0,0,0,1.0,0,0,0,0,0,0,False,,,,,,,,,
1760670370.5857196,1,follower,auto,0.05298059806227684,0.969759464263916,1.0600528717041016,0.09999999999999998,1.0,1.0,0.04701940193772314,0.030240535736083984,-0.06005287170410156,0,0,0,0,1.0,0,0,0,0,0,0,False,,,,,,,,,
1760670370.5861778,0,follower,auto,0.9884206652641296,0.9262687563896179,1.170398235321045,0.9,1,1,-0.08842066526412962,0.07373124361038208,-0.17039823532104492,-16.919967272432945,-9.37778904806429,6.790263766015649,0,,,,,,,,True,-8.0,-17.0,0.0,optimal,0,-8.0,-17.0,6.086547318941443,5.083394020363517
1760670370.6866894,1,follower,auto,0.0491773821413517,0.9713333249092102,1.057485580444336,0.09999999999999998,1.0,1.0,0.05082261785864828,0.028666675090789795,-0.05748558044433594,-5.075060000679402,5.238635394121902,2.1905531915810363,0,,,,,,,,True,5.0,-5.0,0.0,optimal,0,5.0,-5.0,1.907209010719229,1.7838261485954776
1760670370.7914448,0,leader,auto,0.9884206652641296,0.9262687563896179,1.170398235321045,0.9,1,1,-0.08842066526412962,0.07373124361038208,-0.17039823532104492,0,0,0,0,1.0,0,0,0,0,0,0,False,,,,,,,,,
1760670370.8917384,1,follower,auto,0.0491773821413517,0.9713333249092102,1.057485580444336,0.09999999999999998,1.0,1.0,0.05082261785864828,0.028666675090789795,-0.05748558044433594,0,0,0,0,1.0,0,0,0,0,0,0,False,,,,,,,,,
1760670370.8927817,0,follower,auto,0.984398603439331,0.9236937761306763,1.1802949905395508,0.9,1,1,-0.08439860343933103,0.07630622386932373,-0.18029499053955078,-17.917300551698297,-9.378496000791651,6.764744339574897,0,,,,,,,,True,-8.0,-18.0,0.0,optimal,0,-8.0,-18.0,6.101686674111518,5.1424246481580855
1760670370.9934285,1,follower,auto,0.04792432114481926,0.9691296219825745,1.0592422485351562,0.09999999999999998,1.0,1.0,0.05207567885518072,0.030870378017425537,-0.05924224853515625,-5.061137160855981,5.218905420458524,3.1805563698049384,0,,,,,,,,True,5.0,-5.0,0.0,optimal,0,5.0,-5.0,1.9091545433156512,1.931987977387406
1760670371.0987787,0,leader,auto,0.984398603439331,0.9236937761306763,1.1802949905395508,0.9,1,1,-0.08439860343933103,0.07630622386932373,-0.18029499053955078,0,0,0,0,1.0,0,0,0,0,0,0,False,,,,,,,,,
1760670371.1993794,1,follower,auto,0.04792432114481926,0.9691296219825745,1.0592422485351562,0.09999999999999998,1.0,1.0,0.05207567885518072,0.030870378017425537,-0.05924224853515625,0,0,0,0,1.0,0,0,0,0,0,0,False,,,,,,,,,
1760670371.201915,0,follower,auto,0.9844920039176941,0.9250070452690125,1.1880888938903809,0.9,1,1,-0.08449200391769407,0.07499295473098755,-0.18808889389038086,-17.936347174515035,-9.397817022055406,6.764274900612093,0,,,,,,,,True,-8.0,-18.0,0.0,optimal,0,-8.0,-18.0,6.129962409985085,5.252320887183728
1760670371.3034532,1,follower,auto,0.047632426023483276,0.9682102799415588,1.0634970664978027,0.09999999999999998,1.0,1.0,0.0523675739765167,0.03178972005844116,-0.06349706649780273,-6.058838633059994,5.210773525455954,3.168710682685256,0,,,,,,,,True,5.0,-6.0,0.0,optimal,0,5.0,-6.0,1.9223886163261277,1.9909552416232579
1760670371.4315522,0,leader,auto,0.9844920039176941,0.9250070452690125,1.1880888938903809,0.9,1,1,-0.08449200391769407,0.07499295473098755,-0.18808889389038086,0,0,0,0,1.0,0,0,0,0,0,0,False,,,,,,,,,
1760670371.5318525,1,follower,auto,0.047632426023483276,0.9682102799415588,1.0634970664978027,0.09999999999999998,1.0,1.0,0.0523675739765167,0.03178972005844116,-0.06349706649780273,0,0,0,0,1.0,0,0,0,0,0,0,False,,,,,,,,,
1760670371.5325432,0,follower,auto,0.9921333193778992,0.9244555830955505,1.19025719165802,0.9,1,1,-0.09213331937789915,0.07554441690444946,-0.19025719165802002,-18.921047922333987,-10.449542711734777,6.793249662356632,0,,,,,,,,True,-9.0,-19.0,0.0,optimal,0,-9.0,-19.0,6.175749293836766,5.311424806465524
1760670371.6331654,1,follower,auto,0.04567272588610649,0.9757766127586365,1.0682623386383057,0.09999999999999998,1.0,1.0,0.05432727411389349,0.024223387241363525,-0.06826233863830566,-6.106970276641707,5.229566878399063,2.157525019018376,0,,,,,,,,True,5.0,-6.0,0.0,optimal,0,5.0,-6.0,1.9322034060671358,1.975524398258055
1760670371.7381573,0,leader,auto,0.9921333193778992,0.9244555830955505,1.19025719165802,0.9,1,1,-0.09213331937789915,0.07554441690444946,-0.19025719165802002,0,0,0,0,1.0,0,0,0,0,0,0,False,,,,,,,,,
1760670371.8383882,1,follower,auto,0.04567272588610649,0.9757766127586365,1.0682623386383057,0.09999999999999998,1.0,1.0,0.05432727411389349,0.024223387241363525,-0.06826233863830566,0,0,0,0,1.0,0,0,0,0,0,0,False,,,,,,,,,
1760670371.8387978,0,follower,auto,1.0034843683242798,0.9206140637397766,1.183303952217102,0.9,1,1,-0.10348436832427976,0.07938593626022339,-0.18330395221710205,-17.887936948645386,-11.49689268691391,6.853750942837315,0,,,,,,,,True,-10.0,-18.0,0.0,optimal,0,-10.0,-18.0,6.207606968437155,5.2883785375764685
1760670371.9391665,1,follower,auto,0.04330921173095703,0.9841724038124084,1.071087121963501,0.09999999999999998,1.0,1.0,0.05669078826904295,0.015827596187591553,-0.07108712196350098,-7.139596452178914,5.253152290790024,1.1488209772612226,0,,,,,,,,True,5.0,-7.0,0.0,optimal,0,5.0,-7.0,1.9343354922058849,1.9045815090814795
1760670372.0960062,0,leader,auto,1.0034843683242798,0.9206140637397766,1.183303952217102,0.9,1,1,-0.10348436832427976,0.07938593626022339,-0.18330395221710205,0,0,0,0,1.0,0,0,0,0,0,0,False,,,,,,,,,
1760670372.196407,1,follower,auto,0.04330921173095703,0.9841724038124084,1.071087121963501,0.09999999999999998,1.0,1.0,0.05669078826904295,0.015827596187591553,-0.07108712196350098,0,0,0,0,1.0,0,0,0,0,0,0,False,,,,,,,,,
1760670372.1975818,0,follower,auto,1.0112254619598389,0.9107122421264648,1.1729850769042969,0.9,1,1,-0.11122546195983884,0.08928775787353516,-0.17298507690429688,-16.844859724911533,-12.496667414525302,7.8981197770509475,0,,,,,,,,True,-11.0,-17.0,0.0,optimal,0,-11.0,-17.0,6.209729403720742,5.105602456718227
1760670372.2983632,1,follower,auto,0.0464482381939888,0.9830688834190369,1.0717568397521973,0.09999999999999998,1.0,1.0,0.05355176180601118,0.016931116580963135,-0.07175683975219727,-7.117177858907687,5.237848791274054,1.1431782605798713,0,,,,,,,,True,5.0,-7.0,0.0,optimal,0,5.0,-7.0,1.946273084671546,1.9686015269765154
1760670372.4026563,0,leader,auto,1.0112254619598389,0.9107122421264648,1.1729850769042969,0.9,1,1,-0.11122546195983884,0.08928775787353516,-0.17298507690429688,0,0,0,0,1.0,0,0,0,0,0,0,False,,,,,,,,,
1760670372.5032272,1,follower,auto,0.0464482381939888,0.9830688834190369,1.0717568397521973,0.09999999999999998,1.0,1.0,0.05355176180601118,0.016931116580963135,-0.07175683975219727,0,0,0,0,1.0,0,0,0,0,0,0,False,,,,,,,,,
1760670372.5043802,0,follower,auto,1.0069172382354736,0.9076574444770813,1.1678355932235718,0.9,1,1,-0.10691723823547361,0.0923425555229187,-0.16783559322357178,-15.877762232921267,-11.432592325544103,8.892582741262714,0,,,,,,,,True,-10.0,-16.0,0.0,optimal,0,-10.0,-16.0,6.169876724030312,4.87122976004588
1760670372.6047933,1,follower,auto,0.04969297721982002,0.9712747931480408,1.0718131065368652,0.09999999999999998,1.0,1.0,0.050307022780179955,0.02872520685195923,-0.07181310653686523,-7.048483712958904,5.219413374302573,2.1411981809899707,0,,,,,,,,True,5.0,-7.0,0.0,optimal,0,5.0,-7.0,1.9565073868328735,1.9787594460857338
1760670372.7076342,0,leader,auto,1.0069172382354736,0.9076574444770813,1.1678355932235718,0.9,1,1,-0.10691723823547361,0.0923425555229187,-0.16783559322357178,0,0,0,0,1.0,0,0,0,0,0,0,False,,,,,,,,,
1760670372.8079042,1,follower,auto,0.04969297721982002,0.9712747931480408,1.0718131065368652,0.09999999999999998,1.0,1.0,0.050307022780179955,0.02872520685195923,-0.07181310653686523,0,0,0,0,1.0,0,0,0,0,0,0,False,,,,,,,,,
1760670372.808566,0,follower,auto,1.0008203983306885,0.9088562726974487,1.1649175882339478,0.9,1,1,-0.10082039833068845,0.09114372730255127,-0.16491758823394775,-15.925059537500664,-11.397990635413153,8.885650750065505,0,,,,,,,,True,-10.0,-16.0,0.0,optimal,0,-10.0,-16.0,6.129036757964398,4.823964122932443
1760670372.9092474,1,follower,auto,0.05110667645931244,0.9568109512329102,1.0731910467147827,0.09999999999999998,1.0,1.0,0.04889332354068754,0.043189048767089844,-0.07319104671478271,-6.997101188745383,4.2137061408349235,4.130951798819467,0,,,,,,,,True,4.0,-7.0,0.0,optimal,0,4.0,-7.0,1.9655002005631648,1.9497209233589228
1760670373.0153656,0,leader,auto,1.0008203983306885,0.9088562726974487,1.1649175882339478,0.9,1,1,-0.10082039833068845,0.09114372730255127,-0.16491758823394775,0,0,0,0,1.0,0,0,0,0,0,0,False,,,,,,,,,
1760670373.115805,1,follower,auto,0.05110667645931244,0.9568109512329102,1.0731910467147827,0.09999999999999998,1.0,1.0,0.04889332354068754,0.043189048767089844,-0.07319104671478271,0,0,0,0,1.0,0,0,0,0,0,0,False,,,,,,,,,
1760670373.118407,0,follower,auto,0.992777943611145,0.9065938591957092,1.1610918045043945,0.9,1,1,-0.092777943611145,0.09340614080429077,-0.16109180450439453,-15.922163969400682,-10.367314941846795,8.89635668875714,0,,,,,,,,True,-9.0,-16.0,0.0,optimal,0,-9.0,-16.0,6.075386220046754,4.726882536044806
1760670373.21947,1,follower,auto,0.05339978635311127,0.9515480995178223,1.0766359567642212,0.09999999999999998,1.0,1.0,0.04660021364688871,0.048451900482177734,-0.07663595676422119,-7.022878134562458,4.196176841741454,4.110223745364834,0,,,,,,,,True,4.0,-7.0,0.0,optimal,0,4.0,-7.0,1.9841590277565668,2.0300070196629107
1760670373.320933,0,leader,auto,0.992777943611145,0.9065938591957092,1.1610918045043945,0.9,1,1,-0.092777943611145,0.09340614080429077,-0.16109180450439453,0,0,0,0,1.0,0,0,0,0,0,0,False,,,,,,,,,
1760670373.4212751,1,follower,auto,0.05339978635311127,0.9515480995178223,1.0766359567642212,0.09999999999999998,1.0,1.0,0.04660021364688871,0.048451900482177734,-0.07663595676422119,0,0,0,0,1.0,0,0,0,0,0,0,False,,,,,,,,,
1760670373.4220126,0,follower,auto,0.9907101988792419,0.9014691710472107,1.164363980293274,0.9,1,1,-0.09071019887924192,0.0985308289527893,-0.16436398029327393,-15.887904970682609,-10.379782413963516,8.868017842417776,0,,,,,,,,True,-9.0,-16.0,0.0,optimal,0,-9.0,-16.0,6.0766175497573975,5.081971376744809
1760670373.522521,1,follower,auto,0.056715112179517746,0.9597691297531128,1.0809298753738403,0.09999999999999998,1.0,1.0,0.04328488782048223,0.04023087024688721,-0.08092987537384033,-8.10861229727086,4.183201143335,4.102178691345122,0,,,,,,,,True,4.0,-8.0,0.0,optimal,0,4.0,-8.0,2.0088871864124034,2.0696473846054957
1760670373.6254518,0,leader,auto,0.9907101988792419,0.9014691710472107,1.164363980293274,0.9,1,1,-0.09071019887924192,0.0985308289527893,-0.16436398029327393,0,0,0,0,1.0,0,0,0,0,0,0,False,,,,,,,,,
1760670373.7279675,1,follower,auto,0.056715112179517746,0.9597691297531128,1.0809298753738403,0.09999999999999998,1.0,1.0,0.04328488782048223,0.04023087024688721,-0.08092987537384033,0,0,0,0,1.0,0,0,0,0,0,0,False,,,,,,,,,
1760670373.7294514,0,follower,auto,0.9919370412826538,0.9125133752822876,1.1721153259277344,0.9,1,1,-0.09193704128265379,0.0874866247177124,-0.17211532592773438,-16.949245059143585,-10.402188540965032,7.833554998053854,0,,,,,,,,True,-9.0,-17.0,0.0,optimal,0,-9.0,-17.0,6.1101429461045065,5.280498057524667
1760670373.830557,1,follower,auto,0.05633779615163803,0.9723447561264038,1.0842219591140747,0.09999999999999998,1.0,1.0,0.04366220384836195,0.02765524387359619,-0.08422195911407471,-8.148913409797599,4.199646148999243,2.1111215587012966,0,,,,,,,,True,4.0,-8.0,0.0,optimal,0,4.0,-8.0,2.01879094329219,1.9806451906018205
1760670373.9361756,0,leader,auto,0.9919370412826538,0.9125133752822876,1.1721153259277344,0.9,1,1,-0.09193704128265379,0.0874866247177124,-0.17211532592773438,0,0,0,0,1.0,0,0,0,0,0,0,False,,,,,,,,,
1760670374.0374691,1,follower,auto,0.05633779615163803,0.9723447561264038,1.0842219591140747,0.09999999999999998,1.0,1.0,0.04366220384836195,0.02765524387359619,-0.08422195911407471,0,0,0,0,1.0,0,0,0,0,0,0,False,,,,,,,,,
1760670374.0381932,0,follower,auto,0.9851425886154175,0.9201508164405823,1.1851062774658203,0.9,1,1,-0.08514258861541746,0.07984918355941772,-0.1851062774658203,-17.94322656501862,-9.371842211922917,6.789941678945347,0,,,,,,,,True,-8.0,-18.0,0.0,optimal,0,-8.0,-18.0,6.122538107598016,5.146433222345255
1760670374.1404908,1,follower,auto,0.0513145811855793,0.9871830344200134,1.0883630514144897,0.09999999999999998,1.0,1.0,0.04868541881442068,0.012816965579986572,-0.08836305141448975,-8.180618997361734,4.22071369839302,1.1215067039594948,0,,,,,,,,True,4.0,-8.0,0.0,optimal,0,4.0,-8.0,2.0171467231806357,1.905828932469709
1760670374.3196673,0,leader,auto,0.9851425886154175,0.9201508164405823,1.1851062774658203,0.9,1,1,-0.08514258861541746,0.07984918355941772,-0.1851062774658203,0,0,0,0,1.0,0,0,0,0,0,0,False,,,,,,,,,
1760670374.419985,1,follower,auto,0.0513145811855793,0.9871830344200134,1.0883630514144897,0.09999999999999998,1.0,1.0,0.04868541881442068,0.012816965579986572,-0.08836305141448975,0,0,0,0,1.0,0,0,0,0,0,0,False,,,,,,,,,
1760670374.420729,0,follower,auto,0.9680620431900024,0.9156097173690796,1.1935100555419922,0.9,1,1,-0.06806204319000242,0.08439028263092041,-0.1935100555419922,-18.872681131689347,-7.30495944233713,7.791931232960261,0,,,,,,,,True,-6.0,-19.0,0.0,optimal,0,-6.0,-19.0,6.06800856836545,4.752006605474659
1760670374.5213625,1,follower,auto,0.044483594596385956,0.9965288639068604,1.091316819190979,0.09999999999999998,1.0,1.0,0.05551640540361402,0.0034711360931396484,-0.091316819190979,-9.184652404769205,5.2200493227395155,0.13380158933001457,0,,,,,,,,True,5.0,-9.0,0.0,optimal,0,5.0,-9.0,2.005982156855664,1.8506673140882999
1760670374.6263118,0,leader,auto,0.9680620431900024,0.9156097173690796,1.1935100555419922,0.9,1,1,-0.06806204319000242,0.08439028263092041,-0.1935100555419922,0,0,0,0,1.0,0,0,0,0,0,0,False,,,,,,,,,
1760670374.7267406,1,follower,auto,0.044483594596385956,0.9965288639068604,1.091316819190979,0.09999999999999998,1.0,1.0,0.05551640540361402,0.0034711360931396484,-0.091316819190979,0,0,0,0,1.0,0,0,0,0,0,0,False,,,,,,,,,
1760670374.7284915,0,follower,auto,0.9632952809333801,0.9196870923042297,1.195101261138916,0.9,1,1,-0.0632952809333801,0.08031290769577026,-0.19510126113891602,-18.895847925760926,-7.341611543258957,7.818906694993745,0,,,,,,,,True,-6.0,-19.0,0.0,optimal,0,-6.0,-19.0,6.0502121788111864,4.898767873068957
1760670374.8303878,1,follower,auto,0.03945900499820709,0.9993504285812378,1.0897835493087769,0.09999999999999998,1.0,1.0,0.060540995001792886,0.000649571418762207,-0.08978354930877686,-8.150327681536657,6.217262185169838,0.1585698216915062,0,,,,,,,,True,6.0,-8.0,0.0,optimal,0,6.0,-8.0,1.985302471584637,1.8128855076573256
1760670374.9353669,0,leader,auto,0.9632952809333801,0.9196870923042297,1.195101261138916,0.9,1,1,-0.0632952809333801,0.08031290769577026,-0.19510126113891602,0,0,0,0,1.0,0,0,0,0,0,0,False,,,,,,,,,
1760670375.035643,1,follower,auto,0.03945900499820709,0.9993504285812378,1.0897835493087769,0.09999999999999998,1.0,1.0,0.060540995001792886,0.000649571418762207,-0.08978354930877686,0,0,0,0,1.0,0,0,0,0,0,0,False,,,,,,,,,
1760670375.0363348,0,follower,auto,0.9615045189857483,0.9274346232414246,1.1939247846603394,0.9,1,1,-0.06150451898574827,0.07256537675857544,-0.19392478466033936,-18.929036968713575,-7.368156610864679,6.834564522011688,0,,,,,,,,True,-6.0,-19.0,0.0,optimal,0,-6.0,-19.0,6.037170630005905,4.9171178385351215
1760670375.1369789,1,follower,auto,0.03555740416049957,0.9995049834251404,1.0849636793136597,0.09999999999999998,1.0,1.0,0.0644425958395004,0.0004950165748596191,-0.08496367931365967,-8.118004473756308,6.214759727136368,0.18386308818340097,0,,,,,,,,True,6.0,-8.0,0.0,optimal,0,6.0,-8.0,1.957039142078358,1.7348090246589898
1760670375.2578037,0,leader,auto,0.9615045189857483,0.9274346232414246,1.1939247846603394,0.9,1,1,-0.06150451898574827,0.07256537675857544,-0.19392478466033936,0,0,0,0,1.0,0,0,0,0,0,0,False,,,,,,,,,
1760670375.35815,1,follower,auto,0.03555740416049957,0.9995049834251404,1.0849636793136597,0.09999999999999998,1.0,1.0,0.0644425958395004,0.0004950165748596191,-0.08496367931365967,0,0,0,0,1.0,0,0,0,0,0,0,False,,,,,,,,,
1760670375.358989,0,follower,auto,0.9622944593429565,0.9344986081123352,1.1981511116027832,0.9,1,1,-0.06229445934295652,0.0655013918876648,-0.1981511116027832,-18.947286437083953,-7.389529518839204,5.801459942788962,0,,,,,,,,True,-6.0,-19.0,0.0,optimal,0,-6.0,-19.0,6.056241424669347,5.138601454313216
1760670375.4594178,1,follower,auto,0.034000467509031296,0.9968486428260803,1.0780235528945923,0.09999999999999998,1.0,1.0,0.06599953249096868,0.0031513571739196777,-0.07802355289459229,-7.0853381015987855,6.206731838156603,0.2154662980713838,0,,,,,,,,True,6.0,-7.0,0.0,optimal,0,6.0,-7.0,1.9289204783869174,1.743812558182011
1760670375.6147635,0,leader,auto,0.9622944593429565,0.9344986081123352,1.1981511116027832,0.9,1,1,-0.06229445934295652,0.0655013918876648,-0.1981511116027832,0,0,0,0,1.0,0,0,0,0,0,0,False,,,,,,,,,
1760670375.7150314,1,follower,auto,0.034000467509031296,0.9968486428260803,1.0780235528945923,0.09999999999999998,1.0,1.0,0.06599953249096868,0.0031513571739196777,-0.07802355289459229,0,0,0,0,1.0,0,0,0,0,0,0,False,,,,,,,,,
1760670375.7160294,0,follower,auto,0.9661833047866821,0.934938907623291,1.2082263231277466,0.9,1,1,-0.0661833047866821,0.06506109237670898,-0.20822632312774658,-19.93731393519928,-7.408805004710401,5.74774831966492,0,,,,,,,,True,-6.0,-20.0,0.0,optimal,0,-6.0,-20.0,6.111742528460651,5.342281573120989
1760670375.8167248,1,follower,auto,0.03728644177317619,0.9861247539520264,1.0719388723373413,0.09999999999999998,1.0,1.0,0.06271355822682378,0.013875246047973633,-0.07193887233734131,-7.029282351080527,6.183831457732565,1.2405693225287913,0,,,,,,,,True,6.0,-7.0,0.0,optimal,0,6.0,-7.0,1.9186291968922937,1.8489040801793042
1760670375.9207733,0,leader,auto,0.9661833047866821,0.934938907623291,1.2082263231277466,0.9,1,1,-0.0661833047866821,0.06506109237670898,-0.20822632312774658,0,0,0,0,1.0,0,0,0,0,0,0,False,,,,,,,,,
1760670376.0210786,1,follower,auto,0.03728644177317619,0.9861247539520264,1.0719388723373413,0.09999999999999998,1.0,1.0,0.06271355822682378,0.013875246047973633,-0.07193887233734131,0,0,0,0,1.0,0,0,0,0,0,0,False,,,,,,,,,
1760670376.0220242,0,follower,auto,0.9745266437530518,0.9312292337417603,1.2172093391418457,0.9,1,1,-0.07452664375305174,0.06877076625823975,-0.2172093391418457,-20,-8.438676986494494,5.722547919857301,0,,,,,,,,True,-7.0,-21.0,0.0,optimal,0,-7.0,-21.0,6.185531892908086,5.507385385394045
1760670376.2227623,1,follower,auto,0.041861943900585175,0.9792612195014954,1.0669578313827515,0.09999999999999998,1.0,1.0,0.0581380560994148,0.02073878049850464,-0.06695783138275146,-6.0289722084236,5.176925789807274,2.2571390775508737,0,,,,,,,,True,5.0,-6.0,0.0,optimal,0,5.0,-6.0,1.9160866656571773,1.8842448861215342
1760670376.3440123,0,leader,auto,0.9745266437530518,0.9312292337417603,1.2172093391418457,0.9,1,1,-0.07452664375305174,0.06877076625823975,-0.2172093391418457,0,0,0,0,1.0,0,0,0,0,0,0,False,,,,,,,,,
1760670376.4444282,1,follower,auto,0.041861943900585175,0.9792612195014954,1.0669578313827515,0.09999999999999998,1.0,1.0,0.0581380560994148,0.02073878049850464,-0.06695783138275146,0,0,0,0,1.0,0,0,0,0,0,0,False,,,,,,,,,
1760670376.4455025,0,follower,auto,0.9991514086723328,0.9196639060974121,1.2228621244430542,0.9,1,1,-0.09915140867233274,0.08033609390258789,-0.2228621244430542,-20,-10.540911909460673,7.715544894727408,0,,,,,,,,True,-9.0,-22.0,0.0,optimal,0,-9.0,-22.0,6.32858408819795,5.729521620510523
1760670376.5463316,1,follower,auto,0.04876213148236275,0.9657773971557617,1.059468150138855,0.09999999999999998,1.0,1.0,0.05123786851763723,0.03422260284423828,-0.05946815013885498,-4.999615451670643,5.189981749950062,3.286076167454334,0,,,,,,,,True,5.0,-5.0,0.0,optimal,0,5.0,-5.0,1.9124986812390645,1.907165530735634
1760670376.6735878,0,leader,auto,0.9991514086723328,0.9196639060974121,1.2228621244430542,0.9,1,1,-0.09915140867233274,0.08033609390258789,-0.2228621244430542,0,0,0,0,1.0,0,0,0,0,0,0,False,,,,,,,,,
1760670376.773866,1,follower,auto,0.04876213148236275,0.9657773971557617,1.059468150138855,0.09999999999999998,1.0,1.0,0.05123786851763723,0.03422260284423828,-0.05946815013885498,0,0,0,0,1.0,0,0,0,0,0,0,False,,,,,,,,,
1760670380.78151,0,follower,auto,1.01060950756073,0.9165309071540833,1.2203257083892822,0.9,1,1,-0.11060950756072996,0.08346909284591675,-0.22032570838928223,-20,-12.521994340313867,7.754805599269968,0,,,,,,,,True,-11.0,-22.0,0.0,optimal,0,-11.0,-22.0,6.376745784077274,5.3176271443923895
1760670389.0979586,1,follower,auto,0.051094889640808105,0.9572884440422058,1.057633638381958,0.09999999999999998,1.0,1.0,0.04890511035919187,0.04271155595779419,-0.05763363838195801,-5.004616266780184,4.218793692863944,4.264038616189364,0,,,,,,,,True,4.0,-5.0,0.0,optimal,0,4.0,-5.0,1.9136446357652392,1.8939292308668332
1760670389.2995613,0,leader,auto,1.01060950756073,0.9165309071540833,1.2203257083892822,0.9,1,1,-0.11060950756072996,0.08346909284591675,-0.22032570838928223,0,0,0,0,1.0,0,0,0,0,0,0,False,,,,,,,,,
1760670389.4000983,1,follower,auto,0.051094889640808105,0.9572884440422058,1.057633638381958,0.09999999999999998,1.0,1.0,0.04890511035919187,0.04271155595779419,-0.05763363838195801,0,0,0,0,1.0,0,0,0,0,0,0,False,,,,,,,,,
1760670389.5106113,0,leader,auto,1.010119915008545,0.050722673535346985,1.2140412330627441,0.9,1,1,-0.1101199150085449,0.949277326464653,-0.21404123306274414,0,0,0,0,1.0,0,0,0,0,0,0,False,,,,,,,,,
1760670389.61092,1,follower,auto,0.07020878791809082,0.06084486469626427,1.1438060998916626,0.09999999999999998,1.0,1.0,0.029791212081909157,0.9391551353037357,-0.1438060998916626,0,0,0,0,1.0,0,0,0,0,0,0,False,,,,,,,,,
1760670389.7136323,0,leader,auto,1.0101193189620972,0.05071377381682396,1.214039921760559,0.9,1,1,-0.11011931896209715,0.949286226183176,-0.21403992176055908,0,0,0,0,1.0,0,0,0,0,0,0,False,,,,,,,,,
1760670389.8139975,1,follower,auto,0.07021819800138474,0.06085557863116264,1.1437857151031494,0.09999999999999998,1.0,1.0,0.029781801998615243,0.9391444213688374,-0.14378571510314941,0,0,0,0,1.0,0,0,0,0,0,0,False,,,,,,,,,
1760670389.9864836,0,leader,auto,1.0101184844970703,0.05071984604001045,1.21403169631958,0.9,1,1,-0.11011848449707029,0.9492801539599895,-0.21403169631958008,0,0,0,0,1.0,0,0,0,0,0,0,False,,,,,,,,,
1760670390.0869062,1,follower,auto,0.07022850960493088,0.06084325537085533,1.1437746286392212,0.09999999999999998,1.0,1.0,0.0297714903950691,0.9391567446291447,-0.1437746286392212,0,0,0,0,1.0,0,0,0,0,0,0,False,,,,,,,,,
1760670390.2034512,0,leader,auto,1.0101208686828613,0.05072769150137901,1.2140530347824097,0.9,1,1,-0.1101208686828613,0.949272308498621,-0.21405303478240967,0,0,0,0,1.0,0,0,0,0,0,0,False,,,,,,,,,
1760670390.3039675,1,follower,auto,0.07021404057741165,0.060832429677248,1.1437749862670898,0.09999999999999998,1.0,1.0,0.029785959422588326,0.939167570322752,-0.14377498626708984,0,0,0,0,1.0,0,0,0,0,0,0,False,,,,,,,,,
1760670390.4062808,0,leader,auto,1.010117769241333,0.05072079226374626,1.214042067527771,0.9,1,1,-0.11011776924133299,0.9492792077362537,-0.214042067527771,0,0,0,0,1.0,0,0,0,0,0,0,False,,,,,,,,,
1760670390.5068042,1,follower,auto,0.07020948082208633,0.06086120381951332,1.1437691450119019,0.09999999999999998,1.0,1.0,0.029790519177913644,0.9391387961804867,-0.14376914501190186,0,0,0,0,1.0,0,0,0,0,0,0,False,,,,,,,,,
1760670390.623153,0,leader,auto,1.0101264715194702,0.05071807652711868,1.2140320539474487,0.9,1,1,-0.11012647151947019,0.9492819234728813,-0.21403205394744873,0,0,0,0,1.0,0,0,0,0,0,0,False,,,,,,,,,
1760670390.7234452,1,follower,auto,0.07021813094615936,0.06084396690130234,1.1437772512435913,0.09999999999999998,1.0,1.0,0.029781869053840615,0.9391560330986977,-0.1437772512435913,0,0,0,0,1.0,0,0,0,0,0,0,False,,,,,,,,,
1760670390.887409,0,leader,auto,1.0101231336593628,0.050726741552352905,1.2140331268310547,0.9,1,1,-0.11012313365936277,0.9492732584476471,-0.2140331268310547,0,0,0,0,1.0,0,0,0,0,0,0,False,,,,,,,,,
1760670390.9878144,1,follower,auto,0.07021907716989517,0.06083681806921959,1.1437803506851196,0.09999999999999998,1.0,1.0,0.029780922830104806,0.9391631819307804,-0.14378035068511963,0,0,0,0,1.0,0,0,0,0,0,0,False,,,,,,,,,
1760670391.0907605,0,leader,auto,1.0101189613342285,0.050709184259176254,1.2140306234359741,0.9,1,1,-0.1101189613342285,0.9492908157408237,-0.21403062343597412,0,0,0,0,1.0,0,0,0,0,0,0,False,,,,,,,,,
1760670391.1909862,1,follower,auto,0.07020170241594315,0.06083397567272186,1.1437853574752808,0.09999999999999998,1.0,1.0,0.029798297584056832,0.9391660243272781,-0.14378535747528076,0,0,0,0,1.0,0,0,0,0,0,0,False,,,,,,,,,
1760670391.2950544,0,leader,auto,1.0101159811019897,0.050713956356048584,1.214034914970398,0.9,1,1,-0.11011598110198972,0.9492860436439514,-0.21403491497039795,0,0,0,0,1.0,0,0,0,0,0,0,False,,,,,,,,,
1760670391.3953006,1,follower,auto,0.07020727545022964,0.06086035817861557,1.1437721252441406,0.09999999999999998,1.0,1.0,0.029792724549770333,0.9391396418213844,-0.14377212524414062,0,0,0,0,1.0,0,0,0,0,0,0,False,,,,,,,,,
