timestamp,drone_id,role,mode,x,y,z,target_x,target_y,target_z,error_x,error_y,error_z,rc_lr,rc_fb,rc_ud,rc_yaw,trust,obs_error_x,obs_error_y,obs_error_z,obs_state_x,obs_state_y,obs_state_z,cbf_fire_flag,rc_safe_x,rc_safe_z,rc_diff_norm,qp_status,active_constraint_id,rc_nom_x,rc_nom_z,h_x,HOh_x,h2_value,h2_satisfied,h3_value,h3_satisfied,velocity_diff_x,velocity_diff_y
1761030564.1175401,0,leader,manual,0.6031143665313721,0.051694177091121674,0.8237961530685425,0.55,1,1,-0.053114366531372026,0.9483058229088783,0.17620384693145752,0,0,0,0,1.0,0,0,0,0,0,0,False,,,,,,,,,,,,,,,
1761030564.117606,1,follower,manual,0.043159376829862595,0.056580089032649994,0.8254098892211914,0.1,1,1,0.05684062317013741,0.94341991096735,0.1745901107788086,0,0,0,0,1.0,0,0,0,0,0,0,False,,,,,,,,,,,,,,,
1761030564.319738,0,leader,manual,0.603108823299408,0.05169747397303581,0.8238142132759094,0.55,1,1,-0.053108823299407915,0.9483025260269642,0.17618578672409058,0,0,0,0,1.0,0,0,0,0,0,0,False,,,,,,,,,,,,,,,
1761030564.3200521,1,follower,manual,0.043155450373888016,0.05658280476927757,0.8254181146621704,0.1,1,1,0.05684454962611199,0.9434171952307224,0.1745818853378296,0,0,0,0,1.0,0,0,0,0,0,0,False,,,,,,,,,,,,,,,
1761030572.7544775,0,leader,manual,0.6031096577644348,0.05170244723558426,0.8238176107406616,0.55,1,1,-0.05310965776443477,0.9482975527644157,0.17618238925933838,0,0,0,0,1.0,0,0,0,0,0,0,False,,,,,,,,,,,,,,,
1761030572.7546,1,follower,manual,0.04314688220620155,0.0565793514251709,0.8254272937774658,0.1,1,1,0.05685311779379845,0.9434206485748291,0.17457270622253418,0,0,0,0,1.0,0,0,0,0,0,0,False,,,,,,,,,,,,,,,
1761030572.9291942,0,leader,manual,0.603114664554596,0.05169425159692764,0.8238016366958618,0.55,1,1,-0.0531146645545959,0.9483057484030724,0.17619836330413818,0,0,0,0,1.0,0,0,0,0,0,0,False,,,,,,,,,,,,,,,
1761030572.929249,1,follower,manual,0.04316813126206398,0.056585945188999176,0.8254093527793884,0.1,1,1,0.056831868737936025,0.9434140548110008,0.17459064722061157,0,0,0,0,1.0,0,0,0,0,0,0,False,,,,,,,,,,,,,,,
1761030573.1306183,0,leader,manual,0.6031234860420227,0.051692117005586624,0.8237926363945007,0.55,1,1,-0.05312348604202266,0.9483078829944134,0.17620736360549927,0,0,0,0,1.0,0,0,0,0,0,0,False,,,,,,,,,,,,,,,
1761030573.1307786,1,follower,manual,0.04315045475959778,0.05655797943472862,0.8254141211509705,0.1,1,1,0.05684954524040223,0.9434420205652714,0.17458587884902954,0,0,0,0,1.0,0,0,0,0,0,0,False,,,,,,,,,,,,,,,
1761030573.335971,0,leader,manual,0.6031183004379272,0.05169679969549179,0.8237990140914917,0.55,1,1,-0.0531183004379272,0.9483032003045082,0.1762009859085083,0,0,0,0,1.0,0,0,0,0,0,0,False,,,,,,,,,,,,,,,
1761030573.336146,1,follower,manual,0.0431460440158844,0.05656803399324417,0.825424075126648,0.1,1,1,0.056853955984115606,0.9434319660067558,0.17457592487335205,0,0,0,0,1.0,0,0,0,0,0,0,False,,,,,,,,,,,,,,,
1761030573.5678198,0,leader,manual,0.603114664554596,0.051684584468603134,0.8238018155097961,0.55,1,1,-0.0531146645545959,0.9483154155313969,0.17619818449020386,0,0,0,0,1.0,0,0,0,0,0,0,False,,,,,,,,,,,,,,,
1761030573.5679622,1,follower,manual,0.04314788430929184,0.056558143347501755,0.8254228830337524,0.1,1,1,0.056852115690708166,0.9434418566524982,0.17457711696624756,0,0,0,0,1.0,0,0,0,0,0,0,False,,,,,,,,,,,,,,,
1761030573.746017,0,leader,manual,0.6031188368797302,0.05168944224715233,0.8237993121147156,0.55,1,1,-0.05311883687973018,0.9483105577528477,0.17620068788528442,0,0,0,0,1.0,0,0,0,0,0,0,False,,,,,,,,,,,,,,,
1761030573.746066,1,follower,manual,0.0431654118001461,0.05658571422100067,0.8254027366638184,0.1,1,1,0.0568345881998539,0.9434142857789993,0.17459726333618164,0,0,0,0,1.0,0,0,0,0,0,0,False,,,,,,,,,,,,,,,
1761030573.9474082,0,leader,manual,0.6031203269958496,0.05168437585234642,0.823808491230011,0.55,1,1,-0.053120326995849565,0.9483156241476536,0.176191508769989,0,0,0,0,1.0,0,0,0,0,0,0,False,,,,,,,,,,,,,,,
1761030573.9474921,1,follower,manual,0.043150000274181366,0.0565548874437809,0.8254222273826599,0.1,1,1,0.05684999972581864,0.9434451125562191,0.1745777726173401,0,0,0,0,1.0,0,0,0,0,0,0,False,,,,,,,,,,,,,,,
1761030574.1517155,0,leader,manual,0.6031203269958496,0.05169307067990303,0.8238072395324707,0.55,1,1,-0.053120326995849565,0.948306929320097,0.1761927604675293,0,0,0,0,1.0,0,0,0,0,0,0,False,,,,,,,,,,,,,,,
1761030574.1519358,1,follower,manual,0.04314657300710678,0.05657069385051727,0.8254233002662659,0.1,1,1,0.056853426992893225,0.9434293061494827,0.17457669973373413,0,0,0,0,1.0,0,0,0,0,0,0,False,,,,,,,,,,,,,,,
1761030574.3546348,0,leader,manual,0.6031242609024048,0.05169432610273361,0.8238080143928528,0.55,1,1,-0.05312426090240474,0.9483056738972664,0.17619198560714722,0,0,0,0,1.0,0,0,0,0,0,0,False,,,,,,,,,,,,,,,
1761030574.3547301,1,follower,manual,0.04317246377468109,0.05658278986811638,0.8254128098487854,0.1,1,1,0.056827536225318914,0.9434172101318836,0.1745871901512146,0,0,0,0,1.0,0,0,0,0,0,0,False,,,,,,,,,,,,,,,
1761030574.5591707,0,leader,manual,0.603107750415802,0.051701199263334274,0.8238253593444824,0.55,1,1,-0.05310775041580196,0.9482988007366657,0.17617464065551758,0,0,0,0,1.0,0,0,0,0,0,0,False,,,,,,,,,,,,,,,
1761030574.5592473,1,follower,manual,0.043240539729595184,0.05666719749569893,0.8255186676979065,0.1,1,1,0.05675946027040482,0.9433328025043011,0.1744813323020935,0,0,0,0,1.0,0,0,0,0,0,0,False,,,,,,,,,,,,,,,
1761030574.7646713,0,leader,manual,0.6031171679496765,0.051696039736270905,0.8238052725791931,0.55,1,1,-0.05311716794967647,0.9483039602637291,0.17619472742080688,0,0,0,0,1.0,0,0,0,0,0,0,False,,,,,,,,,,,,,,,
1761030574.7647455,1,follower,manual,0.043142206966876984,0.05657670274376869,0.8254271745681763,0.1,1,1,0.05685779303312302,0.9434232972562313,0.17457282543182373,0,0,0,0,1.0,0,0,0,0,0,0,False,,,,,,,,,,,,,,,
1761030574.9678788,0,leader,manual,0.6031234264373779,0.05169505253434181,0.823799192905426,0.55,1,1,-0.053123426437377885,0.9483049474656582,0.17620080709457397,0,0,0,0,1.0,0,0,0,0,0,0,False,,,,,,,,,,,,,,,
1761030574.9681718,1,follower,manual,0.04316604137420654,0.056580301374197006,0.825409471988678,0.1,1,1,0.05683395862579346,0.943419698625803,0.17459052801132202,0,0,0,0,1.0,0,0,0,0,0,0,False,,,,,,,,,,,,,,,
1761030575.1716182,0,leader,manual,0.6031090617179871,0.051700375974178314,0.8238140940666199,0.55,1,1,-0.053109061717987016,0.9482996240258217,0.17618590593338013,0,0,0,0,1.0,0,0,0,0,0,0,False,,,,,,,,,,,,,,,
1761030575.1719496,1,follower,manual,0.04316644370555878,0.05659228190779686,0.8254081010818481,0.1,1,1,0.05683355629444123,0.9434077180922031,0.17459189891815186,0,0,0,0,1.0,0,0,0,0,0,0,False,,,,,,,,,,,,,,,
1761030575.377149,0,leader,manual,0.6031194925308228,0.05168876424431801,0.8238064050674438,0.55,1,1,-0.05311949253082271,0.948311235755682,0.17619359493255615,0,0,0,0,1.0,0,0,0,0,0,0,False,,,,,,,,,,,,,,,
1761030575.3772385,1,follower,manual,0.043156690895557404,0.05656534805893898,0.8254227042198181,0.1,1,1,0.0568433091044426,0.943434651941061,0.17457729578018188,0,0,0,0,1.0,0,0,0,0,0,0,False,,,,,,,,,,,,,,,
1761030575.5780828,0,leader,manual,0.6031197905540466,0.051681309938430786,0.8237976431846619,0.55,1,1,-0.053119790554046586,0.9483186900615692,0.17620235681533813,0,0,0,0,1.0,0,0,0,0,0,0,False,,,,,,,,,,,,,,,
1761030575.6783388,1,follower,manual,0.043163131922483444,0.05656944215297699,0.8254061937332153,0.1,1,1,0.05683686807751656,0.943430557847023,0.17459380626678467,0,0,0,0,1.0,0,0,0,0,0,0,False,,,,,,,,,,,,,,,
1761030575.788095,0,leader,manual,0.6031140089035034,0.051707033067941666,0.8238056898117065,0.55,1,1,-0.053114008903503374,0.9482929669320583,0.17619431018829346,0,0,0,0,1.0,0,0,0,0,0,0,False,,,,,,,,,,,,,,,
1761030575.8884895,1,follower,manual,0.04314244166016579,0.05657695606350899,0.8254227638244629,0.1,1,1,0.05685755833983422,0.943423043936491,0.1745772361755371,0,0,0,0,1.0,0,0,0,0,0,0,False,,,,,,,,,,,,,,,
1761030576.054291,0,leader,manual,0.6031204462051392,0.05169677734375,0.8237981796264648,0.55,1,1,-0.053120446205139116,0.94830322265625,0.17620182037353516,0,0,0,0,1.0,0,0,0,0,0,0,False,,,,,,,,,,,,,,,
1761030576.1545424,1,follower,manual,0.04313981533050537,0.05656327307224274,0.8254251480102539,0.1,1,1,0.056860184669494634,0.9434367269277573,0.1745748519897461,0,0,0,0,1.0,0,0,0,0,0,0,False,,,,,,,,,,,,,,,
1761030576.2564113,0,leader,manual,0.6031138300895691,0.0516953319311142,0.8238148093223572,0.55,1,1,-0.05311383008956905,0.9483046680688858,0.17618519067764282,0,0,0,0,1.0,0,0,0,0,0,0,False,,,,,,,,,,,,,,,
1761030576.3566444,1,follower,manual,0.043147213757038116,0.056575194001197815,0.8254285454750061,0.1,1,1,0.05685278624296189,0.9434248059988022,0.1745714545249939,0,0,0,0,1.0,0,0,0,0,0,0,False,,,,,,,,,,,,,,,
1761030576.4595556,0,leader,manual,0.6031203269958496,0.051694538444280624,0.823811411857605,0.55,1,1,-0.053120326995849565,0.9483054615557194,0.17618858814239502,0,0,0,0,1.0,0,0,0,0,0,0,False,,,,,,,,,,,,,,,
1761030576.5598316,1,follower,manual,0.04315249249339104,0.05656914412975311,0.825428307056427,0.1,1,1,0.05684750750660897,0.9434308558702469,0.174571692943573,0,0,0,0,1.0,0,0,0,0,0,0,False,,,,,,,,,,,,,,,
1761030576.6737938,0,leader,manual,0.6031196713447571,0.05169535428285599,0.8237996101379395,0.55,1,1,-0.053119671344757036,0.948304645717144,0.17620038986206055,0,0,0,0,1.0,0,0,0,0,0,0,False,,,,,,,,,,,,,,,
1761030576.774087,1,follower,manual,0.04315389692783356,0.056564778089523315,0.8254181146621704,0.1,1,1,0.05684610307216645,0.9434352219104767,0.1745818853378296,0,0,0,0,1.0,0,0,0,0,0,0,False,,,,,,,,,,,,,,,
1761030576.9204752,0,leader,manual,0.6031208038330078,0.051692333072423935,0.8237966299057007,0.55,1,1,-0.05312080383300777,0.9483076669275761,0.17620337009429932,0,0,0,0,1.0,0,0,0,0,0,0,False,,,,,,,,,,,,,,,
1761030577.0208755,1,follower,manual,0.04314877837896347,0.0565691813826561,0.825419008731842,0.1,1,1,0.056851221621036535,0.9434308186173439,0.17458099126815796,0,0,0,0,1.0,0,0,0,0,0,0,False,,,,,,,,,,,,,,,
1761030577.124508,0,leader,manual,0.6031294465065002,0.05169057473540306,0.8237829208374023,0.55,1,1,-0.0531294465065002,0.9483094252645969,0.17621707916259766,0,0,0,0,1.0,0,0,0,0,0,0,False,,,,,,,,,,,,,,,
1761030577.224795,1,follower,manual,0.04316188395023346,0.056579917669296265,0.825408935546875,0.1,1,1,0.056838116049766546,0.9434200823307037,0.174591064453125,0,0,0,0,1.0,0,0,0,0,0,0,False,,,,,,,,,,,,,,,
1761030577.3382666,0,leader,manual,0.6031193137168884,0.051701147109270096,0.8237969279289246,0.55,1,1,-0.05311931371688838,0.9482988528907299,0.17620307207107544,0,0,0,0,1.0,0,0,0,0,0,0,False,,,,,,,,,,,,,,,
1761030577.4385839,1,follower,manual,0.043159548193216324,0.0565887913107872,0.8254024386405945,0.1,1,1,0.05684045180678368,0.9434112086892128,0.17459756135940552,0,0,0,0,1.0,0,0,0,0,0,0,False,,,,,,,,,,,,,,,
1761030583.6505864,0,leader,manual,0.603126585483551,0.051701080054044724,0.8237846493721008,0.55,1,1,-0.05312658548355098,0.9482989199459553,0.17621535062789917,0,0,0,0,1.0,0,0,0,0,0,0,False,,,,,,,,,,,,,,,
1761030583.751064,1,follower,manual,0.04314829781651497,0.056565940380096436,0.8254126906394958,0.1,1,1,0.05685170218348504,0.9434340596199036,0.17458730936050415,0,0,0,0,1.0,0,0,0,0,0,0,False,,,,,,,,,,,,,,,
1761030583.7541502,0,follower,auto,0.6634052991867065,0.8398047685623169,0.8455039858818054,0.55,1,1,-0.1134052991867065,0.1601952314376831,0.15449601411819458,14.96589857339859,-11.911301959306002,15.860367864370346,0,,,,,,,,True,-11.0,15.0,0.0,optimal,0,-11.0,15.0,2.065849686687512,2.0325593282633254,0.0,True,0.0,True,0.0,0.0
1761030583.855037,1,follower,auto,0.0558706596493721,0.817070484161377,0.7524158954620361,0.10000000000000003,1.0,1.0,0.04412934035062793,0.18292951583862305,0.24758410453796387,20,4.236301959306002,18.139632135629654,0,,,,,,,,True,4.0,24.0,0.0,optimal,0,4.0,24.0,1.1440153696753785,1.344725439117174,0.0,True,0.0,True,0.0,0.0
1761030584.1175177,0,leader,auto,0.6634052991867065,0.8398047685623169,0.8455039858818054,0.55,1,1,-0.1134052991867065,0.1601952314376831,0.15449601411819458,0,0,0,0,1.0,0,0,0,0,0,0,False,,,,,,,,,,,,,,,
1761030584.2178457,1,follower,auto,0.0558706596493721,0.817070484161377,0.7524158954620361,0.10000000000000003,1.0,1.0,0.04412934035062793,0.18292951583862305,0.24758410453796387,0,0,0,0,1.0,0,0,0,0,0,0,False,,,,,,,,,,,,,,,
1761030584.2195086,0,follower,auto,0.6756543517112732,0.853796660900116,0.8435875177383423,0.55,1,1,-0.12565435171127315,0.14620333909988403,0.15641248226165771,14.820421993732452,-13.04159021191299,13.885809850692748,0,,,,,,,,True,-12.0,15.0,0.0,optimal,0,-12.0,15.0,2.0819979614931703,2.0996912682919606,0.0,True,0.0,True,0.0,0.0
1761030584.32032,1,follower,auto,0.04985557124018669,0.812432587146759,0.7567285299301147,0.10000000000000003,1.0,1.0,0.05014442875981334,0.18756741285324097,0.24327147006988525,20,5.3142249133437875,18.09406235218048,0,,,,,,,,True,5.0,24.0,0.0,optimal,0,5.0,24.0,1.1517944044200674,1.4070193619428315,0.0,True,0.0,True,0.0,0.0
1761030584.4690614,0,leader,auto,0.6756543517112732,0.853796660900116,0.8435875177383423,0.55,1,1,-0.12565435171127315,0.14620333909988403,0.15641248226165771,0,0,0,0,1.0,0,0,0,0,0,0,False,,,,,,,,,,,,,,,
1761030584.5694554,1,follower,auto,0.04985557124018669,0.812432587146759,0.7567285299301147,0.10000000000000003,1.0,1.0,0.05014442875981334,0.18756741285324097,0.24327147006988525,0,0,0,0,1.0,0,0,0,0,0,0,False,,,,,,,,,,,,,,,
1761030584.5711315,0,follower,auto,0.6829418540000916,0.8748976588249207,0.8573545217514038,0.55,1,1,-0.1329418540000915,0.12510234117507935,0.1426454782485962,13.709295105934142,-14.045322431996464,11.77324120759964,0,,,,,,,,True,-13.0,14.0,0.0,optimal,0,-13.0,14.0,2.131997615264101,2.3264726570889636,0.0,True,0.0,True,0.0,0.0
1761030584.671925,1,follower,auto,0.04744865372776985,0.8227663636207581,0.7800575494766235,0.10000000000000003,1.0,1.0,0.05255134627223018,0.17723363637924194,0.21994245052337646,20,5.313615930303931,16.909113855361937,0,,,,,,,,True,5.0,21.0,0.0,optimal,0,5.0,21.0,1.2097781662037843,1.760372026436609,0.0,True,0.0,True,0.0,0.0
1761030584.7742605,0,leader,auto,0.6829418540000916,0.8748976588249207,0.8573545217514038,0.55,1,1,-0.1329418540000915,0.12510234117507935,0.1426454782485962,0,0,0,0,1.0,0,0,0,0,0,0,False,,,,,,,,,,,,,,,
1761030584.87461,1,follower,auto,0.04744865372776985,0.8227663636207581,0.7800575494766235,0.10000000000000003,1.0,1.0,0.05255134627223018,0.17723363637924194,0.21994245052337646,0,0,0,0,1.0,0,0,0,0,0,0,False,,,,,,,,,,,,,,,
1761030584.8755436,0,follower,auto,0.686758279800415,0.8927204608917236,0.8774349689483643,0.55,1,1,-0.136758279800415,0.10727953910827637,0.12256503105163574,11.700505027770996,-14.020943908244371,9.70157624053955,0,,,,,,,,True,-13.0,12.0,0.0,optimal,0,-13.0,12.0,2.1936673404763725,2.479572472885912,0.0,True,0.0,True,0.0,0.0
1761030584.9760568,1,follower,auto,0.04591751843690872,0.835366427898407,0.8130989670753479,0.10000000000000003,1.0,1.0,0.05408248156309131,0.16463357210159302,0.1869010329246521,17.957655642986296,5.309735517457128,15.756906614065171,0,,,,,,,,True,5.0,18.0,0.0,optimal,0,5.0,18.0,1.294704323208513,2.081580145562777,0.0,True,0.0,True,0.0,0.0
1761030585.0843015,0,leader,auto,0.686758279800415,0.8927204608917236,0.8774349689483643,0.55,1,1,-0.136758279800415,0.10727953910827637,0.12256503105163574,0,0,0,0,1.0,0,0,0,0,0,0,False,,,,,,,,,,,,,,,
1761030585.1845524,1,follower,auto,0.04591751843690872,0.835366427898407,0.8130989670753479,0.10000000000000003,1.0,1.0,0.05408248156309131,0.16463357210159302,0.1869010329246521,0,0,0,0,1.0,0,0,0,0,0,0,False,,,,,,,,,,,,,,,
1761030585.1850138,0,follower,auto,0.6858376860618591,0.908279299736023,0.8994925022125244,0.55,1,1,-0.1358376860618591,0.09172070026397705,0.10050749778747559,9.710596042752266,-13.971169256299735,8.68681180408001,0,,,,,,,,True,-13.0,10.0,0.0,optimal,0,-13.0,10.0,2.2532876697965016,2.4837912999327667,0.0,True,0.0,True,0.0,0.0
1761030585.2854838,1,follower,auto,0.04517274349927902,0.8451656103134155,0.8546065092086792,0.10000000000000003,1.0,1.0,0.05482725650072101,0.15483438968658447,0.1453934907913208,13.973844779896735,5.29929583594352,14.616786418962478,0,,,,,,,,True,5.0,14.0,0.0,optimal,0,5.0,14.0,1.4050684689454866,2.349304500055984,0.0,True,0.0,True,0.0,0.0
1761030585.3869648,0,leader,auto,0.6858376860618591,0.908279299736023,0.8994925022125244,0.55,1,1,-0.1358376860618591,0.09172070026397705,0.10050749778747559,0,0,0,0,1.0,0,0,0,0,0,0,False,,,,,,,,,,,,,,,
1761030585.4872775,1,follower,auto,0.04517274349927902,0.8451656103134155,0.8546065092086792,0.10000000000000003,1.0,1.0,0.05482725650072101,0.15483438968658447,0.1453934907913208,0,0,0,0,1.0,0,0,0,0,0,0,False,,,,,,,,,,,,,,,
1761030585.4877288,0,follower,auto,0.6814760565757751,0.9211727976799011,0.9194216132164001,0.55,1,1,-0.1314760565757751,0.07882720232009888,0.08057838678359985,7.732170420253277,-13.925114905649423,6.727031892330647,0,,,,,,,,True,-13.0,8.0,0.0,optimal,0,-13.0,8.0,2.301757754382227,2.428611974018044,0.0,True,0.0,True,0.0,0.0
1761030585.5882142,1,follower,auto,0.04234202951192856,0.8537700176239014,0.8982177376747131,0.10000000000000003,1.0,1.0,0.057657970488071475,0.14622998237609863,0.10178226232528687,9.992579422404766,5.311468564719409,13.530308723034858,0,,,,,,,,True,5.0,10.0,0.0,optimal,0,5.0,10.0,1.5237425012161532,2.531562483136117,0.0,True,0.0,True,0.0,0.0
1761030585.7436197,0,leader,auto,0.6814760565757751,0.9211727976799011,0.9194216132164001,0.55,1,1,-0.1314760565757751,0.07882720232009888,0.08057838678359985,0,0,0,0,1.0,0,0,0,0,0,0,False,,,,,,,,,,,,,,,
1761030585.8439364,1,follower,auto,0.04234202951192856,0.8537700176239014,0.8982177376747131,0.10000000000000003,1.0,1.0,0.057657970488071475,0.14622998237609863,0.10178226232528687,0,0,0,0,1.0,0,0,0,0,0,0,False,,,,,,,,,,,,,,,
1761030585.84443,0,follower,auto,0.6761001348495483,0.9326503872871399,0.936686635017395,0.55,1,1,-0.1261001348495483,0.06734961271286011,0.06331336498260498,5.753907515813112,-12.898801933844089,5.796789427337408,0,,,,,,,,True,-12.0,6.0,0.0,optimal,0,-12.0,6.0,2.3416199335210024,2.3563967805693067,0.0,True,0.0,True,0.0,0.0
1761030585.9448042,1,follower,auto,0.04007645696401596,0.8662083148956299,0.9461295008659363,0.10000000000000003,1.0,1.0,0.05992354303598407,0.13379168510437012,0.05387049913406372,4.962623987200975,5.306396583467856,12.432927763337613,0,,,,,,,,True,5.0,5.0,0.0,optimal,0,5.0,5.0,1.6589272384631568,2.6177219525958297,0.0,True,0.0,True,0.0,0.0
1761030586.050962,0,leader,auto,0.6761001348495483,0.9326503872871399,0.936686635017395,0.55,1,1,-0.1261001348495483,0.06734961271286011,0.06331336498260498,0,0,0,0,1.0,0,0,0,0,0,0,False,,,,,,,,,,,,,,,
1761030586.1511972,1,follower,auto,0.04007645696401596,0.8662083148956299,0.9461295008659363,0.10000000000000003,1.0,1.0,0.05992354303598407,0.13379168510437012,0.05387049913406372,0,0,0,0,1.0,0,0,0,0,0,0,False,,,,,,,,,,,,,,,
1761030586.151667,0,follower,auto,0.6732551455497742,0.9377245903015137,0.9450952410697937,0.55,1,1,-0.12325514554977413,0.06227540969848633,0.0549047589302063,4.828495974603057,-12.91179635744369,5.916478887122083,0,,,,,,,,True,-12.0,5.0,0.0,optimal,0,-12.0,5.0,2.3608748049917225,2.2548503780052136,0.0,True,0.0,True,0.0,0.0
1761030586.2520635,1,follower,auto,0.03841225057840347,0.881089985370636,0.9799776673316956,0.10000000000000003,1.0,1.0,0.06158774942159656,0.11891001462936401,0.020022332668304443,1.9188341389903785,6.299451996088068,10.497479380927896,0,,,,,,,,True,6.0,2.0,0.0,optimal,0,6.0,2.0,1.7571742970264264,2.5969485417489064,0.0,True,0.0,True,0.0,0.0
1761030586.3578355,0,leader,auto,0.6732551455497742,0.9377245903015137,0.9450952410697937,0.55,1,1,-0.12325514554977413,0.06227540969848633,0.0549047589302063,0,0,0,0,1.0,0,0,0,0,0,0,False,,,,,,,,,,,,,,,
1761030586.4580963,1,follower,auto,0.03841225057840347,0.881089985370636,0.9799776673316956,0.10000000000000003,1.0,1.0,0.06158774942159656,0.11891001462936401,0.020022332668304443,0,0,0,0,1.0,0,0,0,0,0,0,False,,,,,,,,,,,,,,,
1761030586.458537,0,follower,auto,0.6728038191795349,0.9384915828704834,0.9467049241065979,0.55,1,1,-0.12280381917953487,0.0615084171295166,0.0532950758934021,4.911084635634053,-12.93532550743543,6.029537026560667,0,,,,,,,,True,-12.0,5.0,0.0,optimal,0,-12.0,5.0,2.3647416442086597,2.156085103588272,0.0,True,0.0,True,0.0,0.0
1761030586.5589046,1,follower,auto,0.038632456213235855,0.900820255279541,1.0025794506072998,0.10000000000000003,1.0,1.0,0.06136754378676418,0.09917974472045898,-0.0025794506072998047,-0.1590626063701701,6.28106361320616,8.591274136830096,0,,,,,,,,True,6.0,0.0,0.0,optimal,0,6.0,0.0,1.8246904545456968,2.4411913960489238,0.0,True,0.0,True,0.0,0.0
1761030586.6629775,0,leader,auto,0.6728038191795349,0.9384915828704834,0.9467049241065979,0.55,1,1,-0.12280381917953487,0.0615084171295166,0.0532950758934021,0,0,0,0,1.0,0,0,0,0,0,0,False,,,,,,,,,,,,,,,
1761030586.7633648,1,follower,auto,0.038632456213235855,0.900820255279541,1.0025794506072998,0.10000000000000003,1.0,1.0,0.06136754378676418,0.09917974472045898,-0.0025794506072998047,0,0,0,0,1.0,0,0,0,0,0,0,False,,,,,,,,,,,,,,,
1761030586.764343,0,follower,auto,0.6729421615600586,0.9352416396141052,0.9427188038825989,0.55,1,1,-0.12294216156005855,0.06475836038589478,0.05728119611740112,4.99933790075148,-12.946128703948327,6.1214081092108374,0,,,,,,,,True,-12.0,5.0,0.0,optimal,0,-12.0,5.0,2.3534655645055844,2.0470485200658843,0.0,True,0.0,True,0.0,0.0
1761030586.8650882,1,follower,auto,0.039778102189302444,0.9230822324752808,1.0121902227401733,0.10000000000000003,1.0,1.0,0.06022189781069759,0.07691776752471924,-0.01219022274017334,-1.2334323770629523,6.2665646334841885,6.717588163771845,0,,,,,,,,True,6.0,-1.0,0.0,optimal,0,6.0,-1.0,1.8542128080404787,2.208799747209975,0.0,True,0.0,True,0.0,0.0
1761030586.9693882,0,leader,auto,0.6729421615600586,0.9352416396141052,0.9427188038825989,0.55,1,1,-0.12294216156005855,0.06475836038589478,0.05728119611740112,0,0,0,0,1.0,0,0,0,0,0,0,False,,,,,,,,,,,,,,,
1761030587.0697289,1,follower,auto,0.039778102189302444,0.9230822324752808,1.0121902227401733,0.10000000000000003,1.0,1.0,0.06022189781069759,0.07691776752471924,-0.01219022274017334,0,0,0,0,1.0,0,0,0,0,0,0,False,,,,,,,,,,,,,,,
1761030587.0708885,0,follower,auto,0.6724787354469299,0.9284412860870361,0.9340205192565918,0.55,1,1,-0.12247873544692989,0.07155871391296387,0.0659794807434082,6.0805568632702975,-12.939527683607182,7.194486056072387,0,,,,,,,,True,-12.0,6.0,0.0,optimal,0,-12.0,6.0,2.3276339934560193,1.9456274912996288,0.0,True,0.0,True,0.0,0.0
1761030587.171641,1,follower,auto,0.04280828312039375,0.9405484795570374,1.0115272998809814,0.10000000000000003,1.0,1.0,0.05719171687960628,0.059451520442962646,-0.011527299880981445,-1.240378712023114,5.241597721997054,4.83584696869809,0,,,,,,,,True,5.0,-1.0,0.0,optimal,0,5.0,-1.0,1.8536706406373635,1.98206791759654,0.0,True,0.0,True,0.0,0.0
1761030587.2767642,0,leader,auto,0.6724787354469299,0.9284412860870361,0.9340205192565918,0.55,1,1,-0.12247873544692989,0.07155871391296387,0.0659794807434082,0,0,0,0,1.0,0,0,0,0,0,0,False,,,,,,,,,,,,,,,
1761030587.3772616,1,follower,auto,0.04280828312039375,0.9405484795570374,1.0115272998809814,0.10000000000000003,1.0,1.0,0.05719171687960628,0.059451520442962646,-0.011527299880981445,0,0,0,0,1.0,0,0,0,0,0,0,False,,,,,,,,,,,,,,,
1761030587.3787355,0,follower,auto,0.6714910864830017,0.9233598709106445,0.92268306016922,0.55,1,1,-0.12149108648300166,0.07664012908935547,0.07731693983078003,7.09987309686008,-12.926660913609398,7.242129544706009,0,,,,,,,,True,-12.0,7.0,0.0,optimal,0,-12.0,7.0,2.2935238035117793,1.8781319498416658,0.0,True,0.0,True,0.0,0.0
1761030587.47996,1,follower,auto,0.04719071090221405,0.9490067958831787,1.0049678087234497,0.10000000000000003,1.0,1.0,0.05280928909778598,0.05099320411682129,-0.004967808723449707,-0.17618562114382227,5.216265783056066,4.917304744782324,0,,,,,,,,True,5.0,0.0,0.0,optimal,0,5.0,0.0,1.8360313528502037,1.858575802456078,0.0,True,0.0,True,0.0,0.0
1761030587.621011,0,leader,auto,0.6714910864830017,0.9233598709106445,0.92268306016922,0.55,1,1,-0.12149108648300166,0.07664012908935547,0.07731693983078003,0,0,0,0,1.0,0,0,0,0,0,0,False,,,,,,,,,,,,,,,
1761030587.7213602,1,follower,auto,0.04719071090221405,0.9490067958831787,1.0049678087234497,0.10000000000000003,1.0,1.0,0.05280928909778598,0.05099320411682129,-0.004967808723449707,0,0,0,0,1.0,0,0,0,0,0,0,False,,,,,,,,,,,,,,,
1761030587.7223287,0,follower,auto,0.6721143126487732,0.9226930737495422,0.9093763828277588,0.55,1,1,-0.12211431264877315,0.07730692625045776,0.09062361717224121,9.06448642942805,-12.933125690261404,7.2716810078295655,0,,,,,,,,True,-12.0,9.0,0.0,optimal,0,-12.0,9.0,2.2569251627994995,1.8847602638550571,0.0,True,0.0,True,0.0,0.0
1761030587.8230262,1,follower,auto,0.051562655717134476,0.9496694207191467,0.9922391772270203,0.10000000000000003,1.0,1.0,0.04843734428286556,0.05033057928085327,0.007760822772979736,-0.0873451391820444,4.205547714857592,4.9948458732552155,0,,,,,,,,True,4.0,0.0,0.0,optimal,0,4.0,0.0,1.8000615318026318,1.7022862185243406,0.0,True,0.0,True,0.0,0.0
1761030587.9282594,0,leader,auto,0.6721143126487732,0.9226930737495422,0.9093763828277588,0.55,1,1,-0.12211431264877315,0.07730692625045776,0.09062361717224121,0,0,0,0,1.0,0,0,0,0,0,0,False,,,,,,,,,,,,,,,
1761030588.0285053,1,follower,auto,0.051562655717134476,0.9496694207191467,0.9922391772270203,0.10000000000000003,1.0,1.0,0.04843734428286556,0.05033057928085327,0.007760822772979736,0,0,0,0,1.0,0,0,0,0,0,0,False,,,,,,,,,,,,,,,
1761030588.0290058,0,follower,auto,0.6735689640045166,0.923999547958374,0.8994772434234619,0.55,1,1,-0.12356896400451656,0.07600045204162598,0.10052275657653809,10.027719624440369,-12.938983440031075,7.247336783137101,0,,,,,,,,True,-12.0,10.0,0.0,optimal,0,-12.0,10.0,2.231659289732056,1.924718631761815,0.0,True,0.0,True,0.0,0.0
1761030588.1294782,1,follower,auto,0.05618569254875183,0.9449911713600159,0.9794558882713318,0.10000000000000003,1.0,1.0,0.0438143074512482,0.05500882863998413,0.020544111728668213,1.9937456738959451,4.197157466636101,5.023153679412211,0,,,,,,,,True,4.0,2.0,0.0,optimal,0,4.0,2.0,1.7644208344073988,1.652751411381024,0.0,True,0.0,True,0.0,0.0
1761030588.233707,0,leader,auto,0.6735689640045166,0.923999547958374,0.8994772434234619,0.55,1,1,-0.12356896400451656,0.07600045204162598,0.10052275657653809,0,0,0,0,1.0,0,0,0,0,0,0,False,,,,,,,,,,,,,,,
1761030588.3339384,1,follower,auto,0.05618569254875183,0.9449911713600159,0.9794558882713318,0.10000000000000003,1.0,1.0,0.0438143074512482,0.05500882863998413,0.020544111728668213,0,0,0,0,1.0,0,0,0,0,0,0,False,,,,,,,,,,,,,,,
1761030588.3343484,0,follower,auto,0.6756560802459717,0.9268947839736938,0.8923640847206116,0.55,1,1,-0.12565608024597164,0.07310521602630615,0.10763591527938843,9.995493166923671,-12.945993707591136,7.2077700996774965,0,,,,,,,,True,-12.0,10.0,0.0,optimal,0,-12.0,10.0,2.215451315291606,1.967701144508365,0.0,True,0.0,True,0.0,0.0
1761030588.4346828,1,follower,auto,0.059263166040182114,0.9408571124076843,0.9655700325965881,0.10000000000000003,1.0,1.0,0.04073683395981792,0.059142887592315674,0.034429967403411865,3.0213525352481216,4.2075633618164066,5.049768759859086,0,,,,,,,,True,4.0,3.0,0.0,optimal,0,4.0,3.0,1.7251129097103435,1.5928109860818622,0.0,True,0.0,True,0.0,0.0
1761030588.542758,0,leader,auto,0.6756560802459717,0.9268947839736938,0.8923640847206116,0.55,1,1,-0.12565608024597164,0.07310521602630615,0.10763591527938843,0,0,0,0,1.0,0,0,0,0,0,0,False,,,,,,,,,,,,,,,
1761030588.6430492,1,follower,auto,0.059263166040182114,0.9408571124076843,0.9655700325965881,0.10000000000000003,1.0,1.0,0.04073683395981792,0.059142887592315674,0.034429967403411865,0,0,0,0,1.0,0,0,0,0,0,0,False,,,,,,,,,,,,,,,
1761030588.643616,0,follower,auto,0.6782079935073853,0.930055558681488,0.888298511505127,0.55,1,1,-0.1282079935073852,0.06994444131851196,0.11170148849487305,10.988274497771307,-12.952146693807494,6.158974579107122,0,,,,,,,,True,-12.0,11.0,0.0,optimal,0,-12.0,11.0,2.208622036907619,2.0390963520340812,0.0,True,0.0,True,0.0,0.0
1761030588.7440073,1,follower,auto,0.0620151124894619,0.9450289607048035,0.9519221186637878,0.10000000000000003,1.0,1.0,0.037984887510538135,0.05497103929519653,0.04807788133621216,3.955185179638958,3.2135651685052515,5.067080370799447,0,,,,,,,,True,3.0,4.0,0.0,optimal,0,3.0,4.0,1.6867297578380078,1.5411037159711605,0.0,True,0.0,True,0.0,0.0
1761030588.9015052,0,leader,auto,0.6782079935073853,0.930055558681488,0.888298511505127,0.55,1,1,-0.1282079935073852,0.06994444131851196,0.11170148849487305,0,0,0,0,1.0,0,0,0,0,0,0,False,,,,,,,,,,,,,,,
1761030589.0017412,1,follower,auto,0.0620151124894619,0.9450289607048035,0.9519221186637878,0.10000000000000003,1.0,1.0,0.037984887510538135,0.05497103929519653,0.04807788133621216,0,0,0,0,1.0,0,0,0,0,0,0,False,,,,,,,,,,,,,,,
1761030589.002212,0,follower,auto,0.6871809959411621,0.9357407093048096,0.8833261728286743,0.54484610080719,1.0,1.0257694959640502,-0.14233489513397213,0.06425929069519043,0.1424433231353759,13.980090994532121,-15.019638094042733,6.136069202760266,0,,,,,,,,True,-14.0,14.0,0.0,optimal,0,-14.0,14.0,2.2106814199919795,2.099361138041759,0.0,True,0.0,True,0.0,0.0
1761030589.1026134,1,follower,auto,0.06324255466461182,0.9611420035362244,0.9334860444068909,0.09484610080718997,1.0,1.0257694959640502,0.031603546142578154,0.038857996463775635,0.09228345155715934,8.819842083671121,3.239879901737076,3.1283779508518412,0,,,,,,,,True,3.0,9.0,0.0,optimal,0,3.0,9.0,1.634178882095666,1.4683457631482082,0.0,True,0.0,True,0.0,0.0
1761030589.2037165,0,leader,auto,0.6871809959411621,0.9357407093048096,0.8833261728286743,0.54484610080719,1.0,1.0257694959640502,-0.14233489513397213,0.06425929069519043,0.1424433231353759,0,0,0,0,1.0,0,0,0,0,0,0,False,,,,,,,,,,,,,,,
1761030589.3040893,1,follower,auto,0.06324255466461182,0.9611420035362244,0.9334860444068909,0.09484610080718997,1.0,1.0257694959640502,0.031603546142578154,0.038857996463775635,0.09228345155715934,0,0,0,0,1.0,0,0,0,0,0,0,False,,,,,,,,,,,,,,,
1761030589.4054549,0,follower,auto,0.6993069052696228,0.9398369193077087,0.8795781135559082,0.5520203447341919,1.0,0.9898982763290405,-0.14728656053543088,0.06016308069229126,0.11032016277313228,10.997129746942285,-15.083909238199888,6.110296259623589,0,,,,,,,,True,-14.0,11.0,0.0,optimal,0,-14.0,11.0,2.2219886812681047,2.1316663496895463,0.0,True,0.0,True,0.0,0.0
1761030589.406302,1,follower,auto,0.061351925134658813,0.972464382648468,0.9199539422988892,0.10202034473419191,1.0,0.9898982763290405,0.0406684195995331,0.027535617351531982,0.06994433403015132,5.813334027951488,4.2915054302007265,2.1141912420584927,0,,,,,,,,True,4.0,6.0,0.0,optimal,0,4.0,6.0,1.5945740270217492,1.5320127727294774,0.0,True,0.0,True,0.0,0.0
1761030589.6126223,0,leader,auto,0.6993069052696228,0.9398369193077087,0.8795781135559082,0.5520203447341919,1.0,0.9898982763290405,-0.14728656053543088,0.06016308069229126,0.11032016277313228,0,0,0,0,1.0,0,0,0,0,0,0,False,,,,,,,,,,,,,,,
1761030589.612861,1,follower,auto,0.061351925134658813,0.972464382648468,0.9199539422988892,0.10202034473419191,1.0,0.9898982763290405,0.0406684195995331,0.027535617351531982,0.06994433403015132,0,0,0,0,1.0,0,0,0,0,0,0,False,,,,,,,,,,,,,,,
1761030589.713908,0,follower,auto,0.7152624726295471,0.9424402713775635,0.8786947131156921,0.5580920743942261,1.0,0.9595396280288696,-0.15717039823532097,0.05755972862243652,0.08084491491317747,8.015667268237044,-16.15832421364501,5.06546970316822,0,,,,,,,,True,-15.0,8.0,0.0,optimal,0,-15.0,8.0,2.248504505777113,2.1868373475203167,0.0,True,0.0,True,0.0,0.0
1761030589.7148876,1,follower,auto,0.05779286101460457,0.9778261780738831,0.9074476361274719,0.10809207439422613,1.0,0.9595396280288696,0.050299213379621566,0.022173821926116943,0.05209199190139768,4.860564625270822,5.343972444030354,2.1143500828741244,0,,,,,,,,True,5.0,5.0,0.0,optimal,0,5.0,5.0,1.5573660076309037,1.4706612332196833,0.0,True,0.0,True,0.0,0.0
1761030589.9194176,0,leader,auto,0.7152624726295471,0.9424402713775635,0.8786947131156921,0.5580920743942261,1.0,0.9595396280288696,-0.15717039823532097,0.05755972862243652,0.08084491491317747,0,0,0,0,1.0,0,0,0,0,0,0,False,,,,,,,,,,,,,,,
1761030589.9195213,1,follower,auto,0.05779286101460457,0.9778261780738831,0.9074476361274719,0.10809207439422613,1.0,0.9595396280288696,0.050299213379621566,0.022173821926116943,0.05209199190139768,0,0,0,0,1.0,0,0,0,0,0,0,False,,,,,,,,,,,,,,,
1761030590.0203388,0,follower,auto,0.7258858680725098,0.9459208846092224,0.8793193697929382,0.5642642450332642,1.0,0.9286787748336792,-0.16162162303924554,0.05407911539077759,0.04935940504074099,4.002011346399954,-17.149140757306263,5.031309485760494,0,,,,,,,,True,-16.0,4.0,0.0,optimal,0,-16.0,4.0,2.269786564582373,2.0812921444490984,0.0,True,0.0,True,0.0,0.0
1761030590.0212772,1,follower,auto,0.053707003593444824,0.9742355346679688,0.8992223739624023,0.11426424503326421,1.0,0.9286787748336792,0.06055724143981939,0.02576446533203125,0.029456400871276878,1.9617824751161512,6.377419907038721,2.0864815361499267,0,,,,,,,,True,6.0,2.0,0.0,optimal,0,6.0,2.0,1.5321904954693453,1.5304726994967501,0.0,True,0.0,True,0.0,0.0
1761030590.2269754,0,leader,auto,0.7258858680725098,0.9459208846092224,0.8793193697929382,0.5642642450332642,1.0,0.9286787748336792,-0.16162162303924554,0.05407911539077759,0.04935940504074099,0,0,0,0,1.0,0,0,0,0,0,0,False,,,,,,,,,,,,,,,
1761030590.22707,1,follower,auto,0.053707003593444824,0.9742355346679688,0.8992223739624023,0.11426424503326421,1.0,0.9286787748336792,0.06055724143981939,0.02576446533203125,0.029456400871276878,0,0,0,0,1.0,0,0,0,0,0,0,False,,,,,,,,,,,,,,,
1761030590.327774,0,follower,auto,0.7295066714286804,0.9512253999710083,0.8767039179801941,0.5703924894332887,1.0,0.8980375528335571,-0.15911418199539173,0.0487746000289917,0.021333634853363037,1.9602009050787004,-16.08554578296359,4.044510105349769,0,,,,,,,,True,-15.0,2.0,0.0,optimal,0,-15.0,2.0,2.269296330012442,1.9284116781338236,0.0,True,0.0,True,0.0,0.0
1761030590.329537,1,follower,auto,0.05426047369837761,0.9624900817871094,0.8914397954940796,0.12039248943328867,1.0,0.8980375528335571,0.06613201573491106,0.037509918212890625,0.006597757339477539,0.08304111653634834,6.346465630810056,3.07817065558432,0,,,,,,,,True,6.0,0.0,0.0,optimal,0,6.0,0.0,1.5107530929699295,1.5234275522614362,0.0,True,0.0,True,0.0,0.0
1761030590.492908,0,leader,auto,0.7295066714286804,0.9512253999710083,0.8767039179801941,0.5703924894332887,1.0,0.8980375528335571,-0.15911418199539173,0.0487746000289917,0.021333634853363037,0,0,0,0,1.0,0,0,0,0,0,0,False,,,,,,,,,,,,,,,
1761030590.493091,1,follower,auto,0.05426047369837761,0.9624900817871094,0.8914397954940796,0.12039248943328867,1.0,0.8980375528335571,0.06613201573491106,0.037509918212890625,0.006597757339477539,0,0,0,0,1.0,0,0,0,0,0,0,False,,,,,,,,,,,,,,,
1761030590.5944757,0,follower,auto,0.7288129925727844,0.9558712840080261,0.8695887327194214,0.5765595769882204,1.0,0.8672021150588989,-0.15225341558456407,0.04412871599197388,-0.0023866176605225053,-0.06798520109830761,-16.025435436619865,4.088573142617389,0,,,,,,,,True,-15.0,0.0,0.0,optimal,0,-15.0,0.0,2.248466871964002,1.7242004874744576,0.0,True,0.0,True,0.0,0.0
1761030590.5948913,1,follower,auto,0.05584006384015083,0.9479039907455444,0.8843111991882324,0.12655957698822035,1.0,0.8672021150588989,0.07071951314806951,0.052096009254455566,-0.01710908412933354,-0.835544453578982,7.323769736172435,5.067878850822444,0,,,,,,,,True,7.0,-1.0,0.0,optimal,0,7.0,-1.0,1.4917716344636947,1.5207925096696384,0.0,True,0.0,True,0.0,0.0
1761030590.79743,0,leader,auto,0.7288129925727844,0.9558712840080261,0.8695887327194214,0.5765595769882204,1.0,0.8672021150588989,-0.15225341558456407,0.04412871599197388,-0.0023866176605225053,0,0,0,0,1.0,0,0,0,0,0,0,False,,,,,,,,,,,,,,,
1761030590.797509,1,follower,auto,0.05584006384015083,0.9479039907455444,0.8843111991882324,0.12655957698822035,1.0,0.8672021150588989,0.07071951314806951,0.052096009254455566,-0.01710908412933354,0,0,0,0,1.0,0,0,0,0,0,0,False,,,,,,,,,,,,,,,
1761030590.8980665,0,follower,auto,0.727006733417511,0.9602417945861816,0.8545711040496826,0.5818626737594605,1.0,0.8406866312026977,-0.14514405965805044,0.03975820541381836,-0.013884472846984908,-1.0880814892702653,-14.991778365739746,3.172944183567001,0,,,,,,,,True,-14.0,-1.0,0.0,optimal,0,-14.0,-1.0,2.2042043597277803,1.5612650627266913,0.0,True,0.0,True,0.0,0.0
1761030590.8984923,1,follower,auto,0.058901313692331314,0.937202513217926,0.8724706172943115,0.13186267375946054,1.0,0.8406866312026977,0.07296136006712922,0.06279748678207397,-0.031783986091613814,-2.8297972847574333,7.298236733751499,6.09960038319969,0,,,,,,,,True,7.0,-3.0,0.0,optimal,0,7.0,-3.0,1.4607054855678434,1.4192311991145146,0.0,True,0.0,True,0.0,0.0
1761030591.11059,0,leader,auto,0.727006733417511,0.9602417945861816,0.8545711040496826,0.5818626737594605,1.0,0.8406866312026977,-0.14514405965805044,0.03975820541381836,-0.013884472846984908,0,0,0,0,1.0,0,0,0,0,0,0,False,,,,,,,,,,,,,,,
1761030591.1106737,1,follower,auto,0.058901313692331314,0.937202513217926,0.8724706172943115,0.13186267375946054,1.0,0.8406866312026977,0.07296136006712922,0.06279748678207397,-0.031783986091613814,0,0,0,0,1.0,0,0,0,0,0,0,False,,,,,,,,,,,,,,,
1761030591.2113395,0,follower,auto,0.7266643047332764,0.962509036064148,0.8322237133979797,0.5879347753524782,1.0,0.8103261232376098,-0.1387295293807982,0.03749096393585205,-0.021897590160369962,-2.0783941508130237,-13.988911982653606,3.27228993636931,0,,,,,,,,True,-13.0,-2.0,0.0,optimal,0,-13.0,-2.0,2.143526756206709,1.424292773683534,0.0,True,0.0,True,0.0,0.0
1761030591.212172,1,follower,auto,0.06339609622955322,0.9336473345756531,0.8593859672546387,0.13793477535247817,1.0,0.8103261232376098,0.07453867912292494,0.06635266542434692,-0.0490598440170289,-3.88615080921511,7.27346972069204,6.107102575468254,0,,,,,,,,True,7.0,-4.0,0.0,optimal,0,7.0,-4.0,1.4273077114777977,1.3716706336802584,0.0,True,0.0,True,0.0,0.0
1761030591.448647,0,leader,auto,0.7266643047332764,0.962509036064148,0.8322237133979797,0.5879347753524782,1.0,0.8103261232376098,-0.1387295293807982,0.03749096393585205,-0.021897590160369962,0,0,0,0,1.0,0,0,0,0,0,0,False,,,,,,,,,,,,,,,
1761030591.4489057,1,follower,auto,0.06339609622955322,0.9336473345756531,0.8593859672546387,0.13793477535247817,1.0,0.8103261232376098,0.07453867912292494,0.06635266542434692,-0.0490598440170289,0,0,0,0,1.0,0,0,0,0,0,0,False,,,,,,,,,,,,,,,
1761030591.5511487,0,follower,auto,0.7289515137672424,0.9616534113883972,0.8035644292831421,0.5942095279693606,1.0,0.7789523601531981,-0.13474198579788188,0.03834658861160278,-0.02461206912994396,-2.0423287827013734,-14.005264230453392,3.370547453947559,0,,,,,,,,True,-13.0,-2.0,0.0,optimal,0,-13.0,-2.0,2.0722311362227352,1.3328842142831054,0.0,True,0.0,True,0.0,0.0
1761030591.5515013,1,follower,auto,0.07038566470146179,0.9356630444526672,0.8437947630882263,0.14420952796936054,1.0,0.7789523601531981,0.07382386326789875,0.06433695554733276,-0.06484240293502819,-5.956779420997679,7.2402066208155755,6.11497440116621,0,,,,,,,,True,7.0,-6.0,0.0,optimal,0,7.0,-6.0,1.3888927729793936,1.3095155674945445,0.0,True,0.0,True,0.0,0.0
1761030591.7675433,0,leader,auto,0.7289515137672424,0.9616534113883972,0.8035644292831421,0.5942095279693606,1.0,0.7789523601531981,-0.13474198579788188,0.03834658861160278,-0.02461206912994396,0,0,0,0,1.0,0,0,0,0,0,0,False,,,,,,,,,,,,,,,
1761030591.7677152,1,follower,auto,0.07038566470146179,0.9356630444526672,0.8437947630882263,0.14420952796936054,1.0,0.7789523601531981,0.07382386326789875,0.06433695554733276,-0.06484240293502819,0,0,0,0,1.0,0,0,0,0,0,0,False,,,,,,,,,,,,,,,
1761030591.8688738,0,follower,auto,0.735774040222168,0.9582184553146362,0.7764726877212524,0.6009948348999026,1.0,0.7450258255004881,-0.1347792053222654,0.04178154468536377,-0.031446862220764316,-2.9976921939324974,-14.049779839927977,4.398223498579172,0,,,,,,,,True,-13.0,-3.0,0.0,optimal,0,-13.0,-3.0,2.015055576852038,1.326530544767328,0.0,True,0.0,True,0.0,0.0
1761030591.869755,1,follower,auto,0.07761005312204361,0.9411898851394653,0.8282008767127991,0.15099483489990256,1.0,0.7450258255004881,0.07338478177785895,0.05881011486053467,-0.08317505121231095,-8.01961209792673,7.2297684720823705,5.10599233262842,0,,,,,,,,True,7.0,-8.0,0.0,optimal,0,7.0,-8.0,1.351184910495072,1.2491359164318703,0.0,True,0.0,True,0.0,0.0
1761030592.0171218,0,leader,auto,0.735774040222168,0.9582184553146362,0.7764726877212524,0.6009948348999026,1.0,0.7450258255004881,-0.1347792053222654,0.04178154468536377,-0.031446862220764316,0,0,0,0,1.0,0,0,0,0,0,0,False,,,,,,,,,,,,,,,
1761030592.1174836,1,follower,auto,0.07761005312204361,0.9411898851394653,0.8282008767127991,0.15099483489990256,1.0,0.7450258255004881,0.07338478177785895,0.05881011486053467,-0.08317505121231095,0,0,0,0,1.0,0,0,0,0,0,0,False,,,,,,,,,,,,,,,
1761030592.1191885,0,follower,auto,0.7478630542755127,0.954505443572998,0.745364248752594,0.6073612260818484,1.0,0.7131938695907591,-0.1405018281936643,0.04549455642700195,-0.03217037916183485,-2.964485164388169,-15.110913524438448,4.450656500195357,0,,,,,,,,True,-14.0,-3.0,0.0,optimal,0,-14.0,-3.0,1.9593764817316164,1.3010637347598883,0.0,True,0.0,True,0.0,0.0
1761030592.219999,1,follower,auto,0.08745928853750229,0.9518190026283264,0.8074684143066406,0.15736122608184838,1.0,0.7131938695907591,0.0699019375443461,0.048180997371673584,-0.09427454471588148,-9.09880141144627,6.208128818546818,4.136071820715383,0,,,,,,,,True,6.0,-9.0,0.0,optimal,0,6.0,-9.0,1.3021064969760083,1.0253648563889919,0.0,True,0.0,True,0.0,0.0
1761030592.3244915,0,leader,auto,0.7478630542755127,0.954505443572998,0.745364248752594,0.6073612260818484,1.0,0.7131938695907591,-0.1405018281936643,0.04549455642700195,-0.03217037916183485,0,0,0,0,1.0,0,0,0,0,0,0,False,,,,,,,,,,,,,,,
1761030592.424974,1,follower,auto,0.08745928853750229,0.9518190026283264,0.8074684143066406,0.15736122608184838,1.0,0.7131938695907591,0.0699019375443461,0.048180997371673584,-0.09427454471588148,0,0,0,0,1.0,0,0,0,0,0,0,False,,,,,,,,,,,,,,,
1761030592.4258738,0,follower,auto,0.7604506611824036,0.9532424807548523,0.7156317830085754,0.6143745326995852,1.0,0.678127336502075,-0.14607612848281837,0.046757519245147705,-0.03750444650650042,-2.9622248667192905,-15.137764967429492,4.459544979552892,0,,,,,,,,True,-14.0,-3.0,0.0,optimal,0,-14.0,-3.0,1.9102261044263245,1.2607146830497449,0.0,True,0.0,True,0.0,0.0
1761030592.5262525,1,follower,auto,0.09649285674095154,0.9634444117546082,0.7839932441711426,0.16437453269958519,1.0,0.678127336502075,0.06788167595863365,0.036555588245391846,-0.10586590766906756,-10.143805655019385,6.212811684735145,3.1634176581082687,0,,,,,,,,True,6.0,-10.0,0.0,optimal,0,6.0,-10.0,1.246546665175546,0.9868484429767028,0.0,True,0.0,True,0.0,0.0
1761030592.6293778,0,leader,auto,0.7604506611824036,0.9532424807548523,0.7156317830085754,0.6143745326995852,1.0,0.678127336502075,-0.14607612848281837,0.046757519245147705,-0.03750444650650042,0,0,0,0,1.0,0,0,0,0,0,0,False,,,,,,,,,,,,,,,
1761030592.7296908,1,follower,auto,0.09649285674095154,0.9634444117546082,0.7839932441711426,0.16437453269958519,1.0,0.678127336502075,0.06788167595863365,0.036555588245391846,-0.10586590766906756,0,0,0,0,1.0,0,0,0,0,0,0,False,,,,,,,,,,,,,,,
1761030592.730848,0,follower,auto,0.7719377875328064,0.9508733749389648,0.6860312223434448,0.6204928350448611,1.0,0.6475358247756956,-0.15144495248794532,0.049126625061035156,-0.03849539756774922,-2.9494427280936373,-16.13981562836404,4.462397597140213,0,,,,,,,,True,-15.0,-3.0,0.0,optimal,0,-15.0,-3.0,1.8613331232076524,1.1960403777326927,0.0,True,0.0,True,0.0,0.0
1761030592.8317633,1,follower,auto,0.1047542616724968,0.966816782951355,0.7571325898170471,0.17049283504486107,1.0,0.6475358247756956,0.06573857337236427,0.03318321704864502,-0.10959676504135152,-10.090793857627183,6.223941980787374,3.198765400319634,0,,,,,,,,True,6.0,-10.0,0.0,optimal,0,6.0,-10.0,1.1832575083876646,0.8715810632877194,0.0,True,0.0,True,0.0,0.0
1761030592.9366167,0,leader,auto,0.7719377875328064,0.9508733749389648,0.6860312223434448,0.6204928350448611,1.0,0.6475358247756956,-0.15144495248794532,0.049126625061035156,-0.03849539756774922,0,0,0,0,1.0,0,0,0,0,0,0,False,,,,,,,,,,,,,,,
1761030593.036966,1,follower,auto,0.1047542616724968,0.966816782951355,0.7571325898170471,0.17049283504486107,1.0,0.6475358247756956,0.06573857337236427,0.03318321704864502,-0.10959676504135152,0,0,0,0,1.0,0,0,0,0,0,0,False,,,,,,,,,,,,,,,
1761030593.0378993,0,follower,auto,0.7828739285469055,0.9474877119064331,0.6551122665405273,0.6266041231155398,1.0,0.616979384422302,-0.1562698054313657,0.052512288093566895,-0.0381328821182253,-2.943746257940344,-16.140010190333236,5.471844587298078,0,,,,,,,,True,-15.0,-3.0,0.0,optimal,0,-15.0,-3.0,1.8103255077296219,1.1430516532428938,0.0,True,0.0,True,0.0,0.0
1761030593.1385548,1,follower,auto,0.11191759258508682,0.9607020616531372,0.7253800630569458,0.1766041231155398,1.0,0.616979384422302,0.06468653053045298,0.03929793834686279,-0.10840067863464375,-9.988521489397606,6.240712531876045,3.2529447654692345,0,,,,,,,,True,6.0,-10.0,0.0,optimal,0,6.0,-10.0,1.1088488835015207,0.7295910549471405,0.0,True,0.0,True,0.0,0.0
1761030593.2453804,0,leader,auto,0.7828739285469055,0.9474877119064331,0.6551122665405273,0.6266041231155398,1.0,0.616979384422302,-0.1562698054313657,0.052512288093566895,-0.0381328821182253,0,0,0,0,1.0,0,0,0,0,0,0,False,,,,,,,,,,,,,,,
1761030593.3456748,1,follower,auto,0.11191759258508682,0.9607020616531372,0.7253800630569458,0.1766041231155398,1.0,0.616979384422302,0.06468653053045298,0.03929793834686279,-0.10840067863464375,0,0,0,0,1.0,0,0,0,0,0,0,False,,,,,,,,,,,,,,,
1761030593.346671,0,follower,auto,0.7922585606575012,0.9433594346046448,0.6246364116668701,0.6327376604080203,1.0,0.5863116979598997,-0.15952090024948096,0.056640565395355225,-0.03832471370697044,-2.9453863945959244,-16.127657772176057,5.4646699409400945,0,,,,,,,,True,-15.0,-3.0,0.0,optimal,0,-15.0,-3.0,1.7593841096450296,1.1000696693678467,0.0,True,0.0,True,0.0,0.0
1761030593.4479132,1,follower,auto,0.11975578963756561,0.9493637084960938,0.6904630064964294,0.18273766040802025,1.0,0.5863116979598997,0.06298187077045464,0.05063629150390625,-0.10415130853652976,-9.904374233751273,6.240696709669076,5.302067320937157,0,,,,,,,,True,6.0,-10.0,0.0,optimal,0,6.0,-10.0,1.029445934843261,0.6219504634166284,0.0,True,0.0,True,0.0,0.0
1761030593.550108,0,leader,auto,0.7922585606575012,0.9433594346046448,0.6246364116668701,0.6327376604080203,1.0,0.5863116979598997,-0.15952090024948096,0.056640565395355225,-0.03832471370697044,0,0,0,0,1.0,0,0,0,0,0,0,False,,,,,,,,,,,,,,,
1761030593.6506286,1,follower,auto,0.11975578963756561,0.9493637084960938,0.6904630064964294,0.18273766040802025,1.0,0.5863116979598997,0.06298187077045464,0.05063629150390625,-0.10415130853652976,0,0,0,0,1.0,0,0,0,0,0,0,False,,,,,,,,,,,,,,,
1761030593.6520858,0,follower,auto,0.7973354458808899,0.9369606375694275,0.5930031538009644,0.6389272594451907,1.0,0.5553637027740477,-0.1584081864356992,0.06303936243057251,-0.03763945102691668,-2.9325225277947853,-16.079814628831326,6.462747242472038,0,,,,,,,,True,-15.0,-3.0,0.0,optimal,0,-15.0,-3.0,1.6993338858292877,0.9856771500493433,0.0,True,0.0,True,0.0,0.0
1761030593.7529926,1,follower,auto,0.12967030704021454,0.9369909167289734,0.6511690616607666,0.18892725944519068,1.0,0.5553637027740477,0.05925695240497614,0.06300908327102661,-0.09580535888671893,-8.864724314769738,5.215298528020514,6.363062438784313,0,,,,,,,,True,5.0,-9.0,0.0,optimal,0,5.0,-9.0,0.9438727198689192,0.47923845211803023,0.0,True,0.0,True,0.0,0.0
1761030593.9062827,0,leader,auto,0.7973354458808899,0.9369606375694275,0.5930031538009644,0.6389272594451907,1.0,0.5553637027740477,-0.1584081864356992,0.06303936243057251,-0.03763945102691668,0,0,0,0,1.0,0,0,0,0,0,0,False,,,,,,,,,,,,,,,
1761030594.0066044,1,follower,auto,0.12967030704021454,0.9369909167289734,0.6511690616607666,0.18892725944519068,1.0,0.5553637027740477,0.05925695240497614,0.06300908327102661,-0.09580535888671893,0,0,0,0,1.0,0,0,0,0,0,0,False,,,,,,,,,,,,,,,
1761030594.0083408,0,follower,auto,0.8001283407211304,0.9303051829338074,0.5549293756484985,0.6450280809402469,1.0,0.5248595952987669,-0.1551002597808835,0.06969481706619263,-0.030069780349731623,-2.9295881308379017,-16.033611298671893,6.505576701885898,0,,,,,,,,True,-15.0,-3.0,0.0,optimal,0,-15.0,-3.0,1.6231326855197323,0.8877138139309413,0.0,True,0.0,True,0.0,0.0
1761030594.109137,1,follower,auto,0.142357736825943,0.9264894723892212,0.603667676448822,0.19502808094024687,1.0,0.5248595952987669,0.05267034411430388,0.07351052761077881,-0.07880808115005511,-6.865467970538328,5.171721741570512,7.460997574752055,0,,,,,,,,True,5.0,-7.0,0.0,optimal,0,5.0,-7.0,0.8452911600025235,0.3996407347497775,0.0,True,0.0,True,0.0,0.0
1761030594.3157578,0,leader,auto,0.8001283407211304,0.9303051829338074,0.5549293756484985,0.6450280809402469,1.0,0.5248595952987669,-0.1551002597808835,0.06969481706619263,-0.030069780349731623,0,0,0,0,1.0,0,0,0,0,0,0,False,,,,,,,,,,,,,,,
1761030594.4161499,1,follower,auto,0.142357736825943,0.9264894723892212,0.603667676448822,0.19502808094024687,1.0,0.5248595952987669,0.05267034411430388,0.07351052761077881,-0.07880808115005511,0,0,0,0,1.0,0,0,0,0,0,0,False,,,,,,,,,,,,,,,
1761030594.4179246,0,follower,auto,0.8039772510528564,0.9286508560180664,0.5067010521888733,0.6521498680114749,1.0,0.4892506599426268,-0.15182738304138155,0.0713491439819336,-0.017450392246246504,-0.9606865828413439,-16.019238357565264,7.596590984441769,0,,,,,,,,True,-15.0,-1.0,0.0,optimal,0,-15.0,-1.0,1.531417329109835,0.8330014333826097,0.0,True,0.0,True,0.0,0.0
1761030594.51886,1,follower,auto,0.15542998909950256,0.9303684830665588,0.5478559136390686,0.2021498680114749,1.0,0.4892506599426268,0.04671987891197232,0.06963151693344116,-0.05860525369644182,-4.996517591168937,4.14603372455045,6.5673180232123975,0,,,,,,,,True,4.0,-5.0,0.0,optimal,0,4.0,-5.0,0.7343324928996398,0.2912092568609748,0.0,True,0.0,True,0.0,0.0
1761030594.6216476,0,leader,auto,0.8039772510528564,0.9286508560180664,0.5067010521888733,0.6521498680114749,1.0,0.4892506599426268,-0.15182738304138155,0.0713491439819336,-0.017450392246246504,0,0,0,0,1.0,0,0,0,0,0,0,False,,,,,,,,,,,,,,,
1761030594.7219431,1,follower,auto,0.15542998909950256,0.9303684830665588,0.5478559136390686,0.2021498680114749,1.0,0.4892506599426268,0.04671987891197232,0.06963151693344116,-0.05860525369644182,0,0,0,0,1.0,0,0,0,0,0,0,False,,,,,,,,,,,,,,,
1761030594.72276,0,follower,auto,0.8083711862564087,0.9304438829421997,0.4699787199497223,0.6603473711013796,1.0,0.44826314449310284,-0.14802381515502905,0.06955611705780029,-0.02171557545661945,-1.9902444805258117,-15.016407792216974,6.528984283977131,0,,,,,,,,True,-14.0,-2.0,0.0,optimal,0,-14.0,-2.0,1.4676711664274587,0.807349860474051,0.0,True,0.0,True,0.0,0.0
1761030594.8233423,1,follower,auto,0.16465552151203156,0.9396411180496216,0.5100181102752686,0.21034737110137963,1.0,0.44826314449310284,0.04569184958934808,0.06035888195037842,-0.061754965782165716,-6.089868331697719,4.167542874337448,6.446493557383908,0,,,,,,,,True,4.0,-6.0,0.0,optimal,0,4.0,-6.0,0.6631102324532363,0.271589926059634,0.0,True,0.0,True,0.0,0.0
1761030594.933624,0,leader,auto,0.8083711862564087,0.9304438829421997,0.4699787199497223,0.6603473711013796,1.0,0.44826314449310284,-0.14802381515502905,0.06955611705780029,-0.02171557545661945,0,0,0,0,1.0,0,0,0,0,0,0,False,,,,,,,,,,,,,,,
1761030595.0339146,1,follower,auto,0.16465552151203156,0.9396411180496216,0.5100181102752686,0.21034737110137963,1.0,0.44826314449310284,0.04569184958934808,0.06035888195037842,-0.061754965782165716,0,0,0,0,1.0,0,0,0,0,0,0,False,,,,,,,,,,,,,,,
1761030595.0348766,0,follower,auto,0.8149007558822632,0.9348742365837097,0.4297810196876526,0.6664328670501711,1.0,0.4178356647491453,-0.14846788883209205,0.06512576341629028,-0.011945354938507291,-1.0185041584239483,-15.033996393366586,6.544624030760938,0,,,,,,,,True,-14.0,-1.0,0.0,optimal,0,-14.0,-1.0,1.4045162888618001,0.7918810203147559,0.0,True,0.0,True,0.0,0.0
1761030595.135542,1,follower,auto,0.1723022758960724,0.9481561779975891,0.47397154569625854,0.21643286705017112,1.0,0.4178356647491453,0.04413059115409873,0.05184382200241089,-0.05613588094711325,-5.114271159394722,4.187755796319608,5.388471146312443,0,,,,,,,,True,4.0,-5.0,0.0,optimal,0,4.0,-5.0,0.5972295564633543,0.24830894362762584,0.0,True,0.0,True,0.0,0.0
1761030595.236952,0,leader,auto,0.8149007558822632,0.9348742365837097,0.4297810196876526,0.6664328670501711,1.0,0.4178356647491453,-0.14846788883209205,0.06512576341629028,-0.011945354938507291,0,0,0,0,1.0,0,0,0,0,0,0,False,,,,,,,,,,,,,,,
1761030595.337321,1,follower,auto,0.1723022758960724,0.9481561779975891,0.47397154569625854,0.21643286705017112,1.0,0.4178356647491453,0.04413059115409873,0.05184382200241089,-0.05613588094711325,0,0,0,0,1.0,0,0,0,0,0,0,False,,,,,,,,,,,,,,,
1761030595.3381302,0,follower,auto,0.8218668699264526,0.940193235874176,0.3910225033760071,0.6726768064498904,1.0,0.3866159677505491,-0.14919006347656227,0.059806764125823975,-0.004406535625457952,-0.034626661469521536,-15.048562413479068,5.545516368798022,0,,,,,,,,True,-14.0,0.0,0.0,optimal,0,-14.0,0.0,1.3481330013757322,0.795736178614284,0.0,True,0.0,True,0.0,0.0
1761030595.4387622,1,follower,auto,0.17585523426532745,0.9545806050300598,0.44198474287986755,0.22267680644989035,1.0,0.3866159677505491,0.0468215721845629,0.045419394969940186,-0.055368775129318426,-5.10385071498875,4.233830026092042,4.3286728649995,0,,,,,,,,True,4.0,-5.0,0.0,optimal,0,4.0,-5.0,0.5386024129430944,0.21526948608033242,0.0,True,0.0,True,0.0,0.0
1761030595.5450933,0,leader,auto,0.8218668699264526,0.940193235874176,0.3910225033760071,0.6726768064498904,1.0,0.3866159677505491,-0.14919006347656227,0.059806764125823975,-0.004406535625457952,0,0,0,0,1.0,0,0,0,0,0,0,False,,,,,,,,,,,,,,,
1761030595.7456088,1,follower,auto,0.17585523426532745,0.9545806050300598,0.44198474287986755,0.22267680644989035,1.0,0.3866159677505491,0.0468215721845629,0.045419394969940186,-0.055368775129318426,0,0,0,0,1.0,0,0,0,0,0,0,False,,,,,,,,,,,,,,,
1761030595.7466197,0,follower,auto,0.8300485014915466,0.9466009140014648,0.3382463753223419,0.6787420558929446,1.0,0.35628972053527813,-0.15130644559860207,0.053399085998535156,0.018043345212936213,0.9436576429814153,-16.069511071898095,5.6811242020283945,0,,,,,,,,True,-15.0,1.0,0.0,optimal,0,-15.0,1.0,1.2736569011660253,0.7493263467305746,0.0,True,0.0,True,0.0,0.0
1761030595.8474386,1,follower,auto,0.17876724898815155,0.9561638832092285,0.40296825766563416,0.22874205589294455,1.0,0.35628972053527813,0.049974806904793,0.043836116790771484,-0.046678537130356024,-4.05232488889314,4.259404726863476,4.352190519561209,0,,,,,,,,True,4.0,-4.0,0.0,optimal,0,4.0,-4.0,0.4688163032577635,0.19075828705074344,0.0,True,0.0,True,0.0,0.0
1761030596.0449984,0,leader,auto,0.8300485014915466,0.9466009140014648,0.3382463753223419,0.6787420558929446,1.0,0.35628972053527813,-0.15130644559860207,0.053399085998535156,0.018043345212936213,0,0,0,0,1.0,0,0,0,0,0,0,False,,,,,,,,,,,,,,,
1761030596.1453354,1,follower,auto,0.17876724898815155,0.9561638832092285,0.40296825766563416,0.22874205589294455,1.0,0.35628972053527813,0.049974806904793,0.043836116790771484,-0.046678537130356024,0,0,0,0,1.0,0,0,0,0,0,0,False,,,,,,,,,,,,,,,
1761030596.1500027,0,follower,auto,0.8353952765464783,0.9536908864974976,0.28731852769851685,0.6869172000885012,1.0,0.31541399955749494,-0.14847807645797706,0.04630911350250244,0.028095471858978094,1.9005165476742403,-15.052973450290427,4.725972876434172,0,,,,,,,,True,-14.0,2.0,0.0,optimal,0,-14.0,2.0,1.2019138427521183,0.7299059532050964,0.0,True,0.0,True,0.0,0.0
1761030596.2531567,1,follower,auto,0.18187275528907776,0.9412097930908203,0.36929622292518616,0.2369172000885012,1.0,0.31541399955749494,0.05504444479942344,0.05879020690917969,-0.05388222336769122,-4.867058133419803,5.266442383390836,5.294660551902603,0,,,,,,,,True,5.0,-5.0,0.0,optimal,0,5.0,-5.0,0.4115027244240668,0.19111142762096406,0.0,True,0.0,True,0.0,0.0
1761030596.508107,0,leader,auto,0.8353952765464783,0.9536908864974976,0.28731852769851685,0.6869172000885012,1.0,0.31541399955749494,-0.14847807645797706,0.04630911350250244,0.028095471858978094,0,0,0,0,1.0,0,0,0,0,0,0,False,,,,,,,,,,,,,,,
1761030596.6085002,1,follower,auto,0.18187275528907776,0.9412097930908203,0.36929622292518616,0.2369172000885012,1.0,0.31541399955749494,0.05504444479942344,0.05879020690917969,-0.05388222336769122,0,0,0,0,1.0,0,0,0,0,0,0,False,,,,,,,,,,,,,,,
1761030596.6099122,0,follower,auto,0.8408026099205017,0.9602830410003662,0.23004154860973358,0.6950346088409426,1.0,0.27482695579528793,-0.14576800107955912,0.03971695899963379,0.04478540718555435,3.8521370166284745,-15.05365679891922,3.820549111212684,0,,,,,,,,True,-14.0,4.0,0.0,optimal,0,-14.0,4.0,1.126230735513826,0.7341074209463643,0.0,True,0.0,True,0.0,0.0
1761030596.7106438,1,follower,auto,0.18318374454975128,0.9147761464118958,0.3357219398021698,0.24503460884094258,1.0,0.27482695579528793,0.0618508642911913,0.08522385358810425,-0.06089498400688187,-5.675430958073274,6.288763568717888,8.248791519867465,0,,,,,,,,True,6.0,-6.0,0.0,optimal,0,6.0,-6.0,0.3552609427538706,0.17502926078263809,0.0,True,0.0,True,0.0,0.0
1761030596.930491,0,leader,auto,0.8408026099205017,0.9602830410003662,0.23004154860973358,0.6950346088409426,1.0,0.27482695579528793,-0.14576800107955912,0.03971695899963379,0.04478540718555435,0,0,0,0,1.0,0,0,0,0,0,0,False,,,,,,,,,,,,,,,
1761030597.0308275,1,follower,auto,0.18318374454975128,0.9147761464118958,0.3357219398021698,0.24503460884094258,1.0,0.27482695579528793,0.0618508642911913,0.08522385358810425,-0.06089498400688187,0,0,0,0,1.0,0,0,0,0,0,0,False,,,,,,,,,,,,,,,
1761030597.032045,0,follower,auto,0.8462140560150146,0.9601786136627197,0.17814895510673523,0.7041813230514529,1.0,0.22909338474273666,-0.14203273296356178,0.03982138633728027,0.05094442963600143,4.889155482463327,-15.052609308010393,3.8297746012048104,0,,,,,,,,True,-14.0,5.0,0.0,optimal,0,-14.0,5.0,1.064449856315745,0.7383893413674509,0.0,True,0.0,True,0.0,0.0
1761030597.2331624,1,follower,auto,0.18822431564331055,0.9016180038452148,0.3083277940750122,0.25418132305145286,1.0,0.22909338474273666,0.06595700740814231,0.09838199615478516,-0.07923440933227555,-6.724738077700417,6.2628443945701875,9.157036197652545,0,,,,,,,,True,6.0,-7.0,0.0,optimal,0,6.0,-7.0,0.31411194193089226,0.1699409990506227,0.0,True,0.0,True,0.0,0.0
1761030597.3717358,0,leader,auto,0.8462140560150146,0.9601786136627197,0.17814895510673523,0.7041813230514529,1.0,0.22909338474273666,-0.14203273296356178,0.03982138633728027,0.05094442963600143,0,0,0,0,1.0,0,0,0,0,0,0,False,,,,,,,,,,,,,,,
1761030597.4721096,1,follower,auto,0.18822431564331055,0.9016180038452148,0.3083277940750122,0.25418132305145286,1.0,0.22909338474273666,0.06595700740814231,0.09838199615478516,-0.07923440933227555,0,0,0,0,1.0,0,0,0,0,0,0,False,,,,,,,,,,,,,,,
1761030597.5731642,0,follower,auto,0.8491122722625732,0.9565056562423706,0.1336555927991867,0.7146334648132326,1.0,0.17683267593383772,-0.1344788074493406,0.043494343757629395,0.04317708313465102,3.9381470904386897,-14.022604846491234,4.7841587224434665,0,,,,,,,,True,-13.0,4.0,0.0,optimal,0,-13.0,4.0,1.0121559700976281,0.7317622013483343,0.0,True,0.0,True,0.0,0.0
1761030597.6743588,1,follower,auto,0.19673065841197968,0.8993025422096252,0.2803639769554138,0.26463346481323263,1.0,0.17683267593383772,0.06790280640125296,0.10069745779037476,-0.1035313010215761,-9.838519148939932,6.217377076722859,10.120524824401773,0,,,,,,,,True,6.0,-10.0,0.0,optimal,0,6.0,-10.0,0.2763631518536726,0.15869298135953697,0.0,True,0.0,True,0.0,0.0
1761030597.8934674,0,leader,auto,0.8491122722625732,0.9565056562423706,0.1336555927991867,0.7146334648132326,1.0,0.17683267593383772,-0.1344788074493406,0.043494343757629395,0.04317708313465102,0,0,0,0,1.0,0,0,0,0,0,0,False,,,,,,,,,,,,,,,
1761030597.9940832,1,follower,auto,0.19673065841197968,0.8993025422096252,0.2803639769554138,0.26463346481323263,1.0,0.17683267593383772,0.06790280640125296,0.10069745779037476,-0.1035313010215761,0,0,0,0,1.0,0,0,0,0,0,0,False,,,,,,,,,,,,,,,
1761030597.9945366,0,follower,auto,0.8512909412384033,0.9537308216094971,0.061289556324481964,0.7234542894363406,1.0,0.13272855281829818,-0.12783665180206272,0.04626917839050293,0.07143899649381621,6.967674747873451,-12.985356174717491,5.020119431878056,0,,,,,,,,True,-12.0,7.0,0.0,optimal,0,-12.0,7.0,0.9302586091688616,0.6861239828840608,0.0,True,0.0,True,0.0,0.0
1761030598.094932,1,follower,auto,0.21539385616779327,0.9118512272834778,0.22330014407634735,0.2734542894363406,1.0,0.13272855281829818,0.05806043326854732,0.08814877271652222,-0.09057159125804917,-6.0198867091280475,9.096216163241172,8.338496534747195,0,,,,,,,,True,9.286317868409235,-6.538352338650319,4.942896931726641,optimal,0,5.0,-9.0,0.20571515416281422,-0.07421125763433406,0.0,True,0.0,True,0.0,0.0
1761030598.2515986,0,leader,auto,0.8512909412384033,0.9537308216094971,0.061289556324481964,0.7234542894363406,1.0,0.13272855281829818,-0.12783665180206272,0.04626917839050293,0.07143899649381621,0,0,0,0,1.0,0,0,0,0,0,0,False,,,,,,,,,,,,,,,
1761030598.351958,1,follower,auto,0.21539385616779327,0.9118512272834778,0.22330014407634735,0.2734542894363406,1.0,0.13272855281829818,0.05806043326854732,0.08814877271652222,-0.09057159125804917,0,0,0,0,1.0,0,0,0,0,0,0,False,,,,,,,,,,,,,,,
1761030598.3534594,0,follower,auto,0.853855311870575,0.9506372213363647,0.022200562059879303,0.7318648195266726,1.0,0.09067590236663803,-0.12199049234390236,0.049362778663635254,0.06847534030675873,5.9957744079140145,-12.97557627269928,4.810503004346765,0,,,,,,,,True,-12.0,6.0,0.0,optimal,0,-12.0,6.0,0.8933044453734804,0.7206306411614343,0.0,True,0.0,True,0.0,0.0
1761030598.455004,1,follower,auto,0.2241337150335312,0.9243971705436707,0.18821682035923004,0.2818648195266726,1.0,0.09067590236663803,0.057731104493141394,0.07560282945632935,-0.09754091799259201,-7.0908376773817015,7.141378741473944,7.220129256687257,0,,,,,,,,True,7.9589093002973605,-7.1764857282515635,3.4756795805506076,optimal,0,5.0,-9.0,0.16353180005351337,-0.05057613059175592,0.0,True,0.0,True,0.0,0.0
1761030598.558169,0,leader,auto,0.853855311870575,0.9506372213363647,0.022200562059879303,0.7318648195266726,1.0,0.09067590236663803,-0.12199049234390236,0.049362778663635254,0.06847534030675873,0,0,0,0,1.0,0,0,0,0,0,0,False,,,,,,,,,,,,,,,
1761030598.6585305,1,follower,auto,0.2241337150335312,0.9243971705436707,0.18821682035923004,0.2818648195266726,1.0,0.09067590236663803,0.057731104493141394,0.07560282945632935,-0.09754091799259201,0,0,0,0,1.0,0,0,0,0,0,0,False,,,,,,,,,,,,,,,
1761030598.6594155,0,follower,auto,0.859727680683136,0.9471133947372437,-0.00977097637951374,0.7390676546096804,1.0,0.05466172695159897,-0.1206600260734556,0.05288660526275635,0.0644327033311127,6.021628865519384,-12.998044757125689,5.6861072522340645,0,,,,,,,,True,-12.0,6.0,0.0,optimal,0,-12.0,6.0,0.8733472528059538,0.7809681983026164,0.0,True,0.0,True,0.0,0.0
1761030598.7604039,1,follower,auto,0.2334485501050949,0.9347723126411438,0.15629751980304718,0.28906765460968037,1.0,0.05466172695159897,0.05561910450458546,0.0652276873588562,-0.10163579285144822,-6.107698896545847,10.14771298513144,6.15976547363898,0,,,,,,,,True,10.176623150500067,-6.581124061388987,6.203719845859141,optimal,0,5.0,-10.0,0.12860408008784013,-0.0878276115577506,0.0,True,0.0,True,0.0,0.0
1761030598.9524453,0,leader,auto,0.859727680683136,0.9471133947372437,-0.00977097637951374,0.7390676546096804,1.0,0.05466172695159897,-0.1206600260734556,0.05288660526275635,0.0644327033311127,0,0,0,0,1.0,0,0,0,0,0,0,False,,,,,,,,,,,,,,,
1761030599.0527506,1,follower,auto,0.2334485501050949,0.9347723126411438,0.15629751980304718,0.28906765460968037,1.0,0.05466172695159897,0.05561910450458546,0.0652276873588562,-0.10163579285144822,0,0,0,0,1.0,0,0,0,0,0,0,False,,,,,,,,,,,,,,,
1761030599.0532227,0,follower,auto,0.8702482581138611,0.9447284936904907,-0.04649283364415169,0.7451756715774538,1.0,0.024121642112731777,-0.1250725865364073,0.05527150630950928,0.07061447575688347,7.031064033186203,-13.04067827927408,5.680279404709143,0,,,,,,,,True,-12.0,7.0,0.0,optimal,0,-12.0,7.0,0.8611000839318648,0.862033199486133,0.0,True,0.0,True,0.0,0.0
1761030599.1536517,1,follower,auto,0.24710318446159363,0.9440543055534363,0.11398346722126007,0.2951756715774538,1.0,0.024121642112731777,0.04807248711586015,0.05594569444656372,-0.08986182510852829,-3.114820614164674,10.110006968663125,5.237384055762741,0,,,,,,,,True,10.490862314023627,-3.2733495844182183,8.029478048461904,optimal,0,4.0,-8.0,0.08687695557673797,-0.10977448682634056,0.0,True,0.0,True,0.0,0.0
1761030599.2588017,0,leader,auto,0.8702482581138611,0.9447284936904907,-0.04649283364415169,0.7451756715774538,1.0,0.024121642112731777,-0.1250725865364073,0.05527150630950928,0.07061447575688347,0,0,0,0,1.0,0,0,0,0,0,0,False,,,,,,,,,,,,,,,
1761030599.359168,1,follower,auto,0.24710318446159363,0.9440543055534363,0.11398346722126007,0.2951756715774538,1.0,0.024121642112731777,0.04807248711586015,0.05594569444656372,-0.08986182510852829,0,0,0,0,1.0,0,0,0,0,0,0,False,,,,,,,,,,,,,,,
1761030599.3604245,0,follower,auto,0.8782357573509216,0.9448309540748596,-0.07356798648834229,0.7530393028259279,1.0,-0.015196514129638832,-0.12519645452499373,0.05516904592514038,0.05837147235870345,5.01115258028381,-13.027636242411546,5.590349841911912,0,,,,,,,,True,-12.0,5.0,0.0,optimal,0,-12.0,5.0,0.8544366105777221,0.8380568920249938,0.0,True,0.0,True,0.0,0.0
1761030599.4613936,1,follower,auto,0.2590670585632324,0.9464247226715088,0.08046472817659378,0.3030393028259279,1.0,-0.015196514129638832,0.04397224426269547,0.05357527732849121,-0.09566124230623262,-2.0570517255978595,11.108343313183186,5.19393788809605,0,,,,,,,,True,11.640800008930428,-2.9571873795189694,9.741530123277146,optimal,0,4.0,-9.0,0.057681864915025305,-0.12976688007663345,0.0,True,0.0,True,0.0,0.0
1761030599.5646245,0,leader,auto,0.8782357573509216,0.9448309540748596,-0.07356798648834229,0.7530393028259279,1.0,-0.015196514129638832,-0.12519645452499373,0.05516904592514038,0.05837147235870345,0,0,0,0,1.0,0,0,0,0,0,0,False,,,,,,,,,,,,,,,
1761030599.6650128,1,follower,auto,0.2590670585632324,0.9464247226715088,0.08046472817659378,0.3030393028259279,1.0,-0.015196514129638832,0.04397224426269547,0.05357527732849121,-0.09566124230623262,0,0,0,0,1.0,0,0,0,0,0,0,False,,,,,,,,,,,,,,,
1761030599.6673584,0,follower,auto,0.8867679238319397,0.9440661668777466,-0.10016819089651108,0.7591958808898928,1.0,-0.04597940444946305,-0.12757204294204694,0.05593383312225342,0.054188786447048026,5.01466701176844,-13.02327548340023,5.557160336538947,0,,,,,,,,True,-12.0,5.0,0.0,optimal,0,-12.0,5.0,0.8509299958409533,0.8611783178578378,0.0,True,0.0,True,0.0,0.0
1761030599.7683752,1,follower,auto,0.2721410393714905,0.9478089809417725,0.05045073479413986,0.30919588088989275,1.0,-0.04597940444946305,0.03705484151840227,0.05219101905822754,-0.09643013924360291,-2.0336403123771194,10.093495967401802,5.153685243904673,0,,,,,,,,True,10.149144840989626,-2.8679259332726286,9.418736874829818,optimal,0,3.0,-9.0,0.03591317249419995,-0.12294820537632184,0.0,True,0.0,True,0.0,0.0
1761030599.8700485,0,leader,auto,0.8867679238319397,0.9440661668777466,-0.10016819089651108,0.7591958808898928,1.0,-0.04597940444946305,-0.12757204294204694,0.05593383312225342,0.054188786447048026,0,0,0,0,1.0,0,0,0,0,0,0,False,,,,,,,,,,,,,,,
1761030599.9704578,1,follower,auto,0.2721410393714905,0.9478089809417725,0.05045073479413986,0.30919588088989275,1.0,-0.04597940444946305,0.03705484151840227,0.05219101905822754,-0.09643013924360291,0,0,0,0,1.0,0,0,0,0,0,0,False,,,,,,,,,,,,,,,
1761030599.9721532,0,follower,auto,0.8967410922050476,0.9407152533531189,-0.1294698566198349,0.7653348255157473,1.0,-0.07667412757873551,-0.13140626668930033,0.059284746646881104,0.05279572904109939,5.042446451625472,-14.026652028784335,5.576123911333023,0,,,,,,,,True,-13.0,5.0,0.0,optimal,0,-13.0,5.0,0.8501336104844464,0.8838313534950737,0.0,True,0.0,True,0.0,0.0
1761030600.073267,1,follower,auto,0.28842318058013916,0.9484372138977051,0.024277033284306526,0.31533482551574726,1.0,-0.07667412757873551,0.026911644935608103,0.05156278610229492,-0.10095116086304204,-4.025267925031037,7.054673573498052,5.103122847558582,0,,,,,,,,True,7.72279109846004,-4.668574717844254,7.82140866441736,infeasible,0,2.0,-10.0,0.023423610957413132,-0.10087775338576216,0.0,True,0.0,True,0.0,0.0
1761030600.1758041,0,leader,auto,0.8967410922050476,0.9407152533531189,-0.1294698566198349,0.7653348255157473,1.0,-0.07667412757873551,-0.13140626668930033,0.059284746646881104,0.05279572904109939,0,0,0,0,1.0,0,0,0,0,0,0,False,,,,,,,,,,,,,,,
1761030600.2761698,1,follower,auto,0.28842318058013916,0.9484372138977051,0.024277033284306526,0.31533482551574726,1.0,-0.07667412757873551,0.026911644935608103,0.05156278610229492,-0.10095116086304204,0,0,0,0,1.0,0,0,0,0,0,0,False,,,,,,,,,,,,,,,
1761030600.2766387,0,follower,auto,0.9045267701148987,0.9344266653060913,-0.16073906421661377,0.7714314031600954,1.0,-0.10715701580047624,-0.13309536695480328,0.06557333469390869,0.053582048416137534,5.083675869477166,-13.994125139899605,6.610636018120144,0,,,,,,,,True,-13.0,5.0,0.0,optimal,0,-13.0,5.0,0.8450773684490691,0.8610799845984083,0.0,True,0.0,True,0.0,0.0
1761030600.3771276,1,follower,auto,0.3082115054130554,0.9488217830657959,0.0021433366928249598,0.3214314031600954,1.0,-0.10715701580047624,0.013219897747039966,0.0511782169342041,-0.1093003524933012,-6.028928552915767,3.998409980274475,5.041722404728725,0,,,,,,,,True,4.107851952682161,-6.854591101664472,4.4218029012517786,infeasible,0,1.0,-10.0,0.020426864819207913,-0.05686416253493737,0.0,True,0.0,True,0.0,0.0
1761030600.48264,0,leader,auto,0.9045267701148987,0.9344266653060913,-0.16073906421661377,0.7714314031600954,1.0,-0.10715701580047624,-0.13309536695480328,0.06557333469390869,0.053582048416137534,0,0,0,0,1.0,0,0,0,0,0,0,False,,,,,,,,,,,,,,,
1761030600.5830705,1,follower,auto,0.3082115054130554,0.9488217830657959,0.0021433366928249598,0.3214314031600954,1.0,-0.10715701580047624,0.013219897747039966,0.0511782169342041,-0.1093003524933012,0,0,0,0,1.0,0,0,0,0,0,0,False,,,,,,,,,,,,,,,
1761030600.5843816,0,follower,auto,0.9075518846511841,0.928499162197113,-0.19191056489944458,0.7775105762481691,1.0,-0.1375528812408449,-0.13004130840301498,0.07150083780288696,0.05435768365859969,5.100944920829646,-13.926277480181323,7.635812306177268,0,,,,,,,,True,-13.0,5.0,0.0,optimal,0,-13.0,5.0,0.831590277214969,0.7985750442226474,0.0,True,0.0,True,0.0,0.0
1761030600.6852033,1,follower,auto,0.32690465450286865,0.9501851201057434,-0.01585858128964901,0.3275105762481691,1.0,-0.1375528812408449,0.0006059217453004417,0.04981487989425659,-0.12169429995119588,-8.046181730881369,2.972629517834555,3.972951937465953,0,,,,,,,,True,3.3017648833506503,-8.406596878767763,4.879979235264133,infeasible,0,0.0,-12.0,0.022021428247658792,-0.06285423536920443,0.0,True,0.0,True,0.0,0.0
1761030600.7876155,0,leader,auto,0.9075518846511841,0.928499162197113,-0.19191056489944458,0.7775105762481691,1.0,-0.1375528812408449,-0.13004130840301498,0.07150083780288696,0.05435768365859969,0,0,0,0,1.0,0,0,0,0,0,0,False,,,,,,,,,,,,,,,
1761030600.8878853,1,follower,auto,0.32690465450286865,0.9501851201057434,-0.01585858128964901,0.3275105762481691,1.0,-0.1375528812408449,0.0006059217453004417,0.04981487989425659,-0.12169429995119588,0,0,0,0,1.0,0,0,0,0,0,0,False,,,,,,,,,,,,,,,
1761030600.888653,0,follower,auto,0.9076735973358154,0.9252994060516357,-0.2221590131521225,0.7836710977554323,1.0,-0.1683554887771608,-0.12400249958038312,0.07470059394836426,0.05380352437496169,5.088840462103996,-12.86838206400164,7.647249442624792,0,,,,,,,,True,-12.0,5.0,0.0,optimal,0,-12.0,5.0,0.8141364122074686,0.7649078887808713,0.0,True,0.0,True,0.0,0.0
1761030600.9892392,1,follower,auto,0.34049513936042786,0.9529245495796204,-0.034397561103105545,0.3336710977554323,1.0,-0.1683554887771608,-0.0068240416049955566,0.04707545042037964,-0.13395792767405526,-6.06854476107807,4.994605215943208,3.945194226223703,0,,,,,,,,True,5.745818488408334,-6.329959843015978,8.803627990636274,infeasible,0,0.0,-13.0,0.018920626778984706,-0.1130470449453092,0.0,True,0.0,True,0.0,0.0
1761030601.1176715,0,leader,auto,0.9076735973358154,0.9252994060516357,-0.2221590131521225,0.7836710977554323,1.0,-0.1683554887771608,-0.12400249958038312,0.07470059394836426,0.05380352437496169,0,0,0,0,1.0,0,0,0,0,0,0,False,,,,,,,,,,,,,,,
1761030601.2180607,1,follower,auto,0.34049513936042786,0.9529245495796204,-0.034397561103105545,0.3336710977554323,1.0,-0.1683554887771608,-0.0068240416049955566,0.04707545042037964,-0.13395792767405526,0,0,0,0,1.0,0,0,0,0,0,0,False,,,,,,,,,,,,,,,
1761030601.2206402,0,follower,auto,0.906369149684906,0.9260669946670532,-0.25358834862709045,0.789751982688904,1.0,-0.1987599134445192,-0.116617166996002,0.07393300533294678,0.054828435182571245,5.050815471212719,-11.83211426809337,7.666284101206882,0,,,,,,,,True,-11.0,5.0,0.0,optimal,0,-11.0,5.0,0.7947713973068262,0.7526682688447701,0.0,True,0.0,True,0.0,0.0
1761030601.3220036,1,follower,auto,0.34784427285194397,0.9547619223594666,-0.05852467939257622,0.339751982688904,1.0,-0.1987599134445192,-0.008092290163039972,0.04523807764053345,-0.140235234051943,-1.066608436625156,9.046705852614746,3.978123211068951,0,,,,,,,,True,9.970661837386272,-1.627009417786116,15.890405703538988,optimal,0,0.0,-14.0,0.0050338060021028475,-0.20124491687721396,0.0,True,0.0,True,0.0,0.0
1761030601.4578483,0,leader,auto,0.906369149684906,0.9260669946670532,-0.25358834862709045,0.789751982688904,1.0,-0.1987599134445192,-0.116617166996002,0.07393300533294678,0.054828435182571245,0,0,0,0,1.0,0,0,0,0,0,0,False,,,,,,,,,,,,,,,
1761030601.55821,1,follower,auto,0.34784427285194397,0.9547619223594666,-0.05852467939257622,0.339751982688904,1.0,-0.1987599134445192,-0.008092290163039972,0.04523807764053345,-0.140235234051943,0,0,0,0,1.0,0,0,0,0,0,0,False,,,,,,,,,,,,,,,
1761030601.5588634,0,follower,auto,0.9082239270210266,0.9307008385658264,-0.2842479944229126,0.7964065980911257,1.0,-0.2320329904556276,-0.11181732892990093,0.06929916143417358,0.052215003967284984,4.997147589385705,-11.850907404347975,6.665799688957281,0,,,,,,,,True,-11.0,5.0,0.0,optimal,0,-11.0,5.0,0.7847092003324412,0.8043472132908773,0.0,True,0.0,True,0.0,0.0
1761030601.659628,1,follower,auto,0.3502044677734375,0.9531941413879395,-0.08681327104568481,0.3464065980911257,1.0,-0.2320329904556276,-0.0037978696823118274,0.04680585861206055,-0.1452197194099428,2.9723595924016974,12.107379112740428,4.022687699296487,0,,,,,,,,True,12.802577769032306,3.0480680862266993,21.3200052299417,optimal,0,0.0,-14.0,-0.01655177065818164,-0.26405601225331277,0.0,True,0.0,True,0.0,0.0
1761030601.763647,0,leader,auto,0.9082239270210266,0.9307008385658264,-0.2842479944229126,0.7964065980911257,1.0,-0.2320329904556276,-0.11181732892990093,0.06929916143417358,0.052215003967284984,0,0,0,0,1.0,0,0,0,0,0,0,False,,,,,,,,,,,,,,,
1761030601.8640347,1,follower,auto,0.3502044677734375,0.9531941413879395,-0.08681327104568481,0.3464065980911257,1.0,-0.2320329904556276,-0.0037978696823118274,0.04680585861206055,-0.1452197194099428,0,0,0,0,1.0,0,0,0,0,0,0,False,,,,,,,,,,,,,,,
1761030601.8659055,0,follower,auto,0.9129067063331604,0.9337319135665894,-0.31167128682136536,0.8031608057022097,1.0,-0.26580402851104756,-0.10974590063095069,0.06626808643341064,0.04586725831031779,3.9844062267125238,-10.884613585211254,6.6446608064061845,0,,,,,,,,True,-10.0,4.0,0.0,optimal,0,-10.0,4.0,0.7840290412088438,0.8473614679825592,0.0,True,0.0,True,0.0,0.0
1761030601.9671073,1,follower,auto,0.35216352343559265,0.9476285576820374,-0.10939737409353256,0.3531608057022097,1.0,-0.26580402851104756,0.00099728226661705,0.052371442317962646,-0.156406654417515,3.0277358009468656,12.133263683944962,4.981947531818871,0,,,,,,,,True,12.879923535763876,3.20731221297876,22.30243592767413,optimal,0,0.0,-15.0,-0.03254503202216397,-0.2715182211303743,0.0,True,0.0,True,0.0,0.0
1761030602.069776,0,leader,auto,0.9129067063331604,0.9337319135665894,-0.31167128682136536,0.8031608057022097,1.0,-0.26580402851104756,-0.10974590063095069,0.06626808643341064,0.04586725831031779,0,0,0,0,1.0,0,0,0,0,0,0,False,,,,,,,,,,,,,,,
1761030602.1700916,1,follower,auto,0.35216352343559265,0.9476285576820374,-0.10939737409353256,0.3531608057022097,1.0,-0.26580402851104756,0.00099728226661705,0.052371442317962646,-0.156406654417515,0,0,0,0,1.0,0,0,0,0,0,0,False,,,,,,,,,,,,,,,
1761030602.1705449,0,follower,auto,0.9174116253852844,0.93277508020401,-0.3415103852748871,0.8093111944198611,1.0,-0.2965559720993044,-0.10810043096542332,0.06722491979598999,0.044954413175582686,4.007890583228487,-10.887656267505115,6.672165913730455,0,,,,,,,,True,-10.0,4.0,0.0,optimal,0,-10.0,4.0,0.7837276985218979,0.8591785103457197,0.0,True,0.0,True,0.0,0.0
1761030602.2709842,1,follower,auto,0.3595680892467499,0.9399649500846863,-0.12874871492385864,0.3593111944198611,1.0,-0.2965559720993044,-0.0002568948268887872,0.06003504991531372,-0.16780725717544576,0.06816372913274593,10.089711624273665,5.929016277721383,0,,,,,,,,True,10.561392864059082,-0.08135227460901184,19.10356942129124,optimal,0,0.0,-16.0,-0.03905603682605496,-0.2309129633531714,0.0,True,0.0,True,0.0,0.0
1761030602.3766541,0,leader,auto,0.9174116253852844,0.93277508020401,-0.3415103852748871,0.8093111944198611,1.0,-0.2965559720993044,-0.10810043096542332,0.06722491979598999,0.044954413175582686,0,0,0,0,1.0,0,0,0,0,0,0,False,,,,,,,,,,,,,,,
1761030602.4769528,1,follower,auto,0.3595680892467499,0.9399649500846863,-0.12874871492385864,0.3593111944198611,1.0,-0.2965559720993044,-0.0002568948268887872,0.06003504991531372,-0.16780725717544576,0,0,0,0,1.0,0,0,0,0,0,0,False,,,,,,,,,,,,,,,
1761030602.4774675,0,follower,auto,0.9215797185897827,0.927839994430542,-0.37283480167388916,0.8153893470764163,1.0,-0.3269467353820803,-0.10619037151336641,0.07216000556945801,0.04588806629180886,4.047088486299341,-10.871086550063259,7.709998978182552,0,,,,,,,,True,-10.0,4.0,0.0,optimal,0,-10.0,4.0,0.7841120528172552,0.8721929296489692,0.0,True,0.0,True,0.0,0.0
1761030602.5779095,1,follower,auto,0.3743748664855957,0.9321746826171875,-0.1455235630273819,0.3653893470764163,1.0,-0.3269467353820803,-0.00898551940917941,0.0678253173828125,-0.1814231723546984,-4.91737922536685,6.999814245369734,5.874389501074212,0,,,,,,,,True,7.63273408889778,-5.632321457887572,14.53334449439806,optimal,0,0.0,-18.0,-0.034439968380851615,-0.17656754571998134,0.0,True,0.0,True,0.0,0.0
1761030602.682253,0,leader,auto,0.9215797185897827,0.927839994430542,-0.37283480167388916,0.8153893470764163,1.0,-0.3269467353820803,-0.10619037151336641,0.07216000556945801,0.04588806629180886,0,0,0,0,1.0,0,0,0,0,0,0,False,,,,,,,,,,,,,,,
1761030602.7826135,1,follower,auto,0.3743748664855957,0.9321746826171875,-0.1455235630273819,0.3653893470764163,1.0,-0.3269467353820803,-0.00898551940917941,0.0678253173828125,-0.1814231723546984,0,0,0,0,1.0,0,0,0,0,0,0,False,,,,,,,,,,,,,,,
1761030602.783447,0,follower,auto,0.9277528524398804,0.9219056367874146,-0.4037137031555176,0.8215261983871462,1.0,-0.3576309919357302,-0.10622665405273413,0.07809436321258545,0.04608271121978735,4.067747122748323,-10.871404919715633,7.73550243839767,0,,,,,,,,True,-10.0,4.0,0.0,optimal,0,-10.0,4.0,0.7910975471463102,0.9283259134337078,0.0,True,0.0,True,0.0,0.0
1761030602.8841245,1,follower,auto,0.3914416432380676,0.9257206916809082,-0.16010701656341553,0.37152619838714623,1.0,-0.3576309919357302,-0.019915444850921393,0.0742793083190918,-0.1975239753723147,-7.924772216401559,4.942307979245991,6.821697887527721,0,,,,,,,,True,5.2967167978454155,-8.043196796037225,12.637253613132781,infeasible,0,-1.0,-19.0,-0.024669542454432036,-0.1551693518975304,0.0,True,0.0,True,0.0,0.0
1761030603.041418,0,leader,auto,0.9277528524398804,0.9219056367874146,-0.4037137031555176,0.8215261983871462,1.0,-0.3576309919357302,-0.10622665405273413,0.07809436321258545,0.04608271121978735,0,0,0,0,1.0,0,0,0,0,0,0,False,,,,,,,,,,,,,,,
1761030603.1417944,1,follower,auto,0.3914416432380676,0.9257206916809082,-0.16010701656341553,0.37152619838714623,1.0,-0.3576309919357302,-0.019915444850921393,0.0742793083190918,-0.1975239753723147,0,0,0,0,1.0,0,0,0,0,0,0,False,,,,,,,,,,,,,,,
1761030603.1433005,0,follower,auto,0.9385063648223877,0.9182561635971069,-0.4382493495941162,0.8276494169235232,1.0,-0.388247084617615,-0.11085694789886447,0.08174383640289307,0.05000226497650123,5.053777094693073,-11.903530351427767,8.796913154915412,0,,,,,,,,True,-11.0,5.0,0.0,optimal,0,-11.0,5.0,0.8100098855666373,1.0329284783385302,0.0,True,0.0,True,0.0,0.0
1761030603.2443104,1,follower,auto,0.40976008772850037,0.9212656021118164,-0.17439201474189758,0.3776494169235232,1.0,-0.388247084617615,-0.03211067080497715,0.0787343978881836,-0.2138550698757174,-7.942806295610088,2.9080968315541775,6.7803403576456835,0,,,,,,,,True,3.795333411491937,-8.274504051701152,14.426184641252483,optimal,0,-3.0,-21.0,-0.012172075349490885,-0.17949805824773407,0.0,True,0.0,True,0.0,0.0
1761030603.3455846,0,leader,auto,0.9385063648223877,0.9182561635971069,-0.4382493495941162,0.8276494169235232,1.0,-0.388247084617615,-0.11085694789886447,0.08174383640289307,0.05000226497650123,0,0,0,0,1.0,0,0,0,0,0,0,False,,,,,,,,,,,,,,,
1761030603.4459252,1,follower,auto,0.40976008772850037,0.9212656021118164,-0.17439201474189758,0.3776494169235232,1.0,-0.388247084617615,-0.03211067080497715,0.0787343978881836,-0.2138550698757174,0,0,0,0,1.0,0,0,0,0,0,0,False,,,,,,,,,,,,,,,
1761030603.446923,0,follower,auto,0.9473080635070801,0.9179366230964661,-0.4681066870689392,0.8348543167114261,1.0,-0.42427158355712913,-0.11245374679565401,0.08206337690353394,0.04383510351181008,4.0174961912665035,-11.898458295198552,8.789486044047903,0,,,,,,,,True,-11.0,4.0,0.0,optimal,0,-11.0,4.0,0.8273329759980845,1.045057752026825,0.0,True,0.0,True,0.0,0.0
1761030603.5477507,1,follower,auto,0.4197075664997101,0.9179587364196777,-0.18920917809009552,0.38485431671142606,1.0,-0.42427158355712913,-0.034853249788284024,0.08204126358032227,-0.2350624054670336,-3.95374313952226,5.969835148606897,7.758955816633801,0,,,,,,,,True,6.169442021771433,-4.716407947466912,20.454055962915493,optimal,0,-3.0,-23.0,-0.00937159703957341,-0.255244657682705,0.0,True,0.0,True,0.0,0.0
1761030603.6507726,0,leader,auto,0.9473080635070801,0.9179366230964661,-0.4681066870689392,0.8348543167114261,1.0,-0.42427158355712913,-0.11245374679565401,0.08206337690353394,0.04383510351181008,0,0,0,0,1.0,0,0,0,0,0,0,False,,,,,,,,,,,,,,,
1761030603.7512474,1,follower,auto,0.4197075664997101,0.9179587364196777,-0.18920917809009552,0.38485431671142606,1.0,-0.42427158355712913,-0.034853249788284024,0.08204126358032227,-0.2350624054670336,0,0,0,0,1.0,0,0,0,0,0,0,False,,,,,,,,,,,,,,,
1761030603.752715,0,follower,auto,0.9539539217948914,0.9189539551734924,-0.49893680214881897,0.840921235084534,1.0,-0.4546061754226687,-0.11303268671035738,0.08104604482650757,0.04433062672615029,3.987567458392181,-11.883666359821639,8.807657261460612,0,,,,,,,,True,-11.0,4.0,0.0,optimal,0,-11.0,4.0,0.841610784015481,1.0457266808783774,0.0,True,0.0,True,0.0,0.0
1761030603.8538108,1,follower,auto,0.4234713315963745,0.9128700494766235,-0.20737522840499878,0.39092123508453397,1.0,-0.4546061754226687,-0.03255009651184054,0.08712995052337646,-0.2472309470176699,0.06575783800572588,8.045138579414546,7.768443086060077,0,,,,,,,,True,8.387527652228771,0.2624607282116074,26.80191759218518,optimal,0,-3.0,-24.0,-0.015654241726416995,-0.33226598477318464,0.0,True,0.0,True,0.0,0.0
1761030603.9571948,0,leader,auto,0.9539539217948914,0.9189539551734924,-0.49893680214881897,0.840921235084534,1.0,-0.4546061754226687,-0.11303268671035738,0.08104604482650757,0.04433062672615029,0,0,0,0,1.0,0,0,0,0,0,0,False,,,,,,,,,,,,,,,
1761030604.0574198,1,follower,auto,0.4234713315963745,0.9128700494766235,-0.20737522840499878,0.39092123508453397,1.0,-0.4546061754226687,-0.03255009651184054,0.08712995052337646,-0.2472309470176699,0,0,0,0,1.0,0,0,0,0,0,0,False,,,,,,,,,,,,,,,
1761030604.0584455,0,follower,auto,0.9602543115615845,0.9208057522773743,-0.5320032238960266,0.8470459079742435,1.0,-0.48522953987121603,-0.11320840358734097,0.07919424772262573,0.04677368402481058,3.961291773271858,-11.883517618012334,7.845531935921189,0,,,,,,,,True,-11.0,4.0,0.0,optimal,0,-11.0,4.0,0.8572142738369855,1.0806867320415852,0.0,True,0.0,True,0.0,0.0
1761030604.1590955,1,follower,auto,0.4241132438182831,0.9060316681861877,-0.227550208568573,0.3970459079742435,1.0,-0.48522953987121603,-0.027067335844039586,0.09396833181381226,-0.25767933130264303,3.0965931228145673,10.101143947185951,8.774525944385585,0,,,,,,,,True,10.2361843013603,3.0299890712246302,30.58438316510288,optimal,0,-2.0,-25.0,-0.026253770039592228,-0.37489739875659256,0.0,True,0.0,True,0.0,0.0
1761030604.3661711,0,leader,auto,0.9602543115615845,0.9208057522773743,-0.5320032238960266,0.8470459079742435,1.0,-0.48522953987121603,-0.11320840358734097,0.07919424772262573,0.04677368402481058,0,0,0,0,1.0,0,0,0,0,0,0,False,,,,,,,,,,,,,,,
1761030604.4665387,1,follower,auto,0.4241132438182831,0.9060316681861877,-0.227550208568573,0.3970459079742435,1.0,-0.48522953987121603,-0.027067335844039586,0.09396833181381226,-0.25767933130264303,0,0,0,0,1.0,0,0,0,0,0,0,False,,,,,,,,,,,,,,,
1761030604.4685004,0,follower,auto,0.9672929048538208,0.9219120740890503,-0.576176643371582,0.8531508684158329,1.0,-0.5157543420791628,-0.11414203643798793,0.07808792591094971,0.06042230129241921,5.949053544745534,-11.900328797111483,7.975438137480878,0,,,,,,,,True,-11.0,6.0,0.0,optimal,0,-11.0,6.0,0.8783756067174322,1.1563995738446236,0.0,True,0.0,True,0.0,0.0
1761030604.5695639,1,follower,auto,0.42235103249549866,0.8974525928497314,-0.2510261833667755,0.40315086841583286,1.0,-0.5157543420791628,-0.019200164079665794,0.10254740715026855,-0.2647281587123873,4.131083053688547,11.148795087320172,9.778834138510721,0,,,,,,,,True,11.237789294889373,4.590368521990243,32.94744501683371,optimal,0,-1.0,-26.0,-0.04069123098287225,-0.3975270577556444,0.0,True,0.0,True,0.0,0.0
1761030604.6722355,0,leader,auto,0.9672929048538208,0.9219120740890503,-0.576176643371582,0.8531508684158329,1.0,-0.5157543420791628,-0.11414203643798793,0.07808792591094971,0.06042230129241921,0,0,0,0,1.0,0,0,0,0,0,0,False,,,,,,,,,,,,,,,
1761030604.772563,1,follower,auto,0.42235103249549866,0.8974525928497314,-0.2510261833667755,0.40315086841583286,1.0,-0.5157543420791628,-0.019200164079665794,0.10254740715026855,-0.2647281587123873,0,0,0,0,1.0,0,0,0,0,0,0,False,,,,,,,,,,,,,,,
1761030604.7733934,0,follower,auto,0.9717743396759033,0.9218606948852539,-0.6096600294113159,0.8613585615158085,1.0,-0.5567928075790407,-0.11041577816009485,0.0781393051147461,0.05286722183227521,4.963055419607666,-11.88495319992589,7.940784384199757,0,,,,,,,,True,-11.0,5.0,0.0,optimal,0,-11.0,5.0,0.8950804251733899,1.1637393369674125,0.0,True,0.0,True,0.0,0.0
1761030604.8739843,1,follower,auto,0.42348477244377136,0.8997946977615356,-0.26751989126205444,0.41135856151580846,1.0,-0.5567928075790407,-0.0121262109279629,0.10020530223846436,-0.28927291631698626,3.0417434639752927,10.139825618917515,9.70530488765183,0,,,,,,,,True,10.69141166266171,3.3550143262269856,33.463801787360055,infeasible,0,-1.0,-28.0,-0.04721973757193165,-0.40081310328230096,0.0,True,0.0,True,0.0,0.0
1761030604.978531,0,leader,auto,0.9717743396759033,0.9218606948852539,-0.6096600294113159,0.8613585615158085,1.0,-0.5567928075790407,-0.11041577816009485,0.0781393051147461,0.05286722183227521,0,0,0,0,1.0,0,0,0,0,0,0,False,,,,,,,,,,,,,,,
1761030605.0788598,1,follower,auto,0.42348477244377136,0.8997946977615356,-0.26751989126205444,0.41135856151580846,1.0,-0.5567928075790407,-0.0121262109279629,0.10020530223846436,-0.28927291631698626,0,0,0,0,1.0,0,0,0,0,0,0,False,,,,,,,,,,,,,,,
1761030605.080069,0,follower,auto,0.9787187576293945,0.9254514575004578,-0.6443834900856018,0.8674466609954837,1.0,-0.5872333049774172,-0.1112720966339108,0.07454854249954224,0.05715018510818459,4.938474198485525,-11.898024432093761,7.963787942942613,0,,,,,,,,True,-11.0,5.0,0.0,optimal,0,-11.0,5.0,0.9202245017966824,1.2538178135298423,0.0,True,0.0,True,0.0,0.0
1761030605.1810703,1,follower,auto,0.43142831325531006,0.905311644077301,-0.28182440996170044,0.4174466609954837,1.0,-0.5872333049774172,-0.013981652259826338,0.09468835592269897,-0.3054088950157168,-1.0135392884307795,8.076927304164997,8.64187386535389,0,,,,,,,,True,8.728327554773335,-1.8449646102602237,29.788359720039328,optimal,0,-1.0,-30.0,-0.04369769713099386,-0.35820666198243833,0.0,True,0.0,True,0.0,0.0
1761030605.2847176,0,leader,auto,0.9787187576293945,0.9254514575004578,-0.6443834900856018,0.8674466609954837,1.0,-0.5872333049774172,-0.1112720966339108,0.07454854249954224,0.05715018510818459,0,0,0,0,1.0,0,0,0,0,0,0,False,,,,,,,,,,,,,,,
1761030605.3849409,1,follower,auto,0.43142831325531006,0.905311644077301,-0.28182440996170044,0.4174466609954837,1.0,-0.5872333049774172,-0.013981652259826338,0.09468835592269897,-0.3054088950157168,0,0,0,0,1.0,0,0,0,0,0,0,False,,,,,,,,,,,,,,,
1761030605.3854866,0,follower,auto,0.9874447584152222,0.927119791507721,-0.6769483685493469,0.8735895109176639,1.0,-0.6179475545883181,-0.11385524749755827,0.07288020849227905,0.05900081396102885,4.953871965499256,-11.912959108421463,7.974805584495257,0,,,,,,,,True,-11.0,5.0,0.0,optimal,0,-11.0,5.0,0.9513357794200608,1.3285849866390915,0.0,True,0.0,True,0.0,0.0
1761030605.4858978,1,follower,auto,0.44308871030807495,0.9119736552238464,-0.2934311628341675,0.4235895109176639,1.0,-0.6179475545883181,-0.01949919939041106,0.08802634477615356,-0.3245163917541506,-5.046366391774824,6.022884228198657,7.577934661217877,0,,,,,,,,True,6.849937147378755,-5.561628630098859,25.6681808555067,optimal,0,-1.0,-30.0,-0.033766226186252635,-0.3120766760638513,0.0,True,0.0,True,0.0,0.0
1761030605.5934937,0,leader,auto,0.9874447584152222,0.927119791507721,-0.6769483685493469,0.8735895109176639,1.0,-0.6179475545883181,-0.11385524749755827,0.07288020849227905,0.05900081396102885,0,0,0,0,1.0,0,0,0,0,0,0,False,,,,,,,,,,,,,,,
1761030605.6937516,1,follower,auto,0.44308871030807495,0.9119736552238464,-0.2934311628341675,0.4235895109176639,1.0,-0.6179475545883181,-0.01949919939041106,0.08802634477615356,-0.3245163917541506,0,0,0,0,1.0,0,0,0,0,0,0,False,,,,,,,,,,,,,,,
1761030605.694279,0,follower,auto,0.9956386685371399,0.924369215965271,-0.7071049213409424,0.8796855545043949,1.0,-0.6484277725219728,-0.115953114032745,0.075630784034729,0.05867714881896957,4.9974555850301785,-11.910381957790035,7.977401146574316,0,,,,,,,,True,-11.0,5.0,0.0,optimal,0,-11.0,5.0,0.9824442741449024,1.3593365010652703,0.0,True,0.0,True,0.0,0.0
1761030605.7946837,1,follower,auto,0.45388826727867126,0.91195148229599,-0.30428680777549744,0.4296855545043949,1.0,-0.6484277725219728,-0.02420271277427638,0.08804851770401001,-0.3441409647464754,-5.001912825762275,5.011314370146074,7.532923388096198,0,,,,,,,,True,5.361090281941567,-5.406202744783471,25.671784386161995,infeasible,0,-2.0,-30.0,-0.024126480304591857,-0.3154006431062645,0.0,True,0.0,True,0.0,0.0
1761030605.899532,0,leader,auto,0.9956386685371399,0.924369215965271,-0.7071049213409424,0.8796855545043949,1.0,-0.6484277725219728,-0.115953114032745,0.075630784034729,0.05867714881896957,0,0,0,0,1.0,0,0,0,0,0,0,False,,,,,,,,,,,,,,,
1761030605.9998374,1,follower,auto,0.45388826727867126,0.91195148229599,-0.30428680777549744,0.4296855545043949,1.0,-0.6484277725219728,-0.02420271277427638,0.08804851770401001,-0.3441409647464754,0,0,0,0,1.0,0,0,0,0,0,0,False,,,,,,,,,,,,,,,
1761030606.0017436,0,follower,auto,0.9998648762702942,0.9203948974609375,-0.7341968417167664,0.8858600473403935,1.0,-0.6793002367019655,-0.11400482892990071,0.0796051025390625,0.05489660501480087,5.017093151219922,-11.861877199977869,7.966391975964158,0,,,,,,,,True,-11.0,5.0,0.0,optimal,0,-11.0,5.0,1.0045238819772364,1.3234616949419984,0.0,True,0.0,True,0.0,0.0
1761030606.102617,1,follower,auto,0.4684981107711792,0.9063177108764648,-0.31628507375717163,0.43586004734039346,1.0,-0.6793002367019655,-0.032638063430785735,0.09368228912353516,-0.36301516294479386,-7.937722368079139,1.9614340933891175,8.515062949839981,0,,,,,,,,True,2.826953885609332,-8.796999548463852,21.98910229483823,infeasible,0,-3.0,-30.0,-0.009359101770956335,-0.2744039546612541,0.0,True,0.0,True,0.0,0.0
1761030606.2058601,0,leader,auto,0.9998648762702942,0.9203948974609375,-0.7341968417167664,0.8858600473403935,1.0,-0.6793002367019655,-0.11400482892990071,0.0796051025390625,0.05489660501480087,0,0,0,0,1.0,0,0,0,0,0,0,False,,,,,,,,,,,,,,,
1761030606.3060892,1,follower,auto,0.4684981107711792,0.9063177108764648,-0.31628507375717163,0.43586004734039346,1.0,-0.6793002367019655,-0.032638063430785735,0.09368228912353516,-0.36301516294479386,0,0,0,0,1.0,0,0,0,0,0,0,False,,,,,,,,,,,,,,,
1761030606.3068945,0,follower,auto,1.0031123161315918,0.9164180755615234,-0.7603603601455688,0.8920182609558109,1.0,-0.7100913047790529,-0.11109405517578086,0.08358192443847656,0.050269055366515936,5.0220576731587165,-11.829300027182768,8.961547808434084,0,,,,,,,,True,-11.0,5.0,0.0,optimal,0,-11.0,5.0,1.0252667623626535,1.3404426951477422,0.0,True,0.0,True,0.0,0.0
1761030606.4075606,1,follower,auto,0.48139670491218567,0.9012112021446228,-0.33374905586242676,0.4420182609558109,1.0,-0.7100913047790529,-0.03937844395637474,0.0987887978553772,-0.37634224891662615,-6.92194646091393,1.9510404095867884,8.549359673793242,0,,,,,,,,True,2.401175137721343,-7.8627245662349665,22.78665522841639,optimal,0,-3.0,-30.0,0.0019408458918187543,-0.2876799060431915,0.0,True,0.0,True,0.0,0.0
1761030606.5603292,0,leader,auto,1.0031123161315918,0.9164180755615234,-0.7603603601455688,0.8920182609558109,1.0,-0.7100913047790529,-0.11109405517578086,0.08358192443847656,0.050269055366515936,0,0,0,0,1.0,0,0,0,0,0,0,False,,,,,,,,,,,,,,,
1761030606.66072,1,follower,auto,0.48139670491218567,0.9012112021446228,-0.33374905586242676,0.4420182609558109,1.0,-0.7100913047790529,-0.03937844395637474,0.0987887978553772,-0.37634224891662615,0,0,0,0,1.0,0,0,0,0,0,0,False,,,,,,,,,,,,,,,
1761030606.662124,0,follower,auto,1.0089974403381348,0.9133282899856567,-0.7897756695747375,0.8981172037124637,1.0,-0.7405860185623171,-0.11088023662567104,0.08667171001434326,0.049189651012420454,4.018607625610373,-11.837190218594989,8.99611335295007,0,,,,,,,,True,-11.0,4.0,0.0,optimal,0,-11.0,4.0,1.0556447494216492,1.3906032149936018,0.0,True,0.0,True,0.0,0.0
1761030606.7632227,1,follower,auto,0.49317264556884766,0.8994569778442383,-0.3547520041465759,0.4481172037124637,1.0,-0.7405860185623171,-0.04505544185638394,0.10054302215576172,-0.38583401441574117,-5.947884578976427,-0.04714061153472631,9.580672256509997,0,,,,,,,,True,0.9305849348183299,-6.469578231434472,24.041452044459376,optimal,0,-4.0,-30.0,0.011585296864351557,-0.30648244119902657,0.0,True,0.0,True,0.0,0.0
1761030606.865189,0,leader,auto,1.0089974403381348,0.9133282899856567,-0.7897756695747375,0.8981172037124637,1.0,-0.7405860185623171,-0.11088023662567104,0.08667171001434326,0.049189651012420454,0,0,0,0,1.0,0,0,0,0,0,0,False,,,,,,,,,,,,,,,
1761030606.9655888,1,follower,auto,0.49317264556884766,0.8994569778442383,-0.3547520041465759,0.4481172037124637,1.0,-0.7405860185623171,-0.04505544185638394,0.10054302215576172,-0.38583401441574117,0,0,0,0,1.0,0,0,0,0,0,0,False,,,,,,,,,,,,,,,
1761030606.9677048,0,follower,auto,1.016344428062439,0.912828266620636,-0.8132995963096619,0.9052337884902958,1.0,-0.7761689424514773,-0.11111063957214318,0.08717173337936401,0.03713065385818459,2.9926083532711094,-11.853121747919118,8.959459564976589,0,,,,,,,,True,-11.0,3.0,0.0,optimal,0,-11.0,3.0,1.0876504047263387,1.4417878217901994,0.0,True,0.0,True,0.0,0.0
1761030607.0686684,1,follower,auto,0.501430332660675,0.8972174525260925,-0.3741094470024109,0.4552337884902958,1.0,-0.7761689424514773,-0.04619654417037927,0.10278254747390747,-0.4020594954490664,-4.948379230342327,-0.01575676957530132,9.573779622423809,0,,,,,,,,True,0.35953569320175127,-5.7097693296561225,24.678347948734626,optimal,0,-4.0,-30.0,0.017852942910504044,-0.31656112089720717,0.0,True,0.0,True,0.0,0.0
1761030607.1712117,0,leader,auto,1.016344428062439,0.912828266620636,-0.8132995963096619,0.9052337884902958,1.0,-0.7761689424514773,-0.11111063957214318,0.08717173337936401,0.03713065385818459,0,0,0,0,1.0,0,0,0,0,0,0,False,,,,,,,,,,,,,,,
1761030607.2714949,1,follower,auto,0.501430332660675,0.8972174525260925,-0.3741094470024109,0.4552337884902958,1.0,-0.7761689424514773,-0.04619654417037927,0.10278254747390747,-0.4020594954490664,0,0,0,0,1.0,0,0,0,0,0,0,False,,,,,,,,,,,,,,,
1761030607.2723675,0,follower,auto,1.024375319480896,0.9121047854423523,-0.8346436619758606,0.9113430261611942,1.0,-0.8067151308059695,-0.11303229331970177,0.0878952145576477,0.027928531169891135,1.9885786487978763,-11.87050759802705,8.929473987785785,0,,,,,,,,True,-11.0,2.0,0.0,optimal,0,-11.0,2.0,1.1210813034545601,1.4653062337433143,0.0,True,0.0,True,0.0,0.0
1761030607.3730857,1,follower,auto,0.5051600337028503,0.8972341418266296,-0.3946559727191925,0.4613430261611942,1.0,-0.8067151308059695,-0.04381700754165613,0.10276585817337036,-0.41205915808677696,-1.9693728601461704,0.03855506610941186,9.58237873605137,0,,,,,,,,True,0.08124644353875521,-2.680635495319123,27.622531554376312,optimal,0,-4.0,-30.0,0.01834803721554451,-0.35450026076788305,0.0,True,0.0,True,0.0,0.0
1761030607.4774058,0,leader,auto,1.024375319480896,0.9121047854423523,-0.8346436619758606,0.9113430261611942,1.0,-0.8067151308059695,-0.11303229331970177,0.0878952145576477,0.027928531169891135,0,0,0,0,1.0,0,0,0,0,0,0,False,,,,,,,,,,,,,,,
1761030607.577856,1,follower,auto,0.5051600337028503,0.8972341418266296,-0.3946559727191925,0.4613430261611942,1.0,-0.8067151308059695,-0.04381700754165613,0.10276585817337036,-0.41205915808677696,0,0,0,0,1.0,0,0,0,0,0,0,False,,,,,,,,,,,,,,,
1761030607.5793614,0,follower,auto,1.0322819948196411,0.9137895703315735,-0.8574760556221008,0.9174289083480839,1.0,-0.8371445417404177,-0.11485308647155723,0.08621042966842651,0.020331513881683083,1.965956250259938,-11.886822155149119,8.938236447145883,0,,,,,,,,True,-11.0,2.0,0.0,optimal,0,-11.0,2.0,1.1563080450998093,1.5173283112832816,0.0,True,0.0,True,0.0,0.0
1761030607.680487,1,follower,auto,0.5036815404891968,0.8983516097068787,-0.4137449860572815,0.46742890834808387,1.0,-0.8371445417404177,-0.036252632141112906,0.10164839029312134,-0.42339955568313625,1.0162665630720242,0.11073966572305946,9.567459188673629,0,,,,,,,,True,0.8065624758522913,1.0545164221405159,31.28694469096594,optimal,0,-3.0,-30.0,0.012607637855507614,-0.39925485098113245,0.0,True,0.0,True,0.0,0.0
1761030607.7845962,0,leader,auto,1.0322819948196411,0.9137895703315735,-0.8574760556221008,0.9174289083480839,1.0,-0.8371445417404177,-0.11485308647155723,0.08621042966842651,0.020331513881683083,0,0,0,0,1.0,0,0,0,0,0,0,False,,,,,,,,,,,,,,,
1761030607.8849168,1,follower,auto,0.5036815404891968,0.8983516097068787,-0.4137449860572815,0.46742890834808387,1.0,-0.8371445417404177,-0.036252632141112906,0.10164839029312134,-0.42339955568313625,0,0,0,0,1.0,0,0,0,0,0,0,False,,,,,,,,,,,,,,,
1761030607.88574,0,follower,auto,1.03581964969635,0.9170131087303162,-0.8813029527664185,0.9235764122009281,1.0,-0.8678820610046389,-0.11224323749542198,0.08298689126968384,0.013420891761779519,0.9437303600995726,-11.861569914529126,8.957626528135044,0,,,,,,,,True,-11.0,1.0,0.0,optimal,0,-11.0,1.0,1.1826421483639988,1.468281167713561,0.0,True,0.0,True,0.0,0.0
1761030607.9864235,1,follower,auto,0.5000348687171936,0.8997291922569275,-0.43084385991096497,0.4735764122009281,1.0,-0.8678820610046389,-0.026458456516265494,0.10027080774307251,-0.437038201093674,2.0122870679301674,1.1571609096217792,9.537858638994019,0,,,,,,,,True,1.2451351589642754,2.8489670194200656,33.00887057205825,optimal,0,-2.0,-30.0,0.004831389131912722,-0.4179571800587339,0.0,True,0.0,True,0.0,0.0
1761030608.0928876,0,leader,auto,1.03581964969635,0.9170131087303162,-0.8813029527664185,0.9235764122009281,1.0,-0.8678820610046389,-0.11224323749542198,0.08298689126968384,0.013420891761779519,0,0,0,0,1.0,0,0,0,0,0,0,False,,,,,,,,,,,,,,,
1761030608.1931686,1,follower,auto,0.5000348687171936,0.8997291922569275,-0.43084385991096497,0.4735764122009281,1.0,-0.8678820610046389,-0.026458456516265494,0.10027080774307251,-0.437038201093674,0,0,0,0,1.0,0,0,0,0,0,0,False,,,,,,,,,,,,,,,
1761030608.194216,0,follower,auto,1.0355175733566284,0.9229341149330139,-0.9039878249168396,0.929697270393372,1.0,-0.8984863519668582,-0.1058203029632564,0.07706588506698608,0.005501472949981379,-0.09330900733801763,-10.82556466856879,7.96433134126398,0,,,,,,,,True,-10.0,0.0,0.0,optimal,0,-10.0,0.0,1.1997098367540906,1.3972779860800426,0.0,True,0.0,True,0.0,0.0
1761030608.2955832,1,follower,auto,0.4950280487537384,0.8999544978141785,-0.4445231258869171,0.479697270393372,1.0,-0.8984863519668582,-0.015330778360366393,0.10004550218582153,-0.4539632260799411,4.028485216963371,1.186336696043272,9.489772969136274,0,,,,,,,,True,1.729846063635633,4.200189057863852,34.30896371394475,optimal,0,-1.0,-30.0,-0.003858327884212198,-0.4305876118976965,0.0,True,0.0,True,0.0,0.0
1761030608.398851,0,leader,auto,1.0355175733566284,0.9229341149330139,-0.9039878249168396,0.929697270393372,1.0,-0.8984863519668582,-0.1058203029632564,0.07706588506698608,0.005501472949981379,0,0,0,0,1.0,0,0,0,0,0,0,False,,,,,,,,,,,,,,,
1761030608.4992135,1,follower,auto,0.4950280487537384,0.8999544978141785,-0.4445231258869171,0.479697270393372,1.0,-0.8984863519668582,-0.015330778360366393,0.10004550218582153,-0.4539632260799411,0,0,0,0,1.0,0,0,0,0,0,0,False,,,,,,,,,,,,,,,
1761030608.500751,0,follower,auto,1.0358707904815674,0.9307658076286316,-0.9248770475387573,0.9358801412582402,1.0,-0.9294007062911991,-0.09999064922332723,0.06923419237136841,-0.0045236587524417615,-0.12998184032777857,-9.824122095403915,6.964475449167887,0,,,,,,,,True,-9.0,0.0,0.0,optimal,0,-9.0,0.0,1.2178971162907857,1.4176130301542573,0.0,True,0.0,True,0.0,0.0
1761030608.601919,1,follower,auto,0.4914001524448395,0.8997366428375244,-0.45389991998672485,0.48588014125824014,1.0,-0.9294007062911991,-0.005520011186599338,0.10026335716247559,-0.47550078630447423,3.04657846637609,2.187361008791524,9.425990384414684,0,,,,,,,,True,2.237316825277386,3.5548483564181055,33.629353767191006,infeasible,0,0.0,-30.0,-0.009840611822022338,-0.419453419563923,0.0,True,0.0,True,0.0,0.0
1761030608.71462,0,leader,auto,1.0358707904815674,0.9307658076286316,-0.9248770475387573,0.9358801412582402,1.0,-0.9294007062911991,-0.09999064922332723,0.06923419237136841,-0.0045236587524417615,0,0,0,0,1.0,0,0,0,0,0,0,False,,,,,,,,,,,,,,,
1761030608.8149908,1,follower,auto,0.4914001524448395,0.8997366428375244,-0.45389991998672485,0.48588014125824014,1.0,-0.9294007062911991,-0.005520011186599338,0.10026335716247559,-0.47550078630447423,0,0,0,0,1.0,0,0,0,0,0,0,False,,,,,,,,,,,,,,,
1761030608.8157165,0,follower,auto,1.0384646654129028,0.9378227591514587,-0.946337878704071,0.9420077133178715,1.0,-0.9600385665893558,-0.09645695209503136,0.06217724084854126,-0.013700687885284779,-1.1430452807770368,-9.843771880655838,6.985947122050285,0,,,,,,,,True,-9.0,-1.0,0.0,optimal,0,-9.0,-1.0,1.2430122294423434,1.46467284298466,0.0,True,0.0,True,0.0,0.0
1761030608.9161325,1,follower,auto,0.49195900559425354,0.8986657857894897,-0.4608224034309387,0.49200771331787146,1.0,-0.9600385665893558,4.8707723617924525e-05,0.10133421421051025,-0.4992161631584171,0.06774107500327345,1.1537606387938255,9.369612470744517,0,,,,,,,,True,1.7258156022944375,0.4815443667559407,30.53036171544048,optimal,0,0.0,-30.0,-0.009657850504083687,-0.3808726638555031,0.0,True,0.0,True,0.0,0.0
1761030609.1177137,0,leader,auto,1.0384646654129028,0.9378227591514587,-0.946337878704071,0.9420077133178715,1.0,-0.9600385665893558,-0.09645695209503136,0.06217724084854126,-0.013700687885284779,0,0,0,0,1.0,0,0,0,0,0,0,False,,,,,,,,,,,,,,,
1761030609.2180781,1,follower,auto,0.49195900559425354,0.8986657857894897,-0.4608224034309387,0.49200771331787146,1.0,-0.9600385665893558,4.8707723617924525e-05,0.10133421421051025,-0.4992161631584171,0,0,0,0,1.0,0,0,0,0,0,0,False,,,,,,,,,,,,,,,
1761030609.219929,0,follower,auto,1.0466045141220093,0.9388284683227539,-0.9694113731384277,0.9482890033721928,1.0,-0.9914450168609623,-0.09831551074981648,0.061171531677246094,-0.02203364372253458,-2.0979836536653695,-9.897209909793542,7.023623144588757,0,,,,,,,,True,-9.0,-2.0,0.0,optimal,0,-9.0,-2.0,1.2843698518610749,1.5309404578652204,0.0,True,0.0,True,0.0,0.0
1761030609.3209157,1,follower,auto,0.49885040521621704,0.8959999680519104,-0.46774229407310486,0.4982890033721928,1.0,-0.9914450168609623,-0.0005614018440242563,0.1040000319480896,-0.5237027227878575,-2.910662696109972,1.0914440512539505,9.334989167892477,0,,,,,,,,True,1.2133141805284167,-3.7140294899302972,26.3139578352806,optimal,0,0.0,-30.0,-0.0005675515374631845,-0.3313637977409308,0.0,True,0.0,True,0.0,0.0
1761030609.5165803,0,leader,auto,1.0466045141220093,0.9388284683227539,-0.9694113731384277,0.9482890033721928,1.0,-0.9914450168609623,-0.09831551074981648,0.061171531677246094,-0.02203364372253458,0,0,0,0,1.0,0,0,0,0,0,0,False,,,,,,,,,,,,,,,
1761030609.6170802,1,follower,auto,0.49885040521621704,0.8959999680519104,-0.46774229407310486,0.4982890033721928,1.0,-0.9914450168609623,-0.0005614018440242563,0.1040000319480896,-0.5237027227878575,0,0,0,0,1.0,0,0,0,0,0,0,False,,,,,,,,,,,,,,,
1761030609.6188278,0,follower,auto,1.0601319074630737,0.9326318502426147,-0.993787407875061,0.9563963079452519,1.0,-1.0319815397262577,-0.10373559951782185,0.06736814975738525,-0.03819413185119669,-3.0184914604785402,-10.967050199877264,7.058245080996122,0,,,,,,,,True,-10.0,-3.0,0.0,optimal,0,-10.0,-3.0,1.3417584283824964,1.6637899961356075,0.0,True,0.0,True,0.0,0.0
1761030609.7197838,1,follower,auto,0.5063009262084961,0.8923513293266296,-0.4790203869342804,0.5063963079452518,1.0,-1.0319815397262577,9.538173675571748e-05,0.10764867067337036,-0.5529611527919773,-3.901402287288535,0.07660596191530102,9.348833284569842,0,,,,,,,,True,0.7455877437414471,-4.898997787773354,25.11207305544137,optimal,0,0.0,-30.0,0.009301142527366746,-0.3194010585652936,0.0,True,0.0,True,0.0,0.0
1761030609.8233082,0,leader,auto,1.0601319074630737,0.9326318502426147,-0.993787407875061,0.9563963079452519,1.0,-1.0319815397262577,-0.10373559951782185,0.06736814975738525,-0.03819413185119669,0,0,0,0,1.0,0,0,0,0,0,0,False,,,,,,,,,,,,,,,
1761030609.9236102,1,follower,auto,0.5063009262084961,0.8923513293266296,-0.4790203869342804,0.5063963079452518,1.0,-1.0319815397262577,9.538173675571748e-05,0.10764867067337036,-0.5529611527919773,0,0,0,0,1.0,0,0,0,0,0,0,False,,,,,,,,,,,,,,,
1761030609.9240675,0,follower,auto,1.0718882083892822,0.9274618029594421,-1.0163369178771973,0.9643662500381474,1.0,-1.0718312501907352,-0.10752195835113487,0.07253819704055786,-0.05549433231353795,-5.000180436252426,-10.99205418383212,8.068926257875134,0,,,,,,,,True,-10.0,-5.0,0.0,optimal,0,-10.0,-5.0,1.3943034274026216,1.734413325658186,0.0,True,0.0,True,0.0,0.0
1761030610.0244653,1,follower,auto,0.5036147832870483,0.8900033831596375,-0.4872155785560608,0.5143662500381474,1.0,-1.0718312501907352,0.01075146675109906,0.10999661684036255,-0.5846156716346744,1.0873634569036876,1.1762315852035423,9.311452745435554,0,,,,,,,,True,1.5722937132286927,1.4972655411673124,31.502464295115182,optimal,0,1.0,-30.0,0.005237204691736275,-0.3990466460142483,0.0,True,0.0,True,0.0,0.0
1761030610.1285102,0,leader,auto,1.0718882083892822,0.9274618029594421,-1.0163369178771973,0.9643662500381474,1.0,-1.0718312501907352,-0.10752195835113487,0.07253819704055786,-0.05549433231353795,0,0,0,0,1.0,0,0,0,0,0,0,False,,,,,,,,,,,,,,,
1761030610.228926,1,follower,auto,0.5036147832870483,0.8900033831596375,-0.4872155785560608,0.5143662500381474,1.0,-1.0718312501907352,0.01075146675109906,0.10999661684036255,-0.5846156716346744,0,0,0,0,1.0,0,0,0,0,0,0,False,,,,,,,,,,,,,,,
1761030610.2301435,0,follower,auto,1.083595871925354,0.9212488532066345,-1.039241075515747,0.9704630184173588,1.0,-1.1023150920867923,-0.11313285350799518,0.07875114679336548,-0.06307401657104528,-5.974268356883189,-12.019709917769227,8.094536922272017,0,,,,,,,,True,-11.0,-6.0,0.0,optimal,0,-11.0,-6.0,1.4483992999471893,1.7888079874908278,0.0,True,0.0,True,0.0,0.0
1761030610.331098,1,follower,auto,0.4972809851169586,0.8924093246459961,-0.49286192655563354,0.5204630184173589,1.0,-1.1023150920867923,0.02318203330040025,0.1075906753540039,-0.6094531655311588,4.032402132516739,2.2573226691064043,9.259401026081418,0,,,,,,,,True,2.356138573904378,4.789310811333905,34.791133660911605,optimal,0,2.0,-30.0,-0.0037482757018265644,-0.4366884070325495,0.0,True,0.0,True,0.0,0.0
1761030610.4357474,0,leader,auto,1.083595871925354,0.9212488532066345,-1.039241075515747,0.9704630184173588,1.0,-1.1023150920867923,-0.11313285350799518,0.07875114679336548,-0.06307401657104528,0,0,0,0,1.0,0,0,0,0,0,0,False,,,,,,,,,,,,,,,
1761030610.5360258,1,follower,auto,0.4972809851169586,0.8924093246459961,-0.49286192655563354,0.5204630184173589,1.0,-1.1023150920867923,0.02318203330040025,0.1075906753540039,-0.6094531655311588,0,0,0,0,1.0,0,0,0,0,0,0,False,,,,,,,,,,,,,,,
1761030610.5367763,0,follower,auto,1.0962775945663452,0.9135797619819641,-1.0654999017715454,0.9765884542465214,1.0,-1.1329422712326054,-0.1196891403198238,0.08642023801803589,-0.06744236946105997,-5.939442089177269,-12.055057167370734,9.148061827390185,0,,,,,,,,True,-11.0,-6.0,0.0,optimal,0,-11.0,-6.0,1.5101257410783375,1.9082040530745197,0.0,True,0.0,True,0.0,0.0
1761030610.6372445,1,follower,auto,0.49197131395339966,0.8972066044807434,-0.5021684169769287,0.5265884542465213,1.0,-1.1329422712326054,0.034617140293121684,0.10279339551925659,-0.6307738542556767,3.981005437542688,2.291915760361457,9.256868217203431,0,,,,,,,,True,2.8917666172474012,4.538742720514641,34.538912304515975,optimal,0,3.0,-30.0,-0.011170998633419749,-0.43020096979891603,0.0,True,0.0,True,0.0,0.0
1761030610.743973,0,leader,auto,1.0962775945663452,0.9135797619819641,-1.0654999017715454,0.9765884542465214,1.0,-1.1329422712326054,-0.1196891403198238,0.08642023801803589,-0.06744236946105997,0,0,0,0,1.0,0,0,0,0,0,0,False,,,,,,,,,,,,,,,
1761030610.8442597,1,follower,auto,0.49197131395339966,0.8972066044807434,-0.5021684169769287,0.5265884542465213,1.0,-1.1329422712326054,0.034617140293121684,0.10279339551925659,-0.6307738542556767,0,0,0,0,1.0,0,0,0,0,0,0,False,,,,,,,,,,,,,,,
1761030610.8453588,0,follower,auto,1.1066447496414185,0.9089925289154053,-1.0936627388000488,0.9827128505706791,1.0,-1.163564252853394,-0.12393189907073932,0.09100747108459473,-0.06990151405334522,-5.952433613233894,-13.052452459740525,10.2049335347321,0,,,,,,,,True,-12.0,-6.0,0.0,optimal,0,-12.0,-6.0,1.5697559492050603,1.9682058955913153,0.0,True,0.0,True,0.0,0.0
1761030610.946297,1,follower,auto,0.49278539419174194,0.897991418838501,-0.5086985230445862,0.5327128505706791,1.0,-1.163564252853394,0.03992745637893713,0.10200858116149902,-0.6548657298088079,-0.0031570651025500246,2.257087661005051,9.207966200653736,0,,,,,,,,True,2.6218822025497883,0.11482363324821421,30.11719733857043,infeasible,0,3.0,-30.0,-0.009972733291435554,-0.37559518250668805,0.0,True,0.0,True,0.0,0.0
1761030611.060141,0,leader,auto,1.1066447496414185,0.9089925289154053,-1.0936627388000488,0.9827128505706791,1.0,-1.163564252853394,-0.12393189907073932,0.09100747108459473,-0.06990151405334522,0,0,0,0,1.0,0,0,0,0,0,0,False,,,,,,,,,,,,,,,
1761030611.1605988,1,follower,auto,0.49278539419174194,0.897991418838501,-0.5086985230445862,0.5327128505706791,1.0,-1.163564252853394,0.03992745637893713,0.10200858116149902,-0.6548657298088079,0,0,0,0,1.0,0,0,0,0,0,0,False,,,,,,,,,,,,,,,
1761030611.1616938,0,follower,auto,1.1103919744491577,0.9073893427848816,-1.1185179948806763,0.9888941907882695,1.0,-1.1944709539413456,-0.12149778366088826,0.09261065721511841,-0.07595295906066934,-6.9864045164862665,-12.997409547808136,10.21688523312528,0,,,,,,,,True,-12.0,-7.0,0.0,optimal,0,-12.0,-7.0,1.6096916366919742,1.8472890951397443,0.0,True,0.0,True,0.0,0.0
1761030611.2625723,1,follower,auto,0.49276942014694214,0.894661545753479,-0.5119480490684509,0.5388941907882694,1.0,-1.1944709539413456,0.04612477064132725,0.105338454246521,-0.6825229048728947,0.0411650103959165,3.2549576017788024,9.143064857168206,0,,,,,,,,True,3.468611120606878,0.8108850022855556,30.815467037921195,infeasible,0,4.0,-30.0,-0.009927774632727426,-0.3843213839577521,0.0,True,0.0,True,0.0,0.0
1761030611.4086597,0,leader,auto,1.1103919744491577,0.9073893427848816,-1.1185179948806763,0.9888941907882695,1.0,-1.1944709539413456,-0.12149778366088826,0.09261065721511841,-0.07595295906066934,0,0,0,0,1.0,0,0,0,0,0,0,False,,,,,,,,,,,,,,,
1761030611.5090353,1,follower,auto,0.49276942014694214,0.894661545753479,-0.5119480490684509,0.5388941907882694,1.0,-1.1944709539413456,0.04612477064132725,0.105338454246521,-0.6825229048728947,0,0,0,0,1.0,0,0,0,0,0,0,False,,,,,,,,,,,,,,,
1761030611.5100095,0,follower,auto,1.1097683906555176,0.912088930606842,-1.1451480388641357,0.9952204132080082,1.0,-1.2261020660400395,-0.11454797744750933,0.08791106939315796,-0.08095402717590372,-8.056103106793147,-11.944981064034213,9.26477416580951,0,,,,,,,,True,-11.0,-8.0,0.0,optimal,0,-11.0,-8.0,1.6417092292105846,1.7804225042762123,0.0,True,0.0,True,0.0,0.0
1761030611.6107962,1,follower,auto,0.4904840886592865,0.8944671154022217,-0.5124995708465576,0.5452204132080083,1.0,-1.2261020660400395,0.05473632454872179,0.10553288459777832,-0.7136024951934818,2.034687932212136,4.274180368588298,9.071536013675692,0,,,,,,,,True,4.4102831229537385,2.576328052608993,32.581665325551924,infeasible,0,5.0,-30.0,-0.01307548403700648,-0.4050145331128029,0.0,True,0.0,True,0.0,0.0
1761030611.7158742,0,leader,auto,1.1097683906555176,0.912088930606842,-1.1451480388641357,0.9952204132080082,1.0,-1.2261020660400395,-0.11454797744750933,0.08791106939315796,-0.08095402717590372,0,0,0,0,1.0,0,0,0,0,0,0,False,,,,,,,,,,,,,,,
1761030611.816275,1,follower,auto,0.4904840886592865,0.8944671154022217,-0.5124995708465576,0.5452204132080083,1.0,-1.2261020660400395,0.05473632454872179,0.10553288459777832,-0.7136024951934818,0,0,0,0,1.0,0,0,0,0,0,0,False,,,,,,,,,,,,,,,
1761030611.817666,0,follower,auto,1.107869267463684,0.9195676445960999,-1.172224998474121,1.0021835088729862,1.0,-1.2609175443649296,-0.10568575859069784,0.08043235540390015,-0.08869254589080855,-8.101870610253926,-10.920515191743585,9.309579921442376,0,,,,,,,,True,-10.0,-8.0,0.0,optimal,0,-10.0,-8.0,1.6724084693495256,1.8251046261182264,0.0,True,0.0,True,0.0,0.0
1761030611.918617,1,follower,auto,0.48676830530166626,0.8994687795639038,-0.513962984085083,0.5521835088729863,1.0,-1.2609175443649296,0.06541520357132002,0.10053122043609619,-0.7469545602798466,3.9906108814117256,5.293940198125222,9.031052264330674,0,,,,,,,,True,5.304449049432878,4.210620356021515,34.21769039939237,infeasible,0,6.0,-30.0,-0.018154329908517064,-0.42308067117738085,0.0,True,0.0,True,0.0,0.0
1761030612.0203106,0,leader,auto,1.107869267463684,0.9195676445960999,-1.172224998474121,1.0021835088729862,1.0,-1.2609175443649296,-0.10568575859069784,0.08043235540390015,-0.08869254589080855,0,0,0,0,1.0,0,0,0,0,0,0,False,,,,,,,,,,,,,,,
1761030612.1207366,1,follower,auto,0.48676830530166626,0.8994687795639038,-0.513962984085083,0.5521835088729863,1.0,-1.2609175443649296,0.06541520357132002,0.10053122043609619,-0.7469545602798466,0,0,0,0,1.0,0,0,0,0,0,0,False,,,,,,,,,,,,,,,
1761030612.122041,0,follower,auto,1.105700969696045,0.9283084869384766,-1.2019542455673218,1.0083401823043827,1.0,-1.291700911521912,-0.0973607873916622,0.07169151306152344,-0.08974666595459024,-8.130237729530608,-9.908336666879002,8.366653285228642,0,,,,,,,,True,-9.0,-8.0,0.0,optimal,0,-9.0,-8.0,1.7075947851351796,1.8894796492493386,0.0,True,0.0,True,0.0,0.0
1761030612.2229123,1,follower,auto,0.4857734739780426,0.9047765135765076,-0.5217732191085815,0.5583401823043828,1.0,-1.291700911521912,0.07256670832634016,0.09522348642349243,-0.7699276924133305,1.9788517694961114,5.274434453160101,8.050868020283547,0,,,,,,,,True,5.978117839311912,2.1853960058234136,32.201614232861154,infeasible,0,7.0,-30.0,-0.019240669317736603,-0.3976945289002864,0.0,True,0.0,True,0.0,0.0
1761030612.3269887,0,leader,auto,1.105700969696045,0.9283084869384766,-1.2019542455673218,1.0083401823043827,1.0,-1.291700911521912,-0.0973607873916622,0.07169151306152344,-0.08974666595459024,0,0,0,0,1.0,0,0,0,0,0,0,False,,,,,,,,,,,,,,,
1761030612.427381,1,follower,auto,0.4857734739780426,0.9047765135765076,-0.5217732191085815,0.5583401823043828,1.0,-1.291700911521912,0.07256670832634016,0.09522348642349243,-0.7699276924133305,0,0,0,0,1.0,0,0,0,0,0,0,False,,,,,,,,,,,,,,,
1761030612.4283168,0,follower,auto,1.1051509380340576,0.936461865901947,-1.2339794635772705,1.0144256258010869,1.0,-1.3221281290054325,-0.09072531223297076,0.06353813409805298,-0.08814866542816202,-8.134081268662534,-9.916473049717231,7.420163661778996,0,,,,,,,,True,-9.0,-8.0,0.0,optimal,0,-9.0,-8.0,1.7521448240043582,2.002478353957529,0.0,True,0.0,True,0.0,0.0
1761030612.5291278,1,follower,auto,0.48677781224250793,0.9117212295532227,-0.535821259021759,0.5644256258010869,1.0,-1.3221281290054325,0.07764781355857897,0.08827877044677734,-0.7863068699836735,-0.03815851684537281,5.249986210140745,7.092108096428921,0,,,,,,,,True,5.43213054946563,0.059746098421232574,30.10060713865203,infeasible,0,7.0,-30.0,-0.017053074013490543,-0.3726095349553,0.0,True,0.0,True,0.0,0.0
1761030612.631645,0,leader,auto,1.1051509380340576,0.936461865901947,-1.2339794635772705,1.0144256258010869,1.0,-1.3221281290054325,-0.09072531223297076,0.06353813409805298,-0.08814866542816202,0,0,0,0,1.0,0,0,0,0,0,0,False,,,,,,,,,,,,,,,
1761030612.731966,1,follower,auto,0.48677781224250793,0.9117212295532227,-0.535821259021759,0.5644256258010869,1.0,-1.3221281290054325,0.07764781355857897,0.08827877044677734,-0.7863068699836735,0,0,0,0,1.0,0,0,0,0,0,0,False,,,,,,,,,,,,,,,
1761030612.7324424,0,follower,auto,1.105700969696045,0.9424258470535278,-1.2726136445999146,1.0205492782592778,1.0,-1.352746391296387,-0.08515169143676715,0.05757415294647217,-0.08013274669647252,-8.115551779971815,-8.924234170853222,6.526116454762527,0,,,,,,,,True,-8.0,-8.0,0.0,optimal,0,-8.0,-8.0,1.8117868660871548,2.169088135427529,0.0,True,0.0,True,0.0,0.0
1761030612.832891,1,follower,auto,0.49040770530700684,0.9181836843490601,-0.5461393594741821,0.5705492782592778,1.0,-1.352746391296387,0.08014157295227098,0.08181631565093994,-0.806607031822205,-2.0405022176388705,6.2166767512777925,7.038764237090412,0,,,,,,,,True,6.1324065435693385,-2.0542086540630144,28.008126664758375,optimal,0,8.0,-30.0,-0.011208359960025394,-0.34884286635554357,0.0,True,0.0,True,0.0,0.0
1761030612.9382308,0,leader,auto,1.105700969696045,0.9424258470535278,-1.2726136445999146,1.0205492782592778,1.0,-1.352746391296387,-0.08515169143676715,0.05757415294647217,-0.08013274669647252,0,0,0,0,1.0,0,0,0,0,0,0,False,,,,,,,,,,,,,,,
1761030613.0384583,1,follower,auto,0.49040770530700684,0.9181836843490601,-0.5461393594741821,0.5705492782592778,1.0,-1.352746391296387,0.08014157295227098,0.08181631565093994,-0.806607031822205,0,0,0,0,1.0,0,0,0,0,0,0,False,,,,,,,,,,,,,,,
1761030613.0392325,0,follower,auto,1.1042506694793701,0.9442958235740662,-1.3127775192260742,1.0266256856918339,1.0,-1.3831284284591678,-0.07762498378753624,0.05570417642593384,-0.07035090923309362,-7.075018385143965,-7.902406662445999,6.613903768110964,0,,,,,,,,True,-7.0,-7.0,0.0,optimal,0,-7.0,-7.0,1.8716771045966765,2.2451981661738185,0.0,True,0.0,True,0.0,0.0
1761030613.139855,1,follower,auto,0.4947834014892578,0.9205931425094604,-0.5490403771400452,0.5766256856918339,1.0,-1.3831284284591678,0.08184228420257611,0.07940685749053955,-0.8340880513191227,-2.0077450654591265,6.193066110462531,5.917305534697909,0,,,,,,,,True,6.062225194762156,-2.5464229881717237,27.52187969489367,optimal,0,8.0,-30.0,-0.00487106642497892,-0.3450477388785602,0.0,True,0.0,True,0.0,0.0
1761030613.2439764,0,leader,auto,1.1042506694793701,0.9442958235740662,-1.3127775192260742,1.0266256856918339,1.0,-1.3831284284591678,-0.07762498378753624,0.05570417642593384,-0.07035090923309362,0,0,0,0,1.0,0,0,0,0,0,0,False,,,,,,,,,,,,,,,
1761030613.344315,1,follower,auto,0.4947834014892578,0.9205931425094604,-0.5490403771400452,0.5766256856918339,1.0,-1.3831284284591678,0.08184228420257611,0.07940685749053955,-0.8340880513191227,0,0,0,0,1.0,0,0,0,0,0,0,False,,,,,,,,,,,,,,,
1761030613.3458207,0,follower,auto,1.1029866933822632,0.941419780254364,-1.353034257888794,1.0327659034729009,1.0,-1.4138295173645024,-0.07022078990936231,0.058580219745635986,-0.06079525947570841,-6.011529138413635,-7.893465503973287,6.681812744512764,0,,,,,,,,True,-7.0,-6.0,0.0,optimal,0,-7.0,-6.0,1.9354417682631293,2.3636360585935,0.0,True,0.0,True,0.0,0.0
1761030613.4466822,1,follower,auto,0.4979059100151062,0.9255207180976868,-0.5509231090545654,0.5827659034729009,1.0,-1.4138295173645024,0.08485999345779471,0.07447928190231323,-0.8629064083099369,-1.0305327678228957,5.192551665976818,5.831521599178713,0,,,,,,,,True,5.9514214676301975,-1.9240421212502774,28.15059652676325,optimal,0,8.0,-30.0,-0.0003341777302033333,-0.35457654457665577,0.0,True,0.0,True,0.0,0.0
1761030613.6016889,0,leader,auto,1.1029866933822632,0.941419780254364,-1.353034257888794,1.0327659034729009,1.0,-1.4138295173645024,-0.07022078990936231,0.058580219745635986,-0.06079525947570841,0,0,0,0,1.0,0,0,0,0,0,0,False,,,,,,,,,,,,,,,
1761030613.702204,1,follower,auto,0.4979059100151062,0.9255207180976868,-0.5509231090545654,0.5827659034729009,1.0,-1.4138295173645024,0.08485999345779471,0.07447928190231323,-0.8629064083099369,0,0,0,0,1.0,0,0,0,0,0,0,False,,,,,,,,,,,,,,,
1761030613.704356,0,follower,auto,1.1013649702072144,0.9369103908538818,-1.3981832265853882,1.0389040899276738,1.0,-1.444520449638367,-0.062460880279540554,0.06308960914611816,-0.046337223052978826,-3.9561293216727873,-6.873476086533821,7.79283087884623,0,,,,,,,,True,-6.0,-4.0,0.0,optimal,0,-6.0,-4.0,2.010283894201763,2.4745452000808514,0.0,True,0.0,True,0.0,0.0
1761030613.8059661,1,follower,auto,0.5071347951889038,0.9384410381317139,-0.5515260696411133,0.5889040899276738,1.0,-1.444520449638367,0.08176929473877004,0.06155896186828613,-0.8929943799972537,-6.127141067519949,6.126801774345391,4.745485630239607,0,,,,,,,,True,6.279144214309331,-6.383275261634733,23.67933765971631,infeasible,0,8.0,-30.0,0.012694554419513782,-0.30219978142714415,0.0,True,0.0,True,0.0,0.0
1761030613.9550526,0,leader,auto,1.1013649702072144,0.9369103908538818,-1.3981832265853882,1.0389040899276738,1.0,-1.444520449638367,-0.062460880279540554,0.06308960914611816,-0.046337223052978826,0,0,0,0,1.0,0,0,0,0,0,0,False,,,,,,,,,,,,,,,
1761030614.0554433,1,follower,auto,0.5071347951889038,0.9384410381317139,-0.5515260696411133,0.5889040899276738,1.0,-1.444520449638367,0.08176929473877004,0.06155896186828613,-0.8929943799972537,0,0,0,0,1.0,0,0,0,0,0,0,False,,,,,,,,,,,,,,,
1761030614.0563724,0,follower,auto,1.100978136062622,0.935978889465332,-1.4398741722106934,1.0460878515243535,1.0,-1.4804392576217655,-0.05489028453826861,0.06402111053466797,-0.04056508541107218,-3.962180641060552,-5.864931135915743,7.8465263826705165,0,,,,,,,,True,-5.0,-4.0,0.0,optimal,0,-5.0,-4.0,2.085907570101711,2.543830079159887,0.0,True,0.0,True,0.0,0.0
1761030614.1570108,1,follower,auto,0.5186172723770142,0.9476604461669922,-0.546894907951355,0.5960878515243535,1.0,-1.4804392576217655,0.07747057914733935,0.05233955383300781,-0.9335443496704106,-9.132418891529788,5.0752254406936625,3.6262707551138282,0,,,,,,,,True,5.636437139530799,-9.10477136405887,20.93967247649077,infeasible,0,7.0,-30.0,0.028609916550345782,-0.27143309453187026,0.0,True,0.0,True,0.0,0.0
1761030614.264529,0,leader,auto,1.100978136062622,0.935978889465332,-1.4398741722106934,1.0460878515243535,1.0,-1.4804392576217655,-0.05489028453826861,0.06402111053466797,-0.04056508541107218,0,0,0,0,1.0,0,0,0,0,0,0,False,,,,,,,,,,,,,,,
1761030614.3651116,1,follower,auto,0.5186172723770142,0.9476604461669922,-0.546894907951355,0.5960878515243535,1.0,-1.4804392576217655,0.07747057914733935,0.05233955383300781,-0.9335443496704106,0,0,0,0,1.0,0,0,0,0,0,0,False,,,,,,,,,,,,,,,
1761030614.3655696,0,follower,auto,1.1076838970184326,0.9409977197647095,-1.4689580202102661,1.0531068563461308,1.0,-1.5155342817306523,-0.054577040672301846,0.05900228023529053,-0.046576261520386186,-4.038667233814443,-5.914214357597538,6.778398650379692,0,,,,,,,,True,-5.0,-4.0,0.0,optimal,0,-5.0,-4.0,2.1589168194511132,2.6483533980391365,0.0,True,0.0,True,0.0,0.0
1761030614.4659295,1,follower,auto,0.5340378880500793,0.9392656087875366,-0.5476399660110474,0.6031068563461308,1.0,-1.5155342817306523,0.06906896829605147,0.06073439121246338,-0.9678943157196049,-14.961354166490004,5.018941085348358,4.6140033018534385,0,,,,,,,,True,5.029038945743921,-15.039405748531903,14.992069427732195,optimal,0,6.0,-30.0,0.05108118745455453,-0.19850219207900294,0.0,True,0.0,True,0.0,0.0
1761030614.7237163,0,leader,auto,1.1076838970184326,0.9409977197647095,-1.4689580202102661,1.0531068563461308,1.0,-1.5155342817306523,-0.054577040672301846,0.05900228023529053,-0.046576261520386186,0,0,0,0,1.0,0,0,0,0,0,0,False,,,,,,,,,,,,,,,
1761030614.8240354,1,follower,auto,0.5340378880500793,0.9392656087875366,-0.5476399660110474,0.6031068563461308,1.0,-1.5155342817306523,0.06906896829605147,0.06073439121246338,-0.9678943157196049,0,0,0,0,1.0,0,0,0,0,0,0,False,,,,,,,,,,,,,,,
1761030614.8287551,0,follower,auto,1.1292136907577515,0.9399306774139404,-1.5069150924682617,1.0592846918106082,1.0,-1.54642345905304,-0.06992899894714322,0.06006932258605957,-0.03950836658477819,-3.0447155988304746,-7.062284539599093,7.8376450948392495,0,,,,,,,,True,-6.0,-3.0,0.0,optimal,0,-6.0,-3.0,2.2906870391382115,2.9231299406496407,0.0,True,0.0,True,0.0,0.0
1761030614.9297106,1,follower,auto,0.5523399114608765,0.911358654499054,-0.573662281036377,0.6092846918106083,1.0,-1.54642345905304,0.05694478034973183,0.08864134550094604,-0.972761178016663,-15.711909249491145,2.9866152938633648,6.817502344010622,0,,,,,,,,True,3.6636885391334215,-16.351760602471234,13.713503089025057,optimal,0,5.0,-30.0,0.08144147402444163,-0.18659791746569016,0.0,True,0.0,True,0.0,0.0
1761030615.0339015,0,leader,auto,1.1292136907577515,0.9399306774139404,-1.5069150924682617,1.0592846918106082,1.0,-1.54642345905304,-0.06992899894714322,0.06006932258605957,-0.03950836658477819,0,0,0,0,1.0,0,0,0,0,0,0,False,,,,,,,,,,,,,,,
1761030615.1346567,1,follower,auto,0.5523399114608765,0.911358654499054,-0.573662281036377,0.6092846918106083,1.0,-1.54642345905304,0.05694478034973183,0.08864134550094604,-0.972761178016663,0,0,0,0,1.0,0,0,0,0,0,0,False,,,,,,,,,,,,,,,
1761030615.136147,0,follower,auto,1.1479909420013428,0.9314536452293396,-1.5300217866897583,1.068562736511231,1.0,-1.5928136825561527,-0.07942820549011187,0.0685463547706604,-0.06279189586639444,-5.959766180994777,-8.088484463232419,7.721830052509163,0,,,,,,,,True,-7.0,-6.0,0.0,optimal,0,-7.0,-6.0,2.3880244607732295,3.03001000010356,0.0,True,0.0,True,0.0,0.0
1761030615.237112,1,follower,auto,0.5668820142745972,0.911176323890686,-0.5990857481956482,0.618562736511231,1.0,-1.5928136825561527,0.05168072223663378,0.08882367610931396,-0.9937279343605046,-20,3.0134011154302804,6.8823675347442475,0,,,,,,,,True,3.903124835907099,-21.51064758993981,8.55992052929223,optimal,0,5.0,-30.0,0.10792600931335489,-0.11914229470365417,0.0,True,0.0,True,0.0,0.0
1761030615.3818429,0,leader,auto,1.1479909420013428,0.9314536452293396,-1.5300217866897583,1.068562736511231,1.0,-1.5928136825561527,-0.07942820549011187,0.0685463547706604,-0.06279189586639444,0,0,0,0,1.0,0,0,0,0,0,0,False,,,,,,,,,,,,,,,
1761030615.482186,1,follower,auto,0.5668820142745972,0.911176323890686,-0.5990857481956482,0.618562736511231,1.0,-1.5928136825561527,0.05168072223663378,0.08882367610931396,-0.9937279343605046,0,0,0,0,1.0,0,0,0,0,0,0,False,,,,,,,,,,,,,,,
1761030615.4837666,0,follower,auto,1.1697285175323486,0.9227172136306763,-1.5551971197128296,1.0747108507156375,1.0,-1.6235542535781864,-0.09501766681671109,0.07728278636932373,-0.0683571338653568,-5.9926819329508145,-10.137172435861128,8.683605936877207,0,,,,,,,,True,-9.0,-6.0,0.0,optimal,0,-9.0,-6.0,2.499597173191617,3.1891323365367255,0.0,True,0.0,True,0.0,0.0
1761030615.5847137,1,follower,auto,0.576708197593689,0.8645419478416443,-0.6388602256774902,0.6247108507156376,1.0,-1.6235542535781864,0.048002653121948624,0.1354580521583557,-0.9846940279006962,-20,2.077011857179667,12.043231747540087,0,,,,,,,,True,2.541469011626796,-21.841774924484135,8.28757799521795,optimal,0,4.0,-30.0,0.13255778648444044,-0.1177036602510722,0.0,True,0.0,True,0.0,0.0
1761030615.7397876,0,leader,auto,1.1697285175323486,0.9227172136306763,-1.5551971197128296,1.0747108507156375,1.0,-1.6235542535781864,-0.09501766681671109,0.07728278636932373,-0.0683571338653568,0,0,0,0,1.0,0,0,0,0,0,0,False,,,,,,,,,,,,,,,
1761030615.8402035,1,follower,auto,0.576708197593689,0.8645419478416443,-0.6388602256774902,0.6247108507156376,1.0,-1.6235542535781864,0.048002653121948624,0.1354580521583557,-0.9846940279006962,0,0,0,0,1.0,0,0,0,0,0,0,False,,,,,,,,,,,,,,,
1761030615.8409266,0,follower,auto,1.1917543411254883,0.9150522351264954,-1.5795834064483643,1.0816678094863894,1.0,-1.6583390474319462,-0.11008653163909887,0.08494776487350464,-0.0787556409835819,-7.2040697701289655,-12.173438881379752,9.637632092151724,0,,,,,,,,True,-11.0,-7.0,0.0,optimal,0,-11.0,-7.0,2.6124804775202963,3.3054798020166296,0.0,True,0.0,True,0.0,0.0
1761030615.9413962,1,follower,auto,0.5823347568511963,0.7171656489372253,-0.6862120032310486,0.6316678094863895,1.0,-1.6583390474319462,0.049333052635193164,0.28283435106277466,-0.9721270442008976,-20,2.1506106918298795,20,0,,,,,,,,True,2.4749509759026447,-23.592792963120736,6.586203499690504,optimal,0,4.0,-30.0,0.15672258192474048,-0.09533813747570885,0.0,True,0.0,True,0.0,0.0
1761030616.0466974,0,leader,auto,1.1917543411254883,0.9150522351264954,-1.5795834064483643,1.0816678094863894,1.0,-1.6583390474319462,-0.11008653163909887,0.08494776487350464,-0.0787556409835819,0,0,0,0,1.0,0,0,0,0,0,0,False,,,,,,,,,,,,,,,
1761030616.1470213,1,follower,auto,0.5823347568511963,0.7171656489372253,-0.6862120032310486,0.6316678094863895,1.0,-1.6583390474319462,0.049333052635193164,0.28283435106277466,-0.9721270442008976,0,0,0,0,1.0,0,0,0,0,0,0,False,,,,,,,,,,,,,,,
1761030616.1488895,0,follower,auto,1.2063499689102173,0.9097602963447571,-1.6018285751342773,1.0887940120697024,1.0,-1.693970060348511,-0.1175559568405149,0.09023970365524292,-0.09214148521423371,-9.456119595990014,-12.131628338856217,10.5868498534899,0,,,,,,,,True,-11.0,-9.0,0.0,optimal,0,-11.0,-9.0,2.701846444036201,3.293592922309504,0.0,True,0.0,True,0.0,0.0
1761030616.2500947,1,follower,auto,0.5855284929275513,0.5574936866760254,-0.7280166149139404,0.6387940120697024,1.0,-1.693970060348511,0.05326551914215116,0.4425063133239746,-0.9659534454345706,-20,3.2028492255581495,20,0,,,,,,,,True,3.628563523145591,-25.275333645243716,4.919685983252678,optimal,0,5.0,-30.0,0.1790465898778421,-0.07243326619666296,0.0,True,0.0,True,0.0,0.0
1761030616.3575187,0,leader,auto,1.2063499689102173,0.9097602963447571,-1.6018285751342773,1.0887940120697024,1.0,-1.693970060348511,-0.1175559568405149,0.09023970365524292,-0.09214148521423371,0,0,0,0,1.0,0,0,0,0,0,0,False,,,,,,,,,,,,,,,
1761030616.4577796,1,follower,auto,0.5855284929275513,0.5574936866760254,-0.7280166149139404,0.6387940120697024,1.0,-1.693970060348511,0.05326551914215116,0.4425063133239746,-0.9659534454345706,0,0,0,0,1.0,0,0,0,0,0,0,False,,,,,,,,,,,,,,,
1761030616.4585,0,follower,auto,1.2153478860855103,0.9075058102607727,-1.6280603408813477,1.0949721956253053,1.0,-1.7248609781265263,-0.12037569046020491,0.0924941897392273,-0.09680063724517862,-9.734367558069655,-13.072889579642629,10.580645044176013,0,,,,,,,,True,-12.0,-9.0,0.0,optimal,0,-12.0,-9.0,2.7857297713160647,3.361598185131559,0.0,True,0.0,True,0.0,0.0
1761030616.6592221,1,follower,auto,0.590555727481842,0.39084625244140625,-0.7764212489128113,0.6449721956253054,1.0,-1.7248609781265263,0.05441646814346335,0.6091537475585938,-0.948439729213715,-20,5.203944571124705,20,0,,,,,,,,True,5.0,-30.0,0.0,optimal,0,5.0,-30.0,0.21138706510486288,0.03355382614219876,0.0,True,0.0,True,0.0,0.0
1761030616.7682807,0,leader,auto,1.2153478860855103,0.9075058102607727,-1.6280603408813477,1.0949721956253053,1.0,-1.7248609781265263,-0.12037569046020491,0.0924941897392273,-0.09680063724517862,0,0,0,0,1.0,0,0,0,0,0,0,False,,,,,,,,,,,,,,,
1761030616.8686326,1,follower,auto,0.590555727481842,0.39084625244140625,-0.7764212489128113,0.6449721956253054,1.0,-1.7248609781265263,0.05441646814346335,0.6091537475585938,-0.948439729213715,0,0,0,0,1.0,0,0,0,0,0,0,False,,,,,,,,,,,,,,,
1761030616.869587,0,follower,auto,1.220384120941162,0.9131145477294922,-1.6718024015426636,1.103151869773865,1.0,-1.7657593488693242,-0.11723225116729719,0.08688545227050781,-0.0939569473266606,-10.111598215612062,-12.001969803365713,9.697485664346287,0,,,,,,,,True,-11.0,-9.0,0.0,optimal,0,-11.0,-9.0,2.9006119192829516,3.493947289340328,0.0,True,0.0,True,0.0,0.0
1761030616.9702353,1,follower,auto,0.6077474355697632,0.19533364474773407,-0.8457381129264832,0.653151869773865,1.0,-1.7657593488693242,0.045404434204101785,0.8046663552522659,-0.920021235942841,-20,4.082071580084322,20,0,,,,,,,,True,4.0,-30.0,0.0,optimal,0,4.0,-30.0,0.28199076239949433,0.249504818893116,0.0,True,0.0,True,0.0,0.0
1761030617.122526,0,leader,auto,1.220384120941162,0.9131145477294922,-1.6718024015426636,1.103151869773865,1.0,-1.7657593488693242,-0.11723225116729719,0.08688545227050781,-0.0939569473266606,0,0,0,0,1.0,0,0,0,0,0,0,False,,,,,,,,,,,,,,,
1761030617.2231762,1,follower,auto,0.6077474355697632,0.19533364474773407,-0.8457381129264832,0.653151869773865,1.0,-1.7657593488693242,0.045404434204101785,0.8046663552522659,-0.920021235942841,0,0,0,0,1.0,0,0,0,0,0,0,False,,,,,,,,,,,,,,,
1761030617.2238379,0,follower,auto,1.224999189376831,0.9260295033454895,-1.7114530801773071,1.1093702888488772,1.0,-1.7968514442443853,-0.11562890052795383,0.0739704966545105,-0.08539836406707813,-9.401489396277752,-11.963363572654917,8.664530172603866,0,,,,,,,,True,-11.0,-8.0,0.0,optimal,0,-11.0,-8.0,3.0082412551957107,3.684688959825562,0.0,True,0.0,True,0.0,0.0
1761030617.3242617,1,follower,auto,0.6252041459083557,0.07101236283779144,-0.9154879450798035,0.6593702888488773,1.0,-1.7968514442443853,0.03416614294052156,0.9289876371622086,-0.8813634991645818,-20,3.0294911639667026,20,0,,,,,,,,True,3.0,-30.0,0.0,optimal,0,3.0,-30.0,0.3635921149309766,0.4680535188306428,0.0,True,0.0,True,0.0,0.0
1761030617.4271863,0,leader,auto,1.224999189376831,0.9260295033454895,-1.7114530801773071,1.1093702888488772,1.0,-1.7968514442443853,-0.11562890052795383,0.0739704966545105,-0.08539836406707813,0,0,0,0,1.0,0,0,0,0,0,0,False,,,,,,,,,,,,,,,
1761030617.527466,1,follower,auto,0.6252041459083557,0.07101236283779144,-0.9154879450798035,0.6593702888488773,1.0,-1.7968514442443853,0.03416614294052156,0.9289876371622086,-0.8813634991645818,0,0,0,0,1.0,0,0,0,0,0,0,False,,,,,,,,,,,,,,,
1761030617.5280168,0,follower,auto,1.2320525646209717,0.9379338026046753,-1.7452937364578247,1.1164527845382692,1.0,-1.8322639226913457,-0.11559978008270244,0.06206619739532471,-0.08697018623352104,-9.465059102515484,-11.972339038460788,7.604319240050775,0,,,,,,,,True,-11.0,-8.0,0.0,optimal,0,-11.0,-8.0,3.1115310378985925,3.864684584249584,0.0,True,0.0,True,0.0,0.0
1761030617.6284559,1,follower,auto,0.6360596418380737,0.05168454721570015,-0.9593717455863953,0.6664527845382693,1.0,-1.8322639226913457,0.030393142700195552,0.9483154527842999,-0.8728921771049505,-20,3.0692427979939123,20,0,,,,,,,,True,3.0,-30.0,0.0,optimal,0,3.0,-30.0,0.42001812535349997,0.37234620508819277,0.0,True,0.0,True,0.0,0.0
1761030617.735212,0,leader,auto,1.2320525646209717,0.9379338026046753,-1.7452937364578247,1.1164527845382692,1.0,-1.8322639226913457,-0.11559978008270244,0.06206619739532471,-0.08697018623352104,0,0,0,0,1.0,0,0,0,0,0,0,False,,,,,,,,,,,,,,,
1761030617.8356347,1,follower,auto,0.6360596418380737,0.05168454721570015,-0.9593717455863953,0.6664527845382693,1.0,-1.8322639226913457,0.030393142700195552,0.9483154527842999,-0.8728921771049505,0,0,0,0,1.0,0,0,0,0,0,0,False,,,,,,,,,,,,,,,
1761030617.9374762,0,follower,auto,1.2394402027130127,0.9439824223518372,-1.7740261554718018,1.122538027763367,1.0,-1.862690138816834,-0.11690217494964572,0.05601757764816284,-0.08866398334503223,-9.430332734157176,-11.988841791274947,6.581472741185803,0,,,,,,,,True,-11.0,-8.0,0.0,optimal,0,-11.0,-8.0,3.205130742012739,3.879909095836896,0.0,True,0.0,True,0.0,0.0
1761030618.8399575,1,follower,auto,0.6372530460357666,0.05143658071756363,-0.9656997919082642,0.672538027763367,1.0,-1.862690138816834,0.03528498172760042,0.9485634192824364,-0.8969903469085698,-20,2.1733321639011187,20,0,,,,,,,,True,2.707159630804672,-29.473520290601023,0.6024420023863604,infeasible,0,3.0,-30.0,0.4278689592795701,-0.010389103908604591,0.0,True,0.0,True,0.0,0.0
1761030619.1413496,0,leader,auto,1.2394402027130127,0.9439824223518372,-1.7740261554718018,1.122538027763367,1.0,-1.862690138816834,-0.11690217494964572,0.05601757764816284,-0.08866398334503223,0,0,0,0,1.0,0,0,0,0,0,0,False,,,,,,,,,,,,,,,
1761030619.2415822,1,follower,auto,0.6372530460357666,0.05143658071756363,-0.9656997919082642,0.672538027763367,1.0,-1.862690138816834,0.03528498172760042,0.9485634192824364,-0.8969903469085698,0,0,0,0,1.0,0,0,0,0,0,0,False,,,,,,,,,,,,,,,
1761030619.4437385,0,leader,auto,1.2616618871688843,0.6820355653762817,-1.7737430334091187,1.146766929626465,1.0,-1.9838346481323248,-0.11489495754241918,0.31796443462371826,-0.21009161472320614,0,0,0,0,1.0,0,0,0,0,0,0,False,,,,,,,,,,,,,,,
1761030619.5441182,1,follower,auto,0.6372523307800293,0.0514054074883461,-0.9656903147697449,0.6967669296264648,1.0,-1.9838346481323248,0.05951459884643551,0.9485945925116539,-1.01814433336258,0,0,0,0,1.0,0,0,0,0,0,0,False,,,,,,,,,,,,,,,
1761030619.7803047,0,leader,auto,1.275193691253662,0.5228270888328552,-1.77606201171875,1.1548129367828373,1.0,-2.024064683914185,-0.12038075447082486,0.4771729111671448,-0.24800267219543493,0,0,0,0,1.0,0,0,0,0,0,0,False,,,,,,,,,,,,,,,
1761030628.095111,1,follower,auto,0.6372445821762085,0.05144599452614784,-0.9656763076782227,0.7048129367828369,1.0,-2.024064683914185,0.06756835460662836,0.9485540054738522,-1.0583883762359623,0,0,0,0,1.0,0,0,0,0,0,0,False,,,,,,,,,,,,,,,
1761030628.2368336,0,leader,auto,1.3504037857055664,0.04219994321465492,-1.6055967807769775,1.1608646535873417,1.0,-2.0543232679367067,-0.1895391321182247,0.9578000567853451,-0.4487264871597292,0,0,0,0,1.0,0,0,0,0,0,0,False,,,,,,,,,,,,,,,
