timestamp,drone_id,role,mode,x,y,z,target_x,target_y,target_z,error_x,error_y,error_z,rc_lr,rc_fb,rc_ud,rc_yaw,trust,obs_error_x,obs_error_y,obs_error_z,obs_state_x,obs_state_y,obs_state_z,cbf_fire_flag,rc_safe_x,rc_safe_z,rc_diff_norm,qp_status,active_constraint_id,rc_nom_x,rc_nom_z,h_x,HOh_x
1760060163.0156543,0,leader,manual,0.6956251263618469,0.05189898982644081,0.9866179823875427,0.9,1,1,0.2043748736381531,0.9481010101735592,0.013382017612457275,0,0,0,0,1.0,0.0,0.0,0.0,0.0,0.0,0.0,False,,,,,,,,,
1760060163.0159118,1,follower,manual,0.08452574908733368,0.05524419620633125,0.9042891263961792,0.1,1,1,0.015474250912666326,0.9447558037936687,0.0957108736038208,0,0,0,0,1.0,0.0,0.0,0.0,0.0,0.0,0.0,False,,,,,,,,,
1760060163.1179948,0,leader,manual,0.6956398487091064,0.051935527473688126,0.9866651892662048,0.9,1,1,0.20436015129089358,0.9480644725263119,0.013334810733795166,0,0,0,0,1.0,0.0,0.0,0.0,0.0,0.0,0.0,False,,,,,,,,,
1760060163.1182408,1,follower,manual,0.08452031761407852,0.05525343120098114,0.9042862057685852,0.1,1,1,0.015479682385921484,0.9447465687990189,0.0957137942314148,0,0,0,0,1.0,0.0,0.0,0.0,0.0,0.0,0.0,False,,,,,,,,,
1760060163.2196035,0,leader,manual,0.6956390738487244,0.05192602425813675,0.9866692423820496,0.9,1,1,0.20436092615127566,0.9480739757418633,0.01333075761795044,0,0,0,0,1.0,0.0,0.0,0.0,0.0,0.0,0.0,False,,,,,,,,,
1760060163.2197914,1,follower,manual,0.08452891558408737,0.055241912603378296,0.9042816758155823,0.1,1,1,0.015471084415912634,0.9447580873966217,0.09571832418441772,0,0,0,0,1.0,0.0,0.0,0.0,0.0,0.0,0.0,False,,,,,,,,,
1760060163.328779,0,leader,manual,0.6956326365470886,0.05193440243601799,0.9866703152656555,0.9,1,1,0.2043673634529114,0.948065597563982,0.013329684734344482,0,0,0,0,1.0,0.0,0.0,0.0,0.0,0.0,0.0,False,,,,,,,,,
1760060163.4290311,1,follower,manual,0.08452486991882324,0.05524763837456703,0.904287576675415,0.1,1,1,0.015475130081176763,0.944752361625433,0.09571242332458496,0,0,0,0,1.0,0.0,0.0,0.0,0.0,0.0,0.0,False,,,,,,,,,
1760060163.5303404,0,leader,manual,0.6956362724304199,0.05193241313099861,0.9866755604743958,0.9,1,1,0.2043637275695801,0.9480675868690014,0.013324439525604248,0,0,0,0,1.0,0.0,0.0,0.0,0.0,0.0,0.0,False,,,,,,,,,
1760060163.6306596,1,follower,manual,0.08448097854852676,0.05525475740432739,0.904302179813385,0.1,1,1,0.015519021451473242,0.9447452425956726,0.09569782018661499,0,0,0,0,1.0,0.0,0.0,0.0,0.0,0.0,0.0,False,,,,,,,,,
1760060163.7431622,0,leader,manual,0.6956270337104797,0.05189844220876694,0.9866206645965576,0.9,1,1,0.20437296628952029,0.9481015577912331,0.013379335403442383,0,0,0,0,1.0,0.0,0.0,0.0,0.0,0.0,0.0,False,,,,,,,,,
1760060163.843567,1,follower,manual,0.08452367782592773,0.05525434389710426,0.9042848348617554,0.1,1,1,0.015476322174072271,0.9447456561028957,0.09571516513824463,0,0,0,0,1.0,0.0,0.0,0.0,0.0,0.0,0.0,False,,,,,,,,,
1760060164.0285096,0,leader,manual,0.6956377029418945,0.05192799121141434,0.9866679310798645,0.9,1,1,0.2043622970581055,0.9480720087885857,0.013332068920135498,0,0,0,0,1.0,0.0,0.0,0.0,0.0,0.0,0.0,False,,,,,,,,,
1760060164.1288106,1,follower,manual,0.08447951078414917,0.05525415763258934,0.9043017029762268,0.1,1,1,0.015520489215850836,0.9447458423674107,0.0956982970237732,0,0,0,0,1.0,0.0,0.0,0.0,0.0,0.0,0.0,False,,,,,,,,,
1760060164.233809,0,leader,manual,0.6956303119659424,0.05192679539322853,0.9866825938224792,0.9,1,1,0.20436968803405764,0.9480732046067715,0.013317406177520752,0,0,0,0,1.0,0.0,0.0,0.0,0.0,0.0,0.0,False,,,,,,,,,
1760060164.3342185,1,follower,manual,0.08448100835084915,0.055251866579055786,0.9043025970458984,0.1,1,1,0.015518991649150854,0.9447481334209442,0.09569740295410156,0,0,0,0,1.0,0.0,0.0,0.0,0.0,0.0,0.0,False,,,,,,,,,
1760060164.4393308,0,leader,manual,0.6956332325935364,0.05192332714796066,0.9866732358932495,0.9,1,1,0.20436676740646365,0.9480766728520393,0.013326764106750488,0,0,0,0,1.0,0.0,0.0,0.0,0.0,0.0,0.0,False,,,,,,,,,
1760060164.539723,1,follower,manual,0.08448295295238495,0.05524522438645363,0.9042977094650269,0.1,1,1,0.015517047047615057,0.9447547756135464,0.09570229053497314,0,0,0,0,1.0,0.0,0.0,0.0,0.0,0.0,0.0,False,,,,,,,,,
1760060164.6445765,0,leader,manual,0.695623517036438,0.051902223378419876,0.9866234660148621,0.9,1,1,0.20437648296356203,0.9480977766215801,0.01337653398513794,0,0,0,0,1.0,0.0,0.0,0.0,0.0,0.0,0.0,False,,,,,,,,,
1760060164.7450154,1,follower,manual,0.08452504128217697,0.05524593964219093,0.9042954444885254,0.1,1,1,0.015474958717823034,0.9447540603578091,0.09570455551147461,0,0,0,0,1.0,0.0,0.0,0.0,0.0,0.0,0.0,False,,,,,,,,,
1760060164.848575,0,leader,manual,0.695629358291626,0.051902130246162415,0.9866165518760681,0.9,1,1,0.20437064170837405,0.9480978697538376,0.013383448123931885,0,0,0,0,1.0,0.0,0.0,0.0,0.0,0.0,0.0,False,,,,,,,,,
1760060164.9490824,1,follower,manual,0.08453085273504257,0.055248551070690155,0.9042884111404419,0.1,1,1,0.015469147264957434,0.9447514489293098,0.0957115888595581,0,0,0,0,1.0,0.0,0.0,0.0,0.0,0.0,0.0,False,,,,,,,,,
1760060165.0644052,0,leader,manual,0.6956266760826111,0.05190295726060867,0.9866189956665039,0.9,1,1,0.20437332391738894,0.9480970427393913,0.013381004333496094,0,0,0,0,1.0,0.0,0.0,0.0,0.0,0.0,0.0,False,,,,,,,,,
1760060165.1647525,1,follower,manual,0.08453115820884705,0.05524944141507149,0.9042906761169434,0.1,1,1,0.01546884179115296,0.9447505585849285,0.09570932388305664,0,0,0,0,1.0,0.0,0.0,0.0,0.0,0.0,0.0,False,,,,,,,,,
1760060165.2693722,0,leader,manual,0.695634663105011,0.05193936824798584,0.9866673946380615,0.9,1,1,0.20436533689498904,0.9480606317520142,0.013332605361938477,0,0,0,0,1.0,0.0,0.0,0.0,0.0,0.0,0.0,False,,,,,,,,,
1760060165.369603,1,follower,manual,0.08452945202589035,0.05525347217917442,0.9042848944664001,0.1,1,1,0.015470547974109655,0.9447465278208256,0.09571510553359985,0,0,0,0,1.0,0.0,0.0,0.0,0.0,0.0,0.0,False,,,,,,,,,
1760060165.4779236,0,leader,manual,0.6956347823143005,0.05193271487951279,0.9866714477539062,0.9,1,1,0.20436521768569949,0.9480672851204872,0.01332855224609375,0,0,0,0,1.0,0.0,0.0,0.0,0.0,0.0,0.0,False,,,,,,,,,
1760060165.5782986,1,follower,manual,0.08453011512756348,0.05524647235870361,0.9042899012565613,0.1,1,1,0.015469884872436529,0.9447535276412964,0.09571009874343872,0,0,0,0,1.0,0.0,0.0,0.0,0.0,0.0,0.0,False,,,,,,,,,
1760060165.7104447,0,leader,manual,0.6956340670585632,0.05193483084440231,0.9866700768470764,0.9,1,1,0.2043659329414368,0.9480651691555977,0.013329923152923584,0,0,0,0,1.0,0.0,0.0,0.0,0.0,0.0,0.0,False,,,,,,,,,
1760060165.810821,1,follower,manual,0.08448556810617447,0.05525818094611168,0.9042950868606567,0.1,1,1,0.015514431893825537,0.9447418190538883,0.09570491313934326,0,0,0,0,1.0,0.0,0.0,0.0,0.0,0.0,0.0,False,,,,,,,,,
1760060165.913716,0,leader,manual,0.695634126663208,0.051928792148828506,0.9866728186607361,0.9,1,1,0.20436587333679201,0.9480712078511715,0.013327181339263916,0,0,0,0,1.0,0.0,0.0,0.0,0.0,0.0,0.0,False,,,,,,,,,
1760060166.0140295,1,follower,manual,0.0844782292842865,0.05525067448616028,0.9042946100234985,0.1,1,1,0.015521770715713507,0.9447493255138397,0.09570538997650146,0,0,0,0,1.0,0.0,0.0,0.0,0.0,0.0,0.0,False,,,,,,,,,
1760060172.7317994,0,leader,manual,0.695633590221405,0.0519399493932724,0.9866783022880554,0.9,1,1,0.204366409778595,0.9480600506067276,0.01332169771194458,0,0,0,0,1.0,0.0,0.0,0.0,0.0,0.0,0.0,False,,,,,,,,,
1760060172.8322442,1,follower,manual,0.08452502638101578,0.05524835363030434,0.9042887091636658,0.1,1,1,0.015474973618984228,0.9447516463696957,0.09571129083633423,0,0,0,0,1.0,0.0,0.0,0.0,0.0,0.0,0.0,False,,,,,,,,,
1760060172.833155,0,follower,manual,0.8242785930633545,0.8405595421791077,1.2555402517318726,0.9,1,1,0.07572140693664553,0.15944045782089233,-0.25554025173187256,0,0,0,0,,,,,,,,False,,,,,,,,,
1760060172.9334486,1,follower,manual,0.07096759229898453,0.8566969037055969,0.8851088285446167,0.1,1,1,0.029032407701015478,0.14330309629440308,0.1148911714553833,0,0,0,0,,,,,,,,False,,,,,,,,,
1760060173.1589413,0,leader,manual,0.8242785930633545,0.8405595421791077,1.2555402517318726,0.9,1,1,0.07572140693664553,0.15944045782089233,-0.25554025173187256,0,0,0,0,1.0,0.0,0.0,0.0,0.0,0.0,0.0,False,,,,,,,,,
1760060173.2601104,1,follower,manual,0.07096759229898453,0.8566969037055969,0.8851088285446167,0.1,1,1,0.029032407701015478,0.14330309629440308,0.1148911714553833,0,0,0,0,1.0,0.0,0.0,0.0,0.0,0.0,0.0,False,,,,,,,,,
1760060173.260698,0,follower,manual,0.8367968201637268,0.8479148149490356,1.2541860342025757,0.9,1,1,0.06320317983627322,0.15208518505096436,-0.2541860342025757,0,0,0,0,,,,,,,,False,,,,,,,,,
1760060173.3610036,1,follower,manual,0.07393914461135864,0.865626871585846,0.8768391013145447,0.1,1,1,0.026060855388641363,0.13437312841415405,0.12316089868545532,0,0,0,0,,,,,,,,False,,,,,,,,,
1760060173.4627426,0,leader,manual,0.8367968201637268,0.8479148149490356,1.2541860342025757,0.9,1,1,0.06320317983627322,0.15208518505096436,-0.2541860342025757,0,0,0,0,1.0,0.0,0.0,0.0,0.0,0.0,0.0,False,,,,,,,,,
1760060173.5632265,1,follower,manual,0.07393914461135864,0.865626871585846,0.8768391013145447,0.1,1,1,0.026060855388641363,0.13437312841415405,0.12316089868545532,0,0,0,0,1.0,0.0,0.0,0.0,0.0,0.0,0.0,False,,,,,,,,,
1760060173.5645688,0,follower,manual,0.8501218557357788,0.8537054657936096,1.2557778358459473,0.9,1,1,0.049878144264221214,0.14629453420639038,-0.25577783584594727,0,0,0,0,,,,,,,,False,,,,,,,,,
1760060173.664955,1,follower,manual,0.08030615746974945,0.8663946986198425,0.8735228776931763,0.1,1,1,0.019693842530250555,0.13360530138015747,0.12647712230682373,0,0,0,0,,,,,,,,False,,,,,,,,,
1760060173.768752,0,leader,manual,0.8501218557357788,0.8537054657936096,1.2557778358459473,0.9,1,1,0.049878144264221214,0.14629453420639038,-0.25577783584594727,0,0,0,0,1.0,0.0,0.0,0.0,0.0,0.0,0.0,False,,,,,,,,,
1760060173.8691792,1,follower,manual,0.08030615746974945,0.8663946986198425,0.8735228776931763,0.1,1,1,0.019693842530250555,0.13360530138015747,0.12647712230682373,0,0,0,0,1.0,0.0,0.0,0.0,0.0,0.0,0.0,False,,,,,,,,,
1760060173.8696063,0,follower,manual,0.864810049533844,0.8555898666381836,1.2580019235610962,0.9,1,1,0.03518995046615603,0.1444101333618164,-0.2580019235610962,0,0,0,0,,,,,,,,False,,,,,,,,,
1760060173.9698992,1,follower,manual,0.08240726590156555,0.8648664355278015,0.8748429417610168,0.1,1,1,0.017592734098434454,0.1351335644721985,0.12515705823898315,0,0,0,0,,,,,,,,False,,,,,,,,,
1760060174.0740135,0,leader,manual,0.864810049533844,0.8555898666381836,1.2580019235610962,0.9,1,1,0.03518995046615603,0.1444101333618164,-0.2580019235610962,0,0,0,0,1.0,0.0,0.0,0.0,0.0,0.0,0.0,False,,,,,,,,,
1760060174.1743166,1,follower,manual,0.08240726590156555,0.8648664355278015,0.8748429417610168,0.1,1,1,0.017592734098434454,0.1351335644721985,0.12515705823898315,0,0,0,0,1.0,0.0,0.0,0.0,0.0,0.0,0.0,False,,,,,,,,,
1760060174.174576,0,follower,manual,0.8755128979682922,0.8594845533370972,1.2625845670700073,0.9,1,1,0.024487102031707786,0.14051544666290283,-0.2625845670700073,0,0,0,0,,,,,,,,False,,,,,,,,,
1760060174.274776,1,follower,manual,0.08014380186796188,0.8644461631774902,0.8775049448013306,0.1,1,1,0.019856198132038122,0.13555383682250977,0.12249505519866943,0,0,0,0,,,,,,,,False,,,,,,,,,
1760060174.3804042,0,leader,manual,0.8755128979682922,0.8594845533370972,1.2625845670700073,0.9,1,1,0.024487102031707786,0.14051544666290283,-0.2625845670700073,0,0,0,0,1.0,0.0,0.0,0.0,0.0,0.0,0.0,False,,,,,,,,,
1760060174.4807954,1,follower,manual,0.08014380186796188,0.8644461631774902,0.8775049448013306,0.1,1,1,0.019856198132038122,0.13555383682250977,0.12249505519866943,0,0,0,0,1.0,0.0,0.0,0.0,0.0,0.0,0.0,False,,,,,,,,,
1760060174.4811885,0,follower,manual,0.880287230014801,0.8576221466064453,1.2637481689453125,0.9,1,1,0.019712769985198997,0.1423778533935547,-0.2637481689453125,0,0,0,0,,,,,,,,False,,,,,,,,,
1760060174.5814867,1,follower,manual,0.0757753774523735,0.8661748766899109,0.8837723135948181,0.1,1,1,0.0242246225476265,0.1338251233100891,0.11622768640518188,0,0,0,0,,,,,,,,False,,,,,,,,,
1760060174.6880388,0,leader,manual,0.880287230014801,0.8576221466064453,1.2637481689453125,0.9,1,1,0.019712769985198997,0.1423778533935547,-0.2637481689453125,0,0,0,0,1.0,0.0,0.0,0.0,0.0,0.0,0.0,False,,,,,,,,,
1760060174.788537,1,follower,manual,0.0757753774523735,0.8661748766899109,0.8837723135948181,0.1,1,1,0.0242246225476265,0.1338251233100891,0.11622768640518188,0,0,0,0,1.0,0.0,0.0,0.0,0.0,0.0,0.0,False,,,,,,,,,
1760060174.7897222,0,follower,manual,0.8835904598236084,0.8535704016685486,1.2608578205108643,0.9,1,1,0.016409540176391624,0.14642959833145142,-0.26085782051086426,0,0,0,0,,,,,,,,False,,,,,,,,,
1760060174.8901484,1,follower,manual,0.07054366171360016,0.8717988133430481,0.8879064917564392,0.1,1,1,0.029456338286399847,0.1282011866569519,0.11209350824356079,0,0,0,0,,,,,,,,False,,,,,,,,,
1760060174.9980335,0,leader,manual,0.8835904598236084,0.8535704016685486,1.2608578205108643,0.9,1,1,0.016409540176391624,0.14642959833145142,-0.26085782051086426,0,0,0,0,1.0,0.0,0.0,0.0,0.0,0.0,0.0,False,,,,,,,,,
1760060175.0985708,1,follower,manual,0.07054366171360016,0.8717988133430481,0.8879064917564392,0.1,1,1,0.029456338286399847,0.1282011866569519,0.11209350824356079,0,0,0,0,1.0,0.0,0.0,0.0,0.0,0.0,0.0,False,,,,,,,,,
1760060175.0993793,0,follower,manual,0.8865143656730652,0.8533922433853149,1.2537508010864258,0.9,1,1,0.013485634326934837,0.14660775661468506,-0.2537508010864258,0,0,0,0,,,,,,,,False,,,,,,,,,
1760060175.1998541,1,follower,manual,0.05851108953356743,0.8803645372390747,0.8823164105415344,0.1,1,1,0.04148891046643258,0.11963546276092529,0.11768358945846558,0,0,0,0,,,,,,,,False,,,,,,,,,
1760060175.3030157,0,leader,manual,0.8865143656730652,0.8533922433853149,1.2537508010864258,0.9,1,1,0.013485634326934837,0.14660775661468506,-0.2537508010864258,0,0,0,0,1.0,0.0,0.0,0.0,0.0,0.0,0.0,False,,,,,,,,,
1760060175.403494,1,follower,manual,0.05851108953356743,0.8803645372390747,0.8823164105415344,0.1,1,1,0.04148891046643258,0.11963546276092529,0.11768358945846558,0,0,0,0,1.0,0.0,0.0,0.0,0.0,0.0,0.0,False,,,,,,,,,
1760060175.4062107,0,follower,auto,0.8904675245285034,0.8545830249786377,1.2522625923156738,0.9,1,1,0.009532475471496604,0.1454169750213623,-0.25226259231567383,-20,-1.261225713416934,13.427784860134125,0,,,,,,,,True,0.0,-25.0,0.0,optimal,0,0.0,-25.0,2.9796550417872965,2.3089446557494697
1760060175.507114,1,follower,auto,0.04965038225054741,0.8806900978088379,0.8707858324050903,0.1,1,1,0.050349617749452596,0.11930990219116211,0.12921416759490967,11.9608393907547,6.261225713416934,13.072215139865875,0,,,,,,,,True,5.0,12.0,0.0,optimal,0,5.0,12.0,0.3703135850757082,0.5890087925582845
1760060175.6122434,0,follower,auto,0.8904675245285034,0.8545830249786377,1.2522625923156738,0.9,1,1,0.009532475471496604,0.1454169750213623,-0.25226259231567383,0,0,0,0,0.7165313105737893,0.8904675245285034,0.8545830249786377,1.2522625923156738,0.8904675245285034,0.8545830249786377,1.2522625923156738,False,,,,,,,,,
1760060175.7127523,1,leader,auto,0.04965038225054741,0.8806900978088379,0.8707858324050903,0.1,1,1,0.050349617749452596,0.11930990219116211,0.12921416759490967,0,0,0,0,0.7165313105737893,0.04965038225054741,0.8806900978088379,0.8707858324050903,0.04965038225054741,0.8806900978088379,0.8707858324050903,False,,,,,,,,,
1760060175.715745,0,follower,auto,0.9005356431007385,0.8576534390449524,1.2489440441131592,0.9,1,1,-0.0005356431007385032,0.1423465609550476,-0.24894404411315918,-20,-1.3283705245703459,13.440030825138091,0,,,,,,,,True,0.0,-24.0,0.0,optimal,0,0.0,-24.0,3.00146844154148,2.497018923842355
1760060175.8168561,1,follower,auto,0.04314602538943291,0.8686047792434692,0.8663393259048462,0.1,1,1,0.0568539746105671,0.13139522075653076,0.1336606740951538,13.034331327676773,6.313402725383639,15.092582404613495,0,,,,,,,,True,5.0,13.0,0.0,optimal,0,5.0,13.0,0.35418063758348817,0.4801326239046926
1760060175.9323862,0,follower,auto,0.9005356431007385,0.8576534390449524,1.2489440441131592,0.9,1,1,-0.0005356431007385032,0.1423465609550476,-0.24894404411315918,0,0,0,0,0.85,-0.044621158612892065,-0.028204567432403516,-0.0918820886015892,0.9005356431007385,0.8576534390449524,1.2489440441131592,False,,,,,,,,,
1760060176.0327516,1,leader,auto,0.04314602538943291,0.8686047792434692,0.8663393259048462,0.1,1,1,0.0568539746105671,0.13139522075653076,0.1336606740951538,0,0,0,0,0.85,-0.0032221540827304107,-0.07688756382465367,-0.06976587158441538,0.04314602538943291,0.8686047792434692,0.8663393259048462,False,,,,,,,,,
1760060176.0337605,0,follower,auto,0.9135568737983704,0.8772099018096924,1.2334624528884888,0.9,1,1,-0.013556873798370339,0.12279009819030762,-0.23346245288848877,-20,-2.378646183386445,11.529614052772523,0,,,,,,,,True,-1.0,-23.0,0.0,optimal,0,-1.0,-23.0,3.0022840329079834,2.3692400416361856
1760060176.1344318,1,follower,auto,0.03937608376145363,0.8707221746444702,0.873735785484314,0.1,1,1,0.06062391623854638,0.12927782535552979,0.12626421451568604,12.016066031455994,7.3353004295378925,14.014127469062805,0,,,,,,,,True,6.0,12.0,0.0,optimal,0,6.0,12.0,0.3622159993220244,0.6470656396449004
1760060176.2389688,0,follower,auto,0.9135568737983704,0.8772099018096924,1.2334624528884888,0.9,1,1,-0.013556873798370339,0.12279009819030762,-0.23346245288848877,0,0,0,0,1.0,-0.040319147495292085,0.009973755311965982,-0.11197223713278781,0.9135568737983704,0.8772099018096924,1.2334624528884888,False,,,,,,,,,
1760060176.3395953,1,leader,auto,0.03937608376145363,0.8707221746444702,0.873735785484314,0.1,1,1,0.06062391623854638,0.12927782535552979,0.12626421451568604,0,0,0,0,1.0,0.0060189931207522765,-0.07110592735648158,-0.06882953561425209,0.03937608376145363,0.8707221746444702,0.873735785484314,False,,,,,,,,,
1760060176.3416014,0,follower,auto,0.9290832877159119,0.9018328189849854,1.2109143733978271,0.9,1,1,-0.029083287715911843,0.09816718101501465,-0.21091437339782715,-20,-3.425368873476982,8.63716976094246,-25,,,,,,,,True,-2.0,-21.0,0.0,optimal,0,-2.0,-21.0,2.9944093204735545,2.3423375102265256
1760060176.4424627,1,follower,auto,0.035786330699920654,0.8873912692070007,0.8920521140098572,0.1,1,1,0.06421366930007935,0.11260873079299927,0.10794788599014282,9.953552459716796,7.3622311717271804,12.893726049661636,-25,,,,,,,,True,6.0,10.0,0.0,optimal,0,6.0,10.0,0.3899812324143239,0.7906663184488436
1760060176.5747192,0,follower,auto,0.9290832877159119,0.9018328189849854,1.2109143733978271,0.9,1,1,-0.029083287715911843,0.09816718101501465,-0.21091437339782715,0,0,0,0,1.0,-0.03777346160905137,0.03444178440380097,-0.12385000522358425,0.9290832877159119,0.9018328189849854,1.2109143733978271,False,,,,,,,,,
1760060176.675204,1,leader,auto,0.035786330699920654,0.8873912692070007,0.8920521140098572,0.1,1,1,0.06421366930007935,0.11260873079299927,0.10794788599014282,0,0,0,0,1.0,0.013173342529491334,-0.06430393858501915,-0.06779402200038431,0.035786330699920654,0.8873912692070007,0.8920521140098572,False,,,,,,,,,
1760060176.6768482,0,follower,auto,0.9502831101417542,0.925926923751831,1.182392954826355,0.9,1,1,-0.05028311014175413,0.07407307624816895,-0.18239295482635498,-18.16531029034853,-6.491929367765784,6.759032312774658,25,,,,,,,,True,-5.0,-18.0,0.0,optimal,0,-5.0,-18.0,2.9914308212137892,2.394951440586612
1760060176.7776392,1,follower,auto,0.032107722014188766,0.9090271592140198,0.9187952280044556,0.1,1,1,0.06789227798581124,0.09097284078598022,0.08120477199554443,6.914045949292183,7.39939895953238,10.75770530962944,25,,,,,,,,True,6.0,7.0,0.0,optimal,0,6.0,7.0,0.4337448432337263,0.8910656641964101
1760060176.8806236,0,follower,auto,0.9502831101417542,0.925926923751831,1.182392954826355,0.9,1,1,-0.05028311014175413,0.07407307624816895,-0.18239295482635498,0,0,0,0,1.0,-0.03325901427768452,0.05184646493112566,-0.13102951375192218,0.9502831101417542,0.925926923751831,1.182392954826355,False,,,,,,,,,
1760060176.9816365,1,leader,auto,0.032107722014188766,0.9090271592140198,0.9187952280044556,0.1,1,1,0.06789227798581124,0.09097284078598022,0.08120477199554443,0,0,0,0,1.0,0.01965631752525012,-0.0654324592851463,-0.06819332126096778,0.032107722014188766,0.9090271592140198,0.9187952280044556,False,,,,,,,,,
1760060176.9832244,0,follower,auto,0.9714168906211853,0.9443384408950806,1.1515283584594727,0.9,1,1,-0.07141689062118528,0.055661559104919434,-0.15152835845947266,-15.145624743965865,-8.535690180759131,4.863212348146439,0,,,,,,,,True,-7.0,-15.0,0.0,optimal,0,-7.0,-15.0,2.9853686044659224,2.415368124932053
1760060177.0840044,1,follower,auto,0.029731279239058495,0.9267996549606323,0.9430299401283264,0.1,1,1,0.07026872076094151,0.07320034503936768,0.056970059871673584,4.91827258751154,8.429150239931047,8.66965445239544,0,,,,,,,,True,7.0,5.0,0.0,optimal,0,7.0,5.0,0.4758669520304959,0.9428904304159813
1760060177.2248147,0,follower,auto,0.9714168906211853,0.9443384408950806,1.1515283584594727,0.9,1,1,-0.07141689062118528,0.055661559104919434,-0.15152835845947266,0,0,0,0,1.0,-0.03782144473520033,0.061218399702010484,-0.13226995303499156,0.9714168906211853,0.9443384408950806,1.1515283584594727,False,,,,,,,,,
1760060177.325331,1,leader,auto,0.029731279239058495,0.9267996549606323,0.9430299401283264,0.1,1,1,0.07026872076094151,0.07320034503936768,0.056970059871673584,0,0,0,0,1.0,0.02717850334386911,-0.07228395193773607,-0.07736782916566654,0.029731279239058495,0.9267996549606323,0.9430299401283264,False,,,,,,,,,
1760060177.3266296,0,follower,auto,0.9891510009765625,0.9583688378334045,1.1130675077438354,0.9,1,1,-0.08915100097656248,0.04163116216659546,-0.11306750774383545,-10.122002848108888,-10.555440830286742,3.9912635538349153,25,,,,,,,,True,-9.0,-10.0,0.0,optimal,0,-9.0,-10.0,2.954320180699884,2.348022338935629
1760060177.4273257,1,follower,auto,0.02647830918431282,0.9401820302009583,0.9643608331680298,0.1,1,1,0.07352169081568719,0.05981796979904175,0.035639166831970215,2.938663558022261,8.462658058775663,6.590542308566571,25,,,,,,,,True,7.0,3.0,0.0,optimal,0,7.0,3.0,0.5124668884269719,0.8915894248312966
1760060177.594644,0,follower,auto,0.9891510009765625,0.9583688378334045,1.1130675077438354,0.9,1,1,-0.08915100097656248,0.04163116216659546,-0.11306750774383545,0,0,0,0,1.0,-0.04748751835590137,0.06830980025893019,-0.13679322254979343,0.9891510009765625,0.9583688378334045,1.1130675077438354,False,,,,,,,,,
1760060177.695168,1,leader,auto,0.02647830918431282,0.9401820302009583,0.9643608331680298,0.1,1,1,0.07352169081568719,0.05981796979904175,0.035639166831970215,0,0,0,0,1.0,0.03310041610355261,-0.07725530791527024,-0.08429923295228958,0.02647830918431282,0.9401820302009583,0.9643608331680298,False,,,,,,,,,
1760060177.6971164,0,follower,auto,0.9992548227310181,0.9593704342842102,1.0753071308135986,0.9,1,1,-0.09925482273101804,0.040629565715789795,-0.07530713081359863,-7.041794952190005,-11.5397827812199,4.072570450704384,25,,,,,,,,True,-10.0,-7.0,0.0,optimal,0,-10.0,-7.0,2.903901413606994,2.2667914992581126
1760060177.798302,1,follower,auto,0.02331002801656723,0.9532561302185059,0.9750936627388,0.1,1,1,0.07668997198343278,0.04674386978149414,0.02490633726119995,1.927675239996934,8.482818679302394,5.565487006925821,25,,,,,,,,True,7.0,2.0,0.0,optimal,0,7.0,2.0,0.5293230421393824,0.7680404734140478
1760060177.9218175,0,follower,auto,0.9992548227310181,0.9593704342842102,1.0753071308135986,0.9,1,1,-0.09925482273101804,0.040629565715789795,-0.07530713081359863,0,0,0,0,1.0,-0.06282399668575578,0.06130441460398495,-0.13187641896524038,0.9992548227310181,0.9593704342842102,1.0753071308135986,False,,,,,,,,,
1760060178.0221725,1,leader,auto,0.02331002801656723,0.9532561302185059,0.9750936627388,0.1,1,1,0.07668997198343278,0.04674386978149414,0.02490633726119995,0,0,0,0,1.0,0.039661738083115204,-0.0758669282211546,-0.0964298847526519,0.02331002801656723,0.9532561302185059,0.9750936627388,False,,,,,,,,,
1760060178.0228078,0,follower,auto,1.0015459060668945,0.9515432715415955,1.0521107912063599,0.9,1,1,-0.10154590606689451,0.04845672845840454,-0.05211079120635986,-4.967684556971814,-11.498890522142178,4.056722813129749,-25,,,,,,,,True,-10.0,-5.0,0.0,optimal,0,-10.0,-5.0,2.861886406212503,2.2845154372295524
1760060178.1231482,1,follower,auto,0.0238737091422081,0.9576955437660217,0.9803981184959412,0.1,1,1,0.0761262908577919,0.04230445623397827,0.019601881504058838,1.9476771899333072,8.469811280828553,5.559840336329723,-25,,,,,,,,True,7.0,2.0,0.0,optimal,0,7.0,2.0,0.540398875709238,0.7552078826164437
1760060178.2272377,0,follower,auto,1.0015459060668945,0.9515432715415955,1.0521107912063599,0.9,1,1,-0.10154590606689451,0.04845672845840454,-0.05211079120635986,0,0,0,0,1.0,-0.07840707808440928,0.05583918548651545,-0.11347236695503238,1.0015459060668945,0.9515432715415955,1.0521107912063599,False,,,,,,,,,
1760060178.3275511,1,leader,auto,0.0238737091422081,0.9576955437660217,0.9803981184959412,0.1,1,1,0.0761262908577919,0.04230445623397827,0.019601881504058838,0,0,0,0,1.0,0.04949681477081715,-0.08187727423791391,-0.10163795248804774,0.0238737091422081,0.9576955437660217,0.9803981184959412,False,,,,,,,,,
1760060178.3280218,0,follower,auto,1.005394697189331,0.9453490376472473,1.041260838508606,0.9,1,1,-0.10539469718933103,0.054650962352752686,-0.04126083850860596,-3.9545541852506476,-11.495000796361246,5.007181746745207,-25,,,,,,,,True,-10.0,-4.0,0.0,optimal,0,-10.0,-4.0,2.851516267575269,2.484261763380255
1760060178.4284563,1,follower,auto,0.02598056010901928,0.9536849856376648,0.9828104376792908,0.1,1,1,0.07401943989098073,0.046315014362335205,0.01718956232070923,0.9914121016344569,8.461263327192318,5.563225258853133,-25,,,,,,,,True,7.0,1.0,0.0,optimal,0,7.0,1.0,0.5477680180457605,0.7314429836782814
1760060178.5355692,0,follower,auto,1.005394697189331,0.9453490376472473,1.041260838508606,0.9,1,1,-0.10539469718933103,0.054650962352752686,-0.04126083850860596,0,0,0,0,1.0,-0.08364383613492699,0.05908944776256286,-0.09837436084137519,1.005394697189331,0.9453490376472473,1.041260838508606,False,,,,,,,,,
1760060178.6358955,1,leader,auto,0.02598056010901928,0.9536849856376648,0.9828104376792908,0.1,1,1,0.07401943989098073,0.046315014362335205,0.01718956232070923,0,0,0,0,1.0,0.056539987006567,-0.08736228664944523,-0.10399165224888618,0.02598056010901928,0.9536849856376648,0.9828104376792908,False,,,,,,,,,
1760060178.636598,0,follower,auto,1.0125325918197632,0.936246931552887,1.0417479276657104,0.9,1,1,-0.11253259181976316,0.06375306844711304,-0.04174792766571045,-3.935183967643752,-12.508009328404361,5.937505767638712,0,,,,,,,,True,-11.0,-4.0,0.0,optimal,0,-11.0,-4.0,2.8755001044767656,2.7100554882707337
1760060178.7370431,1,follower,auto,0.032355062663555145,0.9473833441734314,0.9824774861335754,0.1,1,1,0.06764493733644486,0.052616655826568604,0.01752251386642456,1.0109370823049886,7.441136019476817,6.582968956072955,0,,,,,,,,True,6.0,1.0,0.0,optimal,0,6.0,1.0,0.5551349360355786,0.7214880453526724
1760060178.840829,0,follower,auto,1.0125325918197632,0.936246931552887,1.0417479276657104,0.9,1,1,-0.11253259181976316,0.06375306844711304,-0.04174792766571045,0,0,0,0,1.0,-0.08683110325519694,0.05659076288204756,-0.08614203908277962,1.0125325918197632,0.936246931552887,1.0417479276657104,False,,,,,,,,,
1760060178.9411395,1,leader,auto,0.032355062663555145,0.9473833441734314,0.9824774861335754,0.1,1,1,0.06764493733644486,0.052616655826568604,0.01752251386642456,0,0,0,0,1.0,0.06587650270109,-0.08540304488798944,-0.10606064910187096,0.032355062663555145,0.9473833441734314,0.9824774861335754,False,,,,,,,,,
1760060178.941774,0,follower,auto,1.0160701274871826,0.9252098798751831,1.0508432388305664,0.9,1,1,-0.1160701274871826,0.0747901201248169,-0.050843238830566406,-3.9156890587490123,-12.491827078598527,6.860177235572109,25,,,,,,,,True,-11.0,-4.0,0.0,optimal,0,-11.0,-4.0,2.905954169552354,2.7837314565074065
1760060179.04229,1,follower,auto,0.03897244855761528,0.9408911466598511,0.977812647819519,0.1,1,1,0.061027551442384725,0.059108853340148926,0.022187352180480957,1.012037839750777,7.42911441536205,6.627357195568034,25,,,,,,,,True,6.0,1.0,0.0,optimal,0,6.0,1.0,0.5544033642515331,0.6685515951908649
1760060179.1486955,0,follower,auto,1.0160701274871826,0.9252098798751831,1.0508432388305664,0.9,1,1,-0.1160701274871826,0.0747901201248169,-0.050843238830566406,0,0,0,0,1.0,-0.09772960535130215,0.05519555549342492,-0.0783028004977,1.0160701274871826,0.9252098798751831,1.0508432388305664,False,,,,,,,,,
1760060179.249233,1,leader,auto,0.03897244855761528,0.9408911466598511,0.977812647819519,0.1,1,1,0.061027551442384725,0.059108853340148926,0.022187352180480957,0,0,0,0,1.0,0.06960793189802568,-0.08148035532636189,-0.11061186588017269,0.03897244855761528,0.9408911466598511,0.977812647819519,False,,,,,,,,,
1760060179.2507863,0,follower,auto,1.0069975852966309,0.9152971506118774,1.0637140274047852,0.9,1,1,-0.10699758529663084,0.08470284938812256,-0.06371402740478516,-5.908380248441736,-11.413184524644253,7.797554182043245,0,,,,,,,,True,-10.0,-6.0,0.0,optimal,0,-10.0,-6.0,2.903928771246911,2.5325930364269635
1760060179.351804,1,follower,auto,0.044707562774419785,0.9364635348320007,0.9708437323570251,0.1,1,1,0.05529243722558022,0.06353646516799927,0.029156267642974854,1.9975143153251202,6.408387923163048,7.673918280229553,0,,,,,,,,True,5.0,2.0,0.0,optimal,0,5.0,2.0,0.5481853941554515,0.6207905746409161
1760060179.4569342,0,follower,auto,1.0069975852966309,0.9152971506118774,1.0637140274047852,0.9,1,1,-0.10699758529663084,0.08470284938812256,-0.06371402740478516,0,0,0,0,1.0,-0.11696773396679383,0.056923833636966625,-0.0766893322940474,1.0069975852966309,0.9152971506118774,1.0637140274047852,False,,,,,,,,,
1760060179.5575624,1,leader,auto,0.044707562774419785,0.9364635348320007,0.9708437323570251,0.1,1,1,0.05529243722558022,0.06353646516799927,0.029156267642974854,0,0,0,0,1.0,0.07197829872225056,-0.0755389861608009,-0.11290658827136801,0.044707562774419785,0.9364635348320007,0.9708437323570251,False,,,,,,,,,
1760060179.558775,0,follower,auto,0.9940606951713562,0.9157231450080872,1.0781744718551636,0.9,1,1,-0.09406069517135618,0.08427685499191284,-0.07817447185516357,-7.956197168914807,-10.353738321868729,7.750214033433965,-25,,,,,,,,True,-9.0,-8.0,0.0,optimal,0,-9.0,-8.0,2.8934896916503487,2.4318938609168486
1760060179.6598895,1,follower,auto,0.0492950864136219,0.9341437816619873,0.9647678136825562,0.1,1,1,0.0507049135863781,0.0658562183380127,0.03523218631744385,2.990891175829798,6.387366680665872,7.706012696989054,-25,,,,,,,,True,5.0,3.0,0.0,optimal,0,5.0,3.0,0.5423610435586921,0.628039279549583
1760060179.7981496,0,follower,auto,0.9940606951713562,0.9157231450080872,1.0781744718551636,0.9,1,1,-0.09406069517135618,0.08427685499191284,-0.07817447185516357,0,0,0,0,1.0,-0.12522720238815332,0.06975550752670578,-0.07829587066228805,0.9940606951713562,0.9157231450080872,1.0781744718551636,False,,,,,,,,,
1760060179.8989909,1,leader,auto,0.0492950864136219,0.9341437816619873,0.9647678136825562,0.1,1,1,0.0507049135863781,0.0658562183380127,0.03523218631744385,0,0,0,0,1.0,0.07292039814447619,-0.07089630264864111,-0.11291311446729058,0.0492950864136219,0.9341437816619873,0.9647678136825562,False,,,,,,,,,
1760060179.90056,0,follower,auto,0.981610119342804,0.9209011793136597,1.0936861038208008,0.9,1,1,-0.08161011934280393,0.07909882068634033,-0.09368610382080078,-8.99344330325375,-9.333252831439124,6.715726898047081,0,,,,,,,,True,-8.0,-9.0,0.0,optimal,0,-8.0,-9.0,2.8876398632982823,2.448776016538504
1760060180.006527,1,follower,auto,0.04523126780986786,0.936536431312561,0.9635384678840637,0.1,1,1,0.05476873219013215,0.06346356868743896,0.03646153211593628,2.9720546327124326,6.412701795693952,7.711155519177817,0,,,,,,,,True,5.0,3.0,0.0,optimal,0,5.0,3.0,0.5347297680518983,0.6120450752175606
1760060180.117663,0,follower,auto,0.981610119342804,0.9209011793136597,1.0936861038208008,0.9,1,1,-0.08161011934280393,0.07909882068634033,-0.09368610382080078,0,0,0,0,1.0,-0.12758099427001035,0.07827841415338099,-0.08029714494072593,0.981610119342804,0.9209011793136597,1.0936861038208008,False,,,,,,,,,
1760060180.2181149,1,leader,auto,0.04523126780986786,0.936536431312561,0.9635384678840637,0.1,1,1,0.05476873219013215,0.06346356868743896,0.03646153211593628,0,0,0,0,1.0,0.06628119869351733,-0.06492101284496532,-0.10899776742026557,0.04523126780986786,0.936536431312561,0.9635384678840637,False,,,,,,,,,
1760060180.2215521,0,follower,auto,0.9758960604667664,0.9255614280700684,1.102887749671936,0.9,1,1,-0.07589606046676634,0.07443857192993164,-0.10288774967193604,-10.013187078519612,-8.356194879975899,6.73175163743876,0,,,,,,,,True,-7.0,-10.0,0.0,optimal,0,-7.0,-10.0,2.8898097817711013,2.4837285984522155
1760060180.322877,1,follower,auto,0.04150368645787239,0.9331979751586914,0.9676304459571838,0.1,1,1,0.058496313542127615,0.0668020248413086,0.03236955404281616,3.0012189484265535,6.419684458210086,7.690479867246837,0,,,,,,,,True,5.0,3.0,0.0,optimal,0,5.0,3.0,0.5378356596823386,0.6797178454638013
1760060180.5024629,0,follower,auto,0.9758960604667664,0.9255614280700684,1.102887749671936,0.9,1,1,-0.07589606046676634,0.07443857192993164,-0.10288774967193604,0,0,0,0,1.0,-0.12252287049273436,0.08205736705826816,-0.08850502925683146,0.9758960604667664,0.9255614280700684,1.102887749671936,False,,,,,,,,,
1760060180.6031852,1,leader,auto,0.04150368645787239,0.9331979751586914,0.9676304459571838,0.1,1,1,0.058496313542127615,0.0668020248413086,0.03236955404281616,0,0,0,0,1.0,0.06905326581935882,-0.0697289125114231,-0.10484773302261496,0.04150368645787239,0.9331979751586914,0.9676304459571838,False,,,,,,,,,
1760060180.6056263,0,follower,auto,0.966910719871521,0.9280649423599243,1.10398530960083,0.9,1,1,-0.06691071987152097,0.07193505764007568,-0.10398530960083008,-9.022146471704229,-8.34818170092761,6.7729267736613235,-1,,,,,,,,True,-7.0,-9.0,0.0,optimal,0,-7.0,-9.0,2.863992767862729,2.338017379600536
1760060180.7069592,1,follower,auto,0.033885229378938675,0.925238847732544,0.9687488079071045,0.1,1,1,0.06611477062106133,0.07476115226745605,0.03125119209289551,2.0414696078487364,7.436964524629419,8.694435805853335,-1,,,,,,,,True,6.0,2.0,0.0,optimal,0,6.0,2.0,0.5302847368462258,0.6195625528504984
1760060180.8346448,0,follower,auto,0.966910719871521,0.9280649423599243,1.10398530960083,0.9,1,1,-0.06691071987152097,0.07193505764007568,-0.10398530960083008,0,0,0,0,1.0,-0.12679897486235392,0.08499037764673889,-0.09803056506110153,0.966910719871521,0.9280649423599243,1.10398530960083,False,,,,,,,,,
1760060180.9352114,1,leader,auto,0.033885229378938675,0.925238847732544,0.9687488079071045,0.1,1,1,0.06611477062106133,0.07476115226745605,0.03125119209289551,0,0,0,0,1.0,0.06743887860146913,-0.07316706798144224,-0.10922096503170442,0.033885229378938675,0.925238847732544,0.9687488079071045,False,,,,,,,,,
1760060180.9397593,0,follower,auto,0.9571782946586609,0.928614616394043,1.0974808931350708,0.9,1,1,-0.057178294658660866,0.07138538360595703,-0.0974808931350708,-9.015648242344017,-7.343185326821385,6.8241879123550495,-1,,,,,,,,True,-6.0,-9.0,0.0,optimal,0,-6.0,-9.0,2.819268552152608,2.1824400075630472
1760060181.0404818,1,follower,auto,0.024199312552809715,0.9233030080795288,0.9669041633605957,0.1,1,1,0.07580068744719029,0.07669699192047119,0.0330958366394043,2.0272670787867346,8.451377210495682,8.701086917750873,-1,,,,,,,,True,7.0,2.0,0.0,optimal,0,7.0,2.0,0.5145284429154537,0.566759535494751
1760060181.2156575,0,follower,auto,0.9571782946586609,0.928614616394043,1.0974808931350708,0.9,1,1,-0.057178294658660866,0.07138538360595703,-0.0974808931350708,0,0,0,0,1.0,-0.12828630268915497,0.08695926120390152,-0.10652363432575007,0.9571782946586609,0.928614616394043,1.0974808931350708,False,,,,,,,,,
1760060181.3159616,1,leader,auto,0.024199312552809715,0.9233030080795288,0.9669041633605957,0.1,1,1,0.07580068744719029,0.07669699192047119,0.0330958366394043,0,0,0,0,1.0,0.06876205066281516,-0.06479522573727203,-0.11432514943208494,0.024199312552809715,0.9233030080795288,0.9669041633605957,False,,,,,,,,,
1760060181.3164613,0,follower,auto,0.9537380337715149,0.9308951497077942,1.0896400213241577,0.9,1,1,-0.05373803377151487,0.06910485029220581,-0.08964002132415771,-8.007234488877522,-7.381110547238373,5.836602162662204,-1,,,,,,,,True,-6.0,-8.0,0.0,optimal,0,-6.0,-8.0,2.791417253659484,2.304752339412332
1760060181.4168742,1,follower,auto,0.01210830919444561,0.9339938163757324,0.9547430872917175,0.1,1,1,0.0878916908055544,0.06600618362426758,0.04525691270828247,2.9562405050485263,10.478799422171805,7.754988467464697,-1,,,,,,,,True,9.0,3.0,0.0,optimal,0,9.0,3.0,0.4762109449162031,0.4660933841891981
1760060181.5229065,0,follower,auto,0.9537380337715149,0.9308951497077942,1.0896400213241577,0.9,1,1,-0.05373803377151487,0.06910485029220581,-0.08964002132415771,0,0,0,0,1.0,-0.12164014552891311,0.09248821305364396,-0.10829285952371381,0.9537380337715149,0.9308951497077942,1.0896400213241577,False,,,,,,,,,
1760060181.6231673,1,leader,auto,0.01210830919444561,0.9339938163757324,0.9547430872917175,0.1,1,1,0.0878916908055544,0.06600618362426758,0.04525691270828247,0,0,0,0,1.0,0.07068261830130679,-0.0503081313226037,-0.12648315890628004,0.01210830919444561,0.9339938163757324,0.9547430872917175,False,,,,,,,,,
1760060181.623618,0,follower,auto,0.9570596814155579,0.9290494918823242,1.0849554538726807,0.9,1,1,-0.05705968141555784,0.07095050811767578,-0.08495545387268066,-6.968334557101985,-7.422317201496298,6.814977157516198,25,,,,,,,,True,-6.0,-7.0,0.0,optimal,0,-6.0,-7.0,2.791563188377993,2.4800624420149897
1760060181.7240124,1,follower,auto,0.011882019229233265,0.9473684430122375,0.9407005906105042,0.1,1,1,0.08811798077076674,0.05263155698776245,0.05929940938949585,4.9046146929469385,10.438623361725238,6.791153700879172,25,,,,,,,,True,9.0,5.0,0.0,optimal,0,9.0,5.0,0.44931720663099517,0.48712469390463964
1760060181.82784,0,follower,auto,0.9570596814155579,0.9290494918823242,1.0849554538726807,0.9,1,1,-0.05705968141555784,0.07095050811767578,-0.08495545387268066,0,0,0,0,1.0,-0.11496093881322755,0.09081996362008171,-0.1044755857555173,0.9570596814155579,0.9290494918823242,1.0849554538726807,False,,,,,,,,,
1760060181.9282784,1,leader,auto,0.011882019229233265,0.9473684430122375,0.9407005906105042,0.1,1,1,0.08811798077076674,0.05263155698776245,0.05929940938949585,0,0,0,0,1.0,0.08878517401855193,-0.047562065607994475,-0.12853057845170301,0.011882019229233265,0.9473684430122375,0.9407005906105042,False,,,,,,,,,
1760060181.9295466,0,follower,auto,0.9651528596878052,0.9229337573051453,1.080496907234192,0.9,1,1,-0.06515285968780515,0.07706624269485474,-0.0804969072341919,-6.92333332046445,-8.452880072893914,6.799850385905182,25,,,,,,,,True,-7.0,-7.0,0.0,optimal,0,-7.0,-7.0,2.8071770407315686,2.578362974113331
1760060182.0301955,1,follower,auto,0.020137185230851173,0.9560834169387817,0.9283080101013184,0.1,1,1,0.07986281476914883,0.04391658306121826,0.07169198989868164,5.893300555950602,9.389108875012361,5.802763605633663,25,,,,,,,,True,8.0,6.0,0.0,optimal,0,8.0,6.0,0.43632589012431233,0.5582449048334559
1760060182.1344578,0,follower,auto,0.9651528596878052,0.9229337573051453,1.080496907234192,0.9,1,1,-0.06515285968780515,0.07706624269485474,-0.0804969072341919,0,0,0,0,1.0,-0.11071406905772596,0.08806902360826974,-0.10479600695471403,0.9651528596878052,0.9229337573051453,1.080496907234192,False,,,,,,,,,
1760060182.2348576,1,leader,auto,0.020137185230851173,0.9560834169387817,0.9283080101013184,0.1,1,1,0.07986281476914883,0.04391658306121826,0.07169198989868164,0,0,0,0,1.0,0.10237814290599431,-0.05427260907442277,-0.12595998127345265,0.020137185230851173,0.9560834169387817,0.9283080101013184,False,,,,,,,,,
1760060182.2358382,0,follower,auto,0.9740719199180603,0.9164449572563171,1.078351616859436,0.9,1,1,-0.07407191991806028,0.08355504274368286,-0.07835161685943604,-6.899730784727859,-8.457136129175042,7.7743398313286525,0,,,,,,,,True,-7.0,-7.0,0.0,optimal,0,-7.0,-7.0,2.8305446186578886,2.6512113786541947
1760060182.336872,1,follower,auto,0.034692514687776566,0.9597340226173401,0.9162779450416565,0.1,1,1,0.06530748531222344,0.04026597738265991,0.0837220549583435,7.902641371728838,7.339412333124418,5.815980858957555,0,,,,,,,,True,6.0,8.0,0.0,optimal,0,6.0,8.0,0.4323998607704542,0.6070556186939144
1760060182.4431558,0,follower,auto,0.9740719199180603,0.9164449572563171,1.078351616859436,0.9,1,1,-0.07407191991806028,0.08355504274368286,-0.07835161685943604,0,0,0,0,1.0,-0.11169822302914856,0.0893351500405889,-0.10299484065960351,0.9740719199180603,0.9164449572563171,1.078351616859436,False,,,,,,,,,
1760060182.5435483,1,leader,auto,0.034692514687776566,0.9597340226173401,0.9162779450416565,0.1,1,1,0.06530748531222344,0.04026597738265991,0.0837220549583435,0,0,0,0,1.0,0.1119247266619545,-0.06197392133389368,-0.12384263055315503,0.034692514687776566,0.9597340226173401,0.9162779450416565,False,,,,,,,,,
1760060182.5452778,0,follower,auto,0.9847522377967834,0.914188802242279,1.0749238729476929,0.9,1,1,-0.08475223779678343,0.08581119775772095,-0.07492387294769287,-7.911547339866676,-8.456450790303771,7.7681536991763895,-25,,,,,,,,True,-7.0,-8.0,0.0,optimal,0,-7.0,-8.0,2.856900987834781,2.6672281049124873
1760060182.6470592,1,follower,auto,0.05330333858728409,0.9597728848457336,0.9072719216346741,0.1,1,1,0.04669666141271592,0.04022711515426636,0.09272807836532593,8.921733145666677,5.298110856020015,5.81116433064812,-25,,,,,,,,True,4.0,9.0,0.0,optimal,0,4.0,9.0,0.43994759199596567,0.6715527063229993
1760060182.776584,0,follower,auto,0.9847522377967834,0.914188802242279,1.0749238729476929,0.9,1,1,-0.08475223779678343,0.08581119775772095,-0.07492387294769287,0,0,0,0,1.0,-0.11169220812810665,0.09510741685767143,-0.10587194358834329,0.9847522377967834,0.914188802242279,1.0749238729476929,False,,,,,,,,,
1760060182.876974,1,leader,auto,0.05330333858728409,0.9597728848457336,0.9072719216346741,0.1,1,1,0.04669666141271592,0.04022711515426636,0.09272807836532593,0,0,0,0,1.0,0.11660414983794377,-0.0697698708757537,-0.11920401192624386,0.05330333858728409,0.9597728848457336,0.9072719216346741,False,,,,,,,,,
1760060182.8774395,0,follower,auto,0.9949119091033936,0.9156517386436462,1.0700209140777588,0.9,1,1,-0.09491190910339353,0.08434826135635376,-0.07002091407775879,-6.935988234552776,-10.440620430972524,7.773657876830363,0,,,,,,,,True,-9.0,-7.0,0.0,optimal,0,-9.0,-7.0,2.878688754363634,2.638470364090009
1760060182.977859,1,follower,auto,0.07480085641145706,0.9584071636199951,0.9014715552330017,0.1,1,1,0.025199143588542944,0.04159283638000488,0.09852844476699829,8.938635672555137,3.2601582563381077,5.795091498257737,0,,,,,,,,True,2.0,9.0,0.0,optimal,0,2.0,9.0,0.45800716070784264,0.7206779422944143
1760060191.394866,0,follower,auto,0.9949119091033936,0.9156517386436462,1.0700209140777588,0.9,1,1,-0.09491190910339353,0.08434826135635376,-0.07002091407775879,0,0,0,0,1.0,-0.113967773002837,0.10103161060148313,-0.10876299563040992,0.9949119091033936,0.9156517386436462,1.0700209140777588,False,,,,,,,,,
1760060191.4957342,1,leader,auto,0.07480085641145706,0.9584071636199951,0.9014715552330017,0.1,1,1,0.025199143588542944,0.04159283638000488,0.09852844476699829,0,0,0,0,1.0,0.11779270562835263,-0.07590999522300734,-0.11465727853600738,0.07480085641145706,0.9584071636199951,0.9014715552330017,False,,,,,,,,,
1760060191.4973896,0,follower,auto,0.8648165464401245,0.9231690764427185,0.9035923480987549,0.9,1.0,0.95,0.03518345355987551,0.0768309235572815,0.04640765190124507,3.990476257481266,2.1438987624149477,8.165911283666212,0,,,,,,,,True,3.0,4.0,0.0,optimal,0,3.0,4.0,2.152166646267395,2.149407946114916
1760060191.5984912,1,follower,auto,-0.058093857020139694,0.937892735004425,1.2095701694488525,0.1,1.0,0.95,0.1580938570201397,0.06210726499557495,-0.2595701694488526,-20,16.90652090479316,5.75969932626546,0,,,,,,,,True,15.0,-25.0,0.0,optimal,0,15.0,-25.0,0.9467222626198346,1.1719863082378816
1760060191.7025537,0,follower,auto,0.8648165464401245,0.9231690764427185,0.9035923480987549,0.9,1.0,0.95,0.03518345355987551,0.0768309235572815,0.04640765190124507,0,0,0,0,0.7165313105737893,-0.2578253610235184,0.10796010359765207,-0.2715364808784855,0.8648165464401245,0.9231690764427185,0.9035923480987549,False,,,,,,,,,
1760060191.802973,1,leader,auto,-0.058093857020139694,0.937892735004425,1.2095701694488525,0.1,1.0,0.95,0.1580938570201397,0.06210726499557495,-0.2595701694488526,0,0,0,0,1.0,-0.040406929708780154,-0.09944273857201358,0.20032604729541847,-0.058093857020139694,0.937892735004425,1.2095701694488525,False,,,,,,,,,
1760060191.8041623,0,follower,auto,0.8593788146972656,0.9224953055381775,0.8946815729141235,0.9,1.0,0.8999999999999999,0.0406211853027344,0.07750469446182251,0.005318427085876376,0.02593912687244694,2.8075419810489106,7.744834842256999,0,,,,,,,,True,4.0,0.0,0.0,optimal,0,4.0,0.0,2.120241641699286,1.9796842773771188
1760060191.9048245,1,follower,auto,-0.05647172033786774,0.9442233443260193,1.2248990535736084,0.1,1.0,0.8999999999999999,0.15647172033786774,0.05577665567398071,-0.3248990535736085,-20,16.52360941836799,5.55589228317398,0,,,,,,,,True,15.0,-30.0,0.0,optimal,0,15.0,-30.0,0.9858006822379985,1.2845760935032975
1760060192.0863044,0,follower,auto,0.8593788146972656,0.9224953055381775,0.8946815729141235,0.9,1.0,0.8999999999999999,0.0406211853027344,0.07750469446182251,0.005318427085876376,0,0,0,0,0.85,-0.11555430967928226,0.08930091242069838,-0.10589241251506998,0.8593788146972656,0.9224953055381775,0.8946815729141235,False,,,,,,,,,
1760060192.1868632,1,leader,auto,-0.05647172033786774,0.9442233443260193,1.2248990535736084,0.1,1.0,0.8999999999999999,0.15647172033786774,0.05577665567398071,-0.3248990535736085,0,0,0,0,1.0,0.11344085709240853,-0.04663113632052851,-0.110222944959667,-0.05647172033786774,0.9442233443260193,1.2248990535736084,False,,,,,,,,,
1760060192.1886497,0,follower,auto,0.8621440529823303,0.9215379357337952,0.8887917995452881,0.9,1.0,0.8499999999999999,0.0378559470176697,0.07846206426620483,-0.03879179954528822,-2.9451930761148253,1.6773977725826288,7.601262319675772,0,,,,,,,,True,3.0,-3.0,0.0,optimal,0,3.0,-3.0,2.1178160946105473,2.075023207883019
1760060192.2897933,1,follower,auto,-0.048111654818058014,0.9567258358001709,1.2232402563095093,0.1,1.0,0.8499999999999999,0.14811165481805802,0.0432741641998291,-0.3732402563095094,-20,15.375221371261969,4.870659814611847,0,,,,,,,,True,14.0,-30.0,0.0,optimal,0,14.0,-30.0,0.9908974702038162,1.0289884400871743
1760060192.3925297,0,follower,auto,0.8621440529823303,0.9215379357337952,0.8887917995452881,0.9,1.0,0.8499999999999999,0.0378559470176697,0.07846206426620483,-0.03879179954528822,0,0,0,0,1.0,-0.09761053908955286,0.08363331964874265,-0.10426270079062705,0.8621440529823303,0.9215379357337952,0.8887917995452881,False,,,,,,,,,
1760060192.4930189,1,leader,auto,-0.048111654818058014,0.9567258358001709,1.2232402563095093,0.1,1.0,0.8499999999999999,0.14811165481805802,0.0432741641998291,-0.3732402563095094,0,0,0,0,1.0,0.12989594392276976,-0.017661385988739342,-0.12615314193411598,-0.048111654818058014,0.9567258358001709,1.2232402563095093,False,,,,,,,,,
1760060192.4942489,0,follower,auto,0.8755474090576172,0.918707013130188,0.8929868340492249,0.9,1.0,0.7999999999999998,0.024452590942382835,0.08129298686981201,-0.09298683404922503,-8.918698219651274,0.5932940277940806,8.471438249525931,0,,,,,,,,True,2.0,-9.0,0.0,optimal,0,2.0,-9.0,2.1646656421619053,2.269687168636276
1760060192.5949972,1,follower,auto,-0.03328344225883484,0.9645766019821167,1.1991071701049805,0.1,1.0,0.7999999999999998,0.13328344225883484,0.0354233980178833,-0.39910717010498065,-20,14.303919127094357,4.1038782079028415,0,,,,,,,,True,13.0,-30.0,0.0,optimal,0,13.0,-30.0,0.9490256622151698,0.6718241074222724
1760060192.7003214,0,follower,auto,0.8755474090576172,0.918707013130188,0.8929868340492249,0.9,1.0,0.7999999999999998,0.024452590942382835,0.08129298686981201,-0.09298683404922503,0,0,0,0,1.0,-0.07943839118137486,0.07968696074670811,-0.09552339319009295,0.8755474090576172,0.918707013130188,0.8929868340492249,False,,,,,,,,,
1760060192.8009248,1,leader,auto,-0.03328344225883484,0.9645766019821167,1.1991071701049805,0.1,1.0,0.7999999999999998,0.13328344225883484,0.0354233980178833,-0.39910717010498065,0,0,0,0,1.0,0.14394555569807901,-0.001253428121620881,-0.1459289021731105,-0.03328344225883484,0.9645766019821167,1.1991071701049805,False,,,,,,,,,
1760060192.8034728,0,follower,auto,0.8924617171287537,0.9130345582962036,0.8947411179542542,0.9,1.0,0.7499999999999998,0.00753828287124636,0.08696544170379639,-0.14474111795425437,-13.889467533884732,-1.4415053541105458,8.390221497588607,0,,,,,,,,True,0.0,-14.0,0.0,optimal,0,0.0,-14.0,2.218003645252937,2.195021692300036
1760060192.9045966,1,follower,auto,-0.012489850632846355,0.9683405160903931,1.1573492288589478,0.1,1.0,0.7499999999999998,0.11248985063284636,0.031659483909606934,-0.407349228858948,-20,12.252296121849152,4.3003888004722395,0,,,,,,,,True,11.0,-30.0,0.0,optimal,0,11.0,-30.0,0.8746254131498161,0.3651505815317677
1760060193.0296476,0,follower,auto,0.8924617171287537,0.9130345582962036,0.8947411179542542,0.9,1.0,0.7499999999999998,0.00753828287124636,0.08696544170379639,-0.14474111795425437,0,0,0,0,1.0,-0.07056784168684871,0.08098290909117967,-0.10070417844712076,0.8924617171287537,0.9130345582962036,0.8947411179542542,False,,,,,,,,,
1760060193.1322663,1,leader,auto,-0.012489850632846355,0.9683405160903931,1.1573492288589478,0.1,1.0,0.7499999999999998,0.11248985063284636,0.031659483909606934,-0.407349228858948,0,0,0,0,1.0,0.15557812055005393,0.014734925492006945,-0.15890190129213067,-0.012489850632846355,0.9683405160903931,1.1573492288589478,False,,,,,,,,,
1760060193.1377969,0,follower,auto,0.9130213856697083,0.9122828841209412,0.8865237236022949,0.9,1.0,0.6999999999999997,-0.01302138566970823,0.08771711587905884,-0.1865237236022952,-17.90939129485437,-2.4550757990391245,8.351943746558801,0,,,,,,,,True,-1.0,-18.0,0.0,optimal,0,-1.0,-18.0,2.2651580260035624,2.055865079063771
1760060193.2411895,1,follower,auto,0.017353525385260582,0.9650692939758301,1.0988823175430298,0.1,1.0,0.6999999999999997,0.08264647461473942,0.03493070602416992,-0.39888231754303005,-20,9.186620242212648,4.485313426664537,0,,,,,,,,True,8.0,-30.0,0.0,optimal,0,8.0,-30.0,0.7786677231143497,0.1331046460056695
1760060193.4579191,0,follower,auto,0.9130213856697083,0.9122828841209412,0.8865237236022949,0.9,1.0,0.6999999999999997,-0.01302138566970823,0.08771711587905884,-0.1865237236022952,0,0,0,0,1.0,-0.06412991606993024,0.09493418273831555,-0.11302382749487072,0.9130213856697083,0.9122828841209412,0.8865237236022949,False,,,,,,,,,
1760060193.5584464,1,leader,auto,0.017353525385260582,0.9650692939758301,1.0988823175430298,0.1,1.0,0.6999999999999997,0.08264647461473942,0.03493070602416992,-0.39888231754303005,0,0,0,0,1.0,0.16754551383101832,0.026815693739647206,-0.17037714608496035,0.017353525385260582,0.9650692939758301,1.0988823175430298,False,,,,,,,,,
1760060193.5596485,0,follower,auto,0.9329637289047241,0.9127678871154785,0.8613805174827576,0.9,1.0,0.6499999999999997,-0.0329637289047241,0.08723211288452148,-0.21138051748275788,-20,-4.428787739440387,8.34045644263982,0,,,,,,,,True,-3.0,-21.0,0.0,optimal,0,-3.0,-21.0,2.28195419003634,1.7511607639575346
1760060193.6612406,1,follower,auto,0.05859193205833435,0.9580720663070679,1.0112693309783936,0.1,1.0,0.6499999999999997,0.041408067941665655,0.04192793369293213,-0.36126933097839387,-20,9.091291922778467,5.73429671860071,0,,,,,,,,True,8.410897694107549,-27.127390749936616,5.263829629787899,optimal,0,4.0,-30.0,0.6464089927498173,-0.11434469105127909
1760060193.7671082,0,follower,auto,0.9329637289047241,0.9127678871154785,0.8613805174827576,0.9,1.0,0.6499999999999997,-0.0329637289047241,0.08723211288452148,-0.21138051748275788,0,0,0,0,1.0,-0.06335452221071225,0.10838420023867079,-0.13152015335931533,0.9329637289047241,0.9127678871154785,0.8613805174827576,False,,,,,,,,,
1760060193.8688629,1,leader,auto,0.05859193205833435,0.9580720663070679,1.0112693309783936,0.1,1.0,0.6499999999999997,0.041408067941665655,0.04192793369293213,-0.36126933097839387,0,0,0,0,1.0,0.1780744338983367,0.04148074656106915,-0.19378590599524537,0.05859193205833435,0.9580720663070679,1.0112693309783936,False,,,,,,,,,
1760060193.8753319,0,follower,auto,0.9451824426651001,0.9150183796882629,0.8282302618026733,0.9,1.0,0.5999999999999996,-0.045182442665100075,0.08498162031173706,-0.2282302618026737,-20,-5.368729354102786,8.34144899445939,0,,,,,,,,True,-4.0,-22.0,0.0,optimal,0,-4.0,-22.0,2.2635541476862104,1.508361490477466
1760060193.9767983,1,follower,auto,0.09035461395978928,0.9573467969894409,0.9399175643920898,0.1,1.0,0.5999999999999996,0.00964538604021073,0.04265320301055908,-0.3399175643920902,-20,11.08275874732452,5.7698854474316,0,,,,,,,,True,10.444417317279997,-22.32874035100173,12.9589381393634,optimal,0,0.0,-30.0,0.5500345208683279,-0.27203005403859404
1760060194.0976334,0,follower,auto,0.9451824426651001,0.9150183796882629,0.8282302618026733,0.9,1.0,0.5999999999999996,-0.045182442665100075,0.08498162031173706,-0.2282302618026737,0,0,0,0,1.0,-0.07170566809214973,0.12364663780259766,-0.13997645016094307,0.9451824426651001,0.9150183796882629,0.8282302618026733,False,,,,,,,,,
1760060194.1981668,1,leader,auto,0.09035461395978928,0.9573467969894409,0.9399175643920898,0.1,1.0,0.5999999999999996,0.00964538604021073,0.04265320301055908,-0.3399175643920902,0,0,0,0,1.0,0.1670055350155961,0.06526386011854024,-0.17163182837579893,0.09035461395978928,0.9573467969894409,0.9399175643920898,False,,,,,,,,,
1760060194.1996825,0,follower,auto,0.9569612145423889,0.9186908006668091,0.7826476693153381,0.9,1.0,0.5499999999999996,-0.056961214542388894,0.08130919933319092,-0.23264766931533853,-20,-6.329037239375524,8.365688738817477,0,,,,,,,,True,-5.0,-23.0,0.0,optimal,0,-5.0,-23.0,2.226665597874042,1.3400567598586308
1760060194.3008313,1,follower,auto,0.12121447175741196,0.9550744891166687,0.8640252947807312,0.1,1.0,0.5499999999999996,-0.02121447175741195,0.0449255108833313,-0.3140252947807316,-18.041348652450786,13.064163812707417,5.827906014564334,0,,,,,,,,True,12.040991131631994,-18.279780623181463,18.28969584764386,optimal,0,-2.0,-30.0,0.4566900242932521,-0.3705221399085924
1760060194.4774854,0,follower,auto,0.9569612145423889,0.9186908006668091,0.7826476693153381,0.9,1.0,0.5499999999999996,-0.056961214542388894,0.08130919933319092,-0.23264766931533853,0,0,0,0,1.0,-0.07321199924381072,0.13764976794020356,-0.1523516489529969,0.9569612145423889,0.9186908006668091,0.7826476693153381,False,,,,,,,,,
1760060194.5777557,1,leader,auto,0.12121447175741196,0.9550744891166687,0.8640252947807312,0.1,1.0,0.5499999999999996,-0.02121447175741195,0.0449255108833313,-0.3140252947807316,0,0,0,0,1.0,0.16716513755815263,0.0798009899562826,-0.17164430714573742,0.12121447175741196,0.9550744891166687,0.8640252947807312,False,,,,,,,,,
1760060194.5785134,0,follower,auto,0.9652837514877319,0.9227140545845032,0.7240332961082458,0.9,1.0,0.4999999999999996,-0.06528375148773191,0.07728594541549683,-0.22403329610824624,-20,-7.270781866899971,7.390584313152583,0,,,,,,,,True,-6.0,-22.0,0.0,optimal,0,-6.0,-22.0,2.1643374365448786,1.204756430089882
1760060194.678995,1,follower,auto,0.15648236870765686,0.9554216265678406,0.7715781331062317,0.1,1.0,0.4999999999999996,-0.056482368707656855,0.044578373432159424,-0.2715781331062321,-12.046551271202727,11.00824001653807,5.9519525593646465,0,,,,,,,,True,10.224120191088963,-12.07373652843088,21.32058106186183,optimal,0,-5.0,-27.0,0.3575983896532451,-0.41468496087874496
1760060194.7827444,0,follower,auto,0.9652837514877319,0.9227140545845032,0.7240332961082458,0.9,1.0,0.4999999999999996,-0.06528375148773191,0.07728594541549683,-0.22403329610824624,0,0,0,0,1.0,-0.07860455146050338,0.14974161480293924,-0.16460801947439163,0.9652837514877319,0.9227140545845032,0.7240332961082458,False,,,,,,,,,
1760060194.8832877,1,leader,auto,0.15648236870765686,0.9554216265678406,0.7715781331062317,0.1,1.0,0.4999999999999996,-0.056482368707656855,0.044578373432159424,-0.2715781331062321,0,0,0,0,1.0,0.1746074322699931,0.09567372453530054,-0.18372844679469846,0.15648236870765686,0.9554216265678406,0.7715781331062317,False,,,,,,,,,
1760060194.8853414,0,follower,auto,0.9686323404312134,0.9287653565406799,0.6711000204086304,0.9,1.0,0.4499999999999996,-0.06863234043121336,0.07123464345932007,-0.22110002040863075,-20,-7.202937727329685,7.362041253828511,0,,,,,,,,True,-6.0,-22.0,0.0,optimal,0,-6.0,-22.0,2.1009826568391703,1.0719830098132521
1760060194.9869068,1,follower,auto,0.1875658631324768,0.9561213850975037,0.7003942728042603,0.1,1.0,0.4499999999999996,-0.0875658631324768,0.04387861490249634,-0.25039427280426063,-10.043220002628138,4.979560422074248,5.912011779133323,0,,,,,,,,True,4.505179931680646,-10.938416105133678,18.817748716466383,optimal,0,-8.0,-25.0,0.30081212614861164,-0.35699363751070834
1760060195.120672,0,follower,auto,0.9686323404312134,0.9287653565406799,0.6711000204086304,0.9,1.0,0.4499999999999996,-0.06863234043121336,0.07123464345932007,-0.22110002040863075,0,0,0,0,1.0,-0.08613300824163472,0.16278516595324555,-0.15644102511160396,0.9686323404312134,0.9287653565406799,0.6711000204086304,False,,,,,,,,,
1760060195.2213295,1,leader,auto,0.1875658631324768,0.9561213850975037,0.7003942728042603,0.1,1.0,0.4499999999999996,-0.0875658631324768,0.04387861490249634,-0.25039427280426063,0,0,0,0,1.0,0.17095482382490662,0.10233247341287643,-0.1573933911738531,0.1875658631324768,0.9561213850975037,0.7003942728042603,False,,,,,,,,,
1760060195.2239292,0,follower,auto,0.9710736870765686,0.9344679117202759,0.6117939949035645,0.9,1.0,0.39999999999999963,-0.07107368707656858,0.06553208827972412,-0.21179399490356482,-20,-8.14632451091932,6.375360047514291,0,,,,,,,,True,-7.0,-21.0,0.0,optimal,0,-7.0,-21.0,2.032564422424427,1.0400387598132617
1760060195.324527,1,follower,auto,0.21996071934700012,0.9525694251060486,0.6323571801185608,0.1,1.0,0.39999999999999963,-0.11996071934700012,0.047430574893951416,-0.23235718011856116,-10.012889826052419,-0.06700073266880224,5.891696958775474,0,,,,,,,,True,-1.2406221842564111,-10.345274623629775,15.980848841716032,optimal,0,-11.0,-23.0,0.26221118451954784,-0.29786022644440546
1760060195.4282923,0,follower,auto,0.9710736870765686,0.9344679117202759,0.6117939949035645,0.9,1.0,0.39999999999999963,-0.07107368707656858,0.06553208827972412,-0.21179399490356482,0,0,0,0,1.0,-0.08907520777259248,0.17266930921947,-0.16078935466418665,0.9710736870765686,0.9344679117202759,0.6117939949035645,False,,,,,,,,,
1760060195.5297298,1,leader,auto,0.21996071934700012,0.9525694251060486,0.6323571801185608,0.1,1.0,0.39999999999999963,-0.11996071934700012,0.047430574893951416,-0.23235718011856116,0,0,0,0,1.0,0.16698845660718983,0.1019840264896138,-0.1507150318662832,0.21996071934700012,0.9525694251060486,0.6323571801185608,False,,,,,,,,,
1760060195.5354495,0,follower,auto,0.9739537239074707,0.9386246204376221,0.5538465976715088,0.9,1.0,0.34999999999999964,-0.07395372390747068,0.06137537956237793,-0.20384659767150914,-20,-8.115787138207931,6.383269895820335,0,,,,,,,,True,-7.0,-20.0,0.0,optimal,0,-7.0,-20.0,1.9740763787545008,1.0527778893526707
1760060195.6393702,1,follower,auto,0.24209074676036835,0.9486438035964966,0.5782040953636169,0.1,1.0,0.34999999999999964,-0.14209074676036834,0.05135619640350342,-0.2282040953636173,-5.994262431190321,-2.0532527046944393,6.817669230411992,0,,,,,,,,True,-3.596574784820696,-6.848554033837026,18.379270145285552,optimal,0,-14.0,-22.0,0.2334368016746935,-0.3379355192406842
1760060195.8037581,0,follower,auto,0.9739537239074707,0.9386246204376221,0.5538465976715088,0.9,1.0,0.34999999999999964,-0.07395372390747068,0.06137537956237793,-0.20384659767150914,0,0,0,0,1.0,-0.09143832963160947,0.18076330420405196,-0.15615872515883944,0.9739537239074707,0.9386246204376221,0.5538465976715088,False,,,,,,,,,
1760060195.9044724,1,leader,auto,0.24209074676036835,0.9486438035964966,0.5782040953636169,0.1,1.0,0.34999999999999964,-0.14209074676036834,0.05135619640350342,-0.2282040953636173,0,0,0,0,1.0,0.14663731967693455,0.10550421320819248,-0.13367981898232606,0.24209074676036835,0.9486438035964966,0.5782040953636169,False,,,,,,,,,
1760060195.906994,0,follower,auto,0.9743775725364685,0.941620945930481,0.4831663966178894,0.9,1.0,0.29999999999999966,-0.07437757253646848,0.05837905406951904,-0.18316639661788975,-18.020046337353794,-8.082452403653914,5.464796394022857,0,,,,,,,,True,-7.0,-18.0,0.0,optimal,0,-7.0,-18.0,1.9021145077265391,1.043197070190711
1760060196.0081818,1,follower,auto,0.2575279474258423,0.9421532154083252,0.5257793664932251,0.1,1.0,0.29999999999999966,-0.15752794742584228,0.057846784591674805,-0.22577936649322544,-2.9673080307620494,-2.034875956253579,6.762526049527688,0,,,,,,,,True,-3.7192053527486006,-3.6014144037077394,21.58157269101464,optimal,0,-15.0,-22.0,0.2017981228463952,-0.3907531872917851
1760060196.1419969,0,follower,auto,0.9743775725364685,0.941620945930481,0.4831663966178894,0.9,1.0,0.29999999999999966,-0.07437757253646848,0.05837905406951904,-0.18316639661788975,0,0,0,0,1.0,-0.0965240051938252,0.1887571227273216,-0.1659052753666932,0.9743775725364685,0.941620945930481,0.4831663966178894,False,,,,,,,,,
1760060196.2424753,1,leader,auto,0.2575279474258423,0.9421532154083252,0.5257793664932251,0.1,1.0,0.29999999999999966,-0.15752794742584228,0.057846784591674805,-0.22577936649322544,0,0,0,0,1.0,0.12909300104372978,0.10260325616827193,-0.13074834318924655,0.2575279474258423,0.9421532154083252,0.5257793664932251,False,,,,,,,,,
1760060196.2437146,0,follower,auto,0.9696815013885498,0.9441435933113098,0.4201992452144623,0.9,1.0,0.24999999999999967,-0.06968150138854978,0.055856406688690186,-0.1701992452144626,-17.027958072396398,-7.039537637576238,5.493504607651399,0,,,,,,,,True,-6.0,-17.0,0.0,optimal,0,-6.0,-17.0,1.8304674214802161,0.9734047037416695
1760060196.3449259,1,follower,auto,0.26494300365448,0.9367372393608093,0.492718905210495,0.1,1.0,0.24999999999999967,-0.16494300365447997,0.06326276063919067,-0.24271890521049533,-2.9560962576382677,-3.007080607735029,7.628008098695625,0,,,,,,,,True,-4.072404831876582,-3.0617127088234497,24.097290328634184,optimal,0,-16.0,-24.0,0.1808983191226624,-0.43177278121276375
1760060196.5230072,0,follower,auto,0.9696815013885498,0.9441435933113098,0.4201992452144623,0.9,1.0,0.24999999999999967,-0.06968150138854978,0.055856406688690186,-0.1701992452144626,0,0,0,0,1.0,-0.10393493706276602,0.19497806358900605,-0.15370270558852217,0.9696815013885498,0.9441435933113098,0.4201992452144623,False,,,,,,,,,
1760060196.6234505,1,leader,auto,0.26494300365448,0.9367372393608093,0.492718905210495,0.1,1.0,0.24999999999999967,-0.16494300365447997,0.06326276063919067,-0.24271890521049533,0,0,0,0,1.0,0.11129040058801615,0.10048898096959313,-0.11030170105975767,0.26494300365448,0.9367372393608093,0.492718905210495,False,,,,,,,,,
1760060196.624916,0,follower,auto,0.9589889049530029,0.944118082523346,0.3488909900188446,0.9,1.0,0.19999999999999968,-0.05898890495300291,0.05588191747665405,-0.14889099001884493,-14.01486336504587,-5.9776744750573565,5.589590890399744,0,,,,,,,,True,-5.0,-14.0,0.0,optimal,0,-5.0,-14.0,1.7421713286828928,0.9534429241777604
1760060196.7258437,1,follower,auto,0.2737526297569275,0.9375074505805969,0.4653434455394745,0.1,1.0,0.19999999999999968,-0.17375262975692748,0.062492549419403076,-0.2653434455394748,-4.98348067577819,-4.028402523137006,7.511334523944243,0,,,,,,,,True,-5.845408279161505,-5.055568648552686,23.729604318110486,optimal,0,-17.0,-26.0,0.16998818031369622,-0.422837426106929
1760060196.854634,0,follower,auto,0.9589889049530029,0.944118082523346,0.3488909900188446,0.9,1.0,0.19999999999999968,-0.05898890495300291,0.05588191747665405,-0.14889099001884493,0,0,0,0,1.0,-0.11073490376420447,0.1977591796772693,-0.15831515165305277,0.9589889049530029,0.944118082523346,0.3488909900188446,False,,,,,,,,,
1760060196.9556277,1,leader,auto,0.2737526297569275,0.9375074505805969,0.4653434455394745,0.1,1.0,0.19999999999999968,-0.17375262975692748,0.062492549419403076,-0.2653434455394748,0,0,0,0,1.0,0.10300046581881,0.10360192563635928,-0.10562660548315828,0.2737526297569275,0.9375074505805969,0.4653434455394745,False,,,,,,,,,
1760060196.958181,0,follower,auto,0.949654221534729,0.9414523839950562,0.29099568724632263,0.9,1.0,0.1499999999999997,-0.04965422153472898,0.05854761600494385,-0.14099568724632294,-13.98342916761389,-4.949832356197665,5.602815205810109,0,,,,,,,,True,-4.0,-14.0,0.0,optimal,0,-4.0,-14.0,1.6761066963163667,0.9506434117260278
1760060197.059149,1,follower,auto,0.28025954961776733,0.9460251331329346,0.4477832019329071,0.1,1.0,0.1499999999999997,-0.18025954961776733,0.05397486686706543,-0.2977832019329074,-6.04065237753433,-5.040114136319421,6.394375713285263,0,,,,,,,,True,-6.305332322855467,-6.010430811213983,25.793129774512213,optimal,0,-18.0,-29.0,0.16536667062656119,-0.458522344044726
1760060197.1812468,0,follower,auto,0.949654221534729,0.9414523839950562,0.29099568724632263,0.9,1.0,0.1499999999999997,-0.04965422153472898,0.05854761600494385,-0.14099568724632294,0,0,0,0,1.0,-0.10871057099613668,0.19726830452135313,-0.1409928810211737,0.949654221534729,0.9414523839950562,0.29099568724632263,False,,,,,,,,,
1760060197.281743,1,leader,auto,0.28025954961776733,0.9460251331329346,0.4477832019329071,0.1,1.0,0.1499999999999997,-0.18025954961776733,0.05397486686706543,-0.2977832019329074,0,0,0,0,1.0,0.09048932910493673,0.110116762106506,-0.09698512761365985,0.28025954961776733,0.9460251331329346,0.4477832019329071,False,,,,,,,,,
1760060197.2822518,0,follower,auto,0.9452686309814453,0.9385972023010254,0.24130791425704956,0.9,1.0,0.09999999999999969,-0.04526863098144529,0.06140279769897461,-0.14130791425704986,-13.956645963771791,-4.964862011737535,6.61109338252474,0,,,,,,,,True,-4.0,-14.0,0.0,optimal,0,-4.0,-14.0,1.6360846513783578,1.0452080579486625
1760060197.3826945,1,follower,auto,0.27889570593833923,0.957563042640686,0.4360509514808655,0.1,1.0,0.09999999999999969,-0.17889570593833923,0.042436957359313965,-0.3360509514808658,-3.0870459565903006,-2.0079743122402016,5.296027991657393,0,,,,,,,,True,-3.6419815951111723,-3.075841307005444,30.05573118443308,optimal,0,-17.0,-30.0,0.15259809420421966,-0.5307894737392681
1760060197.4904087,0,follower,auto,0.9452686309814453,0.9385972023010254,0.24130791425704956,0.9,1.0,0.09999999999999969,-0.04526863098144529,0.06140279769897461,-0.14130791425704986,0,0,0,0,1.0,-0.10218867622757588,0.19922615225194484,-0.12992859358246445,0.9452686309814453,0.9385972023010254,0.24130791425704956,False,,,,,,,,,
1760060197.5907428,1,leader,auto,0.27889570593833923,0.957563042640686,0.4360509514808655,0.1,1.0,0.09999999999999969,-0.17889570593833923,0.042436957359313965,-0.3360509514808658,0,0,0,0,1.0,0.07214909168205313,0.1125706357130637,-0.09173240251559978,0.27889570593833923,0.957563042640686,0.4360509514808655,False,,,,,,,,,
1760060197.5914452,0,follower,auto,0.9466449618339539,0.9365267753601074,0.20056742429733276,0.9,1.0,0.049999999999999684,-0.046644961833953835,0.06347322463989258,-0.15056742429733308,-14.945425933058159,-5.015243356784257,6.604562306549338,0,,,,,,,,True,-4.0,-15.0,0.0,optimal,0,-4.0,-15.0,1.622337929655619,1.1468930204490584
1760060197.6920106,1,follower,auto,0.26673030853271484,0.964131236076355,0.4257398247718811,0.1,1.0,0.049999999999999684,-0.16673030853271484,0.03586876392364502,-0.3757398247718814,2.9134277376715763,1.0687065391140227,4.231990895713847,0,,,,,,,,True,0.6397497418810119,3.8755610551945594,37.741686611446546,optimal,0,-16.0,-30.0,0.12247582612600705,-0.6560132332399915
1760060197.8320067,0,follower,auto,0.9466449618339539,0.9365267753601074,0.20056742429733276,0.9,1.0,0.049999999999999684,-0.046644961833953835,0.06347322463989258,-0.15056742429733308,0,0,0,0,1.0,-0.09526029625986654,0.20201398383371272,-0.11979668832048507,0.9466449618339539,0.9365267753601074,0.20056742429733276,False,,,,,,,,,
1760060197.9325879,1,leader,auto,0.26673030853271484,0.964131236076355,0.4257398247718811,0.1,1.0,0.049999999999999684,-0.16673030853271484,0.03586876392364502,-0.3757398247718814,0,0,0,0,1.0,0.05501061814269348,0.10393372745478768,-0.0901033626132639,0.26673030853271484,0.964131236076355,0.4257398247718811,False,,,,,,,,,
1760060197.93502,0,follower,auto,0.9533540606498718,0.934782862663269,0.16058708727359772,0.9,1.0,-3.191891195797325e-16,-0.053354060649871804,0.06521713733673096,-0.16058708727359805,-15.953699906305998,-6.0784804747581695,6.626062223060783,0,,,,,,,,True,-5.0,-16.0,0.0,optimal,0,-5.0,-16.0,1.6286970503364642,1.241428495926507
1760060198.0368154,1,follower,auto,0.2522268295288086,0.9581331610679626,0.4126562178134918,0.1,1.0,-3.191891195797325e-16,-0.1522268295288086,0.041866838932037354,-0.41265621781349215,5.976616796051991,3.1272558262466505,5.197772302343095,0,,,,,,,,True,2.518668282735277,6.1799446698516505,40.198160837456754,optimal,0,-15.0,-30.0,0.08657572306886085,-0.6851287247975658
1760060198.203543,0,follower,auto,0.9533540606498718,0.934782862663269,0.16058708727359772,0.9,1.0,-3.191891195797325e-16,-0.053354060649871804,0.06521713733673096,-0.16058708727359805,0,0,0,0,1.0,-0.08922715387764946,0.20516508498082775,-0.11845329639182356,0.9533540606498718,0.934782862663269,0.16058708727359772,False,,,,,,,,,
1760060198.3042235,1,leader,auto,0.2522268295288086,0.9581331610679626,0.4126562178134918,0.1,1.0,-3.191891195797325e-16,-0.1522268295288086,0.041866838932037354,-0.41265621781349215,0,0,0,0,1.0,0.05044060599496403,0.08221800762576759,-0.09170163200158687,0.2522268295288086,0.9581331610679626,0.4126562178134918,False,,,,,,,,,
1760060198.3056583,0,follower,auto,0.9609081745147705,0.9319241046905518,0.11920841038227081,0.9,1.0,-0.05000000000000032,-0.060908174514770486,0.06807589530944824,-0.16920841038227113,-15.955135044347205,-7.123579316618449,6.660315442455964,0,,,,,,,,True,-6.0,-16.0,0.0,optimal,0,-6.0,-16.0,1.640644974372901,1.2779435449600847
1760060198.406608,1,follower,auto,0.23836474120616913,0.9515746235847473,0.3939667046070099,0.1,1.0,-0.05000000000000032,-0.13836474120616912,0.048425376415252686,-0.4439667046070102,7.0015627521859205,5.1647054147875044,5.189121313575996,0,,,,,,,,True,4.701244861036194,7.668410536755772,41.620226116588235,optimal,0,-13.0,-30.0,0.048065203636593834,-0.6939642304195054
1760060198.5462866,0,follower,auto,0.9609081745147705,0.9319241046905518,0.11920841038227081,0.9,1.0,-0.05000000000000032,-0.060908174514770486,0.06807589530944824,-0.16920841038227113,0,0,0,0,1.0,-0.08910699007076794,0.2076940345124051,-0.11937050069896676,0.9609081745147705,0.9319241046905518,0.11920841038227081,False,,,,,,,,,
1760060198.646809,1,leader,auto,0.23836474120616913,0.9515746235847473,0.3939667046070099,0.1,1.0,-0.05000000000000032,-0.13836474120616912,0.048425376415252686,-0.4439667046070102,0,0,0,0,1.0,0.05118281614277964,0.07074784789734656,-0.0970032126319274,0.23836474120616913,0.9515746235847473,0.3939667046070099,False,,,,,,,,,
1760060198.6485713,0,follower,auto,0.9647318720817566,0.9287732243537903,0.08144526183605194,0.9,1.0,-0.10000000000000032,-0.06473187208175657,0.07122677564620972,-0.18144526183605225,-17.95235253181784,-7.1368636297531145,7.688523039481985,0,,,,,,,,True,-6.0,-18.0,0.0,optimal,0,-6.0,-18.0,1.6450191621840218,1.1877007061453013
1760060198.7498302,1,follower,auto,0.22548197209835052,0.9486379027366638,0.3850882053375244,0.1,1.0,-0.10000000000000032,-0.12548197209835052,0.05136209726333618,-0.4850882053375247,5.991848769145805,6.187249559675328,6.112202908153562,0,,,,,,,,True,5.247872253191375,6.972847791029061,40.798046166955245,optimal,0,-12.0,-30.0,0.01971341214945721,-0.668922686649057
1760060198.853981,0,follower,auto,0.9647318720817566,0.9287732243537903,0.08144526183605194,0.9,1.0,-0.10000000000000032,-0.06473187208175657,0.07122677564620972,-0.18144526183605225,0,0,0,0,1.0,-0.09461456628105291,0.2108954051219638,-0.11525305775437672,0.9647318720817566,0.9287732243537903,0.08144526183605194,False,,,,,,,,,
1760060198.954682,1,leader,auto,0.22548197209835052,0.9486379027366638,0.3850882053375244,0.1,1.0,-0.10000000000000032,-0.12548197209835052,0.05136209726333618,-0.4850882053375247,0,0,0,0,1.0,0.05425587180382124,0.06312323090645167,-0.08656112725059129,0.22548197209835052,0.9486379027366638,0.3850882053375244,False,,,,,,,,,
1760060198.95703,0,follower,auto,0.9648566246032715,0.9252769947052002,0.04575828090310097,0.9,1.0,-0.15000000000000033,-0.06485662460327146,0.0747230052947998,-0.1957582809031013,-18.948706527968433,-7.130645125578261,7.731762931201442,0,,,,,,,,True,-6.0,-19.0,0.0,optimal,0,-6.0,-19.0,1.6408700758359518,1.1089159821335244
1760060199.058074,1,follower,auto,0.2170402705669403,0.946113109588623,0.38706496357917786,0.1,1.0,-0.15000000000000033,-0.1170402705669403,0.05388689041137695,-0.5370649635791782,1.9858436949126714,5.1806920903964855,6.000037788392671,0,,,,,,,,True,4.4799026794932395,2.6759202296434452,36.15720052521494,optimal,0,-11.0,-30.0,0.007374089758649172,-0.5884068721013803
1760060199.2225008,0,follower,auto,0.9648566246032715,0.9252769947052002,0.04575828090310097,0.9,1.0,-0.15000000000000033,-0.06485662460327146,0.0747230052947998,-0.1957582809031013,0,0,0,0,1.0,-0.09977350097941406,0.2158486840346352,-0.1139502297153282,0.9648566246032715,0.9252769947052002,0.04575828090310097,False,,,,,,,,,
1760060199.3230853,1,leader,auto,0.2170402705669403,0.946113109588623,0.38706496357917786,0.1,1.0,-0.15000000000000033,-0.1170402705669403,0.05388689041137695,-0.5370649635791782,0,0,0,0,1.0,0.061628836631675676,0.05375591598296148,-0.07662440501257045,0.2170402705669403,0.946113109588623,0.38706496357917786,False,,,,,,,,,
1760060199.3244631,0,follower,auto,0.9618391394615173,0.9210950136184692,-0.0014862208627164364,0.9,1.0,-0.20000000000000034,-0.06183913946151731,0.07890498638153076,-0.1985137791372839,-18.940263062840756,-7.116268117568021,7.856802810072105,0,,,,,,,,True,-6.0,-19.0,0.0,optimal,0,-6.0,-19.0,1.6293437064063463,1.0779897638497475
1760060199.4252653,1,follower,auto,0.21099555492401123,0.9452022314071655,0.3934704661369324,0.1,1.0,-0.20000000000000034,-0.11099555492401122,0.05479776859283447,-0.5934704661369328,-0.02720577814958114,4.1693434503091575,5.884261202479994,0,,,,,,,,True,3.4765774301977057,-0.16182672699558154,33.16455756319304,optimal,0,-11.0,-30.0,0.002532797828519673,-0.5381051680977534
1760060199.5699294,0,follower,auto,0.9618391394615173,0.9210950136184692,-0.0014862208627164364,0.9,1.0,-0.20000000000000034,-0.06183913946151731,0.07890498638153076,-0.1985137791372839,0,0,0,0,1.0,-0.10405997370949649,0.2211607180823847,-0.12640249969647638,0.9618391394615173,0.9210950136184692,-0.0014862208627164225,False,,,,,,,,,
1760060199.6703875,1,leader,auto,0.21099555492401123,0.9452022314071655,0.3934704661369324,0.1,1.0,-0.20000000000000034,-0.11099555492401122,0.05479776859283447,-0.5934704661369328,0,0,0,0,1.0,0.06550878441265273,0.050158632295654315,-0.07359823418410782,0.21099555492401123,0.9452022314071655,0.3934704661369324,False,,,,,,,,,
1760060199.6712024,0,follower,auto,0.9563950300216675,0.9191173911094666,-0.04674327000975609,0.9,1.0,-0.25000000000000033,-0.05639503002166746,0.08088260889053345,-0.20325672999024424,-19.95110301677169,-6.095451593202688,8.943030349773862,0,,,,,,,,True,-5.0,-20.0,0.0,optimal,0,-5.0,-20.0,1.6145504227673526,1.0196778505398343
1760060199.7718155,1,follower,auto,0.20885100960731506,0.9414628148078918,0.4023503363132477,0.1,1.0,-0.25000000000000033,-0.10885100960731506,0.058537185192108154,-0.652350336313248,-3.0151260712706494,4.1432465430025225,5.78207300566881,0,,,,,,,,True,3.1597121598454923,-3.544830199058996,29.547487766756184,optimal,0,-10.0,-30.0,0.006125748874156289,-0.4804758974902221
1760060199.9351425,0,follower,auto,0.9563950300216675,0.9191173911094666,-0.04674327000975609,0.9,1.0,-0.25000000000000033,-0.05639503002166746,0.08088260889053345,-0.20325672999024424,0,0,0,0,1.0,-0.10735926770259052,0.2290356966380106,-0.12468769990598218,0.9563950300216675,0.9191173911094666,-0.04674327000975609,False,,,,,,,,,
1760060200.0357752,1,leader,auto,0.20885100960731506,0.9414628148078918,0.4023503363132477,0.1,1.0,-0.25000000000000033,-0.10885100960731506,0.058537185192108154,-0.652350336313248,0,0,0,0,1.0,0.06964777112443565,0.04434778171824849,-0.07259223371698054,0.20885100960731506,0.9414628148078918,0.4023503363132477,False,,,,,,,,,
1760060200.0383446,0,follower,auto,0.9512997269630432,0.9186323285102844,-0.09777980297803879,0.9,1.0,-0.3000000000000003,-0.05129972696304319,0.08136767148971558,-0.20222019702196153,-19.964246667932812,-6.084996001363497,9.056241271790176,0,,,,,,,,True,-5.0,-20.0,0.0,optimal,0,-5.0,-20.0,1.606091732746037,1.0637534580627845
1760060200.1395733,1,follower,auto,0.20852932333946228,0.938033938407898,0.40960076451301575,0.1,1.0,-0.3000000000000003,-0.10852932333946227,0.06196606159210205,-0.709600764513016,-4.009183514683349,3.122085841474651,6.695191374870387,0,,,,,,,,True,2.9793963619348975,-4.379387278862293,28.720733384207517,optimal,0,-10.0,-30.0,0.011492452989415591,-0.4685649721151377
1760060200.3328478,0,follower,auto,0.9512997269630432,0.9186323285102844,-0.09777980297803879,0.9,1.0,-0.3000000000000003,-0.05129972696304319,0.08136767148971558,-0.20222019702196153,0,0,0,0,1.0,-0.10666435685241216,0.23673721776632217,-0.13192895208264016,0.9512997269630432,0.9186323285102844,-0.0977798029780388,False,,,,,,,,,
1760060200.4334648,1,leader,auto,0.20852932333946228,0.938033938407898,0.40960076451301575,0.1,1.0,-0.3000000000000003,-0.10852932333946227,0.06196606159210205,-0.709600764513016,0,0,0,0,1.0,0.07143501044881542,0.04501258108570405,-0.07564821467617777,0.20852932333946228,0.938033938407898,0.40960076451301575,False,,,,,,,,,
1760060200.4354734,0,follower,auto,0.9506781101226807,0.921026349067688,-0.15542735159397125,0.9,1.0,-0.3500000000000003,-0.05067811012268064,0.07897365093231201,-0.19457264840602906,-18.97832857594232,-6.106416753363819,8.174499352021906,0,,,,,,,,True,-5.0,-19.0,0.0,optimal,0,-5.0,-19.0,1.618760262837165,1.2251114504922747
1760060200.5372152,1,follower,auto,0.2054944932460785,0.9408470392227173,0.40712499618530273,0.1,1.0,-0.3500000000000003,-0.10549449324607849,0.059152960777282715,-0.757124996185303,-0.03557038860586388,5.132900782518899,5.653448373139574,0,,,,,,,,True,4.94558361178361,-0.4302476869752887,33.132170489577724,optimal,0,-10.0,-30.0,0.004572141168639465,-0.5382538798630756
1760060200.7001781,0,follower,auto,0.9506781101226807,0.921026349067688,-0.15542735159397125,0.9,1.0,-0.3500000000000003,-0.05067811012268064,0.07897365093231201,-0.19457264840602906,0,0,0,0,0.85,-0.10187580522436912,0.2453763145248613,-0.13968047187712168,0.9506781101226807,0.921026349067688,-0.15542735159397125,False,,,,,,,,,
1760060200.8006992,1,leader,auto,0.2054944932460785,0.9408470392227173,0.40712499618530273,0.1,1.0,-0.3500000000000003,-0.10549449324607849,0.059152960777282715,-0.757124996185303,0,0,0,0,1.0,0.06755785183783014,0.052562986950058344,-0.08753070969795856,0.2054944932460785,0.9408470392227173,0.40712499618530273,False,,,,,,,,,
1760060200.8023632,0,follower,auto,0.9514718055725098,0.9248133301734924,-0.2143106311559677,0.9,1.0,-0.4000000000000003,-0.05147180557250974,0.07518666982650757,-0.1856893688440326,-17.99204613871974,-6.119333468804422,8.274137431902854,0,,,,,,,,True,-5.0,-18.0,0.0,optimal,0,-5.0,-18.0,1.6429938101128934,1.3620430729913555
1760060200.9044712,1,follower,auto,0.20520010590553284,0.9423313736915588,0.4041069746017456,0.1,1.0,-0.4000000000000003,-0.10520010590553283,0.05766862630844116,-0.804106974601746,-1.03426307605823,5.125181583491956,5.584232350456915,0,,,,,,,,True,4.427927536424663,-1.2517488920461979,32.16561883070631,optimal,0,-10.0,-30.0,0.0016496574720570312,-0.5216133776983387
1760060201.0419908,0,follower,auto,0.9514718055725098,0.9248133301734924,-0.2143106311559677,0.9,1.0,-0.4000000000000003,-0.05147180557250974,0.07518666982650757,-0.1856893688440326,0,0,0,0,1.0,-0.10045436137407915,0.2510250247777128,-0.14070987386258027,0.9514718055725098,0.9248133301734924,-0.2143106311559677,False,,,,,,,,,
1760060201.1424804,1,leader,auto,0.20520010590553284,0.9423313736915588,0.4041069746017456,0.1,1.0,-0.4000000000000003,-0.10520010590553283,0.05766862630844116,-0.804106974601746,0,0,0,0,1.0,0.07137772426291739,0.04811601177568292,-0.08847456874506476,0.20520010590553284,0.9423313736915588,0.4041069746017456,False,,,,,,,,,
1760060201.1440887,0,follower,auto,0.9525033831596375,0.9277435541152954,-0.2699480354785919,0.9,1.0,-0.4500000000000003,-0.05250338315963743,0.07225644588470459,-0.18005196452140837,-18.002164298616655,-6.1215010159998124,8.347074090547313,0,,,,,,,,True,-5.0,-18.0,0.0,optimal,0,-5.0,-18.0,1.6731386965808714,1.4419885317575027
1760060201.2456372,1,follower,auto,0.2077096402645111,0.9381699562072754,0.4030144214630127,0.1,1.0,-0.4500000000000003,-0.1077096402645111,0.06183004379272461,-0.853014421463013,-3.0005574529383185,4.108382780232428,6.498702665498317,0,,,,,,,,True,3.33170354419749,-3.2809921920247547,29.860336529131917,optimal,0,-10.0,-30.0,0.004815486883392728,-0.4851732415641388
1760060201.3478851,0,follower,auto,0.9525033831596375,0.9277435541152954,-0.2699480354785919,0.9,1.0,-0.4500000000000003,-0.05250338315963743,0.07225644588470459,-0.18005196452140837,0,0,0,0,0.8464817248906141,-0.10030855102314029,0.25309881226576847,-0.13729554362335605,0.9525033831596375,0.9277435541152954,-0.2699480354785919,False,,,,,,,,,
1760060201.4484186,1,leader,auto,0.2077096402645111,0.9381699562072754,0.4030144214630127,0.1,1.0,-0.4500000000000003,-0.1077096402645111,0.06183004379272461,-0.853014421463013,0,0,0,0,1.0,0.07502416409015822,0.04061756219207524,-0.08682485852599353,0.2077096402645111,0.9381699562072754,0.4030144214630127,False,,,,,,,,,
1760060201.450135,0,follower,auto,0.9533583521842957,0.9301553964614868,-0.3187483251094818,0.9,1.0,-0.5000000000000003,-0.05335835218429563,0.06984460353851318,-0.18125167489051852,-18.012913511491657,-6.120743893795877,7.391229589017317,0,,,,,,,,True,-5.0,-18.0,0.0,optimal,0,-5.0,-18.0,1.7045226650608103,1.5014494627828774
1760060201.551209,1,follower,auto,0.20945174992084503,0.9318603277206421,0.40457117557525635,0.1,1.0,-0.5000000000000003,-0.10945174992084503,0.06813967227935791,-0.9045711755752567,-2.9715323121849777,4.105900692605495,6.410926286974687,0,,,,,,,,True,3.0159505369913884,-3.9581448824916947,29.11345370001127,optimal,0,-10.0,-30.0,0.008889971556263032,-0.4742190649085797
1760060201.659841,0,follower,auto,0.9533583521842957,0.9301553964614868,-0.3187483251094818,0.9,1.0,-0.5000000000000003,-0.05335835218429563,0.06984460353851318,-0.18125167489051852,0,0,0,0,0.7165313105737893,-0.10058814754022105,0.2553966662328273,-0.1305677704047677,0.9533583521842957,0.9301553964614868,-0.3187483251094818,False,,,,,,,,,
1760060201.760531,1,leader,auto,0.20945174992084503,0.9318603277206421,0.40457117557525635,0.1,1.0,-0.5000000000000003,-0.10945174992084503,0.06813967227935791,-0.9045711755752567,0,0,0,0,1.0,0.07386367232233679,0.03903285491113917,-0.08546476242895568,0.20945174992084503,0.9318603277206421,0.40457117557525635,False,,,,,,,,,
1760060201.762106,0,follower,auto,0.9524118304252625,0.9329901337623596,-0.3641604483127594,0.9,1.0,-0.5500000000000004,-0.05241183042526243,0.06700986623764038,-0.18583955168724098,-18.02622574159409,-6.111164915774366,7.437559096286322,0,,,,,,,,True,-5.0,-18.0,0.0,optimal,0,-5.0,-18.0,1.7325953233596638,1.4977815435334039
1760060201.8629866,1,follower,auto,0.20996175706386566,0.9265377521514893,0.4058082699775696,0.1,1.0,-0.5500000000000004,-0.10996175706386566,0.07346224784851074,-0.95580826997757,-2.958659084782126,4.108545316804504,7.338622787475329,0,,,,,,,,True,3.403477237860704,-3.247701494739747,29.922210436069058,optimal,0,-10.0,-30.0,0.01071839988817247,-0.4879364510231568
1760060202.0288696,0,follower,auto,0.9524118304252625,0.9329901337623596,-0.3641604483127594,0.9,1.0,-0.5500000000000004,-0.05241183042526243,0.06700986623764038,-0.18583955168724098,0,0,0,0,0.6065306597126334,-0.10247509336529514,0.2585086747250308,-0.12673676734188666,0.9524118304252625,0.9329901337623596,-0.3641604483127594,False,,,,,,,,,
1760060202.129239,1,leader,auto,0.20996175706386566,0.9265377521514893,0.4058082699775696,0.1,1.0,-0.5500000000000004,-0.10996175706386566,0.07346224784851074,-0.95580826997757,0,0,0,0,1.0,0.07230565016228879,0.040649468846136294,-0.08706746268012344,0.20996175706386566,0.9265377521514893,0.4058082699775696,False,,,,,,,,,
1760060202.1299229,0,follower,auto,0.9497454166412354,0.9358019828796387,-0.4163627028465271,0.9,1.0,-0.6000000000000004,-0.04974541664123533,0.06419801712036133,-0.18363729715347332,-18.036100574102715,-5.097302878115803,7.542980052015074,0,,,,,,,,True,-4.0,-18.0,0.0,optimal,0,-4.0,-18.0,1.7650687567221817,1.5247142778320444
1760060202.2306428,1,follower,auto,0.2102421671152115,0.9229175448417664,0.40960314869880676,0.1,1.0,-0.6000000000000004,-0.11024216711521148,0.07708245515823364,-1.0096031486988073,-2.955969769401885,3.1065382141021063,7.24318549152605,0,,,,,,,,True,2.3827997888471835,-3.5272818643346397,29.663178111570478,optimal,0,-11.0,-30.0,0.014267108795531058,-0.4847570899846054
1760060202.3361778,0,follower,auto,0.9497454166412354,0.9358019828796387,-0.4163627028465271,0.9,1.0,-0.6000000000000004,-0.04974541664123533,0.06419801712036133,-0.18363729715347332,0,0,0,0,0.513417119032592,-0.10415764470414568,0.26100149179952936,-0.13336025172814991,0.9497454166412354,0.9358019828796387,-0.4163627028465271,False,,,,,,,,,
1760060202.4366233,1,leader,auto,0.2102421671152115,0.9229175448417664,0.40960314869880676,0.1,1.0,-0.6000000000000004,-0.11024216711521148,0.07708245515823364,-1.0096031486988073,0,0,0,0,1.0,0.07184625937768113,0.042871528059580166,-0.08662425338786744,0.2102421671152115,0.9229175448417664,0.40960314869880676,False,,,,,,,,,
1760060202.4376626,0,follower,auto,0.9475082755088806,0.936030924320221,-0.45846909284591675,0.9,1.0,-0.6500000000000005,-0.04750827550888059,0.06396907567977905,-0.19153090715408372,-19.034728681375597,-5.097341584180066,7.57602091788676,0,,,,,,,,True,-4.0,-19.0,0.0,optimal,0,-4.0,-19.0,1.7949757718634274,1.5422364308012537
1760060202.5383203,1,follower,auto,0.2072928249835968,0.9168742895126343,0.4135073721408844,0.1,1.0,-0.6500000000000005,-0.1072928249835968,0.08312571048736572,-1.0635073721408848,-1.9384723033438733,5.121895414684628,8.170277844716287,0,,,,,,,,True,4.1602325821604005,-2.3548963480576646,31.06064942507662,optimal,0,-10.0,-30.0,0.012710052084855983,-0.5071149789856875
1760060202.6429567,0,follower,auto,0.9475082755088806,0.936030924320221,-0.45846909284591675,0.9,1.0,-0.6500000000000005,-0.04750827550888059,0.06396907567977905,-0.19153090715408372,0,0,0,0,0.4345982085070782,-0.10257621624834035,0.2607945951889634,-0.12280575214209793,0.9475082755088806,0.936030924320221,-0.45846909284591675,False,,,,,,,,,
1760060202.7435086,1,leader,auto,0.2072928249835968,0.9168742895126343,0.4135073721408844,0.1,1.0,-0.6500000000000005,-0.1072928249835968,0.08312571048736572,-1.0635073721408848,0,0,0,0,1.0,0.06741226984616189,0.04083215812599805,-0.08856063895528099,0.2072928249835968,0.9168742895126343,0.4135073721408844,False,,,,,,,,,
1760060202.7443223,0,follower,auto,0.9467178583145142,0.9352009296417236,-0.5044533014297485,0.9,1.0,-0.7000000000000005,-0.04671785831451414,0.06479907035827637,-0.19554669857025198,-19.041950519481304,-5.11405434817501,7.649190502343853,0,,,,,,,,True,-4.0,-19.0,0.0,optimal,0,-4.0,-19.0,1.8368092665524105,1.6757176641983373
1760060202.8449743,1,follower,auto,0.19920547306537628,0.9061086773872375,0.4126400053501129,0.1,1.0,-0.7000000000000005,-0.09920547306537628,0.09389132261276245,-1.1126400053501135,2.0986917726418195,8.158707127599243,9.121475743010395,0,,,,,,,,True,7.6332948050362965,2.2155391405053493,36.256136834812935,optimal,0,-9.0,-30.0,-0.000998837807006936,-0.5869871650113102
1760060202.9500048,0,follower,auto,0.9467178583145142,0.9352009296417236,-0.5044533014297485,0.9,1.0,-0.7000000000000005,-0.04671785831451414,0.06479907035827637,-0.19554669857025198,0,0,0,0,0.36787944117144233,-0.10007226091963184,0.26312271203992177,-0.12689124651590095,0.9467178583145142,0.9352009296417236,-0.5044533014297485,False,,,,,,,,,
1760060203.050599,1,leader,auto,0.19920547306537628,0.9061086773872375,0.4126400053501129,0.1,1.0,-0.7000000000000005,-0.09920547306537628,0.09389132261276245,-1.1126400053501135,0,0,0,0,1.0,0.06335141928347093,0.035598344145517435,-0.09618886869552956,0.19920547306537628,0.9061086773872375,0.4126400053501129,False,,,,,,,,,
1760060203.052511,0,follower,auto,0.9472506046295166,0.9355365633964539,-0.5517783761024475,0.9,1.0,-0.7500000000000006,-0.04725060462951658,0.06446343660354614,-0.19822162389755305,-19.05657085347146,-5.132402491153562,7.739055652015889,0,,,,,,,,True,-4.0,-19.0,0.0,optimal,0,-4.0,-19.0,1.888443809860659,1.7964631873734485
1760060203.1543436,1,follower,auto,0.19236445426940918,0.8984248638153076,0.42037174105644226,0.1,1.0,-0.7500000000000006,-0.09236445426940917,0.10157513618469238,-1.1703717410564427,-0.8955444153481479,7.172293069400884,10.008436245249138,0,,,,,,,,True,6.305443862489289,-1.1505591622913691,32.658028851666195,optimal,0,-9.0,-30.0,-0.005446170931516892,-0.5272784555303676
1760060203.3504865,0,follower,auto,0.9472506046295166,0.9355365633964539,-0.5517783761024475,0.9,1.0,-0.7500000000000006,-0.04725060462951658,0.06446343660354614,-0.19822162389755305,0,0,0,0,0.3114032239145977,-0.09785881610326008,0.2675429282702353,-0.1282678283161579,0.9472506046295166,0.9355365633964539,-0.5517783761024475,False,,,,,,,,,
1760060203.451193,1,leader,auto,0.19236445426940918,0.8984248638153076,0.42037174105644226,0.1,1.0,-0.7500000000000006,-0.09236445426940917,0.10157513618469238,-1.1703717410564427,0,0,0,0,1.0,0.06895537437631535,0.034445550277611314,-0.09093990981970734,0.19236445426940918,0.8984248638153076,0.42037174105644226,False,,,,,,,,,
1760060203.4534438,0,follower,auto,0.9479867815971375,0.93874192237854,-0.612544059753418,0.9,1.0,-0.8000000000000006,-0.04798678159713743,0.06125807762145996,-0.18745594024658263,-18.082087539338975,-5.132973750406887,7.901369683025326,0,,,,,,,,True,-4.0,-18.0,0.0,optimal,0,-4.0,-18.0,1.9614733011386627,1.9324714622910446
1760060203.6544878,1,follower,auto,0.19474689662456512,0.893172562122345,0.4287257194519043,0.1,1.0,-0.8000000000000006,-0.09474689662456512,0.10682743787765503,-1.228725719451905,-5.8949498819212245,4.131842722725421,9.893007048227318,0,,,,,,,,True,3.7794217395056435,-6.31024847048397,26.916871057505116,optimal,0,-9.0,-30.0,0.0054283722139301105,-0.43751201920809785
1760060203.8626258,0,follower,auto,0.9479867815971375,0.93874192237854,-0.612544059753418,0.9,1.0,-0.8000000000000006,-0.04798678159713743,0.06125807762145996,-0.18745594024658263,0,0,0,0,0.26359713811572677,-0.09691625897559963,0.2734166486548486,-0.1417514232474758,0.9479867815971375,0.93874192237854,-0.612544059753418,False,,,,,,,,,
1760060203.964728,1,leader,auto,0.19474689662456512,0.893172562122345,0.4287257194519043,0.1,1.0,-0.8000000000000006,-0.09474689662456512,0.10682743787765503,-1.228725719451905,0,0,0,0,1.0,0.08121380613426037,0.03570587355527011,-0.09486970878664136,0.19474689662456512,0.893172562122345,0.4287257194519043,False,,,,,,,,,
1760060203.966519,0,follower,auto,0.9459850788116455,0.9419702291488647,-0.69096440076828,0.9,1.0,-0.8500000000000006,-0.045985078811645486,0.058029770851135254,-0.15903559923172061,-15.108431211919758,-5.088130215547796,7.1050955420965085,0,,,,,,,,True,-4.0,-15.0,0.0,optimal,0,-4.0,-15.0,2.057501667037318,2.134885919290923
1760060204.0695143,1,follower,auto,0.2155829519033432,0.8814687132835388,0.4249626696109772,0.1,1.0,-0.8500000000000006,-0.1155829519033432,0.11853128671646118,-1.2749626696109777,-9.849082737770681,1.0086866267715542,10.828387718873598,0,,,,,,,,True,-0.799676837585654,-10.42366948893281,22.074403930711853,optimal,0,-11.0,-30.0,0.03576882199825948,-0.36541580377762706
1760060204.2198067,0,follower,auto,0.9459850788116455,0.9419702291488647,-0.69096440076828,0.9,1.0,-0.8500000000000006,-0.045985078811645486,0.058029770851135254,-0.15903559923172061,0,0,0,0,0.22313016014842982,-0.09897213694058316,0.275116685063135,-0.15880236489954425,0.9459850788116455,0.9419702291488647,-0.69096440076828,False,,,,,,,,,
1760060204.3213332,1,leader,auto,0.2155829519033432,0.8814687132835388,0.4249626696109772,0.1,1.0,-0.8500000000000006,-0.1155829519033432,0.11853128671646118,-1.2749626696109777,0,0,0,0,1.0,0.09892643341255229,0.03300692387803161,-0.11118756154405929,0.2155829519033432,0.8814687132835388,0.4249626696109772,False,,,,,,,,,
1760060204.3243017,0,follower,auto,0.9444109797477722,0.9427686333656311,-0.7456914782524109,0.9,1.0,-0.9000000000000007,-0.044410979747772195,0.057231366634368896,-0.1543085217475898,-15.095543742719642,-5.066314554882739,7.098760521895711,0,,,,,,,,True,-4.0,-15.0,0.0,optimal,0,-4.0,-15.0,2.1312610551037396,2.244291876691007
1760060204.4256225,1,follower,auto,0.227632537484169,0.8848441243171692,0.4140053987503052,0.1,1.0,-0.9000000000000007,-0.127632537484169,0.11515587568283081,-1.314005398750306,-6.909240466239155,0.9984844348786666,10.807158719443494,0,,,,,,,,True,-0.5830694951015456,-7.176570178621233,25.51970319116354,optimal,0,-12.0,-30.0,0.04637608729688347,-0.42508951206020223
1760060204.5918639,0,follower,auto,0.9444109797477722,0.9427686333656311,-0.7456914782524109,0.9,1.0,-0.9000000000000007,-0.044410979747772195,0.057231366634368896,-0.1543085217475898,0,0,0,0,0.18887560283756183,-0.09769433521807747,0.2712882126177084,-0.13268605501693687,0.9444109797477722,0.9427686333656311,-0.7456914782524109,False,,,,,,,,,
1760060204.6923447,1,leader,auto,0.227632537484169,0.8848441243171692,0.4140053987503052,0.1,1.0,-0.9000000000000007,-0.127632537484169,0.11515587568283081,-1.314005398750306,0,0,0,0,1.0,0.08521306433661843,0.055954851055556865,-0.12253891659003424,0.227632537484169,0.8848441243171692,0.4140053987503052,False,,,,,,,,,
1760060204.6968684,0,follower,auto,0.9460337162017822,0.9412678480148315,-0.7981640696525574,0.9,1.0,-0.9500000000000007,-0.046033716201782204,0.05873215198516846,-0.15183593034744336,-15.070727420015142,-5.0699451473869965,7.124846823956675,0,,,,,,,,True,-4.0,-15.0,0.0,optimal,0,-4.0,-15.0,2.2172861337170255,2.373190813586725
1760060204.7979078,1,follower,auto,0.235509991645813,0.8916454315185547,0.3996341824531555,0.1,1.0,-0.9500000000000007,-0.13550999164581298,0.10835456848144531,-1.3496341824531561,-2.9529700344449585,1.0096953108000277,9.77767294077373,0,,,,,,,,True,-0.4722144479145651,-3.808321556201278,29.03359141653666,optimal,0,-13.0,-30.0,0.04778442592498844,-0.4840189267468358
1760060204.9362564,0,follower,auto,0.9460337162017822,0.9412678480148315,-0.7981640696525574,0.9,1.0,-0.9500000000000007,-0.046033716201782204,0.05873215198516846,-0.15183593034744336,0,0,0,0,0.1598797460796939,-0.09370215414199223,0.2678072740357996,-0.12956916615383196,0.9460337162017822,0.9412678480148315,-0.7981640696525574,False,,,,,,,,,
1760060205.0376768,1,leader,auto,0.235509991645813,0.8916454315185547,0.3996341824531555,0.1,1.0,-0.9500000000000007,-0.13550999164581298,0.10835456848144531,-1.3496341824531561,0,0,0,0,1.0,0.07692663349211817,0.06293269662621781,-0.12940768575055328,0.235509991645813,0.8916454315185547,0.3996341824531555,False,,,,,,,,,
1760060205.0404642,0,follower,auto,0.9528666734695435,0.9427152276039124,-0.8424484729766846,0.9,1.0,-1.0000000000000007,-0.052866673469543435,0.057284772396087646,-0.1575515270233161,-15.075025091219844,-6.106654903516713,7.129092010243567,0,,,,,,,,True,-5.0,-15.0,0.0,optimal,0,-5.0,-15.0,2.3111143351931136,2.560066349901749
1760060205.1420803,1,follower,auto,0.2350609302520752,0.8960099220275879,0.38731998205184937,0.1,1.0,-1.0000000000000007,-0.1350609302520752,0.10399007797241211,-1.38731998205185,0.043506000469735163,2.0617675898697234,9.729378054822375,0,,,,,,,,True,1.2588000635556913,0.7419379250028335,33.88775776939489,optimal,0,-13.0,-30.0,0.03734352573010602,-0.561493970389831
1760060205.2776132,0,follower,auto,0.9528666734695435,0.9427152276039124,-0.8424484729766846,0.9,1.0,-1.0000000000000007,-0.052866673469543435,0.057284772396087646,-0.1575515270233161,0,0,0,0,0.1353352832366127,-0.08793974922710834,0.2697577299535472,-0.12073167493253945,0.9528666734695435,0.9427152276039124,-0.8424484729766846,False,,,,,,,,,
1760060205.3784373,1,leader,auto,0.2350609302520752,0.8960099220275879,0.38731998205184937,0.1,1.0,-1.0000000000000007,-0.1350609302520752,0.10399007797241211,-1.38731998205185,0,0,0,0,1.0,0.06499421523800936,0.05967288817073735,-0.12936388165045032,0.2350609302520752,0.8960099220275879,0.38731998205184937,False,,,,,,,,,
1760060205.379676,0,follower,auto,0.9612471461296082,0.9438242316246033,-0.8836297988891602,0.9,1.0,-1.0500000000000007,-0.06124714612960813,0.05617576837539673,-0.16637020111084055,-16.073175644769936,-7.1427608612851925,7.1561524934720495,0,,,,,,,,True,-6.0,-16.0,0.0,optimal,0,-6.0,-16.0,2.408294272782744,2.6673616035773455
1760060205.480567,1,follower,auto,0.22886115312576294,0.8991391062736511,0.38160961866378784,0.1,1.0,-1.0500000000000007,-0.12886115312576293,0.10086089372634888,-1.4316096186637886,2.0459195268245374,4.1201357459493355,9.64833362110999,0,,,,,,,,True,3.0869614294017396,2.769080326969423,36.075324401141984,optimal,0,-12.0,-30.0,0.022636712217690924,-0.592530251481934
1760060205.5847979,0,follower,auto,0.9612471461296082,0.9438242316246033,-0.8836297988891602,0.9,1.0,-1.0500000000000007,-0.06124714612960813,0.05617576837539673,-0.16637020111084055,0,0,0,0,0.11455884399268773,-0.0872225037846952,0.26830891567916426,-0.11751378903517906,0.9612471461296082,0.9438242316246033,-0.8836297988891602,False,,,,,,,,,
1760060205.685434,1,leader,auto,0.22886115312576294,0.8991391062736511,0.38160961866378784,0.1,1.0,-1.0500000000000007,-0.12886115312576293,0.10086089372634888,-1.4316096186637886,0,0,0,0,1.0,0.05740561418102402,0.05481370261705343,-0.12472758979300114,0.22886115312576294,0.8991391062736511,0.38160961866378784,False,,,,,,,,,
1760060205.68781,0,follower,auto,0.9690694808959961,0.9446702599525452,-0.9200693368911743,0.9,1.0,-1.1000000000000008,-0.06906948089599607,0.055329740047454834,-0.17993066310882644,-17.073250530926785,-7.16496282320251,7.188339226459011,0,,,,,,,,True,-6.0,-17.0,0.0,optimal,0,-6.0,-17.0,2.4985066205665962,2.7419957791949603
1760060205.7890716,1,follower,auto,0.22316651046276093,0.8994350433349609,0.38513410091400146,0.1,1.0,-1.1000000000000008,-0.12316651046276092,0.10056495666503906,-1.4851341009140022,0.060277440908307806,3.1492389817675317,9.541249842073162,0,,,,,,,,True,2.3522389907903882,0.6757632194573482,33.86722919202243,optimal,0,-12.0,-30.0,0.015931379634274823,-0.5540183572493439
1760060205.9583404,0,follower,auto,0.9690694808959961,0.9446702599525452,-0.9200693368911743,0.9,1.0,-1.1000000000000008,-0.06906948089599607,0.055329740047454834,-0.17993066310882644,0,0,0,0,0.09697196786440505,-0.08969005231257543,0.26802058069043533,-0.11287732627607894,0.9690694808959961,0.9446702599525452,-0.9200693368911743,False,,,,,,,,,
1760060206.0587785,1,leader,auto,0.22316651046276093,0.8994350433349609,0.38513410091400146,0.1,1.0,-1.1000000000000008,-0.12316651046276092,0.10056495666503906,-1.4851341009140022,0,0,0,0,1.0,0.05858654753942216,0.04664571374845228,-0.11765742238825583,0.22316651046276093,0.8994350433349609,0.38513410091400146,False,,,,,,,,,
1760060206.059268,0,follower,auto,0.9758129119873047,0.9466958045959473,-0.9654555916786194,0.9,1.0,-1.1500000000000008,-0.07581291198730467,0.053304195404052734,-0.18454440832138141,-18.09306139611256,-8.179949884864778,7.295013813082738,0,,,,,,,,True,-7.0,-18.0,0.0,optimal,0,-7.0,-18.0,2.605290833089422,2.8324294807661907
1760060206.1597152,1,follower,auto,0.21728293597698212,0.8914059400558472,0.39136528968811035,0.1,1.0,-1.1500000000000008,-0.11728293597698211,0.10859405994415283,-1.5413652896881112,0.1143844153770074,4.171621334691059,9.438314184732926,0,,,,,,,,True,3.091894529267675,-0.5720838362131673,32.627959500509235,optimal,0,-11.0,-30.0,0.011118187411814251,-0.532188217921056
1760060206.2640889,0,follower,auto,0.9758129119873047,0.9466958045959473,-0.9654555916786194,0.9,1.0,-1.1500000000000008,-0.07581291198730467,0.053304195404052734,-0.18454440832138141,0,0,0,0,0.0820849986238988,-0.09255251567210276,0.2701921126953961,-0.12223974271140414,0.9758129119873047,0.9466958045959473,-0.9654555916786194,False,,,,,,,,,
1760060206.3646593,1,leader,auto,0.21728293597698212,0.8914059400558472,0.39136528968811035,0.1,1.0,-1.1500000000000008,-0.11728293597698211,0.10859405994415283,-1.5413652896881112,0,0,0,0,1.0,0.05803166184604758,0.03546165314221317,-0.11743252036313845,0.21728293597698212,0.8914059400558472,0.39136528968811035,False,,,,,,,,,
1760060206.3667922,0,follower,auto,0.9756757020950317,0.9503751397132874,-1.0075403451919556,0.9,1.0,-1.2000000000000008,-0.07567570209503172,0.049624860286712646,-0.19245965480804528,-19.110180624911344,-8.155563377664414,6.358483945698847,0,,,,,,,,True,-7.0,-19.0,0.0,optimal,0,-7.0,-19.0,2.6878914653621964,2.863035764827704
1760060206.4680717,1,follower,auto,0.2133469134569168,0.8892488479614258,0.394988477230072,0.1,1.0,-1.2000000000000008,-0.1133469134569168,0.11075115203857422,-1.5949884772300729,0.11018410999441935,4.170172388744119,10.373053030725625,0,,,,,,,,True,3.286259239090775,-0.5822181486280869,32.703258126697605,optimal,0,-11.0,-30.0,0.007549098774424334,-0.5322558573310456
1760060206.6265829,0,follower,auto,0.9756757020950317,0.9503751397132874,-1.0075403451919556,0.9,1.0,-1.2000000000000008,-0.07567570209503172,0.049624860286712646,-0.19245965480804528,0,0,0,0,0.07087312024725757,-0.10205995560022285,0.2737274378037229,-0.11889887068769367,0.9756757020950317,0.9503751397132874,-1.0075403451919556,False,,,,,,,,,
1760060206.7271142,1,leader,auto,0.2133469134569168,0.8892488479614258,0.394988477230072,0.1,1.0,-1.2000000000000008,-0.1133469134569168,0.11075115203857422,-1.5949884772300729,0,0,0,0,1.0,0.0606689354356893,0.03909158072299579,-0.12243288455823031,0.2133469134569168,0.8892488479614258,0.394988477230072,False,,,,,,,,,
1760060206.728598,0,follower,auto,0.9636747241020203,0.9544943571090698,-1.0617220401763916,0.9,1.0,-1.2500000000000009,-0.06367472410202024,0.045505642890930176,-0.1882779598236093,-18.120358436879265,-7.081101644285299,6.4894273088488905,0,,,,,,,,True,-6.0,-18.0,0.0,optimal,0,-6.0,-18.0,2.7623323333918486,2.84577414714405
1760060206.8297324,1,follower,auto,0.21175159513950348,0.8894874453544617,0.39524927735328674,0.1,1.0,-1.2500000000000009,-0.11175159513950347,0.11051255464553833,-1.6452492773532876,0.1020566602911496,4.142588792112996,10.306501542495582,0,,,,,,,,True,3.130892097838986,-0.9783803325918612,32.279041491352544,optimal,0,-11.0,-30.0,0.005162643459823646,-0.5245842770744161
1760060206.981404,0,follower,auto,0.9636747241020203,0.9544943571090698,-1.0617220401763916,0.9,1.0,-1.2500000000000009,-0.06367472410202024,0.045505642890930176,-0.1882779598236093,0,0,0,0,0.05881647164242988,-0.11595568974261239,0.27685385443885324,-0.13022036386323077,0.9636747241020203,0.9544943571090698,-1.0617220401763916,False,,,,,,,,,
1760060207.082453,1,leader,auto,0.21175159513950348,0.8894874453544617,0.39524927735328674,0.1,1.0,-1.2500000000000009,-0.11175159513950347,0.11051255464553833,-1.6452492773532876,0,0,0,0,1.0,0.063539675900944,0.03903159125707889,-0.128822351934209,0.21175159513950348,0.8894874453544617,0.39524927735328674,False,,,,,,,,,
1760060207.0844276,0,follower,auto,0.9403447508811951,0.9580141305923462,-1.119950294494629,0.9,1.0,-1.300000000000001,-0.040344750881195046,0.04198586940765381,-0.18004970550537203,-18.114452808969244,-4.978186476453477,6.60750950146061,0,,,,,,,,True,-4.0,-18.0,0.0,optimal,0,-4.0,-18.0,2.816950613705857,2.7899221648217876
1760060207.1857226,1,follower,auto,0.21353989839553833,0.8961372375488281,0.3945561945438385,0.1,1.0,-1.300000000000001,-0.11353989839553832,0.10386276245117188,-1.6945561945438394,-1.9337498998532907,3.0871076346539046,9.22873876987901,0,,,,,,,,True,2.3144693170147246,-2.54674450650106,30.51157698948149,optimal,0,-11.0,-30.0,0.0075217569343380974,-0.4965772505561983
1760060207.3571234,0,follower,auto,0.9403447508811951,0.9580141305923462,-1.119950294494629,0.9,1.0,-1.300000000000001,-0.040344750881195046,0.04198586940765381,-0.18004970550537203,0,0,0,0,0.049787068367863944,-0.1274084452301547,0.2777635376968952,-0.13294312867408709,0.9403447508811951,0.9580141305923462,-1.119950294494629,False,,,,,,,,,
1760060207.457855,1,leader,auto,0.21353989839553833,0.8961372375488281,0.3945561945438385,0.1,1.0,-1.300000000000001,-0.11353989839553832,0.10386276245117188,-1.6945561945438394,0,0,0,0,1.0,0.06725350571244856,0.04299883392269355,-0.13235339529331502,0.21353989839553833,0.8961372375488281,0.3945561945438385,False,,,,,,,,,
1760060207.460137,0,follower,auto,0.91546630859375,0.9595320224761963,-1.1840254068374634,0.9,1.0,-1.350000000000001,-0.015466308593749978,0.04046797752380371,-0.1659745931625376,-16.09391094144375,-1.906660431094269,6.7339436300645525,0,,,,,,,,True,-1.0,-16.0,0.0,optimal,0,-1.0,-16.0,2.8885542965193878,2.9463378742176842
1760060207.560875,1,follower,auto,0.21896222233772278,0.9055023193359375,0.39204341173171997,0.1,1.0,-1.350000000000001,-0.11896222233772277,0.0944976806640625,-1.742043411731721,-3.9662583606210418,2.021052475604492,8.146600010988136,0,,,,,,,,True,1.3682355568414248,-4.163275354417195,28.64453859291824,optimal,0,-11.0,-30.0,0.014397158298588453,-0.4681473605726398
1760060207.6778855,0,follower,auto,0.91546630859375,0.9595320224761963,-1.1840254068374634,0.9,1.0,-1.350000000000001,-0.015466308593749978,0.04046797752380371,-0.1659745931625376,0,0,0,0,0.042143843509276406,-0.12629059405941878,0.2772102966446246,-0.13742090847969957,0.91546630859375,0.9595320224761963,-1.1840254068374634,False,,,,,,,,,
1760060207.7782812,1,leader,auto,0.21896222233772278,0.9055023193359375,0.39204341173171997,0.1,1.0,-1.350000000000001,-0.11896222233772277,0.0944976806640625,-1.742043411731721,0,0,0,0,1.0,0.06993942369050515,0.045067943379928144,-0.1354606303482654,0.21896222233772278,0.9055023193359375,0.39204341173171997,False,,,,,,,,,
1760060207.7791793,0,follower,auto,0.9017747044563293,0.9630342125892639,-1.239614486694336,0.9,1.0,-1.400000000000001,-0.0017747044563293235,0.036965787410736084,-0.16038551330566508,-16.093501451302142,-0.9180451001129448,5.78788388931901,0,,,,,,,,True,0.0,-16.0,0.0,optimal,0,0.0,-16.0,2.9819713385673574,3.219779556130851
1760060207.8799458,1,follower,auto,0.2237890064716339,0.9130793213844299,0.3893572688102722,0.1,1.0,-1.400000000000001,-0.1237890064716339,0.08692067861557007,-1.7893572688102732,-3.971081946395846,0.9895949574807517,7.071035138665742,0,,,,,,,,True,0.28111914669833915,-4.016021400776086,28.74009449080373,optimal,0,-12.0,-30.0,0.020227409958916143,-0.47136706061988365
1760060207.9838047,0,follower,auto,0.9017747044563293,0.9630342125892639,-1.239614486694336,0.9,1.0,-1.400000000000001,-0.0017747044563293235,0.036965787410736084,-0.16038551330566508,0,0,0,0,0.035673993347252395,-0.10943298069692364,0.27865588801660834,-0.1274235651150204,0.9017747044563293,0.9630342125892639,-1.239614486694336,False,,,,,,,,,
1760060208.084284,1,leader,auto,0.2237890064716339,0.9130793213844299,0.3893572688102722,0.1,1.0,-1.400000000000001,-0.1237890064716339,0.08692067861557007,-1.7893572688102732,0,0,0,0,1.0,0.06716857093640602,0.04454204539913664,-0.13565295264768684,0.2237890064716339,0.9130793213844299,0.3893572688102722,False,,,,,,,,,
1760060208.0849414,0,follower,auto,0.8935355544090271,0.9684903025627136,-1.2944831848144531,0.9,1.0,-1.450000000000001,0.006464445590972923,0.03150969743728638,-0.15551681518554794,-15.09794247230547,-0.9391187299907773,5.85330926824853,0,,,,,,,,True,0.0,-15.0,0.0,optimal,0,0.0,-15.0,3.0963351680512496,3.5270997942694504
1760060208.185459,1,follower,auto,0.22460009157657623,0.9221861958503723,0.38520538806915283,0.1,1.0,-1.450000000000001,-0.12460009157657623,0.07781380414962769,-1.835205388069154,-0.9825969976493751,1.9917815599590312,6.002252871364089,0,,,,,,,,True,1.484012964744288,-1.1350913825956397,31.8590890504499,optimal,0,-12.0,-30.0,0.018348502025604452,-0.5219301732493491
1760060208.2949512,0,follower,auto,0.8935355544090271,0.9684903025627136,-1.2944831848144531,0.9,1.0,-1.450000000000001,0.006464445590972923,0.03150969743728638,-0.15551681518554794,0,0,0,0,0.0301973834223185,-0.09833259286510265,0.279983936047296,-0.12484565336068276,0.8935355544090271,0.9684903025627136,-1.2944831848144531,False,,,,,,,,,
1760060208.3952274,1,leader,auto,0.22460009157657623,0.9221861958503723,0.38520538806915283,0.1,1.0,-1.450000000000001,-0.12460009157657623,0.07781380414962769,-1.835205388069154,0,0,0,0,1.0,0.0601123526087336,0.04737047703903419,-0.13605054844716302,0.22460009157657623,0.9221861958503723,0.38520538806915283,False,,,,,,,,,
1760060208.3958693,0,follower,auto,0.8854902982711792,0.9720728993415833,-1.3492499589920044,0.9,1.0,-1.500000000000001,0.014509701728820823,0.027927100658416748,-0.15075004100799672,-15.082990944625905,0.05957301424084405,4.923264144209758,0,,,,,,,,True,1.0,-15.0,0.0,optimal,0,1.0,-15.0,3.217156878097722,3.6518674376882516
1760060208.4964852,1,follower,auto,0.22315536439418793,0.9324741363525391,0.37949055433273315,0.1,1.0,-1.500000000000001,-0.12315536439418792,0.06752586364746094,-1.8794905543327343,1.0005728470590998,2.996083764694624,4.937427250912705,0,,,,,,,,True,2.3022579444847455,1.0231182714223443,34.16121264816628,optimal,0,-12.0,-30.0,0.01159783475869336,-0.5573595243765402
1760060208.67121,0,follower,auto,0.8854902982711792,0.9720728993415833,-1.3492499589920044,0.9,1.0,-1.500000000000001,0.014509701728820823,0.027927100658416748,-0.15075004100799672,0,0,0,0,0.025561533206507402,-0.09317786211373291,0.27640934916218374,-0.12310629948472429,0.8854902982711792,0.9720728993415833,-1.3492499589920044,False,,,,,,,,,
1760060208.771728,1,leader,auto,0.22315536439418793,0.9324741363525391,0.37949055433273315,0.1,1.0,-1.500000000000001,-0.12315536439418792,0.06752586364746094,-1.8794905543327343,0,0,0,0,1.0,0.05624158072483798,0.04669191145056595,-0.1354527214069976,0.22315536439418793,0.9324741363525391,0.37949055433273315,False,,,,,,,,,
1760060208.773008,0,follower,auto,0.8754683136940002,0.9674612879753113,-1.4103549718856812,0.9,1.0,-1.5500000000000012,0.024531686305999778,0.03253871202468872,-0.13964502811432,-13.024403747988334,1.0743817022923776,6.027290850385349,0,,,,,,,,True,2.0,-13.0,0.0,optimal,0,2.0,-13.0,3.3561078914376776,3.7713764131767404
1760060208.8737187,1,follower,auto,0.21971280872821808,0.9429981708526611,0.3707142174243927,0.1,1.0,-1.5500000000000012,-0.11971280872821807,0.05700182914733887,-1.9207142174243939,1.9748461415561225,3.998866400409488,3.874418237319863,0,,,,,,,,True,3.7554742951223457,2.626888071911061,35.80834884396415,optimal,0,-11.0,-30.0,-0.0006418802063159479,-0.5798653590155297
1760060209.006888,0,follower,auto,0.8754683136940002,0.9674612879753113,-1.4103549718856812,0.9,1.0,-1.5500000000000012,0.024531686305999778,0.03253871202468872,-0.13964502811432,0,0,0,0,0.02163737071949309,-0.08950434581199918,0.26671357101193693,-0.12698142437597615,0.8754683136940002,0.9674612879753113,-1.4103549718856812,False,,,,,,,,,
1760060209.1074452,1,leader,auto,0.21971280872821808,0.9429981708526611,0.3707142174243927,0.1,1.0,-1.5500000000000012,-0.11971280872821807,0.05700182914733887,-1.9207142174243939,0,0,0,0,1.0,0.05386534116246078,0.04312591791442821,-0.13532448854541124,0.21971280872821808,0.9429981708526611,0.3707142174243927,False,,,,,,,,,
1760060209.1095285,0,follower,auto,0.8626945614814758,0.961310863494873,-1.4674121141433716,0.9,1.0,-1.6000000000000012,0.03730543851852419,0.03868913650512695,-0.13258788585662962,-13.001205374918161,2.101213176741724,6.092498458774186,0,,,,,,,,True,3.0,-13.0,0.0,optimal,0,3.0,-13.0,3.482773692922207,3.8953885370165087
1760060209.210253,1,follower,auto,0.21613384783267975,0.9408279061317444,0.3633561134338379,0.1,1.0,-1.6000000000000012,-0.11613384783267974,0.059172093868255615,-1.963356113433839,3.0212849876341874,3.9894426491226995,3.798558301780008,0,,,,,,,,True,3.919335830592896,3.510307129446062,36.68142943692103,optimal,0,-11.0,-30.0,-0.011897877252080358,-0.5898587000765062
1760060209.3757093,0,follower,auto,0.8626945614814758,0.961310863494873,-1.4674121141433716,0.9,1.0,-1.6000000000000012,0.03730543851852419,0.03868913650512695,-0.13258788585662962,0,0,0,0,0.01831563888873418,-0.08581147099633235,0.2621963473850428,-0.12134195912781665,0.8626945614814758,0.961310863494873,-1.4674121141433716,False,,,,,,,,,
1760060209.4764202,1,leader,auto,0.21613384783267975,0.9408279061317444,0.3633561134338379,0.1,1.0,-1.6000000000000012,-0.11613384783267974,0.059172093868255615,-1.963356113433839,0,0,0,0,1.0,0.05449588186355414,0.025869217476967576,-0.1296612045522208,0.21613384783267975,0.9408279061317444,0.3633561134338379,False,,,,,,,,,
1760060209.4776697,0,follower,auto,0.8520544171333313,0.9605300426483154,-1.5261849164962769,0.9,1.0,-1.6500000000000012,0.04794558286666872,0.03946995735168457,-0.12381508350372439,-12.026897501981788,3.1065564981682674,6.178862877890854,0,,,,,,,,True,4.0,-12.0,0.0,optimal,0,4.0,-12.0,3.6277024296571665,4.063259664749081
1760060209.5806062,1,follower,auto,0.21242216229438782,0.9345082640647888,0.3592239320278168,0.1,1.0,-1.6500000000000012,-0.11242216229438781,0.06549173593521118,-2.009223932027818,3.0627433300333515,3.9809179351140926,4.702655082062895,0,,,,,,,,True,3.6475935465432148,3.1270512917008872,36.220898994747714,optimal,0,-11.0,-30.0,-0.020928396871385924,-0.5791485022087546
1760060209.7191877,0,follower,auto,0.8520544171333313,0.9605300426483154,-1.5261849164962769,0.9,1.0,-1.6500000000000012,0.04794558286666872,0.03946995735168457,-0.12381508350372439,0,0,0,0,0.015503853599009314,-0.07642796169543076,0.2648353755507391,-0.12186960013413661,0.8520544171333313,0.9605300426483154,-1.5261849164962769,False,,,,,,,,,
1760060209.819756,1,leader,auto,0.21242216229438782,0.9345082640647888,0.3592239320278168,0.1,1.0,-1.6500000000000012,-0.11242216229438781,0.06549173593521118,-2.009223932027818,0,0,0,0,1.0,0.05508284695811,0.01714640209467644,-0.12245416799633385,0.21242216229438782,0.9345082640647888,0.3592239320278168,False,,,,,,,,,
1760060209.821104,0,follower,auto,0.8480112552642822,0.9562505483627319,-1.582256555557251,0.9,1.0,-1.7000000000000013,0.051988744735717796,0.043749451637268066,-0.11774344444275031,-11.00562161863939,4.077600995647417,7.2525523463503685,0,,,,,,,,True,5.0,-11.0,0.0,optimal,0,5.0,-11.0,3.790272402975939,4.380112492617544
1760060209.9222062,1,follower,auto,0.20855675637722015,0.9380931854248047,0.35896116495132446,0.1,1.0,-1.7000000000000013,-0.10855675637722015,0.06190681457519531,-2.0589611649513255,2.0192925733422427,4.981857319039401,4.598507547413115,0,,,,,,,,True,4.419621747565111,2.480066722478611,35.537026122616325,optimal,0,-10.0,-30.0,-0.027382853773536775,-0.5658851091007152
1760060210.0907357,0,follower,auto,0.8480112552642822,0.9562505483627319,-1.582256555557251,0.9,1.0,-1.7000000000000013,0.051988744735717796,0.043749451637268066,-0.11774344444275031,0,0,0,0,0.02607276387063755,-0.06213874501644123,0.2574734770806506,-0.11803512371204805,0.8480112552642822,0.9562505483627319,-1.582256555557251,False,,,,,,,,,
1760060210.1911535,1,leader,auto,0.20855675637722015,0.9380931854248047,0.35896116495132446,0.1,1.0,-1.7000000000000013,-0.10855675637722015,0.06190681457519531,-2.0589611649513255,0,0,0,0,1.0,0.05560507369686174,0.022959438065933924,-0.11594015866908791,0.20855675637722015,0.9380931854248047,0.35896116495132446,False,,,,,,,,,
1760060210.1919012,0,follower,auto,0.8489853143692017,0.9530640244483948,-1.6434539556503296,0.9,1.0,-1.7500000000000013,0.05101468563079836,0.046935975551605225,-0.10654604434967174,-9.98974182206719,4.038380777075144,7.361475949275976,0,,,,,,,,True,5.0,-10.0,0.0,optimal,0,5.0,-10.0,3.99049934560033,4.7356789336397735
1760060210.2924247,1,follower,auto,0.2032766491174698,0.946657657623291,0.35803213715553284,0.1,1.0,-1.7500000000000013,-0.10327664911746978,0.053342342376708984,-2.108032137155534,2.971255725684619,5.997542119581191,3.504773015986325,0,,,,,,,,True,5.01205984883371,3.6808791175177973,36.8749719868885,optimal,0,-10.0,-30.0,-0.036559613746451114,-0.5837375445774291
1760060210.4024844,0,follower,auto,0.8489853143692017,0.9530640244483948,-1.6434539556503296,0.9,1.0,-1.7500000000000013,0.05101468563079836,0.046935975551605225,-0.10654604434967174,0,0,0,0,0.04298672037946193,-0.04931559834583876,0.25412366044569734,-0.12333132966778004,0.8489853143692017,0.9530640244483948,-1.6434539556503296,False,,,,,,,,,
1760060210.5030916,1,leader,auto,0.2032766491174698,0.946657657623291,0.35803213715553284,0.1,1.0,-1.7500000000000013,-0.10327664911746978,0.053342342376708984,-2.108032137155534,0,0,0,0,1.0,0.05583592525150674,0.024542130047106148,-0.11424851741565506,0.2032766491174698,0.946657657623291,0.35803213715553284,False,,,,,,,,,
1760060210.5069664,0,follower,auto,0.8483417630195618,0.9582065939903259,-1.6924222707748413,0.9,1.0,-1.8000000000000014,0.051658236980438255,0.04179340600967407,-0.10757772922516007,-10.028315487499025,4.036898206989244,7.384428578552152,0,,,,,,,,True,5.0,-10.0,0.0,optimal,0,5.0,-10.0,4.151987005121283,4.8310116934963485
1760060210.6089413,1,follower,auto,0.20308320224285126,0.9497552514076233,0.35490280389785767,0.1,1.0,-1.8000000000000014,-0.10308320224285125,0.05024474859237671,-2.1549028038978593,0.9881609726139473,4.977394054549542,3.4442562342317227,0,,,,,,,,True,4.130567312810964,1.975011531175145,34.95817922891101,optimal,0,-10.0,-30.0,-0.039101370060806495,-0.5524843070194606
1760060210.754271,0,follower,auto,0.8483417630195618,0.9582065939903259,-1.6924222707748413,0.9,1.0,-1.8000000000000014,0.051658236980438255,0.04179340600967407,-0.10757772922516007,0,0,0,0,0.07087312024725757,-0.04393589212257265,0.257195076097291,-0.11106384086842236,0.8483417630195618,0.9582065939903259,-1.6924222707748413,False,,,,,,,,,
1760060210.8548505,1,leader,auto,0.20308320224285126,0.9497552514076233,0.35490280389785767,0.1,1.0,-1.8000000000000014,-0.10308320224285125,0.05024474859237671,-2.1549028038978593,0,0,0,0,1.0,0.06356997224112937,0.014631468104441048,-0.11309868484858565,0.20308320224285126,0.9497552514076233,0.35490280389785767,False,,,,,,,,,
1760060210.8569226,0,follower,auto,0.8443297147750854,0.9697687029838562,-1.7347602844238281,0.9,1.0,-1.8500000000000014,0.05567028522491457,0.0302312970161438,-0.1152397155761733,-11.089979530273373,4.064658964818799,6.39959434209363,0,,,,,,,,True,5.0,-11.0,0.0,optimal,0,5.0,-11.0,4.28548156939652,4.644868060934575
1760060210.958098,1,follower,auto,0.20857807993888855,0.9452839493751526,0.3504013121128082,0.1,1.0,-1.8500000000000014,-0.10857807993888854,0.05471605062484741,-2.2004013121128096,-0.9518482134285996,2.9334008299462813,3.3957370245644847,0,,,,,,,,True,2.5211690370203677,-1.1064357678981551,31.489962338628363,optimal,0,-10.0,-30.0,-0.03342040911196276,-0.499502461484557
1760060211.0973,0,follower,auto,0.8443297147750854,0.9697687029838562,-1.7347602844238281,0.9,1.0,-1.8500000000000014,0.05567028522491457,0.0302312970161438,-0.1152397155761733,0,0,0,0,0.11685002087254148,-0.04063133728306545,0.2582112264705516,-0.10515413751934433,0.8443297147750854,0.9697687029838562,-1.7347602844238281,False,,,,,,,,,
1760060211.197981,1,leader,auto,0.20857807993888855,0.9452839493751526,0.3504013121128082,0.1,1.0,-1.8500000000000014,-0.10857807993888854,0.05471605062484741,-2.2004013121128096,0,0,0,0,1.0,0.07042149253186697,0.005196523228757743,-0.1111291785192765,0.20857807993888855,0.9452839493751526,0.3504013121128082,False,,,,,,,,,
1760060211.1998162,0,follower,auto,0.8390446305274963,0.9755708575248718,-1.764815092086792,0.9,1.0,-1.9000000000000015,0.060955369472503684,0.024429142475128174,-0.13518490791320947,-13.10029151466444,5.08960921917739,5.378670966738749,0,,,,,,,,True,6.0,-13.0,0.0,optimal,0,6.0,-13.0,4.375421757907331,4.393893948777299
1760060211.3010557,1,follower,auto,0.21366192400455475,0.9356063604354858,0.34910836815834045,0.1,1.0,-1.9000000000000015,-0.11366192400455474,0.06439363956451416,-2.2491083681583417,-0.8959799839718172,1.9106539280162103,4.341589000051898,0,,,,,,,,True,1.1507904648678586,-1.6803249375665779,30.81632204794948,optimal,0,-11.0,-30.0,-0.026077620707026905,-0.49112251073113183
1760060211.4691308,0,follower,auto,0.8390446305274963,0.9755708575248718,-1.764815092086792,0.9,1.0,-1.9000000000000015,0.060955369472503684,0.024429142475128174,-0.13518490791320947,0,0,0,0,0.19265311489431308,-0.03540183408437558,0.24804857796007718,-0.09296127762425432,0.8390446305274963,0.9755708575248718,-1.764815092086792,False,,,,,,,,,
1760060211.5697265,1,leader,auto,0.21366192400455475,0.9356063604354858,0.34910836815834045,0.1,1.0,-1.9000000000000015,-0.11366192400455474,0.06439363956451416,-2.2491083681583417,0,0,0,0,1.0,0.06871857017953015,0.0006302931412648372,-0.1046486170021027,0.21366192400455475,0.9356063604354858,0.34910836815834045,False,,,,,,,,,
1760060211.5716686,0,follower,auto,0.8375864028930664,0.973675549030304,-1.769111156463623,0.9,1.0,-1.9500000000000015,0.062413597106933616,0.026324450969696045,-0.18088884353637846,-18.074501411399112,5.087161787165352,5.262172133062568,0,,,,,,,,True,6.0,-18.0,0.0,optimal,0,6.0,-18.0,4.386408949707084,3.7890797019681792
1760060211.6729784,1,follower,auto,0.21940790116786957,0.926770031452179,0.35208413004875183,0.1,1.0,-1.9500000000000015,-0.11940790116786956,0.07322996854782104,-2.3020841300487533,-2.8793071607846925,0.8949086089714123,5.309451127417589,0,,,,,,,,True,0.41766657856147305,-3.4275833276605425,28.921556630092088,optimal,0,-11.0,-30.0,-0.014607456871480573,-0.4642852928209075
1760060211.813201,0,follower,auto,0.8375864028930664,0.973675549030304,-1.769111156463623,0.9,1.0,-1.9500000000000015,0.062413597106933616,0.026324450969696045,-0.18088884353637846,0,0,0,0,0.3176312883928896,-0.024361258206976433,0.23856849176155348,-0.06700352864740511,0.8375864028930664,0.973675549030304,-1.769111156463623,False,,,,,,,,,
1760060211.913697,1,leader,auto,0.21940790116786957,0.926770031452179,0.35208413004875183,0.1,1.0,-1.9500000000000015,-0.11940790116786956,0.07322996854782104,-2.3020841300487533,0,0,0,0,1.0,0.06716824299442317,0.0023297154931205544,-0.09844258313714932,0.21940790116786957,0.926770031452179,0.35208413004875183,False,,,,,,,,,
1760060211.915385,0,follower,auto,0.8382219076156616,0.9702849984169006,-1.7769532203674316,0.9,1.0,-2.0000000000000013,0.0617780923843384,0.029715001583099365,-0.2230467796325697,-20,5.079237221274718,5.257267765800442,0,,,,,,,,True,6.0,-22.0,0.0,optimal,0,6.0,-22.0,4.4160450029198195,3.828402234935137
1760060212.0165098,1,follower,auto,0.22327356040477753,0.9208792448043823,0.3565250039100647,0.1,1.0,-2.0000000000000013,-0.12327356040477752,0.07912075519561768,-2.356525003910066,-2.8860496968060407,0.8964790089363979,5.278504210522087,0,,,,,,,,True,-0.4187958292849334,-3.2571374045777226,29.142837710858288,optimal,0,-12.0,-30.0,-0.005110566325369548,-0.4706222501987368
1760060212.1306553,0,follower,auto,0.8382219076156616,0.9702849984169006,-1.7769532203674316,0.9,1.0,-2.0000000000000013,0.0617780923843384,0.029715001583099365,-0.2230467796325697,0,0,0,0,0.5236854614132439,-0.0157186885703674,0.24083364154842402,-0.07179148858860085,0.8382219076156616,0.9702849984169006,-1.7769532203674316,False,,,,,,,,,
1760060212.231188,1,leader,auto,0.22327356040477753,0.9208792448043823,0.3565250039100647,0.1,1.0,-2.0000000000000013,-0.12327356040477752,0.07912075519561768,-2.356525003910066,0,0,0,0,1.0,0.06215273909732233,0.008014782059828307,-0.09638036730543648,0.22327356040477753,0.9208792448043823,0.3565250039100647,False,,,,,,,,,
1760060212.2320294,0,follower,auto,0.8382145166397095,0.9728977680206299,-1.783013105392456,0.9,1.0,-2.050000000000001,0.06178548336029055,0.027102231979370117,-0.2669868946075451,-20,5.0811106521171165,5.256584260642613,0,,,,,,,,True,6.0,-26.0,0.0,optimal,0,6.0,-26.0,4.437596729874443,3.7089129010016424
1760060212.3326225,1,follower,auto,0.22526897490024567,0.9166354537010193,0.35966530442237854,0.1,1.0,-2.050000000000001,-0.12526897490024566,0.08336454629898071,-2.4096653044223797,-1.8858301040539047,0.903254518164251,6.266409587207529,0,,,,,,,,True,0.020047411978667995,-2.419435280622597,30.08602815304773,optimal,0,-12.0,-30.0,0.0004280121381444735,-0.4875224109251615
1760060212.4927595,0,follower,auto,0.8382145166397095,0.9728977680206299,-1.783013105392456,0.9,1.0,-2.050000000000001,0.06178548336029055,0.027102231979370117,-0.2669868946075451,0,0,0,0,0.8634113593884264,-0.010339225733417945,0.2523869432726511,-0.07095908816030105,0.8382145166397095,0.9728977680206299,-1.783013105392456,False,,,,,,,,,
1760060212.5932677,1,leader,auto,0.22526897490024567,0.9166354537010193,0.35966530442237854,0.1,1.0,-2.050000000000001,-0.12526897490024566,0.08336454629898071,-2.4096653044223797,0,0,0,0,1.0,0.05744980901897956,0.012066940377478241,-0.09717662282663142,0.22526897490024567,0.9166354537010193,0.35966530442237854,False,,,,,,,,,
1760060212.5944602,0,follower,auto,0.8376701474189758,0.9708013534545898,-1.7879726886749268,0.9,1.0,-2.100000000000001,0.06232985258102419,0.029198646545410156,-0.3120273113250742,-20,5.08536029408222,5.260998996728684,0,,,,,,,,True,6.0,-30.0,0.0,optimal,0,6.0,-30.0,4.453741788227147,3.573942438473877
1760060212.69535,1,follower,auto,0.2262803167104721,0.9109846353530884,0.36362648010253906,0.1,1.0,-2.100000000000001,-0.1262803167104721,0.08901536464691162,-2.46362648010254,-1.8776085584464342,0.9079879721263211,6.250092469556061,0,,,,,,,,True,0.2554910260680039,-2.1514478164344517,30.425957980165666,optimal,0,-12.0,-30.0,0.004963378814920261,-0.49440836847423625
1760060212.8374631,0,follower,auto,0.8376701474189758,0.9708013534545898,-1.7879726886749268,0.9,1.0,-2.100000000000001,0.06232985258102419,0.029198646545410156,-0.3120273113250742,0,0,0,0,1.0,-0.005174739782077276,0.25253454250652285,-0.07085782538877194,0.8376701474189758,0.9708013534545898,-1.7879726886749268,False,,,,,,,,,
1760060212.938281,1,leader,auto,0.2262803167104721,0.9109846353530884,0.36362648010253906,0.1,1.0,-2.100000000000001,-0.1262803167104721,0.08901536464691162,-2.46362648010254,0,0,0,0,1.0,0.053922002310763356,0.011821726814315592,-0.09679155987639437,0.2262803167104721,0.9109846353530884,0.36362648010253906,False,,,,,,,,,
1760060212.939483,0,follower,auto,0.8371631503105164,0.9690520763397217,-1.7897013425827026,0.9,1.0,-2.150000000000001,0.06283684968948366,0.03094792366027832,-0.36029865741729816,-20,5.086370810269849,6.252672118733533,0,,,,,,,,True,6.0,-30.0,0.0,optimal,0,6.0,-30.0,4.4584688162527755,3.516585150269972
1760060213.0403278,1,follower,auto,0.2261684238910675,0.9024889469146729,0.36718645691871643,0.1,1.0,-2.150000000000001,-0.1261684238910675,0.09751105308532715,-2.5171864569187172,-0.8546735051006875,0.9142330072897422,7.242963764936604,0,,,,,,,,True,0.5723575712261031,-1.712233271408131,30.955805939920147,optimal,0,-12.0,-30.0,0.0073801587791708645,-0.5037634635345474
1760060213.2055814,0,follower,auto,0.8371631503105164,0.9690520763397217,-1.7897013425827026,0.9,1.0,-2.150000000000001,0.06283684968948366,0.03094792366027832,-0.36029865741729816,0,0,0,0,1.0,0.00025847701120373934,0.2577296074073032,-0.06863642548747939,0.8371631503105164,0.9690520763397217,-1.7897013425827026,False,,,,,,,,,
1760060213.3062694,1,leader,auto,0.2261684238910675,0.9024889469146729,0.36718645691871643,0.1,1.0,-2.150000000000001,-0.1261684238910675,0.09751105308532715,-2.5171864569187172,0,0,0,0,1.0,0.050471435514612834,0.010145161673418501,-0.09763535761734993,0.2261684238910675,0.9024889469146729,0.36718645691871643,False,,,,,,,,,
1760060213.3082175,0,follower,auto,0.8371159434318542,0.9678031802177429,-1.784889817237854,0.9,1.0,-2.2000000000000006,0.06288405656814577,0.03219681978225708,-0.4151101827621466,-20,5.081482989907126,6.217641376790466,0,,,,,,,,True,6.0,-30.0,0.0,optimal,0,6.0,-30.0,4.441133894545409,3.3786949846015326
1760060213.4093401,1,follower,auto,0.22406651079654694,0.8943691849708557,0.37020862102508545,0.1,1.0,-2.2000000000000006,-0.12406651079654693,0.10563081502914429,-2.570208621025086,0.15789853326288456,1.9277244592481182,8.24814789261546,0,,,,,,,,True,1.2371183378427535,-0.5348138801772571,32.301989024916836,optimal,0,-12.0,-30.0,0.006140037297690637,-0.5252718319547726
1760060213.6006372,0,follower,auto,0.8371159434318542,0.9678031802177429,-1.784889817237854,0.9,1.0,-2.2000000000000006,0.06288405656814577,0.03219681978225708,-0.4151101827621466,0,0,0,0,1.0,0.005789129430598727,0.26276621195575456,-0.06423073282433966,0.8371159434318542,0.9678031802177429,-1.784889817237854,False,,,,,,,,,
1760060213.7012873,1,leader,auto,0.22406651079654694,0.8943691849708557,0.37020862102508545,0.1,1.0,-2.2000000000000006,-0.12406651079654693,0.10563081502914429,-2.570208621025086,0,0,0,0,1.0,0.04636736211590983,0.010767051972712438,-0.09955801263505387,0.22406651079654694,0.8943691849708557,0.37020862102508545,False,,,,,,,,,
1760060213.7028482,0,follower,auto,0.8372424840927124,0.9688724875450134,-1.7854009866714478,0.9,1.0,-2.2500000000000004,0.06275751590728762,0.031127512454986572,-0.4645990133285527,-20,5.0757638158857405,6.235742710035163,0,,,,,,,,True,6.0,-30.0,0.0,optimal,0,6.0,-30.0,4.44332264128837,3.4854771745631
1760060213.8037097,1,follower,auto,0.22122791409492493,0.888071596622467,0.3733308017253876,0.1,1.0,-2.2500000000000004,-0.12122791409492492,0.11192840337753296,-2.623330801725388,0.16197546956481815,1.9383890542320408,9.24302782346644,0,,,,,,,,True,1.556203618679186,-0.17997773191259725,32.75674563536981,optimal,0,-12.0,-30.0,0.003791174405621933,-0.531899694914395
1760060214.0173435,0,follower,auto,0.8372424840927124,0.9688724875450134,-1.7854009866714478,0.9,1.0,-2.2500000000000004,0.06275751590728762,0.031127512454986572,-0.4645990133285527,0,0,0,0,1.0,0.01069701219419028,0.2693184426876585,-0.0719172250101121,0.8372424840927124,0.9688724875450134,-1.7854009866714478,False,,,,,,,,,
1760060214.1176622,1,leader,auto,0.22122791409492493,0.888071596622467,0.3733308017253876,0.1,1.0,-2.2500000000000004,-0.12122791409492492,0.11192840337753296,-2.623330801725388,0,0,0,0,1.0,0.04477636124110193,0.011785303916515222,-0.10173266317563301,0.22122791409492493,0.888071596622467,0.3733308017253876,False,,,,,,,,,
1760060214.1187801,0,follower,auto,0.8370447158813477,0.9693605303764343,-1.7938728332519531,0.9,1.0,-2.3000000000000003,0.06295528411865237,0.030639469623565674,-0.5061271667480471,-20,5.0756812898057575,6.287231927216386,0,,,,,,,,True,6.0,-30.0,0.0,optimal,0,6.0,-30.0,4.4730772573218935,3.6476618349433267
1760060214.219434,1,follower,auto,0.22032135725021362,0.8834021687507629,0.3743649423122406,0.1,1.0,-2.3000000000000003,-0.12032135725021362,0.11659783124923706,-2.674364942312241,0.16078137945396387,1.9332027364650965,9.237637598007435,0,,,,,,,,True,1.407926187486499,-0.6200902784962032,32.294760873751635,optimal,0,-12.0,-30.0,0.003076239193279706,-0.5241676487820822
1760060214.393281,0,follower,auto,0.8370447158813477,0.9693605303764343,-1.7938728332519531,0.9,1.0,-2.3000000000000003,0.06295528411865237,0.030639469623565674,-0.5061271667480471,0,0,0,0,1.0,0.014806646406201662,0.2725780716305495,-0.08179861136645217,0.8370447158813477,0.9693605303764343,-1.7938728332519531,False,,,,,,,,,
1760060214.4937255,1,leader,auto,0.22032135725021362,0.8834021687507629,0.3743649423122406,0.1,1.0,-2.3000000000000003,-0.12032135725021362,0.11659783124923706,-2.674364942312241,0,0,0,0,1.0,0.04596020847777857,0.012544370688644113,-0.10695977132201057,0.22032135725021362,0.8834021687507629,0.3743649423122406,False,,,,,,,,,
1760060214.4949093,0,follower,auto,0.837356448173523,0.9690442681312561,-1.793670415878296,0.9,1.0,-2.35,0.06264355182647707,0.030955731868743896,-0.5563295841217042,-20,5.072063382200535,6.267956405907968,0,,,,,,,,True,6.0,-30.0,0.0,optimal,0,6.0,-30.0,4.473247119903025,3.504263726310574
1760060214.59601,1,follower,auto,0.21945162117481232,0.8863593935966492,0.3785589039325714,0.1,1.0,-2.35,-0.11945162117481231,0.11364060640335083,-2.7285589039325715,-0.8788398814461748,1.93294544157027,9.221039659884427,0,,,,,,,,True,1.9852831694228197,-1.8912665002515254,30.963179390204388,optimal,0,-11.0,-30.0,0.0048078031926578335,-0.5030899523893874
1760060214.724622,0,follower,auto,0.837356448173523,0.9690442681312561,-1.793670415878296,0.9,1.0,-2.35,0.06264355182647707,0.030955731868743896,-0.5563295841217042,0,0,0,0,1.0,0.019503429415175355,0.27541908225611733,-0.07450366265751884,0.837356448173523,0.9690442681312561,-1.793670415878296,False,,,,,,,,,
1760060214.8248916,1,leader,auto,0.21945162117481232,0.8863593935966492,0.3785589039325714,0.1,1.0,-2.35,-0.11945162117481231,0.11364060640335083,-2.7285589039325715,0,0,0,0,1.0,0.04517261947488693,0.01925757978546183,-0.10662000160721963,0.21945162117481232,0.8863593935966492,0.3785589039325714,False,,,,,,,,,
1760060214.8254223,0,follower,auto,0.837382435798645,0.9694790244102478,-1.7918250560760498,0.9,1.0,-2.4,0.062617564201355,0.030520975589752197,-0.6081749439239501,-20,5.0706383282638,6.262370105096728,0,,,,,,,,True,6.0,-30.0,0.0,optimal,0,6.0,-30.0,4.466705298324385,3.4575230918138833
1760060214.9258988,1,follower,auto,0.21809662878513336,0.8884634971618652,0.3863328695297241,0.1,1.0,-2.4,-0.11809662878513336,0.11153650283813477,-2.786332869529724,-2.888174102075759,1.9364461388785803,9.193927547963517,0,,,,,,,,True,1.7341932995445752,-3.0341334369580153,29.821429182484728,optimal,0,-11.0,-30.0,0.008535180108671048,-0.48564579538896546
1760060215.0312192,0,follower,auto,0.837382435798645,0.9694790244102478,-1.7918250560760498,0.9,1.0,-2.4,0.062617564201355,0.030520975589752197,-0.6081749439239501,0,0,0,0,1.0,0.023119542365412138,0.27964495584492033,-0.07465845687538675,0.837382435798645,0.9694790244102478,-1.7918250560760498,False,,,,,,,,,
1760060215.131579,1,leader,auto,0.21809662878513336,0.8884634971618652,0.3863328695297241,0.1,1.0,-2.4,-0.11809662878513336,0.11153650283813477,-2.786332869529724,0,0,0,0,1.0,0.04390995143368634,0.018127843599110127,-0.10586383719384895,0.21809662878513336,0.8884634971618652,0.3863328695297241,False,,,,,,,,,
1760060215.132097,0,follower,auto,0.8374640941619873,0.9702951908111572,-1.789812684059143,0.9,1.0,-2.4499999999999997,0.06253590583801272,0.029704809188842773,-0.6601873159408567,-20,5.067567964485181,5.26206475660474,0,,,,,,,,True,6.0,-30.0,0.0,optimal,0,6.0,-30.0,4.459732466023937,3.444842899293777
1760060215.232612,1,follower,auto,0.2161579728126526,0.8893895745277405,0.3915051519870758,0.1,1.0,-2.4499999999999997,-0.11615797281265258,0.11061042547225952,-2.8415051519870755,-1.8854403183960509,2.942356765615915,9.194648990521447,0,,,,,,,,True,2.3367455039913008,-2.1973232811630403,30.835979202392632,optimal,0,-11.0,-30.0,0.009390120618081754,-0.5024300552129621
1760060215.3393462,0,follower,auto,0.8374640941619873,0.9702951908111572,-1.789812684059143,0.9,1.0,-2.4499999999999997,0.06253590583801272,0.029704809188842773,-0.6601873159408567,0,0,0,0,1.0,0.0268586788899714,0.2832476686161428,-0.07627430735329965,0.8374640941619873,0.9702951908111572,-1.789812684059143,False,,,,,,,,,
1760060215.4397945,1,leader,auto,0.2161579728126526,0.8893895745277405,0.3915051519870758,0.1,1.0,-2.4499999999999997,-0.11615797281265258,0.11061042547225952,-2.8415051519870755,0,0,0,0,1.0,0.042628136903741926,0.018750320885898453,-0.11130761764998254,0.2161579728126526,0.8893895745277405,0.3915051519870758,False,,,,,,,,,
1760060215.4414113,0,follower,auto,0.8373113870620728,0.9694730043411255,-1.794509768486023,0.9,1.0,-2.4999999999999996,0.06268861293792727,0.03052699565887451,-0.7054902315139766,-20,5.067013886598018,6.291702797011348,0,,,,,,,,True,6.0,-30.0,0.0,optimal,0,6.0,-30.0,4.476129332570059,3.6129124204145318
1760060215.5423477,1,follower,auto,0.2149876356124878,0.8917827010154724,0.3887893259525299,0.1,1.0,-2.4999999999999996,-0.11498763561248779,0.10821729898452759,-2.8887893259525295,0.10444470089365271,3.9415203184926435,8.226445551064497,0,,,,,,,,True,3.238672001641481,-0.15262288786092526,33.069709718178245,optimal,0,-11.0,-30.0,0.005361986175855593,-0.5374995658530094
1760060215.6457653,0,follower,auto,0.8373113870620728,0.9694730043411255,-1.794509768486023,0.9,1.0,-2.4999999999999996,0.06268861293792727,0.03052699565887451,-0.7054902315139766,0,0,0,0,1.0,0.030080360657801508,0.28461445562823307,-0.08366937011249309,0.8373113870620728,0.9694730043411255,-1.794509768486023,False,,,,,,,,,
1760060215.7462738,1,leader,auto,0.2149876356124878,0.8917827010154724,0.3887893259525299,0.1,1.0,-2.4999999999999996,-0.11498763561248779,0.10821729898452759,-2.8887893259525295,0,0,0,0,1.0,0.043781124227449314,0.020977791072997243,-0.12171191807340265,0.2149876356124878,0.8917827010154724,0.3887893259525299,False,,,,,,,,,
1760060215.747878,0,follower,auto,0.8374807238578796,0.9694980382919312,-1.7939079999923706,0.9,1.0,-2.5499999999999994,0.06251927614212038,0.030501961708068848,-0.7560920000076288,-20,5.063386943050404,6.2668932810413285,0,,,,,,,,True,6.0,-30.0,0.0,optimal,0,6.0,-30.0,4.4744567438996015,3.493568855074319
1760060215.849064,1,follower,auto,0.2134462594985962,0.8967309594154358,0.3823549747467041,0.1,1.0,-2.5499999999999994,-0.11344625949859619,0.10326904058456421,-2.9323549747467035,1.0847407068064487,3.9449358836127497,8.263048070772554,0,,,,,,,,True,3.8452837778525133,1.582799643941101,34.89778909607738,optimal,0,-11.0,-30.0,-0.0021098561941899074,-0.5646074100992269
1760060216.0160217,0,follower,auto,0.8374807238578796,0.9694980382919312,-1.7939079999923706,0.9,1.0,-2.5499999999999994,0.06251927614212038,0.030501961708068848,-0.7560920000076288,0,0,0,0,0.867,0.03366459680065281,0.2883848087113765,-0.07964205778222255,0.8374807238578796,0.9694980382919312,-1.7939079999923706,False,,,,,,,,,
1760060216.116436,1,leader,auto,0.2134462594985962,0.8967309594154358,0.3823549747467041,0.1,1.0,-2.5499999999999994,-0.11344625949859619,0.10326904058456421,-2.9323549747467035,0,0,0,0,1.0,0.0447247381785682,0.022169810819955282,-0.12635417371134294,0.2134462594985962,0.8967309594154358,0.3823549747467041,False,,,,,,,,,
1760060216.117937,0,follower,auto,0.8377560377120972,0.9700217843055725,-1.7909927368164062,0.9,1.0,-2.599999999999999,0.062243962287902854,0.02997821569442749,-0.809007263183593,-20,5.0619373563254415,5.238305387943608,0,,,,,,,,True,6.0,-30.0,0.0,optimal,0,6.0,-30.0,4.46479740730671,3.44295692063923
1760060216.2190192,1,follower,auto,0.2132640928030014,0.8995880484580994,0.37554049491882324,0.1,1.0,-2.599999999999999,-0.1132640928030014,0.10041195154190063,-2.9755404949188224,0.08632785633953441,3.940168273607289,8.287053727538606,0,,,,,,,,True,3.2917190228739717,0.9499030410699412,34.090317259896665,optimal,0,-11.0,-30.0,-0.007570852033436548,-0.549676152974294
1760060216.3560333,0,follower,auto,0.8377560377120972,0.9700217843055725,-1.7909927368164062,0.9,1.0,-2.599999999999999,0.062243962287902854,0.02997821569442749,-0.809007263183593,0,0,0,0,1.0,0.03681408499407468,0.29158043225152963,-0.0788169329140187,0.8377560377120972,0.9700217843055725,-1.7909927368164062,False,,,,,,,,,
1760060216.4590049,1,leader,auto,0.2132640928030014,0.8995880484580994,0.37554049491882324,0.1,1.0,-2.599999999999999,-0.1132640928030014,0.10041195154190063,-2.9755404949188224,0,0,0,0,1.0,0.04734539918976366,0.01766371210665163,-0.12741609998148995,0.2132640928030014,0.8995880484580994,0.37554049491882324,False,,,,,,,,,
1760060216.4607248,0,follower,auto,0.8376554250717163,0.9696894884109497,-1.7931896448135376,0.9,1.0,-2.649999999999999,0.062344574928283714,0.030310511589050293,-0.8568103551864614,-20,5.067408340225355,6.249171441212184,0,,,,,,,,True,6.0,-30.0,0.0,optimal,0,6.0,-30.0,4.472382223504638,3.5467303648902573
1760060216.56183,1,follower,auto,0.2159108817577362,0.8997883200645447,0.36907219886779785,0.1,1.0,-2.649999999999999,-0.1159108817577362,0.10021167993545532,-3.019072198867797,0.09821378754303464,2.9225294082341775,8.294830150434738,0,,,,,,,,True,2.3868892187089124,-0.4054962147328318,32.481432499971085,optimal,0,-11.0,-30.0,-0.008075145052202193,-0.5235697137342332
1760060216.7111194,0,follower,auto,0.8376554250717163,0.9696894884109497,-1.7931896448135376,0.9,1.0,-2.649999999999999,0.062344574928283714,0.030310511589050293,-0.8568103551864614,0,0,0,0,0.8634113593884264,0.03929125075615736,0.2932295644081737,-0.08443839350021687,0.8376554250717163,0.9696894884109497,-1.7931896448135376,False,,,,,,,,,
1760060216.8116317,1,leader,auto,0.2159108817577362,0.8997883200645447,0.36907219886779785,0.1,1.0,-2.649999999999999,-0.1159108817577362,0.10021167993545532,-3.019072198867797,0,0,0,0,1.0,0.051273799162314726,0.013860744087694776,-0.12771200393328364,0.2159108817577362,0.8997883200645447,0.36907219886779785,False,,,,,,,,,
1760060216.8127165,0,follower,auto,0.8375071287155151,0.96907639503479,-1.790805697441101,0.9,1.0,-2.699999999999999,0.062492871284484885,0.03092360496520996,-0.9091943025588978,-20,5.0766890472321915,6.22057201427665,0,,,,,,,,True,6.0,-30.0,0.0,optimal,0,6.0,-30.0,4.463411791095433,3.4429063790022725
1760060216.9133775,1,follower,auto,0.2215462327003479,0.9036902785301208,0.3617616295814514,0.1,1.0,-2.699999999999999,-0.1215462327003479,0.09630972146987915,-3.0617616295814503,-0.920300440291388,0.8972466480427439,7.313320275255849,0,,,,,,,,True,0.5213077600929843,-1.5646094620714344,31.07015582625041,optimal,0,-12.0,-30.0,-0.004190310898438687,-0.5020329000884478
1760060217.0164099,0,follower,auto,0.8375071287155151,0.96907639503479,-1.790805697441101,0.9,1.0,-2.699999999999999,0.062492871284484885,0.03092360496520996,-0.9091943025588978,0,0,0,0,0.7308619367852651,0.04195350033519296,0.2953549930621464,-0.08104040596184814,0.8375071287155151,0.96907639503479,-1.790805697441101,False,,,,,,,,,
1760060217.1167943,1,leader,auto,0.2215462327003479,0.9036902785301208,0.3617616295814514,0.1,1.0,-2.699999999999999,-0.1215462327003479,0.09630972146987915,-3.0617616295814503,0,0,0,0,1.0,0.0541084626086869,0.01663257251402095,-0.12918638708304242,0.2215462327003479,0.9036902785301208,0.3617616295814514,False,,,,,,,,,
1760060217.1175952,0,follower,auto,0.837231457233429,0.968437910079956,-1.7882671356201172,0.9,1.0,-2.7499999999999987,0.06276854276657107,0.031562089920043945,-0.9617328643798815,-20,5.084356739406264,6.2046638010813195,0,,,,,,,,True,6.0,-30.0,0.0,optimal,0,6.0,-30.0,4.453533610000305,3.4197018032272486
1760060217.3184042,1,follower,auto,0.2259046584367752,0.9088085293769836,0.3569391667842865,0.1,1.0,-2.7499999999999987,-0.1259046584367752,0.09119147062301636,-3.106939166784285,-0.9375664670168826,0.8906764013079839,7.31509626987839,0,,,,,,,,True,0.19901264401876162,-1.7732815319953374,30.75001699122986,optimal,0,-12.0,-30.0,-0.0004759263877730513,-0.4980039063093979
1760060217.4247036,0,follower,auto,0.837231457233429,0.968437910079956,-1.7882671356201172,0.9,1.0,-2.7499999999999987,0.06276854276657107,0.031562089920043945,-0.9617328643798815,0,0,0,0,0.6186612729068861,0.044385604236428566,0.2976083018997434,-0.08224393916986639,0.837231457233429,0.968437910079956,-1.7882671356201172,False,,,,,,,,,
1760060217.5252373,1,leader,auto,0.2259046584367752,0.9088085293769836,0.3569391667842865,0.1,1.0,-2.7499999999999987,-0.1259046584367752,0.09119147062301636,-3.106939166784285,0,0,0,0,1.0,0.05048227629402405,0.017771210984757646,-0.1262604176441342,0.2259046584367752,0.9088085293769836,0.3569391667842865,False,,,,,,,,,
1760060217.627365,0,follower,auto,0.8367862701416016,0.9676614999771118,-1.7856805324554443,0.9,1.0,-2.7999999999999985,0.06321372985839846,0.032338500022888184,-1.0143194675445542,-20,5.091314638192795,6.191846493747038,0,,,,,,,,True,6.0,-30.0,0.0,optimal,0,6.0,-30.0,4.443009750057774,3.4229768969351935
1760060217.7283053,1,follower,auto,0.22948011755943298,0.9140416383743286,0.3520887494087219,0.1,1.0,-2.7999999999999985,-0.12948011755943298,0.08595836162567139,-3.1520887494087204,0.050347573193923544,0.8880481614919912,6.323589547226621,0,,,,,,,,True,0.3293410332660134,-0.9535074128940906,31.554894738017676,optimal,0,-12.0,-30.0,0.0020037528866084786,-0.5118211863230053
1760060217.8334625,0,follower,auto,0.8367862701416016,0.9676614999771118,-1.7856805324554443,0.9,1.0,-2.7999999999999985,0.06321372985839846,0.032338500022888184,-1.0143194675445542,0,0,0,0,0.5236854614132439,0.04663730911190789,0.2996138786377486,-0.08346592527706687,0.8367862701416016,0.9676614999771118,-1.7856805324554443,False,,,,,,,,,
1760060218.0340679,1,leader,auto,0.22948011755943298,0.9140416383743286,0.3520887494087219,0.1,1.0,-2.7999999999999985,-0.12948011755943298,0.08595836162567139,-3.1520887494087204,0,0,0,0,1.0,0.04756104950392104,0.017757362943171318,-0.12602784343376416,0.22948011755943298,0.9140416383743286,0.3520887494087219,False,,,,,,,,,
1760060218.0349572,0,follower,auto,0.837284505367279,0.9675313234329224,-1.781606912612915,0.9,1.0,-2.8499999999999983,0.06271549463272097,0.03246867656707764,-1.0683930873870833,-20,5.0905632270977925,6.171580670436085,0,,,,,,,,True,6.0,-30.0,0.0,optimal,0,6.0,-30.0,4.4299099404389874,3.4099881585097056
1760060218.1355891,1,follower,auto,0.2319336086511612,0.926608145236969,0.3471478223800659,0.1,1.0,-2.8499999999999983,-0.1319336086511612,0.073391854763031,-3.1971478223800642,-0.0004192272922349222,0.8908483622745398,5.336692832037745,0,,,,,,,,True,-0.5571873876942224,-0.1810199258788714,32.31091392031164,optimal,0,-13.0,-30.0,0.0026251397865650894,-0.524284326036105
1760060218.342377,0,follower,auto,0.837284505367279,0.9675313234329224,-1.781606912612915,0.9,1.0,-2.8499999999999983,0.06271549463272097,0.03246867656707764,-1.0683930873870833,0,0,0,0,0.44329017267721976,0.0498738075208911,0.3022832794781385,-0.08316279957633355,0.837284505367279,0.9675313234329224,-1.781606912612915,False,,,,,,,,,
1760060218.44298,1,leader,auto,0.2319336086511612,0.926608145236969,0.3471478223800659,0.1,1.0,-2.8499999999999983,-0.1319336086511612,0.073391854763031,-3.1971478223800642,0,0,0,0,1.0,0.0444734666642482,0.023974971458682437,-0.1248802720280564,0.2319336086511612,0.926608145236969,0.3471478223800659,False,,,,,,,,,
1760060218.445769,0,follower,auto,0.8376309871673584,0.9691401720046997,-1.7866895198822021,0.9,1.0,-2.899999999999998,0.062369012832641624,0.030859827995300293,-1.113310480117796,-20,5.088920942503393,6.2140642399072235,0,,,,,,,,True,6.0,-30.0,0.0,optimal,0,6.0,-30.0,4.449042295720687,3.573434643609112
1760060218.5470002,1,follower,auto,0.23149718344211578,0.937008798122406,0.34609895944595337,0.1,1.0,-2.899999999999998,-0.13149718344211578,0.062991201877594,-3.2460989594459515,-0.01402687967124439,0.9058802966259635,4.314169985689205,0,,,,,,,,True,-0.2979338930980173,0.5165095228605345,33.05449798201367,optimal,0,-13.0,-30.0,0.001172055801743177,-0.5358701444247994
1760060218.7929304,0,follower,auto,0.8376309871673584,0.9691401720046997,-1.7866895198822021,0.9,1.0,-2.899999999999998,0.062369012832641624,0.030859827995300293,-1.113310480117796,0,0,0,0,0.3752370299948712,0.05182018887113726,0.3058853078254169,-0.093500839384006,0.8376309871673584,0.9691401720046997,-1.7866895198822021,False,,,,,,,,,
1760060218.8934205,1,leader,auto,0.23149718344211578,0.937008798122406,0.34609895944595337,0.1,1.0,-2.899999999999998,-0.13149718344211578,0.062991201877594,-3.2460989594459515,0,0,0,0,1.0,0.03980599072589425,0.02037103842125043,-0.11883208444386728,0.23149718344211578,0.937008798122406,0.34609895944595337,False,,,,,,,,,
1760060218.8946567,0,follower,auto,0.8378782868385315,0.9699543118476868,-1.7923903465270996,0.9,1.0,-2.949999999999998,0.06212171316146853,0.030045688152313232,-1.1576096534728983,-20,5.091052637713606,6.2389621852183215,0,,,,,,,,True,6.0,-30.0,0.0,optimal,0,6.0,-30.0,4.470157122085247,3.5945934038639122
1760060218.995489,1,follower,auto,0.23298148810863495,0.9480483531951904,0.3479791581630707,0.1,1.0,-2.949999999999998,-0.13298148810863494,0.05195164680480957,-3.2979791581630686,-1.0321743754753556,0.9001149958068941,3.2855547197572834,0,,,,,,,,True,-0.9165700785819357,-1.075068143355825,31.34742352374961,optimal,0,-13.0,-30.0,0.004947654047555261,-0.509376861956985
1760060219.1277592,0,follower,auto,0.8378782868385315,0.9699543118476868,-1.7923903465270996,0.9,1.0,-2.949999999999998,0.06212171316146853,0.030045688152313232,-1.1576096534728983,0,0,0,0,0.3176312883928896,0.053700716352466094,0.3067374806271017,-0.09472307263648316,0.8378782868385315,0.9699543118476868,-1.7923903465270996,False,,,,,,,,,
1760060219.2282126,1,leader,auto,0.23298148810863495,0.9480483531951904,0.3479791581630707,0.1,1.0,-2.949999999999998,-0.13298148810863494,0.05195164680480957,-3.2979791581630686,0,0,0,0,1.0,0.04024424145453112,0.019801705182994067,-0.11308726771169464,0.23298148810863495,0.9480483531951904,0.3479791581630707,False,,,,,,,,,
1760060219.2300358,0,follower,auto,0.8375692963600159,0.9699986577033997,-1.7947447299957275,0.9,1.0,-2.999999999999998,0.06243070363998415,0.030001342296600342,-1.2052552700042702,-20,5.096562890326219,6.234633939514872,0,,,,,,,,True,6.0,-30.0,0.0,optimal,0,6.0,-30.0,4.477714127684468,3.5528031788796075
1760060219.3309276,1,follower,auto,0.23473314940929413,0.9532643556594849,0.3494040369987488,0.1,1.0,-2.999999999999998,-0.13473314940929412,0.04673564434051514,-3.3494040369987466,-1.0163157513203944,-0.10527181772307115,2.2766250514361994,0,,,,,,,,True,-1.1429376860910843,-1.673243809524486,30.708224354243637,optimal,0,-13.0,-30.0,0.008862611793781894,-0.5001873812433062
1760060219.5389833,0,follower,auto,0.8375692963600159,0.9699986577033997,-1.7947447299957275,0.9,1.0,-2.999999999999998,0.06243070363998415,0.030001342296600342,-1.2052552700042702,0,0,0,0,0.2688690808780413,0.05501343585934304,0.3075634378022014,-0.09193220728724283,0.8375692963600159,0.9699986577033997,-1.7947447299957275,False,,,,,,,,,
1760060219.639439,1,leader,auto,0.23473314940929413,0.9532643556594849,0.3494040369987488,0.1,1.0,-2.999999999999998,-0.13473314940929412,0.04673564434051514,-3.3494040369987466,0,0,0,0,1.0,0.03899705859720615,0.013822224638999736,-0.11004290625018942,0.23473314940929413,0.9532643556594849,0.3494040369987488,False,,,,,,,,,
1760060219.6411407,0,follower,auto,0.8373945951461792,0.9688474535942078,-1.7915927171707153,0.9,1.0,-3.0499999999999976,0.06260540485382082,0.031152546405792236,-1.2584072828292823,-20,5.098078927581083,6.208808832481598,0,,,,,,,,True,6.0,-30.0,0.0,optimal,0,6.0,-30.0,4.465907686374596,3.4389405919612135
1760060219.742504,1,follower,auto,0.2354612946510315,0.9548158645629883,0.35275664925575256,0.1,1.0,-3.0499999999999976,-0.1354612946510315,0.04518413543701172,-3.40275664925575,-0.9978941151637651,0.8969839292826784,2.267249439459256,0,,,,,,,,True,-0.9970742982768144,-1.5725277822009431,30.85759877396205,optimal,0,-13.0,-30.0,0.012432828454123634,-0.5037149627017966
1760060219.8732367,0,follower,auto,0.8373945951461792,0.9688474535942078,-1.7915927171707153,0.9,1.0,-3.0499999999999976,0.06260540485382082,0.031152546405792236,-1.2584072828292823,0,0,0,0,0.2275927633513984,0.05694348186278764,0.30791408156916455,-0.08714451249588318,0.8373945951461792,0.9688474535942078,-1.7915927171707153,False,,,,,,,,,
1760060219.973846,1,leader,auto,0.2354612946510315,0.9548158645629883,0.35275664925575256,0.1,1.0,-3.0499999999999976,-0.1354612946510315,0.04518413543701172,-3.40275664925575,0,0,0,0,1.0,0.03552844720472892,0.010344713351189139,-0.10378922350528857,0.2354612946510315,0.9548158645629883,0.35275664925575256,False,,,,,,,,,
1760060219.9750233,0,follower,auto,0.8374751210212708,0.9682942628860474,-1.7855018377304077,0.9,1.0,-3.0999999999999974,0.06252487897872927,0.03170573711395264,-1.3144981622695897,-20,5.09461952185171,6.184855845008819,0,,,,,,,,True,6.0,-30.0,0.0,optimal,0,6.0,-30.0,4.44435153609378,3.347108421255616
1760060220.0759118,1,follower,auto,0.23391783237457275,0.9496819376945496,0.3563328981399536,0.1,1.0,-3.0999999999999974,-0.13391783237457275,0.05031806230545044,-3.456332898139951,0.043798531021511024,0.9100436680931607,3.267359697610501,0,,,,,,,,True,-0.454235955425494,-0.6394318005818569,31.928657354402212,optimal,0,-13.0,-30.0,0.012392085449124512,-0.5211858573275013
1760060220.2414682,0,follower,auto,0.8374751210212708,0.9682942628860474,-1.7855018377304077,0.9,1.0,-3.0999999999999974,0.06252487897872927,0.03170573711395264,-1.3144981622695897,0,0,0,0,0.19265311489431308,0.05888017896752973,0.3100372500760462,-0.08518578396331633,0.8374751210212708,0.9682942628860474,-1.7855018377304077,False,,,,,,,,,
1760060220.3425362,1,leader,auto,0.23391783237457275,0.9496819376945496,0.3563328981399536,0.1,1.0,-3.0999999999999974,-0.13391783237457275,0.05031806230545044,-3.456332898139951,0,0,0,0,1.0,0.03202211678353173,0.004036488893339407,-0.09960548290723326,0.23391783237457275,0.9496819376945496,0.3563328981399536,False,,,,,,,,,
1760060220.3437767,0,follower,auto,0.8377417922019958,0.9694176316261292,-1.7847667932510376,0.9,1.0,-3.1499999999999972,0.06225820779800417,0.03058236837387085,-1.3652332067489596,-20,5.087575442896894,6.205035128126898,0,,,,,,,,True,6.0,-30.0,0.0,optimal,0,6.0,-30.0,4.4424939673358,3.463295233071856
1760060220.4444695,1,follower,auto,0.23021434247493744,0.9363915324211121,0.35956066846847534,0.1,1.0,-3.1499999999999972,-0.13021434247493743,0.06360846757888794,-3.5095606684684726,0.11012286392624242,0.92825815270599,4.263985712465752,0,,,,,,,,True,0.28362972750861815,0.6714857519823738,33.42446494667654,optimal,0,-13.0,-30.0,0.008539728760589504,-0.5443232068947989
1760060220.6110184,0,follower,auto,0.8377417922019958,0.9694176316261292,-1.7847667932510376,0.9,1.0,-3.1499999999999972,0.06225820779800417,0.03058236837387085,-1.3652332067489596,0,0,0,0,0.1630773410012878,0.06062813305696313,0.3131115745197257,-0.09161532773146375,0.8377417922019958,0.9694176316261292,-1.7847667932510376,False,,,,,,,,,
1760060220.7113936,1,leader,auto,0.23021434247493744,0.9363915324211121,0.35956066846847534,0.1,1.0,-3.1499999999999972,-0.13021434247493743,0.06360846757888794,-3.5095606684684726,0,0,0,0,1.0,0.028850805821436426,-0.004405977376281234,-0.09724499218608912,0.23021434247493744,0.9363915324211121,0.35956066846847534,False,,,,,,,,,
1760060220.712413,0,follower,auto,0.8371356725692749,0.9686782956123352,-1.7873903512954712,0.9,1.0,-3.199999999999997,0.06286432743072512,0.031321704387664795,-1.4126096487045259,-20,5.083117577375952,6.230842184403645,0,,,,,,,,True,6.0,-30.0,0.0,optimal,0,6.0,-30.0,4.45012320927529,3.522561502329989
1760060220.8131561,1,follower,auto,0.2244102656841278,0.9205252528190613,0.3614496886730194,0.1,1.0,-3.199999999999997,-0.1244102656841278,0.07947474718093872,-3.5614496886730165,2.157043053054139,2.948555326283742,5.2629491267016855,0,,,,,,,,True,2.049218686626311,2.0440727245273678,34.98861446927341,optimal,0,-12.0,-30.0,0.0002981636071968108,-0.5669198681185686
1760060220.9446368,0,follower,auto,0.8371356725692749,0.9686782956123352,-1.7873903512954712,0.9,1.0,-3.199999999999997,0.06286432743072512,0.031321704387664795,-1.4126096487045259,0,0,0,0,0.13804198890134495,0.061205229702996244,0.31246217529466636,-0.09568204571950645,0.8371356725692749,0.9686782956123352,-1.7873903512954712,False,,,,,,,,,
1760060221.0449975,1,leader,auto,0.2244102656841278,0.9205252528190613,0.3614496886730194,0.1,1.0,-3.199999999999997,-0.1244102656841278,0.07947474718093872,-3.5614496886730165,0,0,0,0,1.0,0.025947428733681915,-0.006827615926243924,-0.09701302849136717,0.2244102656841278,0.9205252528190613,0.3614496886730194,False,,,,,,,,,
1760060221.045693,0,follower,auto,0.8374746441841125,0.970615029335022,-1.791846513748169,0.9,1.0,-3.249999999999997,0.06252535581588747,0.029384970664978027,-1.458153486251828,-20,5.0730186813896845,5.251182793491813,0,,,,,,,,True,6.0,-30.0,0.0,optimal,0,6.0,-30.0,4.467047281503708,3.599311974312973
1760060221.146373,1,follower,auto,0.21999508142471313,0.9109337329864502,0.36161500215530396,0.1,1.0,-3.249999999999997,-0.11999508142471313,0.0890662670135498,-3.611615002155301,1.1552503744790927,3.953603282815447,6.264976165515522,0,,,,,,,,True,3.098187945931004,1.9689302262401753,34.939539252385785,optimal,0,-11.0,-30.0,-0.006842656655497659,-0.5636246725508491
1760060221.251098,0,follower,auto,0.8374746441841125,0.970615029335022,-1.791846513748169,0.9,1.0,-3.249999999999997,0.06252535581588747,0.029384970664978027,-1.458153486251828,0,0,0,0,0.11685002087254148,0.06356112474575104,0.3163905145134671,-0.09800456956900394,0.8374746441841125,0.970615029335022,-1.791846513748169,False,,,,,,,,,
1760060221.3515632,1,leader,auto,0.21999508142471313,0.9109337329864502,0.36161500215530396,0.1,1.0,-3.249999999999997,-0.11999508142471313,0.0890662670135498,-3.611615002155301,0,0,0,0,1.0,0.028728030867339716,-0.002300242254283713,-0.09817890263084639,0.21999508142471313,0.9109337329864502,0.36161500215530396,False,,,,,,,,,
1760060221.3526442,0,follower,auto,0.8375388979911804,0.9697269797325134,-1.7920814752578735,0.9,1.0,-3.2999999999999967,0.0624611020088196,0.030273020267486572,-1.5079185247421232,-20,5.069907598609506,6.236213349972287,0,,,,,,,,True,6.0,-30.0,0.0,optimal,0,6.0,-30.0,4.468074097200134,3.504951658994744
1760060221.453478,1,follower,auto,0.21780960261821747,0.9080158472061157,0.3605380952358246,0.1,1.0,-3.2999999999999967,-0.11780960261821746,0.09198415279388428,-3.6605380952358213,1.1245403480538718,2.9469881356496304,7.274144185132486,0,,,,,,,,True,2.8519812242601112,1.420489014004044,34.33838251456238,optimal,0,-11.0,-30.0,-0.01119973574915678,-0.5524226020880975
1760060221.627803,0,follower,auto,0.8375388979911804,0.9697269797325134,-1.7920814752578735,0.9,1.0,-3.2999999999999967,0.0624611020088196,0.030273020267486572,-1.5079185247421232,0,0,0,0,0.09891140722169316,0.06454575813462582,0.3145823003174638,-0.09315427724536218,0.8375388979911804,0.9697269797325134,-1.7920814752578735,False,,,,,,,,,
1760060221.7282546,1,leader,auto,0.21780960261821747,0.9080158472061157,0.3605380952358246,0.1,1.0,-3.2999999999999967,-0.11780960261821746,0.09198415279388428,-3.6605380952358213,0,0,0,0,1.0,0.03318765775103377,0.0033561559587708123,-0.09979536504027503,0.21780960261821747,0.9080158472061157,0.3605380952358246,False,,,,,,,,,
1760060221.7297187,0,follower,auto,0.8373679518699646,0.9696260094642639,-1.789332628250122,0.9,1.0,-3.3499999999999965,0.06263204813003542,0.030373990535736084,-1.5606673717498745,-20,5.067933605734938,6.211808916531241,0,,,,,,,,True,6.0,-30.0,0.0,optimal,0,6.0,-30.0,4.457737883583347,3.4336111152713973
1760060221.8307238,1,follower,auto,0.21561139822006226,0.9087661504745483,0.35811328887939453,0.1,1.0,-3.3499999999999965,-0.11561139822006225,0.09123384952545166,-3.708113288879391,1.097730609536439,2.9470855467241615,7.2899373732646415,0,,,,,,,,True,2.939557316178492,1.7476680879216993,34.6731262967715,optimal,0,-11.0,-30.0,-0.016532919421498482,-0.555942612157844
1760060221.9695466,0,follower,auto,0.8373679518699646,0.9696260094642639,-1.789332628250122,0.9,1.0,-3.3499999999999965,0.06263204813003542,0.030373990535736084,-1.5606673717498745,0,0,0,0,0.08372669859637678,0.06550772031687413,0.31649444163267504,-0.09081742544315685,0.8373679518699646,0.9696260094642639,-1.789332628250122,False,,,,,,,,,
1760060222.0704844,1,leader,auto,0.21561139822006226,0.9087661504745483,0.35811328887939453,0.1,1.0,-3.3499999999999965,-0.11561139822006225,0.09123384952545166,-3.708113288879391,0,0,0,0,1.0,0.03413066082996183,0.005698435301957794,-0.10242968675994168,0.21561139822006226,0.9087661504745483,0.35811328887939453,False,,,,,,,,,
1760060222.0757666,0,follower,auto,0.8368934392929077,0.9700026512145996,-1.7868986129760742,0.9,1.0,-3.3999999999999964,0.06310656070709231,0.02999734878540039,-1.6131013870239221,-20,5.069147086627613,5.198597406328391,0,,,,,,,,True,6.0,-30.0,0.0,optimal,0,6.0,-30.0,4.447669408938818,3.420701980187101
1760060222.1773636,1,follower,auto,0.2148825079202652,0.9110895991325378,0.35418689250946045,0.1,1.0,-3.3999999999999964,-0.11488250792026519,0.08891040086746216,-3.754186892509457,1.0805433400750963,2.940412951192904,6.308194481213096,0,,,,,,,,True,2.791915848253577,1.7312447556199047,34.598971610531486,optimal,0,-11.0,-30.0,-0.02051814346007097,-0.553358738194852
1760060222.3423648,0,follower,auto,0.8368934392929077,0.9700026512145996,-1.7868986129760742,0.9,1.0,-3.3999999999999964,0.06310656070709231,0.02999734878540039,-1.6131013870239221,0,0,0,0,0.07087312024725757,0.06634162424775558,0.31798238715329974,-0.0918950205668021,0.8368934392929077,0.9700026512145996,-1.7868986129760742,False,,,,,,,,,
1760060222.4427938,1,leader,auto,0.2148825079202652,0.9110895991325378,0.35418689250946045,0.1,1.0,-3.3999999999999964,-0.11488250792026519,0.08891040086746216,-3.754186892509457,0,0,0,0,1.0,0.036499220825246426,0.005831943963860775,-0.10507543294111388,0.2148825079202652,0.9110895991325378,0.35418689250946045,False,,,,,,,,,
1760060222.4442897,0,follower,auto,0.8357287645339966,0.9692004323005676,-1.7865574359893799,0.9,1.0,-3.449999999999996,0.06427123546600344,0.030799567699432373,-1.6634425640106163,-20,5.073094966705838,6.19724495857378,0,,,,,,,,True,6.0,-30.0,0.0,optimal,0,6.0,-30.0,4.443104557399263,3.4501274596504126
1760060222.5455883,1,follower,auto,0.21409828960895538,0.9146559238433838,0.34850066900253296,0.1,1.0,-3.449999999999996,-0.11409828960895538,0.08534407615661621,-3.798500669002529,2.064490327485824,2.937958395535245,6.327241803073646,0,,,,,,,,True,2.8840616184032317,2.433196896632829,35.28001456858218,optimal,0,-11.0,-30.0,-0.025791258560560415,-0.5623634678865332
1760060222.6802192,0,follower,auto,0.8357287645339966,0.9692004323005676,-1.7865574359893799,0.9,1.0,-3.449999999999996,0.06427123546600344,0.030799567699432373,-1.6634425640106163,0,0,0,0,0.05999280107527848,0.06674011169766358,0.3177245832597342,-0.09367275502647598,0.8357287645339966,0.9692004323005676,-1.7865574359893799,False,,,,,,,,,
1760060222.7806027,1,leader,auto,0.21409828960895538,0.9146559238433838,0.34850066900253296,0.1,1.0,-3.449999999999996,-0.11409828960895538,0.08534407615661621,-3.798500669002529,0,0,0,0,1.0,0.03719435251541181,0.005644360038810525,-0.10683892858285354,0.21409828960895538,0.9146559238433838,0.34850066900253296,False,,,,,,,,,
1760060222.7813168,0,follower,auto,0.8365203738212585,0.9697878956794739,-1.7888520956039429,0.9,1.0,-3.499999999999996,0.06347962617874148,0.030212104320526123,-1.7111479043960531,-20,5.061835740565121,6.2068110962194805,0,,,,,,,,True,6.0,-30.0,0.0,optimal,0,6.0,-30.0,4.453582604350187,3.5469664624984376
1760060222.8818862,1,follower,auto,0.21218590438365936,0.9196146130561829,0.34366536140441895,0.1,1.0,-3.499999999999996,-0.11218590438365936,0.08038538694381714,-3.843665361404415,3.049235498681195,3.946187527046947,6.330480794567991,0,,,,,,,,True,3.1539530758041305,3.450101379137827,36.32139410797256,optimal,0,-11.0,-30.0,-0.03224817609126751,-0.5765746363098762
1760060223.0570428,0,follower,auto,0.8365203738212585,0.9697878956794739,-1.7888520956039429,0.9,1.0,-3.499999999999996,0.06347962617874148,0.030212104320526123,-1.7111479043960531,0,0,0,0,0.05078280973522122,0.06976508400868264,0.3200507905570884,-0.09688547128471847,0.8365203738212585,0.9697878956794739,-1.7888520956039429,False,,,,,,,,,
1760060223.1575606,1,leader,auto,0.21218590438365936,0.9196146130561829,0.34366536140441895,0.1,1.0,-3.499999999999996,-0.11218590438365936,0.08038538694381714,-3.843665361404415,0,0,0,0,1.0,0.036772482846036125,0.00463357261094921,-0.10590491876214247,0.21218590438365936,0.9196146130561829,0.34366536140441895,False,,,,,,,,,
1760060223.159068,0,follower,auto,0.83674156665802,0.9711763262748718,-1.7915709018707275,0.9,1.0,-3.549999999999996,0.06325843334198,0.028823673725128174,-1.7584290981292683,-20,5.0575551322277965,5.2100808369959175,0,,,,,,,,True,6.0,-30.0,0.0,optimal,0,6.0,-30.0,4.4639526257928335,3.5497086176355954
1760060223.2603393,1,follower,auto,0.2093968391418457,0.9240092635154724,0.33926334977149963,0.1,1.0,-3.549999999999996,-0.1093968391418457,0.07599073648452759,-3.8892633497714955,3.0444857346339607,4.955636912157043,5.331014165419081,0,,,,,,,,True,4.125481850640501,3.6998392810905045,36.54050362384329,optimal,0,-10.0,-30.0,-0.03977713628901036,-0.5772384303027781
1760060223.3629568,0,follower,auto,0.83674156665802,0.9711763262748718,-1.7915709018707275,0.9,1.0,-3.549999999999996,0.06325843334198,0.028823673725128174,-1.7584290981292683,0,0,0,0,0.04298672037946193,0.07007059825822637,0.32164871034015474,-0.09770330075607658,0.83674156665802,0.9711763262748718,-1.7915709018707275,False,,,,,,,,,
1760060223.4634233,1,leader,auto,0.2093968391418457,0.9240092635154724,0.33926334977149963,0.1,1.0,-3.549999999999996,-0.1093968391418457,0.07599073648452759,-3.8892633497714955,0,0,0,0,1.0,0.037635641385803276,0.0007422840021015231,-0.10544780846578722,0.2093968391418457,0.9240092635154724,0.33926334977149963,False,,,,,,,,,
1760060223.4653647,0,follower,auto,0.8364627361297607,0.972723662853241,-1.7959377765655518,0.9,1.0,-3.5999999999999956,0.06353726387023928,0.027276337146759033,-1.804062223434444,-20,5.056712090408104,5.22136791044011,0,,,,,,,,True,6.0,-30.0,0.0,optimal,0,6.0,-30.0,4.478817689584616,3.606779574785851
1760060223.5666835,1,follower,auto,0.20710895955562592,0.9262441396713257,0.3366476893424988,0.1,1.0,-3.5999999999999956,-0.10710895955562591,0.07375586032867432,-3.9366476893424944,3.0524533470667476,4.95802570538816,5.320287237804454,0,,,,,,,,True,4.1112354945031875,3.831524643038996,36.65650047200198,optimal,0,-10.0,-30.0,-0.04524346066539153,-0.5770123466006892
1760060223.7249455,0,follower,auto,0.8364627361297607,0.972723662853241,-1.7959377765655518,0.9,1.0,-3.5999999999999956,0.06353726387023928,0.027276337146759033,-1.804062223434444,0,0,0,0,0.03638747321419744,0.07042389412993977,0.3225086937027166,-0.09869925197574747,0.8364627361297607,0.972723662853241,-1.7959377765655518,False,,,,,,,,,
1760060223.8254077,1,leader,auto,0.20710895955562592,0.9262441396713257,0.3366476893424988,0.1,1.0,-3.5999999999999956,-0.10710895955562591,0.07375586032867432,-3.9366476893424944,0,0,0,0,1.0,0.040834325470406,-0.004506513076094842,-0.10266560291934063,0.20710895955562592,0.9262441396713257,0.3366476893424988,False,,,,,,,,,
1760060223.8261945,0,follower,auto,0.8372126817703247,0.9741624593734741,-1.8000879287719727,0.9,1.0,-3.6499999999999955,0.06278731822967532,0.02583754062652588,-1.8499120712280228,-20,5.048882060329705,5.224434764663977,0,,,,,,,,True,6.0,-30.0,0.0,optimal,0,6.0,-30.0,4.4958968439520195,3.6203300002484604
1760060224.0269477,1,follower,auto,0.20508535206317902,0.9290345311164856,0.3334168791770935,0.1,1.0,-3.6499999999999955,-0.10508535206317901,0.0709654688835144,-3.983416879177089,3.0507924670039737,4.960888658187082,5.3190618217710615,0,,,,,,,,True,4.032429550900554,3.8834179996268148,36.674174761518785,optimal,0,-10.0,-30.0,-0.05067076057311459,-0.5752384627944077
1760060224.2365954,0,follower,auto,0.8372126817703247,0.9741624593734741,-1.8000879287719727,0.9,1.0,-3.6499999999999955,0.06278731822967532,0.02583754062652588,-1.8499120712280228,0,0,0,0,0.030801331090764873,0.07228394874137478,0.32304963202241765,-0.09778194227923942,0.8372126817703247,0.9741624593734741,-1.8000879287719727,False,,,,,,,,,
1760060224.3372366,1,leader,auto,0.20508535206317902,0.9290345311164856,0.3334168791770935,0.1,1.0,-3.6499999999999955,-0.10508535206317901,0.0709654688835144,-3.983416879177089,0,0,0,0,1.0,0.04360656374134267,-0.006733060349289222,-0.10244110371838905,0.20508535206317902,0.9290345311164856,0.3334168791770935,False,,,,,,,,,
1760060224.3396058,0,follower,auto,0.836597204208374,0.9762609004974365,-1.7933363914489746,0.9,1.0,-3.6999999999999953,0.063402795791626,0.023739099502563477,-1.9066636085510207,-20,5.054733784669813,5.1622574452998045,0,,,,,,,,True,6.0,-30.0,0.0,optimal,0,6.0,-30.0,4.469866940034546,3.399473418123686
1760060224.4411356,1,follower,auto,0.20528177917003632,0.9299521446228027,0.32890403270721436,0.1,1.0,-3.6999999999999953,-0.10528177917003631,0.07004785537719727,-4.02890403270721,2.060539329470966,3.949957442796615,5.341389029047607,0,,,,,,,,True,3.4646815269599287,2.966645640494086,35.610354862151596,optimal,0,-10.0,-30.0,-0.05334339340567262,-0.5575684879436518
1760060224.5700488,0,follower,auto,0.836597204208374,0.9762609004974365,-1.7933363914489746,0.9,1.0,-3.6999999999999953,0.063402795791626,0.023739099502563477,-1.9066636085510207,0,0,0,0,0.02607276387063755,0.07163037067470734,0.3243262987048019,-0.08623777097773,0.836597204208374,0.9762609004974365,-1.7933363914489746,False,,,,,,,,,
1760060224.671122,1,leader,auto,0.20528177917003632,0.9299521446228027,0.32890403270721436,0.1,1.0,-3.6999999999999953,-0.10528177917003631,0.07004785537719727,-4.02890403270721,0,0,0,0,1.0,0.04817109317435339,-0.011252647134178617,-0.10289573562153065,0.20528177917003632,0.9299521446228027,0.32890403270721436,False,,,,,,,,,
1760060224.6770892,0,follower,auto,0.8356210589408875,0.9752470254898071,-1.79025137424469,0.9,1.0,-3.749999999999995,0.06437894105911257,0.02475297451019287,-1.9597486257553052,-20,5.06043247108882,5.1525462157857955,0,,,,,,,,True,6.0,-30.0,0.0,optimal,0,6.0,-30.0,4.456007807859557,3.4054691795570107
1760060224.7796683,1,follower,auto,0.20616811513900757,0.930271565914154,0.3243047893047333,0.1,1.0,-3.749999999999995,-0.10616811513900756,0.06972843408584595,-4.074304789304728,3.063444478637509,3.941352096204873,4.354907476550853,0,,,,,,,,True,3.301378978499562,3.0650300997269397,35.640186562720444,optimal,0,-10.0,-30.0,-0.05491937376723244,-0.5574541301927303
1760060224.9574366,0,follower,auto,0.8356210589408875,0.9752470254898071,-1.79025137424469,0.9,1.0,-3.749999999999995,0.06437894105911257,0.02475297451019287,-1.9597486257553052,0,0,0,0,0.022070118133882953,0.07202661451335879,0.321754404650922,-0.08989228228307944,0.8356210589408875,0.9752470254898071,-1.79025137424469,False,,,,,,,,,
1760060225.0582047,1,leader,auto,0.20616811513900757,0.930271565914154,0.3243047893047333,0.1,1.0,-3.749999999999995,-0.10616811513900756,0.06972843408584595,-4.074304789304728,0,0,0,0,1.0,0.04992069388880277,-0.013236219850564668,-0.10214977744588832,0.20616811513900757,0.930271565914154,0.3243047893047333,False,,,,,,,,,
1760060225.0597293,0,follower,auto,0.8359434604644775,0.9759477376937866,-1.7861677408218384,0.9,1.0,-3.799999999999995,0.06405653953552248,0.02405226230621338,-2.0138322591781566,-20,5.0561919785297675,5.131624982873575,0,,,,,,,,True,6.0,-30.0,0.0,optimal,0,6.0,-30.0,4.442328820003288,3.402938084563511
1760060225.1605473,1,follower,auto,0.20671845972537994,0.9317923784255981,0.31687402725219727,0.1,1.0,-3.799999999999995,-0.10671845972537994,0.06820762157440186,-4.116874027252193,4.058640013136427,3.9406778579964983,4.384669065072094,0,,,,,,,,True,3.3735969174844787,4.04737081109684,36.57972872588969,optimal,0,-10.0,-30.0,-0.058796177591284415,-0.57067898494532
1760060225.2745097,0,follower,auto,0.8359434604644775,0.9759477376937866,-1.7861677408218384,0.9,1.0,-3.799999999999995,0.06405653953552248,0.02405226230621338,-2.0138322591781566,0,0,0,0,0.018681951666508864,0.07406399690472276,0.32416372758347567,-0.08865267534331345,0.8359434604644775,0.9759477376937866,-1.7861677408218384,False,,,,,,,,,
1760060225.3749604,1,leader,auto,0.20671845972537994,0.9317923784255981,0.31687402725219727,0.1,1.0,-3.799999999999995,-0.10671845972537994,0.06820762157440186,-4.116874027252193,0,0,0,0,1.0,0.0505308129690806,-0.014304099918075575,-0.10320721692574081,0.20671845972537994,0.9317923784255981,0.31687402725219727,False,,,,,,,,,
1760060225.3761108,0,follower,auto,0.8360916972160339,0.9774479269981384,-1.7947970628738403,0.9,1.0,-3.8499999999999948,0.06390830278396609,0.022552073001861572,-2.0552029371261544,-20,5.053742682986163,5.188782297408574,0,,,,,,,,True,6.0,-30.0,0.0,optimal,0,6.0,-30.0,4.473655859713393,3.704472267635379
1760060225.4766839,1,follower,auto,0.20566265285015106,0.9328318238258362,0.311483234167099,0.1,1.0,-3.8499999999999948,-0.10566265285015106,0.06716817617416382,-4.161483234167093,5.060280576347696,3.9491300624911414,4.374990400550948,0,,,,,,,,True,3.600481102253495,5.178136358381543,37.71570447256209,optimal,0,-10.0,-30.0,-0.06388588463526124,-0.5864045850139762
1760060225.588813,0,follower,auto,0.8360916972160339,0.9774479269981384,-1.7947970628738403,0.9,1.0,-3.8499999999999948,0.06390830278396609,0.022552073001861572,-2.0552029371261544,0,0,0,0,0.0158139306709895,0.07450218429693556,0.3255133810288394,-0.10117809528044175,0.8360916972160339,0.9774479269981384,-1.7947970628738403,False,,,,,,,,,
1760060225.689551,1,leader,auto,0.20566265285015106,0.9328318238258362,0.311483234167099,0.1,1.0,-3.8499999999999948,-0.10566265285015106,0.06716817617416382,-4.161483234167093,0,0,0,0,1.0,0.049833490587331,-0.017985861047333462,-0.09935948400783073,0.20566265285015106,0.9328318238258362,0.311483234167099,False,,,,,,,,,
1760060225.691207,0,follower,auto,0.8354579210281372,0.9757163524627686,-1.7987523078918457,0.9,1.0,-3.8499999999999948,0.06454207897186282,0.024283647537231445,-2.051247692108149,-20,5.0531371231534195,5.18461085195422,0,,,,,,,,True,6.0,-30.0,0.0,optimal,0,6.0,-30.0,4.486049308188663,3.5957112629977765
1760060225.7921085,1,follower,auto,0.20256417989730835,0.9325529932975769,0.3073745369911194,0.1,1.0,-3.8499999999999948,-0.10256417989730834,0.0674470067024231,-4.157374536991114,6.06392305344325,4.963400146880877,4.368389514648374,0,,,,,,,,True,4.037852153526597,6.653255052939663,39.249489156677164,optimal,0,-10.0,-30.0,-0.07141163115525595,-0.6071664219870495
1760060225.9952018,0,follower,auto,0.8354579210281372,0.9757163524627686,-1.7987523078918457,0.9,1.0,-3.8499999999999948,0.06454207897186282,0.024283647537231445,-2.051247692108149,0,0,0,0,0.013386203311679787,0.07430378298265239,0.3227508143273874,-0.09562211482702732,0.8354579210281372,0.9757163524627686,-1.7987523078918457,False,,,,,,,,,
1760060226.0955944,1,leader,auto,0.20256417989730835,0.9325529932975769,0.3073745369911194,0.1,1.0,-3.8499999999999948,-0.10256417989730834,0.0674470067024231,-4.157374536991114,0,0,0,0,1.0,0.04874994513696845,-0.023285265889338547,-0.09649080945879318,0.20256417989730835,0.9325529932975769,0.3073745369911194,False,,,,,,,,,
1760060226.0960553,0,follower,auto,0.8364188075065613,0.9765454530715942,-1.7941197156906128,0.9,1.0,-3.8499999999999948,0.06358119249343874,0.02345454692840576,-2.055880284309382,-20,5.040053562690559,5.134011363491654,0,,,,,,,,True,6.0,-30.0,0.0,optimal,0,6.0,-30.0,4.4721645447883365,3.4345894734554787
1760060226.1964815,1,follower,auto,0.19864945113658905,0.9323632717132568,0.3031083345413208,0.1,1.0,-3.8499999999999948,-0.09864945113658904,0.06763672828674316,-4.153108334541315,6.066823507100289,4.97731375590537,4.3803499095331,0,,,,,,,,True,4.936901338037208,6.721849371155557,39.27762009266881,optimal,0,-9.0,-30.0,-0.08028439173081192,-0.6039409643681949
1760060226.304242,0,follower,auto,0.8364188075065613,0.9765454530715942,-1.7941197156906128,0.9,1.0,-3.8499999999999948,0.06358119249343874,0.02345454692840576,-2.055880284309382,0,0,0,0,0.011331176469007153,0.07649335579316752,0.32594644061193967,-0.08648156157012155,0.8364188075065613,0.9765454530715942,-1.7941197156906128,False,,,,,,,,,
1760060226.4048972,1,leader,auto,0.19864945113658905,0.9323632717132568,0.3031083345413208,0.1,1.0,-3.8499999999999948,-0.09864945113658904,0.06763672828674316,-4.153108334541315,0,0,0,0,1.0,0.04997209276775463,-0.027862964045482275,-0.09522725567973289,0.19864945113658905,0.9323632717132568,0.3031083345413208,False,,,,,,,,,
1760060226.5068984,0,follower,auto,0.8365845680236816,0.9781273603439331,-1.798698902130127,0.9,1.0,-3.8499999999999948,0.06341543197631838,0.021872639656066895,-2.051301097869868,-20,5.040360799094958,5.16689446732558,0,,,,,,,,True,6.0,-30.0,0.0,optimal,0,6.0,-30.0,4.489092961607913,3.6287321634218466
1760060234.8216178,1,follower,auto,0.19794771075248718,0.9324130415916443,0.302108496427536,0.1,1.0,-3.8499999999999948,-0.09794771075248718,0.06758695840835571,-4.15210849642753,4.068527515158041,4.967100511925143,4.360845817705702,0,,,,,,,,True,4.146095111361598,4.722282304170697,37.12757338000277,optimal,0,-9.0,-30.0,-0.08200990729115865,-0.5702060286846258
1760060234.9906676,0,follower,auto,0.8365845680236816,0.9781273603439331,-1.798698902130127,0.9,1.0,-3.8499999999999948,0.06341543197631838,0.021872639656066895,-2.051301097869868,0,0,0,0,0.0102,0.07614868204696434,0.32714246083873655,-0.09563845788015302,0.8365845680236816,0.9781273603439331,-1.798698902130127,False,,,,,,,,,
1760060235.090956,1,leader,auto,0.19794771075248718,0.9324130415916443,0.302108496427536,0.1,1.0,-3.8499999999999948,-0.09794771075248718,0.06758695840835571,-4.15210849642753,0,0,0,0,1.0,0.05516406933421214,-0.03201851824714608,-0.09062760591246827,0.19794771075248718,0.9324130415916443,0.302108496427536,False,,,,,,,,,
1760060239.199661,0,follower,auto,0.746829628944397,0.04940972477197647,-2.0023844242095947,0.9,1.0,-3.8499999999999948,0.15317037105560305,0.9505902752280235,-1.8476155757904,0,0,0,0,0.01,-0.013300577673163616,-0.6027856296558831,-0.29417338051462316,0.746829628944397,0.04940972477197647,-2.0023844242095947,False,,,,,,,,,
1760060239.300506,1,leader,auto,0.3085201382637024,0.8938624262809753,0.573295533657074,0.1,1.0,-3.8499999999999948,-0.2085201382637024,0.10613757371902466,-4.423295533657068,0,0,0,0,1.0,0.16809549358140163,-0.0727663198565317,0.18263607996789688,0.3085201382637024,0.8938624262809753,0.573295533657074,False,,,,,,,,,
1760060239.4308507,0,follower,auto,0.746819794178009,0.04940057545900345,-2.002403736114502,0.9,1.0,-3.8499999999999948,0.153180205821991,0.9505994245409966,-1.8475962638854928,0,0,0,0,0.01,0.08228292209921784,0.3820899943824535,-0.07802366197651067,0.746819794178009,0.04940057545900345,-2.002403736114502,False,,,,,,,,,
1760060239.5312643,1,leader,auto,0.264283686876297,0.050943437963724136,0.60593181848526,0.1,1.0,-3.8499999999999948,-0.164283686876297,0.9490565620362759,-4.455931818485254,0,0,0,0,0.867,0.008167985579822068,-0.8768372411868801,-0.07123368304923461,0.264283686876297,0.050943437963724136,0.60593181848526,False,,,,,,,,,
1760060239.6640713,0,follower,auto,0.7468371987342834,0.049389589577913284,-2.0024023056030273,0.9,1.0,-3.8499999999999948,0.15316280126571657,0.9506104104220867,-1.8475976943969674,0,0,0,0,0.01,0.08241354689502212,0.37916275815138917,-0.0784883943088639,0.7468371987342834,0.049389589577913284,-2.0024023056030273,False,,,,,,,,,
1760060239.7644136,1,leader,auto,0.2642824351787567,0.050948791205883026,0.605958878993988,0.1,1.0,-3.8499999999999948,-0.1642824351787567,0.949051208794117,-4.455958878993982,0,0,0,0,1.0,0.05688020664682303,0.014628807328584702,-0.10392973220344415,0.2642824351787567,0.050948791205883026,0.605958878993988,False,,,,,,,,,
1760060239.888262,0,follower,auto,0.7468321323394775,0.049406420439481735,-2.0023655891418457,0.9,1.0,-3.8499999999999948,0.15316786766052248,0.9505935795605183,-1.847634410858149,0,0,0,0,0.01,0.08248662392933537,0.37644080940496444,-0.07891069916795046,0.7468321323394775,0.049406420439481735,-2.0023655891418457,False,,,,,,,,,
1760060239.9888089,1,leader,auto,0.2642943859100342,0.05095690116286278,0.6059557199478149,0.1,1.0,-3.8499999999999948,-0.16429438591003417,0.9490430988371372,-4.455955719947809,0,0,0,0,1.0,0.05844769718875653,0.009685308088532442,-0.10208501364384437,0.2642943859100342,0.05095690116286278,0.6059557199478149,False,,,,,,,,,
